node_id,is_fraud,ring_id,ring_type,is_vpn,is_datacenter,country_code,shared_user_count,abuse_score
0,1,0,1,1,0,356,6,90
1,1,1,1,1,1,356,11,56
2,1,2,1,1,0,840,20,59
3,1,2,1,1,1,156,20,92
4,1,3,1,1,1,840,11,89
5,1,3,1,1,0,356,11,67
6,1,4,1,1,0,840,20,61
7,1,4,1,1,1,356,20,75
8,1,5,1,0,1,156,8,55
9,1,5,1,1,0,840,8,55
10,1,5,1,1,0,840,8,59
11,1,6,1,1,0,156,3,96
12,1,7,1,1,1,156,13,73
13,1,7,1,1,0,840,13,78
14,1,7,1,0,0,156,13,84
15,1,8,1,1,1,156,3,94
16,1,8,1,0,1,156,3,82
17,1,9,1,0,0,356,15,63
18,1,10,1,0,0,356,10,75
19,1,10,1,1,0,356,10,93
20,1,10,1,0,0,356,10,93
21,1,11,1,1,1,356,8,66
22,1,12,1,1,1,156,5,70
23,1,12,1,1,1,156,5,92
24,1,12,1,1,0,840,5,89
25,1,13,1,1,0,840,15,86
26,1,13,1,0,1,840,15,72
27,1,14,1,0,0,840,7,75
28,1,14,1,1,0,840,7,97
29,1,15,1,0,1,156,8,61
30,1,16,1,1,1,356,3,53
31,1,16,1,1,1,356,3,80
32,1,16,1,1,0,156,3,54
33,1,17,1,1,1,840,15,73
34,1,17,1,1,0,156,15,50
35,1,17,1,1,0,356,15,90
36,1,18,1,1,1,840,13,73
37,1,18,1,1,0,356,13,74
38,1,19,1,1,1,356,9,78
39,1,20,1,1,1,356,12,79
40,1,21,1,1,0,840,10,66
41,1,22,1,1,1,840,7,66
42,1,23,1,1,1,356,18,79
43,1,23,1,1,0,840,18,61
44,1,23,1,0,1,156,18,79
45,1,24,1,1,0,840,4,56
46,1,24,1,1,0,156,4,77
47,1,25,1,1,1,356,15,63
48,1,25,1,0,0,156,15,77
49,1,26,1,0,0,840,7,88
50,1,26,1,0,0,156,7,59
51,1,27,1,1,0,356,6,73
52,1,27,1,1,1,156,6,52
53,1,28,1,1,0,356,20,76
54,1,29,1,0,1,840,16,75
55,1,29,1,1,1,356,16,93
56,1,29,1,0,0,356,16,50
57,1,30,2,1,0,840,0,45
58,1,31,2,0,1,156,0,51
59,1,32,2,1,0,156,0,66
60,1,33,2,0,0,156,0,77
61,1,34,2,1,0,840,0,63
62,1,34,2,0,0,840,0,68
63,1,35,2,0,1,156,0,45
64,1,36,2,1,1,840,0,65
65,1,36,2,1,0,156,0,50
66,1,37,2,1,0,156,0,43
67,1,38,2,1,1,156,0,88
68,1,39,2,0,1,156,0,70
69,1,40,2,0,0,840,0,45
70,1,40,2,1,0,840,0,75
71,1,41,2,1,0,156,0,45
72,1,42,2,0,0,156,0,70
73,1,43,2,1,0,156,0,72
74,1,43,2,1,1,156,0,62
75,1,44,2,0,1,156,0,63
76,1,44,2,1,0,156,0,86
77,1,45,2,0,1,840,0,69
78,1,45,2,1,0,156,0,70
79,1,46,2,1,0,156,0,68
80,1,47,2,1,1,156,0,68
81,1,48,2,0,0,840,0,89
82,1,48,2,0,0,840,0,62
83,1,49,2,0,1,840,0,58
84,1,49,2,1,0,156,0,50
85,1,50,2,0,0,156,0,74
86,1,51,2,1,0,840,0,42
87,1,52,2,0,1,156,0,71
88,1,52,2,0,0,156,0,71
89,1,53,2,1,1,840,0,41
90,1,53,2,0,0,156,0,44
91,1,54,2,0,1,156,0,52
92,1,54,2,0,0,156,0,62
93,1,55,3,1,1,642,0,94
94,1,55,3,1,1,804,0,81
95,1,55,3,1,1,356,0,86
96,1,55,3,0,0,642,0,95
97,1,55,3,1,0,642,0,95
98,1,56,3,1,1,804,0,61
99,1,56,3,0,1,804,0,97
100,1,56,3,1,1,788,0,83
101,1,56,3,0,0,642,0,78
102,1,56,3,1,0,156,0,96
103,1,56,3,1,1,788,0,87
104,1,56,3,0,1,642,0,61
105,1,57,3,1,0,788,0,82
106,1,57,3,0,0,156,0,98
107,1,57,3,1,1,788,0,89
108,1,57,3,1,1,788,0,87
109,1,57,3,1,0,356,0,87
110,1,57,3,1,1,788,0,72
111,1,57,3,1,1,642,0,74
112,1,57,3,1,0,804,0,84
113,1,58,3,1,0,156,0,72
114,1,58,3,0,1,642,0,94
115,1,58,3,1,0,642,0,94
116,1,58,3,0,0,156,0,91
117,1,58,3,1,1,642,0,91
118,1,58,3,0,0,156,0,80
119,1,58,3,1,1,156,0,95
120,1,59,3,1,1,356,0,61
121,1,59,3,1,0,356,0,71
122,1,60,3,1,1,642,0,87
123,1,60,3,1,1,356,0,79
124,1,60,3,1,0,156,0,76
125,1,60,3,0,1,788,0,76
126,1,60,3,1,1,788,0,95
127,1,60,3,1,1,642,0,81
128,1,60,3,0,1,642,0,92
129,1,60,3,1,1,156,0,88
130,1,60,3,1,1,788,0,82
131,1,61,3,1,1,788,0,60
132,1,61,3,0,1,156,0,74
133,1,62,3,1,1,156,0,73
134,1,62,3,0,0,156,0,95
135,1,62,3,0,1,356,0,79
136,1,63,3,1,0,356,0,68
137,1,63,3,0,0,156,0,89
138,1,63,3,0,1,642,0,81
139,1,63,3,1,0,804,0,69
140,1,63,3,1,0,156,0,78
141,1,63,3,1,1,804,0,83
142,1,64,3,0,1,804,0,91
143,1,64,3,1,1,156,0,83
144,1,64,3,1,1,642,0,92
145,1,64,3,0,0,804,0,97
146,1,65,3,0,0,642,0,79
147,1,65,3,1,1,804,0,77
148,1,66,3,1,0,356,0,74
149,1,66,3,1,1,356,0,75
150,1,67,3,1,0,804,0,99
151,1,67,3,1,1,804,0,79
152,1,67,3,1,0,788,0,80
153,1,67,3,1,0,356,0,74
154,1,68,3,1,0,642,0,81
155,1,68,3,1,1,804,0,97
156,1,69,3,1,1,156,0,61
157,1,69,3,1,1,788,0,71
158,1,69,3,1,0,356,0,64
159,1,70,3,1,0,356,0,82
160,1,70,3,1,0,788,0,98
161,1,70,3,1,1,642,0,60
162,1,70,3,1,1,642,0,92
163,1,70,3,1,0,788,0,65
164,1,70,3,1,0,156,0,73
165,1,70,3,1,1,356,0,97
166,1,70,3,1,1,804,0,87
167,1,71,3,0,0,804,0,60
168,1,71,3,1,0,642,0,60
169,1,71,3,1,1,156,0,71
170,1,71,3,0,0,788,0,87
171,1,71,3,1,1,356,0,61
172,1,71,3,1,0,156,0,80
173,1,72,3,1,0,642,0,84
174,1,72,3,1,1,356,0,96
175,1,72,3,0,0,804,0,97
176,1,72,3,1,1,642,0,86
177,1,72,3,1,1,788,0,70
178,1,72,3,1,1,156,0,90
179,1,72,3,0,1,356,0,92
180,1,73,3,1,1,356,0,89
181,1,73,3,1,1,788,0,80
182,1,73,3,1,0,788,0,76
183,1,73,3,1,1,156,0,97
184,1,73,3,1,1,356,0,62
185,1,74,3,1,0,156,0,96
186,1,74,3,1,1,788,0,80
187,1,74,3,1,1,642,0,66
188,1,74,3,1,0,356,0,87
189,1,74,3,1,0,804,0,77
190,1,74,3,1,1,642,0,68
191,1,74,3,1,0,788,0,85
192,1,74,3,1,1,804,0,61
193,1,75,3,1,0,804,0,77
194,1,75,3,0,1,804,0,76
195,1,75,3,1,0,642,0,70
196,1,75,3,1,0,642,0,67
197,1,75,3,1,1,788,0,77
198,1,76,3,1,1,804,0,71
199,1,76,3,0,0,642,0,96
200,1,76,3,1,1,356,0,82
201,1,76,3,1,1,356,0,70
202,1,77,3,1,1,804,0,73
203,1,77,3,0,1,788,0,77
204,1,77,3,1,1,642,0,71
205,1,77,3,1,1,356,0,76
206,1,77,3,1,1,788,0,74
207,1,78,3,1,1,356,0,93
208,1,78,3,1,1,642,0,83
209,1,78,3,1,1,804,0,63
210,1,78,3,1,0,356,0,75
211,1,78,3,0,1,642,0,84
212,1,78,3,1,0,356,0,82
213,1,78,3,1,1,804,0,79
214,1,79,3,1,0,804,0,71
215,1,79,3,1,1,804,0,98
216,1,79,3,1,0,156,0,71
217,1,79,3,1,1,804,0,78
218,1,79,3,1,0,804,0,72
219,1,79,3,1,1,356,0,64
220,1,79,3,1,1,356,0,74
221,1,79,3,1,1,156,0,97
222,1,79,3,1,1,788,0,93
223,0,-1,0,0,0,156,1,1
224,0,-1,0,1,0,250,1,4
225,0,-1,0,0,0,250,1,17
226,0,-1,0,0,0,156,1,6
227,0,-1,0,0,0,276,1,0
228,0,-1,0,0,0,826,1,7
229,0,-1,0,0,0,250,1,10
230,0,-1,0,0,0,840,1,6
231,0,-1,0,0,0,250,1,6
232,0,-1,0,0,0,276,1,16
233,0,-1,0,0,0,156,1,17
234,0,-1,0,0,1,250,1,10
235,0,-1,0,0,0,276,1,16
236,0,-1,0,0,0,840,1,19
237,0,-1,0,0,0,840,1,8
238,0,-1,0,0,0,276,1,19
239,0,-1,0,0,0,250,1,1
240,0,-1,0,0,0,156,1,14
241,0,-1,0,0,0,840,1,14
242,0,-1,0,0,0,156,1,17
243,0,-1,0,0,0,840,1,14
244,0,-1,0,0,0,250,1,11
245,0,-1,0,0,0,276,1,15
246,0,-1,0,1,0,276,1,5
247,0,-1,0,0,0,840,1,15
248,0,-1,0,0,0,840,1,2
249,0,-1,0,0,0,156,1,15
250,0,-1,0,0,0,276,1,12
251,0,-1,0,0,0,826,1,11
252,0,-1,0,0,0,156,1,11
253,0,-1,0,0,0,156,1,19
254,0,-1,0,1,0,276,1,5
255,0,-1,0,0,0,840,1,17
256,0,-1,0,0,0,156,1,12
257,0,-1,0,0,0,276,1,10
258,0,-1,0,0,0,840,1,15
259,0,-1,0,0,0,156,1,4
260,0,-1,0,0,0,826,1,5
261,0,-1,0,0,0,250,1,13
262,0,-1,0,0,0,840,1,12
263,0,-1,0,1,0,840,1,19
264,0,-1,0,0,0,840,1,11
265,0,-1,0,0,0,840,1,2
266,0,-1,0,0,0,276,1,2
267,0,-1,0,0,0,250,1,19
268,0,-1,0,0,0,156,1,14
269,0,-1,0,0,0,276,1,18
270,0,-1,0,0,0,156,1,12
271,0,-1,0,0,0,840,1,5
272,0,-1,0,0,0,250,1,9
273,0,-1,0,0,0,276,1,16
274,0,-1,0,0,0,826,1,1
275,0,-1,0,0,0,826,1,11
276,0,-1,0,0,0,250,1,7
277,0,-1,0,0,0,156,1,1
278,0,-1,0,0,0,840,1,4
279,0,-1,0,0,0,826,1,16
280,0,-1,0,0,0,156,1,9
281,0,-1,0,0,0,156,1,9
282,0,-1,0,1,0,156,1,13
283,0,-1,0,0,0,840,1,11
284,0,-1,0,0,0,840,1,12
285,0,-1,0,0,0,250,1,18
286,0,-1,0,0,0,840,1,11
287,0,-1,0,0,0,250,1,8
288,0,-1,0,1,0,840,1,15
289,0,-1,0,0,0,840,1,18
290,0,-1,0,0,0,826,1,15
291,0,-1,0,0,0,276,1,10
292,0,-1,0,0,0,840,1,17
293,0,-1,0,0,0,826,1,8
294,0,-1,0,0,0,840,1,16
295,0,-1,0,0,0,840,1,11
296,0,-1,0,0,0,250,1,0
297,0,-1,0,0,0,156,1,19
298,0,-1,0,0,0,156,1,16
299,0,-1,0,1,0,826,1,13
300,0,-1,0,0,0,250,1,0
301,0,-1,0,0,0,840,1,13
302,0,-1,0,0,0,276,1,17
303,0,-1,0,0,0,826,1,12
304,0,-1,0,0,0,250,1,10
305,0,-1,0,0,0,276,1,16
306,0,-1,0,0,0,826,1,19
307,0,-1,0,0,0,276,1,1
308,0,-1,0,0,0,840,1,16
309,0,-1,0,0,0,826,1,1
310,0,-1,0,0,0,250,1,5
311,0,-1,0,0,0,840,1,19
312,0,-1,0,0,0,840,1,10
313,0,-1,0,1,0,826,1,17
314,0,-1,0,0,0,156,1,18
315,0,-1,0,0,0,826,1,9
316,0,-1,0,0,0,840,1,9
317,0,-1,0,0,0,276,1,12
318,0,-1,0,0,0,826,1,2
319,0,-1,0,0,0,276,1,1
320,0,-1,0,0,1,250,1,7
321,0,-1,0,0,0,840,1,18
322,0,-1,0,1,0,276,1,13
323,0,-1,0,0,0,826,1,5
324,0,-1,0,0,0,826,1,19
325,0,-1,0,0,0,840,1,17
326,0,-1,0,0,1,826,1,7
327,0,-1,0,0,0,250,1,19
328,0,-1,0,0,0,276,1,5
329,0,-1,0,0,0,156,1,10
330,0,-1,0,0,0,276,1,2
331,0,-1,0,0,0,826,1,14
332,0,-1,0,0,0,250,1,8
333,0,-1,0,0,0,250,1,19
334,0,-1,0,0,0,840,1,0
335,0,-1,0,0,0,156,1,16
336,0,-1,0,0,0,826,1,15
337,0,-1,0,0,0,840,1,14
338,0,-1,0,0,0,840,1,2
339,0,-1,0,0,0,156,1,19
340,0,-1,0,0,0,826,1,19
341,0,-1,0,0,0,826,1,14
342,0,-1,0,0,0,250,1,12
343,0,-1,0,0,0,250,1,0
344,0,-1,0,0,0,826,1,5
345,0,-1,0,0,0,276,1,7
346,0,-1,0,0,0,826,1,0
347,0,-1,0,1,0,156,1,19
348,0,-1,0,0,0,156,1,12
349,0,-1,0,0,0,250,1,5
350,0,-1,0,0,0,840,1,19
351,0,-1,0,1,0,156,1,13
352,0,-1,0,0,0,840,1,14
353,0,-1,0,0,0,156,1,11
354,0,-1,0,0,0,840,1,3
355,0,-1,0,0,0,840,1,13
356,0,-1,0,0,0,276,1,17
357,0,-1,0,0,0,156,1,5
358,0,-1,0,0,0,250,1,8
359,0,-1,0,0,0,156,1,3
360,0,-1,0,0,0,826,1,13
361,0,-1,0,0,0,840,1,7
362,0,-1,0,0,0,840,1,14
363,0,-1,0,0,0,250,1,12
364,0,-1,0,0,0,156,1,15
365,0,-1,0,0,1,250,1,13
366,0,-1,0,0,0,276,1,12
367,0,-1,0,0,0,840,1,14
368,0,-1,0,1,0,826,1,6
369,0,-1,0,0,0,250,1,7
370,0,-1,0,0,0,156,1,4
371,0,-1,0,0,0,250,1,10
372,0,-1,0,0,0,826,1,10
373,0,-1,0,0,0,156,1,16
374,0,-1,0,0,0,840,1,15
375,0,-1,0,0,0,250,1,4
376,0,-1,0,0,0,156,1,14
377,0,-1,0,1,0,250,1,10
378,0,-1,0,0,0,250,1,19
379,0,-1,0,0,0,840,1,18
380,0,-1,0,0,0,250,1,15
381,0,-1,0,0,0,156,1,16
382,0,-1,0,0,1,840,1,5
383,0,-1,0,0,0,276,1,10
384,0,-1,0,0,0,250,1,19
385,0,-1,0,0,0,840,1,6
386,0,-1,0,0,0,840,1,11
387,0,-1,0,0,0,840,1,16
388,0,-1,0,1,0,156,1,3
389,0,-1,0,0,0,276,1,19
390,0,-1,0,0,0,826,1,18
391,0,-1,0,0,0,840,1,7
392,0,-1,0,0,0,156,1,19
393,0,-1,0,0,0,826,1,14
394,0,-1,0,0,0,276,1,15
395,0,-1,0,0,0,156,1,10
396,0,-1,0,1,0,250,1,2
397,0,-1,0,0,0,156,1,19
398,0,-1,0,0,0,250,1,12
399,0,-1,0,1,0,156,1,7
400,0,-1,0,0,1,156,1,5
401,0,-1,0,0,0,276,1,6
402,0,-1,0,0,0,250,1,11
403,0,-1,0,0,0,276,1,7
404,0,-1,0,0,0,250,1,2
405,0,-1,0,0,0,840,1,16
406,0,-1,0,0,0,840,1,5
407,0,-1,0,1,0,156,1,8
408,0,-1,0,0,0,276,1,10
409,0,-1,0,0,0,840,1,19
410,0,-1,0,0,0,826,1,17
411,0,-1,0,0,0,276,1,4
412,0,-1,0,0,0,840,1,15
413,0,-1,0,0,0,156,1,1
414,0,-1,0,1,0,156,1,7
415,0,-1,0,0,0,826,1,7
416,0,-1,0,0,0,826,1,2
417,0,-1,0,0,0,276,1,9
418,0,-1,0,1,0,276,1,17
419,0,-1,0,1,1,276,1,17
420,0,-1,0,0,0,276,1,19
421,0,-1,0,1,1,276,1,13
422,0,-1,0,0,0,840,1,9
423,0,-1,0,0,1,276,1,18
424,0,-1,0,0,0,250,1,11
425,0,-1,0,0,0,156,1,13
426,0,-1,0,0,0,250,1,14
427,0,-1,0,0,0,250,1,6
428,0,-1,0,0,0,276,1,9
429,0,-1,0,0,0,840,1,3
430,0,-1,0,0,0,840,1,4
431,0,-1,0,0,0,826,1,13
432,0,-1,0,1,0,826,1,13
433,0,-1,0,0,0,156,1,9
434,0,-1,0,0,0,826,1,12
435,0,-1,0,1,0,840,1,1
436,0,-1,0,0,0,826,1,2
437,0,-1,0,0,0,276,1,19
438,0,-1,0,0,0,276,1,10
439,0,-1,0,0,0,276,1,19
440,0,-1,0,0,0,826,1,17
441,0,-1,0,0,0,156,1,17
442,0,-1,0,0,1,250,1,2
443,0,-1,0,0,0,826,1,12
444,0,-1,0,0,0,826,1,15
445,0,-1,0,1,0,826,1,16
446,0,-1,0,0,0,826,1,4
447,0,-1,0,0,0,156,1,5
448,0,-1,0,0,0,276,1,6
449,0,-1,0,0,0,840,1,13
450,0,-1,0,0,0,826,1,9
451,0,-1,0,0,0,826,1,17
452,0,-1,0,0,0,250,1,5
453,0,-1,0,0,0,250,1,9
454,0,-1,0,0,0,156,1,1
455,0,-1,0,0,0,840,1,19
456,0,-1,0,0,0,250,1,14
457,0,-1,0,0,0,276,1,16
458,0,-1,0,0,0,276,1,17
459,0,-1,0,1,0,250,1,6
460,0,-1,0,0,0,250,1,4
461,0,-1,0,0,0,826,1,10
462,0,-1,0,1,0,250,1,8
463,0,-1,0,0,0,840,1,7
464,0,-1,0,0,0,250,1,5
465,0,-1,0,0,0,276,1,3
466,0,-1,0,0,0,840,1,8
467,0,-1,0,0,1,276,1,19
468,0,-1,0,0,0,840,1,11
469,0,-1,0,0,0,840,1,12
470,0,-1,0,0,0,156,1,3
471,0,-1,0,0,0,276,1,13
472,0,-1,0,1,0,826,1,17
473,0,-1,0,0,0,826,1,1
474,0,-1,0,0,0,826,1,4
475,0,-1,0,0,0,276,1,19
476,0,-1,0,0,0,276,1,10
477,0,-1,0,0,0,276,1,6
478,0,-1,0,0,0,276,1,11
479,0,-1,0,0,0,276,1,2
480,0,-1,0,0,0,826,1,12
481,0,-1,0,1,0,156,1,3
482,0,-1,0,0,0,826,1,10
483,0,-1,0,0,0,250,1,15
484,0,-1,0,0,0,840,1,5
485,0,-1,0,0,0,276,1,18
486,0,-1,0,1,0,276,1,9
487,0,-1,0,0,0,276,1,7
488,0,-1,0,0,0,840,1,6
489,0,-1,0,0,0,826,1,1
490,0,-1,0,0,1,250,1,13
491,0,-1,0,0,0,840,1,11
492,0,-1,0,0,0,156,1,14
493,0,-1,0,0,0,840,1,0
494,0,-1,0,0,0,156,1,5
495,0,-1,0,0,0,840,1,12
496,0,-1,0,0,0,276,1,10
497,0,-1,0,0,0,840,1,8
498,0,-1,0,0,0,826,1,6
499,0,-1,0,0,0,276,1,11
500,0,-1,0,0,0,840,1,7
501,0,-1,0,0,0,826,1,10
502,0,-1,0,0,0,840,1,18
503,0,-1,0,0,0,276,1,13
504,0,-1,0,0,0,840,1,0
505,0,-1,0,0,0,840,1,12
506,0,-1,0,1,0,250,1,16
507,0,-1,0,0,0,840,1,11
508,0,-1,0,0,0,276,1,16
509,0,-1,0,0,0,250,1,17
510,0,-1,0,0,0,840,1,18
511,0,-1,0,0,0,250,1,17
512,0,-1,0,1,0,250,1,1
513,0,-1,0,0,0,276,1,18
514,0,-1,0,0,0,826,1,18
515,0,-1,0,0,0,156,1,4
516,0,-1,0,0,0,840,1,15
517,0,-1,0,0,1,276,1,18
518,0,-1,0,0,0,826,1,19
519,0,-1,0,0,0,826,1,13
520,0,-1,0,0,0,840,1,6
521,0,-1,0,0,0,826,1,12
522,0,-1,0,0,0,156,1,18
523,0,-1,0,1,0,156,1,8
524,0,-1,0,0,0,156,1,10
525,0,-1,0,0,0,826,1,16
526,0,-1,0,0,0,250,1,17
527,0,-1,0,0,0,840,1,5
528,0,-1,0,0,0,840,1,12
529,0,-1,0,1,0,156,1,14
530,0,-1,0,0,0,840,1,18
531,0,-1,0,0,1,250,1,4
532,0,-1,0,0,0,840,1,12
533,0,-1,0,0,0,156,1,0
534,0,-1,0,0,0,840,1,5
535,0,-1,0,0,0,276,1,10
536,0,-1,0,0,0,156,1,14
537,0,-1,0,0,0,276,1,4
538,0,-1,0,0,0,840,1,1
539,0,-1,0,0,0,250,1,16
540,0,-1,0,0,0,276,1,7
541,0,-1,0,0,0,276,1,9
542,0,-1,0,0,0,250,1,11
543,0,-1,0,0,0,250,1,18
544,0,-1,0,0,0,156,1,9
545,0,-1,0,0,0,250,1,6
546,0,-1,0,1,0,840,1,14
547,0,-1,0,0,0,276,1,9
548,0,-1,0,0,0,250,1,14
549,0,-1,0,0,0,840,1,17
550,0,-1,0,0,0,826,1,15
551,0,-1,0,0,0,840,1,18
552,0,-1,0,0,0,156,1,13
553,0,-1,0,0,0,276,1,1
554,0,-1,0,0,0,276,1,10
555,0,-1,0,0,0,156,1,5
556,0,-1,0,0,0,276,1,18
557,0,-1,0,0,0,276,1,8
558,0,-1,0,0,0,156,1,14
559,0,-1,0,0,0,156,1,4
560,0,-1,0,0,0,156,1,7
561,0,-1,0,0,0,840,1,18
562,0,-1,0,0,0,156,1,7
563,0,-1,0,0,0,826,1,4
564,0,-1,0,0,0,840,1,17
565,0,-1,0,0,0,840,1,13
566,0,-1,0,0,0,250,1,2
567,0,-1,0,0,0,840,1,8
568,0,-1,0,0,0,826,1,5
569,0,-1,0,0,0,156,1,6
570,0,-1,0,0,0,826,1,14
571,0,-1,0,0,0,826,1,1
572,0,-1,0,1,0,276,1,10
573,0,-1,0,1,0,276,1,2
574,0,-1,0,0,0,840,1,14
575,0,-1,0,0,0,826,1,11
576,0,-1,0,0,0,250,1,1
577,0,-1,0,0,0,826,1,7
578,0,-1,0,0,0,840,1,9
579,0,-1,0,1,0,276,1,2
580,0,-1,0,0,0,276,1,2
581,0,-1,0,0,0,156,1,14
582,0,-1,0,0,0,250,1,11
583,0,-1,0,0,1,826,1,0
584,0,-1,0,1,0,156,1,0
585,0,-1,0,0,0,156,1,9
586,0,-1,0,0,1,826,1,1
587,0,-1,0,0,0,250,1,3
588,0,-1,0,0,0,840,1,19
589,0,-1,0,0,0,276,1,11
590,0,-1,0,0,0,276,1,6
591,0,-1,0,0,0,250,1,14
592,0,-1,0,0,1,840,1,17
593,0,-1,0,0,0,156,1,15
594,0,-1,0,1,0,276,1,19
595,0,-1,0,0,0,840,1,19
596,0,-1,0,1,1,840,1,15
597,0,-1,0,0,0,840,1,15
598,0,-1,0,0,0,156,1,13
599,0,-1,0,0,0,156,1,4
600,0,-1,0,0,0,250,1,8
601,0,-1,0,0,0,156,1,3
602,0,-1,0,0,0,826,1,15
603,0,-1,0,0,0,250,1,1
604,0,-1,0,0,0,826,1,2
605,0,-1,0,0,0,826,1,18
606,0,-1,0,1,0,826,1,3
607,0,-1,0,0,0,250,1,11
608,0,-1,0,0,0,826,1,1
609,0,-1,0,0,0,826,1,17
610,0,-1,0,0,0,156,1,3
611,0,-1,0,1,0,276,1,6
612,0,-1,0,0,0,156,1,12
613,0,-1,0,0,0,840,1,19
614,0,-1,0,0,0,156,1,3
615,0,-1,0,0,0,250,1,14
616,0,-1,0,0,0,826,1,0
617,0,-1,0,0,0,250,1,19
618,0,-1,0,0,0,276,1,7
619,0,-1,0,0,0,250,1,4
620,0,-1,0,0,0,826,1,6
621,0,-1,0,0,0,276,1,5
622,0,-1,0,0,0,826,1,6
623,0,-1,0,0,0,826,1,18
624,0,-1,0,0,0,276,1,10
625,0,-1,0,0,0,840,1,5
626,0,-1,0,0,0,276,1,9
627,0,-1,0,0,0,276,1,10
628,0,-1,0,0,0,156,1,10
629,0,-1,0,0,0,250,1,7
630,0,-1,0,0,0,250,1,15
631,0,-1,0,0,0,276,1,6
632,0,-1,0,0,1,840,1,8
633,0,-1,0,1,0,156,1,4
634,0,-1,0,0,0,276,1,6
635,0,-1,0,0,0,276,1,5
636,0,-1,0,1,1,826,1,10
637,0,-1,0,0,0,840,1,9
638,0,-1,0,1,0,840,1,2
639,0,-1,0,0,0,826,1,5
640,0,-1,0,0,0,156,1,7
641,0,-1,0,0,0,250,1,4
642,0,-1,0,0,0,840,1,11
643,0,-1,0,0,1,826,1,7
644,0,-1,0,0,0,840,1,4
645,0,-1,0,1,0,250,1,9
646,0,-1,0,0,0,276,1,10
647,0,-1,0,0,0,250,1,8
648,0,-1,0,0,0,840,1,8
649,0,-1,0,0,0,840,1,14
650,0,-1,0,0,0,250,1,10
651,0,-1,0,0,0,250,1,5
652,0,-1,0,0,0,826,1,15
653,0,-1,0,0,0,276,1,14
654,0,-1,0,0,0,276,1,10
655,0,-1,0,0,0,840,1,8
656,0,-1,0,0,0,276,1,10
657,0,-1,0,0,0,276,1,16
658,0,-1,0,0,0,250,1,0
659,0,-1,0,0,0,840,1,11
660,0,-1,0,0,0,156,1,7
661,0,-1,0,0,0,156,1,9
662,0,-1,0,0,0,156,1,17
663,0,-1,0,0,0,156,1,19
664,0,-1,0,0,0,826,1,3
665,0,-1,0,0,0,276,1,6
666,0,-1,0,0,0,840,1,10
667,0,-1,0,0,0,826,1,3
668,0,-1,0,0,0,250,1,2
669,0,-1,0,0,0,826,1,3
670,0,-1,0,0,0,826,1,2
671,0,-1,0,0,0,276,1,19
672,0,-1,0,0,0,826,1,4
673,0,-1,0,0,1,250,1,18
674,0,-1,0,0,0,826,1,2
675,0,-1,0,0,0,840,1,3
676,0,-1,0,0,0,250,1,15
677,0,-1,0,1,0,840,1,0
678,0,-1,0,1,0,826,1,5
679,0,-1,0,0,0,156,1,3
680,0,-1,0,0,1,156,1,5
681,0,-1,0,0,0,826,1,6
682,0,-1,0,1,0,840,1,0
683,0,-1,0,0,0,840,1,14
684,0,-1,0,1,1,840,1,15
685,0,-1,0,1,0,156,1,18
686,0,-1,0,0,0,250,1,8
687,0,-1,0,0,0,276,1,6
688,0,-1,0,0,0,826,1,2
689,0,-1,0,0,0,276,1,6
690,0,-1,0,0,0,826,1,8
691,0,-1,0,0,0,826,1,3
692,0,-1,0,0,0,156,1,13
693,0,-1,0,0,0,826,1,14
694,0,-1,0,0,0,156,1,7
695,0,-1,0,0,0,840,1,18
696,0,-1,0,0,0,156,1,10
697,0,-1,0,0,0,250,1,14
698,0,-1,0,0,0,276,1,3
699,0,-1,0,0,1,250,1,19
700,0,-1,0,1,0,826,1,3
701,0,-1,0,0,0,826,1,16
702,0,-1,0,0,0,156,1,15
703,0,-1,0,0,0,276,1,9
704,0,-1,0,1,0,826,1,9
705,0,-1,0,0,0,826,1,18
706,0,-1,0,0,0,826,1,12
707,0,-1,0,0,0,840,1,18
708,0,-1,0,0,0,156,1,7
709,0,-1,0,0,0,826,1,8
710,0,-1,0,0,0,276,1,15
711,0,-1,0,1,1,840,1,18
712,0,-1,0,0,0,156,1,17
713,0,-1,0,0,0,840,1,3
714,0,-1,0,0,0,840,1,10
715,0,-1,0,0,0,840,1,17
716,0,-1,0,0,0,840,1,13
717,0,-1,0,0,0,250,1,1
718,0,-1,0,0,0,250,1,0
719,0,-1,0,0,0,156,1,7
720,0,-1,0,0,0,156,1,7
721,0,-1,0,0,0,276,1,0
722,0,-1,0,0,0,276,1,1
723,0,-1,0,1,0,276,1,4
724,0,-1,0,0,0,250,1,5
725,0,-1,0,0,0,250,1,5
726,0,-1,0,0,0,250,1,4
727,0,-1,0,0,0,250,1,4
728,0,-1,0,0,0,156,1,3
729,0,-1,0,0,0,840,1,4
730,0,-1,0,0,0,826,1,8
731,0,-1,0,0,0,276,1,3
732,0,-1,0,0,0,276,1,17
733,0,-1,0,0,0,276,1,11
734,0,-1,0,0,0,840,1,14
735,0,-1,0,0,0,826,1,5
736,0,-1,0,0,0,276,1,15
737,0,-1,0,0,0,250,1,18
738,0,-1,0,0,0,250,1,4
739,0,-1,0,0,0,276,1,5
740,0,-1,0,0,0,250,1,1
741,0,-1,0,0,0,156,1,19
742,0,-1,0,0,0,250,1,18
743,0,-1,0,0,0,250,1,2
744,0,-1,0,1,0,276,1,4
745,0,-1,0,1,0,840,1,18
746,0,-1,0,0,0,276,1,14
747,0,-1,0,0,0,276,1,13
748,0,-1,0,0,0,276,1,14
749,0,-1,0,1,0,276,1,12
750,0,-1,0,0,0,826,1,10
751,0,-1,0,1,0,826,1,7
752,0,-1,0,0,0,250,1,18
753,0,-1,0,0,0,840,1,11
754,0,-1,0,0,0,840,1,9
755,0,-1,0,0,0,276,1,2
756,0,-1,0,0,0,156,1,12
757,0,-1,0,0,0,840,1,17
758,0,-1,0,0,0,826,1,19
759,0,-1,0,0,0,156,1,7
760,0,-1,0,0,0,826,1,18
761,0,-1,0,0,0,840,1,15
762,0,-1,0,0,0,826,1,13
763,0,-1,0,0,0,840,1,10
764,0,-1,0,0,0,156,1,6
765,0,-1,0,0,0,826,1,2
766,0,-1,0,0,0,826,1,9
767,0,-1,0,0,0,276,1,4
768,0,-1,0,0,0,826,1,11
769,0,-1,0,0,0,276,1,7
770,0,-1,0,0,0,250,1,0
771,0,-1,0,0,1,250,1,13
772,0,-1,0,0,0,156,1,8
773,0,-1,0,0,0,276,1,17
774,0,-1,0,1,0,826,1,6
775,0,-1,0,0,1,156,1,5
776,0,-1,0,0,0,156,1,6
777,0,-1,0,0,0,840,1,16
778,0,-1,0,0,0,156,1,8
779,0,-1,0,0,0,250,1,11
780,0,-1,0,0,0,826,1,18
781,0,-1,0,0,0,840,1,9
782,0,-1,0,0,0,826,1,0
783,0,-1,0,0,0,840,1,8
784,0,-1,0,0,0,826,1,7
785,0,-1,0,0,0,840,1,1
786,0,-1,0,0,0,250,1,8
787,0,-1,0,0,0,276,1,4
788,0,-1,0,0,0,250,1,18
789,0,-1,0,1,0,826,1,0
790,0,-1,0,0,0,276,1,8
791,0,-1,0,0,0,840,1,1
792,0,-1,0,0,0,276,1,11
793,0,-1,0,0,0,156,1,15
794,0,-1,0,0,0,250,1,15
795,0,-1,0,0,0,250,1,7
796,0,-1,0,0,0,156,1,13
797,0,-1,0,0,0,250,1,19
798,0,-1,0,0,0,826,1,18
799,0,-1,0,1,0,840,1,4
800,0,-1,0,0,0,840,1,17
801,0,-1,0,0,0,156,1,1
802,0,-1,0,0,0,156,1,5
803,0,-1,0,1,0,276,1,1
804,0,-1,0,0,0,250,1,12
805,0,-1,0,0,0,250,1,9
806,0,-1,0,0,0,840,1,6
807,0,-1,0,0,1,840,1,7
808,0,-1,0,0,0,276,1,4
809,0,-1,0,0,0,276,1,9
810,0,-1,0,0,0,826,1,5
811,0,-1,0,0,0,276,1,0
812,0,-1,0,0,0,250,1,4
813,0,-1,0,0,0,250,1,11
814,0,-1,0,0,0,250,1,12
815,0,-1,0,0,0,276,1,19
816,0,-1,0,0,1,826,1,4
817,0,-1,0,0,0,250,1,9
818,0,-1,0,0,0,276,1,3
819,0,-1,0,0,1,156,1,16
820,0,-1,0,0,0,250,1,19
821,0,-1,0,0,0,826,1,3
822,0,-1,0,0,0,840,1,18
823,0,-1,0,0,0,250,1,10
824,0,-1,0,1,0,840,1,12
825,0,-1,0,1,0,276,1,11
826,0,-1,0,0,0,826,1,13
827,0,-1,0,0,0,250,1,9
828,0,-1,0,1,0,276,1,7
829,0,-1,0,0,0,250,1,12
830,0,-1,0,0,0,250,1,14
831,0,-1,0,0,1,276,1,16
832,0,-1,0,0,0,840,1,2
833,0,-1,0,0,0,276,1,1
834,0,-1,0,0,0,276,1,16
835,0,-1,0,0,0,250,1,18
836,0,-1,0,0,0,276,1,12
837,0,-1,0,0,0,156,1,10
838,0,-1,0,0,0,840,1,3
839,0,-1,0,0,0,276,1,18
840,0,-1,0,0,0,250,1,16
841,0,-1,0,0,0,250,1,5
842,0,-1,0,0,0,250,1,18
843,0,-1,0,0,1,250,1,0
844,0,-1,0,1,0,840,1,19
845,0,-1,0,0,0,156,1,8
846,0,-1,0,0,0,156,1,4
847,0,-1,0,0,0,840,1,9
848,0,-1,0,0,0,250,1,16
849,0,-1,0,0,0,276,1,18
850,0,-1,0,1,0,156,1,6
851,0,-1,0,0,1,826,1,9
852,0,-1,0,1,0,250,1,12
853,0,-1,0,0,0,276,1,18
854,0,-1,0,0,0,250,1,14
855,0,-1,0,1,0,276,1,19
856,0,-1,0,0,0,156,1,11
857,0,-1,0,0,0,156,1,19
858,0,-1,0,0,0,840,1,8
859,0,-1,0,1,0,826,1,10
860,0,-1,0,0,0,156,1,0
861,0,-1,0,0,0,156,1,10
862,0,-1,0,1,0,276,1,15
863,0,-1,0,0,0,156,1,16
864,0,-1,0,0,0,840,1,12
865,0,-1,0,0,0,156,1,15
866,0,-1,0,0,0,840,1,8
867,0,-1,0,1,0,840,1,5
868,0,-1,0,0,0,840,1,12
869,0,-1,0,0,0,156,1,6
870,0,-1,0,0,0,826,1,18
871,0,-1,0,0,0,250,1,10
872,0,-1,0,0,0,276,1,19
873,0,-1,0,0,0,276,1,16
874,0,-1,0,0,0,826,1,8
875,0,-1,0,0,0,276,1,10
876,0,-1,0,0,0,826,1,18
877,0,-1,0,0,0,156,1,13
878,0,-1,0,0,0,826,1,15
879,0,-1,0,0,1,156,1,1
880,0,-1,0,0,0,826,1,5
881,0,-1,0,0,0,840,1,6
882,0,-1,0,0,0,840,1,8
883,0,-1,0,0,0,250,1,18
884,0,-1,0,0,0,276,1,6
885,0,-1,0,0,0,840,1,6
886,0,-1,0,0,0,840,1,3
887,0,-1,0,1,0,276,1,19
888,0,-1,0,0,0,840,1,19
889,0,-1,0,0,0,840,1,4
890,0,-1,0,0,0,276,1,7
891,0,-1,0,0,0,276,1,0
892,0,-1,0,0,0,826,1,9
893,0,-1,0,0,0,156,1,14
894,0,-1,0,0,0,250,1,9
895,0,-1,0,0,0,276,1,1
896,0,-1,0,1,0,840,1,12
897,0,-1,0,0,1,156,1,6
898,0,-1,0,0,0,826,1,2
899,0,-1,0,0,0,840,1,16
900,0,-1,0,0,0,250,1,2
901,0,-1,0,0,0,826,1,19
902,0,-1,0,0,0,156,1,13
903,0,-1,0,0,0,156,1,19
904,0,-1,0,0,0,250,1,3
905,0,-1,0,0,0,840,1,4
906,0,-1,0,0,0,840,1,0
907,0,-1,0,0,0,250,1,6
908,0,-1,0,0,0,276,1,1
909,0,-1,0,1,0,826,1,4
910,0,-1,0,0,0,826,1,12
911,0,-1,0,0,0,826,1,17
912,0,-1,0,1,0,250,1,8
913,0,-1,0,1,0,276,1,19
914,0,-1,0,0,1,250,1,9
915,0,-1,0,0,0,250,1,1
916,0,-1,0,0,0,276,1,6
917,0,-1,0,1,0,840,1,17
918,0,-1,0,0,0,156,1,12
919,0,-1,0,0,0,156,1,17
920,0,-1,0,0,0,826,1,5
921,0,-1,0,0,0,840,1,17
922,0,-1,0,0,0,276,1,7
923,0,-1,0,1,0,250,1,4
924,0,-1,0,0,0,250,1,1
925,0,-1,0,0,0,826,1,12
926,0,-1,0,0,0,276,1,18
927,0,-1,0,0,0,826,1,14
928,0,-1,0,1,0,840,1,4
929,0,-1,0,0,0,276,1,1
930,0,-1,0,0,1,826,1,4
931,0,-1,0,0,0,276,1,3
932,0,-1,0,0,0,840,1,4
933,0,-1,0,0,0,156,1,13
934,0,-1,0,0,0,156,1,14
935,0,-1,0,0,0,276,1,18
936,0,-1,0,0,0,250,1,15
937,0,-1,0,0,0,826,1,1
938,0,-1,0,0,0,840,1,14
939,0,-1,0,0,0,276,1,16
940,0,-1,0,0,0,840,1,8
941,0,-1,0,0,0,250,1,4
942,0,-1,0,0,0,156,1,12
943,0,-1,0,0,0,276,1,17
944,0,-1,0,0,0,250,1,8
945,0,-1,0,0,0,250,1,17
946,0,-1,0,0,0,840,1,2
947,0,-1,0,0,0,276,1,8
948,0,-1,0,0,0,156,1,6
949,0,-1,0,0,0,826,1,11
950,0,-1,0,0,0,156,1,2
951,0,-1,0,0,0,826,1,13
952,0,-1,0,0,0,276,1,19
953,0,-1,0,0,0,156,1,14
954,0,-1,0,0,0,250,1,8
955,0,-1,0,0,0,826,1,9
956,0,-1,0,0,0,276,1,7
957,0,-1,0,0,0,250,1,16
958,0,-1,0,0,0,250,1,19
959,0,-1,0,0,0,250,1,18
960,0,-1,0,0,0,826,1,5
961,0,-1,0,1,0,840,1,17
962,0,-1,0,0,0,276,1,11
963,0,-1,0,0,1,826,1,12
964,0,-1,0,0,0,840,1,3
965,0,-1,0,0,0,826,1,4
966,0,-1,0,0,0,840,1,1
967,0,-1,0,0,0,156,1,10
968,0,-1,0,0,0,840,1,1
969,0,-1,0,0,0,276,1,18
970,0,-1,0,0,0,156,1,2
971,0,-1,0,0,0,156,1,1
972,0,-1,0,0,0,840,1,11
973,0,-1,0,0,0,250,1,3
974,0,-1,0,0,0,276,1,8
975,0,-1,0,0,0,840,1,19
976,0,-1,0,0,0,250,1,2
977,0,-1,0,0,0,250,1,18
978,0,-1,0,0,0,156,1,6
979,0,-1,0,0,0,156,1,6
980,0,-1,0,0,1,156,1,0
981,0,-1,0,0,0,276,1,7
982,0,-1,0,0,0,250,1,10
983,0,-1,0,0,0,826,1,16
984,0,-1,0,0,0,156,1,1
985,0,-1,0,0,0,156,1,18
986,0,-1,0,0,0,826,1,6
987,0,-1,0,1,0,826,1,9
988,0,-1,0,0,0,276,1,9
989,0,-1,0,1,0,250,1,15
990,0,-1,0,0,0,276,1,15
991,0,-1,0,0,0,156,1,19
992,0,-1,0,0,0,840,1,12
993,0,-1,0,0,1,276,1,5
994,0,-1,0,1,1,156,1,3
995,0,-1,0,0,0,840,1,3
996,0,-1,0,1,0,840,1,7
997,0,-1,0,0,0,826,1,9
998,0,-1,0,0,0,826,1,11
999,0,-1,0,1,1,826,1,16
1000,0,-1,0,0,0,250,1,1
1001,0,-1,0,0,0,156,1,12
1002,0,-1,0,0,0,156,1,5
1003,0,-1,0,0,0,840,1,8
1004,0,-1,0,0,0,276,1,7
1005,0,-1,0,0,0,276,1,2
1006,0,-1,0,0,0,156,1,10
1007,0,-1,0,0,0,250,1,7
1008,0,-1,0,0,0,156,1,10
1009,0,-1,0,0,1,250,1,16
1010,0,-1,0,1,0,840,1,7
1011,0,-1,0,0,1,276,1,1
1012,0,-1,0,0,0,250,1,14
1013,0,-1,0,1,0,826,1,3
1014,0,-1,0,0,0,276,1,3
1015,0,-1,0,0,0,250,1,12
1016,0,-1,0,0,0,250,1,0
1017,0,-1,0,0,0,276,1,1
1018,0,-1,0,0,0,276,1,17
1019,0,-1,0,0,0,840,1,4
1020,0,-1,0,0,0,250,1,3
1021,0,-1,0,1,0,826,1,9
1022,0,-1,0,1,0,156,1,2
1023,0,-1,0,1,0,826,1,1
1024,0,-1,0,0,0,250,1,12
1025,0,-1,0,0,0,826,1,5
1026,0,-1,0,0,0,840,1,2
1027,0,-1,0,0,0,840,1,13
1028,0,-1,0,1,0,156,1,2
1029,0,-1,0,0,0,156,1,4
1030,0,-1,0,0,0,250,1,6
1031,0,-1,0,0,0,840,1,9
1032,0,-1,0,0,0,250,1,2
1033,0,-1,0,0,0,276,1,10
1034,0,-1,0,0,0,156,1,11
1035,0,-1,0,1,1,276,1,5
1036,0,-1,0,0,0,156,1,15
1037,0,-1,0,0,0,276,1,7
1038,0,-1,0,0,0,826,1,8
1039,0,-1,0,0,0,156,1,12
1040,0,-1,0,0,0,156,1,4
1041,0,-1,0,0,0,156,1,15
1042,0,-1,0,0,0,250,1,5
1043,0,-1,0,0,0,826,1,15
1044,0,-1,0,0,0,250,1,16
1045,0,-1,0,0,0,276,1,16
1046,0,-1,0,1,0,826,1,5
1047,0,-1,0,0,0,250,1,18
1048,0,-1,0,0,0,826,1,16
1049,0,-1,0,0,0,250,1,19
1050,0,-1,0,0,0,826,1,18
1051,0,-1,0,0,0,276,1,5
1052,0,-1,0,0,0,826,1,12
1053,0,-1,0,0,0,826,1,5
1054,0,-1,0,0,0,250,1,7
1055,0,-1,0,0,0,840,1,18
1056,0,-1,0,0,0,840,1,7
1057,0,-1,0,0,0,826,1,0
1058,0,-1,0,1,0,250,1,0
1059,0,-1,0,1,0,276,1,7
1060,0,-1,0,0,0,840,1,3
1061,0,-1,0,0,0,250,1,5
1062,0,-1,0,0,0,840,1,3
1063,0,-1,0,0,0,250,1,16
1064,0,-1,0,0,0,826,1,3
1065,0,-1,0,0,0,276,1,16
1066,0,-1,0,0,0,250,1,13
1067,0,-1,0,0,0,156,1,13
1068,0,-1,0,0,0,156,1,10
1069,0,-1,0,0,0,840,1,13
1070,0,-1,0,0,0,250,1,17
1071,0,-1,0,0,0,156,1,10
1072,0,-1,0,0,0,156,1,2
1073,0,-1,0,0,0,250,1,4
1074,0,-1,0,0,0,840,1,3
1075,0,-1,0,0,0,276,1,11
1076,0,-1,0,0,0,826,1,2
1077,0,-1,0,1,0,250,1,14
1078,0,-1,0,1,0,250,1,18
1079,0,-1,0,0,0,826,1,4
1080,0,-1,0,0,0,250,1,3
1081,0,-1,0,0,0,826,1,10
1082,0,-1,0,0,0,156,1,6
1083,0,-1,0,1,0,156,1,13
1084,0,-1,0,0,0,840,1,4
1085,0,-1,0,0,0,276,1,16
1086,0,-1,0,0,0,156,1,1
1087,0,-1,0,0,0,276,1,15
1088,0,-1,0,0,0,826,1,1
1089,0,-1,0,0,0,250,1,13
1090,0,-1,0,0,0,826,1,4
1091,0,-1,0,0,0,276,1,14
1092,0,-1,0,0,0,276,1,13
1093,0,-1,0,1,0,276,1,4
1094,0,-1,0,0,0,276,1,14
1095,0,-1,0,0,0,276,1,4
1096,0,-1,0,0,0,840,1,5
1097,0,-1,0,0,0,826,1,12
1098,0,-1,0,0,0,840,1,6
1099,0,-1,0,0,0,826,1,19
1100,0,-1,0,0,0,276,1,9
1101,0,-1,0,0,0,826,1,17
1102,0,-1,0,0,0,250,1,13
1103,0,-1,0,0,0,840,1,5
1104,0,-1,0,0,0,156,1,12
1105,0,-1,0,0,0,250,1,8
1106,0,-1,0,0,0,826,1,9
1107,0,-1,0,1,0,276,1,17
1108,0,-1,0,0,0,156,1,7
1109,0,-1,0,0,0,250,1,15
1110,0,-1,0,0,1,156,1,1
1111,0,-1,0,0,0,840,1,15
1112,0,-1,0,0,0,826,1,12
1113,0,-1,0,0,0,276,1,14
1114,0,-1,0,1,0,826,1,3
1115,0,-1,0,0,0,826,1,19
1116,0,-1,0,0,0,826,1,6
1117,0,-1,0,0,0,840,1,15
1118,0,-1,0,0,0,840,1,10
1119,0,-1,0,0,0,276,1,3
1120,0,-1,0,0,0,826,1,0
1121,0,-1,0,0,0,826,1,16
1122,0,-1,0,0,0,276,1,7
1123,0,-1,0,0,0,826,1,4
1124,0,-1,0,0,0,276,1,8
1125,0,-1,0,0,0,250,1,15
1126,0,-1,0,0,0,826,1,1
1127,0,-1,0,0,0,276,1,2
1128,0,-1,0,0,1,276,1,18
1129,0,-1,0,0,0,250,1,2
1130,0,-1,0,1,0,250,1,11
1131,0,-1,0,0,0,840,1,0
1132,0,-1,0,1,0,826,1,9
1133,0,-1,0,0,0,250,1,12
1134,0,-1,0,0,0,156,1,5
1135,0,-1,0,1,0,276,1,19
1136,0,-1,0,0,0,156,1,13
1137,0,-1,0,0,0,250,1,4
1138,0,-1,0,0,0,156,1,15
1139,0,-1,0,0,0,826,1,13
1140,0,-1,0,0,0,276,1,2
1141,0,-1,0,0,0,276,1,16
1142,0,-1,0,1,0,250,1,14
1143,0,-1,0,0,0,826,1,9
1144,0,-1,0,0,0,840,1,5
1145,0,-1,0,0,0,276,1,19
1146,0,-1,0,0,0,826,1,5
1147,0,-1,0,0,0,826,1,15
1148,0,-1,0,0,0,156,1,17
1149,0,-1,0,0,0,156,1,17
1150,0,-1,0,0,0,840,1,5
1151,0,-1,0,0,0,840,1,3
1152,0,-1,0,0,0,276,1,16
1153,0,-1,0,0,0,276,1,13
1154,0,-1,0,0,0,276,1,14
1155,0,-1,0,0,0,250,1,14
1156,0,-1,0,0,0,156,1,19
1157,0,-1,0,0,0,840,1,12
1158,0,-1,0,0,0,156,1,19
1159,0,-1,0,0,0,156,1,15
1160,0,-1,0,1,0,276,1,17
1161,0,-1,0,0,0,276,1,6
1162,0,-1,0,0,0,156,1,13
1163,0,-1,0,0,0,156,1,13
1164,0,-1,0,0,0,276,1,2
1165,0,-1,0,0,0,840,1,18
1166,0,-1,0,0,0,840,1,11
1167,0,-1,0,0,0,156,1,11
1168,0,-1,0,0,0,156,1,10
1169,0,-1,0,0,0,156,1,6
1170,0,-1,0,0,0,250,1,1
1171,0,-1,0,0,0,840,1,10
1172,0,-1,0,0,0,250,1,10
1173,0,-1,0,0,0,826,1,1
1174,0,-1,0,0,0,250,1,8
1175,0,-1,0,0,0,840,1,6
1176,0,-1,0,0,0,156,1,0
1177,0,-1,0,0,0,156,1,11
1178,0,-1,0,0,0,276,1,11
1179,0,-1,0,0,0,826,1,19
1180,0,-1,0,0,0,250,1,0
1181,0,-1,0,0,0,276,1,8
1182,0,-1,0,1,0,156,1,15
1183,0,-1,0,0,0,840,1,17
1184,0,-1,0,0,0,156,1,16
1185,0,-1,0,0,0,840,1,17
1186,0,-1,0,0,0,276,1,13
1187,0,-1,0,0,0,276,1,8
1188,0,-1,0,0,0,840,1,13
1189,0,-1,0,0,0,276,1,7
1190,0,-1,0,0,0,250,1,9
1191,0,-1,0,0,0,826,1,0
1192,0,-1,0,0,0,826,1,12
1193,0,-1,0,0,0,250,1,10
1194,0,-1,0,0,0,250,1,9
1195,0,-1,0,0,0,826,1,0
1196,0,-1,0,0,0,276,1,4
1197,0,-1,0,0,0,840,1,12
1198,0,-1,0,0,0,840,1,5
1199,0,-1,0,0,0,840,1,12
1200,0,-1,0,1,0,840,1,5
1201,0,-1,0,0,0,826,1,13
1202,0,-1,0,0,0,156,1,11
1203,0,-1,0,0,0,276,1,7
1204,0,-1,0,0,0,826,1,2
1205,0,-1,0,0,0,250,1,13
1206,0,-1,0,1,0,250,1,17
1207,0,-1,0,0,0,276,1,11
1208,0,-1,0,0,0,276,1,0
1209,0,-1,0,0,0,826,1,3
1210,0,-1,0,0,0,156,1,9
1211,0,-1,0,0,0,826,1,8
1212,0,-1,0,0,0,826,1,14
1213,0,-1,0,0,0,250,1,12
1214,0,-1,0,0,0,156,1,11
1215,0,-1,0,0,0,156,1,19
1216,0,-1,0,0,1,840,1,7
1217,0,-1,0,0,0,250,1,6
1218,0,-1,0,0,0,156,1,0
1219,0,-1,0,0,0,156,1,14
1220,0,-1,0,0,0,826,1,16
1221,0,-1,0,0,0,840,1,1
1222,0,-1,0,0,0,156,1,19
1223,0,-1,0,1,0,840,1,3
1224,0,-1,0,0,0,276,1,1
1225,0,-1,0,0,0,250,1,9
1226,0,-1,0,0,0,826,1,4
1227,0,-1,0,0,0,250,1,0
1228,0,-1,0,0,0,250,1,0
1229,0,-1,0,0,0,156,1,18
1230,0,-1,0,0,0,156,1,8
1231,0,-1,0,0,0,276,1,10
1232,0,-1,0,0,0,840,1,19
1233,0,-1,0,0,0,156,1,0
1234,0,-1,0,0,1,840,1,9
1235,0,-1,0,0,0,250,1,6
1236,0,-1,0,0,0,156,1,3
1237,0,-1,0,0,0,156,1,19
1238,0,-1,0,0,0,840,1,5
1239,0,-1,0,0,0,840,1,11
1240,0,-1,0,0,0,156,1,0
1241,0,-1,0,0,0,156,1,12
1242,0,-1,0,0,0,840,1,10
1243,0,-1,0,0,0,276,1,6
1244,0,-1,0,0,0,826,1,15
1245,0,-1,0,0,0,826,1,2
1246,0,-1,0,0,0,156,1,8
1247,0,-1,0,0,0,840,1,16
1248,0,-1,0,0,1,826,1,15
1249,0,-1,0,0,0,156,1,12
1250,0,-1,0,0,0,156,1,19
1251,0,-1,0,0,1,276,1,7
1252,0,-1,0,0,0,156,1,7
1253,0,-1,0,0,0,250,1,3
1254,0,-1,0,0,0,250,1,17
1255,0,-1,0,0,0,276,1,11
1256,0,-1,0,0,0,250,1,8
1257,0,-1,0,1,0,156,1,12
1258,0,-1,0,0,0,276,1,15
1259,0,-1,0,0,0,276,1,13
1260,0,-1,0,0,0,156,1,11
1261,0,-1,0,0,0,156,1,6
1262,0,-1,0,0,0,276,1,17
1263,0,-1,0,0,0,840,1,8
1264,0,-1,0,0,0,156,1,3
1265,0,-1,0,0,0,826,1,11
1266,0,-1,0,0,0,840,1,12
1267,0,-1,0,0,0,156,1,13
1268,0,-1,0,0,0,826,1,4
1269,0,-1,0,1,0,156,1,6
1270,0,-1,0,0,0,826,1,0
1271,0,-1,0,1,1,826,1,10
1272,0,-1,0,0,0,276,1,1
1273,0,-1,0,0,0,826,1,7
1274,0,-1,0,1,0,826,1,16
1275,0,-1,0,0,0,276,1,0
1276,0,-1,0,0,0,840,1,4
1277,0,-1,0,0,0,276,1,3
1278,0,-1,0,1,0,826,1,6
1279,0,-1,0,0,0,276,1,17
1280,0,-1,0,0,0,826,1,5
1281,0,-1,0,0,0,156,1,10
1282,0,-1,0,0,0,276,1,12
1283,0,-1,0,0,0,840,1,14
1284,0,-1,0,0,0,250,1,18
1285,0,-1,0,0,0,826,1,18
1286,0,-1,0,0,0,156,1,6
1287,0,-1,0,1,0,826,1,10
1288,0,-1,0,0,0,840,1,7
1289,0,-1,0,0,0,276,1,13
1290,0,-1,0,0,0,156,1,4
1291,0,-1,0,0,0,250,1,0
1292,0,-1,0,0,0,840,1,7
1293,0,-1,0,0,0,826,1,16
1294,0,-1,0,0,0,840,1,1
1295,0,-1,0,0,0,826,1,9
1296,0,-1,0,0,0,826,1,16
1297,0,-1,0,0,0,250,1,7
1298,0,-1,0,0,0,840,1,13
1299,0,-1,0,1,0,156,1,12
1300,0,-1,0,0,0,826,1,11
1301,0,-1,0,0,0,840,1,9
1302,0,-1,0,0,0,840,1,16
1303,0,-1,0,0,0,156,1,15
1304,0,-1,0,0,0,250,1,13
1305,0,-1,0,0,0,840,1,19
1306,0,-1,0,0,0,156,1,3
1307,0,-1,0,0,0,276,1,13
1308,0,-1,0,0,0,276,1,7
1309,0,-1,0,1,0,276,1,1
1310,0,-1,0,0,0,250,1,8
1311,0,-1,0,0,0,840,1,6
1312,0,-1,0,0,0,156,1,9
1313,0,-1,0,0,0,156,1,10
1314,0,-1,0,0,0,276,1,13
1315,0,-1,0,0,0,276,1,14
1316,0,-1,0,0,0,840,1,8
1317,0,-1,0,0,0,250,1,11
1318,0,-1,0,0,0,276,1,7
1319,0,-1,0,0,0,156,1,10
1320,0,-1,0,0,0,826,1,12
1321,0,-1,0,0,0,840,1,6
1322,0,-1,0,0,0,250,1,18
1323,0,-1,0,0,0,840,1,13
1324,0,-1,0,0,0,840,1,3
1325,0,-1,0,0,0,156,1,8
1326,0,-1,0,0,0,840,1,17
1327,0,-1,0,0,0,156,1,18
1328,0,-1,0,0,0,156,1,7
1329,0,-1,0,0,0,156,1,2
1330,0,-1,0,1,0,276,1,8
1331,0,-1,0,0,0,156,1,0
1332,0,-1,0,0,0,156,1,3
1333,0,-1,0,0,0,250,1,6
1334,0,-1,0,0,0,156,1,5
1335,0,-1,0,0,0,840,1,18
1336,0,-1,0,1,0,826,1,13
1337,0,-1,0,0,0,156,1,15
1338,0,-1,0,0,0,276,1,13
1339,0,-1,0,1,0,250,1,6
1340,0,-1,0,0,0,840,1,9
1341,0,-1,0,1,0,826,1,6
1342,0,-1,0,0,0,156,1,5
1343,0,-1,0,1,0,156,1,5
1344,0,-1,0,0,0,840,1,3
1345,0,-1,0,0,0,250,1,16
1346,0,-1,0,1,0,826,1,4
1347,0,-1,0,0,0,826,1,16
1348,0,-1,0,0,0,156,1,18
1349,0,-1,0,0,0,840,1,3
1350,0,-1,0,0,0,826,1,16
1351,0,-1,0,0,0,276,1,4
1352,0,-1,0,0,0,840,1,14
1353,0,-1,0,0,0,156,1,5
1354,0,-1,0,0,0,826,1,2
1355,0,-1,0,0,0,276,1,13
1356,0,-1,0,0,0,840,1,13
1357,0,-1,0,0,0,826,1,1
1358,0,-1,0,0,0,276,1,10
1359,0,-1,0,0,0,826,1,19
1360,0,-1,0,0,0,250,1,17
1361,0,-1,0,0,0,826,1,3
1362,0,-1,0,0,0,840,1,5
1363,0,-1,0,0,0,826,1,8
1364,0,-1,0,0,0,840,1,16
1365,0,-1,0,0,0,156,1,7
1366,0,-1,0,0,0,156,1,4
1367,0,-1,0,0,0,156,1,8
1368,0,-1,0,0,0,156,1,7
1369,0,-1,0,0,0,156,1,4
1370,0,-1,0,0,0,826,1,15
1371,0,-1,0,0,0,156,1,5
1372,0,-1,0,0,0,826,1,16
1373,0,-1,0,0,0,840,1,14
1374,0,-1,0,0,0,840,1,7
1375,0,-1,0,0,0,826,1,17
1376,0,-1,0,0,0,840,1,8
1377,0,-1,0,0,0,840,1,14
1378,0,-1,0,0,0,276,1,17
1379,0,-1,0,0,0,826,1,1
1380,0,-1,0,0,0,276,1,7
1381,0,-1,0,0,0,156,1,18
1382,0,-1,0,0,0,840,1,2
1383,0,-1,0,0,0,250,1,8
1384,0,-1,0,0,0,840,1,16
1385,0,-1,0,0,0,276,1,10
1386,0,-1,0,0,0,276,1,16
1387,0,-1,0,0,0,826,1,11
1388,0,-1,0,0,0,250,1,1
1389,0,-1,0,0,0,156,1,6
1390,0,-1,0,1,0,156,1,15
1391,0,-1,0,0,0,250,1,0
1392,0,-1,0,0,0,276,1,16
1393,0,-1,0,0,0,276,1,4
1394,0,-1,0,0,0,156,1,18
1395,0,-1,0,0,0,156,1,1
1396,0,-1,0,0,0,276,1,12
1397,0,-1,0,1,0,826,1,13
1398,0,-1,0,0,0,250,1,4
1399,0,-1,0,0,0,156,1,8
1400,0,-1,0,0,0,250,1,11
1401,0,-1,0,0,0,156,1,15
1402,0,-1,0,0,0,840,1,4
1403,0,-1,0,0,0,156,1,2
1404,0,-1,0,0,0,826,1,19
1405,0,-1,0,0,0,840,1,9
1406,0,-1,0,1,0,250,1,12
1407,0,-1,0,0,0,840,1,17
1408,0,-1,0,0,0,276,1,3
1409,0,-1,0,0,0,156,1,15
1410,0,-1,0,0,0,156,1,2
1411,0,-1,0,1,0,840,1,19
1412,0,-1,0,0,0,250,1,19
1413,0,-1,0,0,0,826,1,19
1414,0,-1,0,0,0,826,1,14
1415,0,-1,0,0,0,156,1,4
1416,0,-1,0,0,0,250,1,0
1417,0,-1,0,0,0,156,1,6
1418,0,-1,0,0,0,826,1,0
1419,0,-1,0,0,0,840,1,7
1420,0,-1,0,1,0,250,1,3
1421,0,-1,0,0,0,250,1,2
1422,0,-1,0,0,0,156,1,10
1423,0,-1,0,0,0,156,1,2
1424,0,-1,0,0,0,826,1,9
1425,0,-1,0,0,0,826,1,15
1426,0,-1,0,0,0,156,1,6
1427,0,-1,0,0,0,840,1,14
1428,0,-1,0,0,0,250,1,3
1429,0,-1,0,0,0,250,1,6
1430,0,-1,0,0,0,840,1,4
1431,0,-1,0,0,0,840,1,7
1432,0,-1,0,1,0,276,1,4
1433,0,-1,0,0,0,156,1,18
1434,0,-1,0,0,0,840,1,14
1435,0,-1,0,0,0,156,1,0
1436,0,-1,0,0,0,156,1,9
1437,0,-1,0,1,0,250,1,3
1438,0,-1,0,0,0,156,1,0
1439,0,-1,0,0,0,156,1,8
1440,0,-1,0,0,0,250,1,11
1441,0,-1,0,0,0,156,1,2
1442,0,-1,0,0,0,156,1,15
1443,0,-1,0,0,1,826,1,2
1444,0,-1,0,0,0,156,1,16
1445,0,-1,0,1,0,826,1,14
1446,0,-1,0,0,0,156,1,11
1447,0,-1,0,0,0,826,1,3
1448,0,-1,0,0,0,826,1,1
1449,0,-1,0,0,0,826,1,6
1450,0,-1,0,0,0,826,1,1
1451,0,-1,0,0,0,276,1,13
1452,0,-1,0,1,0,276,1,10
1453,0,-1,0,0,0,840,1,8
1454,0,-1,0,0,0,156,1,7
1455,0,-1,0,0,0,250,1,7
1456,0,-1,0,0,0,250,1,1
1457,0,-1,0,0,0,156,1,3
1458,0,-1,0,0,0,826,1,10
1459,0,-1,0,0,0,276,1,9
1460,0,-1,0,0,0,840,1,16
1461,0,-1,0,0,0,276,1,0
1462,0,-1,0,1,1,840,1,6
1463,0,-1,0,0,0,840,1,9
1464,0,-1,0,0,0,276,1,19
1465,0,-1,0,1,1,826,1,5
1466,0,-1,0,1,0,276,1,8
1467,0,-1,0,0,0,840,1,19
1468,0,-1,0,0,0,840,1,7
1469,0,-1,0,0,0,250,1,17
1470,0,-1,0,0,0,276,1,13
1471,0,-1,0,0,0,840,1,4
1472,0,-1,0,0,0,156,1,3
1473,0,-1,0,0,0,840,1,12
1474,0,-1,0,0,0,840,1,3
1475,0,-1,0,0,0,826,1,19
1476,0,-1,0,0,0,250,1,0
1477,0,-1,0,0,0,156,1,18
1478,0,-1,0,0,0,840,1,18
1479,0,-1,0,0,0,276,1,11
1480,0,-1,0,0,0,156,1,18
1481,0,-1,0,0,0,276,1,18
1482,0,-1,0,0,0,156,1,13
1483,0,-1,0,0,0,276,1,11
1484,0,-1,0,1,0,840,1,0
1485,0,-1,0,0,0,826,1,0
1486,0,-1,0,0,0,250,1,4
1487,0,-1,0,0,0,826,1,8
1488,0,-1,0,0,0,840,1,5
1489,0,-1,0,0,0,840,1,10
1490,0,-1,0,0,0,276,1,0
1491,0,-1,0,0,0,276,1,2
1492,0,-1,0,0,0,826,1,0
1493,0,-1,0,0,0,840,1,14
1494,0,-1,0,0,0,156,1,13
1495,0,-1,0,1,1,840,1,1
1496,0,-1,0,0,0,276,1,2
1497,0,-1,0,0,0,826,1,0
1498,0,-1,0,0,0,156,1,7
1499,0,-1,0,0,0,276,1,6
1500,0,-1,0,0,0,826,1,5
1501,0,-1,0,0,0,156,1,19
1502,0,-1,0,0,0,250,1,18
1503,0,-1,0,0,0,840,1,15
1504,0,-1,0,0,0,156,1,12
1505,0,-1,0,0,0,826,1,10
1506,0,-1,0,1,0,156,1,3
1507,0,-1,0,0,0,826,1,15
1508,0,-1,0,0,0,826,1,0
1509,0,-1,0,0,0,276,1,7
1510,0,-1,0,0,0,826,1,8
1511,0,-1,0,0,0,250,1,1
1512,0,-1,0,0,0,276,1,8
1513,0,-1,0,1,1,276,1,8
1514,0,-1,0,0,0,276,1,11
1515,0,-1,0,0,0,250,1,5
1516,0,-1,0,0,0,826,1,1
1517,0,-1,0,1,1,840,1,4
1518,0,-1,0,0,0,276,1,12
1519,0,-1,0,0,0,250,1,9
1520,0,-1,0,0,0,250,1,16
1521,0,-1,0,0,0,250,1,17
1522,0,-1,0,0,0,250,1,15
1523,0,-1,0,0,0,840,1,19
1524,0,-1,0,0,0,156,1,19
1525,0,-1,0,0,0,840,1,1
1526,0,-1,0,0,0,156,1,6
1527,0,-1,0,0,0,840,1,7
1528,0,-1,0,0,0,276,1,11
1529,0,-1,0,0,0,250,1,19
1530,0,-1,0,0,0,250,1,19
1531,0,-1,0,0,0,276,1,13
1532,0,-1,0,0,0,250,1,10
1533,0,-1,0,0,1,826,1,8
1534,0,-1,0,0,0,826,1,11
1535,0,-1,0,0,0,840,1,9
1536,0,-1,0,0,0,156,1,14
1537,0,-1,0,0,0,840,1,1
1538,0,-1,0,0,0,156,1,13
1539,0,-1,0,0,0,826,1,18
1540,0,-1,0,0,0,276,1,12
1541,0,-1,0,0,0,826,1,0
1542,0,-1,0,0,0,276,1,19
1543,0,-1,0,0,0,276,1,8
1544,0,-1,0,0,0,276,1,11
1545,0,-1,0,0,0,276,1,19
1546,0,-1,0,1,0,276,1,1
1547,0,-1,0,0,0,156,1,15
1548,0,-1,0,0,0,250,1,17
1549,0,-1,0,0,0,826,1,19
1550,0,-1,0,0,0,156,1,9
1551,0,-1,0,0,0,840,1,2
1552,0,-1,0,0,0,156,1,12
1553,0,-1,0,0,0,156,1,18
1554,0,-1,0,0,0,276,1,13
1555,0,-1,0,0,0,250,1,11
1556,0,-1,0,0,0,250,1,5
1557,0,-1,0,0,0,250,1,6
1558,0,-1,0,0,0,250,1,3
1559,0,-1,0,0,0,250,1,4
1560,0,-1,0,0,0,840,1,16
1561,0,-1,0,0,0,156,1,18
1562,0,-1,0,0,0,250,1,1
1563,0,-1,0,0,0,276,1,9
1564,0,-1,0,0,0,826,1,3
1565,0,-1,0,0,0,826,1,4
1566,0,-1,0,0,0,826,1,17
1567,0,-1,0,0,0,826,1,5
1568,0,-1,0,0,0,826,1,4
1569,0,-1,0,0,0,250,1,4
1570,0,-1,0,0,0,250,1,9
1571,0,-1,0,0,0,840,1,13
1572,0,-1,0,0,0,250,1,19
1573,0,-1,0,0,0,250,1,6
1574,0,-1,0,1,0,276,1,17
1575,0,-1,0,1,0,250,1,18
1576,0,-1,0,0,0,826,1,6
1577,0,-1,0,0,0,826,1,5
1578,0,-1,0,0,0,276,1,18
1579,0,-1,0,0,0,156,1,2
1580,0,-1,0,1,0,840,1,17
1581,0,-1,0,0,0,156,1,2
1582,0,-1,0,0,0,156,1,16
1583,0,-1,0,0,0,276,1,1
1584,0,-1,0,0,0,276,1,12
1585,0,-1,0,1,0,250,1,6
1586,0,-1,0,0,0,276,1,9
1587,0,-1,0,0,0,250,1,1
1588,0,-1,0,0,0,156,1,15
1589,0,-1,0,0,0,156,1,12
1590,0,-1,0,0,0,276,1,13
1591,0,-1,0,0,0,826,1,16
1592,0,-1,0,0,0,840,1,12
1593,0,-1,0,1,0,250,1,13
1594,0,-1,0,0,0,840,1,19
1595,0,-1,0,0,0,156,1,13
1596,0,-1,0,0,0,250,1,0
1597,0,-1,0,0,0,276,1,12
1598,0,-1,0,1,0,276,1,12
1599,0,-1,0,0,0,276,1,10
1600,0,-1,0,0,0,250,1,6
1601,0,-1,0,0,0,840,1,5
1602,0,-1,0,0,0,826,1,3
1603,0,-1,0,0,0,840,1,4
1604,0,-1,0,0,0,826,1,11
1605,0,-1,0,0,0,156,1,1
1606,0,-1,0,0,0,826,1,1
1607,0,-1,0,0,0,250,1,1
1608,0,-1,0,1,0,276,1,10
1609,0,-1,0,1,0,156,1,15
1610,0,-1,0,0,0,826,1,7
1611,0,-1,0,0,0,840,1,18
1612,0,-1,0,0,0,826,1,15
1613,0,-1,0,0,0,840,1,15
1614,0,-1,0,0,0,276,1,5
1615,0,-1,0,0,0,276,1,16
1616,0,-1,0,0,0,276,1,4
1617,0,-1,0,0,0,840,1,13
1618,0,-1,0,0,0,826,1,11
1619,0,-1,0,1,0,826,1,0
1620,0,-1,0,0,0,826,1,7
1621,0,-1,0,0,0,826,1,3
1622,0,-1,0,0,0,276,1,18
1623,0,-1,0,0,0,826,1,5
1624,0,-1,0,0,0,840,1,9
1625,0,-1,0,0,0,840,1,14
1626,0,-1,0,1,0,276,1,17
1627,0,-1,0,1,0,250,1,11
1628,0,-1,0,0,0,840,1,17
1629,0,-1,0,0,0,826,1,3
1630,0,-1,0,0,0,840,1,2
1631,0,-1,0,0,0,250,1,4
1632,0,-1,0,0,0,840,1,1
1633,0,-1,0,0,0,826,1,7
1634,0,-1,0,0,0,840,1,4
1635,0,-1,0,0,0,156,1,18
1636,0,-1,0,0,0,840,1,4
1637,0,-1,0,0,0,276,1,17
1638,0,-1,0,0,0,250,1,4
1639,0,-1,0,0,0,276,1,1
1640,0,-1,0,1,0,276,1,1
1641,0,-1,0,0,0,276,1,6
1642,0,-1,0,0,0,156,1,2
1643,0,-1,0,0,0,156,1,15
1644,0,-1,0,0,0,840,1,10
1645,0,-1,0,0,0,826,1,1
1646,0,-1,0,1,0,826,1,15
1647,0,-1,0,0,0,840,1,13
1648,0,-1,0,0,0,250,1,16
1649,0,-1,0,0,0,156,1,7
1650,0,-1,0,0,0,250,1,10
1651,0,-1,0,0,0,840,1,3
1652,0,-1,0,0,0,840,1,2
1653,0,-1,0,0,0,276,1,5
1654,0,-1,0,0,0,840,1,8
1655,0,-1,0,0,0,276,1,9
1656,0,-1,0,1,0,826,1,10
1657,0,-1,0,0,0,156,1,18
1658,0,-1,0,0,0,826,1,3
1659,0,-1,0,0,0,840,1,2
1660,0,-1,0,0,0,276,1,15
1661,0,-1,0,0,0,826,1,15
1662,0,-1,0,0,0,840,1,16
1663,0,-1,0,0,0,840,1,8
1664,0,-1,0,0,0,250,1,6
1665,0,-1,0,0,0,840,1,11
1666,0,-1,0,0,0,250,1,1
1667,0,-1,0,1,0,840,1,18
1668,0,-1,0,0,0,840,1,3
1669,0,-1,0,0,0,156,1,10
1670,0,-1,0,0,0,156,1,9
1671,0,-1,0,1,0,156,1,14
1672,0,-1,0,0,0,276,1,9
1673,0,-1,0,0,0,250,1,9
1674,0,-1,0,0,0,250,1,1
1675,0,-1,0,0,0,156,1,18
1676,0,-1,0,0,0,250,1,5
1677,0,-1,0,0,0,840,1,16
1678,0,-1,0,0,1,250,1,1
1679,0,-1,0,0,0,250,1,4
1680,0,-1,0,0,0,250,1,6
1681,0,-1,0,0,0,250,1,8
1682,0,-1,0,0,0,840,1,19
1683,0,-1,0,0,0,250,1,19
1684,0,-1,0,0,0,156,1,17
1685,0,-1,0,0,0,250,1,1
1686,0,-1,0,0,0,156,1,16
1687,0,-1,0,1,0,250,1,2
1688,0,-1,0,0,0,840,1,4
1689,0,-1,0,0,0,840,1,17
1690,0,-1,0,0,0,276,1,12
1691,0,-1,0,0,0,276,1,11
1692,0,-1,0,1,0,156,1,8
1693,0,-1,0,0,0,276,1,16
1694,0,-1,0,0,0,156,1,4
1695,0,-1,0,0,0,276,1,12
1696,0,-1,0,0,0,250,1,10
1697,0,-1,0,0,0,250,1,8
1698,0,-1,0,0,0,250,1,14
1699,0,-1,0,0,0,276,1,13
1700,0,-1,0,1,0,826,1,14
1701,0,-1,0,0,0,826,1,9
1702,0,-1,0,1,0,156,1,9
1703,0,-1,0,0,0,276,1,17
1704,0,-1,0,1,0,840,1,3
1705,0,-1,0,0,0,276,1,7
1706,0,-1,0,0,0,156,1,7
1707,0,-1,0,0,0,840,1,7
1708,0,-1,0,0,0,250,1,5
1709,0,-1,0,1,0,840,1,7
1710,0,-1,0,0,0,276,1,5
1711,0,-1,0,0,0,276,1,2
1712,0,-1,0,1,0,276,1,4
1713,0,-1,0,1,0,250,1,13
1714,0,-1,0,0,0,826,1,19
1715,0,-1,0,0,0,250,1,2
1716,0,-1,0,0,0,250,1,17
1717,0,-1,0,0,0,250,1,18
1718,0,-1,0,1,0,276,1,5
1719,0,-1,0,0,0,156,1,1
1720,0,-1,0,0,0,840,1,18
1721,0,-1,0,1,0,156,1,4
1722,0,-1,0,0,0,250,1,11
1723,0,-1,0,0,0,156,1,6
1724,0,-1,0,0,0,156,1,13
1725,0,-1,0,0,0,250,1,1
1726,0,-1,0,0,1,250,1,12
1727,0,-1,0,0,0,276,1,10
1728,0,-1,0,0,0,826,1,17
1729,0,-1,0,0,0,840,1,0
1730,0,-1,0,0,0,250,1,8
1731,0,-1,0,0,0,276,1,15
1732,0,-1,0,0,0,250,1,5
1733,0,-1,0,0,1,840,1,4
1734,0,-1,0,0,0,276,1,0
1735,0,-1,0,0,0,840,1,9
1736,0,-1,0,0,0,826,1,11
1737,0,-1,0,0,0,840,1,9
1738,0,-1,0,0,0,156,1,4
1739,0,-1,0,0,0,156,1,4
1740,0,-1,0,0,0,156,1,15
1741,0,-1,0,0,0,250,1,0
1742,0,-1,0,1,0,276,1,3
1743,0,-1,0,0,0,250,1,10
1744,0,-1,0,0,0,826,1,6
1745,0,-1,0,1,0,276,1,15
1746,0,-1,0,0,0,840,1,1
1747,0,-1,0,0,0,826,1,7
1748,0,-1,0,0,0,156,1,2
1749,0,-1,0,0,0,276,1,9
1750,0,-1,0,0,0,826,1,12
1751,0,-1,0,0,0,250,1,1
1752,0,-1,0,0,0,826,1,7
1753,0,-1,0,0,0,276,1,16
1754,0,-1,0,0,0,250,1,8
1755,0,-1,0,0,0,250,1,17
1756,0,-1,0,0,0,250,1,8
1757,0,-1,0,0,0,250,1,11
1758,0,-1,0,0,0,840,1,18
1759,0,-1,0,0,0,276,1,5
1760,0,-1,0,0,0,156,1,16
1761,0,-1,0,0,0,840,1,18
1762,0,-1,0,0,0,156,1,12
1763,0,-1,0,0,0,840,1,14
1764,0,-1,0,0,0,250,1,19
1765,0,-1,0,0,0,276,1,4
1766,0,-1,0,0,0,156,1,1
1767,0,-1,0,0,0,156,1,18
1768,0,-1,0,0,0,840,1,0
1769,0,-1,0,0,0,826,1,1
1770,0,-1,0,1,0,250,1,7
1771,0,-1,0,0,0,156,1,3
1772,0,-1,0,0,0,840,1,19
1773,0,-1,0,0,0,276,1,13
1774,0,-1,0,0,0,840,1,1
1775,0,-1,0,1,0,276,1,18
1776,0,-1,0,0,0,250,1,14
1777,0,-1,0,0,0,250,1,16
1778,0,-1,0,0,0,276,1,7
1779,0,-1,0,0,0,250,1,17
1780,0,-1,0,1,0,840,1,2
1781,0,-1,0,1,0,156,1,0
1782,0,-1,0,1,0,840,1,9
1783,0,-1,0,0,0,250,1,0
1784,0,-1,0,0,0,156,1,2
1785,0,-1,0,0,0,826,1,9
1786,0,-1,0,0,0,826,1,0
1787,0,-1,0,0,0,826,1,1
1788,0,-1,0,0,0,156,1,12
1789,0,-1,0,0,0,250,1,16
1790,0,-1,0,0,0,250,1,1
1791,0,-1,0,0,0,156,1,7
1792,0,-1,0,0,0,826,1,13
1793,0,-1,0,0,0,250,1,7
1794,0,-1,0,0,0,250,1,14
1795,0,-1,0,0,0,250,1,9
1796,0,-1,0,0,0,276,1,15
1797,0,-1,0,0,0,276,1,5
1798,0,-1,0,0,0,156,1,3
1799,0,-1,0,1,0,276,1,4
1800,0,-1,0,0,0,250,1,14
1801,0,-1,0,0,0,276,1,15
1802,0,-1,0,0,0,826,1,3
1803,0,-1,0,0,0,840,1,3
1804,0,-1,0,0,0,250,1,16
1805,0,-1,0,0,0,840,1,19
1806,0,-1,0,0,0,840,1,2
1807,0,-1,0,0,0,250,1,13
1808,0,-1,0,0,0,840,1,4
1809,0,-1,0,0,0,840,1,11
1810,0,-1,0,0,0,156,1,5
1811,0,-1,0,0,0,250,1,10
1812,0,-1,0,0,0,156,1,11
1813,0,-1,0,0,0,276,1,10
1814,0,-1,0,0,0,156,1,19
1815,0,-1,0,0,0,156,1,6
1816,0,-1,0,0,0,156,1,19
1817,0,-1,0,0,0,826,1,14
1818,0,-1,0,0,0,826,1,13
1819,0,-1,0,0,0,826,1,5
1820,0,-1,0,0,0,840,1,1
1821,0,-1,0,0,0,826,1,17
1822,0,-1,0,0,0,826,1,19
1823,0,-1,0,0,0,156,1,7
1824,0,-1,0,0,0,840,1,3
1825,0,-1,0,1,0,826,1,1
1826,0,-1,0,0,0,250,1,5
1827,0,-1,0,1,0,250,1,15
1828,0,-1,0,0,0,826,1,10
1829,0,-1,0,0,0,276,1,10
1830,0,-1,0,0,0,250,1,7
1831,0,-1,0,1,1,826,1,0
1832,0,-1,0,0,0,840,1,10
1833,0,-1,0,0,0,826,1,19
1834,0,-1,0,0,0,826,1,15
1835,0,-1,0,1,0,156,1,6
1836,0,-1,0,0,0,156,1,10
1837,0,-1,0,0,0,826,1,8
1838,0,-1,0,0,1,250,1,16
1839,0,-1,0,0,0,840,1,19
1840,0,-1,0,1,0,276,1,16
1841,0,-1,0,0,0,156,1,10
1842,0,-1,0,0,0,276,1,2
1843,0,-1,0,0,0,156,1,18
1844,0,-1,0,0,0,276,1,4
1845,0,-1,0,0,0,250,1,0
1846,0,-1,0,0,0,826,1,19
1847,0,-1,0,0,0,156,1,15
1848,0,-1,0,0,0,276,1,7
1849,0,-1,0,0,0,250,1,12
1850,0,-1,0,0,0,826,1,11
1851,0,-1,0,0,0,840,1,6
1852,0,-1,0,0,0,826,1,9
1853,0,-1,0,0,0,276,1,3
1854,0,-1,0,0,0,826,1,15
1855,0,-1,0,0,0,250,1,4
1856,0,-1,0,0,0,276,1,18
1857,0,-1,0,0,1,826,1,10
1858,0,-1,0,0,0,276,1,12
1859,0,-1,0,0,0,276,1,0
1860,0,-1,0,1,0,826,1,9
1861,0,-1,0,0,0,840,1,8
1862,0,-1,0,0,0,156,1,11
1863,0,-1,0,0,0,826,1,18
1864,0,-1,0,1,0,840,1,13
1865,0,-1,0,0,0,840,1,17
1866,0,-1,0,0,0,276,1,13
1867,0,-1,0,0,0,276,1,17
1868,0,-1,0,0,0,156,1,1
1869,0,-1,0,0,0,826,1,2
1870,0,-1,0,1,0,250,1,6
1871,0,-1,0,0,0,156,1,0
1872,0,-1,0,0,0,250,1,2
1873,0,-1,0,0,0,840,1,16
1874,0,-1,0,0,0,156,1,5
1875,0,-1,0,0,0,276,1,10
1876,0,-1,0,0,0,156,1,8
1877,0,-1,0,0,0,156,1,2
1878,0,-1,0,0,0,250,1,17
1879,0,-1,0,0,0,156,1,4
1880,0,-1,0,0,0,156,1,11
1881,0,-1,0,0,0,156,1,12
1882,0,-1,0,0,0,840,1,10
1883,0,-1,0,0,0,276,1,5
1884,0,-1,0,0,0,276,1,5
1885,0,-1,0,0,0,840,1,13
1886,0,-1,0,0,0,276,1,16
1887,0,-1,0,0,0,276,1,19
1888,0,-1,0,0,0,250,1,17
1889,0,-1,0,0,1,250,1,0
1890,0,-1,0,0,0,156,1,7
1891,0,-1,0,0,0,840,1,19
1892,0,-1,0,0,0,276,1,19
1893,0,-1,0,0,0,840,1,12
1894,0,-1,0,0,0,826,1,4
1895,0,-1,0,0,0,276,1,19
1896,0,-1,0,1,0,840,1,2
1897,0,-1,0,0,0,276,1,0
1898,0,-1,0,0,0,840,1,12
1899,0,-1,0,0,0,276,1,14
1900,0,-1,0,0,0,156,1,11
1901,0,-1,0,0,0,250,1,7
1902,0,-1,0,0,0,250,1,16
1903,0,-1,0,0,0,826,1,10
1904,0,-1,0,0,0,156,1,12
1905,0,-1,0,0,0,840,1,8
1906,0,-1,0,0,0,276,1,4
1907,0,-1,0,0,0,250,1,16
1908,0,-1,0,0,1,826,1,14
1909,0,-1,0,0,0,826,1,17
1910,0,-1,0,0,1,840,1,12
1911,0,-1,0,0,0,840,1,17
1912,0,-1,0,1,0,826,1,18
1913,0,-1,0,0,0,156,1,18
1914,0,-1,0,0,0,276,1,10
1915,0,-1,0,0,0,250,1,2
1916,0,-1,0,0,0,250,1,1
1917,0,-1,0,0,0,156,1,4
1918,0,-1,0,0,0,156,1,8
1919,0,-1,0,0,0,826,1,4
1920,0,-1,0,1,0,250,1,17
1921,0,-1,0,0,0,250,1,15
1922,0,-1,0,0,0,826,1,6
1923,0,-1,0,0,0,156,1,1
1924,0,-1,0,0,0,276,1,16
1925,0,-1,0,0,0,276,1,16
1926,0,-1,0,0,0,276,1,2
1927,0,-1,0,1,0,276,1,10
1928,0,-1,0,0,0,250,1,18
1929,0,-1,0,0,0,156,1,11
1930,0,-1,0,0,0,156,1,11
1931,0,-1,0,0,0,840,1,18
1932,0,-1,0,0,0,156,1,6
1933,0,-1,0,0,0,156,1,16
1934,0,-1,0,1,0,840,1,12
1935,0,-1,0,0,0,840,1,0
1936,0,-1,0,0,0,826,1,12
1937,0,-1,0,0,0,840,1,17
1938,0,-1,0,0,0,250,1,9
1939,0,-1,0,0,0,250,1,9
1940,0,-1,0,1,0,276,1,5
1941,0,-1,0,0,0,156,1,2
1942,0,-1,0,1,0,276,1,19
1943,0,-1,0,0,0,826,1,10
1944,0,-1,0,0,0,840,1,17
1945,0,-1,0,0,0,826,1,2
1946,0,-1,0,0,0,276,1,18
1947,0,-1,0,0,0,156,1,7
1948,0,-1,0,0,0,156,1,11
1949,0,-1,0,1,0,840,1,6
1950,0,-1,0,0,0,250,1,15
1951,0,-1,0,0,0,276,1,18
1952,0,-1,0,0,0,826,1,4
1953,0,-1,0,0,0,156,1,7
1954,0,-1,0,0,0,250,1,2
1955,0,-1,0,0,0,156,1,5
1956,0,-1,0,0,0,826,1,2
1957,0,-1,0,0,0,156,1,18
1958,0,-1,0,0,0,826,1,11
1959,0,-1,0,0,0,276,1,7
1960,0,-1,0,0,0,156,1,16
1961,0,-1,0,0,0,276,1,10
1962,0,-1,0,0,0,156,1,14
1963,0,-1,0,0,0,250,1,7
1964,0,-1,0,0,0,840,1,11
1965,0,-1,0,0,0,156,1,8
1966,0,-1,0,0,0,156,1,14
1967,0,-1,0,0,0,826,1,2
1968,0,-1,0,1,0,276,1,5
1969,0,-1,0,0,1,250,1,0
1970,0,-1,0,0,0,826,1,18
1971,0,-1,0,0,0,250,1,13
1972,0,-1,0,0,0,250,1,5
1973,0,-1,0,0,0,156,1,0
1974,0,-1,0,0,0,156,1,2
1975,0,-1,0,1,0,276,1,15
1976,0,-1,0,1,0,840,1,2
1977,0,-1,0,0,0,250,1,3
1978,0,-1,0,0,0,840,1,10
1979,0,-1,0,0,0,826,1,7
1980,0,-1,0,0,0,156,1,1
1981,0,-1,0,0,0,840,1,17
1982,0,-1,0,0,0,276,1,9
1983,0,-1,0,0,0,840,1,1
1984,0,-1,0,0,0,250,1,1
1985,0,-1,0,0,0,276,1,11
1986,0,-1,0,0,0,840,1,1
1987,0,-1,0,0,0,840,1,15
1988,0,-1,0,0,0,156,1,0
1989,0,-1,0,0,0,156,1,11
1990,0,-1,0,0,0,156,1,3
1991,0,-1,0,1,0,156,1,12
1992,0,-1,0,0,0,840,1,15
1993,0,-1,0,0,0,826,1,8
1994,0,-1,0,1,0,826,1,19
1995,0,-1,0,0,0,276,1,13
1996,0,-1,0,0,0,250,1,10
1997,0,-1,0,0,0,250,1,3
1998,0,-1,0,0,0,156,1,16
1999,0,-1,0,0,0,826,1,1
2000,0,-1,0,0,0,840,1,10
2001,0,-1,0,0,0,276,1,9
2002,0,-1,0,0,0,250,1,0
2003,0,-1,0,0,0,826,1,11
2004,0,-1,0,0,0,250,1,18
2005,0,-1,0,0,0,276,1,11
2006,0,-1,0,0,0,276,1,14
2007,0,-1,0,0,1,826,1,19
2008,0,-1,0,0,0,156,1,4
2009,0,-1,0,0,0,250,1,7
2010,0,-1,0,0,0,840,1,19
2011,0,-1,0,0,0,250,1,14
2012,0,-1,0,0,0,250,1,15
2013,0,-1,0,0,0,156,1,0
2014,0,-1,0,0,0,826,1,2
2015,0,-1,0,0,0,156,1,5
2016,0,-1,0,0,0,276,1,18
2017,0,-1,0,1,0,840,1,14
2018,0,-1,0,0,0,276,1,18
2019,0,-1,0,0,0,826,1,15
2020,0,-1,0,0,0,840,1,5
2021,0,-1,0,0,0,250,1,18
2022,0,-1,0,0,0,826,1,17
2023,0,-1,0,0,0,276,1,0
2024,0,-1,0,0,0,826,1,4
2025,0,-1,0,0,0,156,1,6
2026,0,-1,0,0,0,156,1,4
2027,0,-1,0,0,0,250,1,14
2028,0,-1,0,0,0,276,1,11
2029,0,-1,0,0,0,250,1,12
2030,0,-1,0,0,0,826,1,18
2031,0,-1,0,0,0,276,1,9
2032,0,-1,0,0,0,156,1,0
2033,0,-1,0,0,0,250,1,17
2034,0,-1,0,0,0,826,1,11
2035,0,-1,0,0,0,276,1,9
2036,0,-1,0,0,0,250,1,2
2037,0,-1,0,1,0,826,1,6
2038,0,-1,0,0,0,156,1,0
2039,0,-1,0,0,0,156,1,19
2040,0,-1,0,1,0,826,1,2
2041,0,-1,0,0,0,156,1,0
2042,0,-1,0,0,0,840,1,7
2043,0,-1,0,0,0,276,1,8
2044,0,-1,0,0,0,156,1,5
2045,0,-1,0,0,0,276,1,1
2046,0,-1,0,0,0,826,1,19
2047,0,-1,0,0,0,250,1,4
2048,0,-1,0,0,0,276,1,13
2049,0,-1,0,1,0,826,1,9
2050,0,-1,0,0,0,840,1,14
2051,0,-1,0,0,0,156,1,9
2052,0,-1,0,0,0,156,1,11
2053,0,-1,0,0,0,250,1,2
2054,0,-1,0,0,0,840,1,8
2055,0,-1,0,0,0,276,1,4
2056,0,-1,0,0,0,250,1,2
2057,0,-1,0,0,0,826,1,4
2058,0,-1,0,0,0,276,1,19
2059,0,-1,0,0,0,156,1,10
2060,0,-1,0,0,0,250,1,2
2061,0,-1,0,0,0,276,1,13
2062,0,-1,0,0,0,156,1,9
2063,0,-1,0,0,0,826,1,16
2064,0,-1,0,0,0,840,1,13
2065,0,-1,0,0,0,156,1,11
2066,0,-1,0,0,0,250,1,16
2067,0,-1,0,1,0,250,1,8
2068,0,-1,0,0,0,840,1,10
2069,0,-1,0,0,0,276,1,3
2070,0,-1,0,0,0,250,1,6
2071,0,-1,0,0,0,840,1,19
2072,0,-1,0,1,0,276,1,8
2073,0,-1,0,1,0,840,1,8
2074,0,-1,0,0,0,276,1,12
2075,0,-1,0,0,0,250,1,16
2076,0,-1,0,0,0,276,1,9
2077,0,-1,0,0,0,156,1,9
2078,0,-1,0,1,0,250,1,19
2079,0,-1,0,0,0,826,1,11
2080,0,-1,0,0,0,250,1,8
2081,0,-1,0,0,0,276,1,0
2082,0,-1,0,0,0,250,1,12
2083,0,-1,0,0,0,250,1,11
2084,0,-1,0,0,0,840,1,14
2085,0,-1,0,0,0,250,1,17
2086,0,-1,0,0,0,826,1,4
2087,0,-1,0,0,0,826,1,14
2088,0,-1,0,0,0,156,1,8
2089,0,-1,0,0,0,826,1,9
2090,0,-1,0,0,0,826,1,18
2091,0,-1,0,0,0,276,1,10
2092,0,-1,0,0,1,840,1,9
2093,0,-1,0,0,0,276,1,1
2094,0,-1,0,0,0,826,1,3
2095,0,-1,0,0,0,156,1,0
2096,0,-1,0,1,0,826,1,14
2097,0,-1,0,0,0,276,1,7
2098,0,-1,0,0,0,840,1,2
2099,0,-1,0,0,0,156,1,18
2100,0,-1,0,0,0,250,1,19
2101,0,-1,0,0,0,840,1,1
2102,0,-1,0,0,0,276,1,6
2103,0,-1,0,0,0,250,1,9
2104,0,-1,0,0,0,840,1,10
2105,0,-1,0,0,1,826,1,1
2106,0,-1,0,0,0,250,1,8
2107,0,-1,0,0,0,276,1,17
2108,0,-1,0,0,0,826,1,14
2109,0,-1,0,0,0,840,1,7
2110,0,-1,0,0,0,826,1,2
2111,0,-1,0,0,0,276,1,11
2112,0,-1,0,0,0,826,1,17
2113,0,-1,0,0,0,250,1,19
2114,0,-1,0,0,0,840,1,12
2115,0,-1,0,0,0,840,1,10
2116,0,-1,0,0,0,156,1,1
2117,0,-1,0,0,0,250,1,4
2118,0,-1,0,0,1,156,1,10
2119,0,-1,0,0,0,250,1,5
2120,0,-1,0,1,0,840,1,15
2121,0,-1,0,0,0,156,1,11
2122,0,-1,0,0,0,250,1,9
2123,0,-1,0,0,0,276,1,6
2124,0,-1,0,0,0,826,1,0
2125,0,-1,0,0,0,250,1,11
2126,0,-1,0,0,0,250,1,17
2127,0,-1,0,0,0,250,1,1
2128,0,-1,0,0,0,276,1,17
2129,0,-1,0,0,0,156,1,16
2130,0,-1,0,0,0,276,1,1
2131,0,-1,0,0,0,826,1,0
2132,0,-1,0,0,0,826,1,9
2133,0,-1,0,0,0,840,1,19
2134,0,-1,0,0,0,826,1,1
2135,0,-1,0,0,0,840,1,0
2136,0,-1,0,0,0,156,1,4
2137,0,-1,0,0,0,826,1,17
2138,0,-1,0,0,0,826,1,8
2139,0,-1,0,0,0,250,1,4
2140,0,-1,0,0,0,826,1,12
2141,0,-1,0,1,0,826,1,2
2142,0,-1,0,0,1,250,1,10
2143,0,-1,0,0,0,840,1,17
2144,0,-1,0,1,0,840,1,12
2145,0,-1,0,0,0,276,1,16
2146,0,-1,0,0,0,276,1,4
2147,0,-1,0,0,1,826,1,2
2148,0,-1,0,0,0,156,1,17
2149,0,-1,0,0,0,276,1,9
2150,0,-1,0,0,0,156,1,0
2151,0,-1,0,1,0,826,1,8
2152,0,-1,0,0,0,276,1,13
2153,0,-1,0,0,0,276,1,7
2154,0,-1,0,0,0,826,1,3
2155,0,-1,0,0,0,250,1,11
2156,0,-1,0,0,0,276,1,18
2157,0,-1,0,0,0,250,1,19
2158,0,-1,0,0,0,840,1,10
2159,0,-1,0,0,0,276,1,3
2160,0,-1,0,0,0,840,1,6
2161,0,-1,0,0,0,276,1,15
2162,0,-1,0,1,0,840,1,2
2163,0,-1,0,0,0,156,1,14
2164,0,-1,0,0,0,840,1,10
2165,0,-1,0,0,0,156,1,14
2166,0,-1,0,0,0,840,1,12
2167,0,-1,0,0,0,250,1,16
2168,0,-1,0,1,0,276,1,10
2169,0,-1,0,0,0,250,1,1
2170,0,-1,0,0,0,276,1,7
2171,0,-1,0,0,0,840,1,7
2172,0,-1,0,0,0,826,1,15
2173,0,-1,0,0,0,840,1,9
2174,0,-1,0,1,0,250,1,15
2175,0,-1,0,0,0,156,1,7
2176,0,-1,0,0,0,826,1,10
2177,0,-1,0,0,0,156,1,9
2178,0,-1,0,0,0,276,1,3
2179,0,-1,0,0,0,840,1,9
2180,0,-1,0,1,0,840,1,17
2181,0,-1,0,0,0,840,1,4
2182,0,-1,0,1,0,156,1,0
2183,0,-1,0,0,0,250,1,6
2184,0,-1,0,0,0,250,1,2
2185,0,-1,0,0,0,250,1,12
2186,0,-1,0,0,0,840,1,3
2187,0,-1,0,0,0,156,1,18
2188,0,-1,0,0,0,156,1,7
2189,0,-1,0,1,0,840,1,10
2190,0,-1,0,0,0,276,1,9
2191,0,-1,0,0,0,826,1,4
2192,0,-1,0,0,0,276,1,8
2193,0,-1,0,1,0,826,1,18
2194,0,-1,0,0,0,276,1,11
2195,0,-1,0,0,0,276,1,6
2196,0,-1,0,0,0,156,1,1
2197,0,-1,0,0,0,276,1,12
2198,0,-1,0,1,0,826,1,17
2199,0,-1,0,0,0,826,1,7
2200,0,-1,0,0,0,250,1,14
2201,0,-1,0,0,0,156,1,2
2202,0,-1,0,0,0,250,1,18
2203,0,-1,0,0,0,156,1,0
2204,0,-1,0,0,0,276,1,0
2205,0,-1,0,0,0,276,1,15
2206,0,-1,0,1,0,826,1,19
2207,0,-1,0,0,0,840,1,19
2208,0,-1,0,0,0,250,1,12
2209,0,-1,0,0,0,156,1,3
2210,0,-1,0,0,0,840,1,8
2211,0,-1,0,1,0,840,1,18
2212,0,-1,0,0,0,840,1,1
2213,0,-1,0,0,0,826,1,14
2214,0,-1,0,0,0,250,1,18
2215,0,-1,0,0,0,250,1,10
2216,0,-1,0,1,1,156,1,6
2217,0,-1,0,0,0,840,1,6
2218,0,-1,0,0,0,840,1,13
2219,0,-1,0,1,1,156,1,17
2220,0,-1,0,0,0,156,1,12
2221,0,-1,0,0,0,156,1,7
2222,0,-1,0,0,0,156,1,18
2223,0,-1,0,0,0,826,1,4
2224,0,-1,0,1,0,840,1,14
2225,0,-1,0,0,0,156,1,2
2226,0,-1,0,1,0,826,1,15
2227,0,-1,0,0,0,156,1,5
2228,0,-1,0,0,0,840,1,17
2229,0,-1,0,0,0,826,1,13
2230,0,-1,0,0,0,276,1,10
2231,0,-1,0,0,0,156,1,9
2232,0,-1,0,0,0,840,1,4
2233,0,-1,0,0,0,840,1,5
2234,0,-1,0,1,0,840,1,11
2235,0,-1,0,0,0,840,1,19
2236,0,-1,0,0,0,156,1,16
2237,0,-1,0,0,0,840,1,11
2238,0,-1,0,0,1,250,1,6
2239,0,-1,0,0,1,840,1,15
2240,0,-1,0,0,1,250,1,5
2241,0,-1,0,0,0,156,1,10
2242,0,-1,0,0,0,276,1,15
2243,0,-1,0,0,0,250,1,0
2244,0,-1,0,0,0,840,1,2
2245,0,-1,0,0,0,840,1,17
2246,0,-1,0,0,0,826,1,4
2247,0,-1,0,0,0,250,1,17
2248,0,-1,0,0,0,250,1,12
2249,0,-1,0,0,0,250,1,9
2250,0,-1,0,0,0,156,1,11
2251,0,-1,0,1,0,250,1,5
2252,0,-1,0,1,0,840,1,7
2253,0,-1,0,0,0,840,1,3
2254,0,-1,0,0,0,276,1,1
2255,0,-1,0,0,0,840,1,7
2256,0,-1,0,0,0,826,1,4
2257,0,-1,0,0,0,826,1,13
2258,0,-1,0,1,0,276,1,2
2259,0,-1,0,0,0,826,1,11
2260,0,-1,0,0,0,250,1,7
2261,0,-1,0,0,0,250,1,18
2262,0,-1,0,0,0,156,1,10
2263,0,-1,0,0,0,250,1,14
2264,0,-1,0,0,0,156,1,15
2265,0,-1,0,0,0,276,1,13
2266,0,-1,0,0,0,156,1,9
2267,0,-1,0,0,0,276,1,13
2268,0,-1,0,0,0,156,1,0
2269,0,-1,0,0,0,840,1,10
2270,0,-1,0,0,0,250,1,6
2271,0,-1,0,0,0,826,1,13
2272,0,-1,0,0,0,840,1,0
2273,0,-1,0,0,0,156,1,9
2274,0,-1,0,0,0,276,1,10
2275,0,-1,0,1,0,276,1,11
2276,0,-1,0,1,0,276,1,11
2277,0,-1,0,0,0,156,1,17
2278,0,-1,0,0,0,250,1,7
2279,0,-1,0,0,0,276,1,3
2280,0,-1,0,0,0,250,1,13
2281,0,-1,0,0,0,840,1,11
2282,0,-1,0,0,0,826,1,9
2283,0,-1,0,0,0,156,1,5
2284,0,-1,0,0,0,156,1,17
2285,0,-1,0,0,0,276,1,19
2286,0,-1,0,0,0,156,1,18
2287,0,-1,0,0,0,826,1,18
2288,0,-1,0,0,0,156,1,10
2289,0,-1,0,1,0,276,1,12
2290,0,-1,0,0,0,156,1,19
2291,0,-1,0,0,0,840,1,7
2292,0,-1,0,0,0,840,1,6
2293,0,-1,0,0,0,156,1,4
2294,0,-1,0,0,0,826,1,7
2295,0,-1,0,0,0,250,1,19
2296,0,-1,0,0,0,250,1,14
2297,0,-1,0,0,0,826,1,16
2298,0,-1,0,0,0,276,1,16
2299,0,-1,0,0,0,276,1,15
2300,0,-1,0,0,0,826,1,11
2301,0,-1,0,0,0,826,1,4
2302,0,-1,0,0,0,276,1,19
2303,0,-1,0,0,0,250,1,7
2304,0,-1,0,0,0,840,1,0
2305,0,-1,0,0,0,156,1,16
2306,0,-1,0,0,0,250,1,14
2307,0,-1,0,0,0,276,1,5
2308,0,-1,0,0,0,276,1,6
2309,0,-1,0,0,0,276,1,3
2310,0,-1,0,0,0,276,1,5
2311,0,-1,0,0,0,156,1,5
2312,0,-1,0,0,0,840,1,13
2313,0,-1,0,0,0,156,1,9
2314,0,-1,0,0,0,156,1,9
2315,0,-1,0,0,1,276,1,0
2316,0,-1,0,0,0,250,1,10
2317,0,-1,0,0,0,156,1,0
2318,0,-1,0,0,0,826,1,14
2319,0,-1,0,0,0,276,1,8
2320,0,-1,0,0,1,156,1,3
2321,0,-1,0,1,0,156,1,8
2322,0,-1,0,0,1,250,1,11
2323,0,-1,0,0,0,276,1,7
2324,0,-1,0,0,0,840,1,4
2325,0,-1,0,0,0,156,1,6
2326,0,-1,0,1,0,826,1,4
2327,0,-1,0,1,0,250,1,19
2328,0,-1,0,1,0,276,1,15
2329,0,-1,0,1,0,826,1,19
2330,0,-1,0,0,0,156,1,13
2331,0,-1,0,0,0,276,1,10
2332,0,-1,0,0,0,840,1,7
2333,0,-1,0,1,0,250,1,9
2334,0,-1,0,0,0,276,1,2
2335,0,-1,0,1,0,826,1,8
2336,0,-1,0,0,1,840,1,4
2337,0,-1,0,0,0,826,1,0
2338,0,-1,0,0,0,250,1,17
2339,0,-1,0,0,0,156,1,4
2340,0,-1,0,0,0,276,1,12
2341,0,-1,0,0,0,840,1,12
2342,0,-1,0,0,0,276,1,11
2343,0,-1,0,0,0,276,1,13
2344,0,-1,0,0,0,826,1,18
2345,0,-1,0,0,0,826,1,17
2346,0,-1,0,0,0,276,1,9
2347,0,-1,0,0,0,156,1,1
2348,0,-1,0,0,0,156,1,19
2349,0,-1,0,0,0,250,1,17
2350,0,-1,0,0,0,826,1,3
2351,0,-1,0,1,0,156,1,6
2352,0,-1,0,0,0,840,1,6
2353,0,-1,0,0,0,276,1,10
2354,0,-1,0,0,0,840,1,6
2355,0,-1,0,0,0,156,1,15
2356,0,-1,0,0,0,156,1,12
2357,0,-1,0,0,0,840,1,8
2358,0,-1,0,0,0,156,1,3
2359,0,-1,0,0,0,840,1,11
2360,0,-1,0,0,0,250,1,16
2361,0,-1,0,0,0,826,1,7
2362,0,-1,0,0,0,276,1,8
2363,0,-1,0,0,0,276,1,7
2364,0,-1,0,0,0,156,1,12
2365,0,-1,0,0,0,156,1,12
2366,0,-1,0,0,0,250,1,17
2367,0,-1,0,0,0,840,1,19
2368,0,-1,0,0,0,840,1,14
2369,0,-1,0,0,0,156,1,1
2370,0,-1,0,0,0,156,1,10
2371,0,-1,0,0,0,840,1,13
2372,0,-1,0,0,0,156,1,3
2373,0,-1,0,0,0,826,1,17
2374,0,-1,0,0,0,250,1,18
2375,0,-1,0,1,0,840,1,10
2376,0,-1,0,0,0,250,1,0
2377,0,-1,0,0,0,156,1,7
2378,0,-1,0,0,0,250,1,18
2379,0,-1,0,0,0,156,1,16
2380,0,-1,0,0,0,250,1,4
2381,0,-1,0,0,0,250,1,4
2382,0,-1,0,0,0,276,1,17
2383,0,-1,0,0,0,156,1,7
2384,0,-1,0,0,0,276,1,3
2385,0,-1,0,1,0,250,1,2
2386,0,-1,0,0,0,250,1,4
2387,0,-1,0,0,0,276,1,5
2388,0,-1,0,0,0,250,1,7
2389,0,-1,0,0,0,156,1,9
2390,0,-1,0,0,0,840,1,17
2391,0,-1,0,0,0,276,1,17
2392,0,-1,0,0,0,276,1,11
2393,0,-1,0,0,0,840,1,9
2394,0,-1,0,0,0,156,1,12
2395,0,-1,0,1,0,276,1,19
2396,0,-1,0,0,0,250,1,15
2397,0,-1,0,0,0,826,1,9
2398,0,-1,0,0,0,156,1,6
2399,0,-1,0,0,0,250,1,12
2400,0,-1,0,0,0,840,1,19
2401,0,-1,0,0,0,276,1,13
2402,0,-1,0,0,0,156,1,15
2403,0,-1,0,1,0,156,1,0
2404,0,-1,0,0,0,250,1,4
2405,0,-1,0,0,1,826,1,7
2406,0,-1,0,0,0,276,1,16
2407,0,-1,0,1,0,156,1,5
2408,0,-1,0,0,0,250,1,16
2409,0,-1,0,0,0,276,1,13
2410,0,-1,0,1,0,826,1,16
2411,0,-1,0,0,0,250,1,10
2412,0,-1,0,0,0,826,1,14
2413,0,-1,0,0,0,250,1,8
2414,0,-1,0,0,0,276,1,16
2415,0,-1,0,1,0,826,1,18
2416,0,-1,0,0,0,276,1,14
2417,0,-1,0,0,0,840,1,14
2418,0,-1,0,0,0,250,1,3
2419,0,-1,0,0,1,156,1,2
2420,0,-1,0,0,0,840,1,0
2421,0,-1,0,0,0,276,1,18
2422,0,-1,0,0,0,826,1,18
2423,0,-1,0,0,0,156,1,6
2424,0,-1,0,0,0,826,1,17
2425,0,-1,0,0,0,840,1,15
2426,0,-1,0,0,0,276,1,11
2427,0,-1,0,0,0,276,1,14
2428,0,-1,0,0,0,826,1,2
2429,0,-1,0,0,0,840,1,0
2430,0,-1,0,0,0,840,1,3
2431,0,-1,0,1,0,156,1,16
2432,0,-1,0,0,0,840,1,11
2433,0,-1,0,0,0,826,1,19
2434,0,-1,0,0,0,826,1,7
2435,0,-1,0,0,0,156,1,8
2436,0,-1,0,0,0,276,1,12
2437,0,-1,0,0,0,250,1,16
2438,0,-1,0,0,0,250,1,19
2439,0,-1,0,0,0,840,1,10
2440,0,-1,0,0,0,276,1,17
2441,0,-1,0,0,0,276,1,19
2442,0,-1,0,0,1,250,1,17
2443,0,-1,0,0,0,840,1,16
2444,0,-1,0,0,0,156,1,18
2445,0,-1,0,0,0,156,1,17
2446,0,-1,0,0,0,250,1,12
2447,0,-1,0,0,0,156,1,2
2448,0,-1,0,0,0,156,1,18
2449,0,-1,0,0,0,276,1,8
2450,0,-1,0,0,0,276,1,12
2451,0,-1,0,0,0,826,1,16
2452,0,-1,0,0,0,276,1,11
2453,0,-1,0,0,0,826,1,10
2454,0,-1,0,0,0,840,1,19
2455,0,-1,0,0,0,840,1,16
2456,0,-1,0,0,0,250,1,1
2457,0,-1,0,0,0,840,1,1
2458,0,-1,0,0,0,840,1,3
2459,0,-1,0,0,0,840,1,14
2460,0,-1,0,0,0,840,1,1
2461,0,-1,0,0,0,156,1,19
2462,0,-1,0,1,0,250,1,18
2463,0,-1,0,0,0,840,1,13
2464,0,-1,0,0,0,276,1,0
2465,0,-1,0,0,0,276,1,12
2466,0,-1,0,0,0,840,1,9
2467,0,-1,0,0,0,840,1,15
2468,0,-1,0,0,0,156,1,6
2469,0,-1,0,1,0,250,1,17
2470,0,-1,0,0,0,250,1,10
2471,0,-1,0,0,0,156,1,9
2472,0,-1,0,0,0,840,1,1
2473,0,-1,0,0,0,156,1,15
2474,0,-1,0,0,0,250,1,17
2475,0,-1,0,0,0,156,1,12
2476,0,-1,0,0,0,840,1,9
2477,0,-1,0,0,0,276,1,12
2478,0,-1,0,0,1,250,1,3
2479,0,-1,0,0,0,840,1,15
2480,0,-1,0,0,0,250,1,14
2481,0,-1,0,0,0,840,1,8
2482,0,-1,0,0,0,156,1,11
2483,0,-1,0,0,0,840,1,3
2484,0,-1,0,0,0,840,1,6
2485,0,-1,0,0,0,840,1,15
2486,0,-1,0,1,0,276,1,11
2487,0,-1,0,0,0,276,1,14
2488,0,-1,0,0,0,276,1,15
2489,0,-1,0,0,0,276,1,1
2490,0,-1,0,0,0,250,1,4
2491,0,-1,0,0,0,826,1,16
2492,0,-1,0,0,0,276,1,18
2493,0,-1,0,0,0,276,1,2
2494,0,-1,0,0,0,276,1,12
2495,0,-1,0,0,0,826,1,6
2496,0,-1,0,0,0,826,1,15
2497,0,-1,0,0,0,250,1,15
2498,0,-1,0,0,0,276,1,10
2499,0,-1,0,0,0,276,1,15
2500,0,-1,0,0,0,156,1,15
2501,0,-1,0,0,0,250,1,15
2502,0,-1,0,0,0,250,1,9
2503,0,-1,0,0,0,156,1,16
2504,0,-1,0,0,0,250,1,7
2505,0,-1,0,1,0,276,1,6
2506,0,-1,0,0,0,276,1,9
2507,0,-1,0,0,1,156,1,17
2508,0,-1,0,0,0,840,1,2
2509,0,-1,0,0,0,156,1,19
2510,0,-1,0,0,0,276,1,16
2511,0,-1,0,0,0,826,1,10
2512,0,-1,0,0,0,156,1,14
2513,0,-1,0,0,0,250,1,3
2514,0,-1,0,0,0,250,1,8
2515,0,-1,0,0,0,276,1,2
2516,0,-1,0,0,0,250,1,1
2517,0,-1,0,0,0,276,1,6
2518,0,-1,0,0,0,840,1,0
2519,0,-1,0,0,0,826,1,10
2520,0,-1,0,0,1,250,1,16
2521,0,-1,0,0,1,826,1,14
2522,0,-1,0,0,1,276,1,18
2523,0,-1,0,0,0,156,1,3
2524,0,-1,0,0,0,250,1,6
2525,0,-1,0,0,0,276,1,11
2526,0,-1,0,0,0,250,1,18
2527,0,-1,0,0,0,840,1,11
2528,0,-1,0,0,0,840,1,18
2529,0,-1,0,0,0,826,1,17
2530,0,-1,0,0,0,826,1,12
2531,0,-1,0,0,1,826,1,12
2532,0,-1,0,0,0,276,1,5
2533,0,-1,0,0,0,156,1,4
2534,0,-1,0,0,0,276,1,18
2535,0,-1,0,0,0,156,1,2
2536,0,-1,0,1,0,276,1,2
2537,0,-1,0,0,0,826,1,11
2538,0,-1,0,1,0,826,1,19
2539,0,-1,0,1,0,826,1,18
2540,0,-1,0,0,0,250,1,11
2541,0,-1,0,0,0,250,1,15
2542,0,-1,0,0,0,156,1,18
2543,0,-1,0,0,0,156,1,17
2544,0,-1,0,0,0,250,1,6
2545,0,-1,0,0,0,840,1,6
2546,0,-1,0,0,0,826,1,16
2547,0,-1,0,0,0,840,1,6
2548,0,-1,0,0,0,276,1,6
2549,0,-1,0,0,0,840,1,8
2550,0,-1,0,0,0,276,1,10
2551,0,-1,0,0,0,250,1,11
2552,0,-1,0,0,0,840,1,5
2553,0,-1,0,0,0,156,1,1
2554,0,-1,0,0,0,276,1,5
2555,0,-1,0,0,0,826,1,10
2556,0,-1,0,0,0,156,1,8
2557,0,-1,0,0,0,156,1,2
2558,0,-1,0,0,0,276,1,11
2559,0,-1,0,0,0,156,1,5
2560,0,-1,0,0,0,250,1,8
2561,0,-1,0,0,0,250,1,15
2562,0,-1,0,0,0,156,1,0
2563,0,-1,0,0,0,840,1,8
2564,0,-1,0,0,0,826,1,18
2565,0,-1,0,0,0,250,1,7
2566,0,-1,0,0,0,276,1,12
2567,0,-1,0,0,0,156,1,12
2568,0,-1,0,0,0,826,1,1
2569,0,-1,0,1,0,276,1,5
2570,0,-1,0,0,0,156,1,16
2571,0,-1,0,0,0,250,1,6
2572,0,-1,0,0,0,826,1,13
2573,0,-1,0,0,0,250,1,17
2574,0,-1,0,0,0,826,1,10
2575,0,-1,0,0,0,250,1,18
2576,0,-1,0,0,0,826,1,18
2577,0,-1,0,0,0,250,1,13
2578,0,-1,0,0,0,840,1,3
2579,0,-1,0,0,0,840,1,19
2580,0,-1,0,0,0,276,1,6
2581,0,-1,0,0,0,826,1,17
2582,0,-1,0,0,0,250,1,9
2583,0,-1,0,0,0,826,1,17
2584,0,-1,0,0,0,276,1,14
2585,0,-1,0,0,0,840,1,17
2586,0,-1,0,0,0,250,1,11
2587,0,-1,0,0,0,826,1,1
2588,0,-1,0,0,0,840,1,15
2589,0,-1,0,0,0,156,1,15
2590,0,-1,0,0,0,156,1,17
2591,0,-1,0,0,0,250,1,17
2592,0,-1,0,0,0,826,1,11
2593,0,-1,0,0,0,250,1,2
2594,0,-1,0,0,0,840,1,19
2595,0,-1,0,0,0,276,1,19
2596,0,-1,0,0,0,840,1,0
2597,0,-1,0,1,0,156,1,14
2598,0,-1,0,0,0,250,1,13
2599,0,-1,0,0,0,250,1,13
2600,0,-1,0,0,0,156,1,12
2601,0,-1,0,0,0,840,1,1
2602,0,-1,0,0,0,826,1,5
2603,0,-1,0,0,0,250,1,16
2604,0,-1,0,0,0,250,1,6
2605,0,-1,0,0,0,250,1,5
2606,0,-1,0,0,0,826,1,11
2607,0,-1,0,0,0,276,1,6
2608,0,-1,0,0,0,156,1,13
2609,0,-1,0,0,0,250,1,3
2610,0,-1,0,0,0,826,1,10
2611,0,-1,0,1,0,840,1,7
2612,0,-1,0,0,1,156,1,11
2613,0,-1,0,0,0,250,1,15
2614,0,-1,0,0,0,250,1,14
2615,0,-1,0,0,0,156,1,10
2616,0,-1,0,0,0,276,1,17
2617,0,-1,0,0,0,276,1,8
2618,0,-1,0,0,0,250,1,15
2619,0,-1,0,0,0,826,1,15
2620,0,-1,0,0,0,250,1,18
2621,0,-1,0,0,1,250,1,10
2622,0,-1,0,0,0,250,1,8
2623,0,-1,0,0,0,276,1,13
2624,0,-1,0,1,0,826,1,0
2625,0,-1,0,0,0,276,1,0
2626,0,-1,0,0,0,840,1,2
2627,0,-1,0,0,0,826,1,1
2628,0,-1,0,1,0,156,1,5
2629,0,-1,0,0,0,156,1,18
2630,0,-1,0,0,0,840,1,9
2631,0,-1,0,0,0,156,1,18
2632,0,-1,0,0,0,276,1,14
2633,0,-1,0,0,0,840,1,3
2634,0,-1,0,0,1,840,1,19
2635,0,-1,0,0,0,840,1,2
2636,0,-1,0,0,0,826,1,3
2637,0,-1,0,1,0,840,1,4
2638,0,-1,0,1,0,826,1,14
2639,0,-1,0,0,0,276,1,14
2640,0,-1,0,1,0,276,1,3
2641,0,-1,0,0,0,826,1,15
2642,0,-1,0,1,0,250,1,10
2643,0,-1,0,0,0,276,1,10
2644,0,-1,0,0,0,156,1,14
2645,0,-1,0,0,0,840,1,6
2646,0,-1,0,0,0,826,1,7
2647,0,-1,0,0,0,826,1,17
2648,0,-1,0,0,0,840,1,14
2649,0,-1,0,0,0,156,1,10
2650,0,-1,0,0,0,840,1,3
2651,0,-1,0,0,0,840,1,15
2652,0,-1,0,0,0,156,1,8
2653,0,-1,0,0,0,250,1,12
2654,0,-1,0,0,0,156,1,3
2655,0,-1,0,0,0,840,1,6
2656,0,-1,0,0,1,840,1,13
2657,0,-1,0,0,0,276,1,17
2658,0,-1,0,0,0,826,1,9
2659,0,-1,0,0,0,826,1,1
2660,0,-1,0,0,0,250,1,19
2661,0,-1,0,0,1,826,1,5
2662,0,-1,0,0,0,156,1,12
2663,0,-1,0,0,0,826,1,19
2664,0,-1,0,0,0,156,1,17
2665,0,-1,0,0,1,156,1,5
2666,0,-1,0,0,0,156,1,19
2667,0,-1,0,1,0,276,1,2
2668,0,-1,0,0,0,250,1,0
2669,0,-1,0,0,0,250,1,6
2670,0,-1,0,0,0,276,1,5
2671,0,-1,0,0,0,156,1,16
2672,0,-1,0,0,0,826,1,19
2673,0,-1,0,0,0,276,1,10
2674,0,-1,0,0,0,156,1,1
2675,0,-1,0,0,0,276,1,17
2676,0,-1,0,1,0,826,1,19
2677,0,-1,0,0,0,250,1,13
2678,0,-1,0,0,0,840,1,5
2679,0,-1,0,1,1,250,1,19
2680,0,-1,0,0,0,840,1,19
2681,0,-1,0,0,0,826,1,5
2682,0,-1,0,0,0,250,1,15
2683,0,-1,0,0,0,250,1,0
2684,0,-1,0,0,0,826,1,2
2685,0,-1,0,0,0,156,1,5
2686,0,-1,0,0,0,276,1,18
2687,0,-1,0,0,0,826,1,8
2688,0,-1,0,0,0,250,1,6
2689,0,-1,0,0,0,840,1,10
2690,0,-1,0,0,0,156,1,0
2691,0,-1,0,0,0,156,1,17
2692,0,-1,0,0,0,276,1,2
2693,0,-1,0,0,0,250,1,16
2694,0,-1,0,0,0,840,1,7
2695,0,-1,0,0,0,156,1,6
2696,0,-1,0,0,0,276,1,16
2697,0,-1,0,0,0,840,1,7
2698,0,-1,0,1,0,840,1,0
2699,0,-1,0,1,0,156,1,12
2700,0,-1,0,0,0,156,1,8
2701,0,-1,0,0,0,276,1,11
2702,0,-1,0,1,0,840,1,8
2703,0,-1,0,0,0,250,1,2
2704,0,-1,0,0,0,826,1,10
2705,0,-1,0,0,0,250,1,17
2706,0,-1,0,0,1,276,1,3
2707,0,-1,0,0,0,250,1,15
2708,0,-1,0,0,0,250,1,11
2709,0,-1,0,0,0,826,1,13
2710,0,-1,0,1,0,276,1,12
2711,0,-1,0,0,0,250,1,19
2712,0,-1,0,0,0,156,1,6
2713,0,-1,0,0,0,826,1,1
2714,0,-1,0,0,0,826,1,17
2715,0,-1,0,0,0,276,1,17
2716,0,-1,0,0,0,250,1,16
2717,0,-1,0,0,0,250,1,14
2718,0,-1,0,0,0,156,1,4
2719,0,-1,0,0,0,826,1,12
2720,0,-1,0,0,0,250,1,5
2721,0,-1,0,0,0,840,1,15
2722,0,-1,0,0,0,276,1,2
2723,0,-1,0,0,0,840,1,12
2724,0,-1,0,0,0,156,1,2
2725,0,-1,0,0,0,156,1,8
2726,0,-1,0,0,0,250,1,16
2727,0,-1,0,0,0,156,1,15
2728,0,-1,0,0,0,250,1,13
2729,0,-1,0,0,0,826,1,4
2730,0,-1,0,0,0,276,1,13
2731,0,-1,0,0,0,840,1,0
2732,0,-1,0,0,0,826,1,10
2733,0,-1,0,1,0,840,1,17
2734,0,-1,0,1,0,250,1,1
2735,0,-1,0,0,0,840,1,2
2736,0,-1,0,0,0,840,1,4
2737,0,-1,0,0,0,276,1,18
2738,0,-1,0,0,0,840,1,13
2739,0,-1,0,0,0,826,1,9
2740,0,-1,0,0,0,840,1,16
2741,0,-1,0,0,0,826,1,0
2742,0,-1,0,0,0,250,1,11
2743,0,-1,0,1,0,826,1,17
2744,0,-1,0,0,0,840,1,15
2745,0,-1,0,0,0,156,1,18
2746,0,-1,0,0,0,276,1,15
2747,0,-1,0,0,1,840,1,4
2748,0,-1,0,0,0,156,1,8
2749,0,-1,0,0,0,276,1,11
2750,0,-1,0,0,0,250,1,16
2751,0,-1,0,0,0,250,1,0
2752,0,-1,0,1,0,826,1,18
2753,0,-1,0,0,0,840,1,19
2754,0,-1,0,0,0,276,1,17
2755,0,-1,0,0,0,276,1,11
2756,0,-1,0,0,0,276,1,14
2757,0,-1,0,0,0,826,1,19
2758,0,-1,0,0,0,250,1,18
2759,0,-1,0,1,0,840,1,7
2760,0,-1,0,0,0,156,1,1
2761,0,-1,0,0,0,250,1,16
2762,0,-1,0,0,0,250,1,16
2763,0,-1,0,0,0,276,1,11
2764,0,-1,0,1,0,156,1,0
2765,0,-1,0,0,0,840,1,3
2766,0,-1,0,0,0,276,1,0
2767,0,-1,0,0,0,276,1,15
2768,0,-1,0,0,0,276,1,6
2769,0,-1,0,0,0,826,1,2
2770,0,-1,0,0,0,276,1,10
2771,0,-1,0,0,0,156,1,11
2772,0,-1,0,1,0,276,1,19
2773,0,-1,0,0,0,250,1,13
2774,0,-1,0,1,0,840,1,7
2775,0,-1,0,0,0,250,1,9
2776,0,-1,0,0,0,250,1,19
2777,0,-1,0,1,0,156,1,3
2778,0,-1,0,0,0,250,1,19
2779,0,-1,0,0,0,826,1,14
2780,0,-1,0,0,0,156,1,2
2781,0,-1,0,1,1,250,1,1
2782,0,-1,0,0,0,156,1,17
2783,0,-1,0,0,0,840,1,14
2784,0,-1,0,0,0,156,1,19
2785,0,-1,0,0,0,276,1,3
2786,0,-1,0,0,0,250,1,11
2787,0,-1,0,1,0,250,1,19
2788,0,-1,0,0,0,840,1,13
2789,0,-1,0,1,0,276,1,6
2790,0,-1,0,0,0,840,1,16
2791,0,-1,0,0,0,276,1,14
2792,0,-1,0,0,0,840,1,10
2793,0,-1,0,0,0,276,1,16
2794,0,-1,0,0,0,156,1,9
2795,0,-1,0,0,0,840,1,3
2796,0,-1,0,0,0,276,1,17
2797,0,-1,0,0,0,826,1,19
2798,0,-1,0,0,0,840,1,15
2799,0,-1,0,0,0,156,1,3
2800,0,-1,0,0,0,156,1,6
2801,0,-1,0,0,0,826,1,8
2802,0,-1,0,0,0,840,1,6
2803,0,-1,0,0,0,276,1,6
2804,0,-1,0,0,0,826,1,7
2805,0,-1,0,1,0,156,1,7
2806,0,-1,0,0,0,276,1,4
2807,0,-1,0,0,0,156,1,12
2808,0,-1,0,0,0,840,1,10
2809,0,-1,0,0,0,826,1,14
2810,0,-1,0,0,0,840,1,9
2811,0,-1,0,0,0,826,1,17
2812,0,-1,0,0,0,840,1,15
2813,0,-1,0,0,0,826,1,7
2814,0,-1,0,0,0,250,1,6
2815,0,-1,0,0,0,840,1,3
2816,0,-1,0,0,0,826,1,12
2817,0,-1,0,0,1,156,1,15
2818,0,-1,0,1,0,276,1,3
2819,0,-1,0,0,0,840,1,5
2820,0,-1,0,0,0,840,1,8
2821,0,-1,0,1,0,156,1,7
2822,0,-1,0,0,0,276,1,6
2823,0,-1,0,0,0,826,1,17
2824,0,-1,0,0,0,156,1,5
2825,0,-1,0,0,0,840,1,15
2826,0,-1,0,0,0,826,1,16
2827,0,-1,0,1,0,840,1,17
2828,0,-1,0,1,0,156,1,4
2829,0,-1,0,1,0,826,1,5
2830,0,-1,0,0,0,826,1,4
2831,0,-1,0,1,0,826,1,17
2832,0,-1,0,0,0,276,1,8
2833,0,-1,0,0,0,250,1,13
2834,0,-1,0,0,0,840,1,7
2835,0,-1,0,0,0,250,1,0
2836,0,-1,0,0,0,826,1,19
2837,0,-1,0,0,0,826,1,5
2838,0,-1,0,0,0,840,1,16
2839,0,-1,0,0,0,276,1,5
2840,0,-1,0,0,0,826,1,10
2841,0,-1,0,0,0,250,1,14
2842,0,-1,0,0,0,156,1,3
2843,0,-1,0,0,0,276,1,11
2844,0,-1,0,1,0,826,1,2
2845,0,-1,0,0,0,840,1,9
2846,0,-1,0,1,0,250,1,19
2847,0,-1,0,0,0,156,1,6
2848,0,-1,0,0,0,156,1,17
2849,0,-1,0,0,0,250,1,15
2850,0,-1,0,0,0,840,1,8
2851,0,-1,0,0,0,826,1,16
2852,0,-1,0,0,0,826,1,11
2853,0,-1,0,0,0,250,1,14
2854,0,-1,0,1,0,156,1,13
2855,0,-1,0,1,0,276,1,19
2856,0,-1,0,0,0,156,1,17
2857,0,-1,0,0,0,156,1,8
2858,0,-1,0,0,0,250,1,10
2859,0,-1,0,0,0,156,1,5
2860,0,-1,0,0,0,826,1,11
2861,0,-1,0,0,0,840,1,0
2862,0,-1,0,0,0,250,1,15
2863,0,-1,0,0,0,250,1,1
2864,0,-1,0,0,0,250,1,16
2865,0,-1,0,0,0,156,1,3
2866,0,-1,0,0,0,276,1,5
2867,0,-1,0,0,0,250,1,12
2868,0,-1,0,0,0,250,1,16
2869,0,-1,0,0,0,840,1,0
2870,0,-1,0,0,0,156,1,15
2871,0,-1,0,0,0,250,1,16
2872,0,-1,0,0,0,826,1,16
2873,0,-1,0,0,0,156,1,3
2874,0,-1,0,0,0,826,1,6
2875,0,-1,0,0,0,156,1,19
2876,0,-1,0,0,0,276,1,11
2877,0,-1,0,0,0,276,1,18
2878,0,-1,0,0,1,250,1,15
2879,0,-1,0,0,0,840,1,15
2880,0,-1,0,0,0,156,1,6
2881,0,-1,0,0,0,826,1,8
2882,0,-1,0,0,0,156,1,4
2883,0,-1,0,0,1,826,1,13
2884,0,-1,0,0,1,276,1,8
2885,0,-1,0,0,0,250,1,13
2886,0,-1,0,0,0,840,1,11
2887,0,-1,0,0,0,840,1,13
2888,0,-1,0,0,0,826,1,12
2889,0,-1,0,0,1,276,1,14
2890,0,-1,0,1,0,840,1,3
2891,0,-1,0,0,0,826,1,10
2892,0,-1,0,0,0,276,1,6
2893,0,-1,0,0,0,840,1,12
2894,0,-1,0,0,1,250,1,10
2895,0,-1,0,0,0,156,1,3
2896,0,-1,0,0,0,276,1,10
2897,0,-1,0,0,0,276,1,14
2898,0,-1,0,0,0,250,1,7
2899,0,-1,0,1,0,156,1,2
2900,0,-1,0,0,0,250,1,18
2901,0,-1,0,0,0,250,1,14
2902,0,-1,0,0,0,826,1,9
2903,0,-1,0,1,0,840,1,17
2904,0,-1,0,0,0,840,1,18
2905,0,-1,0,0,0,826,1,13
2906,0,-1,0,0,0,840,1,1
2907,0,-1,0,0,0,276,1,5
2908,0,-1,0,0,0,276,1,18
2909,0,-1,0,0,0,250,1,15
2910,0,-1,0,0,0,826,1,4
2911,0,-1,0,0,0,156,1,10
2912,0,-1,0,0,0,276,1,8
2913,0,-1,0,0,0,156,1,10
2914,0,-1,0,0,0,826,1,3
2915,0,-1,0,1,0,276,1,9
2916,0,-1,0,0,0,250,1,14
2917,0,-1,0,1,0,840,1,18
2918,0,-1,0,0,0,156,1,7
2919,0,-1,0,0,0,826,1,10
2920,0,-1,0,0,0,250,1,8
2921,0,-1,0,0,0,276,1,0
2922,0,-1,0,0,0,840,1,7
2923,0,-1,0,0,0,276,1,19
2924,0,-1,0,0,0,826,1,3
2925,0,-1,0,0,0,840,1,3
2926,0,-1,0,1,0,156,1,3
2927,0,-1,0,0,0,250,1,13
2928,0,-1,0,1,0,156,1,8
2929,0,-1,0,0,0,840,1,15
2930,0,-1,0,0,0,840,1,11
2931,0,-1,0,0,0,826,1,17
2932,0,-1,0,0,0,276,1,11
2933,0,-1,0,0,0,156,1,1
2934,0,-1,0,0,0,276,1,10
2935,0,-1,0,0,0,156,1,12
2936,0,-1,0,0,0,826,1,2
2937,0,-1,0,0,0,156,1,17
2938,0,-1,0,0,0,840,1,6
2939,0,-1,0,0,0,826,1,2
2940,0,-1,0,0,0,250,1,5
2941,0,-1,0,0,0,840,1,0
2942,0,-1,0,0,0,276,1,18
2943,0,-1,0,0,0,156,1,15
2944,0,-1,0,0,0,840,1,13
2945,0,-1,0,0,0,156,1,0
2946,0,-1,0,0,0,826,1,7
2947,0,-1,0,0,0,250,1,3
2948,0,-1,0,0,0,840,1,5
2949,0,-1,0,0,0,276,1,10
2950,0,-1,0,0,0,276,1,17
2951,0,-1,0,0,0,276,1,10
2952,0,-1,0,0,0,156,1,18
2953,0,-1,0,0,0,826,1,3
2954,0,-1,0,0,0,276,1,0
2955,0,-1,0,0,0,826,1,8
2956,0,-1,0,0,0,276,1,18
2957,0,-1,0,0,0,250,1,8
2958,0,-1,0,0,0,826,1,14
2959,0,-1,0,0,0,840,1,14
2960,0,-1,0,0,0,276,1,11
2961,0,-1,0,0,0,826,1,12
2962,0,-1,0,0,0,276,1,1
2963,0,-1,0,0,0,276,1,19
2964,0,-1,0,0,0,840,1,6
2965,0,-1,0,0,0,276,1,17
2966,0,-1,0,1,0,250,1,18
2967,0,-1,0,0,0,156,1,11
2968,0,-1,0,0,0,250,1,3
2969,0,-1,0,0,0,276,1,3
2970,0,-1,0,0,0,840,1,7
2971,0,-1,0,0,0,826,1,17
2972,0,-1,0,1,0,156,1,15
2973,0,-1,0,0,0,826,1,1
2974,0,-1,0,0,0,156,1,11
2975,0,-1,0,0,0,250,1,5
2976,0,-1,0,0,0,156,1,18
2977,0,-1,0,0,0,276,1,2
2978,0,-1,0,0,0,156,1,2
2979,0,-1,0,0,0,826,1,5
2980,0,-1,0,1,0,276,1,12
2981,0,-1,0,1,0,840,1,15
2982,0,-1,0,0,0,840,1,7
2983,0,-1,0,0,0,840,1,8
2984,0,-1,0,0,0,840,1,15
2985,0,-1,0,0,0,250,1,10
2986,0,-1,0,0,0,276,1,12
2987,0,-1,0,0,1,826,1,1
2988,0,-1,0,0,0,276,1,17
2989,0,-1,0,0,0,156,1,15
2990,0,-1,0,0,0,840,1,2
2991,0,-1,0,0,0,840,1,17
2992,0,-1,0,0,0,250,1,3
2993,0,-1,0,0,1,826,1,17
2994,0,-1,0,0,0,840,1,13
2995,0,-1,0,0,0,156,1,3
2996,0,-1,0,0,0,276,1,15
2997,0,-1,0,0,0,826,1,10
2998,0,-1,0,0,0,826,1,17
2999,0,-1,0,0,0,250,1,7
3000,0,-1,0,0,0,276,1,3
3001,0,-1,0,0,0,826,1,16
3002,0,-1,0,0,0,250,1,7
3003,0,-1,0,0,0,840,1,10
3004,0,-1,0,0,0,276,1,2
3005,0,-1,0,0,0,156,1,0
3006,0,-1,0,1,0,276,1,11
3007,0,-1,0,0,0,276,1,13
3008,0,-1,0,0,0,250,1,9
3009,0,-1,0,0,0,826,1,1
3010,0,-1,0,0,0,826,1,18
3011,0,-1,0,1,0,250,1,19
3012,0,-1,0,0,0,156,1,6
3013,0,-1,0,0,0,250,1,0
3014,0,-1,0,0,0,156,1,2
3015,0,-1,0,0,0,840,1,14
3016,0,-1,0,0,0,826,1,6
3017,0,-1,0,0,0,840,1,17
3018,0,-1,0,0,0,276,1,4
3019,0,-1,0,0,0,840,1,14
3020,0,-1,0,0,0,826,1,8
3021,0,-1,0,0,0,840,1,4
3022,0,-1,0,0,0,276,1,3
3023,0,-1,0,0,0,250,1,18
3024,0,-1,0,0,0,156,1,1
3025,0,-1,0,0,0,276,1,12
3026,0,-1,0,0,1,276,1,0
3027,0,-1,0,0,0,826,1,12
3028,0,-1,0,0,0,250,1,9
3029,0,-1,0,0,0,826,1,9
3030,0,-1,0,0,0,840,1,11
3031,0,-1,0,0,0,826,1,7
3032,0,-1,0,0,0,156,1,4
3033,0,-1,0,0,0,156,1,13
3034,0,-1,0,0,0,840,1,18
3035,0,-1,0,0,0,276,1,19
3036,0,-1,0,1,0,250,1,10
3037,0,-1,0,0,0,156,1,1
3038,0,-1,0,1,0,276,1,6
3039,0,-1,0,0,0,276,1,13
3040,0,-1,0,0,0,840,1,9
3041,0,-1,0,0,0,826,1,13
3042,0,-1,0,0,0,840,1,6
3043,0,-1,0,0,0,156,1,19
3044,0,-1,0,0,0,250,1,9
3045,0,-1,0,0,0,250,1,3
3046,0,-1,0,0,0,826,1,6
3047,0,-1,0,0,0,826,1,0
3048,0,-1,0,0,0,156,1,12
3049,0,-1,0,0,0,156,1,14
3050,0,-1,0,0,0,276,1,12
3051,0,-1,0,0,0,840,1,0
3052,0,-1,0,0,0,276,1,19
3053,0,-1,0,0,0,840,1,9
3054,0,-1,0,0,0,250,1,0
3055,0,-1,0,0,0,840,1,13
3056,0,-1,0,0,0,826,1,15
3057,0,-1,0,0,0,840,1,10
3058,0,-1,0,0,0,276,1,1
3059,0,-1,0,0,0,276,1,14
3060,0,-1,0,0,0,840,1,16
3061,0,-1,0,0,0,276,1,18
3062,0,-1,0,0,0,840,1,17
3063,0,-1,0,0,0,156,1,14
3064,0,-1,0,0,0,826,1,3
3065,0,-1,0,0,0,840,1,19
3066,0,-1,0,0,0,826,1,9
3067,0,-1,0,0,0,276,1,5
3068,0,-1,0,0,0,826,1,16
3069,0,-1,0,0,0,156,1,3
3070,0,-1,0,0,0,276,1,4
3071,0,-1,0,0,0,840,1,12
3072,0,-1,0,0,0,840,1,16
3073,0,-1,0,1,0,276,1,13
3074,0,-1,0,0,0,250,1,9
3075,0,-1,0,0,0,156,1,9
3076,0,-1,0,0,0,840,1,14
3077,0,-1,0,1,0,156,1,14
3078,0,-1,0,0,0,840,1,6
3079,0,-1,0,0,0,840,1,6
3080,0,-1,0,0,0,840,1,4
3081,0,-1,0,1,0,156,1,11
3082,0,-1,0,0,0,276,1,1
3083,0,-1,0,1,0,840,1,11
3084,0,-1,0,0,0,156,1,13
3085,0,-1,0,0,0,276,1,4
3086,0,-1,0,0,0,250,1,6
3087,0,-1,0,0,0,840,1,1
3088,0,-1,0,0,0,250,1,16
3089,0,-1,0,0,0,826,1,17
3090,0,-1,0,1,0,840,1,2
3091,0,-1,0,0,0,826,1,7
3092,0,-1,0,0,0,826,1,0
3093,0,-1,0,0,0,250,1,17
3094,0,-1,0,1,0,156,1,7
3095,0,-1,0,0,0,156,1,1
3096,0,-1,0,0,0,276,1,7
3097,0,-1,0,0,0,250,1,8
3098,0,-1,0,0,0,276,1,16
3099,0,-1,0,0,0,826,1,0
3100,0,-1,0,0,0,250,1,16
3101,0,-1,0,0,0,826,1,18
3102,0,-1,0,0,0,826,1,0
3103,0,-1,0,0,1,156,1,2
3104,0,-1,0,0,0,276,1,19
3105,0,-1,0,0,1,276,1,10
3106,0,-1,0,0,0,276,1,12
3107,0,-1,0,0,1,156,1,17
3108,0,-1,0,0,0,276,1,2
3109,0,-1,0,0,0,156,1,3
3110,0,-1,0,0,0,826,1,15
3111,0,-1,0,0,0,250,1,17
3112,0,-1,0,1,0,250,1,7
3113,0,-1,0,1,0,250,1,19
3114,0,-1,0,0,0,276,1,9
3115,0,-1,0,1,0,156,1,6
3116,0,-1,0,0,0,276,1,14
3117,0,-1,0,0,0,250,1,18
3118,0,-1,0,0,0,156,1,1
3119,0,-1,0,1,0,156,1,17
3120,0,-1,0,0,0,250,1,7
3121,0,-1,0,1,0,840,1,12
3122,0,-1,0,0,0,826,1,4
3123,0,-1,0,0,0,840,1,19
3124,0,-1,0,0,0,156,1,11
3125,0,-1,0,0,0,840,1,10
3126,0,-1,0,0,0,250,1,8
3127,0,-1,0,0,0,250,1,3
3128,0,-1,0,1,0,826,1,15
3129,0,-1,0,1,0,276,1,9
3130,0,-1,0,0,0,276,1,18
3131,0,-1,0,1,0,840,1,8
3132,0,-1,0,0,0,156,1,7
3133,0,-1,0,0,0,840,1,17
3134,0,-1,0,0,0,276,1,8
3135,0,-1,0,0,0,840,1,8
3136,0,-1,0,0,0,840,1,10
3137,0,-1,0,1,0,250,1,5
3138,0,-1,0,1,0,250,1,8
3139,0,-1,0,1,0,276,1,14
3140,0,-1,0,1,0,840,1,4
3141,0,-1,0,0,0,276,1,1
3142,0,-1,0,0,0,840,1,14
3143,0,-1,0,0,1,250,1,14
3144,0,-1,0,0,0,826,1,18
3145,0,-1,0,0,0,826,1,13
3146,0,-1,0,0,0,276,1,2
3147,0,-1,0,0,0,276,1,15
3148,0,-1,0,0,0,276,1,1
3149,0,-1,0,0,0,276,1,6
3150,0,-1,0,0,0,826,1,17
3151,0,-1,0,0,0,250,1,3
3152,0,-1,0,0,0,826,1,3
3153,0,-1,0,0,0,250,1,15
3154,0,-1,0,0,0,156,1,10
3155,0,-1,0,0,0,826,1,12
3156,0,-1,0,0,0,826,1,13
3157,0,-1,0,0,0,826,1,8
3158,0,-1,0,0,0,840,1,13
3159,0,-1,0,0,0,250,1,11
3160,0,-1,0,0,0,276,1,15
3161,0,-1,0,0,0,840,1,6
3162,0,-1,0,0,0,840,1,17
3163,0,-1,0,0,0,250,1,1
3164,0,-1,0,0,0,840,1,9
3165,0,-1,0,0,0,250,1,3
3166,0,-1,0,0,0,250,1,9
3167,0,-1,0,0,0,826,1,19
3168,0,-1,0,1,0,156,1,6
3169,0,-1,0,0,0,276,1,1
3170,0,-1,0,0,0,156,1,1
3171,0,-1,0,0,0,156,1,16
3172,0,-1,0,0,0,250,1,6
3173,0,-1,0,0,0,826,1,9
3174,0,-1,0,0,0,250,1,8
3175,0,-1,0,0,0,276,1,9
3176,0,-1,0,0,0,276,1,18
3177,0,-1,0,1,0,276,1,0
3178,0,-1,0,0,0,840,1,16
3179,0,-1,0,0,1,250,1,5
3180,0,-1,0,0,1,826,1,9
3181,0,-1,0,1,0,156,1,17
3182,0,-1,0,0,0,276,1,2
3183,0,-1,0,0,0,250,1,1
3184,0,-1,0,0,0,250,1,6
3185,0,-1,0,0,0,250,1,5
3186,0,-1,0,0,0,250,1,8
3187,0,-1,0,0,0,250,1,10
3188,0,-1,0,0,0,840,1,14
3189,0,-1,0,0,0,156,1,15
3190,0,-1,0,0,0,156,1,5
3191,0,-1,0,0,0,840,1,19
3192,0,-1,0,0,0,826,1,13
3193,0,-1,0,0,0,156,1,1
3194,0,-1,0,0,0,826,1,9
3195,0,-1,0,0,0,276,1,8
3196,0,-1,0,0,0,156,1,5
3197,0,-1,0,0,0,156,1,15
3198,0,-1,0,1,1,250,1,6
3199,0,-1,0,0,0,156,1,14
3200,0,-1,0,0,0,250,1,4
3201,0,-1,0,0,0,840,1,15
3202,0,-1,0,0,1,826,1,7
3203,0,-1,0,0,0,276,1,0
3204,0,-1,0,0,0,156,1,15
3205,0,-1,0,0,1,276,1,17
3206,0,-1,0,0,0,276,1,2
3207,0,-1,0,0,0,840,1,8
3208,0,-1,0,0,0,826,1,19
3209,0,-1,0,0,0,156,1,18
3210,0,-1,0,0,0,840,1,8
3211,0,-1,0,0,1,826,1,14
3212,0,-1,0,0,0,276,1,5
3213,0,-1,0,0,0,276,1,9
3214,0,-1,0,0,0,840,1,10
3215,0,-1,0,0,0,840,1,19
3216,0,-1,0,0,0,840,1,11
3217,0,-1,0,0,0,840,1,13
3218,0,-1,0,1,0,156,1,2
3219,0,-1,0,0,0,826,1,9
3220,0,-1,0,0,0,826,1,5
3221,0,-1,0,0,0,276,1,8
3222,0,-1,0,0,0,250,1,10
3223,0,-1,0,0,0,156,1,1
3224,0,-1,0,0,0,250,1,2
3225,0,-1,0,0,0,156,1,0
3226,0,-1,0,0,0,276,1,14
3227,0,-1,0,0,0,156,1,4
3228,0,-1,0,0,0,840,1,10
3229,0,-1,0,0,1,826,1,19
3230,0,-1,0,0,0,276,1,0
3231,0,-1,0,0,0,250,1,2
3232,0,-1,0,0,0,250,1,0
3233,0,-1,0,0,0,156,1,0
3234,0,-1,0,0,0,276,1,11
3235,0,-1,0,0,0,840,1,18
3236,0,-1,0,1,0,826,1,1
3237,0,-1,0,0,0,276,1,16
3238,0,-1,0,0,0,826,1,9
3239,0,-1,0,0,0,250,1,1
3240,0,-1,0,0,0,156,1,10
3241,0,-1,0,1,1,276,1,9
3242,0,-1,0,1,0,156,1,8
3243,0,-1,0,0,0,156,1,2
3244,0,-1,0,0,0,276,1,18
3245,0,-1,0,1,0,276,1,9
3246,0,-1,0,0,0,276,1,13
3247,0,-1,0,1,0,156,1,1
3248,0,-1,0,0,0,826,1,1
3249,0,-1,0,0,1,276,1,13
3250,0,-1,0,0,0,250,1,15
3251,0,-1,0,0,0,156,1,8
3252,0,-1,0,0,0,840,1,14
3253,0,-1,0,0,0,840,1,3
3254,0,-1,0,0,1,840,1,11
3255,0,-1,0,0,0,156,1,4
3256,0,-1,0,0,0,276,1,15
3257,0,-1,0,0,0,840,1,10
3258,0,-1,0,1,0,250,1,8
3259,0,-1,0,0,0,276,1,3
3260,0,-1,0,0,0,826,1,18
3261,0,-1,0,0,1,276,1,4
3262,0,-1,0,0,0,840,1,4
3263,0,-1,0,0,0,276,1,19
3264,0,-1,0,0,0,276,1,19
3265,0,-1,0,1,0,156,1,2
3266,0,-1,0,0,0,826,1,2
3267,0,-1,0,0,0,250,1,17
3268,0,-1,0,0,0,276,1,8
3269,0,-1,0,0,0,840,1,7
3270,0,-1,0,0,0,156,1,18
3271,0,-1,0,0,0,826,1,3
3272,0,-1,0,0,0,840,1,5
3273,0,-1,0,0,0,250,1,11
3274,0,-1,0,0,0,826,1,12
3275,0,-1,0,0,0,156,1,8
3276,0,-1,0,0,0,840,1,5
3277,0,-1,0,0,0,156,1,5
3278,0,-1,0,0,0,156,1,4
3279,0,-1,0,0,0,156,1,0
3280,0,-1,0,0,0,276,1,19
3281,0,-1,0,0,0,250,1,2
3282,0,-1,0,0,0,840,1,16
3283,0,-1,0,0,0,156,1,14
3284,0,-1,0,0,0,826,1,17
3285,0,-1,0,0,0,250,1,15
3286,0,-1,0,0,0,826,1,16
3287,0,-1,0,0,0,840,1,0
3288,0,-1,0,0,0,276,1,1
3289,0,-1,0,0,0,826,1,11
3290,0,-1,0,0,0,156,1,8
3291,0,-1,0,0,0,840,1,3
3292,0,-1,0,0,0,276,1,15
3293,0,-1,0,0,0,250,1,2
3294,0,-1,0,0,0,840,1,4
3295,0,-1,0,0,0,250,1,0
3296,0,-1,0,0,0,250,1,12
3297,0,-1,0,0,0,840,1,5
3298,0,-1,0,0,0,276,1,10
3299,0,-1,0,0,0,826,1,0
3300,0,-1,0,1,0,826,1,10
3301,0,-1,0,0,0,840,1,2
3302,0,-1,0,0,0,156,1,6
3303,0,-1,0,0,0,250,1,7
3304,0,-1,0,0,0,156,1,2
3305,0,-1,0,0,0,840,1,16
3306,0,-1,0,0,0,250,1,1
3307,0,-1,0,0,0,840,1,10
3308,0,-1,0,0,0,276,1,2
3309,0,-1,0,0,0,826,1,1
3310,0,-1,0,0,0,156,1,17
3311,0,-1,0,0,0,156,1,10
3312,0,-1,0,0,0,156,1,0
3313,0,-1,0,0,0,156,1,2
3314,0,-1,0,0,0,276,1,13
3315,0,-1,0,0,0,826,1,5
3316,0,-1,0,0,0,156,1,3
3317,0,-1,0,0,0,156,1,3
3318,0,-1,0,0,0,840,1,13
3319,0,-1,0,0,0,840,1,10
3320,0,-1,0,0,0,250,1,4
3321,0,-1,0,0,0,156,1,11
3322,0,-1,0,0,0,826,1,11
3323,0,-1,0,0,0,156,1,1
3324,0,-1,0,0,0,250,1,14
3325,0,-1,0,0,0,840,1,16
3326,0,-1,0,0,0,840,1,2
3327,0,-1,0,0,0,276,1,6
3328,0,-1,0,0,0,156,1,14
3329,0,-1,0,0,0,826,1,1
3330,0,-1,0,0,0,156,1,6
3331,0,-1,0,1,0,276,1,14
3332,0,-1,0,0,0,840,1,9
3333,0,-1,0,1,0,276,1,5
3334,0,-1,0,0,0,840,1,4
3335,0,-1,0,0,0,826,1,15
3336,0,-1,0,0,0,156,1,0
3337,0,-1,0,0,0,840,1,0
3338,0,-1,0,0,0,840,1,9
3339,0,-1,0,0,0,156,1,16
3340,0,-1,0,0,0,250,1,2
3341,0,-1,0,0,0,840,1,18
3342,0,-1,0,0,0,840,1,1
3343,0,-1,0,0,0,276,1,18
3344,0,-1,0,0,0,826,1,4
3345,0,-1,0,0,0,826,1,4
3346,0,-1,0,0,0,250,1,14
3347,0,-1,0,0,0,250,1,5
3348,0,-1,0,0,0,250,1,10
3349,0,-1,0,0,0,156,1,15
3350,0,-1,0,0,1,276,1,4
3351,0,-1,0,0,0,250,1,4
3352,0,-1,0,0,0,250,1,3
3353,0,-1,0,0,0,276,1,14
3354,0,-1,0,1,0,826,1,3
3355,0,-1,0,0,0,250,1,8
3356,0,-1,0,0,0,276,1,0
3357,0,-1,0,0,0,840,1,6
3358,0,-1,0,0,0,840,1,6
3359,0,-1,0,0,0,250,1,1
3360,0,-1,0,0,0,276,1,5
3361,0,-1,0,0,0,840,1,7
3362,0,-1,0,1,0,250,1,11
3363,0,-1,0,0,0,250,1,7
3364,0,-1,0,1,0,276,1,14
3365,0,-1,0,0,1,156,1,9
3366,0,-1,0,0,0,250,1,16
3367,0,-1,0,0,0,156,1,16
3368,0,-1,0,0,0,826,1,8
3369,0,-1,0,0,0,276,1,11
3370,0,-1,0,0,0,840,1,4
3371,0,-1,0,1,0,840,1,13
3372,0,-1,0,0,1,250,1,6
3373,0,-1,0,0,0,276,1,0
3374,0,-1,0,0,0,250,1,12
3375,0,-1,0,0,0,826,1,1
3376,0,-1,0,1,0,250,1,12
3377,0,-1,0,0,0,826,1,0
3378,0,-1,0,0,0,840,1,11
3379,0,-1,0,0,0,826,1,1
3380,0,-1,0,0,0,250,1,6
3381,0,-1,0,0,0,840,1,5
3382,0,-1,0,0,0,276,1,10
3383,0,-1,0,0,0,840,1,5
3384,0,-1,0,0,0,156,1,19
3385,0,-1,0,0,0,826,1,13
3386,0,-1,0,0,0,250,1,8
3387,0,-1,0,0,0,250,1,0
3388,0,-1,0,0,0,250,1,3
3389,0,-1,0,0,0,826,1,7
3390,0,-1,0,0,0,250,1,8
3391,0,-1,0,0,0,250,1,9
3392,0,-1,0,0,0,156,1,6
3393,0,-1,0,0,0,276,1,0
3394,0,-1,0,0,0,840,1,15
3395,0,-1,0,0,0,826,1,13
3396,0,-1,0,0,0,276,1,6
3397,0,-1,0,0,0,156,1,3
3398,0,-1,0,0,0,826,1,19
3399,0,-1,0,0,0,250,1,17
3400,0,-1,0,1,0,276,1,17
3401,0,-1,0,0,0,840,1,18
3402,0,-1,0,0,0,276,1,3
3403,0,-1,0,0,0,840,1,5
3404,0,-1,0,1,0,840,1,4
3405,0,-1,0,0,0,826,1,3
3406,0,-1,0,0,0,250,1,5
3407,0,-1,0,0,0,840,1,13
3408,0,-1,0,0,0,826,1,13
3409,0,-1,0,0,0,156,1,5
3410,0,-1,0,0,0,276,1,16
3411,0,-1,0,1,0,276,1,17
3412,0,-1,0,0,0,156,1,6
3413,0,-1,0,0,1,826,1,4
3414,0,-1,0,0,0,156,1,16
3415,0,-1,0,0,0,156,1,17
3416,0,-1,0,0,0,250,1,8
3417,0,-1,0,0,0,250,1,6
3418,0,-1,0,0,0,156,1,6
3419,0,-1,0,1,0,840,1,1
3420,0,-1,0,0,0,250,1,8
3421,0,-1,0,0,0,250,1,1
3422,0,-1,0,0,0,250,1,11
3423,0,-1,0,0,0,826,1,14
3424,0,-1,0,0,0,276,1,0
3425,0,-1,0,0,0,840,1,7
3426,0,-1,0,0,0,826,1,2
3427,0,-1,0,0,0,156,1,8
3428,0,-1,0,0,0,826,1,4
3429,0,-1,0,0,0,840,1,0
3430,0,-1,0,0,0,276,1,9
3431,0,-1,0,0,0,840,1,9
3432,0,-1,0,1,0,826,1,11
3433,0,-1,0,0,0,840,1,14
3434,0,-1,0,0,0,276,1,13
3435,0,-1,0,0,0,156,1,15
3436,0,-1,0,0,0,156,1,7
3437,0,-1,0,0,0,250,1,15
3438,0,-1,0,0,0,156,1,15
3439,0,-1,0,0,0,276,1,2
3440,0,-1,0,0,0,156,1,17
3441,0,-1,0,0,0,276,1,13
3442,0,-1,0,0,0,840,1,14
3443,0,-1,0,0,0,276,1,10
3444,0,-1,0,0,0,276,1,16
3445,0,-1,0,0,0,826,1,9
3446,0,-1,0,0,0,156,1,18
3447,0,-1,0,0,0,276,1,0
3448,0,-1,0,0,0,276,1,19
3449,0,-1,0,0,0,250,1,7
3450,0,-1,0,0,0,840,1,10
3451,0,-1,0,0,0,840,1,9
3452,0,-1,0,0,0,250,1,3
3453,0,-1,0,0,0,250,1,14
3454,0,-1,0,0,0,250,1,15
3455,0,-1,0,0,0,156,1,0
3456,0,-1,0,0,0,826,1,0
3457,0,-1,0,0,0,826,1,18
3458,0,-1,0,1,0,276,1,16
3459,0,-1,0,0,0,840,1,19
3460,0,-1,0,0,0,250,1,13
3461,0,-1,0,0,1,276,1,9
3462,0,-1,0,0,0,276,1,4
3463,0,-1,0,0,0,840,1,13
3464,0,-1,0,0,0,840,1,15
3465,0,-1,0,1,0,156,1,17
3466,0,-1,0,0,0,276,1,3
3467,0,-1,0,1,0,840,1,14
3468,0,-1,0,0,0,250,1,12
3469,0,-1,0,0,0,156,1,17
3470,0,-1,0,0,1,276,1,2
3471,0,-1,0,0,0,156,1,6
3472,0,-1,0,0,0,826,1,12
3473,0,-1,0,0,0,276,1,13
3474,0,-1,0,0,0,250,1,13
3475,0,-1,0,0,0,250,1,14
3476,0,-1,0,1,0,840,1,5
3477,0,-1,0,0,0,156,1,4
3478,0,-1,0,0,0,276,1,15
3479,0,-1,0,0,0,156,1,5
3480,0,-1,0,0,0,840,1,14
3481,0,-1,0,0,0,276,1,19
3482,0,-1,0,1,0,250,1,18
3483,0,-1,0,0,0,156,1,12
3484,0,-1,0,0,0,250,1,1
3485,0,-1,0,0,1,276,1,6
3486,0,-1,0,0,0,250,1,2
3487,0,-1,0,0,0,826,1,16
3488,0,-1,0,0,0,250,1,2
3489,0,-1,0,0,0,840,1,16
3490,0,-1,0,1,0,276,1,8
3491,0,-1,0,0,0,826,1,0
3492,0,-1,0,0,0,250,1,1
3493,0,-1,0,0,0,276,1,8
3494,0,-1,0,0,1,156,1,7
3495,0,-1,0,0,0,250,1,12
3496,0,-1,0,1,0,156,1,15
3497,0,-1,0,1,0,826,1,13
3498,0,-1,0,0,0,250,1,17
3499,0,-1,0,0,0,156,1,18
3500,0,-1,0,0,0,156,1,4
3501,0,-1,0,0,0,250,1,10
3502,0,-1,0,0,0,250,1,4
3503,0,-1,0,0,0,840,1,13
3504,0,-1,0,0,0,276,1,11
3505,0,-1,0,0,0,156,1,5
3506,0,-1,0,0,0,250,1,16
3507,0,-1,0,0,0,250,1,18
3508,0,-1,0,0,0,276,1,12
3509,0,-1,0,0,0,276,1,8
3510,0,-1,0,0,0,156,1,18
3511,0,-1,0,0,0,156,1,13
3512,0,-1,0,0,0,826,1,5
3513,0,-1,0,0,0,276,1,6
3514,0,-1,0,0,0,250,1,7
3515,0,-1,0,0,0,276,1,4
3516,0,-1,0,0,0,156,1,17
3517,0,-1,0,0,0,276,1,0
3518,0,-1,0,0,0,250,1,13
3519,0,-1,0,0,0,840,1,0
3520,0,-1,0,0,0,250,1,0
3521,0,-1,0,0,0,840,1,8
3522,0,-1,0,0,0,276,1,9
3523,0,-1,0,0,0,250,1,8
3524,0,-1,0,0,0,826,1,17
3525,0,-1,0,0,0,840,1,15
3526,0,-1,0,0,0,826,1,17
3527,0,-1,0,0,0,826,1,17
3528,0,-1,0,0,0,840,1,0
3529,0,-1,0,0,0,276,1,5
3530,0,-1,0,0,0,250,1,11
3531,0,-1,0,0,0,276,1,1
3532,0,-1,0,0,0,276,1,3
3533,0,-1,0,0,0,826,1,3
3534,0,-1,0,0,0,156,1,14
3535,0,-1,0,0,0,840,1,17
3536,0,-1,0,0,0,840,1,13
3537,0,-1,0,0,0,826,1,4
3538,0,-1,0,0,0,250,1,0
3539,0,-1,0,0,0,250,1,17
3540,0,-1,0,0,0,276,1,7
3541,0,-1,0,1,0,276,1,12
3542,0,-1,0,0,0,840,1,19
3543,0,-1,0,0,0,276,1,2
3544,0,-1,0,0,0,250,1,15
3545,0,-1,0,1,0,840,1,3
3546,0,-1,0,0,0,840,1,10
3547,0,-1,0,0,0,840,1,14
3548,0,-1,0,0,0,840,1,15
3549,0,-1,0,0,0,250,1,1
3550,0,-1,0,0,0,826,1,19
3551,0,-1,0,0,0,156,1,4
3552,0,-1,0,0,0,840,1,4
3553,0,-1,0,0,0,250,1,6
3554,0,-1,0,1,0,826,1,7
3555,0,-1,0,1,0,826,1,0
3556,0,-1,0,0,0,276,1,9
3557,0,-1,0,0,0,276,1,15
3558,0,-1,0,0,0,840,1,6
3559,0,-1,0,0,0,156,1,15
3560,0,-1,0,0,0,840,1,16
3561,0,-1,0,0,0,250,1,5
3562,0,-1,0,0,0,250,1,7
3563,0,-1,0,0,0,826,1,16
3564,0,-1,0,0,0,276,1,18
3565,0,-1,0,0,0,826,1,3
3566,0,-1,0,0,0,156,1,14
3567,0,-1,0,0,0,826,1,15
3568,0,-1,0,0,0,840,1,0
3569,0,-1,0,1,0,276,1,3
3570,0,-1,0,0,0,250,1,3
3571,0,-1,0,0,0,826,1,15
3572,0,-1,0,0,0,276,1,15
3573,0,-1,0,0,0,840,1,9
3574,0,-1,0,0,0,840,1,5
3575,0,-1,0,0,0,250,1,5
3576,0,-1,0,0,0,156,1,19
3577,0,-1,0,0,0,826,1,2
3578,0,-1,0,0,0,250,1,13
3579,0,-1,0,0,0,826,1,17
3580,0,-1,0,0,0,826,1,17
3581,0,-1,0,1,0,276,1,4
3582,0,-1,0,0,0,250,1,16
3583,0,-1,0,0,0,840,1,4
3584,0,-1,0,0,0,276,1,13
3585,0,-1,0,0,0,250,1,19
3586,0,-1,0,0,0,276,1,4
3587,0,-1,0,0,0,826,1,14
3588,0,-1,0,0,0,840,1,12
3589,0,-1,0,0,0,156,1,10
3590,0,-1,0,0,0,276,1,15
3591,0,-1,0,0,0,840,1,18
3592,0,-1,0,0,0,826,1,10
3593,0,-1,0,0,1,156,1,17
3594,0,-1,0,0,0,276,1,7
3595,0,-1,0,0,0,156,1,0
3596,0,-1,0,0,0,250,1,18
3597,0,-1,0,0,0,276,1,18
3598,0,-1,0,0,0,826,1,4
3599,0,-1,0,0,0,276,1,19
3600,0,-1,0,0,0,156,1,2
3601,0,-1,0,0,0,840,1,10
3602,0,-1,0,0,0,276,1,4
3603,0,-1,0,0,0,276,1,8
3604,0,-1,0,0,0,250,1,19
3605,0,-1,0,0,0,156,1,17
3606,0,-1,0,0,0,250,1,6
3607,0,-1,0,0,0,250,1,11
3608,0,-1,0,0,0,250,1,1
3609,0,-1,0,0,0,826,1,6
3610,0,-1,0,0,0,840,1,2
3611,0,-1,0,0,0,276,1,9
3612,0,-1,0,0,0,276,1,12
3613,0,-1,0,0,0,826,1,3
3614,0,-1,0,0,0,250,1,5
3615,0,-1,0,0,0,156,1,15
3616,0,-1,0,0,0,826,1,8
3617,0,-1,0,0,0,826,1,4
3618,0,-1,0,0,0,276,1,15
3619,0,-1,0,0,0,826,1,17
3620,0,-1,0,0,0,276,1,17
3621,0,-1,0,0,0,840,1,19
3622,0,-1,0,1,0,250,1,7
3623,0,-1,0,0,0,250,1,6
3624,0,-1,0,0,0,840,1,11
3625,0,-1,0,0,0,276,1,13
3626,0,-1,0,0,0,250,1,6
3627,0,-1,0,0,0,826,1,16
3628,0,-1,0,0,0,156,1,17
3629,0,-1,0,0,0,840,1,12
3630,0,-1,0,1,0,250,1,3
3631,0,-1,0,0,0,826,1,18
3632,0,-1,0,1,0,840,1,8
3633,0,-1,0,0,1,840,1,16
3634,0,-1,0,0,0,276,1,17
3635,0,-1,0,0,0,826,1,4
3636,0,-1,0,0,0,826,1,18
3637,0,-1,0,1,0,250,1,0
3638,0,-1,0,0,0,276,1,7
3639,0,-1,0,0,0,840,1,1
3640,0,-1,0,0,0,250,1,8
3641,0,-1,0,0,0,156,1,18
3642,0,-1,0,0,0,276,1,12
3643,0,-1,0,0,0,826,1,3
3644,0,-1,0,0,0,276,1,1
3645,0,-1,0,0,1,840,1,12
3646,0,-1,0,0,0,840,1,2
3647,0,-1,0,1,0,156,1,8
3648,0,-1,0,0,1,250,1,15
3649,0,-1,0,0,0,156,1,14
3650,0,-1,0,1,0,276,1,6
3651,0,-1,0,0,0,276,1,3
3652,0,-1,0,0,0,826,1,15
3653,0,-1,0,0,0,250,1,18
3654,0,-1,0,0,0,826,1,12
3655,0,-1,0,0,0,840,1,9
3656,0,-1,0,0,0,840,1,1
3657,0,-1,0,0,0,156,1,1
3658,0,-1,0,0,0,840,1,6
3659,0,-1,0,0,0,276,1,1
3660,0,-1,0,1,0,156,1,19
3661,0,-1,0,0,0,156,1,1
3662,0,-1,0,0,0,840,1,13
3663,0,-1,0,0,0,156,1,3
3664,0,-1,0,1,0,840,1,15
3665,0,-1,0,0,0,276,1,17
3666,0,-1,0,1,0,156,1,19
3667,0,-1,0,0,0,156,1,16
3668,0,-1,0,0,0,826,1,5
3669,0,-1,0,0,0,840,1,5
3670,0,-1,0,0,0,250,1,1
3671,0,-1,0,0,0,250,1,12
3672,0,-1,0,0,0,250,1,11
3673,0,-1,0,1,0,250,1,14
3674,0,-1,0,0,0,250,1,6
3675,0,-1,0,0,0,276,1,0
3676,0,-1,0,0,0,276,1,17
3677,0,-1,0,0,0,276,1,4
3678,0,-1,0,0,1,250,1,6
3679,0,-1,0,0,0,156,1,18
3680,0,-1,0,0,0,250,1,4
3681,0,-1,0,0,0,250,1,2
3682,0,-1,0,0,0,840,1,2
3683,0,-1,0,1,0,250,1,14
3684,0,-1,0,0,0,826,1,2
3685,0,-1,0,0,0,826,1,19
3686,0,-1,0,0,0,826,1,5
3687,0,-1,0,0,0,250,1,11
3688,0,-1,0,0,0,250,1,16
3689,0,-1,0,0,0,156,1,13
3690,0,-1,0,0,0,826,1,5
3691,0,-1,0,0,0,250,1,16
3692,0,-1,0,0,0,840,1,17
3693,0,-1,0,0,0,276,1,3
3694,0,-1,0,0,0,276,1,0
3695,0,-1,0,0,0,156,1,12
3696,0,-1,0,1,0,250,1,4
3697,0,-1,0,0,0,276,1,15
3698,0,-1,0,1,0,840,1,16
3699,0,-1,0,0,0,826,1,3
3700,0,-1,0,0,0,826,1,4
3701,0,-1,0,0,0,276,1,12
3702,0,-1,0,0,0,276,1,16
3703,0,-1,0,0,0,276,1,10
3704,0,-1,0,0,0,840,1,15
3705,0,-1,0,0,0,276,1,12
3706,0,-1,0,0,0,156,1,19
3707,0,-1,0,0,0,156,1,1
3708,0,-1,0,0,0,826,1,3
3709,0,-1,0,0,0,840,1,11
3710,0,-1,0,1,0,276,1,11
3711,0,-1,0,0,0,826,1,1
3712,0,-1,0,0,0,156,1,2
3713,0,-1,0,0,0,250,1,7
3714,0,-1,0,0,0,156,1,13
3715,0,-1,0,0,0,156,1,18
3716,0,-1,0,0,0,250,1,6
3717,0,-1,0,0,0,156,1,11
3718,0,-1,0,0,0,276,1,12
3719,0,-1,0,0,0,250,1,13
3720,0,-1,0,0,0,250,1,14
3721,0,-1,0,0,0,840,1,6
3722,0,-1,0,0,0,250,1,6
3723,0,-1,0,0,0,250,1,17
3724,0,-1,0,0,0,250,1,7
3725,0,-1,0,0,0,276,1,7
3726,0,-1,0,0,0,840,1,16
3727,0,-1,0,0,0,826,1,0
3728,0,-1,0,0,0,276,1,15
3729,0,-1,0,0,0,840,1,7
3730,0,-1,0,0,0,156,1,4
3731,0,-1,0,0,0,840,1,18
3732,0,-1,0,0,0,250,1,2
3733,0,-1,0,0,0,840,1,12
3734,0,-1,0,0,0,826,1,16
3735,0,-1,0,0,0,840,1,6
3736,0,-1,0,0,0,840,1,3
3737,0,-1,0,0,0,826,1,16
3738,0,-1,0,0,0,840,1,17
3739,0,-1,0,0,0,250,1,13
3740,0,-1,0,0,0,156,1,11
3741,0,-1,0,0,0,276,1,5
3742,0,-1,0,0,0,826,1,4
3743,0,-1,0,0,0,250,1,16
3744,0,-1,0,0,0,826,1,17
3745,0,-1,0,0,0,156,1,1
3746,0,-1,0,0,0,156,1,2
3747,0,-1,0,0,0,276,1,10
3748,0,-1,0,0,0,156,1,13
3749,0,-1,0,0,0,826,1,4
3750,0,-1,0,0,0,276,1,15
3751,0,-1,0,0,0,250,1,0
3752,0,-1,0,0,0,250,1,1
3753,0,-1,0,0,0,250,1,17
3754,0,-1,0,0,0,276,1,8
3755,0,-1,0,0,0,826,1,19
3756,0,-1,0,0,0,276,1,1
3757,0,-1,0,0,1,840,1,11
3758,0,-1,0,0,0,840,1,6
3759,0,-1,0,0,0,826,1,16
3760,0,-1,0,0,0,250,1,4
3761,0,-1,0,0,0,826,1,0
3762,0,-1,0,0,0,826,1,7
3763,0,-1,0,0,0,276,1,5
3764,0,-1,0,0,0,826,1,14
3765,0,-1,0,0,0,156,1,15
3766,0,-1,0,0,0,826,1,19
3767,0,-1,0,0,0,826,1,1
3768,0,-1,0,0,0,276,1,16
3769,0,-1,0,0,0,826,1,6
3770,0,-1,0,0,0,250,1,15
3771,0,-1,0,1,0,156,1,1
3772,0,-1,0,0,0,276,1,18
3773,0,-1,0,0,0,840,1,4
3774,0,-1,0,0,0,156,1,14
3775,0,-1,0,1,0,250,1,18
3776,0,-1,0,0,0,840,1,12
3777,0,-1,0,0,0,840,1,10
3778,0,-1,0,0,0,156,1,1
3779,0,-1,0,0,0,840,1,10
3780,0,-1,0,0,0,840,1,10
3781,0,-1,0,0,0,276,1,13
3782,0,-1,0,0,0,156,1,10
3783,0,-1,0,0,0,250,1,1
3784,0,-1,0,0,0,276,1,7
3785,0,-1,0,1,0,826,1,12
3786,0,-1,0,1,0,826,1,12
3787,0,-1,0,0,0,826,1,3
3788,0,-1,0,0,0,840,1,17
3789,0,-1,0,0,0,826,1,7
3790,0,-1,0,0,1,276,1,8
3791,0,-1,0,0,0,156,1,13
3792,0,-1,0,0,0,250,1,9
3793,0,-1,0,0,0,250,1,15
3794,0,-1,0,0,0,826,1,2
3795,0,-1,0,0,0,826,1,16
3796,0,-1,0,0,0,156,1,8
3797,0,-1,0,0,0,840,1,19
3798,0,-1,0,0,0,250,1,7
3799,0,-1,0,0,0,250,1,7
3800,0,-1,0,0,0,276,1,12
3801,0,-1,0,0,0,156,1,9
3802,0,-1,0,0,0,250,1,15
3803,0,-1,0,0,0,276,1,6
3804,0,-1,0,1,0,840,1,14
3805,0,-1,0,0,0,250,1,14
3806,0,-1,0,0,0,826,1,2
3807,0,-1,0,0,1,826,1,11
3808,0,-1,0,0,0,840,1,2
3809,0,-1,0,0,0,250,1,16
3810,0,-1,0,0,0,156,1,13
3811,0,-1,0,0,0,156,1,13
3812,0,-1,0,1,0,276,1,0
3813,0,-1,0,0,0,276,1,6
3814,0,-1,0,0,0,250,1,17
3815,0,-1,0,0,0,250,1,3
3816,0,-1,0,0,0,156,1,8
3817,0,-1,0,0,0,826,1,3
3818,0,-1,0,0,0,156,1,17
3819,0,-1,0,0,0,840,1,12
3820,0,-1,0,0,0,156,1,15
3821,0,-1,0,0,0,840,1,8
3822,0,-1,0,0,0,250,1,17
3823,0,-1,0,0,0,156,1,0
3824,0,-1,0,0,0,826,1,14
3825,0,-1,0,0,0,250,1,18
3826,0,-1,0,0,0,250,1,0
3827,0,-1,0,0,0,276,1,9
3828,0,-1,0,0,0,826,1,9
3829,0,-1,0,0,0,276,1,2
3830,0,-1,0,0,0,276,1,5
3831,0,-1,0,0,0,826,1,17
3832,0,-1,0,0,0,250,1,8
3833,0,-1,0,0,0,840,1,7
3834,0,-1,0,0,0,250,1,18
3835,0,-1,0,0,0,840,1,19
3836,0,-1,0,0,0,276,1,7
3837,0,-1,0,1,0,840,1,18
3838,0,-1,0,0,0,840,1,9
3839,0,-1,0,0,0,276,1,12
3840,0,-1,0,0,0,156,1,2
3841,0,-1,0,0,0,276,1,9
3842,0,-1,0,0,0,250,1,1
3843,0,-1,0,0,0,276,1,2
3844,0,-1,0,1,0,826,1,0
3845,0,-1,0,0,0,840,1,0
3846,0,-1,0,0,0,276,1,12
3847,0,-1,0,0,0,826,1,5
3848,0,-1,0,0,0,250,1,2
3849,0,-1,0,0,0,250,1,5
3850,0,-1,0,0,0,276,1,2
3851,0,-1,0,0,0,156,1,16
3852,0,-1,0,0,0,826,1,5
3853,0,-1,0,0,0,156,1,16
3854,0,-1,0,0,0,840,1,19
3855,0,-1,0,1,0,250,1,7
3856,0,-1,0,0,0,840,1,7
3857,0,-1,0,0,0,840,1,15
3858,0,-1,0,1,0,156,1,3
3859,0,-1,0,0,0,276,1,14
3860,0,-1,0,0,0,826,1,6
3861,0,-1,0,0,0,840,1,16
3862,0,-1,0,0,0,840,1,5
3863,0,-1,0,0,0,250,1,10
3864,0,-1,0,0,0,840,1,2
3865,0,-1,0,0,0,156,1,16
3866,0,-1,0,0,0,826,1,12
3867,0,-1,0,0,0,250,1,11
3868,0,-1,0,1,0,250,1,4
3869,0,-1,0,0,0,156,1,0
3870,0,-1,0,0,0,156,1,9
3871,0,-1,0,0,0,156,1,2
3872,0,-1,0,0,1,840,1,0
3873,0,-1,0,1,0,826,1,3
3874,0,-1,0,0,0,826,1,4
3875,0,-1,0,0,0,276,1,7
3876,0,-1,0,0,0,826,1,1
3877,0,-1,0,0,0,250,1,9
3878,0,-1,0,1,0,826,1,11
3879,0,-1,0,0,0,156,1,3
3880,0,-1,0,0,0,826,1,10
3881,0,-1,0,0,0,840,1,2
3882,0,-1,0,0,0,250,1,8
3883,0,-1,0,0,0,840,1,2
3884,0,-1,0,0,0,250,1,7
3885,0,-1,0,1,0,826,1,2
3886,0,-1,0,0,0,250,1,11
3887,0,-1,0,0,0,156,1,15
3888,0,-1,0,1,0,250,1,12
3889,0,-1,0,0,0,276,1,8
3890,0,-1,0,0,0,826,1,15
3891,0,-1,0,0,0,840,1,6
3892,0,-1,0,0,0,250,1,15
3893,0,-1,0,0,0,156,1,4
3894,0,-1,0,0,0,276,1,3
3895,0,-1,0,0,0,156,1,2
3896,0,-1,0,0,0,826,1,16
3897,0,-1,0,0,0,826,1,8
3898,0,-1,0,0,0,276,1,0
3899,0,-1,0,0,0,276,1,13
3900,0,-1,0,0,1,156,1,11
3901,0,-1,0,0,0,840,1,10
3902,0,-1,0,0,0,276,1,4
3903,0,-1,0,0,0,276,1,18
3904,0,-1,0,0,0,840,1,5
3905,0,-1,0,0,0,276,1,4
3906,0,-1,0,0,0,250,1,10
3907,0,-1,0,1,0,840,1,6
3908,0,-1,0,0,1,840,1,9
3909,0,-1,0,0,0,276,1,17
3910,0,-1,0,0,0,276,1,0
3911,0,-1,0,0,0,156,1,16
3912,0,-1,0,0,0,840,1,2
3913,0,-1,0,0,0,840,1,4
3914,0,-1,0,0,0,840,1,7
3915,0,-1,0,1,0,250,1,13
3916,0,-1,0,0,0,156,1,5
3917,0,-1,0,0,0,250,1,17
3918,0,-1,0,0,0,156,1,3
3919,0,-1,0,1,0,276,1,1
3920,0,-1,0,0,0,156,1,0
3921,0,-1,0,1,0,826,1,13
3922,0,-1,0,0,0,826,1,16
3923,0,-1,0,0,0,826,1,9
3924,0,-1,0,0,0,276,1,11
3925,0,-1,0,0,0,156,1,18
3926,0,-1,0,0,0,840,1,12
3927,0,-1,0,0,0,276,1,9
3928,0,-1,0,0,0,840,1,4
3929,0,-1,0,0,0,276,1,14
3930,0,-1,0,0,0,250,1,0
3931,0,-1,0,0,0,840,1,4
3932,0,-1,0,0,0,826,1,14
3933,0,-1,0,1,0,250,1,14
3934,0,-1,0,0,1,276,1,5
3935,0,-1,0,0,0,826,1,18
3936,0,-1,0,0,1,276,1,8
3937,0,-1,0,0,0,250,1,12
3938,0,-1,0,0,0,840,1,13
3939,0,-1,0,0,0,840,1,9
3940,0,-1,0,0,0,276,1,15
3941,0,-1,0,0,0,250,1,4
3942,0,-1,0,0,0,250,1,1
3943,0,-1,0,0,0,250,1,15
3944,0,-1,0,0,0,250,1,2
3945,0,-1,0,0,1,250,1,3
3946,0,-1,0,0,0,156,1,18
3947,0,-1,0,0,0,156,1,2
3948,0,-1,0,0,0,840,1,19
3949,0,-1,0,0,0,840,1,9
3950,0,-1,0,0,0,840,1,3
3951,0,-1,0,0,0,840,1,19
3952,0,-1,0,0,0,826,1,14
3953,0,-1,0,0,0,826,1,8
3954,0,-1,0,0,0,840,1,6
3955,0,-1,0,0,0,156,1,2
3956,0,-1,0,1,0,250,1,10
3957,0,-1,0,0,0,276,1,17
3958,0,-1,0,0,0,156,1,9
3959,0,-1,0,0,0,840,1,14
3960,0,-1,0,0,0,840,1,12
3961,0,-1,0,0,0,840,1,16
3962,0,-1,0,1,0,840,1,9
3963,0,-1,0,1,0,840,1,0
3964,0,-1,0,0,1,276,1,19
3965,0,-1,0,0,0,250,1,2
3966,0,-1,0,0,0,250,1,11
3967,0,-1,0,0,1,156,1,18
3968,0,-1,0,0,0,276,1,4
3969,0,-1,0,0,0,826,1,17
3970,0,-1,0,1,0,250,1,3
3971,0,-1,0,0,0,250,1,2
3972,0,-1,0,0,0,156,1,9
3973,0,-1,0,0,0,826,1,0
3974,0,-1,0,0,0,840,1,18
3975,0,-1,0,1,0,250,1,4
3976,0,-1,0,0,0,840,1,15
3977,0,-1,0,0,0,826,1,1
3978,0,-1,0,0,0,250,1,12
3979,0,-1,0,0,0,156,1,3
3980,0,-1,0,0,0,826,1,2
3981,0,-1,0,0,0,276,1,17
3982,0,-1,0,1,0,826,1,19
3983,0,-1,0,0,0,840,1,17
3984,0,-1,0,1,0,840,1,14
3985,0,-1,0,0,0,840,1,10
3986,0,-1,0,0,0,840,1,4
3987,0,-1,0,0,0,826,1,12
3988,0,-1,0,0,0,840,1,6
3989,0,-1,0,0,0,840,1,12
3990,0,-1,0,0,0,250,1,12
3991,0,-1,0,1,0,276,1,15
3992,0,-1,0,0,0,840,1,6
3993,0,-1,0,0,0,250,1,6
3994,0,-1,0,0,0,826,1,12
3995,0,-1,0,0,0,840,1,17
3996,0,-1,0,0,0,156,1,0
3997,0,-1,0,0,0,276,1,1
3998,0,-1,0,0,0,156,1,6
3999,0,-1,0,0,0,276,1,8
4000,0,-1,0,0,0,276,1,14
4001,0,-1,0,0,0,840,1,15
4002,0,-1,0,0,1,250,1,6
4003,0,-1,0,0,0,250,1,14
4004,0,-1,0,0,0,826,1,1
4005,0,-1,0,0,0,826,1,4
4006,0,-1,0,0,0,250,1,16
4007,0,-1,0,0,0,250,1,6
4008,0,-1,0,0,0,276,1,6
4009,0,-1,0,0,0,840,1,2
4010,0,-1,0,1,0,826,1,18
4011,0,-1,0,0,0,826,1,15
4012,0,-1,0,0,0,826,1,9
4013,0,-1,0,0,0,826,1,15
4014,0,-1,0,0,0,156,1,18
4015,0,-1,0,1,0,156,1,4
4016,0,-1,0,0,0,250,1,12
4017,0,-1,0,0,0,250,1,3
4018,0,-1,0,0,0,826,1,12
4019,0,-1,0,0,0,156,1,0
4020,0,-1,0,0,0,156,1,8
4021,0,-1,0,0,1,840,1,11
4022,0,-1,0,0,0,826,1,5
4023,0,-1,0,0,0,840,1,16
4024,0,-1,0,0,0,156,1,11
4025,0,-1,0,0,0,276,1,9
4026,0,-1,0,0,0,826,1,3
4027,0,-1,0,1,0,276,1,4
4028,0,-1,0,0,0,156,1,10
4029,0,-1,0,0,0,826,1,11
4030,0,-1,0,0,0,276,1,0
4031,0,-1,0,0,0,840,1,14
4032,0,-1,0,0,0,276,1,17
4033,0,-1,0,0,0,276,1,7
4034,0,-1,0,0,0,156,1,1
4035,0,-1,0,0,0,276,1,16
4036,0,-1,0,0,0,276,1,11
4037,0,-1,0,0,0,276,1,13
4038,0,-1,0,0,0,250,1,5
4039,0,-1,0,0,0,156,1,18
4040,0,-1,0,0,0,156,1,18
4041,0,-1,0,0,0,826,1,1
4042,0,-1,0,1,0,156,1,9
4043,0,-1,0,0,0,250,1,1
4044,0,-1,0,0,0,826,1,9
4045,0,-1,0,0,0,250,1,5
4046,0,-1,0,0,0,840,1,3
4047,0,-1,0,0,0,826,1,16
4048,0,-1,0,0,0,250,1,12
4049,0,-1,0,0,0,840,1,2
4050,0,-1,0,0,0,826,1,4
4051,0,-1,0,0,0,250,1,15
4052,0,-1,0,0,0,156,1,7
4053,0,-1,0,0,0,826,1,14
4054,0,-1,0,0,0,840,1,11
4055,0,-1,0,0,0,276,1,0
4056,0,-1,0,0,0,826,1,1
4057,0,-1,0,0,0,250,1,1
4058,0,-1,0,0,0,276,1,17
4059,0,-1,0,0,0,156,1,9
4060,0,-1,0,0,0,250,1,9
4061,0,-1,0,0,0,276,1,3
4062,0,-1,0,0,1,250,1,6
4063,0,-1,0,1,0,276,1,19
4064,0,-1,0,0,0,250,1,9
4065,0,-1,0,0,0,826,1,16
4066,0,-1,0,0,0,840,1,2
4067,0,-1,0,0,0,250,1,11
4068,0,-1,0,0,0,250,1,11
4069,0,-1,0,0,0,250,1,17
4070,0,-1,0,0,0,840,1,2
4071,0,-1,0,0,0,250,1,3
4072,0,-1,0,0,0,156,1,11
4073,0,-1,0,0,0,826,1,19
4074,0,-1,0,0,0,826,1,17
4075,0,-1,0,0,1,826,1,15
4076,0,-1,0,0,0,250,1,1
4077,0,-1,0,0,0,826,1,10
4078,0,-1,0,1,0,276,1,6
4079,0,-1,0,0,0,250,1,15
4080,0,-1,0,0,0,840,1,14
4081,0,-1,0,0,0,250,1,5
4082,0,-1,0,0,0,276,1,11
4083,0,-1,0,0,0,156,1,14
4084,0,-1,0,0,0,276,1,11
4085,0,-1,0,0,0,156,1,13
4086,0,-1,0,0,0,826,1,14
4087,0,-1,0,1,0,826,1,9
4088,0,-1,0,0,0,826,1,5
4089,0,-1,0,0,0,276,1,1
4090,0,-1,0,0,1,826,1,13
4091,0,-1,0,0,0,250,1,5
4092,0,-1,0,0,0,826,1,18
4093,0,-1,0,0,0,276,1,12
4094,0,-1,0,0,0,840,1,0
4095,0,-1,0,0,0,156,1,8
4096,0,-1,0,0,0,276,1,17
4097,0,-1,0,0,0,156,1,15
4098,0,-1,0,0,0,276,1,7
4099,0,-1,0,0,0,250,1,11
4100,0,-1,0,1,1,276,1,2
4101,0,-1,0,1,0,840,1,13
4102,0,-1,0,0,0,250,1,0
4103,0,-1,0,0,0,276,1,15
4104,0,-1,0,0,0,840,1,10
4105,0,-1,0,0,0,840,1,13
4106,0,-1,0,0,0,276,1,0
4107,0,-1,0,0,0,156,1,17
4108,0,-1,0,0,0,826,1,13
4109,0,-1,0,0,0,840,1,16
4110,0,-1,0,1,0,276,1,14
4111,0,-1,0,0,0,156,1,3
4112,0,-1,0,0,0,276,1,6
4113,0,-1,0,0,0,826,1,5
4114,0,-1,0,0,0,276,1,1
4115,0,-1,0,0,0,840,1,9
4116,0,-1,0,0,0,156,1,0
4117,0,-1,0,0,0,826,1,9
4118,0,-1,0,0,0,840,1,15
4119,0,-1,0,0,0,840,1,0
4120,0,-1,0,0,0,250,1,8
4121,0,-1,0,0,0,276,1,6
4122,0,-1,0,0,0,250,1,12
4123,0,-1,0,0,0,826,1,13
4124,0,-1,0,0,0,250,1,6
4125,0,-1,0,0,0,156,1,9
4126,0,-1,0,0,0,156,1,16
4127,0,-1,0,0,0,826,1,11
4128,0,-1,0,0,0,156,1,11
4129,0,-1,0,0,0,826,1,17
4130,0,-1,0,0,0,156,1,7
4131,0,-1,0,0,0,156,1,16
4132,0,-1,0,0,0,276,1,17
4133,0,-1,0,0,0,156,1,6
4134,0,-1,0,0,0,276,1,18
4135,0,-1,0,0,0,156,1,6
4136,0,-1,0,0,0,826,1,12
4137,0,-1,0,0,0,250,1,3
4138,0,-1,0,0,0,826,1,2
4139,0,-1,0,0,0,156,1,9
4140,0,-1,0,1,0,250,1,3
4141,0,-1,0,0,0,840,1,1
4142,0,-1,0,0,0,156,1,15
4143,0,-1,0,0,0,840,1,1
4144,0,-1,0,0,0,250,1,7
4145,0,-1,0,0,0,826,1,11
4146,0,-1,0,0,0,826,1,11
4147,0,-1,0,0,0,250,1,15
4148,0,-1,0,0,0,156,1,17
4149,0,-1,0,0,0,826,1,3
4150,0,-1,0,0,0,250,1,13
4151,0,-1,0,0,0,156,1,11
4152,0,-1,0,1,0,156,1,8
4153,0,-1,0,0,0,156,1,13
4154,0,-1,0,0,0,276,1,9
4155,0,-1,0,0,0,276,1,0
4156,0,-1,0,0,0,276,1,10
4157,0,-1,0,0,0,826,1,15
4158,0,-1,0,0,0,156,1,6
4159,0,-1,0,0,0,250,1,15
4160,0,-1,0,0,0,276,1,8
4161,0,-1,0,0,0,840,1,0
4162,0,-1,0,0,0,156,1,2
4163,0,-1,0,0,0,250,1,15
4164,0,-1,0,0,0,826,1,10
4165,0,-1,0,0,0,250,1,0
4166,0,-1,0,0,1,276,1,16
4167,0,-1,0,0,0,250,1,7
4168,0,-1,0,0,0,250,1,9
4169,0,-1,0,0,0,276,1,10
4170,0,-1,0,0,0,250,1,6
4171,0,-1,0,0,0,826,1,2
4172,0,-1,0,0,0,276,1,19
4173,0,-1,0,0,0,250,1,17
4174,0,-1,0,0,0,276,1,4
4175,0,-1,0,0,0,826,1,5
4176,0,-1,0,1,0,276,1,14
4177,0,-1,0,0,0,250,1,15
4178,0,-1,0,0,0,276,1,2
4179,0,-1,0,0,1,276,1,13
4180,0,-1,0,1,0,276,1,2
4181,0,-1,0,0,0,250,1,11
4182,0,-1,0,0,0,826,1,8
4183,0,-1,0,0,0,840,1,12
4184,0,-1,0,0,0,840,1,11
4185,0,-1,0,1,0,156,1,15
4186,0,-1,0,0,1,840,1,19
4187,0,-1,0,0,0,826,1,2
4188,0,-1,0,1,0,156,1,10
4189,0,-1,0,0,0,156,1,15
4190,0,-1,0,0,1,826,1,17
4191,0,-1,0,0,0,826,1,7
4192,0,-1,0,0,0,840,1,16
4193,0,-1,0,0,0,826,1,2
4194,0,-1,0,0,0,826,1,6
4195,0,-1,0,0,0,250,1,8
4196,0,-1,0,0,0,250,1,8
4197,0,-1,0,1,0,826,1,9
4198,0,-1,0,1,0,826,1,19
4199,0,-1,0,1,0,840,1,12
4200,0,-1,0,0,0,826,1,9
4201,0,-1,0,0,0,250,1,1
4202,0,-1,0,0,0,840,1,18
4203,0,-1,0,0,0,840,1,0
4204,0,-1,0,0,0,276,1,8
4205,0,-1,0,0,0,826,1,4
4206,0,-1,0,0,0,250,1,9
4207,0,-1,0,0,0,840,1,8
4208,0,-1,0,0,0,840,1,9
4209,0,-1,0,0,0,826,1,18
4210,0,-1,0,0,0,276,1,12
4211,0,-1,0,0,1,156,1,9
4212,0,-1,0,0,0,840,1,1
4213,0,-1,0,1,1,840,1,5
4214,0,-1,0,0,0,156,1,19
4215,0,-1,0,0,0,156,1,11
4216,0,-1,0,0,0,250,1,14
4217,0,-1,0,0,0,840,1,12
4218,0,-1,0,1,1,276,1,18
4219,0,-1,0,0,0,250,1,13
4220,0,-1,0,1,0,156,1,7
4221,0,-1,0,0,0,250,1,7
4222,0,-1,0,0,1,250,1,12
4223,0,-1,0,0,0,276,1,11
4224,0,-1,0,0,0,826,1,12
4225,0,-1,0,0,0,156,1,10
4226,0,-1,0,0,0,156,1,8
4227,0,-1,0,0,0,250,1,10
4228,0,-1,0,0,0,250,1,3
4229,0,-1,0,0,0,826,1,12
4230,0,-1,0,0,0,826,1,15
4231,0,-1,0,1,0,156,1,5
4232,0,-1,0,1,0,276,1,6
4233,0,-1,0,0,0,276,1,4
4234,0,-1,0,1,0,156,1,11
4235,0,-1,0,0,1,826,1,2
4236,0,-1,0,0,0,826,1,7
4237,0,-1,0,0,0,156,1,10
4238,0,-1,0,0,0,156,1,13
4239,0,-1,0,1,0,826,1,8
4240,0,-1,0,0,0,156,1,18
4241,0,-1,0,0,0,156,1,12
4242,0,-1,0,1,0,840,1,1
4243,0,-1,0,0,0,840,1,2
4244,0,-1,0,0,1,250,1,1
4245,0,-1,0,0,0,156,1,10
4246,0,-1,0,0,0,840,1,3
4247,0,-1,0,0,0,276,1,11
4248,0,-1,0,0,0,826,1,13
4249,0,-1,0,1,0,156,1,5
4250,0,-1,0,0,0,250,1,9
4251,0,-1,0,0,0,250,1,3
4252,0,-1,0,0,0,276,1,3
4253,0,-1,0,0,0,276,1,12
4254,0,-1,0,0,0,250,1,17
4255,0,-1,0,0,0,826,1,12
4256,0,-1,0,0,0,840,1,18
4257,0,-1,0,0,0,840,1,4
4258,0,-1,0,0,0,156,1,0
4259,0,-1,0,1,0,156,1,10
4260,0,-1,0,0,0,250,1,19
4261,0,-1,0,0,0,826,1,5
4262,0,-1,0,0,0,840,1,7
4263,0,-1,0,0,1,250,1,3
4264,0,-1,0,0,0,156,1,6
4265,0,-1,0,0,0,826,1,5
4266,0,-1,0,0,0,840,1,8
4267,0,-1,0,0,0,156,1,7
4268,0,-1,0,1,0,826,1,0
4269,0,-1,0,0,0,250,1,18
4270,0,-1,0,0,0,276,1,2
4271,0,-1,0,1,0,840,1,17
4272,0,-1,0,0,0,276,1,18
4273,0,-1,0,1,0,276,1,2
4274,0,-1,0,1,0,826,1,12
4275,0,-1,0,0,0,840,1,16
4276,0,-1,0,0,1,250,1,18
4277,0,-1,0,0,0,840,1,13
4278,0,-1,0,0,0,826,1,6
4279,0,-1,0,1,0,156,1,7
4280,0,-1,0,0,0,156,1,15
4281,0,-1,0,0,0,156,1,1
4282,0,-1,0,0,0,250,1,7
4283,0,-1,0,0,0,840,1,5
4284,0,-1,0,0,0,840,1,8
4285,0,-1,0,0,0,276,1,3
4286,0,-1,0,0,0,250,1,17
4287,0,-1,0,0,0,276,1,19
4288,0,-1,0,0,0,840,1,8
4289,0,-1,0,0,0,826,1,5
4290,0,-1,0,0,1,840,1,3
4291,0,-1,0,0,0,276,1,1
4292,0,-1,0,0,0,156,1,2
4293,0,-1,0,0,0,826,1,0
4294,0,-1,0,0,0,826,1,1
4295,0,-1,0,0,0,156,1,8
4296,0,-1,0,0,0,826,1,18
4297,0,-1,0,0,0,840,1,18
4298,0,-1,0,0,0,250,1,0
4299,0,-1,0,0,0,826,1,12
4300,0,-1,0,0,0,826,1,0
4301,0,-1,0,0,0,276,1,5
4302,0,-1,0,0,0,276,1,17
4303,0,-1,0,0,1,250,1,18
4304,0,-1,0,0,0,276,1,4
4305,0,-1,0,0,0,840,1,12
4306,0,-1,0,0,0,156,1,6
4307,0,-1,0,1,0,826,1,11
4308,0,-1,0,0,0,276,1,15
4309,0,-1,0,0,0,156,1,12
4310,0,-1,0,0,0,840,1,6
4311,0,-1,0,0,0,840,1,2
4312,0,-1,0,0,0,826,1,17
4313,0,-1,0,0,0,250,1,10
4314,0,-1,0,0,0,156,1,9
4315,0,-1,0,1,0,276,1,12
4316,0,-1,0,0,0,840,1,14
4317,0,-1,0,0,0,156,1,19
4318,0,-1,0,0,0,156,1,19
4319,0,-1,0,0,0,156,1,4
4320,0,-1,0,1,0,840,1,10
4321,0,-1,0,0,0,276,1,8
4322,0,-1,0,0,0,276,1,16
4323,0,-1,0,0,0,250,1,1
4324,0,-1,0,0,0,826,1,8
4325,0,-1,0,0,0,276,1,5
4326,0,-1,0,0,0,250,1,15
4327,0,-1,0,0,0,250,1,2
4328,0,-1,0,0,0,840,1,18
4329,0,-1,0,0,0,156,1,6
4330,0,-1,0,0,0,840,1,6
4331,0,-1,0,0,0,826,1,8
4332,0,-1,0,0,0,250,1,19
4333,0,-1,0,0,0,826,1,6
4334,0,-1,0,0,0,826,1,12
4335,0,-1,0,0,0,840,1,0
4336,0,-1,0,0,1,156,1,7
4337,0,-1,0,0,0,840,1,9
4338,0,-1,0,0,0,156,1,4
4339,0,-1,0,0,0,156,1,11
4340,0,-1,0,0,0,250,1,11
4341,0,-1,0,0,0,250,1,3
4342,0,-1,0,0,0,826,1,2
4343,0,-1,0,0,1,826,1,7
4344,0,-1,0,0,0,840,1,12
4345,0,-1,0,0,0,840,1,15
4346,0,-1,0,0,0,276,1,1
4347,0,-1,0,0,0,250,1,17
4348,0,-1,0,0,0,156,1,10
4349,0,-1,0,0,0,276,1,2
4350,0,-1,0,0,0,276,1,14
4351,0,-1,0,0,0,276,1,3
4352,0,-1,0,0,0,156,1,15
4353,0,-1,0,0,0,250,1,10
4354,0,-1,0,0,0,840,1,5
4355,0,-1,0,0,0,156,1,10
4356,0,-1,0,0,0,826,1,15
4357,0,-1,0,0,0,250,1,2
4358,0,-1,0,0,0,840,1,14
4359,0,-1,0,0,0,840,1,11
4360,0,-1,0,0,0,840,1,10
4361,0,-1,0,0,0,276,1,18
4362,0,-1,0,0,0,840,1,7
4363,0,-1,0,1,0,156,1,8
4364,0,-1,0,0,0,250,1,5
4365,0,-1,0,0,0,156,1,11
4366,0,-1,0,0,0,276,1,8
4367,0,-1,0,0,0,276,1,3
4368,0,-1,0,1,1,156,1,19
4369,0,-1,0,0,0,156,1,18
4370,0,-1,0,0,1,840,1,17
4371,0,-1,0,0,0,250,1,8
4372,0,-1,0,0,0,276,1,18
4373,0,-1,0,0,0,276,1,2
4374,0,-1,0,0,0,840,1,4
4375,0,-1,0,0,1,826,1,13
4376,0,-1,0,0,0,840,1,19
4377,0,-1,0,0,0,250,1,18
4378,0,-1,0,0,0,276,1,1
4379,0,-1,0,1,0,156,1,14
4380,0,-1,0,0,0,250,1,15
4381,0,-1,0,0,0,840,1,18
4382,0,-1,0,0,0,276,1,14
4383,0,-1,0,0,0,276,1,8
4384,0,-1,0,0,0,276,1,7
4385,0,-1,0,0,0,826,1,9
4386,0,-1,0,1,0,826,1,10
4387,0,-1,0,0,0,156,1,17
4388,0,-1,0,0,0,276,1,9
4389,0,-1,0,1,0,840,1,12
4390,0,-1,0,1,0,276,1,13
4391,0,-1,0,0,0,276,1,11
4392,0,-1,0,0,0,156,1,17
4393,0,-1,0,0,0,276,1,5
4394,0,-1,0,1,0,826,1,13
4395,0,-1,0,0,0,826,1,17
4396,0,-1,0,1,0,156,1,10
4397,0,-1,0,0,0,156,1,8
4398,0,-1,0,0,0,250,1,12
4399,0,-1,0,0,0,276,1,1
4400,0,-1,0,0,0,156,1,0
4401,0,-1,0,0,0,250,1,9
4402,0,-1,0,0,0,840,1,11
4403,0,-1,0,0,0,156,1,1
4404,0,-1,0,0,0,826,1,0
4405,0,-1,0,0,0,840,1,14
4406,0,-1,0,0,0,250,1,0
4407,0,-1,0,0,0,250,1,8
4408,0,-1,0,0,0,840,1,16
4409,0,-1,0,0,0,826,1,19
4410,0,-1,0,0,1,276,1,16
4411,0,-1,0,0,0,250,1,1
4412,0,-1,0,0,0,826,1,11
4413,0,-1,0,0,0,840,1,7
4414,0,-1,0,0,1,276,1,4
4415,0,-1,0,1,0,250,1,19
4416,0,-1,0,0,1,250,1,0
4417,0,-1,0,0,0,156,1,5
4418,0,-1,0,1,0,826,1,11
4419,0,-1,0,0,0,250,1,9
4420,0,-1,0,0,0,840,1,15
4421,0,-1,0,0,0,826,1,7
4422,0,-1,0,0,0,840,1,15
4423,0,-1,0,0,0,276,1,8
4424,0,-1,0,0,0,840,1,0
4425,0,-1,0,0,0,840,1,19
4426,0,-1,0,0,0,156,1,3
4427,0,-1,0,0,0,276,1,1
4428,0,-1,0,0,0,276,1,18
4429,0,-1,0,0,0,156,1,2
4430,0,-1,0,0,0,250,1,12
4431,0,-1,0,0,0,156,1,1
4432,0,-1,0,1,0,826,1,16
4433,0,-1,0,0,0,276,1,12
4434,0,-1,0,0,0,276,1,8
4435,0,-1,0,0,0,276,1,11
4436,0,-1,0,0,0,840,1,13
4437,0,-1,0,0,0,840,1,7
4438,0,-1,0,0,0,156,1,1
4439,0,-1,0,0,0,826,1,1
4440,0,-1,0,0,0,826,1,10
4441,0,-1,0,0,0,250,1,5
4442,0,-1,0,0,0,156,1,14
4443,0,-1,0,1,0,840,1,8
4444,0,-1,0,0,0,156,1,12
4445,0,-1,0,0,0,276,1,2
4446,0,-1,0,0,0,826,1,8
4447,0,-1,0,0,0,276,1,3
4448,0,-1,0,0,0,276,1,8
4449,0,-1,0,0,0,156,1,19
4450,0,-1,0,0,0,276,1,18
4451,0,-1,0,0,0,156,1,5
4452,0,-1,0,0,0,156,1,12
4453,0,-1,0,0,0,250,1,10
4454,0,-1,0,0,1,826,1,3
4455,0,-1,0,0,0,250,1,0
4456,0,-1,0,0,0,276,1,4
4457,0,-1,0,0,0,276,1,14
4458,0,-1,0,0,0,840,1,17
4459,0,-1,0,0,0,156,1,4
4460,0,-1,0,0,0,250,1,13
4461,0,-1,0,0,0,840,1,9
4462,0,-1,0,0,0,250,1,14
4463,0,-1,0,0,0,250,1,15
4464,0,-1,0,0,0,276,1,0
4465,0,-1,0,0,0,250,1,8
4466,0,-1,0,0,0,826,1,15
4467,0,-1,0,0,0,840,1,14
4468,0,-1,0,0,0,250,1,16
4469,0,-1,0,0,0,250,1,2
4470,0,-1,0,0,0,826,1,17
4471,0,-1,0,0,0,250,1,15
4472,0,-1,0,0,0,250,1,1
4473,0,-1,0,0,0,276,1,10
4474,0,-1,0,1,0,840,1,7
4475,0,-1,0,1,0,826,1,10
4476,0,-1,0,1,0,826,1,15
4477,0,-1,0,0,0,250,1,1
4478,0,-1,0,0,0,276,1,19
4479,0,-1,0,0,0,840,1,11
4480,0,-1,0,0,0,826,1,4
4481,0,-1,0,0,0,840,1,11
4482,0,-1,0,1,0,276,1,16
4483,0,-1,0,0,0,250,1,18
4484,0,-1,0,1,0,826,1,9
4485,0,-1,0,0,0,826,1,5
4486,0,-1,0,0,0,156,1,0
4487,0,-1,0,0,0,840,1,4
4488,0,-1,0,1,0,826,1,11
4489,0,-1,0,0,0,826,1,14
4490,0,-1,0,0,0,156,1,2
4491,0,-1,0,0,0,250,1,0
4492,0,-1,0,0,0,276,1,19
4493,0,-1,0,0,0,276,1,19
4494,0,-1,0,1,0,276,1,11
4495,0,-1,0,0,0,156,1,2
4496,0,-1,0,0,0,276,1,15
4497,0,-1,0,0,0,250,1,12
4498,0,-1,0,0,0,276,1,13
4499,0,-1,0,0,0,250,1,0
4500,0,-1,0,0,0,826,1,12
4501,0,-1,0,0,0,826,1,13
4502,0,-1,0,0,0,826,1,8
4503,0,-1,0,0,0,826,1,5
4504,0,-1,0,0,0,250,1,17
4505,0,-1,0,0,0,276,1,10
4506,0,-1,0,0,0,276,1,6
4507,0,-1,0,0,0,276,1,16
4508,0,-1,0,0,0,840,1,16
4509,0,-1,0,0,0,156,1,19
4510,0,-1,0,0,0,156,1,11
4511,0,-1,0,0,0,156,1,10
4512,0,-1,0,0,0,250,1,11
4513,0,-1,0,0,0,840,1,9
4514,0,-1,0,1,0,826,1,8
4515,0,-1,0,0,0,156,1,3
4516,0,-1,0,0,0,250,1,17
4517,0,-1,0,1,0,840,1,2
4518,0,-1,0,0,0,276,1,9
4519,0,-1,0,0,0,156,1,10
4520,0,-1,0,0,0,156,1,16
4521,0,-1,0,0,0,156,1,15
4522,0,-1,0,0,0,840,1,11
4523,0,-1,0,0,0,250,1,6
4524,0,-1,0,0,0,250,1,7
4525,0,-1,0,0,0,826,1,9
4526,0,-1,0,0,0,826,1,2
4527,0,-1,0,0,0,156,1,15
4528,0,-1,0,0,0,250,1,10
4529,0,-1,0,0,0,156,1,16
4530,0,-1,0,1,0,156,1,18
4531,0,-1,0,0,0,276,1,3
4532,0,-1,0,0,0,276,1,10
4533,0,-1,0,0,0,840,1,16
4534,0,-1,0,0,0,276,1,15
4535,0,-1,0,0,0,826,1,4
4536,0,-1,0,0,0,156,1,9
4537,0,-1,0,0,0,826,1,8
4538,0,-1,0,0,0,276,1,11
4539,0,-1,0,1,0,826,1,18
4540,0,-1,0,0,1,156,1,9
4541,0,-1,0,0,0,826,1,1
4542,0,-1,0,0,0,276,1,8
4543,0,-1,0,0,0,156,1,6
4544,0,-1,0,0,0,826,1,15
4545,0,-1,0,0,0,250,1,0
4546,0,-1,0,1,0,156,1,15
4547,0,-1,0,0,0,826,1,14
4548,0,-1,0,0,0,156,1,1
4549,0,-1,0,0,0,826,1,5
4550,0,-1,0,0,0,826,1,18
4551,0,-1,0,0,0,826,1,18
4552,0,-1,0,0,0,156,1,7
4553,0,-1,0,0,0,156,1,10
4554,0,-1,0,0,0,826,1,10
4555,0,-1,0,0,0,826,1,0
4556,0,-1,0,1,0,840,1,7
4557,0,-1,0,0,0,276,1,18
4558,0,-1,0,0,0,826,1,16
4559,0,-1,0,0,0,276,1,5
4560,0,-1,0,0,0,840,1,13
4561,0,-1,0,0,0,840,1,14
4562,0,-1,0,0,0,840,1,14
4563,0,-1,0,0,0,250,1,12
4564,0,-1,0,1,0,276,1,2
4565,0,-1,0,0,0,250,1,6
4566,0,-1,0,0,0,826,1,1
4567,0,-1,0,0,0,156,1,0
4568,0,-1,0,0,0,250,1,10
4569,0,-1,0,0,0,276,1,2
4570,0,-1,0,0,0,276,1,18
4571,0,-1,0,0,0,840,1,2
4572,0,-1,0,0,0,250,1,19
4573,0,-1,0,0,0,250,1,11
4574,0,-1,0,0,0,250,1,11
4575,0,-1,0,0,0,156,1,12
4576,0,-1,0,0,0,826,1,12
4577,0,-1,0,0,0,250,1,9
4578,0,-1,0,0,0,156,1,0
4579,0,-1,0,0,0,276,1,9
4580,0,-1,0,0,0,826,1,13
4581,0,-1,0,1,0,840,1,11
4582,0,-1,0,1,0,826,1,0
4583,0,-1,0,0,0,840,1,12
4584,0,-1,0,0,0,840,1,15
4585,0,-1,0,0,0,840,1,2
4586,0,-1,0,0,0,826,1,3
4587,0,-1,0,1,0,826,1,18
4588,0,-1,0,0,0,840,1,16
4589,0,-1,0,0,1,156,1,17
4590,0,-1,0,0,0,840,1,15
4591,0,-1,0,0,0,156,1,1
4592,0,-1,0,0,1,276,1,8
4593,0,-1,0,0,0,840,1,15
4594,0,-1,0,0,0,276,1,7
4595,0,-1,0,0,0,840,1,14
4596,0,-1,0,1,1,840,1,12
4597,0,-1,0,0,0,826,1,2
4598,0,-1,0,0,0,156,1,9
4599,0,-1,0,0,0,826,1,18
4600,0,-1,0,0,0,826,1,19
4601,0,-1,0,0,0,250,1,13
4602,0,-1,0,0,0,826,1,7
4603,0,-1,0,0,0,826,1,16
4604,0,-1,0,0,0,156,1,15
4605,0,-1,0,0,0,156,1,17
4606,0,-1,0,0,0,826,1,16
4607,0,-1,0,0,0,156,1,5
4608,0,-1,0,0,0,276,1,19
4609,0,-1,0,0,0,826,1,9
4610,0,-1,0,0,0,826,1,16
4611,0,-1,0,0,1,156,1,18
4612,0,-1,0,0,0,156,1,10
4613,0,-1,0,0,0,250,1,7
4614,0,-1,0,0,0,840,1,8
4615,0,-1,0,0,0,276,1,15
4616,0,-1,0,0,0,250,1,18
4617,0,-1,0,0,0,826,1,8
4618,0,-1,0,1,0,276,1,12
4619,0,-1,0,0,0,250,1,6
4620,0,-1,0,0,0,826,1,5
4621,0,-1,0,0,0,826,1,7
4622,0,-1,0,0,0,826,1,18
4623,0,-1,0,0,0,156,1,12
4624,0,-1,0,0,0,156,1,15
4625,0,-1,0,0,0,156,1,6
4626,0,-1,0,0,0,276,1,10
4627,0,-1,0,0,0,250,1,11
4628,0,-1,0,0,0,276,1,5
4629,0,-1,0,0,0,250,1,8
4630,0,-1,0,0,0,276,1,19
4631,0,-1,0,0,0,156,1,2
4632,0,-1,0,0,0,840,1,14
4633,0,-1,0,0,0,250,1,4
4634,0,-1,0,0,0,826,1,14
4635,0,-1,0,0,0,840,1,18
4636,0,-1,0,0,0,156,1,12
4637,0,-1,0,0,0,840,1,9
4638,0,-1,0,0,0,840,1,2
4639,0,-1,0,0,0,840,1,9
4640,0,-1,0,1,0,826,1,5
4641,0,-1,0,0,0,826,1,2
4642,0,-1,0,0,0,156,1,13
4643,0,-1,0,0,1,826,1,12
4644,0,-1,0,0,0,250,1,13
4645,0,-1,0,0,0,250,1,6
4646,0,-1,0,0,0,250,1,14
4647,0,-1,0,1,0,156,1,15
4648,0,-1,0,0,0,826,1,9
4649,0,-1,0,0,0,250,1,19
4650,0,-1,0,0,0,826,1,9
4651,0,-1,0,0,0,250,1,3
4652,0,-1,0,1,0,840,1,12
4653,0,-1,0,1,0,276,1,2
4654,0,-1,0,0,0,840,1,6
4655,0,-1,0,1,0,250,1,18
4656,0,-1,0,0,0,840,1,17
4657,0,-1,0,0,0,156,1,19
4658,0,-1,0,0,0,276,1,4
4659,0,-1,0,0,0,826,1,4
4660,0,-1,0,0,0,826,1,0
4661,0,-1,0,0,0,156,1,13
4662,0,-1,0,0,0,840,1,12
4663,0,-1,0,0,0,276,1,0
4664,0,-1,0,0,0,826,1,11
4665,0,-1,0,0,0,250,1,8
4666,0,-1,0,0,0,840,1,17
4667,0,-1,0,0,0,156,1,5
4668,0,-1,0,0,0,156,1,8
4669,0,-1,0,0,0,156,1,11
4670,0,-1,0,0,0,276,1,17
4671,0,-1,0,0,0,250,1,3
4672,0,-1,0,0,0,276,1,19
4673,0,-1,0,0,0,840,1,2
4674,0,-1,0,0,0,826,1,0
4675,0,-1,0,0,0,826,1,18
4676,0,-1,0,0,0,840,1,11
4677,0,-1,0,0,0,826,1,8
4678,0,-1,0,0,0,840,1,7
4679,0,-1,0,0,0,156,1,13
4680,0,-1,0,0,0,250,1,17
4681,0,-1,0,1,0,840,1,14
4682,0,-1,0,0,0,250,1,14
4683,0,-1,0,0,0,156,1,7
4684,0,-1,0,0,0,156,1,18
4685,0,-1,0,0,1,276,1,19
4686,0,-1,0,0,0,276,1,9
4687,0,-1,0,0,0,840,1,12
4688,0,-1,0,0,0,250,1,0
4689,0,-1,0,1,0,826,1,16
4690,0,-1,0,0,0,826,1,5
4691,0,-1,0,0,0,840,1,3
4692,0,-1,0,0,0,250,1,12
4693,0,-1,0,0,0,840,1,1
4694,0,-1,0,0,0,840,1,17
4695,0,-1,0,0,0,156,1,12
4696,0,-1,0,0,0,250,1,2
4697,0,-1,0,0,0,826,1,5
4698,0,-1,0,0,0,156,1,5
4699,0,-1,0,0,1,826,1,15
4700,0,-1,0,0,0,276,1,17
4701,0,-1,0,0,0,276,1,0
4702,0,-1,0,0,1,156,1,4
4703,0,-1,0,0,0,840,1,4
4704,0,-1,0,0,0,840,1,3
4705,0,-1,0,0,0,276,1,11
4706,0,-1,0,0,0,276,1,15
4707,0,-1,0,0,0,840,1,4
4708,0,-1,0,0,0,156,1,13
4709,0,-1,0,0,0,840,1,13
4710,0,-1,0,0,0,276,1,18
4711,0,-1,0,1,0,826,1,6
4712,0,-1,0,0,0,840,1,0
4713,0,-1,0,0,0,826,1,2
4714,0,-1,0,0,0,840,1,10
4715,0,-1,0,0,1,156,1,12
4716,0,-1,0,0,0,840,1,3
4717,0,-1,0,0,0,276,1,4
4718,0,-1,0,0,0,276,1,13
4719,0,-1,0,0,1,826,1,7
4720,0,-1,0,0,0,826,1,8
4721,0,-1,0,0,0,156,1,14
4722,0,-1,0,0,0,156,1,13
4723,0,-1,0,0,0,250,1,0
4724,0,-1,0,0,0,250,1,1
4725,0,-1,0,0,0,156,1,7
4726,0,-1,0,0,0,276,1,13
4727,0,-1,0,0,0,826,1,1
4728,0,-1,0,0,0,840,1,4
4729,0,-1,0,0,0,840,1,14
4730,0,-1,0,0,0,826,1,3
4731,0,-1,0,0,0,156,1,17
4732,0,-1,0,0,0,276,1,18
4733,0,-1,0,0,0,276,1,16
4734,0,-1,0,1,0,276,1,2
4735,0,-1,0,0,1,276,1,10
4736,0,-1,0,0,0,156,1,7
4737,0,-1,0,0,0,276,1,0
4738,0,-1,0,0,0,840,1,1
4739,0,-1,0,0,0,250,1,12
4740,0,-1,0,0,0,250,1,7
4741,0,-1,0,1,0,826,1,16
4742,0,-1,0,0,0,276,1,1
4743,0,-1,0,0,0,276,1,1
4744,0,-1,0,0,0,826,1,11
4745,0,-1,0,1,0,250,1,9
4746,0,-1,0,0,0,156,1,15
4747,0,-1,0,0,0,276,1,17
4748,0,-1,0,0,0,250,1,3
4749,0,-1,0,0,0,826,1,9
4750,0,-1,0,0,0,250,1,15
4751,0,-1,0,1,1,250,1,1
4752,0,-1,0,0,0,840,1,3
4753,0,-1,0,0,0,826,1,15
4754,0,-1,0,0,0,156,1,6
4755,0,-1,0,0,0,826,1,16
4756,0,-1,0,0,0,250,1,17
4757,0,-1,0,0,1,250,1,0
4758,0,-1,0,0,0,156,1,7
4759,0,-1,0,0,0,840,1,1
4760,0,-1,0,0,0,276,1,11
4761,0,-1,0,0,1,156,1,6
4762,0,-1,0,1,0,250,1,8
4763,0,-1,0,0,0,826,1,18
4764,0,-1,0,0,0,840,1,4
4765,0,-1,0,1,0,250,1,0
4766,0,-1,0,0,0,250,1,4
4767,0,-1,0,0,0,826,1,12
4768,0,-1,0,0,0,826,1,12
4769,0,-1,0,0,0,276,1,1
4770,0,-1,0,0,0,156,1,13
4771,0,-1,0,0,0,826,1,4
4772,0,-1,0,0,0,250,1,11
4773,0,-1,0,0,0,156,1,10
4774,0,-1,0,0,0,250,1,8
4775,0,-1,0,0,0,826,1,19
4776,0,-1,0,0,0,250,1,19
4777,0,-1,0,0,0,250,1,16
4778,0,-1,0,0,0,826,1,6
4779,0,-1,0,0,0,156,1,16
4780,0,-1,0,0,0,156,1,19
4781,0,-1,0,0,0,840,1,10
4782,0,-1,0,0,0,276,1,18
4783,0,-1,0,0,0,840,1,9
4784,0,-1,0,0,0,826,1,19
4785,0,-1,0,0,0,250,1,9
4786,0,-1,0,0,0,250,1,3
4787,0,-1,0,0,0,276,1,10
4788,0,-1,0,0,0,156,1,11
4789,0,-1,0,0,0,250,1,14
4790,0,-1,0,0,0,826,1,9
4791,0,-1,0,0,0,250,1,15
4792,0,-1,0,0,1,840,1,6
4793,0,-1,0,0,0,156,1,6
4794,0,-1,0,0,0,250,1,3
4795,0,-1,0,0,0,840,1,4
4796,0,-1,0,0,0,840,1,3
4797,0,-1,0,0,0,840,1,0
4798,0,-1,0,0,0,276,1,4
4799,0,-1,0,0,0,276,1,18
4800,0,-1,0,0,0,276,1,5
4801,0,-1,0,0,0,276,1,5
4802,0,-1,0,0,0,840,1,14
4803,0,-1,0,0,0,276,1,12
4804,0,-1,0,0,0,826,1,3
4805,0,-1,0,0,0,276,1,4
4806,0,-1,0,0,0,826,1,15
4807,0,-1,0,0,1,250,1,14
4808,0,-1,0,0,0,250,1,19
4809,0,-1,0,1,1,156,1,18
4810,0,-1,0,0,1,276,1,0
4811,0,-1,0,0,0,156,1,14
4812,0,-1,0,0,0,156,1,8
4813,0,-1,0,0,0,250,1,1
4814,0,-1,0,0,0,826,1,4
4815,0,-1,0,0,0,276,1,11
4816,0,-1,0,0,0,826,1,16
4817,0,-1,0,0,0,276,1,17
4818,0,-1,0,0,0,250,1,16
4819,0,-1,0,0,0,276,1,4
4820,0,-1,0,0,0,840,1,12
4821,0,-1,0,0,0,276,1,16
4822,0,-1,0,0,0,276,1,7
4823,0,-1,0,1,0,250,1,15
4824,0,-1,0,0,0,276,1,12
4825,0,-1,0,1,0,826,1,19
4826,0,-1,0,1,0,250,1,13
4827,0,-1,0,0,0,276,1,17
4828,0,-1,0,0,0,276,1,8
4829,0,-1,0,0,0,250,1,6
4830,0,-1,0,0,0,840,1,8
4831,0,-1,0,0,0,250,1,17
4832,0,-1,0,0,0,276,1,17
4833,0,-1,0,0,0,840,1,7
4834,0,-1,0,0,0,826,1,5
4835,0,-1,0,0,0,826,1,4
4836,0,-1,0,0,0,276,1,8
4837,0,-1,0,0,0,276,1,4
4838,0,-1,0,0,0,840,1,6
4839,0,-1,0,0,0,276,1,18
4840,0,-1,0,0,0,156,1,3
4841,0,-1,0,0,0,826,1,4
4842,0,-1,0,0,0,250,1,8
4843,0,-1,0,0,0,250,1,6
4844,0,-1,0,0,1,840,1,2
4845,0,-1,0,0,0,826,1,8
4846,0,-1,0,0,0,276,1,3
4847,0,-1,0,0,0,826,1,4
4848,0,-1,0,0,0,276,1,10
4849,0,-1,0,0,1,156,1,0
4850,0,-1,0,0,0,276,1,10
4851,0,-1,0,0,0,250,1,17
4852,0,-1,0,0,0,826,1,6
4853,0,-1,0,0,0,826,1,6
4854,0,-1,0,1,0,276,1,0
4855,0,-1,0,0,0,840,1,8
4856,0,-1,0,0,0,250,1,2
4857,0,-1,0,0,0,250,1,0
4858,0,-1,0,0,0,840,1,10
4859,0,-1,0,0,0,250,1,14
4860,0,-1,0,0,0,250,1,6
4861,0,-1,0,0,0,826,1,13
4862,0,-1,0,0,0,840,1,11
4863,0,-1,0,0,0,826,1,1
4864,0,-1,0,0,0,156,1,7
4865,0,-1,0,0,0,826,1,4
4866,0,-1,0,0,0,840,1,6
4867,0,-1,0,0,0,276,1,12
4868,0,-1,0,0,0,250,1,10
4869,0,-1,0,0,0,826,1,12
4870,0,-1,0,0,0,250,1,11
4871,0,-1,0,0,0,840,1,16
4872,0,-1,0,0,0,276,1,11
4873,0,-1,0,0,0,840,1,6
4874,0,-1,0,0,0,826,1,2
4875,0,-1,0,1,0,840,1,11
4876,0,-1,0,0,0,276,1,4
4877,0,-1,0,1,0,276,1,18
4878,0,-1,0,0,0,840,1,15
4879,0,-1,0,0,0,156,1,12
4880,0,-1,0,0,0,276,1,18
4881,0,-1,0,0,1,840,1,16
4882,0,-1,0,0,1,250,1,8
4883,0,-1,0,0,0,826,1,0
4884,0,-1,0,0,0,156,1,3
4885,0,-1,0,1,0,826,1,2
4886,0,-1,0,0,0,826,1,0
4887,0,-1,0,1,0,840,1,11
4888,0,-1,0,0,0,156,1,16
4889,0,-1,0,0,0,276,1,13
4890,0,-1,0,0,0,250,1,7
4891,0,-1,0,0,0,840,1,1
4892,0,-1,0,0,0,276,1,16
4893,0,-1,0,0,0,276,1,3
4894,0,-1,0,1,0,276,1,16
4895,0,-1,0,0,0,250,1,18
4896,0,-1,0,0,0,276,1,1
4897,0,-1,0,0,0,250,1,12
4898,0,-1,0,0,0,276,1,5
4899,0,-1,0,0,0,250,1,13
4900,0,-1,0,0,0,826,1,0
4901,0,-1,0,0,0,840,1,9
4902,0,-1,0,0,1,250,1,17
4903,0,-1,0,0,0,250,1,13
4904,0,-1,0,0,0,826,1,0
4905,0,-1,0,0,0,276,1,11
4906,0,-1,0,0,0,826,1,11
4907,0,-1,0,1,0,276,1,16
4908,0,-1,0,1,0,826,1,12
4909,0,-1,0,0,0,156,1,6
4910,0,-1,0,0,0,156,1,19
4911,0,-1,0,0,0,826,1,13
4912,0,-1,0,0,0,840,1,14
4913,0,-1,0,1,0,826,1,18
4914,0,-1,0,0,0,250,1,8
4915,0,-1,0,1,0,826,1,17
4916,0,-1,0,0,0,826,1,16
4917,0,-1,0,0,0,156,1,19
4918,0,-1,0,0,0,250,1,17
4919,0,-1,0,0,1,250,1,16
4920,0,-1,0,0,0,156,1,10
4921,0,-1,0,0,1,826,1,19
4922,0,-1,0,0,1,826,1,5
4923,0,-1,0,0,0,276,1,0
4924,0,-1,0,0,0,276,1,14
4925,0,-1,0,0,0,156,1,9
4926,0,-1,0,0,0,276,1,8
4927,0,-1,0,0,0,276,1,9
4928,0,-1,0,0,0,250,1,9
4929,0,-1,0,0,0,250,1,18
4930,0,-1,0,0,0,840,1,3
4931,0,-1,0,0,0,840,1,1
4932,0,-1,0,1,0,826,1,11
4933,0,-1,0,0,0,276,1,15
4934,0,-1,0,0,0,826,1,14
4935,0,-1,0,0,0,250,1,18
4936,0,-1,0,0,0,250,1,17
4937,0,-1,0,0,0,250,1,3
4938,0,-1,0,0,0,250,1,19
4939,0,-1,0,0,0,250,1,7
4940,0,-1,0,0,0,826,1,4
4941,0,-1,0,0,0,840,1,4
4942,0,-1,0,1,0,250,1,0
4943,0,-1,0,0,0,250,1,18
4944,0,-1,0,0,0,156,1,7
4945,0,-1,0,0,0,840,1,9
4946,0,-1,0,0,0,250,1,10
4947,0,-1,0,0,0,250,1,1
4948,0,-1,0,0,0,840,1,12
4949,0,-1,0,1,0,250,1,1
4950,0,-1,0,0,0,156,1,14
4951,0,-1,0,0,0,276,1,17
4952,0,-1,0,0,0,276,1,1
4953,0,-1,0,0,1,250,1,8
4954,0,-1,0,0,0,156,1,10
4955,0,-1,0,0,0,156,1,15
4956,0,-1,0,0,0,250,1,12
4957,0,-1,0,0,1,276,1,2
4958,0,-1,0,0,1,250,1,17
4959,0,-1,0,0,0,250,1,16
4960,0,-1,0,0,0,250,1,13
4961,0,-1,0,0,0,840,1,1
4962,0,-1,0,0,0,250,1,9
4963,0,-1,0,0,0,276,1,0
4964,0,-1,0,0,0,840,1,14
4965,0,-1,0,0,0,276,1,13
4966,0,-1,0,0,0,156,1,2
4967,0,-1,0,0,0,826,1,6
4968,0,-1,0,0,0,840,1,10
4969,0,-1,0,0,0,156,1,7
4970,0,-1,0,0,0,250,1,14
4971,0,-1,0,0,0,276,1,19
4972,0,-1,0,0,0,250,1,1
4973,0,-1,0,0,0,156,1,14
4974,0,-1,0,0,0,840,1,1
4975,0,-1,0,0,0,156,1,9
4976,0,-1,0,0,0,826,1,19
4977,0,-1,0,1,1,156,1,3
4978,0,-1,0,0,0,276,1,2
4979,0,-1,0,1,0,840,1,18
4980,0,-1,0,0,0,250,1,18
4981,0,-1,0,1,0,840,1,0
4982,0,-1,0,0,0,840,1,13
4983,0,-1,0,0,0,156,1,6
4984,0,-1,0,0,0,826,1,7
4985,0,-1,0,0,0,156,1,5
4986,0,-1,0,0,0,826,1,15
4987,0,-1,0,0,0,250,1,2
4988,0,-1,0,0,0,840,1,4
4989,0,-1,0,1,0,826,1,7
4990,0,-1,0,0,1,276,1,16
4991,0,-1,0,0,0,826,1,4
4992,0,-1,0,0,0,826,1,15
4993,0,-1,0,0,0,840,1,16
4994,0,-1,0,0,0,250,1,1
4995,0,-1,0,0,0,250,1,0
4996,0,-1,0,0,0,840,1,15
4997,0,-1,0,0,0,276,1,2
4998,0,-1,0,0,0,156,1,7
4999,0,-1,0,0,0,840,1,16
5000,0,-1,0,0,1,276,1,18
5001,0,-1,0,0,0,840,1,7
5002,0,-1,0,0,0,840,1,3
5003,0,-1,0,0,0,840,1,18
5004,0,-1,0,0,0,826,1,14
5005,0,-1,0,1,0,250,1,14
5006,0,-1,0,0,0,156,1,10
5007,0,-1,0,0,0,156,1,6
5008,0,-1,0,1,0,156,1,1
5009,0,-1,0,0,0,276,1,15
5010,0,-1,0,0,0,826,1,15
5011,0,-1,0,0,0,250,1,5
5012,0,-1,0,0,0,156,1,10
5013,0,-1,0,0,0,276,1,7
5014,0,-1,0,0,0,840,1,8
5015,0,-1,0,0,0,276,1,15
5016,0,-1,0,0,0,276,1,7
5017,0,-1,0,1,0,156,1,0
5018,0,-1,0,0,0,276,1,5
5019,0,-1,0,0,0,826,1,19
5020,0,-1,0,0,0,250,1,6
5021,0,-1,0,0,0,156,1,17
5022,0,-1,0,0,0,840,1,16
5023,0,-1,0,0,0,156,1,17
5024,0,-1,0,0,1,826,1,15
5025,0,-1,0,0,0,156,1,15
5026,0,-1,0,0,0,276,1,6
5027,0,-1,0,0,0,826,1,17
5028,0,-1,0,0,0,250,1,12
5029,0,-1,0,0,0,156,1,18
5030,0,-1,0,0,0,276,1,19
5031,0,-1,0,0,0,840,1,9
5032,0,-1,0,0,0,826,1,18
5033,0,-1,0,0,0,250,1,15
5034,0,-1,0,1,0,250,1,6
5035,0,-1,0,0,0,156,1,2
5036,0,-1,0,0,0,276,1,4
5037,0,-1,0,0,1,156,1,7
5038,0,-1,0,0,0,276,1,8
5039,0,-1,0,0,1,156,1,2
5040,0,-1,0,0,0,840,1,12
5041,0,-1,0,0,0,826,1,16
5042,0,-1,0,0,0,826,1,3
5043,0,-1,0,0,0,826,1,0
5044,0,-1,0,0,0,826,1,15
5045,0,-1,0,0,0,250,1,1
5046,0,-1,0,0,0,156,1,19
5047,0,-1,0,0,0,840,1,18
5048,0,-1,0,0,0,156,1,0
5049,0,-1,0,0,0,826,1,18
5050,0,-1,0,0,0,250,1,16
5051,0,-1,0,0,0,826,1,16
5052,0,-1,0,0,0,156,1,8
5053,0,-1,0,0,0,276,1,4
5054,0,-1,0,0,0,156,1,6
5055,0,-1,0,0,0,826,1,1
5056,0,-1,0,0,0,826,1,12
5057,0,-1,0,0,0,840,1,5
5058,0,-1,0,0,0,250,1,15
5059,0,-1,0,0,0,826,1,7
5060,0,-1,0,0,0,840,1,4
5061,0,-1,0,0,0,276,1,4
5062,0,-1,0,0,0,826,1,18
5063,0,-1,0,0,0,840,1,14
5064,0,-1,0,1,0,156,1,7
5065,0,-1,0,0,0,826,1,13
5066,0,-1,0,0,0,250,1,0
5067,0,-1,0,0,0,826,1,1
5068,0,-1,0,0,0,826,1,5
5069,0,-1,0,0,0,826,1,18
5070,0,-1,0,0,0,826,1,3
5071,0,-1,0,0,0,156,1,9
5072,0,-1,0,0,0,276,1,13
5073,0,-1,0,0,0,156,1,10
5074,0,-1,0,0,1,276,1,3
5075,0,-1,0,0,0,250,1,11
5076,0,-1,0,0,0,250,1,0
5077,0,-1,0,0,0,826,1,4
5078,0,-1,0,0,0,840,1,15
5079,0,-1,0,0,0,276,1,11
5080,0,-1,0,0,0,276,1,4
5081,0,-1,0,0,0,276,1,8
5082,0,-1,0,0,0,840,1,6
5083,0,-1,0,0,0,826,1,12
5084,0,-1,0,0,0,840,1,18
5085,0,-1,0,0,0,250,1,1
5086,0,-1,0,0,0,826,1,2
5087,0,-1,0,1,0,276,1,3
5088,0,-1,0,0,0,826,1,7
5089,0,-1,0,0,1,276,1,9
5090,0,-1,0,1,0,840,1,14
5091,0,-1,0,0,0,826,1,12
5092,0,-1,0,0,1,250,1,14
5093,0,-1,0,0,0,156,1,5
5094,0,-1,0,0,0,276,1,9
5095,0,-1,0,0,0,250,1,2
5096,0,-1,0,0,0,250,1,12
5097,0,-1,0,0,0,276,1,13
5098,0,-1,0,1,0,276,1,10
5099,0,-1,0,0,1,156,1,6
5100,0,-1,0,0,1,276,1,11
5101,0,-1,0,0,0,826,1,14
5102,0,-1,0,0,1,250,1,4
5103,0,-1,0,1,0,276,1,15
5104,0,-1,0,0,0,156,1,18
5105,0,-1,0,0,0,826,1,16
5106,0,-1,0,1,0,276,1,0
5107,0,-1,0,0,0,156,1,7
5108,0,-1,0,0,0,250,1,12
5109,0,-1,0,0,0,840,1,16
5110,0,-1,0,0,0,250,1,3
5111,0,-1,0,0,0,826,1,8
5112,0,-1,0,0,0,840,1,6
5113,0,-1,0,1,0,250,1,0
5114,0,-1,0,0,0,156,1,12
5115,0,-1,0,0,0,276,1,9
5116,0,-1,0,0,0,276,1,6
5117,0,-1,0,0,0,276,1,18
5118,0,-1,0,1,0,250,1,14
5119,0,-1,0,0,0,826,1,15
5120,0,-1,0,0,0,276,1,13
5121,0,-1,0,0,0,156,1,14
5122,0,-1,0,0,0,276,1,2
5123,0,-1,0,1,0,250,1,1
5124,0,-1,0,0,0,156,1,2
5125,0,-1,0,0,1,826,1,17
5126,0,-1,0,0,1,156,1,19
5127,0,-1,0,0,0,840,1,5
5128,0,-1,0,0,0,276,1,19
5129,0,-1,0,0,0,840,1,19
5130,0,-1,0,0,0,276,1,1
5131,0,-1,0,0,0,840,1,4
5132,0,-1,0,0,0,826,1,12
5133,0,-1,0,0,0,276,1,4
5134,0,-1,0,0,0,276,1,18
5135,0,-1,0,0,0,276,1,19
5136,0,-1,0,0,0,840,1,7
5137,0,-1,0,0,0,156,1,8
5138,0,-1,0,1,0,840,1,9
5139,0,-1,0,0,0,250,1,1
5140,0,-1,0,0,0,840,1,14
5141,0,-1,0,0,0,840,1,8
5142,0,-1,0,0,0,156,1,11
5143,0,-1,0,0,0,156,1,11
5144,0,-1,0,0,0,840,1,16
5145,0,-1,0,0,0,276,1,6
5146,0,-1,0,1,0,156,1,18
5147,0,-1,0,0,1,276,1,6
5148,0,-1,0,0,0,840,1,15
5149,0,-1,0,0,0,250,1,10
5150,0,-1,0,0,0,276,1,13
5151,0,-1,0,0,0,276,1,5
5152,0,-1,0,0,0,156,1,4
5153,0,-1,0,0,0,250,1,18
5154,0,-1,0,1,0,276,1,18
5155,0,-1,0,1,0,156,1,4
5156,0,-1,0,0,0,840,1,15
5157,0,-1,0,0,0,276,1,7
5158,0,-1,0,0,0,840,1,12
5159,0,-1,0,0,0,276,1,8
5160,0,-1,0,0,0,276,1,10
5161,0,-1,0,0,0,826,1,5
5162,0,-1,0,0,0,250,1,6
5163,0,-1,0,0,0,156,1,16
5164,0,-1,0,0,0,826,1,19
5165,0,-1,0,0,0,156,1,17
5166,0,-1,0,0,0,250,1,0
5167,0,-1,0,0,0,826,1,14
5168,0,-1,0,0,0,156,1,0
5169,0,-1,0,0,0,156,1,10
5170,0,-1,0,0,0,276,1,5
5171,0,-1,0,0,0,840,1,1
5172,0,-1,0,0,0,250,1,10
5173,0,-1,0,0,0,276,1,7
5174,0,-1,0,0,0,826,1,0
5175,0,-1,0,0,0,840,1,8
5176,0,-1,0,0,0,156,1,13
5177,0,-1,0,0,0,276,1,9
5178,0,-1,0,0,0,840,1,1
5179,0,-1,0,0,0,250,1,11
5180,0,-1,0,0,0,250,1,14
5181,0,-1,0,0,0,276,1,0
5182,0,-1,0,0,0,276,1,1
5183,0,-1,0,0,0,156,1,13
5184,0,-1,0,0,0,276,1,1
5185,0,-1,0,0,0,276,1,15
5186,0,-1,0,0,0,826,1,16
5187,0,-1,0,1,0,840,1,4
5188,0,-1,0,0,0,156,1,16
5189,0,-1,0,0,0,156,1,15
5190,0,-1,0,0,0,826,1,18
5191,0,-1,0,0,0,250,1,12
5192,0,-1,0,0,0,250,1,17
5193,0,-1,0,0,0,276,1,3
5194,0,-1,0,0,0,276,1,15
5195,0,-1,0,0,0,276,1,13
5196,0,-1,0,1,0,826,1,15
5197,0,-1,0,0,0,826,1,5
5198,0,-1,0,0,0,156,1,15
5199,0,-1,0,0,0,840,1,7
5200,0,-1,0,1,0,276,1,17
5201,0,-1,0,0,0,250,1,7
5202,0,-1,0,0,0,250,1,7
5203,0,-1,0,0,0,276,1,8
5204,0,-1,0,0,0,276,1,13
5205,0,-1,0,0,0,156,1,1
5206,0,-1,0,0,1,826,1,3
5207,0,-1,0,0,0,276,1,14
5208,0,-1,0,0,0,276,1,8
5209,0,-1,0,0,0,826,1,6
5210,0,-1,0,0,0,840,1,17
5211,0,-1,0,0,0,250,1,9
5212,0,-1,0,0,0,276,1,19
5213,0,-1,0,0,0,840,1,8
5214,0,-1,0,0,0,276,1,0
5215,0,-1,0,1,0,156,1,16
5216,0,-1,0,0,0,840,1,18
5217,0,-1,0,0,0,250,1,11
5218,0,-1,0,0,0,826,1,16
5219,0,-1,0,0,0,250,1,10
5220,0,-1,0,0,0,250,1,11
5221,0,-1,0,0,0,250,1,17
5222,0,-1,0,1,0,156,1,14
5223,0,-1,0,0,0,840,1,17
5224,0,-1,0,0,1,826,1,18
5225,0,-1,0,0,0,826,1,14
5226,0,-1,0,0,0,276,1,13
5227,0,-1,0,0,0,250,1,18
5228,0,-1,0,1,0,840,1,9
5229,0,-1,0,0,0,276,1,7
5230,0,-1,0,0,0,826,1,13
5231,0,-1,0,0,0,276,1,14
5232,0,-1,0,0,0,276,1,12
5233,0,-1,0,0,0,250,1,17
5234,0,-1,0,0,0,156,1,12
5235,0,-1,0,0,0,840,1,7
5236,0,-1,0,0,0,250,1,18
5237,0,-1,0,0,0,826,1,2
5238,0,-1,0,0,0,276,1,12
5239,0,-1,0,1,0,826,1,4
5240,0,-1,0,0,0,840,1,10
5241,0,-1,0,0,0,840,1,16
5242,0,-1,0,0,0,250,1,17
5243,0,-1,0,0,0,156,1,14
5244,0,-1,0,0,0,156,1,18
5245,0,-1,0,0,0,840,1,2
5246,0,-1,0,0,0,156,1,1
5247,0,-1,0,0,0,156,1,13
5248,0,-1,0,1,0,156,1,1
5249,0,-1,0,0,0,156,1,3
5250,0,-1,0,0,0,826,1,6
5251,0,-1,0,0,0,826,1,15
5252,0,-1,0,0,0,276,1,14
5253,0,-1,0,0,0,276,1,12
5254,0,-1,0,0,0,276,1,7
5255,0,-1,0,0,0,250,1,0
5256,0,-1,0,0,0,276,1,5
5257,0,-1,0,0,0,250,1,18
5258,0,-1,0,0,0,840,1,0
5259,0,-1,0,0,0,156,1,12
5260,0,-1,0,0,0,276,1,2
5261,0,-1,0,0,0,250,1,11
5262,0,-1,0,0,0,826,1,5
5263,0,-1,0,0,0,156,1,13
5264,0,-1,0,0,0,840,1,7
5265,0,-1,0,0,1,250,1,16
5266,0,-1,0,0,0,276,1,17
5267,0,-1,0,0,0,826,1,9
5268,0,-1,0,0,0,840,1,18
5269,0,-1,0,1,0,156,1,1
5270,0,-1,0,0,0,156,1,16
5271,0,-1,0,0,0,250,1,17
5272,0,-1,0,0,0,276,1,7
5273,0,-1,0,0,1,826,1,19
5274,0,-1,0,0,0,156,1,15
5275,0,-1,0,0,0,840,1,18
5276,0,-1,0,0,0,840,1,0
5277,0,-1,0,0,0,840,1,12
5278,0,-1,0,0,0,826,1,8
5279,0,-1,0,1,0,156,1,6
5280,0,-1,0,0,0,250,1,19
5281,0,-1,0,0,1,156,1,6
5282,0,-1,0,0,0,826,1,15
5283,0,-1,0,0,0,826,1,12
5284,0,-1,0,0,0,250,1,9
5285,0,-1,0,0,0,250,1,6
5286,0,-1,0,0,0,826,1,4
5287,0,-1,0,0,0,250,1,14
5288,0,-1,0,0,0,250,1,10
5289,0,-1,0,0,0,826,1,13
5290,0,-1,0,0,0,840,1,2
5291,0,-1,0,0,0,250,1,0
5292,0,-1,0,0,0,840,1,12
5293,0,-1,0,0,0,156,1,9
5294,0,-1,0,0,1,276,1,19
5295,0,-1,0,0,0,840,1,3
5296,0,-1,0,0,0,826,1,6
5297,0,-1,0,0,0,156,1,14
5298,0,-1,0,1,0,250,1,7
5299,0,-1,0,0,0,156,1,19
5300,0,-1,0,0,0,826,1,3
5301,0,-1,0,0,0,156,1,11
5302,0,-1,0,0,0,276,1,12
5303,0,-1,0,0,0,276,1,3
5304,0,-1,0,0,0,840,1,0
5305,0,-1,0,0,0,840,1,6
5306,0,-1,0,0,0,826,1,3
5307,0,-1,0,0,0,826,1,6
5308,0,-1,0,0,0,840,1,11
5309,0,-1,0,0,0,826,1,14
5310,0,-1,0,0,0,156,1,4
5311,0,-1,0,0,0,276,1,2
5312,0,-1,0,0,0,250,1,4
5313,0,-1,0,0,0,156,1,2
5314,0,-1,0,0,0,276,1,10
5315,0,-1,0,0,0,156,1,13
5316,0,-1,0,0,0,250,1,17
5317,0,-1,0,0,0,840,1,2
5318,0,-1,0,0,0,840,1,6
5319,0,-1,0,0,0,840,1,9
5320,0,-1,0,0,0,156,1,13
5321,0,-1,0,0,0,276,1,5
5322,0,-1,0,0,0,840,1,13
5323,0,-1,0,0,0,840,1,8
5324,0,-1,0,0,0,156,1,12
5325,0,-1,0,0,0,826,1,14
5326,0,-1,0,0,0,250,1,17
5327,0,-1,0,0,0,826,1,13
5328,0,-1,0,0,0,156,1,5
5329,0,-1,0,0,0,826,1,0
5330,0,-1,0,0,0,156,1,14
5331,0,-1,0,0,0,826,1,9
5332,0,-1,0,1,0,840,1,16
5333,0,-1,0,0,0,156,1,14
5334,0,-1,0,0,0,250,1,7
5335,0,-1,0,0,0,276,1,10
5336,0,-1,0,0,0,156,1,18
5337,0,-1,0,1,0,826,1,19
5338,0,-1,0,0,0,826,1,12
5339,0,-1,0,0,0,250,1,5
5340,0,-1,0,0,0,840,1,2
5341,0,-1,0,0,0,826,1,1
5342,0,-1,0,0,0,276,1,14
5343,0,-1,0,0,0,826,1,17
5344,0,-1,0,0,0,840,1,19
5345,0,-1,0,1,0,276,1,6
5346,0,-1,0,0,0,826,1,19
5347,0,-1,0,0,0,840,1,6
5348,0,-1,0,0,0,156,1,5
5349,0,-1,0,0,0,250,1,10
5350,0,-1,0,0,0,250,1,2
5351,0,-1,0,1,0,250,1,16
5352,0,-1,0,0,0,840,1,2
5353,0,-1,0,0,0,826,1,14
5354,0,-1,0,0,0,156,1,6
5355,0,-1,0,0,0,276,1,18
5356,0,-1,0,0,0,156,1,13
5357,0,-1,0,0,0,156,1,19
5358,0,-1,0,0,0,826,1,14
5359,0,-1,0,0,0,156,1,13
5360,0,-1,0,0,0,276,1,9
5361,0,-1,0,0,0,826,1,16
5362,0,-1,0,0,0,156,1,17
5363,0,-1,0,1,0,156,1,12
5364,0,-1,0,0,0,276,1,12
5365,0,-1,0,0,0,826,1,12
5366,0,-1,0,1,0,276,1,14
5367,0,-1,0,0,0,250,1,16
5368,0,-1,0,0,0,276,1,13
5369,0,-1,0,0,0,826,1,9
5370,0,-1,0,0,0,250,1,19
5371,0,-1,0,0,0,156,1,5
5372,0,-1,0,0,0,156,1,12
5373,0,-1,0,0,0,840,1,11
5374,0,-1,0,0,0,250,1,6
5375,0,-1,0,0,0,156,1,3
5376,0,-1,0,0,0,840,1,0
5377,0,-1,0,0,0,840,1,0
5378,0,-1,0,0,0,840,1,16
5379,0,-1,0,0,0,826,1,10
5380,0,-1,0,0,0,250,1,2
5381,0,-1,0,0,0,840,1,3
5382,0,-1,0,0,0,826,1,15
5383,0,-1,0,0,0,840,1,2
5384,0,-1,0,1,0,826,1,6
5385,0,-1,0,0,0,156,1,1
5386,0,-1,0,0,0,840,1,17
5387,0,-1,0,0,0,156,1,16
5388,0,-1,0,0,0,840,1,17
5389,0,-1,0,0,0,156,1,9
5390,0,-1,0,0,0,826,1,15
5391,0,-1,0,0,0,156,1,14
5392,0,-1,0,0,0,250,1,1
5393,0,-1,0,0,0,250,1,0
5394,0,-1,0,0,0,156,1,2
5395,0,-1,0,1,0,826,1,11
5396,0,-1,0,0,0,826,1,10
5397,0,-1,0,0,0,840,1,15
5398,0,-1,0,0,0,250,1,5
5399,0,-1,0,0,0,840,1,3
5400,0,-1,0,0,0,826,1,13
5401,0,-1,0,0,0,156,1,16
5402,0,-1,0,0,0,840,1,1
5403,0,-1,0,0,0,826,1,17
5404,0,-1,0,0,0,276,1,2
5405,0,-1,0,0,0,840,1,5
5406,0,-1,0,1,0,276,1,16
5407,0,-1,0,0,0,250,1,19
5408,0,-1,0,0,0,840,1,16
5409,0,-1,0,0,0,840,1,16
5410,0,-1,0,1,0,276,1,6
5411,0,-1,0,0,0,826,1,10
5412,0,-1,0,0,0,250,1,14
5413,0,-1,0,0,0,156,1,18
5414,0,-1,0,0,0,276,1,19
5415,0,-1,0,0,0,826,1,4
5416,0,-1,0,0,0,826,1,5
5417,0,-1,0,0,0,156,1,4
5418,0,-1,0,0,0,276,1,8
5419,0,-1,0,0,0,840,1,2
5420,0,-1,0,0,0,840,1,15
5421,0,-1,0,0,0,156,1,6
5422,0,-1,0,0,0,276,1,15
5423,0,-1,0,0,0,826,1,7
5424,0,-1,0,0,0,826,1,13
5425,0,-1,0,0,0,250,1,1
5426,0,-1,0,0,0,250,1,9
5427,0,-1,0,0,1,826,1,1
5428,0,-1,0,0,0,156,1,19
5429,0,-1,0,0,0,276,1,19
5430,0,-1,0,0,0,826,1,16
5431,0,-1,0,0,0,840,1,10
5432,0,-1,0,0,0,156,1,15
5433,0,-1,0,0,1,840,1,16
5434,0,-1,0,0,0,250,1,15
5435,0,-1,0,0,0,840,1,5
5436,0,-1,0,0,1,250,1,8
5437,0,-1,0,0,0,840,1,2
5438,0,-1,0,0,0,156,1,3
5439,0,-1,0,1,0,276,1,12
5440,0,-1,0,0,0,276,1,11
5441,0,-1,0,0,0,840,1,13
5442,0,-1,0,0,0,156,1,13
5443,0,-1,0,0,0,250,1,5
5444,0,-1,0,0,0,826,1,19
5445,0,-1,0,0,0,250,1,5
5446,0,-1,0,0,0,840,1,19
5447,0,-1,0,0,0,250,1,2
5448,0,-1,0,0,0,840,1,2
5449,0,-1,0,0,0,840,1,14
5450,0,-1,0,0,0,156,1,18
5451,0,-1,0,0,0,156,1,16
5452,0,-1,0,1,0,840,1,13
5453,0,-1,0,0,0,156,1,1
5454,0,-1,0,0,0,826,1,5
5455,0,-1,0,0,0,250,1,8
5456,0,-1,0,0,0,156,1,6
5457,0,-1,0,1,0,250,1,11
5458,0,-1,0,0,0,826,1,7
5459,0,-1,0,0,0,826,1,9
5460,0,-1,0,0,0,250,1,7
5461,0,-1,0,0,0,826,1,15
5462,0,-1,0,0,0,156,1,8
5463,0,-1,0,0,0,826,1,13
5464,0,-1,0,0,0,156,1,3
5465,0,-1,0,0,0,156,1,16
5466,0,-1,0,0,0,826,1,15
5467,0,-1,0,0,0,276,1,5
5468,0,-1,0,0,0,840,1,1
5469,0,-1,0,1,0,156,1,7
5470,0,-1,0,0,1,840,1,0
5471,0,-1,0,0,0,250,1,1
5472,0,-1,0,0,0,250,1,4
5473,0,-1,0,0,0,156,1,5
5474,0,-1,0,0,0,156,1,4
5475,0,-1,0,0,0,156,1,17
5476,0,-1,0,0,0,840,1,2
5477,0,-1,0,1,0,826,1,3
5478,0,-1,0,0,0,826,1,7
5479,0,-1,0,0,0,276,1,2
5480,0,-1,0,0,0,826,1,7
5481,0,-1,0,0,0,250,1,4
5482,0,-1,0,0,0,156,1,10
5483,0,-1,0,0,0,276,1,9
5484,0,-1,0,0,0,276,1,15
5485,0,-1,0,0,0,826,1,19
5486,0,-1,0,1,1,250,1,16
5487,0,-1,0,0,0,840,1,19
5488,0,-1,0,0,0,156,1,5
5489,0,-1,0,0,0,276,1,3
5490,0,-1,0,0,0,156,1,19
5491,0,-1,0,0,0,840,1,2
5492,0,-1,0,0,0,840,1,19
5493,0,-1,0,0,0,276,1,0
5494,0,-1,0,0,0,250,1,11
5495,0,-1,0,0,0,250,1,19
5496,0,-1,0,1,0,840,1,17
5497,0,-1,0,1,0,156,1,17
5498,0,-1,0,0,0,826,1,16
5499,0,-1,0,0,0,276,1,0
5500,0,-1,0,0,0,276,1,15
5501,0,-1,0,0,0,276,1,11
5502,0,-1,0,0,0,840,1,4
5503,0,-1,0,0,0,276,1,18
5504,0,-1,0,0,0,250,1,7
5505,0,-1,0,0,0,250,1,7
5506,0,-1,0,0,0,250,1,13
5507,0,-1,0,0,0,250,1,0
5508,0,-1,0,0,0,156,1,15
5509,0,-1,0,1,0,276,1,8
5510,0,-1,0,0,0,276,1,13
5511,0,-1,0,0,0,250,1,3
5512,0,-1,0,0,0,250,1,4
5513,0,-1,0,0,0,276,1,17
5514,0,-1,0,0,0,276,1,11
5515,0,-1,0,0,0,250,1,15
5516,0,-1,0,0,1,156,1,0
5517,0,-1,0,0,0,250,1,4
5518,0,-1,0,0,0,156,1,17
5519,0,-1,0,0,0,250,1,10
5520,0,-1,0,0,1,250,1,18
5521,0,-1,0,0,0,156,1,19
5522,0,-1,0,0,0,840,1,0
5523,0,-1,0,0,0,276,1,18
5524,0,-1,0,0,0,156,1,1
5525,0,-1,0,0,0,840,1,18
5526,0,-1,0,0,1,276,1,15
5527,0,-1,0,0,0,826,1,5
5528,0,-1,0,0,0,826,1,2
5529,0,-1,0,0,0,276,1,3
5530,0,-1,0,0,0,826,1,19
5531,0,-1,0,0,0,840,1,12
5532,0,-1,0,0,0,250,1,19
5533,0,-1,0,0,0,250,1,5
5534,0,-1,0,1,0,156,1,3
5535,0,-1,0,0,0,250,1,1
5536,0,-1,0,0,0,250,1,3
5537,0,-1,0,0,0,276,1,4
5538,0,-1,0,1,0,840,1,1
5539,0,-1,0,0,0,826,1,16
5540,0,-1,0,0,0,276,1,8
5541,0,-1,0,0,0,156,1,16
5542,0,-1,0,0,0,276,1,5
5543,0,-1,0,1,0,250,1,2
5544,0,-1,0,0,0,826,1,19
5545,0,-1,0,0,0,250,1,7
5546,0,-1,0,0,0,826,1,16
5547,0,-1,0,0,0,826,1,3
5548,0,-1,0,1,0,156,1,5
5549,0,-1,0,0,0,840,1,17
5550,0,-1,0,0,0,840,1,2
5551,0,-1,0,0,0,826,1,0
5552,0,-1,0,1,0,840,1,18
5553,0,-1,0,0,0,840,1,18
5554,0,-1,0,0,0,156,1,19
5555,0,-1,0,0,0,276,1,8
5556,0,-1,0,0,0,156,1,8
5557,0,-1,0,0,0,250,1,16
5558,0,-1,0,0,0,276,1,7
5559,0,-1,0,0,0,276,1,2
5560,0,-1,0,0,0,840,1,2
5561,0,-1,0,1,0,826,1,15
5562,0,-1,0,0,0,840,1,10
5563,0,-1,0,0,0,840,1,2
5564,0,-1,0,0,0,156,1,15
5565,0,-1,0,0,1,250,1,16
5566,0,-1,0,0,0,156,1,13
5567,0,-1,0,0,0,156,1,4
5568,0,-1,0,0,0,156,1,5
5569,0,-1,0,0,1,826,1,14
5570,0,-1,0,0,0,826,1,10
5571,0,-1,0,0,0,840,1,13
5572,0,-1,0,0,1,840,1,19
5573,0,-1,0,0,1,276,1,5
5574,0,-1,0,0,0,156,1,7
5575,0,-1,0,1,0,826,1,11
5576,0,-1,0,1,0,156,1,15
5577,0,-1,0,1,0,250,1,18
5578,0,-1,0,1,0,840,1,8
5579,0,-1,0,1,0,276,1,16
5580,0,-1,0,0,0,826,1,3
5581,0,-1,0,0,0,156,1,0
5582,0,-1,0,0,0,276,1,15
5583,0,-1,0,0,0,276,1,15
5584,0,-1,0,0,0,276,1,5
5585,0,-1,0,0,0,840,1,7
5586,0,-1,0,0,1,826,1,9
5587,0,-1,0,0,0,840,1,7
5588,0,-1,0,1,0,276,1,19
5589,0,-1,0,0,0,826,1,2
5590,0,-1,0,0,0,276,1,19
5591,0,-1,0,0,0,276,1,8
5592,0,-1,0,0,0,276,1,15
5593,0,-1,0,0,0,276,1,4
5594,0,-1,0,0,0,250,1,5
5595,0,-1,0,0,0,276,1,13
5596,0,-1,0,0,0,276,1,13
5597,0,-1,0,0,0,826,1,3
5598,0,-1,0,0,0,156,1,12
5599,0,-1,0,0,0,826,1,3
5600,0,-1,0,0,0,250,1,3
5601,0,-1,0,0,0,250,1,8
5602,0,-1,0,0,0,276,1,18
5603,0,-1,0,0,0,156,1,2
5604,0,-1,0,0,0,156,1,3
5605,0,-1,0,0,0,250,1,14
5606,0,-1,0,0,0,826,1,17
5607,0,-1,0,0,0,826,1,14
5608,0,-1,0,0,0,156,1,1
5609,0,-1,0,0,0,156,1,12
5610,0,-1,0,0,0,250,1,5
5611,0,-1,0,0,0,250,1,19
5612,0,-1,0,0,0,826,1,10
5613,0,-1,0,0,0,156,1,10
5614,0,-1,0,0,0,276,1,13
5615,0,-1,0,0,1,276,1,8
5616,0,-1,0,0,0,826,1,5
5617,0,-1,0,0,0,276,1,9
5618,0,-1,0,0,0,276,1,5
5619,0,-1,0,0,0,276,1,18
5620,0,-1,0,0,0,156,1,1
5621,0,-1,0,0,0,276,1,19
5622,0,-1,0,0,0,826,1,14
5623,0,-1,0,0,0,250,1,7
5624,0,-1,0,0,0,156,1,14
5625,0,-1,0,0,0,276,1,11
5626,0,-1,0,0,1,826,1,10
5627,0,-1,0,0,1,840,1,1
5628,0,-1,0,0,0,826,1,7
5629,0,-1,0,0,0,276,1,5
5630,0,-1,0,0,0,276,1,11
5631,0,-1,0,0,0,156,1,0
5632,0,-1,0,0,0,156,1,13
5633,0,-1,0,0,0,156,1,5
5634,0,-1,0,0,0,826,1,3
5635,0,-1,0,0,0,826,1,13
5636,0,-1,0,0,0,826,1,12
5637,0,-1,0,0,0,276,1,0
5638,0,-1,0,0,0,156,1,17
5639,0,-1,0,0,0,250,1,7
5640,0,-1,0,0,0,840,1,10
5641,0,-1,0,0,0,826,1,14
5642,0,-1,0,0,0,156,1,16
5643,0,-1,0,0,0,156,1,6
5644,0,-1,0,0,0,826,1,6
5645,0,-1,0,0,0,826,1,13
5646,0,-1,0,0,0,276,1,7
5647,0,-1,0,0,0,840,1,10
5648,0,-1,0,0,0,250,1,2
5649,0,-1,0,0,0,276,1,12
5650,0,-1,0,0,0,826,1,1
5651,0,-1,0,0,0,250,1,4
5652,0,-1,0,0,0,826,1,18
5653,0,-1,0,0,0,826,1,7
5654,0,-1,0,0,0,276,1,19
5655,0,-1,0,0,0,826,1,6
5656,0,-1,0,0,0,840,1,10
5657,0,-1,0,0,0,156,1,1
5658,0,-1,0,0,0,840,1,16
5659,0,-1,0,0,0,276,1,14
5660,0,-1,0,0,0,276,1,10
5661,0,-1,0,0,0,250,1,2
5662,0,-1,0,0,0,250,1,3
5663,0,-1,0,0,0,276,1,5
5664,0,-1,0,0,0,250,1,0
5665,0,-1,0,0,0,250,1,2
5666,0,-1,0,0,0,826,1,14
5667,0,-1,0,0,1,250,1,18
5668,0,-1,0,0,0,826,1,14
5669,0,-1,0,0,0,276,1,11
5670,0,-1,0,0,0,250,1,19
5671,0,-1,0,1,0,826,1,5
5672,0,-1,0,0,0,840,1,12
5673,0,-1,0,0,0,250,1,13
5674,0,-1,0,0,1,276,1,7
5675,0,-1,0,0,0,840,1,13
5676,0,-1,0,0,0,826,1,12
5677,0,-1,0,0,0,276,1,0
5678,0,-1,0,0,0,276,1,1
5679,0,-1,0,0,0,276,1,5
5680,0,-1,0,0,0,826,1,14
5681,0,-1,0,1,0,826,1,15
5682,0,-1,0,0,0,840,1,6
5683,0,-1,0,0,0,840,1,18
5684,0,-1,0,0,1,840,1,18
5685,0,-1,0,0,0,250,1,18
5686,0,-1,0,0,0,156,1,10
5687,0,-1,0,0,1,156,1,8
5688,0,-1,0,0,0,156,1,16
5689,0,-1,0,0,0,156,1,12
5690,0,-1,0,0,0,250,1,15
5691,0,-1,0,0,0,250,1,7
5692,0,-1,0,1,0,840,1,2
5693,0,-1,0,0,0,276,1,1
5694,0,-1,0,0,0,250,1,4
5695,0,-1,0,0,0,156,1,18
5696,0,-1,0,0,0,840,1,15
5697,0,-1,0,0,0,840,1,17
5698,0,-1,0,0,0,250,1,0
5699,0,-1,0,0,0,276,1,17
5700,0,-1,0,0,0,826,1,8
5701,0,-1,0,0,0,250,1,17
5702,0,-1,0,0,0,826,1,19
5703,0,-1,0,1,0,826,1,13
5704,0,-1,0,0,0,826,1,1
5705,0,-1,0,0,0,156,1,17
5706,0,-1,0,1,0,276,1,19
5707,0,-1,0,0,0,156,1,12
5708,0,-1,0,0,0,250,1,10
5709,0,-1,0,0,0,250,1,2
5710,0,-1,0,0,0,156,1,14
5711,0,-1,0,0,0,276,1,6
5712,0,-1,0,1,0,276,1,14
5713,0,-1,0,0,0,840,1,9
5714,0,-1,0,0,1,276,1,2
5715,0,-1,0,0,0,250,1,5
5716,0,-1,0,0,0,250,1,18
5717,0,-1,0,0,0,250,1,6
5718,0,-1,0,0,0,276,1,6
5719,0,-1,0,0,0,840,1,12
5720,0,-1,0,0,1,156,1,9
5721,0,-1,0,0,0,826,1,2
5722,0,-1,0,0,0,250,1,9
5723,0,-1,0,0,0,276,1,14
5724,0,-1,0,0,0,840,1,9
5725,0,-1,0,0,0,156,1,9
5726,0,-1,0,0,0,840,1,0
5727,0,-1,0,0,0,840,1,13
5728,0,-1,0,0,0,840,1,9
5729,0,-1,0,1,0,276,1,8
5730,0,-1,0,0,1,276,1,18
5731,0,-1,0,0,1,826,1,12
5732,0,-1,0,0,0,250,1,8
5733,0,-1,0,0,0,250,1,10
5734,0,-1,0,0,0,276,1,0
5735,0,-1,0,0,0,156,1,11
5736,0,-1,0,0,0,826,1,12
5737,0,-1,0,0,0,156,1,9
5738,0,-1,0,0,0,250,1,19
5739,0,-1,0,0,0,156,1,14
5740,0,-1,0,0,0,156,1,11
5741,0,-1,0,0,0,840,1,2
5742,0,-1,0,0,0,840,1,8
5743,0,-1,0,0,0,250,1,2
5744,0,-1,0,0,0,840,1,19
5745,0,-1,0,0,0,840,1,3
5746,0,-1,0,0,0,276,1,3
5747,0,-1,0,0,0,250,1,12
5748,0,-1,0,0,0,156,1,13
5749,0,-1,0,0,0,276,1,12
5750,0,-1,0,0,0,276,1,12
5751,0,-1,0,0,0,840,1,16
5752,0,-1,0,0,0,156,1,4
5753,0,-1,0,0,0,276,1,3
5754,0,-1,0,0,0,156,1,15
5755,0,-1,0,0,0,826,1,18
5756,0,-1,0,0,0,276,1,7
5757,0,-1,0,1,0,156,1,1
5758,0,-1,0,0,1,826,1,5
5759,0,-1,0,0,0,826,1,3
5760,0,-1,0,0,0,826,1,7
5761,0,-1,0,0,0,840,1,6
5762,0,-1,0,0,0,840,1,11
5763,0,-1,0,0,0,250,1,0
5764,0,-1,0,0,0,250,1,17
5765,0,-1,0,0,0,156,1,10
5766,0,-1,0,0,1,840,1,13
5767,0,-1,0,0,0,826,1,13
5768,0,-1,0,0,0,250,1,9
5769,0,-1,0,1,0,276,1,15
5770,0,-1,0,0,0,276,1,6
5771,0,-1,0,0,0,250,1,5
5772,0,-1,0,0,0,826,1,4
5773,0,-1,0,0,0,826,1,13
5774,0,-1,0,0,0,276,1,19
5775,0,-1,0,0,0,840,1,4
5776,0,-1,0,0,0,276,1,17
5777,0,-1,0,0,0,156,1,2
5778,0,-1,0,0,0,156,1,4
5779,0,-1,0,0,0,840,1,17
5780,0,-1,0,0,0,826,1,2
5781,0,-1,0,0,0,250,1,12
5782,0,-1,0,0,0,156,1,18
5783,0,-1,0,0,0,156,1,16
5784,0,-1,0,1,0,826,1,9
5785,0,-1,0,0,0,276,1,0
5786,0,-1,0,1,1,156,1,0
5787,0,-1,0,0,0,840,1,7
5788,0,-1,0,1,0,826,1,8
5789,0,-1,0,0,0,826,1,12
5790,0,-1,0,0,0,250,1,2
5791,0,-1,0,0,0,276,1,7
5792,0,-1,0,0,0,826,1,12
5793,0,-1,0,0,1,276,1,0
5794,0,-1,0,0,0,156,1,11
5795,0,-1,0,0,0,826,1,1
5796,0,-1,0,0,0,250,1,9
5797,0,-1,0,0,0,826,1,10
5798,0,-1,0,0,0,250,1,9
5799,0,-1,0,0,0,276,1,17
5800,0,-1,0,1,0,156,1,8
5801,0,-1,0,0,0,840,1,13
5802,0,-1,0,0,0,826,1,8
5803,0,-1,0,0,0,250,1,19
5804,0,-1,0,0,0,826,1,6
5805,0,-1,0,0,0,826,1,2
5806,0,-1,0,0,0,826,1,18
5807,0,-1,0,0,0,250,1,11
5808,0,-1,0,0,0,826,1,4
5809,0,-1,0,1,0,250,1,19
5810,0,-1,0,0,1,840,1,9
5811,0,-1,0,0,0,156,1,6
5812,0,-1,0,1,0,276,1,15
5813,0,-1,0,0,0,276,1,7
5814,0,-1,0,0,0,276,1,8
5815,0,-1,0,0,0,826,1,1
5816,0,-1,0,0,0,156,1,14
5817,0,-1,0,0,0,156,1,1
5818,0,-1,0,1,0,156,1,0
5819,0,-1,0,0,0,250,1,13
5820,0,-1,0,0,0,840,1,9
5821,0,-1,0,0,0,826,1,19
5822,0,-1,0,0,0,840,1,8
5823,0,-1,0,1,0,250,1,2
5824,0,-1,0,0,0,276,1,12
5825,0,-1,0,0,0,840,1,7
5826,0,-1,0,0,0,250,1,6
5827,0,-1,0,0,0,156,1,6
5828,0,-1,0,0,1,156,1,2
5829,0,-1,0,0,0,156,1,6
5830,0,-1,0,0,1,250,1,11
5831,0,-1,0,0,0,840,1,11
5832,0,-1,0,0,0,276,1,17
5833,0,-1,0,0,0,840,1,3
5834,0,-1,0,0,0,840,1,13
5835,0,-1,0,1,0,826,1,15
5836,0,-1,0,0,0,250,1,7
5837,0,-1,0,0,0,276,1,2
5838,0,-1,0,0,0,826,1,10
5839,0,-1,0,1,0,156,1,8
5840,0,-1,0,0,0,250,1,0
5841,0,-1,0,0,0,840,1,11
5842,0,-1,0,0,0,826,1,0
5843,0,-1,0,0,0,276,1,15
5844,0,-1,0,0,0,276,1,17
5845,0,-1,0,1,0,250,1,4
5846,0,-1,0,0,0,276,1,8
5847,0,-1,0,0,0,156,1,6
5848,0,-1,0,0,0,840,1,8
5849,0,-1,0,0,0,276,1,1
5850,0,-1,0,0,0,276,1,11
5851,0,-1,0,0,1,276,1,14
5852,0,-1,0,0,0,826,1,3
5853,0,-1,0,1,1,250,1,11
5854,0,-1,0,0,0,826,1,15
5855,0,-1,0,0,0,840,1,0
5856,0,-1,0,0,0,840,1,16
5857,0,-1,0,0,0,276,1,17
5858,0,-1,0,0,0,840,1,3
5859,0,-1,0,0,0,250,1,3
5860,0,-1,0,0,0,276,1,17
5861,0,-1,0,0,0,250,1,19
5862,0,-1,0,0,0,276,1,18
5863,0,-1,0,0,0,826,1,18
5864,0,-1,0,0,0,826,1,18
5865,0,-1,0,0,0,826,1,4
5866,0,-1,0,0,0,250,1,6
5867,0,-1,0,0,1,826,1,6
5868,0,-1,0,0,1,840,1,6
5869,0,-1,0,0,0,840,1,9
5870,0,-1,0,0,0,156,1,14
5871,0,-1,0,0,0,276,1,2
5872,0,-1,0,0,0,156,1,6
5873,0,-1,0,0,0,156,1,19
5874,0,-1,0,0,0,276,1,11
5875,0,-1,0,0,0,276,1,19
5876,0,-1,0,1,0,840,1,8
5877,0,-1,0,0,0,826,1,11
5878,0,-1,0,0,0,826,1,4
5879,0,-1,0,0,0,156,1,2
5880,0,-1,0,0,0,276,1,18
5881,0,-1,0,0,0,826,1,10
5882,0,-1,0,0,0,156,1,16
5883,0,-1,0,1,0,250,1,19
5884,0,-1,0,0,1,840,1,18
5885,0,-1,0,0,0,826,1,16
5886,0,-1,0,0,0,826,1,15
5887,0,-1,0,0,1,156,1,6
5888,0,-1,0,0,0,826,1,14
5889,0,-1,0,0,0,276,1,16
5890,0,-1,0,0,0,156,1,7
5891,0,-1,0,0,0,276,1,17
5892,0,-1,0,0,0,250,1,2
5893,0,-1,0,0,0,826,1,12
5894,0,-1,0,0,0,840,1,7
5895,0,-1,0,0,0,276,1,3
5896,0,-1,0,0,0,826,1,2
5897,0,-1,0,0,0,156,1,11
5898,0,-1,0,0,0,826,1,18
5899,0,-1,0,0,0,840,1,18
5900,0,-1,0,0,0,276,1,13
5901,0,-1,0,0,1,156,1,18
5902,0,-1,0,0,0,156,1,14
5903,0,-1,0,0,0,250,1,5
5904,0,-1,0,1,0,276,1,4
5905,0,-1,0,1,0,840,1,15
5906,0,-1,0,0,0,250,1,12
5907,0,-1,0,0,0,826,1,12
5908,0,-1,0,0,0,156,1,17
5909,0,-1,0,0,0,826,1,12
5910,0,-1,0,0,0,826,1,17
5911,0,-1,0,0,0,156,1,17
5912,0,-1,0,0,0,826,1,3
5913,0,-1,0,0,0,840,1,16
5914,0,-1,0,0,0,156,1,12
5915,0,-1,0,0,0,840,1,0
5916,0,-1,0,0,0,250,1,2
5917,0,-1,0,0,0,826,1,14
5918,0,-1,0,0,0,250,1,12
5919,0,-1,0,0,0,826,1,16
5920,0,-1,0,0,0,276,1,19
5921,0,-1,0,0,0,276,1,4
5922,0,-1,0,0,0,276,1,4
5923,0,-1,0,0,0,156,1,0
5924,0,-1,0,0,0,250,1,17
5925,0,-1,0,0,0,250,1,3
5926,0,-1,0,0,0,276,1,0
5927,0,-1,0,0,0,840,1,16
5928,0,-1,0,1,0,840,1,16
5929,0,-1,0,1,0,276,1,15
5930,0,-1,0,0,0,276,1,15
5931,0,-1,0,0,0,156,1,18
5932,0,-1,0,0,0,276,1,8
5933,0,-1,0,0,0,250,1,13
5934,0,-1,0,0,0,250,1,15
5935,0,-1,0,0,0,840,1,1
5936,0,-1,0,0,0,250,1,11
5937,0,-1,0,0,0,276,1,7
5938,0,-1,0,0,0,250,1,6
5939,0,-1,0,0,0,276,1,16
5940,0,-1,0,0,0,840,1,6
5941,0,-1,0,0,0,276,1,15
5942,0,-1,0,0,0,826,1,3
5943,0,-1,0,0,0,276,1,9
5944,0,-1,0,0,0,250,1,19
5945,0,-1,0,1,0,840,1,7
5946,0,-1,0,0,0,840,1,19
5947,0,-1,0,0,0,276,1,12
5948,0,-1,0,0,0,840,1,18
5949,0,-1,0,0,0,156,1,10
5950,0,-1,0,0,0,826,1,1
5951,0,-1,0,0,0,156,1,9
5952,0,-1,0,0,0,156,1,14
5953,0,-1,0,0,0,276,1,0
5954,0,-1,0,0,0,840,1,13
5955,0,-1,0,0,0,826,1,12
5956,0,-1,0,0,0,250,1,11
5957,0,-1,0,0,0,276,1,10
5958,0,-1,0,0,0,840,1,5
5959,0,-1,0,0,0,156,1,3
5960,0,-1,0,0,0,840,1,9
5961,0,-1,0,0,0,840,1,7
5962,0,-1,0,0,0,250,1,12
5963,0,-1,0,0,0,250,1,3
5964,0,-1,0,0,0,250,1,15
5965,0,-1,0,0,1,250,1,8
5966,0,-1,0,0,0,250,1,5
5967,0,-1,0,0,0,250,1,9
5968,0,-1,0,0,0,156,1,12
5969,0,-1,0,0,0,826,1,4
5970,0,-1,0,0,0,840,1,17
5971,0,-1,0,0,0,276,1,5
5972,0,-1,0,1,0,276,1,4
5973,0,-1,0,1,0,276,1,0
5974,0,-1,0,0,0,250,1,15
5975,0,-1,0,1,0,276,1,17
5976,0,-1,0,0,0,840,1,5
5977,0,-1,0,1,0,276,1,9
5978,0,-1,0,0,0,156,1,11
5979,0,-1,0,1,0,826,1,4
5980,0,-1,0,0,0,156,1,5
5981,0,-1,0,0,1,840,1,8
5982,0,-1,0,0,0,156,1,8
5983,0,-1,0,0,0,826,1,16
5984,0,-1,0,0,0,276,1,14
5985,0,-1,0,0,0,250,1,12
5986,0,-1,0,0,0,276,1,18
5987,0,-1,0,0,0,250,1,6
5988,0,-1,0,0,0,250,1,8
5989,0,-1,0,0,0,156,1,5
5990,0,-1,0,0,0,276,1,11
5991,0,-1,0,0,0,250,1,15
5992,0,-1,0,0,0,156,1,4
5993,0,-1,0,0,0,250,1,16
5994,0,-1,0,0,0,826,1,16
5995,0,-1,0,0,0,156,1,11
5996,0,-1,0,0,0,826,1,7
5997,0,-1,0,0,0,250,1,11
5998,0,-1,0,0,0,276,1,14
5999,0,-1,0,0,0,276,1,15
6000,0,-1,0,0,0,156,1,2
6001,0,-1,0,0,0,276,1,4
6002,0,-1,0,0,0,276,1,1
6003,0,-1,0,0,0,276,1,14
6004,0,-1,0,0,0,840,1,17
6005,0,-1,0,0,1,840,1,13
6006,0,-1,0,0,0,156,1,15
6007,0,-1,0,0,0,250,1,2
6008,0,-1,0,0,0,840,1,14
6009,0,-1,0,0,0,826,1,11
6010,0,-1,0,1,0,250,1,9
6011,0,-1,0,0,1,826,1,9
6012,0,-1,0,0,1,276,1,15
6013,0,-1,0,0,0,826,1,4
6014,0,-1,0,0,0,276,1,8
6015,0,-1,0,0,0,826,1,9
6016,0,-1,0,0,0,826,1,11
6017,0,-1,0,0,0,840,1,19
6018,0,-1,0,0,0,250,1,18
6019,0,-1,0,0,0,826,1,19
6020,0,-1,0,0,0,276,1,6
6021,0,-1,0,0,0,840,1,14
6022,0,-1,0,0,0,156,1,1
6023,0,-1,0,0,0,840,1,4
6024,0,-1,0,0,1,156,1,13
6025,0,-1,0,0,0,840,1,5
6026,0,-1,0,0,0,840,1,15
6027,0,-1,0,1,0,276,1,12
6028,0,-1,0,0,1,250,1,3
6029,0,-1,0,0,0,840,1,6
6030,0,-1,0,0,0,156,1,4
6031,0,-1,0,0,0,826,1,14
6032,0,-1,0,0,0,826,1,15
6033,0,-1,0,0,0,840,1,19
6034,0,-1,0,0,0,250,1,9
6035,0,-1,0,0,0,250,1,13
6036,0,-1,0,0,0,250,1,12
6037,0,-1,0,0,0,826,1,13
6038,0,-1,0,0,0,826,1,16
6039,0,-1,0,0,0,250,1,6
6040,0,-1,0,0,0,840,1,11
6041,0,-1,0,0,0,156,1,6
6042,0,-1,0,0,0,826,1,18
6043,0,-1,0,0,0,840,1,4
6044,0,-1,0,0,0,840,1,3
6045,0,-1,0,0,0,276,1,5
6046,0,-1,0,0,0,250,1,11
6047,0,-1,0,0,0,156,1,17
6048,0,-1,0,0,0,156,1,9
6049,0,-1,0,0,0,840,1,11
6050,0,-1,0,0,0,826,1,9
6051,0,-1,0,0,0,826,1,4
6052,0,-1,0,0,0,276,1,4
6053,0,-1,0,0,0,826,1,18
6054,0,-1,0,1,0,156,1,11
6055,0,-1,0,0,0,156,1,7
6056,0,-1,0,0,0,826,1,3
6057,0,-1,0,0,0,276,1,11
6058,0,-1,0,0,0,840,1,5
6059,0,-1,0,0,0,156,1,4
6060,0,-1,0,0,0,276,1,3
6061,0,-1,0,0,0,840,1,5
6062,0,-1,0,0,0,826,1,0
6063,0,-1,0,0,0,276,1,6
6064,0,-1,0,0,0,826,1,0
6065,0,-1,0,1,0,840,1,12
6066,0,-1,0,0,1,840,1,15
6067,0,-1,0,0,0,840,1,17
6068,0,-1,0,0,0,826,1,1
6069,0,-1,0,0,0,840,1,13
6070,0,-1,0,1,0,156,1,19
6071,0,-1,0,0,0,840,1,5
6072,0,-1,0,0,1,156,1,14
6073,0,-1,0,0,0,276,1,9
6074,0,-1,0,0,0,840,1,13
6075,0,-1,0,0,0,250,1,6
6076,0,-1,0,1,0,826,1,16
6077,0,-1,0,0,0,826,1,5
6078,0,-1,0,0,0,250,1,9
6079,0,-1,0,0,0,840,1,18
6080,0,-1,0,0,0,156,1,13
6081,0,-1,0,0,0,156,1,6
6082,0,-1,0,0,0,250,1,2
6083,0,-1,0,0,0,156,1,12
6084,0,-1,0,0,0,826,1,3
6085,0,-1,0,0,0,250,1,14
6086,0,-1,0,0,0,840,1,19
6087,0,-1,0,0,0,156,1,3
6088,0,-1,0,0,0,156,1,4
6089,0,-1,0,0,0,250,1,3
6090,0,-1,0,0,0,840,1,3
6091,0,-1,0,0,0,840,1,8
6092,0,-1,0,0,0,250,1,11
6093,0,-1,0,0,0,276,1,15
6094,0,-1,0,1,0,250,1,8
6095,0,-1,0,0,0,840,1,12
6096,0,-1,0,0,0,250,1,7
6097,0,-1,0,0,0,840,1,13
6098,0,-1,0,0,0,826,1,7
6099,0,-1,0,0,0,250,1,16
6100,0,-1,0,0,0,840,1,14
6101,0,-1,0,0,0,840,1,1
6102,0,-1,0,0,0,840,1,1
6103,0,-1,0,1,0,250,1,17
6104,0,-1,0,1,0,276,1,14
6105,0,-1,0,0,0,250,1,12
6106,0,-1,0,0,0,250,1,1
6107,0,-1,0,0,0,156,1,4
6108,0,-1,0,0,0,826,1,4
6109,0,-1,0,0,0,826,1,16
6110,0,-1,0,0,0,840,1,17
6111,0,-1,0,0,0,826,1,11
6112,0,-1,0,0,0,276,1,8
6113,0,-1,0,1,0,156,1,8
6114,0,-1,0,0,0,840,1,5
6115,0,-1,0,0,0,826,1,14
6116,0,-1,0,1,0,250,1,4
6117,0,-1,0,0,0,840,1,6
6118,0,-1,0,0,0,250,1,19
6119,0,-1,0,0,0,156,1,2
6120,0,-1,0,0,0,250,1,14
6121,0,-1,0,0,0,276,1,1
6122,0,-1,0,0,0,156,1,4
6123,0,-1,0,0,0,276,1,14
6124,0,-1,0,0,0,250,1,9
6125,0,-1,0,0,1,276,1,7
6126,0,-1,0,0,1,276,1,4
6127,0,-1,0,1,0,840,1,17
6128,0,-1,0,0,0,250,1,4
6129,0,-1,0,0,0,276,1,2
6130,0,-1,0,1,0,156,1,17
6131,0,-1,0,0,0,826,1,4
6132,0,-1,0,0,0,826,1,18
6133,0,-1,0,1,0,276,1,0
6134,0,-1,0,0,0,826,1,5
6135,0,-1,0,1,0,826,1,6
6136,0,-1,0,1,0,156,1,1
6137,0,-1,0,0,0,826,1,10
6138,0,-1,0,0,0,276,1,4
6139,0,-1,0,0,0,276,1,15
6140,0,-1,0,0,0,276,1,17
6141,0,-1,0,0,0,156,1,17
6142,0,-1,0,0,0,276,1,8
6143,0,-1,0,0,0,840,1,3
6144,0,-1,0,0,0,250,1,13
6145,0,-1,0,0,0,276,1,3
6146,0,-1,0,0,0,156,1,15
6147,0,-1,0,0,0,156,1,0
6148,0,-1,0,0,1,250,1,10
6149,0,-1,0,0,0,250,1,10
6150,0,-1,0,0,0,156,1,4
6151,0,-1,0,0,0,840,1,18
6152,0,-1,0,0,0,250,1,0
6153,0,-1,0,0,0,840,1,5
6154,0,-1,0,1,0,250,1,14
6155,0,-1,0,0,0,826,1,12
6156,0,-1,0,0,0,156,1,6
6157,0,-1,0,0,0,156,1,10
6158,0,-1,0,0,0,156,1,6
6159,0,-1,0,0,1,250,1,5
6160,0,-1,0,0,0,826,1,0
6161,0,-1,0,0,0,840,1,7
6162,0,-1,0,0,0,840,1,9
6163,0,-1,0,0,0,826,1,10
6164,0,-1,0,0,0,276,1,18
6165,0,-1,0,0,0,276,1,0
6166,0,-1,0,0,0,826,1,14
6167,0,-1,0,1,0,276,1,12
6168,0,-1,0,0,0,276,1,14
6169,0,-1,0,0,0,826,1,15
6170,0,-1,0,0,0,250,1,18
6171,0,-1,0,0,0,250,1,5
6172,0,-1,0,0,0,156,1,4
6173,0,-1,0,1,0,276,1,11
6174,0,-1,0,0,0,840,1,4
6175,0,-1,0,0,0,840,1,4
6176,0,-1,0,0,0,840,1,5
6177,0,-1,0,0,0,250,1,18
6178,0,-1,0,1,0,156,1,12
6179,0,-1,0,0,0,840,1,4
6180,0,-1,0,0,0,156,1,6
6181,0,-1,0,0,1,250,1,19
6182,0,-1,0,0,0,250,1,8
6183,0,-1,0,0,0,826,1,17
6184,0,-1,0,0,1,276,1,19
6185,0,-1,0,0,0,250,1,19
6186,0,-1,0,0,0,250,1,12
6187,0,-1,0,1,0,156,1,13
6188,0,-1,0,0,0,250,1,17
6189,0,-1,0,0,0,826,1,12
6190,0,-1,0,0,0,276,1,11
6191,0,-1,0,0,0,250,1,10
6192,0,-1,0,0,0,156,1,3
6193,0,-1,0,0,0,826,1,9
6194,0,-1,0,0,0,156,1,16
6195,0,-1,0,0,0,156,1,18
6196,0,-1,0,0,0,840,1,5
6197,0,-1,0,0,0,276,1,2
6198,0,-1,0,0,0,250,1,12
6199,0,-1,0,0,0,826,1,12
6200,0,-1,0,0,0,250,1,17
6201,0,-1,0,1,0,826,1,9
6202,0,-1,0,1,0,156,1,11
6203,0,-1,0,0,0,156,1,11
6204,0,-1,0,0,0,156,1,14
6205,0,-1,0,0,0,276,1,16
6206,0,-1,0,0,0,826,1,6
6207,0,-1,0,0,0,250,1,9
6208,0,-1,0,0,0,156,1,1
6209,0,-1,0,1,0,840,1,3
6210,0,-1,0,0,0,250,1,4
6211,0,-1,0,0,0,276,1,13
6212,0,-1,0,0,0,276,1,14
6213,0,-1,0,0,0,276,1,12
6214,0,-1,0,0,0,276,1,7
6215,0,-1,0,0,0,840,1,19
6216,0,-1,0,0,0,250,1,11
6217,0,-1,0,0,0,840,1,4
6218,0,-1,0,0,0,250,1,12
6219,0,-1,0,0,0,156,1,2
6220,0,-1,0,0,0,156,1,5
6221,0,-1,0,0,0,826,1,18
6222,0,-1,0,1,0,826,1,13
6223,0,-1,0,0,0,250,1,19
6224,0,-1,0,0,0,250,1,7
6225,0,-1,0,0,0,826,1,4
6226,0,-1,0,0,0,156,1,15
6227,0,-1,0,0,0,276,1,3
6228,0,-1,0,0,0,840,1,17
6229,0,-1,0,0,0,250,1,9
6230,0,-1,0,0,0,250,1,13
6231,0,-1,0,0,0,840,1,10
6232,0,-1,0,0,0,276,1,19
6233,0,-1,0,0,0,840,1,16
6234,0,-1,0,0,0,276,1,14
6235,0,-1,0,0,0,156,1,9
6236,0,-1,0,0,0,276,1,3
6237,0,-1,0,0,0,156,1,1
6238,0,-1,0,0,0,826,1,9
6239,0,-1,0,0,0,840,1,0
6240,0,-1,0,0,0,156,1,1
6241,0,-1,0,0,0,276,1,18
6242,0,-1,0,0,0,156,1,6
6243,0,-1,0,0,0,250,1,19
6244,0,-1,0,0,0,276,1,9
6245,0,-1,0,1,0,156,1,5
6246,0,-1,0,0,0,250,1,11
6247,0,-1,0,0,0,276,1,5
6248,0,-1,0,0,0,250,1,1
6249,0,-1,0,0,0,156,1,6
6250,0,-1,0,0,0,156,1,2
6251,0,-1,0,0,0,840,1,13
6252,0,-1,0,0,0,250,1,11
6253,0,-1,0,0,0,840,1,12
6254,0,-1,0,0,1,156,1,16
6255,0,-1,0,0,0,156,1,2
6256,0,-1,0,0,1,840,1,16
6257,0,-1,0,0,0,156,1,5
6258,0,-1,0,0,1,276,1,12
6259,0,-1,0,0,0,250,1,14
6260,0,-1,0,0,0,250,1,14
6261,0,-1,0,0,0,250,1,8
6262,0,-1,0,0,0,156,1,4
6263,0,-1,0,0,1,826,1,2
6264,0,-1,0,0,0,826,1,19
6265,0,-1,0,0,0,826,1,9
6266,0,-1,0,0,0,250,1,10
6267,0,-1,0,0,1,840,1,1
6268,0,-1,0,0,0,826,1,14
6269,0,-1,0,0,0,276,1,10
6270,0,-1,0,0,0,156,1,16
6271,0,-1,0,0,0,156,1,1
6272,0,-1,0,0,0,840,1,19
6273,0,-1,0,0,0,826,1,17
6274,0,-1,0,0,0,250,1,8
6275,0,-1,0,0,0,156,1,7
6276,0,-1,0,0,0,156,1,0
6277,0,-1,0,0,0,156,1,10
6278,0,-1,0,0,0,156,1,18
6279,0,-1,0,0,0,156,1,18
6280,0,-1,0,0,0,276,1,15
6281,0,-1,0,0,1,156,1,0
6282,0,-1,0,0,0,250,1,16
6283,0,-1,0,1,0,156,1,5
6284,0,-1,0,0,0,840,1,8
6285,0,-1,0,0,0,276,1,9
6286,0,-1,0,0,0,840,1,18
6287,0,-1,0,0,0,276,1,12
6288,0,-1,0,0,0,250,1,19
6289,0,-1,0,0,0,840,1,17
6290,0,-1,0,0,0,840,1,8
6291,0,-1,0,0,0,276,1,7
6292,0,-1,0,0,0,826,1,18
6293,0,-1,0,0,0,840,1,2
6294,0,-1,0,0,0,250,1,2
6295,0,-1,0,0,0,156,1,8
6296,0,-1,0,0,0,156,1,3
6297,0,-1,0,0,0,156,1,19
6298,0,-1,0,0,0,250,1,17
6299,0,-1,0,0,0,156,1,4
6300,0,-1,0,0,1,826,1,5
6301,0,-1,0,0,0,250,1,9
6302,0,-1,0,0,0,250,1,2
6303,0,-1,0,0,0,826,1,6
6304,0,-1,0,0,0,840,1,3
6305,0,-1,0,0,0,250,1,4
6306,0,-1,0,0,0,156,1,18
6307,0,-1,0,0,0,840,1,17
6308,0,-1,0,0,0,250,1,18
6309,0,-1,0,0,0,826,1,16
6310,0,-1,0,0,0,276,1,5
6311,0,-1,0,0,0,276,1,12
6312,0,-1,0,0,0,840,1,6
6313,0,-1,0,0,0,156,1,3
6314,0,-1,0,0,0,840,1,11
6315,0,-1,0,0,0,250,1,1
6316,0,-1,0,0,0,826,1,11
6317,0,-1,0,0,0,250,1,0
6318,0,-1,0,0,0,276,1,19
6319,0,-1,0,0,0,156,1,16
6320,0,-1,0,0,0,156,1,0
6321,0,-1,0,1,0,840,1,6
6322,0,-1,0,0,0,826,1,9
6323,0,-1,0,0,0,826,1,8
6324,0,-1,0,0,0,276,1,2
6325,0,-1,0,1,0,156,1,10
6326,0,-1,0,0,0,156,1,1
6327,0,-1,0,0,0,250,1,12
6328,0,-1,0,0,0,276,1,17
6329,0,-1,0,0,0,156,1,14
6330,0,-1,0,0,0,840,1,10
6331,0,-1,0,0,0,826,1,2
6332,0,-1,0,1,0,250,1,10
6333,0,-1,0,0,0,826,1,0
6334,0,-1,0,0,0,250,1,13
6335,0,-1,0,0,0,250,1,15
6336,0,-1,0,0,0,156,1,6
6337,0,-1,0,0,0,156,1,0
6338,0,-1,0,0,0,156,1,1
6339,0,-1,0,0,0,826,1,7
6340,0,-1,0,0,0,250,1,14
6341,0,-1,0,0,0,276,1,11
6342,0,-1,0,0,0,276,1,6
6343,0,-1,0,0,0,156,1,2
6344,0,-1,0,0,0,250,1,17
6345,0,-1,0,0,0,840,1,10
6346,0,-1,0,0,0,250,1,8
6347,0,-1,0,0,0,826,1,15
6348,0,-1,0,0,0,826,1,16
6349,0,-1,0,1,0,840,1,8
6350,0,-1,0,0,0,826,1,6
6351,0,-1,0,0,0,840,1,12
6352,0,-1,0,1,0,840,1,10
6353,0,-1,0,0,0,840,1,15
6354,0,-1,0,0,0,826,1,14
6355,0,-1,0,0,0,826,1,0
6356,0,-1,0,0,0,276,1,1
6357,0,-1,0,0,0,156,1,12
6358,0,-1,0,0,0,276,1,12
6359,0,-1,0,0,0,156,1,1
6360,0,-1,0,0,0,840,1,12
6361,0,-1,0,0,0,276,1,7
6362,0,-1,0,0,0,826,1,18
6363,0,-1,0,0,0,250,1,8
6364,0,-1,0,0,0,156,1,4
6365,0,-1,0,0,0,840,1,4
6366,0,-1,0,0,0,156,1,12
6367,0,-1,0,0,0,276,1,9
6368,0,-1,0,0,0,826,1,18
6369,0,-1,0,0,0,250,1,16
6370,0,-1,0,0,0,826,1,11
6371,0,-1,0,0,0,840,1,0
6372,0,-1,0,0,0,250,1,10
6373,0,-1,0,0,0,840,1,2
6374,0,-1,0,0,0,156,1,9
6375,0,-1,0,0,0,276,1,11
6376,0,-1,0,0,0,276,1,12
6377,0,-1,0,0,0,840,1,17
6378,0,-1,0,0,1,276,1,19
6379,0,-1,0,0,0,250,1,16
6380,0,-1,0,0,0,840,1,8
6381,0,-1,0,0,0,156,1,19
6382,0,-1,0,0,0,276,1,18
6383,0,-1,0,0,0,250,1,8
6384,0,-1,0,0,0,250,1,12
6385,0,-1,0,0,0,250,1,18
6386,0,-1,0,0,0,250,1,3
6387,0,-1,0,1,0,250,1,3
6388,0,-1,0,1,1,826,1,8
6389,0,-1,0,0,0,840,1,14
6390,0,-1,0,1,0,156,1,15
6391,0,-1,0,0,0,840,1,0
6392,0,-1,0,0,0,840,1,18
6393,0,-1,0,0,0,276,1,1
6394,0,-1,0,0,0,840,1,4
6395,0,-1,0,0,0,276,1,8
6396,0,-1,0,0,0,826,1,11
6397,0,-1,0,0,0,250,1,6
6398,0,-1,0,0,0,826,1,12
6399,0,-1,0,0,0,276,1,12
6400,0,-1,0,0,0,840,1,6
6401,0,-1,0,0,0,840,1,14
6402,0,-1,0,0,0,826,1,17
6403,0,-1,0,0,0,250,1,2
6404,0,-1,0,0,0,826,1,10
6405,0,-1,0,0,0,840,1,17
6406,0,-1,0,0,0,826,1,18
6407,0,-1,0,0,0,250,1,16
6408,0,-1,0,0,0,826,1,1
6409,0,-1,0,0,0,276,1,8
6410,0,-1,0,1,0,250,1,3
6411,0,-1,0,0,0,156,1,5
6412,0,-1,0,0,0,156,1,12
6413,0,-1,0,0,0,826,1,19
6414,0,-1,0,0,0,250,1,19
6415,0,-1,0,0,0,276,1,9
6416,0,-1,0,0,0,826,1,13
6417,0,-1,0,0,0,276,1,10
6418,0,-1,0,0,0,840,1,14
6419,0,-1,0,0,0,156,1,5
6420,0,-1,0,0,0,840,1,13
6421,0,-1,0,0,0,276,1,15
6422,0,-1,0,0,0,840,1,19
6423,0,-1,0,1,0,276,1,13
6424,0,-1,0,0,0,826,1,12
6425,0,-1,0,0,0,276,1,1
6426,0,-1,0,0,0,250,1,18
6427,0,-1,0,0,0,840,1,4
6428,0,-1,0,0,0,826,1,3
6429,0,-1,0,0,0,826,1,2
6430,0,-1,0,1,0,826,1,19
6431,0,-1,0,0,0,840,1,14
6432,0,-1,0,0,1,156,1,4
6433,0,-1,0,0,0,840,1,4
6434,0,-1,0,0,1,276,1,10
6435,0,-1,0,0,0,826,1,13
6436,0,-1,0,0,0,250,1,12
6437,0,-1,0,0,0,156,1,16
6438,0,-1,0,0,0,276,1,10
6439,0,-1,0,0,0,840,1,10
6440,0,-1,0,0,0,840,1,13
6441,0,-1,0,0,0,250,1,17
6442,0,-1,0,0,0,250,1,18
6443,0,-1,0,1,0,826,1,6
6444,0,-1,0,0,0,840,1,11
6445,0,-1,0,0,0,250,1,2
6446,0,-1,0,0,0,156,1,13
6447,0,-1,0,1,0,156,1,1
6448,0,-1,0,0,0,840,1,5
6449,0,-1,0,0,0,250,1,18
6450,0,-1,0,0,0,826,1,8
6451,0,-1,0,0,0,840,1,15
6452,0,-1,0,0,0,156,1,18
6453,0,-1,0,0,0,276,1,0
6454,0,-1,0,0,0,250,1,5
6455,0,-1,0,0,0,276,1,16
6456,0,-1,0,0,0,826,1,12
6457,0,-1,0,0,0,156,1,8
6458,0,-1,0,0,0,250,1,7
6459,0,-1,0,0,0,276,1,9
6460,0,-1,0,0,0,826,1,3
6461,0,-1,0,0,0,840,1,8
6462,0,-1,0,0,1,276,1,17
6463,0,-1,0,0,0,840,1,19
6464,0,-1,0,1,0,826,1,19
6465,0,-1,0,0,0,156,1,3
6466,0,-1,0,0,0,250,1,10
6467,0,-1,0,0,0,156,1,5
6468,0,-1,0,0,0,156,1,4
6469,0,-1,0,0,0,826,1,2
6470,0,-1,0,0,0,840,1,18
6471,0,-1,0,0,0,276,1,4
6472,0,-1,0,1,0,826,1,19
6473,0,-1,0,0,0,826,1,11
6474,0,-1,0,0,1,276,1,4
6475,0,-1,0,0,0,156,1,13
6476,0,-1,0,0,0,840,1,11
6477,0,-1,0,0,0,250,1,4
6478,0,-1,0,1,0,250,1,13
6479,0,-1,0,0,0,156,1,1
6480,0,-1,0,0,0,156,1,13
6481,0,-1,0,0,0,250,1,1
6482,0,-1,0,0,0,826,1,15
6483,0,-1,0,0,0,840,1,11
6484,0,-1,0,0,0,156,1,19
6485,0,-1,0,0,0,156,1,3
6486,0,-1,0,0,0,840,1,12
6487,0,-1,0,0,1,826,1,12
6488,0,-1,0,0,0,156,1,17
6489,0,-1,0,0,0,826,1,14
6490,0,-1,0,0,0,826,1,17
6491,0,-1,0,0,0,276,1,8
6492,0,-1,0,0,0,276,1,7
6493,0,-1,0,0,0,250,1,1
6494,0,-1,0,0,0,276,1,1
6495,0,-1,0,0,0,826,1,19
6496,0,-1,0,1,0,276,1,6
6497,0,-1,0,0,0,826,1,4
6498,0,-1,0,0,0,840,1,10
6499,0,-1,0,0,0,156,1,8
6500,0,-1,0,0,0,840,1,3
6501,0,-1,0,0,0,156,1,5
6502,0,-1,0,0,0,826,1,9
6503,0,-1,0,1,0,840,1,4
6504,0,-1,0,0,0,276,1,15
6505,0,-1,0,0,0,250,1,6
6506,0,-1,0,0,0,826,1,16
6507,0,-1,0,0,0,840,1,0
6508,0,-1,0,0,0,826,1,11
6509,0,-1,0,0,0,156,1,9
6510,0,-1,0,0,0,840,1,0
6511,0,-1,0,0,0,276,1,12
6512,0,-1,0,0,0,276,1,14
6513,0,-1,0,0,0,276,1,16
6514,0,-1,0,0,0,156,1,10
6515,0,-1,0,1,0,840,1,2
6516,0,-1,0,0,0,156,1,8
6517,0,-1,0,0,0,156,1,9
6518,0,-1,0,0,0,276,1,6
6519,0,-1,0,0,0,826,1,14
6520,0,-1,0,0,0,276,1,4
6521,0,-1,0,0,0,276,1,6
6522,0,-1,0,1,0,826,1,7
6523,0,-1,0,1,0,276,1,19
6524,0,-1,0,0,0,250,1,7
6525,0,-1,0,0,0,250,1,7
6526,0,-1,0,0,0,276,1,1
6527,0,-1,0,0,0,840,1,2
6528,0,-1,0,0,0,826,1,1
6529,0,-1,0,0,0,826,1,2
6530,0,-1,0,0,0,826,1,9
6531,0,-1,0,1,0,276,1,13
6532,0,-1,0,0,0,156,1,8
6533,0,-1,0,0,0,276,1,9
6534,0,-1,0,0,0,840,1,2
6535,0,-1,0,0,0,156,1,4
6536,0,-1,0,0,0,840,1,8
6537,0,-1,0,0,0,276,1,5
6538,0,-1,0,0,0,840,1,18
6539,0,-1,0,0,0,156,1,11
6540,0,-1,0,0,0,276,1,2
6541,0,-1,0,0,0,276,1,10
6542,0,-1,0,0,0,250,1,14
6543,0,-1,0,0,0,826,1,12
6544,0,-1,0,0,0,250,1,13
6545,0,-1,0,0,0,826,1,17
6546,0,-1,0,0,0,276,1,11
6547,0,-1,0,0,0,840,1,2
6548,0,-1,0,0,0,156,1,15
6549,0,-1,0,1,0,156,1,3
6550,0,-1,0,0,0,156,1,5
6551,0,-1,0,0,0,840,1,18
6552,0,-1,0,0,0,840,1,7
6553,0,-1,0,0,0,156,1,11
6554,0,-1,0,0,0,156,1,18
6555,0,-1,0,0,0,840,1,2
6556,0,-1,0,0,0,840,1,7
6557,0,-1,0,1,0,840,1,17
6558,0,-1,0,0,0,276,1,5
6559,0,-1,0,0,0,156,1,4
6560,0,-1,0,0,0,250,1,8
6561,0,-1,0,0,0,156,1,1
6562,0,-1,0,0,0,276,1,6
6563,0,-1,0,0,0,840,1,13
6564,0,-1,0,0,0,156,1,5
6565,0,-1,0,0,0,156,1,7
6566,0,-1,0,0,0,840,1,8
6567,0,-1,0,0,0,250,1,17
6568,0,-1,0,0,0,156,1,11
6569,0,-1,0,0,1,840,1,2
6570,0,-1,0,0,0,826,1,19
6571,0,-1,0,0,0,250,1,5
6572,0,-1,0,0,0,250,1,17
6573,0,-1,0,0,0,250,1,11
6574,0,-1,0,0,0,826,1,12
6575,0,-1,0,0,0,826,1,17
6576,0,-1,0,0,0,840,1,1
6577,0,-1,0,0,0,840,1,12
6578,0,-1,0,0,0,250,1,13
6579,0,-1,0,0,0,840,1,4
6580,0,-1,0,1,0,250,1,11
6581,0,-1,0,0,0,156,1,4
6582,0,-1,0,1,0,156,1,7
6583,0,-1,0,0,0,276,1,12
6584,0,-1,0,0,0,156,1,6
6585,0,-1,0,0,0,276,1,10
6586,0,-1,0,0,0,826,1,9
6587,0,-1,0,0,0,840,1,16
6588,0,-1,0,0,0,276,1,12
6589,0,-1,0,0,0,156,1,3
6590,0,-1,0,0,0,156,1,11
6591,0,-1,0,1,0,276,1,0
6592,0,-1,0,0,0,826,1,3
6593,0,-1,0,0,0,156,1,18
6594,0,-1,0,0,1,826,1,10
6595,0,-1,0,0,0,156,1,8
6596,0,-1,0,0,0,840,1,1
6597,0,-1,0,0,0,250,1,5
6598,0,-1,0,0,0,276,1,19
6599,0,-1,0,0,0,826,1,7
6600,0,-1,0,0,0,840,1,17
6601,0,-1,0,0,0,250,1,14
6602,0,-1,0,0,0,840,1,14
6603,0,-1,0,0,0,250,1,2
6604,0,-1,0,0,0,156,1,17
6605,0,-1,0,0,0,826,1,15
6606,0,-1,0,0,0,840,1,6
6607,0,-1,0,0,0,826,1,13
6608,0,-1,0,0,0,840,1,0
6609,0,-1,0,0,0,250,1,4
6610,0,-1,0,0,0,826,1,18
6611,0,-1,0,1,0,156,1,7
6612,0,-1,0,0,0,156,1,13
6613,0,-1,0,0,0,826,1,19
6614,0,-1,0,1,0,250,1,2
6615,0,-1,0,1,0,156,1,16
6616,0,-1,0,0,0,276,1,2
6617,0,-1,0,0,0,276,1,14
6618,0,-1,0,0,0,156,1,6
6619,0,-1,0,0,0,840,1,3
6620,0,-1,0,0,0,276,1,9
6621,0,-1,0,0,0,826,1,11
6622,0,-1,0,0,0,250,1,11
6623,0,-1,0,0,0,276,1,15
6624,0,-1,0,0,0,826,1,7
6625,0,-1,0,1,0,250,1,18
6626,0,-1,0,1,0,250,1,6
6627,0,-1,0,0,0,156,1,1
6628,0,-1,0,0,0,156,1,10
6629,0,-1,0,1,0,840,1,2
6630,0,-1,0,0,0,276,1,4
6631,0,-1,0,0,0,276,1,12
6632,0,-1,0,0,0,276,1,2
6633,0,-1,0,0,0,840,1,7
6634,0,-1,0,0,1,840,1,8
6635,0,-1,0,0,0,156,1,2
6636,0,-1,0,0,0,156,1,6
6637,0,-1,0,1,0,250,1,17
6638,0,-1,0,0,0,840,1,8
6639,0,-1,0,0,0,156,1,15
6640,0,-1,0,0,0,250,1,0
6641,0,-1,0,0,0,840,1,1
6642,0,-1,0,0,0,250,1,5
6643,0,-1,0,0,0,826,1,3
6644,0,-1,0,0,0,840,1,16
6645,0,-1,0,0,0,250,1,3
6646,0,-1,0,0,0,156,1,16
6647,0,-1,0,0,0,826,1,6
6648,0,-1,0,0,0,250,1,14
6649,0,-1,0,0,1,276,1,0
6650,0,-1,0,0,0,250,1,3
6651,0,-1,0,0,0,156,1,11
6652,0,-1,0,0,0,276,1,9
6653,0,-1,0,0,0,276,1,11
6654,0,-1,0,0,0,276,1,10
6655,0,-1,0,0,0,156,1,17
6656,0,-1,0,0,0,840,1,1
6657,0,-1,0,0,0,276,1,15
6658,0,-1,0,0,0,276,1,10
6659,0,-1,0,0,0,276,1,10
6660,0,-1,0,0,0,250,1,2
6661,0,-1,0,1,0,156,1,7
6662,0,-1,0,0,0,156,1,12
6663,0,-1,0,0,0,156,1,18
6664,0,-1,0,0,0,826,1,11
6665,0,-1,0,1,0,156,1,1
6666,0,-1,0,0,0,826,1,14
6667,0,-1,0,0,0,276,1,13
6668,0,-1,0,0,0,276,1,19
6669,0,-1,0,0,0,840,1,0
6670,0,-1,0,0,0,840,1,8
6671,0,-1,0,0,0,250,1,6
6672,0,-1,0,0,0,826,1,2
6673,0,-1,0,0,0,276,1,17
6674,0,-1,0,0,0,156,1,18
6675,0,-1,0,0,0,156,1,1
6676,0,-1,0,0,0,156,1,8
6677,0,-1,0,0,0,826,1,3
6678,0,-1,0,0,0,250,1,18
6679,0,-1,0,0,0,250,1,0
6680,0,-1,0,0,0,826,1,5
6681,0,-1,0,0,0,276,1,2
6682,0,-1,0,0,0,250,1,5
6683,0,-1,0,1,0,276,1,17
6684,0,-1,0,0,0,826,1,3
6685,0,-1,0,0,0,276,1,10
6686,0,-1,0,0,0,250,1,10
6687,0,-1,0,0,0,840,1,19
6688,0,-1,0,0,0,276,1,11
6689,0,-1,0,0,0,276,1,18
6690,0,-1,0,0,1,840,1,18
6691,0,-1,0,0,0,826,1,5
6692,0,-1,0,0,0,250,1,10
6693,0,-1,0,0,0,276,1,14
6694,0,-1,0,1,0,826,1,13
6695,0,-1,0,0,1,840,1,8
6696,0,-1,0,0,0,826,1,15
6697,0,-1,0,0,0,250,1,1
6698,0,-1,0,0,0,250,1,9
6699,0,-1,0,0,0,156,1,3
6700,0,-1,0,0,0,276,1,13
6701,0,-1,0,0,0,826,1,1
6702,0,-1,0,0,0,250,1,1
6703,0,-1,0,0,0,250,1,1
6704,0,-1,0,0,0,250,1,14
6705,0,-1,0,0,0,156,1,16
6706,0,-1,0,0,0,250,1,13
6707,0,-1,0,0,0,250,1,12
6708,0,-1,0,0,0,276,1,4
6709,0,-1,0,0,0,276,1,14
6710,0,-1,0,0,0,156,1,3
6711,0,-1,0,1,0,826,1,8
6712,0,-1,0,0,0,826,1,13
6713,0,-1,0,0,0,840,1,4
6714,0,-1,0,0,0,276,1,4
6715,0,-1,0,0,0,156,1,2
6716,0,-1,0,0,0,840,1,8
6717,0,-1,0,1,0,276,1,10
6718,0,-1,0,0,0,276,1,15
6719,0,-1,0,0,0,250,1,5
6720,0,-1,0,0,0,156,1,16
6721,0,-1,0,1,0,276,1,14
6722,0,-1,0,0,0,156,1,14
6723,0,-1,0,0,0,276,1,16
6724,0,-1,0,0,0,276,1,10
6725,0,-1,0,0,0,826,1,8
6726,0,-1,0,0,0,826,1,17
6727,0,-1,0,0,0,826,1,2
6728,0,-1,0,0,0,156,1,1
6729,0,-1,0,0,0,276,1,1
6730,0,-1,0,0,0,156,1,1
6731,0,-1,0,0,0,250,1,1
6732,0,-1,0,0,0,276,1,6
6733,0,-1,0,0,0,276,1,19
6734,0,-1,0,0,0,276,1,19
6735,0,-1,0,0,0,276,1,2
6736,0,-1,0,0,0,826,1,16
6737,0,-1,0,0,0,156,1,17
6738,0,-1,0,0,0,250,1,14
6739,0,-1,0,0,0,156,1,19
6740,0,-1,0,0,0,826,1,4
6741,0,-1,0,0,0,250,1,12
6742,0,-1,0,0,0,276,1,1
6743,0,-1,0,0,0,840,1,8
6744,0,-1,0,0,0,156,1,10
6745,0,-1,0,0,0,276,1,9
6746,0,-1,0,0,0,156,1,9
6747,0,-1,0,0,0,276,1,15
6748,0,-1,0,0,0,156,1,7
6749,0,-1,0,0,0,826,1,5
6750,0,-1,0,0,0,826,1,18
6751,0,-1,0,0,0,250,1,0
6752,0,-1,0,0,0,276,1,15
6753,0,-1,0,0,0,826,1,16
6754,0,-1,0,0,0,826,1,8
6755,0,-1,0,0,0,250,1,12
6756,0,-1,0,0,0,840,1,9
6757,0,-1,0,0,0,826,1,7
6758,0,-1,0,0,0,156,1,3
6759,0,-1,0,0,1,826,1,11
6760,0,-1,0,0,0,276,1,12
6761,0,-1,0,0,0,826,1,11
6762,0,-1,0,0,0,250,1,19
6763,0,-1,0,0,0,826,1,2
6764,0,-1,0,0,0,826,1,15
6765,0,-1,0,0,0,826,1,8
6766,0,-1,0,0,0,156,1,8
6767,0,-1,0,0,0,156,1,11
6768,0,-1,0,0,0,156,1,6
6769,0,-1,0,0,0,840,1,5
6770,0,-1,0,0,0,156,1,16
6771,0,-1,0,0,0,156,1,7
6772,0,-1,0,0,0,156,1,9
6773,0,-1,0,0,0,826,1,8
6774,0,-1,0,0,0,840,1,3
6775,0,-1,0,0,0,156,1,7
6776,0,-1,0,0,0,826,1,19
6777,0,-1,0,0,0,840,1,5
6778,0,-1,0,0,0,840,1,2
6779,0,-1,0,0,0,250,1,9
6780,0,-1,0,0,0,250,1,17
6781,0,-1,0,0,0,826,1,4
6782,0,-1,0,0,0,276,1,0
6783,0,-1,0,0,0,156,1,16
6784,0,-1,0,0,1,826,1,2
6785,0,-1,0,0,0,826,1,3
6786,0,-1,0,0,0,276,1,13
6787,0,-1,0,0,0,826,1,9
6788,0,-1,0,0,0,250,1,9
6789,0,-1,0,1,0,250,1,9
6790,0,-1,0,0,0,156,1,18
6791,0,-1,0,1,0,276,1,7
6792,0,-1,0,0,0,840,1,18
6793,0,-1,0,0,0,250,1,17
6794,0,-1,0,0,0,250,1,13
6795,0,-1,0,0,0,156,1,0
6796,0,-1,0,0,0,250,1,5
6797,0,-1,0,0,0,826,1,17
6798,0,-1,0,0,0,840,1,0
6799,0,-1,0,0,0,276,1,14
6800,0,-1,0,0,0,840,1,16
6801,0,-1,0,0,0,840,1,3
6802,0,-1,0,0,0,250,1,0
6803,0,-1,0,0,0,276,1,6
6804,0,-1,0,0,0,250,1,13
6805,0,-1,0,1,0,826,1,19
6806,0,-1,0,0,0,826,1,1
6807,0,-1,0,0,0,840,1,15
6808,0,-1,0,0,0,250,1,9
6809,0,-1,0,0,0,840,1,0
6810,0,-1,0,0,0,276,1,7
6811,0,-1,0,0,0,276,1,19
6812,0,-1,0,0,0,840,1,17
6813,0,-1,0,0,0,840,1,1
6814,0,-1,0,0,0,250,1,15
6815,0,-1,0,1,0,276,1,9
6816,0,-1,0,0,0,840,1,3
6817,0,-1,0,0,0,840,1,6
6818,0,-1,0,0,0,276,1,2
6819,0,-1,0,0,0,156,1,5
6820,0,-1,0,0,0,826,1,11
6821,0,-1,0,0,0,250,1,4
6822,0,-1,0,0,1,156,1,6
6823,0,-1,0,0,0,840,1,2
6824,0,-1,0,0,0,840,1,17
6825,0,-1,0,1,0,276,1,17
6826,0,-1,0,0,0,276,1,14
6827,0,-1,0,0,0,826,1,13
6828,0,-1,0,0,0,826,1,9
6829,0,-1,0,0,0,840,1,0
6830,0,-1,0,0,0,156,1,9
6831,0,-1,0,0,0,156,1,10
6832,0,-1,0,0,0,156,1,9
6833,0,-1,0,0,0,250,1,8
6834,0,-1,0,0,0,840,1,3
6835,0,-1,0,0,0,156,1,6
6836,0,-1,0,0,0,826,1,7
6837,0,-1,0,0,0,826,1,8
6838,0,-1,0,0,0,840,1,4
6839,0,-1,0,0,0,156,1,8
6840,0,-1,0,0,0,156,1,10
6841,0,-1,0,0,0,840,1,18
6842,0,-1,0,0,0,826,1,0
6843,0,-1,0,0,0,840,1,18
6844,0,-1,0,0,0,156,1,4
6845,0,-1,0,1,0,840,1,2
6846,0,-1,0,0,0,276,1,8
6847,0,-1,0,0,0,826,1,2
6848,0,-1,0,0,0,826,1,1
6849,0,-1,0,0,0,826,1,8
6850,0,-1,0,1,0,250,1,4
6851,0,-1,0,0,0,276,1,11
6852,0,-1,0,0,0,826,1,7
6853,0,-1,0,0,0,826,1,19
6854,0,-1,0,0,0,826,1,15
6855,0,-1,0,0,0,156,1,17
6856,0,-1,0,0,0,276,1,4
6857,0,-1,0,0,0,840,1,7
6858,0,-1,0,0,0,250,1,0
6859,0,-1,0,0,0,276,1,17
6860,0,-1,0,0,0,826,1,2
6861,0,-1,0,0,0,276,1,0
6862,0,-1,0,0,0,250,1,5
6863,0,-1,0,0,0,250,1,17
6864,0,-1,0,0,0,826,1,3
6865,0,-1,0,0,0,826,1,16
6866,0,-1,0,0,0,250,1,4
6867,0,-1,0,0,0,156,1,11
6868,0,-1,0,0,0,276,1,11
6869,0,-1,0,0,0,276,1,19
6870,0,-1,0,0,0,156,1,9
6871,0,-1,0,0,0,840,1,12
6872,0,-1,0,0,0,156,1,11
6873,0,-1,0,0,0,250,1,5
6874,0,-1,0,0,0,156,1,18
6875,0,-1,0,0,0,840,1,9
6876,0,-1,0,0,1,840,1,2
6877,0,-1,0,0,0,250,1,7
6878,0,-1,0,0,0,826,1,16
6879,0,-1,0,1,0,276,1,3
6880,0,-1,0,0,0,840,1,10
6881,0,-1,0,1,0,156,1,15
6882,0,-1,0,0,0,156,1,0
6883,0,-1,0,0,0,826,1,17
6884,0,-1,0,0,0,156,1,13
6885,0,-1,0,0,0,826,1,1
6886,0,-1,0,0,0,840,1,12
6887,0,-1,0,0,0,276,1,5
6888,0,-1,0,0,0,250,1,13
6889,0,-1,0,1,0,156,1,5
6890,0,-1,0,0,0,250,1,16
6891,0,-1,0,0,0,826,1,12
6892,0,-1,0,0,0,826,1,6
6893,0,-1,0,0,0,156,1,18
6894,0,-1,0,0,0,276,1,0
6895,0,-1,0,0,0,156,1,17
6896,0,-1,0,0,0,826,1,4
6897,0,-1,0,0,0,156,1,2
6898,0,-1,0,0,0,156,1,4
6899,0,-1,0,0,0,156,1,11
6900,0,-1,0,0,1,156,1,15
6901,0,-1,0,0,0,826,1,1
6902,0,-1,0,0,0,250,1,9
6903,0,-1,0,0,0,250,1,15
6904,0,-1,0,0,0,826,1,19
6905,0,-1,0,0,0,826,1,18
6906,0,-1,0,0,0,840,1,19
6907,0,-1,0,0,0,250,1,3
6908,0,-1,0,0,0,156,1,13
6909,0,-1,0,1,0,840,1,18
6910,0,-1,0,0,0,826,1,9
6911,0,-1,0,1,0,156,1,18
6912,0,-1,0,0,0,250,1,6
6913,0,-1,0,0,0,840,1,19
6914,0,-1,0,0,0,826,1,5
6915,0,-1,0,0,0,250,1,11
6916,0,-1,0,0,0,826,1,0
6917,0,-1,0,0,0,250,1,6
6918,0,-1,0,0,0,276,1,19
6919,0,-1,0,0,0,250,1,10
6920,0,-1,0,0,0,826,1,2
6921,0,-1,0,0,0,156,1,4
6922,0,-1,0,0,0,826,1,8
6923,0,-1,0,0,0,840,1,13
6924,0,-1,0,0,0,840,1,4
6925,0,-1,0,0,0,156,1,15
6926,0,-1,0,0,0,840,1,3
6927,0,-1,0,0,0,156,1,6
6928,0,-1,0,0,0,276,1,17
6929,0,-1,0,0,0,276,1,3
6930,0,-1,0,0,0,156,1,6
6931,0,-1,0,0,0,250,1,18
6932,0,-1,0,0,0,840,1,7
6933,0,-1,0,0,0,826,1,11
6934,0,-1,0,0,0,250,1,8
6935,0,-1,0,0,0,840,1,1
6936,0,-1,0,0,0,826,1,1
6937,0,-1,0,0,0,156,1,0
6938,0,-1,0,0,0,840,1,13
6939,0,-1,0,0,0,276,1,4
6940,0,-1,0,0,0,826,1,1
6941,0,-1,0,0,0,840,1,11
6942,0,-1,0,0,0,826,1,0
6943,0,-1,0,0,0,250,1,13
6944,0,-1,0,0,0,826,1,3
6945,0,-1,0,0,0,276,1,14
6946,0,-1,0,0,0,826,1,0
6947,0,-1,0,0,0,156,1,4
6948,0,-1,0,0,0,276,1,5
6949,0,-1,0,0,0,156,1,4
6950,0,-1,0,0,0,156,1,4
6951,0,-1,0,0,0,840,1,15
6952,0,-1,0,0,0,276,1,12
6953,0,-1,0,0,0,826,1,12
6954,0,-1,0,0,1,156,1,12
6955,0,-1,0,0,0,156,1,3
6956,0,-1,0,0,0,250,1,13
6957,0,-1,0,0,0,156,1,8
6958,0,-1,0,0,0,250,1,14
6959,0,-1,0,0,0,826,1,18
6960,0,-1,0,0,0,276,1,5
6961,0,-1,0,0,0,250,1,1
6962,0,-1,0,0,0,250,1,1
6963,0,-1,0,0,0,826,1,9
6964,0,-1,0,0,0,276,1,1
6965,0,-1,0,0,0,826,1,19
6966,0,-1,0,1,0,276,1,4
6967,0,-1,0,1,0,840,1,2
6968,0,-1,0,0,0,276,1,16
6969,0,-1,0,0,0,156,1,18
6970,0,-1,0,0,0,826,1,11
6971,0,-1,0,0,0,826,1,2
6972,0,-1,0,0,0,250,1,1
6973,0,-1,0,0,0,276,1,13
6974,0,-1,0,0,0,826,1,3
6975,0,-1,0,0,0,156,1,7
6976,0,-1,0,0,0,156,1,5
6977,0,-1,0,0,0,276,1,0
6978,0,-1,0,0,0,276,1,16
6979,0,-1,0,0,0,826,1,1
6980,0,-1,0,0,0,826,1,16
6981,0,-1,0,0,1,250,1,3
6982,0,-1,0,0,0,840,1,8
6983,0,-1,0,0,0,276,1,0
6984,0,-1,0,0,0,156,1,8
6985,0,-1,0,0,0,826,1,10
6986,0,-1,0,0,0,156,1,18
6987,0,-1,0,0,0,156,1,18
6988,0,-1,0,0,0,826,1,18
6989,0,-1,0,1,0,250,1,16
6990,0,-1,0,0,0,840,1,5
6991,0,-1,0,0,0,840,1,1
6992,0,-1,0,0,0,840,1,19
6993,0,-1,0,0,0,250,1,14
6994,0,-1,0,0,0,156,1,0
6995,0,-1,0,0,0,276,1,16
6996,0,-1,0,0,0,156,1,12
6997,0,-1,0,0,0,156,1,2
6998,0,-1,0,0,0,826,1,15
6999,0,-1,0,0,0,840,1,8
7000,0,-1,0,0,0,250,1,11
7001,0,-1,0,0,0,276,1,8
7002,0,-1,0,0,0,276,1,9
7003,0,-1,0,0,0,826,1,0
7004,0,-1,0,0,0,250,1,2
7005,0,-1,0,0,0,276,1,8
7006,0,-1,0,0,0,156,1,12
7007,0,-1,0,1,0,840,1,2
7008,0,-1,0,0,0,276,1,15
7009,0,-1,0,0,0,840,1,6
7010,0,-1,0,0,0,250,1,4
7011,0,-1,0,0,0,276,1,15
7012,0,-1,0,0,0,826,1,8
7013,0,-1,0,0,0,826,1,1
7014,0,-1,0,0,0,276,1,7
7015,0,-1,0,0,0,826,1,17
7016,0,-1,0,0,1,250,1,17
7017,0,-1,0,0,0,276,1,12
7018,0,-1,0,0,0,276,1,12
7019,0,-1,0,0,0,276,1,9
7020,0,-1,0,0,0,840,1,19
7021,0,-1,0,0,0,250,1,14
7022,0,-1,0,1,0,826,1,14
7023,0,-1,0,0,0,250,1,0
7024,0,-1,0,0,0,840,1,17
7025,0,-1,0,0,0,840,1,0
7026,0,-1,0,0,0,156,1,0
7027,0,-1,0,0,0,840,1,10
7028,0,-1,0,0,0,826,1,11
7029,0,-1,0,0,0,276,1,5
7030,0,-1,0,0,0,250,1,11
7031,0,-1,0,0,0,826,1,16
7032,0,-1,0,0,0,250,1,14
7033,0,-1,0,1,0,276,1,0
7034,0,-1,0,0,0,826,1,14
7035,0,-1,0,0,0,156,1,18
7036,0,-1,0,0,0,840,1,15
7037,0,-1,0,0,0,250,1,17
7038,0,-1,0,0,0,156,1,4
7039,0,-1,0,0,0,840,1,5
7040,0,-1,0,0,0,276,1,12
7041,0,-1,0,0,0,250,1,0
7042,0,-1,0,0,0,840,1,9
7043,0,-1,0,1,0,276,1,15
7044,0,-1,0,1,0,276,1,5
7045,0,-1,0,1,0,826,1,4
7046,0,-1,0,0,0,250,1,10
7047,0,-1,0,0,0,826,1,4
7048,0,-1,0,0,0,250,1,3
7049,0,-1,0,1,0,276,1,6
7050,0,-1,0,0,0,156,1,10
7051,0,-1,0,0,0,276,1,10
7052,0,-1,0,1,0,156,1,7
7053,0,-1,0,0,0,156,1,10
7054,0,-1,0,0,0,826,1,8
7055,0,-1,0,0,0,276,1,13
7056,0,-1,0,0,0,156,1,2
7057,0,-1,0,1,0,250,1,16
7058,0,-1,0,0,0,250,1,3
7059,0,-1,0,0,0,840,1,11
7060,0,-1,0,0,0,250,1,13
7061,0,-1,0,0,0,250,1,9
7062,0,-1,0,0,0,826,1,8
7063,0,-1,0,1,0,840,1,14
7064,0,-1,0,1,0,826,1,8
7065,0,-1,0,0,0,250,1,11
7066,0,-1,0,0,0,250,1,9
7067,0,-1,0,0,0,156,1,2
7068,0,-1,0,0,0,826,1,19
7069,0,-1,0,0,0,826,1,9
7070,0,-1,0,0,0,156,1,0
7071,0,-1,0,0,0,840,1,11
7072,0,-1,0,0,0,276,1,16
7073,0,-1,0,0,0,840,1,0
7074,0,-1,0,0,0,156,1,3
7075,0,-1,0,0,0,156,1,14
7076,0,-1,0,0,0,826,1,1
7077,0,-1,0,0,0,250,1,3
7078,0,-1,0,0,0,156,1,15
7079,0,-1,0,0,0,250,1,5
7080,0,-1,0,0,0,250,1,8
7081,0,-1,0,0,0,826,1,10
7082,0,-1,0,0,0,840,1,15
7083,0,-1,0,0,0,276,1,12
7084,0,-1,0,0,0,276,1,10
7085,0,-1,0,0,0,250,1,12
7086,0,-1,0,0,0,840,1,1
7087,0,-1,0,0,0,250,1,18
7088,0,-1,0,0,0,156,1,18
7089,0,-1,0,0,1,156,1,12
7090,0,-1,0,0,0,250,1,1
7091,0,-1,0,0,0,156,1,8
7092,0,-1,0,0,0,840,1,7
7093,0,-1,0,1,0,250,1,0
7094,0,-1,0,0,0,276,1,9
7095,0,-1,0,0,0,156,1,8
7096,0,-1,0,0,0,156,1,10
7097,0,-1,0,0,0,276,1,9
7098,0,-1,0,0,0,250,1,6
7099,0,-1,0,0,0,276,1,10
7100,0,-1,0,0,0,156,1,6
7101,0,-1,0,0,0,276,1,16
7102,0,-1,0,0,0,276,1,14
7103,0,-1,0,0,0,840,1,7
7104,0,-1,0,0,0,276,1,0
7105,0,-1,0,0,0,840,1,15
7106,0,-1,0,0,0,276,1,13
7107,0,-1,0,0,0,826,1,0
7108,0,-1,0,0,0,156,1,4
7109,0,-1,0,1,0,250,1,11
7110,0,-1,0,0,1,840,1,17
7111,0,-1,0,0,0,250,1,9
7112,0,-1,0,0,0,250,1,18
7113,0,-1,0,0,0,826,1,2
7114,0,-1,0,0,0,840,1,7
7115,0,-1,0,0,0,156,1,1
7116,0,-1,0,0,0,250,1,2
7117,0,-1,0,0,0,826,1,13
7118,0,-1,0,0,0,840,1,0
7119,0,-1,0,1,0,156,1,3
7120,0,-1,0,0,0,840,1,6
7121,0,-1,0,1,0,826,1,0
7122,0,-1,0,0,0,276,1,11
7123,0,-1,0,0,0,276,1,7
7124,0,-1,0,0,0,156,1,1
7125,0,-1,0,0,0,156,1,7
7126,0,-1,0,0,0,840,1,14
7127,0,-1,0,0,0,250,1,12
7128,0,-1,0,0,0,156,1,1
7129,0,-1,0,0,0,156,1,4
7130,0,-1,0,0,0,250,1,7
7131,0,-1,0,0,0,276,1,11
7132,0,-1,0,0,0,276,1,18
7133,0,-1,0,0,0,826,1,3
7134,0,-1,0,0,0,276,1,19
7135,0,-1,0,1,0,250,1,15
7136,0,-1,0,0,0,276,1,18
7137,0,-1,0,0,0,276,1,8
7138,0,-1,0,0,1,276,1,1
7139,0,-1,0,0,0,250,1,2
7140,0,-1,0,0,0,826,1,2
7141,0,-1,0,0,0,250,1,12
7142,0,-1,0,0,0,826,1,8
7143,0,-1,0,0,0,156,1,19
7144,0,-1,0,0,0,250,1,11
7145,0,-1,0,0,0,156,1,7
7146,0,-1,0,0,0,156,1,9
7147,0,-1,0,0,0,826,1,12
7148,0,-1,0,0,0,826,1,4
7149,0,-1,0,0,0,250,1,3
7150,0,-1,0,0,0,250,1,11
7151,0,-1,0,0,0,250,1,12
7152,0,-1,0,0,0,276,1,15
7153,0,-1,0,0,0,276,1,13
7154,0,-1,0,0,0,156,1,8
7155,0,-1,0,0,0,826,1,12
7156,0,-1,0,0,0,250,1,11
7157,0,-1,0,0,0,276,1,6
7158,0,-1,0,0,0,840,1,5
7159,0,-1,0,0,1,156,1,3
7160,0,-1,0,0,0,250,1,18
7161,0,-1,0,0,0,250,1,9
7162,0,-1,0,0,0,276,1,0
7163,0,-1,0,1,0,276,1,6
7164,0,-1,0,0,0,826,1,16
7165,0,-1,0,0,0,250,1,12
7166,0,-1,0,0,0,826,1,2
7167,0,-1,0,0,0,250,1,2
7168,0,-1,0,0,0,840,1,15
7169,0,-1,0,1,0,276,1,2
7170,0,-1,0,0,0,826,1,7
7171,0,-1,0,0,0,826,1,11
7172,0,-1,0,0,0,840,1,7
7173,0,-1,0,1,0,156,1,6
7174,0,-1,0,0,0,826,1,16
7175,0,-1,0,0,0,156,1,6
7176,0,-1,0,1,0,840,1,17
7177,0,-1,0,0,0,156,1,18
7178,0,-1,0,0,0,250,1,5
7179,0,-1,0,0,0,840,1,17
7180,0,-1,0,0,0,250,1,16
7181,0,-1,0,0,1,826,1,2
7182,0,-1,0,0,0,826,1,17
7183,0,-1,0,0,0,276,1,2
7184,0,-1,0,0,0,250,1,7
7185,0,-1,0,0,0,276,1,4
7186,0,-1,0,0,0,156,1,2
7187,0,-1,0,1,0,826,1,0
7188,0,-1,0,0,0,250,1,2
7189,0,-1,0,0,0,276,1,2
7190,0,-1,0,0,0,276,1,4
7191,0,-1,0,1,0,250,1,16
7192,0,-1,0,0,0,826,1,8
7193,0,-1,0,0,0,276,1,12
7194,0,-1,0,0,0,156,1,15
7195,0,-1,0,0,0,276,1,13
7196,0,-1,0,0,0,250,1,6
7197,0,-1,0,0,0,250,1,18
7198,0,-1,0,1,0,826,1,11
7199,0,-1,0,0,0,156,1,12
7200,0,-1,0,0,0,840,1,6
7201,0,-1,0,0,0,826,1,12
7202,0,-1,0,0,0,276,1,0
7203,0,-1,0,0,0,840,1,14
7204,0,-1,0,0,0,156,1,17
7205,0,-1,0,0,0,276,1,1
7206,0,-1,0,0,0,156,1,16
7207,0,-1,0,0,0,276,1,4
7208,0,-1,0,0,0,250,1,2
7209,0,-1,0,0,0,250,1,9
7210,0,-1,0,0,0,826,1,14
7211,0,-1,0,0,0,276,1,17
7212,0,-1,0,0,0,276,1,0
7213,0,-1,0,0,0,840,1,3
7214,0,-1,0,0,1,250,1,10
7215,0,-1,0,0,0,840,1,9
7216,0,-1,0,1,0,840,1,19
7217,0,-1,0,0,0,156,1,3
7218,0,-1,0,0,0,840,1,12
7219,0,-1,0,0,0,276,1,10
7220,0,-1,0,0,1,250,1,4
7221,0,-1,0,0,0,826,1,6
7222,0,-1,0,0,0,826,1,4
7223,0,-1,0,0,0,250,1,13
7224,0,-1,0,0,0,250,1,7
7225,0,-1,0,0,0,250,1,14
7226,0,-1,0,0,0,250,1,13
7227,0,-1,0,0,0,840,1,12
7228,0,-1,0,0,1,250,1,17
7229,0,-1,0,0,0,276,1,7
7230,0,-1,0,0,0,276,1,10
7231,0,-1,0,0,0,826,1,0
7232,0,-1,0,0,0,276,1,2
7233,0,-1,0,1,0,276,1,17
7234,0,-1,0,0,0,276,1,10
7235,0,-1,0,1,0,840,1,18
7236,0,-1,0,0,0,276,1,17
7237,0,-1,0,0,0,156,1,3
7238,0,-1,0,0,0,250,1,9
7239,0,-1,0,1,0,840,1,13
7240,0,-1,0,0,1,276,1,18
7241,0,-1,0,1,0,840,1,1
7242,0,-1,0,0,0,826,1,3
7243,0,-1,0,0,0,250,1,12
7244,0,-1,0,0,0,250,1,9
7245,0,-1,0,0,0,276,1,14
7246,0,-1,0,0,0,250,1,5
7247,0,-1,0,0,0,826,1,16
7248,0,-1,0,0,0,250,1,17
7249,0,-1,0,0,0,840,1,18
7250,0,-1,0,0,0,156,1,17
7251,0,-1,0,0,0,840,1,2
7252,0,-1,0,1,0,276,1,11
7253,0,-1,0,0,0,250,1,9
7254,0,-1,0,0,0,250,1,16
7255,0,-1,0,0,0,840,1,1
7256,0,-1,0,0,0,276,1,0
7257,0,-1,0,0,0,156,1,19
7258,0,-1,0,0,0,840,1,4
7259,0,-1,0,0,0,840,1,7
7260,0,-1,0,0,0,276,1,12
7261,0,-1,0,0,0,826,1,15
7262,0,-1,0,0,0,826,1,10
7263,0,-1,0,0,0,826,1,4
7264,0,-1,0,0,0,250,1,15
7265,0,-1,0,0,0,840,1,5
7266,0,-1,0,0,0,250,1,14
7267,0,-1,0,0,0,276,1,3
7268,0,-1,0,0,0,250,1,10
7269,0,-1,0,0,0,276,1,1
7270,0,-1,0,1,0,250,1,9
7271,0,-1,0,0,0,276,1,5
7272,0,-1,0,0,0,826,1,1
7273,0,-1,0,0,0,276,1,15
7274,0,-1,0,0,0,250,1,13
7275,0,-1,0,1,0,826,1,18
7276,0,-1,0,0,0,840,1,13
7277,0,-1,0,0,0,250,1,12
7278,0,-1,0,0,0,250,1,5
7279,0,-1,0,0,0,156,1,2
7280,0,-1,0,0,0,276,1,19
7281,0,-1,0,0,0,250,1,4
7282,0,-1,0,0,0,840,1,8
7283,0,-1,0,0,0,156,1,10
7284,0,-1,0,0,0,250,1,4
7285,0,-1,0,0,0,156,1,1
7286,0,-1,0,1,0,276,1,15
7287,0,-1,0,0,0,250,1,6
7288,0,-1,0,1,0,156,1,0
7289,0,-1,0,0,0,156,1,10
7290,0,-1,0,1,0,276,1,6
7291,0,-1,0,0,0,826,1,3
7292,0,-1,0,0,0,840,1,12
7293,0,-1,0,1,0,250,1,8
7294,0,-1,0,0,0,826,1,12
7295,0,-1,0,0,0,826,1,10
7296,0,-1,0,0,0,276,1,6
7297,0,-1,0,0,0,840,1,7
7298,0,-1,0,0,0,276,1,8
7299,0,-1,0,1,0,276,1,4
7300,0,-1,0,0,0,156,1,1
7301,0,-1,0,0,0,250,1,1
7302,0,-1,0,0,0,840,1,1
7303,0,-1,0,0,0,250,1,14
7304,0,-1,0,0,0,276,1,14
7305,0,-1,0,1,0,276,1,11
7306,0,-1,0,0,0,156,1,6
7307,0,-1,0,0,0,156,1,2
7308,0,-1,0,0,0,250,1,13
7309,0,-1,0,0,0,250,1,9
7310,0,-1,0,0,0,826,1,4
7311,0,-1,0,0,0,156,1,9
7312,0,-1,0,0,0,840,1,15
7313,0,-1,0,0,0,276,1,17
7314,0,-1,0,0,0,826,1,16
7315,0,-1,0,0,1,826,1,7
7316,0,-1,0,0,0,840,1,19
7317,0,-1,0,0,0,276,1,5
7318,0,-1,0,0,0,840,1,11
7319,0,-1,0,0,0,250,1,10
7320,0,-1,0,0,0,826,1,16
7321,0,-1,0,0,0,826,1,16
7322,0,-1,0,0,0,156,1,14
7323,0,-1,0,0,0,826,1,3
7324,0,-1,0,0,0,156,1,12
7325,0,-1,0,0,0,276,1,7
7326,0,-1,0,0,0,826,1,17
7327,0,-1,0,0,0,156,1,16
7328,0,-1,0,0,0,250,1,4
7329,0,-1,0,0,0,840,1,4
7330,0,-1,0,0,0,276,1,18
7331,0,-1,0,0,0,276,1,14
7332,0,-1,0,0,0,276,1,2
7333,0,-1,0,0,0,156,1,16
7334,0,-1,0,0,0,276,1,18
7335,0,-1,0,0,0,156,1,10
7336,0,-1,0,0,0,276,1,19
7337,0,-1,0,0,0,826,1,13
7338,0,-1,0,0,1,250,1,13
7339,0,-1,0,0,0,156,1,7
7340,0,-1,0,0,0,276,1,8
7341,0,-1,0,0,0,156,1,0
7342,0,-1,0,0,0,276,1,15
7343,0,-1,0,0,0,276,1,11
7344,0,-1,0,0,0,840,1,6
7345,0,-1,0,0,0,156,1,12
7346,0,-1,0,0,0,840,1,17
7347,0,-1,0,1,0,840,1,0
7348,0,-1,0,0,0,276,1,4
7349,0,-1,0,0,0,276,1,17
7350,0,-1,0,0,1,840,1,15
7351,0,-1,0,0,0,250,1,15
7352,0,-1,0,0,0,826,1,4
7353,0,-1,0,0,0,156,1,17
7354,0,-1,0,0,0,276,1,18
7355,0,-1,0,0,0,250,1,5
7356,0,-1,0,0,0,840,1,9
7357,0,-1,0,0,0,826,1,6
7358,0,-1,0,0,0,276,1,1
7359,0,-1,0,0,0,276,1,10
7360,0,-1,0,0,0,156,1,19
7361,0,-1,0,0,0,840,1,8
7362,0,-1,0,0,0,250,1,4
7363,0,-1,0,0,0,840,1,12
7364,0,-1,0,0,0,156,1,3
7365,0,-1,0,0,0,276,1,8
7366,0,-1,0,0,0,156,1,16
7367,0,-1,0,0,0,156,1,16
7368,0,-1,0,0,0,826,1,14
7369,0,-1,0,0,0,840,1,5
7370,0,-1,0,0,0,826,1,1
7371,0,-1,0,0,0,276,1,13
7372,0,-1,0,0,0,250,1,18
7373,0,-1,0,0,0,250,1,0
7374,0,-1,0,0,0,840,1,3
7375,0,-1,0,0,0,826,1,3
7376,0,-1,0,0,0,156,1,19
7377,0,-1,0,0,0,826,1,15
7378,0,-1,0,0,0,276,1,16
7379,0,-1,0,1,0,826,1,14
7380,0,-1,0,0,0,826,1,0
7381,0,-1,0,0,0,276,1,13
7382,0,-1,0,0,0,840,1,14
7383,0,-1,0,0,1,840,1,3
7384,0,-1,0,0,0,826,1,17
7385,0,-1,0,0,1,156,1,10
7386,0,-1,0,0,0,250,1,18
7387,0,-1,0,1,0,250,1,12
7388,0,-1,0,0,1,250,1,6
7389,0,-1,0,0,0,276,1,15
7390,0,-1,0,0,0,250,1,0
7391,0,-1,0,0,0,826,1,1
7392,0,-1,0,1,0,826,1,10
7393,0,-1,0,0,0,826,1,6
7394,0,-1,0,0,0,156,1,4
7395,0,-1,0,1,0,250,1,0
7396,0,-1,0,0,0,156,1,13
7397,0,-1,0,0,0,250,1,4
7398,0,-1,0,0,0,840,1,2
7399,0,-1,0,0,0,250,1,14
7400,0,-1,0,0,0,826,1,8
7401,0,-1,0,0,0,276,1,19
7402,0,-1,0,1,0,156,1,16
7403,0,-1,0,0,0,826,1,3
7404,0,-1,0,1,0,250,1,3
7405,0,-1,0,1,0,826,1,0
7406,0,-1,0,0,0,826,1,16
7407,0,-1,0,1,0,826,1,9
7408,0,-1,0,0,0,826,1,14
7409,0,-1,0,1,0,840,1,6
7410,0,-1,0,0,0,826,1,18
7411,0,-1,0,0,0,826,1,4
7412,0,-1,0,0,0,840,1,3
7413,0,-1,0,0,0,826,1,12
7414,0,-1,0,1,0,156,1,7
7415,0,-1,0,0,0,840,1,10
7416,0,-1,0,0,0,276,1,6
7417,0,-1,0,0,0,156,1,12
7418,0,-1,0,0,1,276,1,14
7419,0,-1,0,1,0,250,1,16
7420,0,-1,0,0,0,840,1,5
7421,0,-1,0,0,0,840,1,17
7422,0,-1,0,0,0,250,1,13
7423,0,-1,0,1,0,156,1,3
7424,0,-1,0,0,0,840,1,19
7425,0,-1,0,0,0,156,1,15
7426,0,-1,0,0,0,250,1,16
7427,0,-1,0,0,0,250,1,11
7428,0,-1,0,0,0,826,1,17
7429,0,-1,0,0,1,826,1,4
7430,0,-1,0,0,0,156,1,17
7431,0,-1,0,0,0,826,1,16
7432,0,-1,0,0,0,826,1,5
7433,0,-1,0,0,0,826,1,16
7434,0,-1,0,0,0,156,1,9
7435,0,-1,0,0,0,156,1,1
7436,0,-1,0,0,0,156,1,2
7437,0,-1,0,0,0,250,1,17
7438,0,-1,0,0,0,840,1,5
7439,0,-1,0,0,0,250,1,5
7440,0,-1,0,0,0,156,1,19
7441,0,-1,0,0,0,250,1,8
7442,0,-1,0,0,0,250,1,3
7443,0,-1,0,0,0,840,1,2
7444,0,-1,0,0,0,156,1,7
7445,0,-1,0,0,0,276,1,1
7446,0,-1,0,0,0,250,1,2
7447,0,-1,0,0,0,250,1,4
7448,0,-1,0,0,0,156,1,12
7449,0,-1,0,0,0,276,1,8
7450,0,-1,0,1,0,156,1,10
7451,0,-1,0,0,0,156,1,15
7452,0,-1,0,0,0,826,1,18
7453,0,-1,0,0,1,276,1,11
7454,0,-1,0,0,0,826,1,19
7455,0,-1,0,0,0,156,1,10
7456,0,-1,0,0,0,826,1,17
7457,0,-1,0,0,0,826,1,2
7458,0,-1,0,0,0,276,1,10
7459,0,-1,0,0,0,276,1,0
7460,0,-1,0,0,0,250,1,14
7461,0,-1,0,1,0,840,1,16
7462,0,-1,0,0,0,276,1,3
7463,0,-1,0,0,0,840,1,2
7464,0,-1,0,0,0,826,1,11
7465,0,-1,0,0,0,156,1,18
7466,0,-1,0,0,0,250,1,1
7467,0,-1,0,1,0,840,1,5
7468,0,-1,0,0,0,276,1,7
7469,0,-1,0,0,0,156,1,2
7470,0,-1,0,0,1,156,1,5
7471,0,-1,0,0,0,250,1,16
7472,0,-1,0,0,0,840,1,17
7473,0,-1,0,0,0,826,1,18
7474,0,-1,0,0,0,276,1,10
7475,0,-1,0,0,0,276,1,7
7476,0,-1,0,0,0,156,1,4
7477,0,-1,0,0,0,840,1,2
7478,0,-1,0,0,0,840,1,19
7479,0,-1,0,1,0,250,1,6
7480,0,-1,0,0,0,156,1,3
7481,0,-1,0,0,0,276,1,4
7482,0,-1,0,0,1,840,1,14
7483,0,-1,0,0,0,156,1,1
7484,0,-1,0,0,0,826,1,15
7485,0,-1,0,0,0,250,1,5
7486,0,-1,0,0,0,840,1,15
7487,0,-1,0,1,0,840,1,9
7488,0,-1,0,0,0,156,1,15
7489,0,-1,0,0,0,826,1,4
7490,0,-1,0,0,0,276,1,17
7491,0,-1,0,0,0,840,1,19
7492,0,-1,0,0,0,840,1,3
7493,0,-1,0,0,0,276,1,12
7494,0,-1,0,0,0,156,1,9
7495,0,-1,0,0,0,276,1,15
7496,0,-1,0,1,0,840,1,18
7497,0,-1,0,0,0,250,1,7
7498,0,-1,0,0,0,276,1,10
7499,0,-1,0,0,0,250,1,13
7500,0,-1,0,0,0,276,1,0
7501,0,-1,0,0,0,250,1,14
7502,0,-1,0,0,0,276,1,14
7503,0,-1,0,0,0,250,1,12
7504,0,-1,0,0,0,250,1,8
7505,0,-1,0,0,0,250,1,6
7506,0,-1,0,0,0,276,1,19
7507,0,-1,0,0,0,840,1,8
7508,0,-1,0,0,0,250,1,15
7509,0,-1,0,0,0,826,1,13
7510,0,-1,0,0,0,840,1,11
7511,0,-1,0,0,0,156,1,7
7512,0,-1,0,0,0,156,1,2
7513,0,-1,0,1,0,276,1,17
7514,0,-1,0,0,0,156,1,12
7515,0,-1,0,1,0,826,1,0
7516,0,-1,0,0,0,250,1,12
7517,0,-1,0,0,1,840,1,14
7518,0,-1,0,0,0,840,1,11
7519,0,-1,0,0,0,250,1,0
7520,0,-1,0,0,0,156,1,18
7521,0,-1,0,1,0,276,1,6
7522,0,-1,0,0,0,250,1,6
7523,0,-1,0,0,0,840,1,14
7524,0,-1,0,0,0,250,1,5
7525,0,-1,0,0,0,250,1,19
7526,0,-1,0,1,0,840,1,17
7527,0,-1,0,0,0,250,1,6
7528,0,-1,0,0,0,276,1,12
7529,0,-1,0,0,0,156,1,5
7530,0,-1,0,0,0,156,1,13
7531,0,-1,0,0,0,156,1,15
7532,0,-1,0,0,0,156,1,18
7533,0,-1,0,0,0,156,1,15
7534,0,-1,0,0,0,156,1,9
7535,0,-1,0,0,0,840,1,13
7536,0,-1,0,0,0,250,1,15
7537,0,-1,0,0,0,840,1,12
7538,0,-1,0,0,0,840,1,3
7539,0,-1,0,0,1,276,1,7
7540,0,-1,0,0,0,840,1,0
7541,0,-1,0,1,0,250,1,19
7542,0,-1,0,1,0,826,1,13
7543,0,-1,0,0,0,840,1,1
7544,0,-1,0,0,0,826,1,3
7545,0,-1,0,0,0,276,1,12
7546,0,-1,0,0,0,840,1,19
7547,0,-1,0,0,0,156,1,2
7548,0,-1,0,1,0,276,1,1
7549,0,-1,0,0,0,840,1,19
7550,0,-1,0,0,0,250,1,13
7551,0,-1,0,0,0,840,1,12
7552,0,-1,0,1,0,840,1,19
7553,0,-1,0,0,0,276,1,15
7554,0,-1,0,0,0,156,1,10
7555,0,-1,0,0,0,156,1,14
7556,0,-1,0,0,0,156,1,8
7557,0,-1,0,0,0,276,1,2
7558,0,-1,0,0,0,276,1,10
7559,0,-1,0,0,0,250,1,12
7560,0,-1,0,0,0,840,1,17
7561,0,-1,0,0,0,840,1,11
7562,0,-1,0,0,0,840,1,1
7563,0,-1,0,0,0,276,1,9
7564,0,-1,0,1,0,156,1,2
7565,0,-1,0,1,0,826,1,2
7566,0,-1,0,0,0,276,1,10
7567,0,-1,0,1,0,250,1,16
7568,0,-1,0,0,0,276,1,13
7569,0,-1,0,0,0,156,1,12
7570,0,-1,0,0,0,826,1,17
7571,0,-1,0,0,0,826,1,14
7572,0,-1,0,0,0,276,1,14
7573,0,-1,0,1,0,156,1,11
7574,0,-1,0,0,0,840,1,16
7575,0,-1,0,0,0,826,1,2
7576,0,-1,0,0,0,276,1,19
7577,0,-1,0,0,1,840,1,0
7578,0,-1,0,0,0,826,1,12
7579,0,-1,0,1,0,826,1,18
7580,0,-1,0,0,0,276,1,13
7581,0,-1,0,0,0,276,1,3
7582,0,-1,0,1,0,276,1,15
7583,0,-1,0,0,0,826,1,10
7584,0,-1,0,0,0,156,1,8
7585,0,-1,0,0,0,156,1,16
7586,0,-1,0,0,0,156,1,8
7587,0,-1,0,0,1,826,1,6
7588,0,-1,0,0,0,156,1,4
7589,0,-1,0,0,0,250,1,11
7590,0,-1,0,0,0,826,1,18
7591,0,-1,0,0,0,156,1,1
7592,0,-1,0,0,0,276,1,1
7593,0,-1,0,0,0,250,1,0
7594,0,-1,0,0,0,250,1,11
7595,0,-1,0,0,0,250,1,16
7596,0,-1,0,1,0,276,1,0
7597,0,-1,0,0,0,156,1,15
7598,0,-1,0,0,1,250,1,10
7599,0,-1,0,0,1,840,1,4
7600,0,-1,0,0,0,156,1,18
7601,0,-1,0,0,0,156,1,13
7602,0,-1,0,0,0,826,1,15
7603,0,-1,0,1,0,156,1,6
7604,0,-1,0,0,0,840,1,6
7605,0,-1,0,0,0,840,1,13
7606,0,-1,0,0,0,156,1,4
7607,0,-1,0,1,0,826,1,7
7608,0,-1,0,0,0,826,1,11
7609,0,-1,0,1,0,826,1,14
7610,0,-1,0,0,0,156,1,18
7611,0,-1,0,0,0,250,1,5
7612,0,-1,0,0,0,826,1,15
7613,0,-1,0,0,0,276,1,12
7614,0,-1,0,0,0,250,1,14
7615,0,-1,0,0,0,826,1,6
7616,0,-1,0,0,0,250,1,15
7617,0,-1,0,0,0,276,1,7
7618,0,-1,0,0,0,826,1,18
7619,0,-1,0,0,0,826,1,4
7620,0,-1,0,0,0,276,1,15
7621,0,-1,0,1,0,826,1,9
7622,0,-1,0,0,0,250,1,13
7623,0,-1,0,1,0,156,1,8
7624,0,-1,0,0,0,826,1,6
7625,0,-1,0,0,0,250,1,0
7626,0,-1,0,0,0,250,1,14
7627,0,-1,0,0,0,826,1,11
7628,0,-1,0,0,0,276,1,12
7629,0,-1,0,0,0,826,1,8
7630,0,-1,0,0,0,156,1,19
7631,0,-1,0,0,0,156,1,14
7632,0,-1,0,0,0,250,1,1
7633,0,-1,0,0,0,276,1,15
7634,0,-1,0,1,0,276,1,5
7635,0,-1,0,0,0,156,1,14
7636,0,-1,0,0,1,276,1,0
7637,0,-1,0,0,0,276,1,17
7638,0,-1,0,1,0,826,1,8
7639,0,-1,0,0,0,276,1,10
7640,0,-1,0,0,0,250,1,14
7641,0,-1,0,0,0,840,1,1
7642,0,-1,0,0,0,840,1,14
7643,0,-1,0,0,0,840,1,17
7644,0,-1,0,0,0,826,1,17
7645,0,-1,0,0,0,276,1,13
7646,0,-1,0,1,0,156,1,12
7647,0,-1,0,0,0,826,1,14
7648,0,-1,0,0,0,826,1,9
7649,0,-1,0,0,0,826,1,2
7650,0,-1,0,0,0,826,1,8
7651,0,-1,0,0,0,276,1,10
7652,0,-1,0,0,0,276,1,14
7653,0,-1,0,1,0,840,1,1
7654,0,-1,0,0,0,276,1,14
7655,0,-1,0,1,0,156,1,15
7656,0,-1,0,0,0,156,1,13
7657,0,-1,0,0,0,276,1,19
7658,0,-1,0,0,0,840,1,17
7659,0,-1,0,0,1,156,1,1
7660,0,-1,0,0,0,156,1,19
7661,0,-1,0,0,0,156,1,3
7662,0,-1,0,0,0,826,1,10
7663,0,-1,0,0,0,156,1,16
7664,0,-1,0,0,0,250,1,9
7665,0,-1,0,0,0,276,1,1
7666,0,-1,0,0,0,826,1,16
7667,0,-1,0,0,0,840,1,14
7668,0,-1,0,0,0,250,1,7
7669,0,-1,0,0,0,826,1,11
7670,0,-1,0,0,0,826,1,2
7671,0,-1,0,0,0,250,1,9
7672,0,-1,0,0,0,250,1,1
7673,0,-1,0,0,0,826,1,9
7674,0,-1,0,1,0,250,1,9
7675,0,-1,0,0,0,250,1,3
7676,0,-1,0,0,0,840,1,15
7677,0,-1,0,1,0,156,1,6
7678,0,-1,0,0,0,250,1,6
7679,0,-1,0,0,0,826,1,9
7680,0,-1,0,1,0,156,1,0
7681,0,-1,0,0,0,250,1,16
7682,0,-1,0,0,0,250,1,16
7683,0,-1,0,0,0,826,1,0
7684,0,-1,0,0,0,156,1,8
7685,0,-1,0,0,1,156,1,7
7686,0,-1,0,1,0,250,1,7
7687,0,-1,0,0,1,156,1,13
7688,0,-1,0,0,0,826,1,11
7689,0,-1,0,0,0,826,1,10
7690,0,-1,0,0,0,156,1,2
7691,0,-1,0,0,0,156,1,16
7692,0,-1,0,0,0,826,1,15
7693,0,-1,0,0,0,250,1,3
7694,0,-1,0,0,0,250,1,9
7695,0,-1,0,0,0,840,1,12
7696,0,-1,0,0,0,156,1,12
7697,0,-1,0,0,0,156,1,1
7698,0,-1,0,0,0,840,1,9
7699,0,-1,0,0,0,276,1,12
7700,0,-1,0,0,0,156,1,17
7701,0,-1,0,0,0,826,1,14
7702,0,-1,0,0,0,276,1,17
7703,0,-1,0,1,0,250,1,8
7704,0,-1,0,0,0,276,1,4
7705,0,-1,0,0,1,826,1,19
7706,0,-1,0,0,0,826,1,16
7707,0,-1,0,0,0,250,1,1
7708,0,-1,0,0,1,156,1,11
7709,0,-1,0,0,0,276,1,17
7710,0,-1,0,0,0,840,1,3
7711,0,-1,0,0,0,156,1,4
7712,0,-1,0,0,0,276,1,9
7713,0,-1,0,0,0,250,1,12
7714,0,-1,0,0,0,826,1,13
7715,0,-1,0,0,0,156,1,4
7716,0,-1,0,0,0,276,1,8
7717,0,-1,0,0,0,840,1,1
7718,0,-1,0,0,0,250,1,9
7719,0,-1,0,0,0,840,1,6
7720,0,-1,0,0,0,156,1,1
7721,0,-1,0,0,0,840,1,10
7722,0,-1,0,0,0,826,1,3
7723,0,-1,0,0,0,250,1,7
7724,0,-1,0,1,0,156,1,18
7725,0,-1,0,0,0,826,1,4
7726,0,-1,0,0,0,840,1,14
7727,0,-1,0,1,0,276,1,5
7728,0,-1,0,0,0,250,1,6
7729,0,-1,0,0,0,156,1,19
7730,0,-1,0,0,0,276,1,12
7731,0,-1,0,0,0,250,1,3
7732,0,-1,0,0,0,840,1,5
7733,0,-1,0,0,0,250,1,18
7734,0,-1,0,0,0,156,1,7
7735,0,-1,0,0,0,826,1,7
7736,0,-1,0,0,0,840,1,15
7737,0,-1,0,0,0,250,1,19
7738,0,-1,0,0,0,250,1,9
7739,0,-1,0,0,0,826,1,9
7740,0,-1,0,0,1,826,1,0
7741,0,-1,0,0,0,840,1,18
7742,0,-1,0,0,0,840,1,18
7743,0,-1,0,0,0,156,1,3
7744,0,-1,0,0,0,826,1,10
7745,0,-1,0,0,0,156,1,7
7746,0,-1,0,0,0,840,1,3
7747,0,-1,0,0,0,840,1,18
7748,0,-1,0,1,0,840,1,6
7749,0,-1,0,0,0,250,1,10
7750,0,-1,0,0,0,276,1,16
7751,0,-1,0,0,1,250,1,10
7752,0,-1,0,0,0,156,1,19
7753,0,-1,0,0,0,250,1,13
7754,0,-1,0,0,0,156,1,1
7755,0,-1,0,0,0,826,1,18
7756,0,-1,0,0,0,276,1,5
7757,0,-1,0,0,0,826,1,13
7758,0,-1,0,0,0,840,1,18
7759,0,-1,0,0,0,250,1,3
7760,0,-1,0,0,0,826,1,17
7761,0,-1,0,0,0,250,1,8
7762,0,-1,0,1,0,840,1,9
7763,0,-1,0,1,0,156,1,14
7764,0,-1,0,0,0,826,1,3
7765,0,-1,0,0,0,840,1,19
7766,0,-1,0,1,0,276,1,11
7767,0,-1,0,0,0,276,1,16
7768,0,-1,0,0,0,826,1,11
7769,0,-1,0,1,0,276,1,16
7770,0,-1,0,0,0,276,1,5
7771,0,-1,0,0,0,840,1,18
7772,0,-1,0,0,0,826,1,17
7773,0,-1,0,0,0,826,1,8
7774,0,-1,0,0,0,840,1,12
7775,0,-1,0,0,0,276,1,16
7776,0,-1,0,0,0,276,1,6
7777,0,-1,0,0,0,840,1,6
7778,0,-1,0,0,0,156,1,15
7779,0,-1,0,0,0,250,1,9
7780,0,-1,0,0,1,826,1,9
7781,0,-1,0,0,0,156,1,10
7782,0,-1,0,0,0,276,1,14
7783,0,-1,0,0,0,156,1,2
7784,0,-1,0,0,0,826,1,6
7785,0,-1,0,0,0,840,1,0
7786,0,-1,0,0,0,826,1,7
7787,0,-1,0,0,0,826,1,14
7788,0,-1,0,0,0,826,1,19
7789,0,-1,0,1,0,826,1,8
7790,0,-1,0,0,0,276,1,6
7791,0,-1,0,0,0,250,1,2
7792,0,-1,0,0,0,156,1,17
7793,0,-1,0,0,0,276,1,6
7794,0,-1,0,0,0,156,1,13
7795,0,-1,0,0,0,826,1,2
7796,0,-1,0,0,0,840,1,10
7797,0,-1,0,0,0,826,1,10
7798,0,-1,0,0,0,840,1,10
7799,0,-1,0,0,0,826,1,0
7800,0,-1,0,1,0,276,1,19
7801,0,-1,0,0,1,276,1,13
7802,0,-1,0,0,0,276,1,5
7803,0,-1,0,0,0,826,1,3
7804,0,-1,0,0,0,840,1,8
7805,0,-1,0,0,0,156,1,9
7806,0,-1,0,0,0,156,1,7
7807,0,-1,0,0,0,276,1,19
7808,0,-1,0,0,0,276,1,13
7809,0,-1,0,0,0,840,1,10
7810,0,-1,0,0,0,156,1,1
7811,0,-1,0,0,0,276,1,13
7812,0,-1,0,0,0,250,1,15
7813,0,-1,0,0,0,250,1,9
7814,0,-1,0,1,0,276,1,17
7815,0,-1,0,0,0,250,1,3
7816,0,-1,0,0,0,826,1,5
7817,0,-1,0,0,0,250,1,15
7818,0,-1,0,0,0,156,1,13
7819,0,-1,0,1,0,840,1,12
7820,0,-1,0,0,1,250,1,6
7821,0,-1,0,0,0,826,1,11
7822,0,-1,0,0,0,156,1,5
7823,0,-1,0,0,0,840,1,10
7824,0,-1,0,0,0,840,1,14
7825,0,-1,0,0,0,250,1,17
7826,0,-1,0,0,0,826,1,6
7827,0,-1,0,0,0,840,1,2
7828,0,-1,0,0,0,276,1,17
7829,0,-1,0,0,0,156,1,18
7830,0,-1,0,0,0,826,1,2
7831,0,-1,0,1,0,840,1,1
7832,0,-1,0,0,0,826,1,0
7833,0,-1,0,0,0,826,1,10
7834,0,-1,0,0,0,156,1,13
7835,0,-1,0,0,0,826,1,14
7836,0,-1,0,0,0,826,1,5
7837,0,-1,0,0,0,250,1,15
7838,0,-1,0,0,0,840,1,0
7839,0,-1,0,0,0,826,1,12
7840,0,-1,0,0,0,250,1,6
7841,0,-1,0,0,0,156,1,17
7842,0,-1,0,1,0,250,1,13
7843,0,-1,0,0,0,840,1,12
7844,0,-1,0,0,0,840,1,19
7845,0,-1,0,0,0,250,1,6
7846,0,-1,0,0,0,250,1,10
7847,0,-1,0,0,0,840,1,16
7848,0,-1,0,1,0,840,1,2
7849,0,-1,0,0,0,826,1,0
7850,0,-1,0,0,0,840,1,8
7851,0,-1,0,0,0,250,1,4
7852,0,-1,0,0,0,156,1,4
7853,0,-1,0,0,0,840,1,10
7854,0,-1,0,1,0,250,1,3
7855,0,-1,0,0,0,826,1,9
7856,0,-1,0,0,0,840,1,14
7857,0,-1,0,0,0,826,1,3
7858,0,-1,0,1,0,276,1,10
7859,0,-1,0,0,0,156,1,14
7860,0,-1,0,0,0,826,1,10
7861,0,-1,0,0,0,276,1,15
7862,0,-1,0,0,0,276,1,11
7863,0,-1,0,0,0,276,1,3
7864,0,-1,0,0,0,840,1,3
7865,0,-1,0,1,0,250,1,4
7866,0,-1,0,0,1,156,1,19
7867,0,-1,0,1,0,276,1,9
7868,0,-1,0,0,0,250,1,13
7869,0,-1,0,0,0,156,1,1
7870,0,-1,0,1,0,156,1,8
7871,0,-1,0,0,0,156,1,3
7872,0,-1,0,0,0,250,1,12
7873,0,-1,0,0,0,156,1,17
7874,0,-1,0,0,0,826,1,19
7875,0,-1,0,0,0,840,1,8
7876,0,-1,0,0,0,276,1,7
7877,0,-1,0,0,0,826,1,11
7878,0,-1,0,0,0,840,1,15
7879,0,-1,0,0,0,276,1,5
7880,0,-1,0,0,0,840,1,5
7881,0,-1,0,0,0,276,1,5
7882,0,-1,0,0,0,826,1,13
7883,0,-1,0,0,0,826,1,13
7884,0,-1,0,0,0,826,1,19
7885,0,-1,0,0,0,826,1,6
7886,0,-1,0,0,0,250,1,6
7887,0,-1,0,1,0,156,1,16
7888,0,-1,0,1,0,840,1,9
7889,0,-1,0,0,0,826,1,3
7890,0,-1,0,0,0,840,1,6
7891,0,-1,0,0,0,276,1,6
7892,0,-1,0,0,0,840,1,14
7893,0,-1,0,0,1,156,1,11
7894,0,-1,0,0,0,276,1,15
7895,0,-1,0,0,0,826,1,7
7896,0,-1,0,0,0,156,1,19
7897,0,-1,0,0,0,156,1,12
7898,0,-1,0,0,0,250,1,17
7899,0,-1,0,0,0,276,1,13
7900,0,-1,0,0,0,276,1,12
7901,0,-1,0,0,0,276,1,11
7902,0,-1,0,0,1,840,1,6
7903,0,-1,0,0,1,276,1,6
7904,0,-1,0,0,0,250,1,11
7905,0,-1,0,1,0,826,1,6
7906,0,-1,0,0,0,826,1,8
7907,0,-1,0,0,0,840,1,11
7908,0,-1,0,0,0,276,1,2
7909,0,-1,0,0,0,276,1,10
7910,0,-1,0,0,0,826,1,16
7911,0,-1,0,0,0,826,1,15
7912,0,-1,0,0,0,156,1,11
7913,0,-1,0,0,0,156,1,14
7914,0,-1,0,0,0,826,1,4
7915,0,-1,0,0,0,250,1,7
7916,0,-1,0,0,0,250,1,0
7917,0,-1,0,0,0,156,1,15
7918,0,-1,0,1,0,840,1,17
7919,0,-1,0,0,0,156,1,8
7920,0,-1,0,0,0,276,1,2
7921,0,-1,0,0,0,250,1,6
7922,0,-1,0,0,0,840,1,11
7923,0,-1,0,0,0,156,1,5
7924,0,-1,0,0,0,250,1,0
7925,0,-1,0,0,0,276,1,17
7926,0,-1,0,0,0,250,1,2
7927,0,-1,0,0,0,156,1,1
7928,0,-1,0,0,0,250,1,5
7929,0,-1,0,0,0,156,1,13
7930,0,-1,0,0,0,826,1,1
7931,0,-1,0,0,0,826,1,5
7932,0,-1,0,0,0,840,1,2
7933,0,-1,0,0,0,250,1,10
7934,0,-1,0,0,0,276,1,10
7935,0,-1,0,1,0,840,1,14
7936,0,-1,0,0,0,250,1,0
7937,0,-1,0,0,0,826,1,7
7938,0,-1,0,0,0,276,1,10
7939,0,-1,0,0,0,826,1,2
7940,0,-1,0,0,0,250,1,13
7941,0,-1,0,0,0,250,1,8
7942,0,-1,0,0,0,156,1,7
7943,0,-1,0,0,0,840,1,2
7944,0,-1,0,0,0,276,1,11
7945,0,-1,0,0,0,840,1,1
7946,0,-1,0,0,0,156,1,12
7947,0,-1,0,0,0,156,1,5
7948,0,-1,0,1,0,250,1,16
7949,0,-1,0,0,0,840,1,4
7950,0,-1,0,0,0,826,1,5
7951,0,-1,0,0,0,826,1,19
7952,0,-1,0,0,0,156,1,3
7953,0,-1,0,0,0,840,1,18
7954,0,-1,0,1,0,826,1,3
7955,0,-1,0,1,0,276,1,13
7956,0,-1,0,0,0,826,1,3
7957,0,-1,0,0,0,250,1,17
7958,0,-1,0,0,0,250,1,19
7959,0,-1,0,0,0,826,1,19
7960,0,-1,0,0,0,826,1,4
7961,0,-1,0,0,0,156,1,16
7962,0,-1,0,0,0,840,1,15
7963,0,-1,0,0,0,250,1,5
7964,0,-1,0,0,0,826,1,11
7965,0,-1,0,0,0,840,1,4
7966,0,-1,0,0,0,276,1,16
7967,0,-1,0,0,0,250,1,3
7968,0,-1,0,1,0,250,1,19
7969,0,-1,0,0,0,276,1,5
7970,0,-1,0,0,0,840,1,10
7971,0,-1,0,0,0,250,1,6
7972,0,-1,0,0,0,826,1,8
7973,0,-1,0,0,0,250,1,6
7974,0,-1,0,0,0,276,1,1
7975,0,-1,0,0,0,156,1,17
7976,0,-1,0,0,0,276,1,16
7977,0,-1,0,0,0,826,1,18
7978,0,-1,0,0,0,840,1,4
7979,0,-1,0,0,0,840,1,12
7980,0,-1,0,0,0,156,1,0
7981,0,-1,0,0,0,250,1,0
7982,0,-1,0,0,0,826,1,17
7983,0,-1,0,0,0,826,1,0
7984,0,-1,0,0,0,250,1,12
7985,0,-1,0,0,0,250,1,12
7986,0,-1,0,0,0,156,1,13
7987,0,-1,0,0,0,156,1,6
7988,0,-1,0,0,0,840,1,10
7989,0,-1,0,0,0,276,1,12
7990,0,-1,0,0,0,276,1,13
7991,0,-1,0,0,0,250,1,11
7992,0,-1,0,0,0,156,1,16
7993,0,-1,0,0,0,250,1,15
7994,0,-1,0,0,0,156,1,9
7995,0,-1,0,0,0,826,1,5
7996,0,-1,0,0,0,840,1,4
7997,0,-1,0,0,0,826,1,10
7998,0,-1,0,0,0,840,1,7
7999,0,-1,0,0,0,826,1,0
8000,0,-1,0,0,0,840,1,15
8001,0,-1,0,0,0,156,1,8
8002,0,-1,0,0,0,276,1,4
8003,0,-1,0,0,0,250,1,0
8004,0,-1,0,0,0,156,1,11
8005,0,-1,0,0,0,276,1,10
8006,0,-1,0,0,0,826,1,1
8007,0,-1,0,0,0,156,1,15
8008,0,-1,0,1,0,840,1,19
8009,0,-1,0,0,0,156,1,12
8010,0,-1,0,1,0,156,1,9
8011,0,-1,0,1,0,250,1,11
8012,0,-1,0,0,0,250,1,11
8013,0,-1,0,0,0,840,1,11
8014,0,-1,0,0,0,276,1,1
8015,0,-1,0,0,0,156,1,12
8016,0,-1,0,0,0,276,1,12
8017,0,-1,0,0,0,250,1,4
8018,0,-1,0,0,0,156,1,8
8019,0,-1,0,0,0,156,1,13
8020,0,-1,0,0,0,826,1,19
8021,0,-1,0,1,0,840,1,4
8022,0,-1,0,0,0,276,1,1
8023,0,-1,0,0,1,840,1,11
8024,0,-1,0,0,0,156,1,19
8025,0,-1,0,0,0,276,1,15
8026,0,-1,0,0,0,826,1,5
8027,0,-1,0,0,0,826,1,7
8028,0,-1,0,0,0,276,1,2
8029,0,-1,0,0,0,250,1,1
8030,0,-1,0,1,0,250,1,14
8031,0,-1,0,0,0,840,1,12
8032,0,-1,0,0,0,826,1,6
8033,0,-1,0,0,0,276,1,17
8034,0,-1,0,0,0,826,1,11
8035,0,-1,0,0,0,826,1,3
8036,0,-1,0,0,1,276,1,14
8037,0,-1,0,1,0,840,1,12
8038,0,-1,0,1,0,156,1,16
8039,0,-1,0,0,0,156,1,19
8040,0,-1,0,0,0,826,1,15
8041,0,-1,0,0,0,276,1,15
8042,0,-1,0,1,0,840,1,0
8043,0,-1,0,0,0,826,1,10
8044,0,-1,0,0,0,826,1,15
8045,0,-1,0,0,0,156,1,19
8046,0,-1,0,0,0,276,1,13
8047,0,-1,0,0,0,840,1,14
8048,0,-1,0,0,0,156,1,19
8049,0,-1,0,0,0,156,1,19
8050,0,-1,0,0,0,276,1,15
8051,0,-1,0,0,0,250,1,12
8052,0,-1,0,0,0,250,1,5
8053,0,-1,0,0,0,156,1,0
8054,0,-1,0,0,0,840,1,8
8055,0,-1,0,0,0,826,1,19
8056,0,-1,0,0,0,840,1,11
8057,0,-1,0,0,0,840,1,13
8058,0,-1,0,0,0,250,1,6
8059,0,-1,0,0,0,826,1,2
8060,0,-1,0,0,0,276,1,19
8061,0,-1,0,0,0,276,1,2
8062,0,-1,0,0,0,840,1,4
8063,0,-1,0,1,0,826,1,6
8064,0,-1,0,0,0,826,1,4
8065,0,-1,0,0,0,276,1,10
8066,0,-1,0,0,0,840,1,2
8067,0,-1,0,0,0,250,1,11
8068,0,-1,0,0,0,156,1,16
8069,0,-1,0,0,0,156,1,0
8070,0,-1,0,0,0,250,1,6
8071,0,-1,0,0,0,250,1,17
8072,0,-1,0,0,0,276,1,3
8073,0,-1,0,0,0,250,1,17
8074,0,-1,0,0,0,250,1,5
8075,0,-1,0,0,0,840,1,9
8076,0,-1,0,0,0,840,1,5
8077,0,-1,0,0,0,826,1,16
8078,0,-1,0,1,0,276,1,0
8079,0,-1,0,0,0,250,1,16
8080,0,-1,0,0,0,826,1,8
8081,0,-1,0,0,0,826,1,10
8082,0,-1,0,0,0,826,1,13
8083,0,-1,0,0,0,156,1,16
8084,0,-1,0,0,0,276,1,9
8085,0,-1,0,0,0,250,1,12
8086,0,-1,0,0,0,840,1,19
8087,0,-1,0,0,0,840,1,5
8088,0,-1,0,0,0,826,1,8
8089,0,-1,0,0,0,250,1,16
8090,0,-1,0,0,0,840,1,18
8091,0,-1,0,0,0,276,1,12
8092,0,-1,0,0,0,840,1,17
8093,0,-1,0,0,0,276,1,5
8094,0,-1,0,1,0,250,1,7
8095,0,-1,0,0,0,840,1,16
8096,0,-1,0,0,0,156,1,8
8097,0,-1,0,0,0,840,1,10
8098,0,-1,0,0,0,826,1,11
8099,0,-1,0,1,0,156,1,11
8100,0,-1,0,0,0,250,1,10
8101,0,-1,0,0,0,156,1,6
8102,0,-1,0,0,0,826,1,9
8103,0,-1,0,0,0,250,1,12
8104,0,-1,0,0,0,156,1,13
8105,0,-1,0,0,0,156,1,4
8106,0,-1,0,0,0,840,1,5
8107,0,-1,0,0,0,826,1,12
8108,0,-1,0,0,0,276,1,9
8109,0,-1,0,1,0,840,1,1
8110,0,-1,0,0,0,276,1,17
8111,0,-1,0,0,0,276,1,19
8112,0,-1,0,0,0,826,1,13
8113,0,-1,0,0,0,840,1,15
8114,0,-1,0,0,0,840,1,0
8115,0,-1,0,0,1,276,1,2
8116,0,-1,0,0,0,840,1,17
8117,0,-1,0,0,0,156,1,16
8118,0,-1,0,0,0,276,1,14
8119,0,-1,0,0,0,840,1,7
8120,0,-1,0,0,0,250,1,18
8121,0,-1,0,0,0,250,1,0
8122,0,-1,0,0,0,826,1,2
8123,0,-1,0,1,0,840,1,0
8124,0,-1,0,0,0,826,1,17
8125,0,-1,0,0,0,156,1,7
8126,0,-1,0,1,0,840,1,10
8127,0,-1,0,0,0,156,1,14
8128,0,-1,0,0,1,250,1,2
8129,0,-1,0,0,0,276,1,4
8130,0,-1,0,0,0,276,1,16
8131,0,-1,0,1,0,276,1,13
8132,0,-1,0,0,1,826,1,1
8133,0,-1,0,0,1,826,1,2
8134,0,-1,0,0,0,250,1,0
8135,0,-1,0,0,0,156,1,2
8136,0,-1,0,0,0,840,1,9
8137,0,-1,0,0,0,156,1,2
8138,0,-1,0,0,0,826,1,3
8139,0,-1,0,0,0,250,1,16
8140,0,-1,0,0,0,840,1,6
8141,0,-1,0,0,0,840,1,2
8142,0,-1,0,0,0,156,1,5
8143,0,-1,0,0,0,156,1,15
8144,0,-1,0,0,0,276,1,16
8145,0,-1,0,0,0,840,1,6
8146,0,-1,0,0,0,276,1,13
8147,0,-1,0,0,0,156,1,2
8148,0,-1,0,0,1,840,1,9
8149,0,-1,0,0,0,276,1,3
8150,0,-1,0,1,0,250,1,1
8151,0,-1,0,0,1,826,1,11
8152,0,-1,0,0,0,250,1,9
8153,0,-1,0,0,0,250,1,4
8154,0,-1,0,0,0,840,1,15
8155,0,-1,0,0,0,250,1,2
8156,0,-1,0,0,0,156,1,5
8157,0,-1,0,0,0,276,1,6
8158,0,-1,0,0,0,156,1,4
8159,0,-1,0,0,0,250,1,12
8160,0,-1,0,0,0,826,1,16
8161,0,-1,0,0,0,250,1,4
8162,0,-1,0,0,0,156,1,1
8163,0,-1,0,0,1,276,1,3
8164,0,-1,0,0,0,826,1,7
8165,0,-1,0,0,0,840,1,19
8166,0,-1,0,0,0,276,1,18
8167,0,-1,0,0,0,250,1,16
8168,0,-1,0,1,0,156,1,6
8169,0,-1,0,0,1,840,1,1
8170,0,-1,0,0,0,156,1,17
8171,0,-1,0,0,0,276,1,1
8172,0,-1,0,0,0,250,1,0
8173,0,-1,0,0,0,826,1,0
8174,0,-1,0,1,0,156,1,14
8175,0,-1,0,0,0,276,1,9
8176,0,-1,0,0,0,276,1,13
8177,0,-1,0,0,0,826,1,19
8178,0,-1,0,0,0,840,1,7
8179,0,-1,0,0,0,840,1,19
8180,0,-1,0,0,0,250,1,12
8181,0,-1,0,0,0,840,1,11
8182,0,-1,0,0,0,840,1,11
8183,0,-1,0,0,0,840,1,0
8184,0,-1,0,0,0,826,1,19
8185,0,-1,0,0,0,840,1,6
8186,0,-1,0,0,0,276,1,7
8187,0,-1,0,0,0,276,1,3
8188,0,-1,0,0,0,156,1,18
8189,0,-1,0,0,0,826,1,19
8190,0,-1,0,0,0,250,1,3
8191,0,-1,0,0,0,250,1,15
8192,0,-1,0,1,0,276,1,0
8193,0,-1,0,0,0,156,1,14
8194,0,-1,0,1,0,840,1,7
8195,0,-1,0,0,0,826,1,0
8196,0,-1,0,0,0,156,1,17
8197,0,-1,0,0,0,156,1,7
8198,0,-1,0,1,0,840,1,8
8199,0,-1,0,0,0,156,1,10
8200,0,-1,0,0,0,840,1,2
8201,0,-1,0,0,0,276,1,6
8202,0,-1,0,0,0,156,1,12
8203,0,-1,0,0,0,156,1,15
8204,0,-1,0,0,0,826,1,8
8205,0,-1,0,0,0,156,1,14
8206,0,-1,0,0,0,840,1,5
8207,0,-1,0,0,0,840,1,17
8208,0,-1,0,0,0,826,1,14
8209,0,-1,0,0,0,840,1,18
8210,0,-1,0,0,0,826,1,2
8211,0,-1,0,0,0,826,1,4
8212,0,-1,0,0,0,276,1,14
8213,0,-1,0,0,0,840,1,3
8214,0,-1,0,0,0,276,1,7
8215,0,-1,0,0,0,250,1,2
8216,0,-1,0,0,0,156,1,1
8217,0,-1,0,0,0,826,1,7
8218,0,-1,0,1,0,250,1,4
8219,0,-1,0,0,0,156,1,14
8220,0,-1,0,0,0,276,1,11
8221,0,-1,0,0,0,840,1,17
8222,0,-1,0,0,0,156,1,2
8223,0,-1,0,0,0,840,1,8
8224,0,-1,0,0,0,276,1,15
8225,0,-1,0,0,0,156,1,1
8226,0,-1,0,0,0,276,1,18
8227,0,-1,0,0,0,156,1,4
8228,0,-1,0,0,0,156,1,7
8229,0,-1,0,0,0,826,1,7
8230,0,-1,0,0,0,840,1,3
8231,0,-1,0,0,0,276,1,14
8232,0,-1,0,0,0,276,1,0
8233,0,-1,0,0,0,840,1,9
8234,0,-1,0,0,0,156,1,14
8235,0,-1,0,0,0,276,1,15
8236,0,-1,0,0,0,276,1,5
8237,0,-1,0,0,0,840,1,12
8238,0,-1,0,0,0,250,1,3
8239,0,-1,0,0,0,840,1,17
8240,0,-1,0,0,0,826,1,9
8241,0,-1,0,0,0,250,1,8
8242,0,-1,0,1,0,276,1,4
8243,0,-1,0,0,0,840,1,0
8244,0,-1,0,0,0,276,1,14
8245,0,-1,0,0,0,276,1,10
8246,0,-1,0,0,0,826,1,18
8247,0,-1,0,0,0,276,1,19
8248,0,-1,0,0,0,156,1,13
8249,0,-1,0,0,0,826,1,11
8250,0,-1,0,0,0,840,1,1
8251,0,-1,0,0,0,826,1,7
8252,0,-1,0,1,0,250,1,8
8253,0,-1,0,0,0,826,1,1
8254,0,-1,0,0,0,156,1,18
8255,0,-1,0,0,0,156,1,3
8256,0,-1,0,0,0,156,1,17
8257,0,-1,0,0,0,276,1,12
8258,0,-1,0,0,0,250,1,0
8259,0,-1,0,0,0,250,1,14
8260,0,-1,0,1,0,276,1,4
8261,0,-1,0,0,0,840,1,13
8262,0,-1,0,0,0,156,1,14
8263,0,-1,0,0,0,840,1,6
8264,0,-1,0,0,0,840,1,3
8265,0,-1,0,0,0,156,1,19
8266,0,-1,0,0,0,156,1,19
8267,0,-1,0,0,0,840,1,0
8268,0,-1,0,0,0,276,1,10
8269,0,-1,0,0,0,250,1,14
8270,0,-1,0,0,0,276,1,1
8271,0,-1,0,0,0,276,1,7
8272,0,-1,0,0,0,276,1,7
8273,0,-1,0,0,0,156,1,14
8274,0,-1,0,0,0,840,1,10
8275,0,-1,0,0,0,826,1,3
8276,0,-1,0,0,0,826,1,17
8277,0,-1,0,0,0,156,1,9
8278,0,-1,0,0,0,840,1,3
8279,0,-1,0,0,0,840,1,18
8280,0,-1,0,0,0,276,1,11
8281,0,-1,0,0,0,250,1,12
8282,0,-1,0,0,0,156,1,6
8283,0,-1,0,0,0,276,1,10
8284,0,-1,0,0,0,276,1,11
8285,0,-1,0,1,0,156,1,14
8286,0,-1,0,0,0,156,1,4
8287,0,-1,0,0,0,840,1,15
8288,0,-1,0,0,0,826,1,5
8289,0,-1,0,0,0,156,1,16
8290,0,-1,0,0,0,840,1,17
8291,0,-1,0,0,0,826,1,11
8292,0,-1,0,0,0,840,1,12
8293,0,-1,0,0,0,250,1,14
8294,0,-1,0,0,0,250,1,5
8295,0,-1,0,1,0,276,1,18
8296,0,-1,0,0,0,826,1,12
8297,0,-1,0,0,0,276,1,0
8298,0,-1,0,0,0,156,1,0
8299,0,-1,0,0,0,826,1,5
8300,0,-1,0,0,0,276,1,1
8301,0,-1,0,1,0,250,1,14
8302,0,-1,0,0,0,826,1,12
8303,0,-1,0,0,0,826,1,1
8304,0,-1,0,1,0,826,1,3
8305,0,-1,0,0,0,250,1,13
8306,0,-1,0,1,0,156,1,2
8307,0,-1,0,0,0,250,1,5
8308,0,-1,0,1,1,250,1,19
8309,0,-1,0,0,0,156,1,8
8310,0,-1,0,0,1,250,1,11
8311,0,-1,0,0,0,826,1,14
8312,0,-1,0,1,0,250,1,1
8313,0,-1,0,0,1,840,1,10
8314,0,-1,0,1,0,840,1,2
8315,0,-1,0,0,0,826,1,5
8316,0,-1,0,0,0,826,1,0
8317,0,-1,0,0,0,250,1,13
8318,0,-1,0,0,0,840,1,6
8319,0,-1,0,0,0,156,1,8
8320,0,-1,0,0,0,156,1,19
8321,0,-1,0,0,0,840,1,1
8322,0,-1,0,0,0,840,1,6
8323,0,-1,0,0,0,250,1,2
8324,0,-1,0,0,1,826,1,12
8325,0,-1,0,0,0,826,1,14
8326,0,-1,0,0,0,840,1,13
8327,0,-1,0,0,0,156,1,15
8328,0,-1,0,0,0,250,1,4
8329,0,-1,0,0,0,840,1,19
8330,0,-1,0,0,0,156,1,14
8331,0,-1,0,0,0,250,1,1
8332,0,-1,0,0,0,156,1,4
8333,0,-1,0,1,0,156,1,9
8334,0,-1,0,0,0,276,1,9
8335,0,-1,0,0,0,276,1,13
8336,0,-1,0,0,0,840,1,5
8337,0,-1,0,0,0,276,1,0
8338,0,-1,0,0,0,826,1,8
8339,0,-1,0,0,0,276,1,10
8340,0,-1,0,0,0,840,1,16
8341,0,-1,0,0,0,840,1,10
8342,0,-1,0,0,0,840,1,2
8343,0,-1,0,1,0,840,1,5
8344,0,-1,0,0,0,826,1,10
8345,0,-1,0,0,0,826,1,8
8346,0,-1,0,1,0,250,1,3
8347,0,-1,0,0,0,276,1,0
8348,0,-1,0,0,0,840,1,19
8349,0,-1,0,0,0,250,1,18
8350,0,-1,0,0,0,826,1,17
8351,0,-1,0,0,0,156,1,13
8352,0,-1,0,1,0,826,1,2
8353,0,-1,0,0,0,276,1,8
8354,0,-1,0,0,0,276,1,4
8355,0,-1,0,0,0,826,1,2
8356,0,-1,0,0,0,276,1,14
8357,0,-1,0,0,0,826,1,18
8358,0,-1,0,1,0,250,1,1
8359,0,-1,0,0,0,826,1,0
8360,0,-1,0,1,0,250,1,14
8361,0,-1,0,0,0,826,1,15
8362,0,-1,0,0,0,156,1,2
8363,0,-1,0,0,0,840,1,1
8364,0,-1,0,0,0,250,1,18
8365,0,-1,0,0,0,156,1,1
8366,0,-1,0,1,0,826,1,8
8367,0,-1,0,0,0,826,1,12
8368,0,-1,0,0,0,250,1,8
8369,0,-1,0,0,0,840,1,3
8370,0,-1,0,0,0,826,1,17
8371,0,-1,0,1,0,156,1,5
8372,0,-1,0,1,0,840,1,1
8373,0,-1,0,0,0,250,1,19
8374,0,-1,0,0,0,250,1,0
8375,0,-1,0,0,0,250,1,18
8376,0,-1,0,0,0,250,1,12
8377,0,-1,0,0,0,840,1,1
8378,0,-1,0,0,0,826,1,4
8379,0,-1,0,0,0,276,1,0
8380,0,-1,0,0,0,276,1,14
8381,0,-1,0,0,0,840,1,17
8382,0,-1,0,0,0,840,1,10
8383,0,-1,0,0,0,250,1,13
8384,0,-1,0,0,0,840,1,7
8385,0,-1,0,0,0,826,1,4
8386,0,-1,0,0,0,250,1,13
8387,0,-1,0,0,0,156,1,19
8388,0,-1,0,0,0,840,1,16
8389,0,-1,0,1,0,250,1,10
8390,0,-1,0,0,0,250,1,6
8391,0,-1,0,1,0,250,1,15
8392,0,-1,0,0,0,276,1,1
8393,0,-1,0,0,0,276,1,12
8394,0,-1,0,0,0,826,1,18
8395,0,-1,0,1,0,840,1,1
8396,0,-1,0,0,0,276,1,5
8397,0,-1,0,0,0,276,1,17
8398,0,-1,0,0,0,250,1,4
8399,0,-1,0,0,0,250,1,10
8400,0,-1,0,0,0,826,1,19
8401,0,-1,0,0,0,156,1,12
8402,0,-1,0,0,0,276,1,0
8403,0,-1,0,0,0,840,1,12
8404,0,-1,0,0,0,826,1,3
8405,0,-1,0,0,0,250,1,12
8406,0,-1,0,0,0,276,1,9
8407,0,-1,0,0,0,156,1,4
8408,0,-1,0,0,0,276,1,12
8409,0,-1,0,0,0,826,1,15
8410,0,-1,0,0,0,250,1,2
8411,0,-1,0,0,0,250,1,16
8412,0,-1,0,0,0,250,1,2
8413,0,-1,0,0,0,826,1,16
8414,0,-1,0,0,0,826,1,7
8415,0,-1,0,0,0,826,1,18
8416,0,-1,0,1,0,250,1,2
8417,0,-1,0,0,0,250,1,11
8418,0,-1,0,0,0,826,1,10
8419,0,-1,0,0,0,826,1,5
8420,0,-1,0,1,0,840,1,11
8421,0,-1,0,0,0,840,1,10
8422,0,-1,0,1,0,276,1,13
8423,0,-1,0,0,0,840,1,1
8424,0,-1,0,0,0,276,1,5
8425,0,-1,0,0,0,840,1,0
8426,0,-1,0,0,0,276,1,18
8427,0,-1,0,0,0,276,1,14
8428,0,-1,0,0,1,826,1,5
8429,0,-1,0,0,0,826,1,12
8430,0,-1,0,0,0,250,1,13
8431,0,-1,0,0,0,840,1,15
8432,0,-1,0,0,0,156,1,13
8433,0,-1,0,0,0,156,1,12
8434,0,-1,0,0,0,250,1,5
8435,0,-1,0,0,0,156,1,3
8436,0,-1,0,1,0,156,1,17
8437,0,-1,0,0,0,840,1,16
8438,0,-1,0,0,0,276,1,1
8439,0,-1,0,0,0,840,1,12
8440,0,-1,0,0,0,826,1,19
8441,0,-1,0,0,0,826,1,11
8442,0,-1,0,0,0,250,1,14
8443,0,-1,0,0,0,276,1,14
8444,0,-1,0,0,0,250,1,10
8445,0,-1,0,1,0,156,1,7
8446,0,-1,0,0,0,156,1,2
8447,0,-1,0,0,0,276,1,12
8448,0,-1,0,0,0,250,1,7
8449,0,-1,0,1,0,840,1,2
8450,0,-1,0,0,0,250,1,3
8451,0,-1,0,0,0,276,1,10
8452,0,-1,0,0,0,840,1,9
8453,0,-1,0,0,0,276,1,11
8454,0,-1,0,0,1,840,1,14
8455,0,-1,0,0,1,826,1,3
8456,0,-1,0,0,0,156,1,3
8457,0,-1,0,0,0,156,1,5
8458,0,-1,0,0,0,276,1,19
8459,0,-1,0,0,0,826,1,11
8460,0,-1,0,0,0,840,1,1
8461,0,-1,0,0,0,276,1,3
8462,0,-1,0,0,0,276,1,3
8463,0,-1,0,0,0,250,1,18
8464,0,-1,0,0,0,156,1,14
8465,0,-1,0,0,0,276,1,1
8466,0,-1,0,0,0,840,1,6
8467,0,-1,0,0,0,276,1,14
8468,0,-1,0,0,0,250,1,19
8469,0,-1,0,1,0,276,1,8
8470,0,-1,0,0,0,250,1,1
8471,0,-1,0,0,0,840,1,1
8472,0,-1,0,0,0,156,1,12
8473,0,-1,0,0,0,826,1,16
8474,0,-1,0,0,0,156,1,17
8475,0,-1,0,0,0,276,1,7
8476,0,-1,0,0,0,156,1,10
8477,0,-1,0,0,0,276,1,16
8478,0,-1,0,0,0,276,1,14
8479,0,-1,0,1,0,276,1,10
8480,0,-1,0,0,0,840,1,9
8481,0,-1,0,0,0,840,1,1
8482,0,-1,0,0,0,840,1,13
8483,0,-1,0,0,0,156,1,11
8484,0,-1,0,0,1,156,1,3
8485,0,-1,0,0,0,250,1,9
8486,0,-1,0,0,0,276,1,14
8487,0,-1,0,0,0,840,1,16
8488,0,-1,0,0,0,156,1,12
8489,0,-1,0,0,0,276,1,4
8490,0,-1,0,0,0,250,1,4
8491,0,-1,0,0,0,826,1,18
8492,0,-1,0,0,0,826,1,5
8493,0,-1,0,0,0,276,1,11
8494,0,-1,0,0,0,840,1,7
8495,0,-1,0,0,0,826,1,10
8496,0,-1,0,0,0,840,1,19
8497,0,-1,0,0,0,826,1,8
8498,0,-1,0,0,0,156,1,9
8499,0,-1,0,0,0,826,1,2
8500,0,-1,0,0,0,156,1,4
8501,0,-1,0,1,0,826,1,9
8502,0,-1,0,1,1,826,1,5
8503,0,-1,0,0,0,276,1,12
8504,0,-1,0,0,0,276,1,4
8505,0,-1,0,0,0,250,1,12
8506,0,-1,0,0,0,840,1,1
8507,0,-1,0,0,0,156,1,5
8508,0,-1,0,1,0,156,1,2
8509,0,-1,0,0,0,250,1,16
8510,0,-1,0,0,0,250,1,6
8511,0,-1,0,0,0,826,1,1
8512,0,-1,0,0,0,840,1,12
8513,0,-1,0,0,0,276,1,15
8514,0,-1,0,0,0,250,1,9
8515,0,-1,0,0,0,250,1,7
8516,0,-1,0,0,0,250,1,2
8517,0,-1,0,0,0,840,1,15
8518,0,-1,0,0,0,250,1,19
8519,0,-1,0,0,0,156,1,3
8520,0,-1,0,0,0,826,1,19
8521,0,-1,0,0,0,250,1,11
8522,0,-1,0,0,0,156,1,13
8523,0,-1,0,0,0,276,1,19
8524,0,-1,0,1,0,840,1,15
8525,0,-1,0,0,0,250,1,5
8526,0,-1,0,0,0,840,1,8
8527,0,-1,0,0,0,250,1,16
8528,0,-1,0,0,0,826,1,7
8529,0,-1,0,0,0,250,1,12
8530,0,-1,0,0,0,276,1,3
8531,0,-1,0,0,0,840,1,13
8532,0,-1,0,0,0,156,1,9
8533,0,-1,0,0,0,840,1,16
8534,0,-1,0,0,0,156,1,6
8535,0,-1,0,0,0,156,1,8
8536,0,-1,0,0,0,840,1,13
8537,0,-1,0,0,1,156,1,7
8538,0,-1,0,0,0,156,1,18
8539,0,-1,0,0,0,826,1,15
8540,0,-1,0,0,0,826,1,3
8541,0,-1,0,0,0,250,1,16
8542,0,-1,0,0,0,250,1,2
8543,0,-1,0,0,0,156,1,9
8544,0,-1,0,0,0,156,1,11
8545,0,-1,0,0,0,826,1,16
8546,0,-1,0,0,0,156,1,14
8547,0,-1,0,0,0,840,1,18
8548,0,-1,0,0,0,276,1,7
8549,0,-1,0,0,0,826,1,7
8550,0,-1,0,0,0,250,1,16
8551,0,-1,0,0,0,826,1,10
8552,0,-1,0,0,0,826,1,15
8553,0,-1,0,0,0,826,1,0
8554,0,-1,0,0,0,276,1,13
8555,0,-1,0,0,0,250,1,10
8556,0,-1,0,1,0,826,1,17
8557,0,-1,0,0,0,276,1,0
8558,0,-1,0,0,0,276,1,9
8559,0,-1,0,0,0,826,1,18
8560,0,-1,0,0,0,276,1,11
8561,0,-1,0,0,0,250,1,1
8562,0,-1,0,0,0,276,1,11
8563,0,-1,0,0,0,156,1,3
8564,0,-1,0,0,0,156,1,16
8565,0,-1,0,1,0,826,1,0
8566,0,-1,0,0,0,840,1,1
8567,0,-1,0,0,0,276,1,15
8568,0,-1,0,0,0,840,1,17
8569,0,-1,0,0,0,156,1,12
8570,0,-1,0,0,0,276,1,19
8571,0,-1,0,0,0,276,1,15
8572,0,-1,0,0,0,826,1,17
8573,0,-1,0,0,0,826,1,8
8574,0,-1,0,1,0,276,1,11
8575,0,-1,0,0,0,276,1,11
8576,0,-1,0,0,0,156,1,11
8577,0,-1,0,0,0,826,1,8
8578,0,-1,0,0,0,826,1,16
8579,0,-1,0,0,1,156,1,10
8580,0,-1,0,0,0,156,1,16
8581,0,-1,0,0,0,250,1,6
8582,0,-1,0,0,0,826,1,5
8583,0,-1,0,0,0,250,1,12
8584,0,-1,0,0,0,250,1,6
8585,0,-1,0,1,0,840,1,4
8586,0,-1,0,0,0,826,1,3
8587,0,-1,0,0,0,250,1,9
8588,0,-1,0,0,0,826,1,9
8589,0,-1,0,1,0,156,1,3
8590,0,-1,0,0,0,250,1,3
8591,0,-1,0,0,1,276,1,2
8592,0,-1,0,0,0,156,1,6
8593,0,-1,0,0,0,840,1,11
8594,0,-1,0,0,0,840,1,18
8595,0,-1,0,0,0,840,1,6
8596,0,-1,0,0,0,276,1,2
8597,0,-1,0,0,0,826,1,9
8598,0,-1,0,0,0,826,1,3
8599,0,-1,0,0,0,250,1,19
8600,0,-1,0,0,0,276,1,10
8601,0,-1,0,0,0,276,1,13
8602,0,-1,0,0,0,276,1,0
8603,0,-1,0,0,0,826,1,4
8604,0,-1,0,0,0,250,1,13
8605,0,-1,0,0,0,840,1,15
8606,0,-1,0,0,0,156,1,18
8607,0,-1,0,0,0,250,1,6
8608,0,-1,0,1,0,840,1,8
8609,0,-1,0,0,0,840,1,13
8610,0,-1,0,0,0,826,1,5
8611,0,-1,0,0,0,840,1,16
8612,0,-1,0,0,0,250,1,4
8613,0,-1,0,0,0,276,1,19
8614,0,-1,0,0,0,826,1,8
8615,0,-1,0,1,0,250,1,13
8616,0,-1,0,0,1,276,1,1
8617,0,-1,0,0,0,840,1,15
8618,0,-1,0,0,0,276,1,8
8619,0,-1,0,0,0,276,1,13
8620,0,-1,0,0,0,276,1,17
8621,0,-1,0,0,0,276,1,1
8622,0,-1,0,1,0,250,1,16
8623,0,-1,0,1,1,250,1,12
8624,0,-1,0,0,0,826,1,8
8625,0,-1,0,0,0,156,1,13
8626,0,-1,0,0,0,276,1,9
8627,0,-1,0,0,0,156,1,12
8628,0,-1,0,0,0,840,1,10
8629,0,-1,0,0,0,826,1,18
8630,0,-1,0,0,0,840,1,9
8631,0,-1,0,0,0,250,1,2
8632,0,-1,0,0,0,276,1,19
8633,0,-1,0,1,0,276,1,16
8634,0,-1,0,0,0,826,1,13
8635,0,-1,0,0,0,840,1,14
8636,0,-1,0,1,0,156,1,4
8637,0,-1,0,0,0,156,1,12
8638,0,-1,0,1,1,250,1,15
8639,0,-1,0,0,0,156,1,11
8640,0,-1,0,0,0,276,1,0
8641,0,-1,0,1,0,276,1,3
8642,0,-1,0,0,0,840,1,19
8643,0,-1,0,0,0,826,1,3
8644,0,-1,0,0,0,276,1,5
8645,0,-1,0,1,0,840,1,1
8646,0,-1,0,0,0,840,1,11
8647,0,-1,0,0,0,156,1,15
8648,0,-1,0,0,0,826,1,14
8649,0,-1,0,0,0,156,1,4
8650,0,-1,0,0,0,156,1,14
8651,0,-1,0,0,0,276,1,10
8652,0,-1,0,0,0,250,1,2
8653,0,-1,0,0,0,276,1,11
8654,0,-1,0,0,0,250,1,4
8655,0,-1,0,0,0,840,1,0
8656,0,-1,0,0,0,156,1,0
8657,0,-1,0,0,0,276,1,10
8658,0,-1,0,0,0,276,1,11
8659,0,-1,0,0,0,826,1,8
8660,0,-1,0,0,0,276,1,13
8661,0,-1,0,0,0,840,1,2
8662,0,-1,0,1,0,840,1,7
8663,0,-1,0,0,1,156,1,7
8664,0,-1,0,0,0,826,1,0
8665,0,-1,0,0,0,250,1,17
8666,0,-1,0,0,0,826,1,16
8667,0,-1,0,0,0,840,1,8
8668,0,-1,0,0,0,156,1,7
8669,0,-1,0,0,0,250,1,13
8670,0,-1,0,0,1,826,1,17
8671,0,-1,0,0,0,840,1,18
8672,0,-1,0,0,0,250,1,16
8673,0,-1,0,0,0,250,1,14
8674,0,-1,0,1,0,156,1,7
8675,0,-1,0,0,0,250,1,4
8676,0,-1,0,0,0,840,1,14
8677,0,-1,0,0,1,250,1,8
8678,0,-1,0,0,0,840,1,3
8679,0,-1,0,0,1,840,1,10
8680,0,-1,0,0,0,840,1,14
8681,0,-1,0,0,1,826,1,12
8682,0,-1,0,0,0,840,1,12
8683,0,-1,0,0,0,250,1,10
8684,0,-1,0,0,0,276,1,12
8685,0,-1,0,0,0,826,1,15
8686,0,-1,0,0,0,276,1,1
8687,0,-1,0,0,0,276,1,1
8688,0,-1,0,1,1,276,1,19
8689,0,-1,0,0,0,156,1,4
8690,0,-1,0,0,0,826,1,7
8691,0,-1,0,0,0,826,1,13
8692,0,-1,0,0,0,826,1,6
8693,0,-1,0,0,0,156,1,1
8694,0,-1,0,0,0,826,1,5
8695,0,-1,0,0,0,156,1,13
8696,0,-1,0,0,0,826,1,6
8697,0,-1,0,0,0,250,1,10
8698,0,-1,0,0,0,276,1,5
8699,0,-1,0,0,0,840,1,14
8700,0,-1,0,0,0,276,1,16
8701,0,-1,0,0,0,826,1,2
8702,0,-1,0,0,0,276,1,18
8703,0,-1,0,0,0,826,1,1
8704,0,-1,0,0,0,250,1,9
8705,0,-1,0,0,0,156,1,1
8706,0,-1,0,0,0,250,1,5
8707,0,-1,0,0,0,276,1,8
8708,0,-1,0,0,0,156,1,12
8709,0,-1,0,0,0,826,1,11
8710,0,-1,0,0,0,840,1,17
8711,0,-1,0,0,0,250,1,3
8712,0,-1,0,1,0,840,1,0
8713,0,-1,0,0,0,276,1,16
8714,0,-1,0,0,0,826,1,16
8715,0,-1,0,0,0,156,1,0
8716,0,-1,0,0,0,840,1,12
8717,0,-1,0,0,0,156,1,14
8718,0,-1,0,0,0,826,1,12
8719,0,-1,0,1,0,156,1,19
8720,0,-1,0,0,0,276,1,18
8721,0,-1,0,0,0,156,1,13
8722,0,-1,0,0,1,276,1,2
8723,0,-1,0,0,0,276,1,18
8724,0,-1,0,0,0,826,1,6
8725,0,-1,0,0,0,276,1,5
8726,0,-1,0,0,0,156,1,17
8727,0,-1,0,1,0,276,1,12
8728,0,-1,0,0,1,276,1,18
8729,0,-1,0,0,0,826,1,7
8730,0,-1,0,0,0,826,1,2
8731,0,-1,0,0,0,840,1,14
8732,0,-1,0,0,1,826,1,3
8733,0,-1,0,0,0,840,1,8
8734,0,-1,0,0,0,156,1,6
8735,0,-1,0,0,0,840,1,12
8736,0,-1,0,0,0,826,1,2
8737,0,-1,0,0,0,826,1,14
8738,0,-1,0,0,0,156,1,7
8739,0,-1,0,0,0,156,1,18
8740,0,-1,0,0,0,276,1,19
8741,0,-1,0,1,0,156,1,18
8742,0,-1,0,1,0,156,1,16
8743,0,-1,0,0,1,156,1,11
8744,0,-1,0,0,0,276,1,2
8745,0,-1,0,0,0,156,1,5
8746,0,-1,0,0,0,250,1,4
8747,0,-1,0,0,0,276,1,0
8748,0,-1,0,0,1,156,1,7
8749,0,-1,0,0,0,156,1,5
8750,0,-1,0,0,0,840,1,19
8751,0,-1,0,0,0,826,1,8
8752,0,-1,0,0,0,826,1,8
8753,0,-1,0,0,0,276,1,13
8754,0,-1,0,0,0,276,1,10
8755,0,-1,0,0,0,840,1,10
8756,0,-1,0,0,0,250,1,14
8757,0,-1,0,0,0,840,1,8
8758,0,-1,0,0,0,250,1,18
8759,0,-1,0,0,0,156,1,0
8760,0,-1,0,0,0,826,1,1
8761,0,-1,0,0,0,156,1,3
8762,0,-1,0,0,1,276,1,18
8763,0,-1,0,0,0,840,1,7
8764,0,-1,0,0,0,250,1,5
8765,0,-1,0,0,0,826,1,6
8766,0,-1,0,0,0,826,1,6
8767,0,-1,0,0,0,156,1,12
8768,0,-1,0,1,0,276,1,4
8769,0,-1,0,1,0,156,1,19
8770,0,-1,0,0,0,840,1,17
8771,0,-1,0,0,0,276,1,17
8772,0,-1,0,0,0,156,1,3
8773,0,-1,0,0,1,826,1,10
8774,0,-1,0,0,1,276,1,18
8775,0,-1,0,0,0,276,1,18
8776,0,-1,0,0,0,276,1,5
8777,0,-1,0,0,0,276,1,7
8778,0,-1,0,1,0,826,1,4
8779,0,-1,0,0,0,276,1,5
8780,0,-1,0,0,0,840,1,4
8781,0,-1,0,0,0,826,1,10
8782,0,-1,0,0,0,276,1,14
8783,0,-1,0,1,0,826,1,12
8784,0,-1,0,0,0,250,1,16
8785,0,-1,0,0,0,840,1,19
8786,0,-1,0,0,1,250,1,15
8787,0,-1,0,0,0,840,1,13
8788,0,-1,0,0,0,826,1,17
8789,0,-1,0,1,0,276,1,3
8790,0,-1,0,1,0,826,1,10
8791,0,-1,0,0,0,276,1,1
8792,0,-1,0,0,0,276,1,0
8793,0,-1,0,0,0,156,1,9
8794,0,-1,0,0,0,826,1,14
8795,0,-1,0,0,0,276,1,10
8796,0,-1,0,0,0,250,1,17
8797,0,-1,0,0,0,276,1,5
8798,0,-1,0,0,0,156,1,14
8799,0,-1,0,1,0,156,1,17
8800,0,-1,0,0,0,156,1,11
8801,0,-1,0,0,0,276,1,11
8802,0,-1,0,0,0,156,1,5
8803,0,-1,0,0,0,156,1,13
8804,0,-1,0,0,0,156,1,9
8805,0,-1,0,0,0,840,1,19
8806,0,-1,0,1,0,156,1,13
8807,0,-1,0,0,0,840,1,2
8808,0,-1,0,1,0,840,1,0
8809,0,-1,0,0,0,156,1,16
8810,0,-1,0,0,0,250,1,3
8811,0,-1,0,0,0,156,1,12
8812,0,-1,0,0,0,276,1,0
8813,0,-1,0,1,0,156,1,12
8814,0,-1,0,0,0,250,1,17
8815,0,-1,0,0,0,250,1,17
8816,0,-1,0,0,0,156,1,1
8817,0,-1,0,0,0,250,1,3
8818,0,-1,0,0,0,156,1,12
8819,0,-1,0,0,0,276,1,5
8820,0,-1,0,0,0,156,1,12
8821,0,-1,0,0,0,276,1,16
8822,0,-1,0,0,0,156,1,18
8823,0,-1,0,0,0,156,1,18
8824,0,-1,0,1,0,250,1,18
8825,0,-1,0,0,0,156,1,14
8826,0,-1,0,0,0,826,1,11
8827,0,-1,0,0,0,826,1,4
8828,0,-1,0,0,0,840,1,4
8829,0,-1,0,0,0,840,1,1
8830,0,-1,0,1,0,826,1,14
8831,0,-1,0,0,0,840,1,7
8832,0,-1,0,0,0,156,1,13
8833,0,-1,0,0,0,276,1,2
8834,0,-1,0,0,0,250,1,10
8835,0,-1,0,0,0,826,1,7
8836,0,-1,0,0,0,840,1,4
8837,0,-1,0,0,0,826,1,10
8838,0,-1,0,0,0,250,1,19
8839,0,-1,0,0,0,840,1,13
8840,0,-1,0,0,0,276,1,6
8841,0,-1,0,0,0,276,1,17
8842,0,-1,0,0,0,840,1,14
8843,0,-1,0,0,0,840,1,4
8844,0,-1,0,0,0,156,1,18
8845,0,-1,0,0,0,276,1,4
8846,0,-1,0,0,1,840,1,1
8847,0,-1,0,0,0,250,1,6
8848,0,-1,0,1,1,156,1,14
8849,0,-1,0,1,0,826,1,0
8850,0,-1,0,0,0,250,1,0
8851,0,-1,0,0,0,276,1,5
8852,0,-1,0,0,0,250,1,18
8853,0,-1,0,0,0,840,1,10
8854,0,-1,0,0,0,276,1,10
8855,0,-1,0,0,0,826,1,12
8856,0,-1,0,1,0,276,1,13
8857,0,-1,0,0,0,840,1,9
8858,0,-1,0,1,0,826,1,8
8859,0,-1,0,0,0,276,1,18
8860,0,-1,0,1,0,276,1,11
8861,0,-1,0,1,0,276,1,0
8862,0,-1,0,0,0,156,1,17
8863,0,-1,0,0,0,826,1,2
8864,0,-1,0,0,0,276,1,15
8865,0,-1,0,0,0,276,1,3
8866,0,-1,0,0,0,276,1,11
8867,0,-1,0,1,0,840,1,17
8868,0,-1,0,0,0,156,1,8
8869,0,-1,0,0,0,156,1,9
8870,0,-1,0,0,0,156,1,11
8871,0,-1,0,0,0,250,1,3
8872,0,-1,0,0,0,250,1,1
8873,0,-1,0,1,0,250,1,5
8874,0,-1,0,0,0,840,1,2
8875,0,-1,0,0,0,840,1,2
8876,0,-1,0,0,0,826,1,7
8877,0,-1,0,0,0,250,1,7
8878,0,-1,0,0,0,250,1,8
8879,0,-1,0,0,0,276,1,2
8880,0,-1,0,0,0,250,1,1
8881,0,-1,0,0,1,826,1,12
8882,0,-1,0,0,0,840,1,4
8883,0,-1,0,0,0,840,1,13
8884,0,-1,0,0,0,156,1,10
8885,0,-1,0,0,0,840,1,11
8886,0,-1,0,0,0,156,1,4
8887,0,-1,0,0,0,840,1,11
8888,0,-1,0,1,0,156,1,19
8889,0,-1,0,0,0,250,1,8
8890,0,-1,0,0,0,250,1,8
8891,0,-1,0,0,0,840,1,3
8892,0,-1,0,0,0,840,1,4
8893,0,-1,0,0,0,840,1,13
8894,0,-1,0,0,0,840,1,19
8895,0,-1,0,0,0,276,1,5
8896,0,-1,0,0,0,840,1,10
8897,0,-1,0,0,0,156,1,4
8898,0,-1,0,0,0,276,1,0
8899,0,-1,0,0,0,250,1,6
8900,0,-1,0,0,0,276,1,0
8901,0,-1,0,0,0,156,1,9
8902,0,-1,0,0,0,156,1,5
8903,0,-1,0,0,0,156,1,12
8904,0,-1,0,0,0,156,1,3
8905,0,-1,0,0,0,826,1,4
8906,0,-1,0,0,0,826,1,15
8907,0,-1,0,0,0,156,1,2
8908,0,-1,0,0,1,156,1,19
8909,0,-1,0,0,0,826,1,9
8910,0,-1,0,0,0,250,1,14
8911,0,-1,0,0,0,840,1,6
8912,0,-1,0,0,0,156,1,6
8913,0,-1,0,0,0,250,1,3
8914,0,-1,0,0,0,840,1,18
8915,0,-1,0,0,1,250,1,7
8916,0,-1,0,0,0,276,1,0
8917,0,-1,0,0,1,276,1,5
8918,0,-1,0,1,0,250,1,0
8919,0,-1,0,0,0,250,1,2
8920,0,-1,0,0,0,826,1,4
8921,0,-1,0,0,0,276,1,9
8922,0,-1,0,0,0,156,1,4
8923,0,-1,0,0,0,840,1,11
8924,0,-1,0,0,0,276,1,1
8925,0,-1,0,0,0,156,1,1
8926,0,-1,0,0,0,840,1,6
8927,0,-1,0,0,0,276,1,12
8928,0,-1,0,0,1,826,1,9
8929,0,-1,0,0,0,826,1,18
8930,0,-1,0,0,0,826,1,0
8931,0,-1,0,0,0,840,1,14
8932,0,-1,0,0,0,840,1,1
8933,0,-1,0,0,0,276,1,18
8934,0,-1,0,0,0,250,1,13
8935,0,-1,0,0,0,840,1,7
8936,0,-1,0,0,0,276,1,18
8937,0,-1,0,0,0,840,1,12
8938,0,-1,0,0,0,156,1,2
8939,0,-1,0,0,0,840,1,1
8940,0,-1,0,0,0,826,1,17
8941,0,-1,0,0,0,276,1,4
8942,0,-1,0,1,0,840,1,8
8943,0,-1,0,0,0,276,1,13
8944,0,-1,0,0,0,276,1,19
8945,0,-1,0,0,0,250,1,14
8946,0,-1,0,0,0,840,1,15
8947,0,-1,0,0,0,276,1,2
8948,0,-1,0,0,0,276,1,15
8949,0,-1,0,0,0,250,1,12
8950,0,-1,0,0,1,250,1,0
8951,0,-1,0,0,0,826,1,9
8952,0,-1,0,0,0,156,1,10
8953,0,-1,0,0,0,826,1,6
8954,0,-1,0,1,0,826,1,19
8955,0,-1,0,0,0,156,1,19
8956,0,-1,0,0,0,840,1,10
8957,0,-1,0,0,0,840,1,3
8958,0,-1,0,0,0,156,1,1
8959,0,-1,0,0,0,276,1,13
8960,0,-1,0,0,0,276,1,5
8961,0,-1,0,0,1,840,1,4
8962,0,-1,0,0,0,840,1,16
8963,0,-1,0,0,0,276,1,1
8964,0,-1,0,0,0,276,1,15
8965,0,-1,0,0,0,276,1,0
8966,0,-1,0,0,0,276,1,3
8967,0,-1,0,0,0,840,1,15
8968,0,-1,0,1,1,250,1,15
8969,0,-1,0,0,0,840,1,8
8970,0,-1,0,0,0,840,1,6
8971,0,-1,0,1,0,156,1,18
8972,0,-1,0,0,0,156,1,19
8973,0,-1,0,1,0,840,1,0
8974,0,-1,0,0,0,276,1,2
8975,0,-1,0,0,0,156,1,9
8976,0,-1,0,0,0,276,1,11
8977,0,-1,0,0,0,250,1,10
8978,0,-1,0,0,0,826,1,15
8979,0,-1,0,0,0,156,1,4
8980,0,-1,0,0,0,250,1,3
8981,0,-1,0,1,0,156,1,0
8982,0,-1,0,0,0,250,1,8
8983,0,-1,0,0,0,250,1,8
8984,0,-1,0,0,0,276,1,15
8985,0,-1,0,0,0,840,1,14
8986,0,-1,0,1,0,276,1,10
8987,0,-1,0,0,0,276,1,15
8988,0,-1,0,0,0,276,1,3
8989,0,-1,0,0,0,840,1,8
8990,0,-1,0,0,0,840,1,10
8991,0,-1,0,0,0,276,1,2
8992,0,-1,0,0,1,156,1,9
8993,0,-1,0,0,0,276,1,5
8994,0,-1,0,0,0,156,1,3
8995,0,-1,0,0,0,276,1,8
8996,0,-1,0,0,0,840,1,10
8997,0,-1,0,0,1,826,1,5
8998,0,-1,0,0,0,156,1,16
8999,0,-1,0,0,0,276,1,14
9000,0,-1,0,0,0,250,1,6
9001,0,-1,0,0,0,840,1,16
9002,0,-1,0,0,0,826,1,16
9003,0,-1,0,0,0,826,1,5
9004,0,-1,0,0,0,250,1,17
9005,0,-1,0,0,0,826,1,6
9006,0,-1,0,0,0,826,1,14
9007,0,-1,0,0,0,156,1,17
9008,0,-1,0,0,1,840,1,11
9009,0,-1,0,0,0,156,1,18
9010,0,-1,0,0,0,276,1,12
9011,0,-1,0,0,0,276,1,8
9012,0,-1,0,0,0,156,1,1
9013,0,-1,0,0,0,840,1,3
9014,0,-1,0,0,0,156,1,0
9015,0,-1,0,0,0,840,1,16
9016,0,-1,0,0,0,250,1,3
9017,0,-1,0,0,0,250,1,16
9018,0,-1,0,0,0,840,1,1
9019,0,-1,0,0,0,156,1,13
9020,0,-1,0,0,0,250,1,10
9021,0,-1,0,0,0,250,1,10
9022,0,-1,0,0,0,840,1,13
9023,0,-1,0,0,1,156,1,8
9024,0,-1,0,0,0,276,1,18
9025,0,-1,0,0,0,826,1,5
9026,0,-1,0,0,0,840,1,18
9027,0,-1,0,0,0,276,1,11
9028,0,-1,0,0,0,276,1,19
9029,0,-1,0,0,0,826,1,6
9030,0,-1,0,0,0,276,1,5
9031,0,-1,0,1,0,276,1,9
9032,0,-1,0,0,0,840,1,16
9033,0,-1,0,0,0,276,1,16
9034,0,-1,0,0,0,250,1,3
9035,0,-1,0,0,0,840,1,17
9036,0,-1,0,1,0,826,1,19
9037,0,-1,0,0,0,250,1,8
9038,0,-1,0,0,0,156,1,0
9039,0,-1,0,0,0,840,1,10
9040,0,-1,0,0,0,156,1,7
9041,0,-1,0,0,0,156,1,10
9042,0,-1,0,0,0,276,1,4
9043,0,-1,0,0,0,276,1,18
9044,0,-1,0,0,0,156,1,0
9045,0,-1,0,0,0,826,1,10
9046,0,-1,0,0,0,156,1,18
9047,0,-1,0,0,0,826,1,11
9048,0,-1,0,0,0,840,1,3
9049,0,-1,0,0,0,156,1,0
9050,0,-1,0,0,0,156,1,15
9051,0,-1,0,0,0,276,1,17
9052,0,-1,0,0,0,276,1,7
9053,0,-1,0,1,0,826,1,1
9054,0,-1,0,0,0,276,1,7
9055,0,-1,0,0,0,276,1,18
9056,0,-1,0,0,0,250,1,4
9057,0,-1,0,0,0,156,1,19
9058,0,-1,0,0,0,276,1,16
9059,0,-1,0,0,0,156,1,13
9060,0,-1,0,0,1,840,1,0
9061,0,-1,0,0,0,250,1,15
9062,0,-1,0,0,0,276,1,3
9063,0,-1,0,1,0,276,1,18
9064,0,-1,0,0,0,276,1,12
9065,0,-1,0,0,0,276,1,12
9066,0,-1,0,0,0,826,1,6
9067,0,-1,0,0,0,276,1,4
9068,0,-1,0,0,0,156,1,16
9069,0,-1,0,0,0,250,1,14
9070,0,-1,0,0,0,840,1,7
9071,0,-1,0,0,0,840,1,18
9072,0,-1,0,0,0,840,1,2
9073,0,-1,0,1,0,250,1,16
9074,0,-1,0,0,0,826,1,18
9075,0,-1,0,0,0,250,1,3
9076,0,-1,0,0,0,840,1,5
9077,0,-1,0,0,0,840,1,0
9078,0,-1,0,0,0,156,1,18
9079,0,-1,0,0,0,276,1,17
9080,0,-1,0,0,0,156,1,5
9081,0,-1,0,0,0,840,1,18
9082,0,-1,0,0,0,826,1,17
9083,0,-1,0,0,0,156,1,14
9084,0,-1,0,0,0,840,1,14
9085,0,-1,0,0,0,840,1,13
9086,0,-1,0,0,0,156,1,8
9087,0,-1,0,0,0,826,1,11
9088,0,-1,0,0,0,250,1,1
9089,0,-1,0,0,0,156,1,2
9090,0,-1,0,0,0,826,1,5
9091,0,-1,0,0,0,840,1,5
9092,0,-1,0,0,0,826,1,9
9093,0,-1,0,1,0,826,1,12
9094,0,-1,0,0,0,840,1,17
9095,0,-1,0,0,0,840,1,6
9096,0,-1,0,0,0,156,1,5
9097,0,-1,0,0,0,840,1,2
9098,0,-1,0,1,0,250,1,3
9099,0,-1,0,0,1,250,1,17
9100,0,-1,0,0,0,156,1,2
9101,0,-1,0,0,0,276,1,13
9102,0,-1,0,0,0,840,1,10
9103,0,-1,0,0,0,840,1,18
9104,0,-1,0,0,0,250,1,19
9105,0,-1,0,0,0,826,1,14
9106,0,-1,0,0,0,156,1,11
9107,0,-1,0,0,0,156,1,7
9108,0,-1,0,0,0,276,1,0
9109,0,-1,0,0,0,840,1,13
9110,0,-1,0,0,1,250,1,14
9111,0,-1,0,0,0,156,1,3
9112,0,-1,0,0,0,156,1,18
9113,0,-1,0,0,0,250,1,2
9114,0,-1,0,0,0,250,1,0
9115,0,-1,0,0,0,840,1,12
9116,0,-1,0,0,0,156,1,5
9117,0,-1,0,0,0,276,1,4
9118,0,-1,0,0,0,840,1,6
9119,0,-1,0,0,0,276,1,2
9120,0,-1,0,0,0,826,1,11
9121,0,-1,0,1,0,276,1,15
9122,0,-1,0,0,0,826,1,8
9123,0,-1,0,0,0,840,1,0
9124,0,-1,0,1,0,250,1,19
9125,0,-1,0,0,0,840,1,12
9126,0,-1,0,0,0,156,1,7
9127,0,-1,0,0,0,276,1,9
9128,0,-1,0,0,0,826,1,4
9129,0,-1,0,0,0,250,1,6
9130,0,-1,0,1,0,826,1,14
9131,0,-1,0,1,0,276,1,7
9132,0,-1,0,0,0,156,1,13
9133,0,-1,0,1,0,276,1,8
9134,0,-1,0,0,0,156,1,19
9135,0,-1,0,0,0,156,1,2
9136,0,-1,0,0,0,276,1,12
9137,0,-1,0,0,0,826,1,8
9138,0,-1,0,0,1,826,1,0
9139,0,-1,0,0,0,156,1,5
9140,0,-1,0,0,0,156,1,17
9141,0,-1,0,0,0,156,1,14
9142,0,-1,0,0,0,156,1,6
9143,0,-1,0,0,0,276,1,9
9144,0,-1,0,0,0,156,1,1
9145,0,-1,0,0,0,250,1,14
9146,0,-1,0,0,0,826,1,1
9147,0,-1,0,0,0,826,1,17
9148,0,-1,0,0,0,826,1,4
9149,0,-1,0,0,1,276,1,9
9150,0,-1,0,0,0,826,1,2
9151,0,-1,0,1,0,250,1,17
9152,0,-1,0,0,0,156,1,19
9153,0,-1,0,0,1,276,1,9
9154,0,-1,0,0,0,156,1,18
9155,0,-1,0,0,0,156,1,3
9156,0,-1,0,1,0,826,1,18
9157,0,-1,0,0,0,250,1,5
9158,0,-1,0,0,0,826,1,12
9159,0,-1,0,0,0,840,1,12
9160,0,-1,0,0,0,826,1,5
9161,0,-1,0,0,0,250,1,9
9162,0,-1,0,0,0,840,1,6
9163,0,-1,0,0,0,826,1,14
9164,0,-1,0,0,0,276,1,16
9165,0,-1,0,0,0,840,1,19
9166,0,-1,0,0,0,156,1,13
9167,0,-1,0,0,0,826,1,16
9168,0,-1,0,1,0,826,1,16
9169,0,-1,0,0,0,840,1,18
9170,0,-1,0,0,0,840,1,9
9171,0,-1,0,1,0,826,1,18
9172,0,-1,0,0,0,840,1,7
9173,0,-1,0,0,0,840,1,14
9174,0,-1,0,1,0,840,1,17
9175,0,-1,0,0,0,156,1,8
9176,0,-1,0,0,0,276,1,10
9177,0,-1,0,0,1,276,1,18
9178,0,-1,0,0,0,840,1,19
9179,0,-1,0,0,0,826,1,1
9180,0,-1,0,0,0,826,1,15
9181,0,-1,0,0,0,826,1,18
9182,0,-1,0,0,0,840,1,18
9183,0,-1,0,0,0,250,1,6
9184,0,-1,0,0,0,250,1,17
9185,0,-1,0,0,0,250,1,15
9186,0,-1,0,0,0,276,1,3
9187,0,-1,0,0,0,826,1,16
9188,0,-1,0,0,0,156,1,9
9189,0,-1,0,0,0,276,1,9
9190,0,-1,0,0,0,840,1,15
9191,0,-1,0,0,0,826,1,13
9192,0,-1,0,0,0,826,1,1
9193,0,-1,0,0,0,826,1,11
9194,0,-1,0,0,0,250,1,6
9195,0,-1,0,0,0,250,1,11
9196,0,-1,0,0,0,826,1,5
9197,0,-1,0,0,0,250,1,10
9198,0,-1,0,0,0,250,1,8
9199,0,-1,0,1,0,156,1,13
9200,0,-1,0,0,0,156,1,2
9201,0,-1,0,0,0,156,1,17
9202,0,-1,0,0,0,276,1,2
9203,0,-1,0,0,0,276,1,8
9204,0,-1,0,0,0,276,1,16
9205,0,-1,0,0,0,826,1,0
9206,0,-1,0,0,0,276,1,7
9207,0,-1,0,0,0,250,1,18
9208,0,-1,0,0,0,276,1,6
9209,0,-1,0,0,0,276,1,0
9210,0,-1,0,0,0,276,1,15
9211,0,-1,0,1,0,156,1,11
9212,0,-1,0,0,0,156,1,1
9213,0,-1,0,0,0,826,1,3
9214,0,-1,0,0,0,826,1,9
9215,0,-1,0,0,0,826,1,12
9216,0,-1,0,0,0,840,1,19
9217,0,-1,0,0,0,840,1,3
9218,0,-1,0,0,0,156,1,5
9219,0,-1,0,0,0,156,1,4
9220,0,-1,0,0,0,276,1,4
9221,0,-1,0,0,0,826,1,14
9222,0,-1,0,0,0,250,1,7
9223,0,-1,0,0,0,250,1,5
9224,0,-1,0,1,0,156,1,11
9225,0,-1,0,0,0,826,1,4
9226,0,-1,0,0,0,840,1,15
9227,0,-1,0,0,0,156,1,13
9228,0,-1,0,0,0,826,1,16
9229,0,-1,0,0,0,826,1,17
9230,0,-1,0,0,0,250,1,18
9231,0,-1,0,0,0,840,1,10
9232,0,-1,0,0,0,826,1,0
9233,0,-1,0,0,0,826,1,7
9234,0,-1,0,0,1,276,1,10
9235,0,-1,0,1,0,250,1,5
9236,0,-1,0,0,0,250,1,15
9237,0,-1,0,0,0,840,1,3
9238,0,-1,0,0,0,276,1,10
9239,0,-1,0,0,0,826,1,1
9240,0,-1,0,0,0,250,1,7
9241,0,-1,0,0,0,250,1,5
9242,0,-1,0,0,0,250,1,13
9243,0,-1,0,0,0,250,1,3
9244,0,-1,0,0,0,250,1,18
9245,0,-1,0,0,0,250,1,13
9246,0,-1,0,0,0,840,1,8
9247,0,-1,0,0,0,250,1,18
9248,0,-1,0,0,1,156,1,6
9249,0,-1,0,0,0,840,1,7
9250,0,-1,0,0,0,156,1,8
9251,0,-1,0,0,0,826,1,19
9252,0,-1,0,0,0,276,1,19
9253,0,-1,0,1,0,276,1,0
9254,0,-1,0,0,0,840,1,0
9255,0,-1,0,0,0,840,1,15
9256,0,-1,0,0,0,840,1,1
9257,0,-1,0,0,0,840,1,1
9258,0,-1,0,0,0,250,1,19
9259,0,-1,0,0,0,840,1,13
9260,0,-1,0,0,0,156,1,10
9261,0,-1,0,0,0,250,1,14
9262,0,-1,0,0,0,156,1,8
9263,0,-1,0,0,0,156,1,6
9264,0,-1,0,1,0,826,1,10
9265,0,-1,0,0,0,840,1,7
9266,0,-1,0,0,0,826,1,2
9267,0,-1,0,0,0,156,1,13
9268,0,-1,0,0,0,250,1,15
9269,0,-1,0,0,0,250,1,11
9270,0,-1,0,0,0,276,1,3
9271,0,-1,0,0,0,156,1,15
9272,0,-1,0,0,0,250,1,18
9273,0,-1,0,0,0,840,1,6
9274,0,-1,0,0,0,826,1,10
9275,0,-1,0,0,0,826,1,5
9276,0,-1,0,1,0,826,1,6
9277,0,-1,0,0,0,826,1,17
9278,0,-1,0,1,0,156,1,0
9279,0,-1,0,0,0,276,1,8
9280,0,-1,0,0,0,156,1,3
9281,0,-1,0,0,0,826,1,10
9282,0,-1,0,0,0,250,1,5
9283,0,-1,0,0,0,826,1,9
9284,0,-1,0,0,0,276,1,19
9285,0,-1,0,0,0,276,1,18
9286,0,-1,0,0,0,826,1,6
9287,0,-1,0,0,0,250,1,3
9288,0,-1,0,0,0,840,1,8
9289,0,-1,0,0,0,840,1,19
9290,0,-1,0,0,0,156,1,7
9291,0,-1,0,0,0,826,1,11
9292,0,-1,0,1,0,826,1,12
9293,0,-1,0,0,0,826,1,7
9294,0,-1,0,0,0,276,1,13
9295,0,-1,0,0,0,826,1,17
9296,0,-1,0,0,0,840,1,17
9297,0,-1,0,0,0,250,1,12
9298,0,-1,0,0,0,156,1,14
9299,0,-1,0,0,0,156,1,2
9300,0,-1,0,0,0,276,1,4
9301,0,-1,0,0,1,156,1,8
9302,0,-1,0,0,0,250,1,18
9303,0,-1,0,0,0,156,1,19
9304,0,-1,0,0,0,276,1,18
9305,0,-1,0,1,0,826,1,14
9306,0,-1,0,0,0,276,1,3
9307,0,-1,0,0,0,156,1,19
9308,0,-1,0,0,1,826,1,14
9309,0,-1,0,0,0,276,1,3
9310,0,-1,0,0,0,156,1,9
9311,0,-1,0,0,0,156,1,9
9312,0,-1,0,0,1,276,1,14
9313,0,-1,0,0,0,156,1,0
9314,0,-1,0,0,0,250,1,11
9315,0,-1,0,0,0,840,1,0
9316,0,-1,0,0,0,276,1,11
9317,0,-1,0,0,0,250,1,2
9318,0,-1,0,0,0,156,1,3
9319,0,-1,0,0,0,250,1,13
9320,0,-1,0,0,0,250,1,9
9321,0,-1,0,0,0,826,1,16
9322,0,-1,0,0,0,250,1,8
9323,0,-1,0,0,0,840,1,3
9324,0,-1,0,1,1,276,1,4
9325,0,-1,0,0,0,156,1,1
9326,0,-1,0,0,1,156,1,17
9327,0,-1,0,0,0,276,1,18
9328,0,-1,0,0,0,826,1,9
9329,0,-1,0,0,0,826,1,9
9330,0,-1,0,0,0,250,1,13
9331,0,-1,0,0,0,840,1,8
9332,0,-1,0,0,0,826,1,11
9333,0,-1,0,0,0,826,1,4
9334,0,-1,0,0,0,276,1,14
9335,0,-1,0,0,0,840,1,9
9336,0,-1,0,1,0,840,1,18
9337,0,-1,0,0,0,156,1,18
9338,0,-1,0,0,0,840,1,12
9339,0,-1,0,0,0,250,1,2
9340,0,-1,0,0,0,156,1,10
9341,0,-1,0,0,0,840,1,0
9342,0,-1,0,0,1,840,1,13
9343,0,-1,0,1,0,250,1,10
9344,0,-1,0,0,0,156,1,9
9345,0,-1,0,0,0,156,1,6
9346,0,-1,0,0,0,840,1,16
9347,0,-1,0,0,0,276,1,3
9348,0,-1,0,0,0,840,1,5
9349,0,-1,0,0,0,826,1,10
9350,0,-1,0,0,0,276,1,2
9351,0,-1,0,0,0,826,1,13
9352,0,-1,0,0,0,156,1,7
9353,0,-1,0,0,0,840,1,7
9354,0,-1,0,0,0,156,1,0
9355,0,-1,0,1,0,276,1,11
9356,0,-1,0,0,0,840,1,3
9357,0,-1,0,0,0,250,1,18
9358,0,-1,0,0,0,250,1,7
9359,0,-1,0,0,0,156,1,2
9360,0,-1,0,1,0,250,1,12
9361,0,-1,0,1,1,826,1,16
9362,0,-1,0,0,0,156,1,17
9363,0,-1,0,0,0,826,1,2
9364,0,-1,0,0,1,156,1,3
9365,0,-1,0,0,0,156,1,12
9366,0,-1,0,1,0,840,1,16
9367,0,-1,0,0,0,156,1,14
9368,0,-1,0,0,0,276,1,14
9369,0,-1,0,1,0,156,1,17
9370,0,-1,0,1,0,156,1,14
9371,0,-1,0,0,0,276,1,8
9372,0,-1,0,0,0,826,1,4
9373,0,-1,0,0,0,840,1,6
9374,0,-1,0,0,0,250,1,17
9375,0,-1,0,0,0,840,1,18
9376,0,-1,0,1,0,826,1,16
9377,0,-1,0,0,0,840,1,3
9378,0,-1,0,0,0,156,1,10
9379,0,-1,0,0,0,840,1,7
9380,0,-1,0,1,0,156,1,4
9381,0,-1,0,0,0,250,1,16
9382,0,-1,0,0,0,840,1,1
9383,0,-1,0,0,0,826,1,6
9384,0,-1,0,0,0,276,1,9
9385,0,-1,0,0,0,276,1,16
9386,0,-1,0,0,0,826,1,18
9387,0,-1,0,0,0,250,1,3
9388,0,-1,0,0,0,826,1,8
9389,0,-1,0,0,0,276,1,0
9390,0,-1,0,0,0,840,1,11
9391,0,-1,0,0,0,826,1,3
9392,0,-1,0,1,0,840,1,19
9393,0,-1,0,0,0,826,1,18
9394,0,-1,0,0,0,276,1,8
9395,0,-1,0,0,0,250,1,3
9396,0,-1,0,0,0,276,1,7
9397,0,-1,0,0,0,156,1,5
9398,0,-1,0,1,0,276,1,6
9399,0,-1,0,0,0,826,1,2
9400,0,-1,0,0,0,826,1,18
9401,0,-1,0,0,0,250,1,8
9402,0,-1,0,0,0,250,1,18
9403,0,-1,0,0,0,250,1,2
9404,0,-1,0,0,0,156,1,15
9405,0,-1,0,0,0,250,1,1
9406,0,-1,0,0,0,840,1,7
9407,0,-1,0,0,0,276,1,13
9408,0,-1,0,0,0,840,1,14
9409,0,-1,0,0,0,826,1,4
9410,0,-1,0,0,0,250,1,9
9411,0,-1,0,1,0,826,1,10
9412,0,-1,0,0,0,840,1,16
9413,0,-1,0,0,0,826,1,6
9414,0,-1,0,0,0,156,1,16
9415,0,-1,0,1,0,156,1,19
9416,0,-1,0,0,0,826,1,16
9417,0,-1,0,0,0,276,1,4
9418,0,-1,0,1,0,156,1,16
9419,0,-1,0,0,0,826,1,3
9420,0,-1,0,0,0,156,1,18
9421,0,-1,0,0,0,840,1,14
9422,0,-1,0,1,0,826,1,9
9423,0,-1,0,0,0,250,1,16
9424,0,-1,0,0,0,276,1,10
9425,0,-1,0,0,0,156,1,6
9426,0,-1,0,0,0,276,1,14
9427,0,-1,0,0,0,826,1,6
9428,0,-1,0,1,0,840,1,10
9429,0,-1,0,0,0,840,1,4
9430,0,-1,0,0,0,250,1,9
9431,0,-1,0,0,0,840,1,5
9432,0,-1,0,0,0,840,1,5
9433,0,-1,0,0,0,826,1,10
9434,0,-1,0,0,0,826,1,5
9435,0,-1,0,0,0,826,1,5
9436,0,-1,0,0,0,840,1,14
9437,0,-1,0,0,0,840,1,10
9438,0,-1,0,0,0,840,1,0
9439,0,-1,0,0,1,826,1,7
9440,0,-1,0,0,0,840,1,13
9441,0,-1,0,0,0,156,1,5
9442,0,-1,0,0,0,250,1,2
9443,0,-1,0,0,0,826,1,7
9444,0,-1,0,0,0,826,1,15
9445,0,-1,0,0,0,156,1,7
9446,0,-1,0,0,0,826,1,17
9447,0,-1,0,0,0,840,1,14
9448,0,-1,0,0,0,250,1,3
9449,0,-1,0,0,0,826,1,3
9450,0,-1,0,0,0,840,1,4
9451,0,-1,0,0,0,840,1,10
9452,0,-1,0,0,0,840,1,12
9453,0,-1,0,0,0,826,1,14
9454,0,-1,0,0,0,156,1,5
9455,0,-1,0,0,0,156,1,0
9456,0,-1,0,0,0,826,1,16
9457,0,-1,0,0,0,250,1,13
9458,0,-1,0,0,1,826,1,4
9459,0,-1,0,1,0,276,1,15
9460,0,-1,0,0,0,826,1,19
9461,0,-1,0,0,1,156,1,14
9462,0,-1,0,0,0,826,1,18
9463,0,-1,0,0,0,276,1,7
9464,0,-1,0,0,0,276,1,19
9465,0,-1,0,1,0,840,1,11
9466,0,-1,0,0,0,156,1,19
9467,0,-1,0,1,0,250,1,19
9468,0,-1,0,0,0,840,1,7
9469,0,-1,0,0,0,840,1,16
9470,0,-1,0,0,0,276,1,10
9471,0,-1,0,0,0,840,1,4
9472,0,-1,0,0,0,826,1,7
9473,0,-1,0,0,0,156,1,8
9474,0,-1,0,0,0,250,1,3
9475,0,-1,0,0,0,156,1,2
9476,0,-1,0,0,0,840,1,8
9477,0,-1,0,0,0,276,1,3
9478,0,-1,0,0,0,840,1,5
9479,0,-1,0,0,0,840,1,3
9480,0,-1,0,0,0,250,1,4
9481,0,-1,0,0,0,826,1,6
9482,0,-1,0,0,0,276,1,5
9483,0,-1,0,1,0,156,1,9
9484,0,-1,0,0,0,276,1,8
9485,0,-1,0,0,0,840,1,15
9486,0,-1,0,0,1,826,1,2
9487,0,-1,0,0,0,276,1,7
9488,0,-1,0,0,0,840,1,11
9489,0,-1,0,1,1,826,1,5
9490,0,-1,0,0,0,840,1,11
9491,0,-1,0,0,0,250,1,8
9492,0,-1,0,0,0,156,1,19
9493,0,-1,0,0,0,276,1,1
9494,0,-1,0,0,0,840,1,11
9495,0,-1,0,0,0,840,1,14
9496,0,-1,0,0,0,156,1,0
9497,0,-1,0,0,0,250,1,0
9498,0,-1,0,0,0,840,1,5
9499,0,-1,0,1,0,156,1,10
9500,0,-1,0,1,0,250,1,0
9501,0,-1,0,0,0,156,1,2
9502,0,-1,0,0,0,276,1,4
9503,0,-1,0,0,0,156,1,5
9504,0,-1,0,0,0,826,1,3
9505,0,-1,0,0,0,156,1,11
9506,0,-1,0,0,0,250,1,10
9507,0,-1,0,0,0,840,1,9
9508,0,-1,0,0,0,250,1,1
9509,0,-1,0,0,0,840,1,8
9510,0,-1,0,0,0,276,1,5
9511,0,-1,0,0,0,276,1,4
9512,0,-1,0,0,0,250,1,14
9513,0,-1,0,0,0,250,1,6
9514,0,-1,0,0,0,250,1,14
9515,0,-1,0,0,0,250,1,7
9516,0,-1,0,0,0,276,1,9
9517,0,-1,0,0,0,840,1,13
9518,0,-1,0,0,0,826,1,13
9519,0,-1,0,0,0,156,1,0
9520,0,-1,0,0,0,276,1,15
9521,0,-1,0,1,0,826,1,2
9522,0,-1,0,0,0,826,1,1
9523,0,-1,0,0,0,156,1,13
9524,0,-1,0,0,1,826,1,7
9525,0,-1,0,0,0,156,1,7
9526,0,-1,0,0,0,840,1,7
9527,0,-1,0,0,0,840,1,18
9528,0,-1,0,0,0,276,1,16
9529,0,-1,0,0,0,276,1,11
9530,0,-1,0,0,0,156,1,6
9531,0,-1,0,1,0,826,1,4
9532,0,-1,0,0,0,250,1,12
9533,0,-1,0,1,0,156,1,17
9534,0,-1,0,0,0,840,1,3
9535,0,-1,0,0,0,276,1,1
9536,0,-1,0,0,0,250,1,6
9537,0,-1,0,1,0,276,1,5
9538,0,-1,0,0,0,840,1,9
9539,0,-1,0,0,0,250,1,11
9540,0,-1,0,0,0,826,1,3
9541,0,-1,0,1,0,156,1,6
9542,0,-1,0,0,0,826,1,11
9543,0,-1,0,0,0,276,1,4
9544,0,-1,0,0,0,826,1,6
9545,0,-1,0,0,0,250,1,6
9546,0,-1,0,0,0,156,1,6
9547,0,-1,0,0,0,276,1,0
9548,0,-1,0,0,0,840,1,19
9549,0,-1,0,0,0,156,1,4
9550,0,-1,0,1,0,276,1,1
9551,0,-1,0,0,0,276,1,12
9552,0,-1,0,0,0,250,1,2
9553,0,-1,0,0,0,840,1,5
9554,0,-1,0,0,0,826,1,13
9555,0,-1,0,0,0,156,1,18
9556,0,-1,0,0,0,156,1,8
9557,0,-1,0,0,0,156,1,10
9558,0,-1,0,0,0,826,1,10
9559,0,-1,0,0,0,840,1,6
9560,0,-1,0,0,0,840,1,10
9561,0,-1,0,0,0,250,1,16
9562,0,-1,0,0,0,840,1,12
9563,0,-1,0,0,0,840,1,13
9564,0,-1,0,0,0,840,1,3
9565,0,-1,0,0,0,250,1,5
9566,0,-1,0,0,0,826,1,18
9567,0,-1,0,0,0,826,1,0
9568,0,-1,0,0,1,840,1,5
9569,0,-1,0,0,0,840,1,13
9570,0,-1,0,0,0,840,1,17
9571,0,-1,0,0,0,276,1,14
9572,0,-1,0,0,0,826,1,6
9573,0,-1,0,0,0,276,1,6
9574,0,-1,0,0,0,250,1,19
9575,0,-1,0,0,0,276,1,5
9576,0,-1,0,0,0,826,1,7
9577,0,-1,0,0,0,250,1,2
9578,0,-1,0,0,0,826,1,17
9579,0,-1,0,0,0,156,1,14
9580,0,-1,0,0,0,250,1,16
9581,0,-1,0,0,0,826,1,18
9582,0,-1,0,0,0,826,1,1
9583,0,-1,0,0,0,276,1,3
9584,0,-1,0,0,0,826,1,3
9585,0,-1,0,0,0,826,1,3
9586,0,-1,0,0,0,840,1,12
9587,0,-1,0,0,0,276,1,9
9588,0,-1,0,0,0,276,1,9
9589,0,-1,0,0,0,276,1,0
9590,0,-1,0,0,0,156,1,18
9591,0,-1,0,0,0,156,1,8
9592,0,-1,0,0,0,276,1,1
9593,0,-1,0,0,0,156,1,12
9594,0,-1,0,0,0,840,1,10
9595,0,-1,0,1,0,276,1,3
9596,0,-1,0,0,0,826,1,17
9597,0,-1,0,0,0,156,1,16
9598,0,-1,0,0,0,826,1,14
9599,0,-1,0,0,0,840,1,16
9600,0,-1,0,0,0,156,1,0
9601,0,-1,0,0,0,156,1,2
9602,0,-1,0,0,0,250,1,18
9603,0,-1,0,0,0,276,1,17
9604,0,-1,0,0,0,250,1,11
9605,0,-1,0,0,0,826,1,5
9606,0,-1,0,0,0,840,1,16
9607,0,-1,0,0,0,250,1,18
9608,0,-1,0,0,0,826,1,10
9609,0,-1,0,0,0,250,1,2
9610,0,-1,0,0,0,826,1,1
9611,0,-1,0,0,0,826,1,10
9612,0,-1,0,0,0,250,1,15
9613,0,-1,0,0,0,276,1,19
9614,0,-1,0,0,0,156,1,3
9615,0,-1,0,0,0,156,1,0
9616,0,-1,0,0,0,840,1,9
9617,0,-1,0,0,0,826,1,10
9618,0,-1,0,0,0,840,1,13
9619,0,-1,0,0,0,840,1,17
9620,0,-1,0,1,0,250,1,14
9621,0,-1,0,0,0,276,1,8
9622,0,-1,0,0,0,250,1,11
9623,0,-1,0,0,0,250,1,1
9624,0,-1,0,0,0,156,1,5
9625,0,-1,0,0,0,250,1,3
9626,0,-1,0,0,1,840,1,13
9627,0,-1,0,0,0,156,1,3
9628,0,-1,0,0,0,250,1,4
9629,0,-1,0,0,0,276,1,15
9630,0,-1,0,0,0,250,1,19
9631,0,-1,0,0,0,276,1,8
9632,0,-1,0,0,0,276,1,1
9633,0,-1,0,0,0,250,1,14
9634,0,-1,0,0,0,250,1,5
9635,0,-1,0,0,0,250,1,17
9636,0,-1,0,0,1,840,1,15
9637,0,-1,0,0,0,156,1,10
9638,0,-1,0,0,0,250,1,6
9639,0,-1,0,0,0,276,1,6
9640,0,-1,0,0,0,250,1,16
9641,0,-1,0,1,0,250,1,4
9642,0,-1,0,0,0,276,1,9
9643,0,-1,0,0,0,840,1,10
9644,0,-1,0,1,0,276,1,3
9645,0,-1,0,0,0,156,1,8
9646,0,-1,0,0,0,826,1,11
9647,0,-1,0,0,0,276,1,3
9648,0,-1,0,0,0,840,1,10
9649,0,-1,0,0,0,840,1,18
9650,0,-1,0,0,0,250,1,10
9651,0,-1,0,1,0,276,1,6
9652,0,-1,0,0,0,250,1,14
9653,0,-1,0,0,0,276,1,1
9654,0,-1,0,0,0,276,1,4
9655,0,-1,0,0,0,276,1,9
9656,0,-1,0,0,1,250,1,12
9657,0,-1,0,0,0,826,1,6
9658,0,-1,0,0,0,276,1,8
9659,0,-1,0,0,0,840,1,9
9660,0,-1,0,0,0,840,1,11
9661,0,-1,0,0,0,156,1,0
9662,0,-1,0,1,0,826,1,0
9663,0,-1,0,0,0,276,1,7
9664,0,-1,0,0,0,156,1,7
9665,0,-1,0,1,0,250,1,17
9666,0,-1,0,0,0,276,1,5
9667,0,-1,0,0,0,840,1,2
9668,0,-1,0,1,0,156,1,17
9669,0,-1,0,0,0,250,1,6
9670,0,-1,0,0,0,840,1,18
9671,0,-1,0,0,0,156,1,13
9672,0,-1,0,0,0,840,1,7
9673,0,-1,0,0,0,276,1,8
9674,0,-1,0,1,0,156,1,5
9675,0,-1,0,0,0,826,1,1
9676,0,-1,0,0,0,826,1,9
9677,0,-1,0,0,0,250,1,1
9678,0,-1,0,0,0,840,1,2
9679,0,-1,0,0,0,840,1,2
9680,0,-1,0,0,0,250,1,11
9681,0,-1,0,0,0,250,1,13
9682,0,-1,0,0,0,276,1,12
9683,0,-1,0,0,0,250,1,7
9684,0,-1,0,0,0,826,1,10
9685,0,-1,0,0,0,250,1,0
9686,0,-1,0,0,0,250,1,18
9687,0,-1,0,1,0,156,1,6
9688,0,-1,0,0,0,826,1,2
9689,0,-1,0,0,0,826,1,14
9690,0,-1,0,0,0,276,1,11
9691,0,-1,0,0,0,826,1,3
9692,0,-1,0,0,0,250,1,2
9693,0,-1,0,0,0,250,1,18
9694,0,-1,0,0,0,276,1,15
9695,0,-1,0,0,0,826,1,2
9696,0,-1,0,0,0,840,1,3
9697,0,-1,0,0,0,156,1,3
9698,0,-1,0,0,0,250,1,16
9699,0,-1,0,0,0,826,1,8
9700,0,-1,0,0,0,826,1,17
9701,0,-1,0,0,0,826,1,17
9702,0,-1,0,1,0,276,1,17
9703,0,-1,0,1,0,840,1,17
9704,0,-1,0,0,0,840,1,15
9705,0,-1,0,0,0,826,1,16
9706,0,-1,0,0,0,276,1,13
9707,0,-1,0,0,0,276,1,13
9708,0,-1,0,0,0,276,1,18
9709,0,-1,0,0,0,840,1,9
9710,0,-1,0,0,0,250,1,18
9711,0,-1,0,0,0,156,1,3
9712,0,-1,0,0,0,156,1,4
9713,0,-1,0,0,0,840,1,0
9714,0,-1,0,0,0,826,1,18
9715,0,-1,0,0,0,250,1,5
9716,0,-1,0,0,0,276,1,13
9717,0,-1,0,1,0,276,1,6
9718,0,-1,0,0,0,276,1,11
9719,0,-1,0,0,0,250,1,15
9720,0,-1,0,0,0,840,1,15
9721,0,-1,0,0,0,826,1,15
9722,0,-1,0,1,0,276,1,9
9723,0,-1,0,0,0,826,1,5
9724,0,-1,0,0,0,826,1,19
9725,0,-1,0,0,0,276,1,15
9726,0,-1,0,0,0,276,1,1
9727,0,-1,0,0,0,276,1,19
9728,0,-1,0,1,0,250,1,7
9729,0,-1,0,0,0,250,1,1
9730,0,-1,0,0,0,840,1,6
9731,0,-1,0,0,0,840,1,5
9732,0,-1,0,0,1,276,1,8
9733,0,-1,0,0,0,250,1,8
9734,0,-1,0,0,0,276,1,13
9735,0,-1,0,0,0,156,1,5
9736,0,-1,0,0,0,276,1,0
9737,0,-1,0,0,0,156,1,0
9738,0,-1,0,0,0,250,1,19
9739,0,-1,0,0,0,250,1,9
9740,0,-1,0,0,0,840,1,14
9741,0,-1,0,0,0,250,1,10
9742,0,-1,0,0,0,156,1,7
9743,0,-1,0,0,0,156,1,19
9744,0,-1,0,0,0,276,1,11
9745,0,-1,0,0,0,156,1,17
9746,0,-1,0,0,0,826,1,0
9747,0,-1,0,0,0,156,1,10
9748,0,-1,0,0,0,250,1,2
9749,0,-1,0,0,0,826,1,13
9750,0,-1,0,0,0,250,1,11
9751,0,-1,0,0,0,156,1,8
9752,0,-1,0,0,1,250,1,17
9753,0,-1,0,0,0,840,1,11
9754,0,-1,0,0,0,276,1,11
9755,0,-1,0,1,0,250,1,6
9756,0,-1,0,0,0,250,1,9
9757,0,-1,0,0,0,156,1,17
9758,0,-1,0,0,0,156,1,9
9759,0,-1,0,0,0,156,1,18
9760,0,-1,0,0,0,156,1,6
9761,0,-1,0,0,0,250,1,14
9762,0,-1,0,0,0,250,1,9
9763,0,-1,0,0,0,276,1,11
9764,0,-1,0,0,0,156,1,0
9765,0,-1,0,0,0,250,1,18
9766,0,-1,0,0,0,276,1,18
9767,0,-1,0,0,0,276,1,16
9768,0,-1,0,0,0,826,1,3
9769,0,-1,0,0,0,276,1,12
9770,0,-1,0,0,0,276,1,2
9771,0,-1,0,0,0,276,1,0
9772,0,-1,0,0,0,276,1,9
9773,0,-1,0,0,0,250,1,5
9774,0,-1,0,0,0,276,1,11
9775,0,-1,0,0,0,250,1,11
9776,0,-1,0,1,0,276,1,2
9777,0,-1,0,0,0,156,1,13
9778,0,-1,0,0,0,276,1,3
9779,0,-1,0,0,0,276,1,10
9780,0,-1,0,0,0,840,1,18
9781,0,-1,0,0,0,276,1,12
9782,0,-1,0,0,0,826,1,3
9783,0,-1,0,0,0,276,1,11
9784,0,-1,0,0,0,826,1,14
9785,0,-1,0,0,0,840,1,6
9786,0,-1,0,0,1,276,1,13
9787,0,-1,0,0,0,156,1,16
9788,0,-1,0,0,0,826,1,1
9789,0,-1,0,0,0,840,1,9
9790,0,-1,0,0,0,840,1,16
9791,0,-1,0,0,0,840,1,6
9792,0,-1,0,0,0,156,1,8
9793,0,-1,0,0,0,826,1,2
9794,0,-1,0,0,0,250,1,18
9795,0,-1,0,0,0,840,1,16
9796,0,-1,0,0,1,250,1,19
9797,0,-1,0,0,0,250,1,0
9798,0,-1,0,0,0,250,1,7
9799,0,-1,0,0,0,250,1,7
9800,0,-1,0,0,0,840,1,1
9801,0,-1,0,0,0,840,1,17
9802,0,-1,0,0,0,826,1,5
9803,0,-1,0,0,0,826,1,0
9804,0,-1,0,0,0,840,1,12
9805,0,-1,0,0,0,276,1,3
9806,0,-1,0,0,0,826,1,14
9807,0,-1,0,0,0,826,1,19
9808,0,-1,0,0,0,840,1,8
9809,0,-1,0,0,0,840,1,0
9810,0,-1,0,1,0,826,1,11
9811,0,-1,0,1,1,250,1,5
9812,0,-1,0,0,0,250,1,18
9813,0,-1,0,0,0,826,1,17
9814,0,-1,0,0,0,156,1,11
9815,0,-1,0,0,0,276,1,1
9816,0,-1,0,0,0,156,1,3
9817,0,-1,0,0,0,276,1,15
9818,0,-1,0,0,0,250,1,9
9819,0,-1,0,0,0,840,1,6
9820,0,-1,0,1,0,826,1,3
9821,0,-1,0,0,0,156,1,6
9822,0,-1,0,0,0,826,1,9
9823,0,-1,0,0,1,826,1,16
9824,0,-1,0,0,0,276,1,15
9825,0,-1,0,0,0,840,1,5
9826,0,-1,0,1,0,250,1,12
9827,0,-1,0,0,0,840,1,14
9828,0,-1,0,0,0,156,1,10
9829,0,-1,0,0,0,840,1,13
9830,0,-1,0,1,0,840,1,14
9831,0,-1,0,0,0,826,1,8
9832,0,-1,0,1,0,156,1,16
9833,0,-1,0,1,0,276,1,4
9834,0,-1,0,0,0,826,1,12
9835,0,-1,0,1,1,276,1,11
9836,0,-1,0,0,0,276,1,15
9837,0,-1,0,0,0,250,1,11
9838,0,-1,0,0,0,156,1,9
9839,0,-1,0,0,0,156,1,7
9840,0,-1,0,0,0,250,1,14
9841,0,-1,0,0,0,276,1,18
9842,0,-1,0,0,0,840,1,8
9843,0,-1,0,1,0,826,1,12
9844,0,-1,0,0,0,250,1,3
9845,0,-1,0,1,0,840,1,10
9846,0,-1,0,0,0,826,1,18
9847,0,-1,0,0,0,156,1,18
9848,0,-1,0,0,0,840,1,1
9849,0,-1,0,0,0,840,1,6
9850,0,-1,0,0,0,826,1,19
9851,0,-1,0,0,0,826,1,4
9852,0,-1,0,0,1,276,1,7
9853,0,-1,0,0,0,156,1,4
9854,0,-1,0,0,0,156,1,1
9855,0,-1,0,0,0,250,1,1
9856,0,-1,0,0,0,840,1,9
9857,0,-1,0,0,0,250,1,6
9858,0,-1,0,0,1,276,1,6
9859,0,-1,0,0,0,840,1,11
9860,0,-1,0,0,0,250,1,8
9861,0,-1,0,0,0,276,1,13
9862,0,-1,0,0,0,276,1,14
9863,0,-1,0,0,0,840,1,17
9864,0,-1,0,1,0,156,1,19
9865,0,-1,0,0,0,250,1,2
9866,0,-1,0,0,0,826,1,4
9867,0,-1,0,0,0,156,1,5
9868,0,-1,0,0,0,250,1,4
9869,0,-1,0,0,0,840,1,5
9870,0,-1,0,0,1,840,1,0
9871,0,-1,0,0,0,276,1,15
9872,0,-1,0,0,0,250,1,17
9873,0,-1,0,0,0,826,1,13
9874,0,-1,0,0,0,250,1,9
9875,0,-1,0,0,0,276,1,5
9876,0,-1,0,0,0,276,1,12
9877,0,-1,0,0,0,826,1,6
9878,0,-1,0,0,0,840,1,15
9879,0,-1,0,0,0,156,1,17
9880,0,-1,0,0,0,156,1,11
9881,0,-1,0,0,0,276,1,15
9882,0,-1,0,1,0,276,1,1
9883,0,-1,0,1,0,276,1,12
9884,0,-1,0,0,0,840,1,5
9885,0,-1,0,0,0,276,1,7
9886,0,-1,0,0,0,826,1,16
9887,0,-1,0,0,0,840,1,17
9888,0,-1,0,0,0,276,1,18
9889,0,-1,0,0,0,840,1,8
9890,0,-1,0,1,0,826,1,1
9891,0,-1,0,0,0,826,1,3
9892,0,-1,0,0,1,276,1,4
9893,0,-1,0,0,0,250,1,3
9894,0,-1,0,0,0,250,1,3
9895,0,-1,0,0,0,250,1,18
9896,0,-1,0,0,0,276,1,9
9897,0,-1,0,0,0,840,1,7
9898,0,-1,0,0,0,276,1,16
9899,0,-1,0,0,0,826,1,15
9900,0,-1,0,0,0,276,1,7
9901,0,-1,0,0,0,826,1,16
9902,0,-1,0,0,0,250,1,13
9903,0,-1,0,0,0,250,1,18
9904,0,-1,0,0,0,250,1,17
9905,0,-1,0,0,0,826,1,15
9906,0,-1,0,0,0,276,1,15
9907,0,-1,0,0,0,250,1,7
9908,0,-1,0,0,0,840,1,8
9909,0,-1,0,0,0,156,1,7
9910,0,-1,0,0,0,840,1,12
9911,0,-1,0,1,0,276,1,17
9912,0,-1,0,0,0,250,1,11
9913,0,-1,0,0,0,156,1,3
9914,0,-1,0,0,0,826,1,9
9915,0,-1,0,1,0,156,1,2
9916,0,-1,0,0,0,250,1,13
9917,0,-1,0,0,0,826,1,13
9918,0,-1,0,0,0,250,1,17
9919,0,-1,0,0,0,826,1,3
9920,0,-1,0,0,0,250,1,8
9921,0,-1,0,0,0,276,1,6
9922,0,-1,0,0,0,250,1,10
9923,0,-1,0,0,0,840,1,18
9924,0,-1,0,0,0,250,1,18
9925,0,-1,0,0,0,826,1,1
9926,0,-1,0,0,0,276,1,5
9927,0,-1,0,1,0,840,1,4
9928,0,-1,0,1,0,840,1,7
9929,0,-1,0,0,0,250,1,18
9930,0,-1,0,1,0,276,1,16
9931,0,-1,0,0,0,840,1,0
9932,0,-1,0,1,0,840,1,9
9933,0,-1,0,0,0,276,1,15
9934,0,-1,0,0,0,840,1,11
9935,0,-1,0,0,0,156,1,17
9936,0,-1,0,0,0,276,1,18
9937,0,-1,0,0,0,156,1,19
9938,0,-1,0,0,0,156,1,7
9939,0,-1,0,0,0,840,1,3
9940,0,-1,0,0,0,250,1,12
9941,0,-1,0,0,0,826,1,5
9942,0,-1,0,0,1,840,1,9
9943,0,-1,0,0,0,156,1,9
9944,0,-1,0,0,0,250,1,15
9945,0,-1,0,0,0,276,1,13
9946,0,-1,0,0,0,156,1,6
9947,0,-1,0,0,0,276,1,14
9948,0,-1,0,0,0,840,1,3
9949,0,-1,0,0,0,826,1,19
9950,0,-1,0,0,0,156,1,15
9951,0,-1,0,0,0,840,1,14
9952,0,-1,0,0,0,156,1,3
9953,0,-1,0,0,0,156,1,9
9954,0,-1,0,1,0,276,1,17
9955,0,-1,0,0,0,156,1,0
9956,0,-1,0,0,0,826,1,9
9957,0,-1,0,0,0,156,1,7
9958,0,-1,0,0,0,276,1,4
9959,0,-1,0,0,0,156,1,13
9960,0,-1,0,0,0,250,1,18
9961,0,-1,0,1,0,276,1,10
9962,0,-1,0,0,0,156,1,10
9963,0,-1,0,0,0,276,1,17
9964,0,-1,0,0,0,276,1,15
9965,0,-1,0,1,0,250,1,17
9966,0,-1,0,0,0,156,1,10
9967,0,-1,0,0,0,156,1,4
9968,0,-1,0,0,0,826,1,7
9969,0,-1,0,0,1,840,1,1
9970,0,-1,0,0,0,826,1,15
9971,0,-1,0,0,0,276,1,3
9972,0,-1,0,0,0,840,1,11
9973,0,-1,0,1,0,250,1,0
9974,0,-1,0,0,0,840,1,18
9975,0,-1,0,0,0,156,1,16
9976,0,-1,0,0,0,250,1,5
9977,0,-1,0,0,0,840,1,19
9978,0,-1,0,0,0,826,1,4
9979,0,-1,0,0,0,826,1,15
9980,0,-1,0,1,0,276,1,2
9981,0,-1,0,1,0,156,1,15
9982,0,-1,0,0,0,156,1,16
9983,0,-1,0,0,0,276,1,18
9984,0,-1,0,0,0,826,1,15
9985,0,-1,0,0,0,156,1,15
9986,0,-1,0,0,0,826,1,0
9987,0,-1,0,0,0,840,1,12
9988,0,-1,0,0,0,276,1,16
9989,0,-1,0,0,0,156,1,5
9990,0,-1,0,1,0,276,1,6
9991,0,-1,0,0,1,840,1,2
9992,0,-1,0,0,0,840,1,8
9993,0,-1,0,0,0,250,1,17
9994,0,-1,0,0,0,826,1,5
9995,0,-1,0,0,0,156,1,4
9996,0,-1,0,0,0,840,1,19
9997,0,-1,0,0,0,276,1,9
9998,0,-1,0,0,0,840,1,2
9999,0,-1,0,0,0,250,1,12
10000,0,-1,0,1,0,156,1,13
10001,0,-1,0,0,0,250,1,19
10002,0,-1,0,0,0,826,1,19
10003,0,-1,0,0,0,276,1,1
10004,0,-1,0,0,0,156,1,3
10005,0,-1,0,0,0,840,1,19
10006,0,-1,0,0,0,826,1,5
10007,0,-1,0,0,0,250,1,1
10008,0,-1,0,0,0,840,1,11
10009,0,-1,0,0,0,826,1,15
10010,0,-1,0,0,0,250,1,0
10011,0,-1,0,0,0,156,1,12
10012,0,-1,0,0,0,840,1,9
10013,0,-1,0,0,0,826,1,12
10014,0,-1,0,0,0,840,1,18
10015,0,-1,0,0,0,156,1,15
10016,0,-1,0,0,0,276,1,2
10017,0,-1,0,0,0,276,1,6
10018,0,-1,0,0,0,840,1,16
10019,0,-1,0,0,0,250,1,2
10020,0,-1,0,0,0,826,1,1
10021,0,-1,0,0,0,276,1,13
10022,0,-1,0,0,0,156,1,18
10023,0,-1,0,0,0,250,1,15
10024,0,-1,0,0,0,826,1,13
10025,0,-1,0,0,0,250,1,18
10026,0,-1,0,0,0,840,1,18
10027,0,-1,0,0,0,156,1,0
10028,0,-1,0,0,0,276,1,5
10029,0,-1,0,0,0,156,1,11
10030,0,-1,0,0,0,840,1,6
10031,0,-1,0,0,0,826,1,2
10032,0,-1,0,0,0,276,1,10
10033,0,-1,0,0,0,156,1,14
10034,0,-1,0,0,0,250,1,9
10035,0,-1,0,0,1,840,1,17
10036,0,-1,0,0,0,156,1,12
10037,0,-1,0,0,0,826,1,1
10038,0,-1,0,0,0,156,1,12
10039,0,-1,0,0,0,276,1,4
10040,0,-1,0,0,0,826,1,5
10041,0,-1,0,0,0,250,1,9
10042,0,-1,0,0,0,250,1,11
10043,0,-1,0,1,1,250,1,0
10044,0,-1,0,0,0,276,1,9
10045,0,-1,0,0,0,250,1,12
10046,0,-1,0,1,0,826,1,0
10047,0,-1,0,0,0,826,1,13
10048,0,-1,0,0,1,276,1,18
10049,0,-1,0,1,0,826,1,2
10050,0,-1,0,0,0,826,1,14
10051,0,-1,0,0,0,840,1,6
10052,0,-1,0,0,0,250,1,9
10053,0,-1,0,0,0,276,1,3
10054,0,-1,0,1,0,156,1,7
10055,0,-1,0,0,0,156,1,1
10056,0,-1,0,0,0,156,1,12
10057,0,-1,0,0,0,276,1,16
10058,0,-1,0,0,0,826,1,14
10059,0,-1,0,0,0,156,1,0
10060,0,-1,0,0,0,826,1,11
10061,0,-1,0,0,0,250,1,9
10062,0,-1,0,0,0,840,1,5
10063,0,-1,0,0,0,276,1,10
10064,0,-1,0,0,0,276,1,6
10065,0,-1,0,0,0,840,1,5
10066,0,-1,0,0,0,156,1,13
10067,0,-1,0,1,0,840,1,2
10068,0,-1,0,0,0,276,1,2
10069,0,-1,0,0,0,276,1,16
10070,0,-1,0,0,0,826,1,6
10071,0,-1,0,0,0,156,1,14
10072,0,-1,0,0,0,826,1,12
10073,0,-1,0,0,0,826,1,16
10074,0,-1,0,0,0,276,1,6
10075,0,-1,0,0,0,840,1,19
10076,0,-1,0,0,0,826,1,12
10077,0,-1,0,1,0,840,1,15
10078,0,-1,0,0,0,250,1,12
10079,0,-1,0,0,0,840,1,15
10080,0,-1,0,0,0,156,1,19
10081,0,-1,0,0,0,826,1,6
10082,0,-1,0,0,0,840,1,18
10083,0,-1,0,0,0,276,1,16
10084,0,-1,0,1,0,156,1,15
10085,0,-1,0,0,0,826,1,18
10086,0,-1,0,0,0,276,1,4
10087,0,-1,0,0,0,250,1,9
10088,0,-1,0,0,0,840,1,2
10089,0,-1,0,0,0,826,1,14
10090,0,-1,0,0,0,826,1,3
10091,0,-1,0,0,0,156,1,1
10092,0,-1,0,0,0,250,1,2
10093,0,-1,0,0,0,250,1,15
10094,0,-1,0,0,0,840,1,18
10095,0,-1,0,0,0,250,1,12
10096,0,-1,0,0,0,156,1,14
10097,0,-1,0,0,0,826,1,9
10098,0,-1,0,0,0,826,1,5
10099,0,-1,0,0,0,156,1,11
10100,0,-1,0,1,0,250,1,9
10101,0,-1,0,0,0,156,1,7
10102,0,-1,0,0,0,276,1,2
10103,0,-1,0,0,0,840,1,18
10104,0,-1,0,1,0,156,1,7
10105,0,-1,0,1,1,276,1,7
10106,0,-1,0,0,0,276,1,0
10107,0,-1,0,0,0,840,1,5
10108,0,-1,0,0,0,840,1,7
10109,0,-1,0,0,0,250,1,18
10110,0,-1,0,0,0,276,1,2
10111,0,-1,0,0,0,826,1,10
10112,0,-1,0,0,0,826,1,18
10113,0,-1,0,0,1,250,1,0
10114,0,-1,0,0,0,276,1,18
10115,0,-1,0,0,1,250,1,5
10116,0,-1,0,0,0,840,1,8
10117,0,-1,0,0,0,826,1,1
10118,0,-1,0,0,0,840,1,19
10119,0,-1,0,0,0,250,1,17
10120,0,-1,0,0,0,250,1,4
10121,0,-1,0,0,0,826,1,9
10122,0,-1,0,0,0,276,1,6
10123,0,-1,0,0,0,276,1,1
10124,0,-1,0,0,0,250,1,4
10125,0,-1,0,0,0,826,1,12
10126,0,-1,0,1,0,840,1,4
10127,0,-1,0,0,0,250,1,18
10128,0,-1,0,0,0,156,1,6
10129,0,-1,0,0,0,840,1,12
10130,0,-1,0,0,0,840,1,13
10131,0,-1,0,0,0,826,1,9
10132,0,-1,0,0,0,276,1,18
10133,0,-1,0,0,0,840,1,3
10134,0,-1,0,0,0,156,1,7
10135,0,-1,0,0,0,250,1,6
10136,0,-1,0,0,0,276,1,9
10137,0,-1,0,0,0,826,1,5
10138,0,-1,0,0,0,250,1,2
10139,0,-1,0,0,0,250,1,10
10140,0,-1,0,0,0,826,1,12
10141,0,-1,0,0,0,250,1,15
10142,0,-1,0,0,0,250,1,13
10143,0,-1,0,0,0,250,1,3
10144,0,-1,0,0,0,826,1,6
10145,0,-1,0,0,0,156,1,7
10146,0,-1,0,1,0,840,1,6
10147,0,-1,0,0,0,840,1,13
10148,0,-1,0,0,0,250,1,9
10149,0,-1,0,0,0,840,1,1
10150,0,-1,0,1,0,840,1,1
10151,0,-1,0,0,0,826,1,0
10152,0,-1,0,1,0,250,1,7
10153,0,-1,0,0,0,156,1,9
10154,0,-1,0,0,0,840,1,9
10155,0,-1,0,1,0,250,1,0
10156,0,-1,0,0,0,826,1,1
10157,0,-1,0,1,0,840,1,3
10158,0,-1,0,0,0,276,1,2
10159,0,-1,0,0,0,840,1,14
10160,0,-1,0,0,0,840,1,7
10161,0,-1,0,0,0,826,1,0
10162,0,-1,0,0,0,250,1,2
10163,0,-1,0,0,0,250,1,18
10164,0,-1,0,0,0,276,1,6
10165,0,-1,0,0,0,826,1,18
10166,0,-1,0,0,0,826,1,0
10167,0,-1,0,0,0,250,1,15
10168,0,-1,0,0,0,840,1,3
10169,0,-1,0,0,0,276,1,18
10170,0,-1,0,0,0,840,1,18
10171,0,-1,0,0,0,276,1,1
10172,0,-1,0,0,0,840,1,0
10173,0,-1,0,0,0,250,1,11
10174,0,-1,0,0,0,840,1,15
10175,0,-1,0,1,1,826,1,1
10176,0,-1,0,0,0,826,1,12
10177,0,-1,0,0,0,276,1,9
10178,0,-1,0,0,0,276,1,3
10179,0,-1,0,0,0,826,1,16
10180,0,-1,0,0,0,276,1,14
10181,0,-1,0,1,0,250,1,12
10182,0,-1,0,0,0,826,1,0
10183,0,-1,0,0,0,276,1,8
10184,0,-1,0,0,0,826,1,12
10185,0,-1,0,0,0,826,1,9
10186,0,-1,0,0,0,156,1,4
10187,0,-1,0,0,0,826,1,18
10188,0,-1,0,0,1,156,1,14
10189,0,-1,0,0,0,156,1,6
10190,0,-1,0,0,0,826,1,2
10191,0,-1,0,0,0,840,1,2
10192,0,-1,0,0,0,840,1,8
10193,0,-1,0,0,0,840,1,12
10194,0,-1,0,0,0,250,1,3
10195,0,-1,0,0,1,826,1,5
10196,0,-1,0,0,0,276,1,15
10197,0,-1,0,0,0,840,1,8
10198,0,-1,0,0,0,276,1,17
10199,0,-1,0,0,0,840,1,19
10200,0,-1,0,1,0,826,1,10
10201,0,-1,0,0,0,840,1,5
10202,0,-1,0,0,0,250,1,14
10203,0,-1,0,0,0,840,1,6
10204,0,-1,0,1,0,840,1,0
10205,0,-1,0,0,0,826,1,18
10206,0,-1,0,0,0,840,1,6
10207,0,-1,0,1,0,250,1,10
10208,0,-1,0,0,0,840,1,5
10209,0,-1,0,0,0,156,1,19
10210,0,-1,0,0,0,250,1,10
10211,0,-1,0,1,0,250,1,2
10212,0,-1,0,0,0,156,1,13
10213,0,-1,0,0,0,250,1,16
10214,0,-1,0,0,0,250,1,11
10215,0,-1,0,0,0,250,1,18
10216,0,-1,0,0,0,840,1,12
10217,0,-1,0,0,1,156,1,2
10218,0,-1,0,0,0,250,1,19
10219,0,-1,0,0,1,840,1,4
10220,0,-1,0,1,0,826,1,0
10221,0,-1,0,0,0,250,1,14
10222,0,-1,0,0,0,840,1,4
10223,0,-1,0,0,0,840,1,1
10224,0,-1,0,0,0,250,1,2
10225,0,-1,0,1,0,156,1,7
10226,0,-1,0,0,0,156,1,3
10227,0,-1,0,1,0,156,1,7
10228,0,-1,0,0,0,840,1,14
10229,0,-1,0,0,0,276,1,11
10230,0,-1,0,0,0,156,1,3
10231,0,-1,0,1,0,826,1,11
10232,0,-1,0,0,0,826,1,16
10233,0,-1,0,0,0,840,1,11
10234,0,-1,0,0,0,276,1,17
10235,0,-1,0,0,0,826,1,9
10236,0,-1,0,1,0,826,1,17
10237,0,-1,0,0,0,840,1,1
10238,0,-1,0,0,0,250,1,13
10239,0,-1,0,0,0,826,1,19
10240,0,-1,0,0,0,250,1,9
10241,0,-1,0,0,0,250,1,12
10242,0,-1,0,0,0,826,1,2
10243,0,-1,0,0,0,840,1,15
10244,0,-1,0,0,0,250,1,8
10245,0,-1,0,0,0,156,1,16
10246,0,-1,0,0,1,250,1,4
10247,0,-1,0,0,0,826,1,7
10248,0,-1,0,0,1,276,1,2
10249,0,-1,0,0,0,250,1,0
10250,0,-1,0,0,0,156,1,16
10251,0,-1,0,1,0,276,1,10
10252,0,-1,0,0,1,156,1,3
10253,0,-1,0,1,0,826,1,14
10254,0,-1,0,0,0,250,1,0
10255,0,-1,0,0,0,826,1,10
10256,0,-1,0,0,0,250,1,1
10257,0,-1,0,0,0,250,1,5
10258,0,-1,0,0,0,276,1,18
10259,0,-1,0,0,0,826,1,11
10260,0,-1,0,0,0,276,1,9
10261,0,-1,0,0,1,826,1,5
10262,0,-1,0,0,0,840,1,15
10263,0,-1,0,0,0,826,1,10
10264,0,-1,0,0,1,826,1,18
10265,0,-1,0,0,0,840,1,18
10266,0,-1,0,0,0,156,1,18
10267,0,-1,0,0,0,156,1,14
10268,0,-1,0,0,0,250,1,4
10269,0,-1,0,0,0,276,1,14
10270,0,-1,0,0,0,156,1,7
10271,0,-1,0,0,0,250,1,6
10272,0,-1,0,0,0,156,1,16
10273,0,-1,0,0,0,250,1,5
10274,0,-1,0,0,1,826,1,5
10275,0,-1,0,0,0,840,1,9
10276,0,-1,0,0,0,250,1,7
10277,0,-1,0,0,0,826,1,4
10278,0,-1,0,0,0,250,1,4
10279,0,-1,0,0,0,276,1,8
10280,0,-1,0,0,0,840,1,9
10281,0,-1,0,0,0,826,1,3
10282,0,-1,0,0,0,840,1,16
10283,0,-1,0,0,0,840,1,5
10284,0,-1,0,0,0,250,1,14
10285,0,-1,0,0,0,840,1,5
10286,0,-1,0,0,0,156,1,10
10287,0,-1,0,0,1,250,1,0
10288,0,-1,0,0,0,840,1,11
10289,0,-1,0,0,0,276,1,1
10290,0,-1,0,0,0,826,1,5
10291,0,-1,0,0,0,840,1,1
10292,0,-1,0,0,0,156,1,8
10293,0,-1,0,0,0,840,1,0
10294,0,-1,0,0,0,250,1,6
10295,0,-1,0,0,0,276,1,7
10296,0,-1,0,0,0,826,1,19
10297,0,-1,0,0,0,276,1,11
10298,0,-1,0,0,0,276,1,19
10299,0,-1,0,0,0,826,1,6
10300,0,-1,0,0,0,826,1,7
10301,0,-1,0,0,0,276,1,6
10302,0,-1,0,0,0,156,1,3
10303,0,-1,0,0,0,250,1,11
10304,0,-1,0,0,0,156,1,0
10305,0,-1,0,0,0,250,1,15
10306,0,-1,0,0,0,156,1,18
10307,0,-1,0,0,1,826,1,18
10308,0,-1,0,0,0,826,1,14
10309,0,-1,0,0,0,250,1,0
10310,0,-1,0,0,0,840,1,4
10311,0,-1,0,0,0,276,1,19
10312,0,-1,0,0,0,250,1,16
10313,0,-1,0,1,0,826,1,15
10314,0,-1,0,0,0,156,1,19
10315,0,-1,0,0,0,840,1,9
10316,0,-1,0,0,0,250,1,7
10317,0,-1,0,0,0,826,1,12
10318,0,-1,0,0,0,250,1,6
10319,0,-1,0,0,0,826,1,6
10320,0,-1,0,0,0,276,1,9
10321,0,-1,0,0,0,156,1,17
10322,0,-1,0,0,0,840,1,4
10323,0,-1,0,0,0,156,1,1
10324,0,-1,0,1,0,840,1,18
10325,0,-1,0,0,0,826,1,7
10326,0,-1,0,1,0,156,1,14
10327,0,-1,0,0,0,250,1,18
10328,0,-1,0,1,0,826,1,11
10329,0,-1,0,1,0,840,1,3
10330,0,-1,0,1,0,840,1,4
10331,0,-1,0,0,0,840,1,9
10332,0,-1,0,0,0,826,1,8
10333,0,-1,0,0,0,276,1,19
10334,0,-1,0,0,0,826,1,11
10335,0,-1,0,0,0,156,1,0
10336,0,-1,0,0,0,250,1,6
10337,0,-1,0,0,0,276,1,5
10338,0,-1,0,0,0,250,1,4
10339,0,-1,0,0,1,276,1,17
10340,0,-1,0,0,0,826,1,6
10341,0,-1,0,0,0,826,1,12
10342,0,-1,0,0,0,276,1,12
10343,0,-1,0,0,0,156,1,14
10344,0,-1,0,0,0,276,1,13
10345,0,-1,0,0,0,156,1,7
10346,0,-1,0,0,0,250,1,15
10347,0,-1,0,0,0,276,1,9
10348,0,-1,0,0,1,250,1,14
10349,0,-1,0,0,0,250,1,16
10350,0,-1,0,0,0,840,1,19
10351,0,-1,0,0,0,276,1,16
10352,0,-1,0,0,0,826,1,11
10353,0,-1,0,0,0,826,1,15
10354,0,-1,0,0,0,840,1,12
10355,0,-1,0,0,0,826,1,13
10356,0,-1,0,1,0,250,1,15
10357,0,-1,0,0,0,826,1,2
10358,0,-1,0,0,0,250,1,4
10359,0,-1,0,0,0,156,1,9
10360,0,-1,0,0,0,156,1,2
10361,0,-1,0,0,0,156,1,11
10362,0,-1,0,0,0,276,1,5
10363,0,-1,0,0,0,276,1,1
10364,0,-1,0,1,0,276,1,7
10365,0,-1,0,0,0,276,1,14
10366,0,-1,0,1,0,826,1,5
10367,0,-1,0,0,0,276,1,14
10368,0,-1,0,0,0,156,1,18
10369,0,-1,0,0,0,156,1,17
10370,0,-1,0,0,0,156,1,17
10371,0,-1,0,0,0,276,1,14
10372,0,-1,0,0,0,250,1,4
10373,0,-1,0,0,0,250,1,7
10374,0,-1,0,0,0,250,1,6
10375,0,-1,0,0,0,250,1,1
10376,0,-1,0,0,0,276,1,13
10377,0,-1,0,1,0,840,1,9
10378,0,-1,0,0,0,840,1,16
10379,0,-1,0,0,0,840,1,6
10380,0,-1,0,1,0,156,1,14
10381,0,-1,0,0,0,250,1,19
10382,0,-1,0,1,0,156,1,8
10383,0,-1,0,0,0,276,1,19
10384,0,-1,0,1,0,156,1,8
10385,0,-1,0,0,0,826,1,7
10386,0,-1,0,0,0,250,1,7
10387,0,-1,0,0,0,840,1,13
10388,0,-1,0,1,0,276,1,11
10389,0,-1,0,0,0,276,1,6
10390,0,-1,0,0,0,840,1,12
10391,0,-1,0,0,0,156,1,19
10392,0,-1,0,0,0,840,1,15
10393,0,-1,0,0,0,840,1,8
10394,0,-1,0,0,0,840,1,9
10395,0,-1,0,1,0,276,1,17
10396,0,-1,0,0,0,276,1,15
10397,0,-1,0,1,0,840,1,14
10398,0,-1,0,0,0,840,1,8
10399,0,-1,0,0,0,826,1,16
10400,0,-1,0,0,0,826,1,2
10401,0,-1,0,0,0,840,1,9
10402,0,-1,0,0,0,826,1,0
10403,0,-1,0,0,0,156,1,8
10404,0,-1,0,0,0,840,1,19
10405,0,-1,0,1,1,156,1,3
10406,0,-1,0,0,0,840,1,7
10407,0,-1,0,0,0,156,1,8
10408,0,-1,0,0,0,826,1,13
10409,0,-1,0,0,0,156,1,3
10410,0,-1,0,0,0,826,1,10
10411,0,-1,0,0,0,276,1,18
10412,0,-1,0,1,0,840,1,17
10413,0,-1,0,0,0,826,1,17
10414,0,-1,0,1,0,840,1,8
10415,0,-1,0,0,0,826,1,2
10416,0,-1,0,0,1,250,1,17
10417,0,-1,0,0,0,156,1,5
10418,0,-1,0,0,0,250,1,5
10419,0,-1,0,0,0,250,1,1
10420,0,-1,0,0,0,826,1,6
10421,0,-1,0,1,0,250,1,17
10422,0,-1,0,0,0,840,1,18
10423,0,-1,0,0,0,826,1,4
10424,0,-1,0,0,0,156,1,0
10425,0,-1,0,0,0,840,1,17
10426,0,-1,0,1,0,826,1,10
10427,0,-1,0,0,0,156,1,8
10428,0,-1,0,0,0,156,1,12
10429,0,-1,0,0,0,250,1,2
10430,0,-1,0,0,0,276,1,18
10431,0,-1,0,0,0,156,1,11
10432,0,-1,0,0,0,156,1,11
10433,0,-1,0,0,0,250,1,0
10434,0,-1,0,0,0,840,1,9
10435,0,-1,0,0,0,276,1,17
10436,0,-1,0,0,0,276,1,5
10437,0,-1,0,0,0,250,1,4
10438,0,-1,0,0,0,156,1,14
10439,0,-1,0,0,0,156,1,19
10440,0,-1,0,0,0,156,1,3
10441,0,-1,0,1,0,826,1,14
10442,0,-1,0,0,0,276,1,14
10443,0,-1,0,0,0,276,1,6
10444,0,-1,0,0,1,826,1,11
10445,0,-1,0,0,0,276,1,8
10446,0,-1,0,0,0,276,1,7
10447,0,-1,0,0,0,276,1,10
10448,0,-1,0,0,0,156,1,13
10449,0,-1,0,0,0,840,1,18
10450,0,-1,0,0,0,276,1,16
10451,0,-1,0,1,0,276,1,14
10452,0,-1,0,0,0,826,1,1
10453,0,-1,0,0,0,250,1,14
10454,0,-1,0,0,1,840,1,14
10455,0,-1,0,0,0,276,1,6
10456,0,-1,0,0,0,840,1,14
10457,0,-1,0,0,0,250,1,5
10458,0,-1,0,0,0,156,1,15
10459,0,-1,0,0,0,276,1,18
10460,0,-1,0,1,0,250,1,6
10461,0,-1,0,0,0,156,1,10
10462,0,-1,0,0,0,156,1,3
10463,0,-1,0,0,0,250,1,7
10464,0,-1,0,0,0,826,1,3
10465,0,-1,0,0,0,276,1,5
10466,0,-1,0,1,1,826,1,19
10467,0,-1,0,0,0,276,1,17
10468,0,-1,0,0,0,250,1,1
10469,0,-1,0,0,0,276,1,10
10470,0,-1,0,0,1,276,1,9
10471,0,-1,0,0,0,840,1,10
10472,0,-1,0,0,0,276,1,3
10473,0,-1,0,0,0,156,1,0
10474,0,-1,0,0,1,826,1,2
10475,0,-1,0,0,0,826,1,17
10476,0,-1,0,0,1,840,1,8
10477,0,-1,0,0,0,826,1,9
10478,0,-1,0,1,0,840,1,3
10479,0,-1,0,0,0,826,1,4
10480,0,-1,0,0,0,840,1,9
10481,0,-1,0,0,0,840,1,8
10482,0,-1,0,0,0,250,1,1
10483,0,-1,0,1,0,826,1,12
10484,0,-1,0,0,0,276,1,6
10485,0,-1,0,0,0,156,1,11
10486,0,-1,0,0,0,276,1,6
10487,0,-1,0,0,0,826,1,12
10488,0,-1,0,0,0,250,1,14
10489,0,-1,0,0,0,276,1,8
10490,0,-1,0,0,0,826,1,5
10491,0,-1,0,1,0,156,1,4
10492,0,-1,0,0,0,156,1,6
10493,0,-1,0,0,0,276,1,9
10494,0,-1,0,0,0,840,1,10
10495,0,-1,0,1,0,840,1,4
10496,0,-1,0,1,0,840,1,13
10497,0,-1,0,0,0,826,1,7
10498,0,-1,0,1,0,840,1,12
10499,0,-1,0,0,0,156,1,13
10500,0,-1,0,0,0,276,1,15
10501,0,-1,0,0,0,826,1,6
10502,0,-1,0,0,0,156,1,9
10503,0,-1,0,0,0,250,1,2
10504,0,-1,0,0,0,156,1,11
10505,0,-1,0,0,0,840,1,11
10506,0,-1,0,0,0,840,1,3
10507,0,-1,0,0,0,250,1,9
10508,0,-1,0,0,0,156,1,10
10509,0,-1,0,0,0,840,1,7
10510,0,-1,0,0,0,826,1,7
10511,0,-1,0,0,0,276,1,13
10512,0,-1,0,1,0,840,1,3
10513,0,-1,0,0,0,840,1,18
10514,0,-1,0,0,0,840,1,5
10515,0,-1,0,0,0,156,1,2
10516,0,-1,0,0,0,840,1,18
10517,0,-1,0,0,0,250,1,18
10518,0,-1,0,1,0,276,1,16
10519,0,-1,0,0,0,156,1,12
10520,0,-1,0,0,0,826,1,0
10521,0,-1,0,0,0,156,1,4
10522,0,-1,0,0,0,840,1,18
10523,0,-1,0,1,0,840,1,13
10524,0,-1,0,0,0,840,1,7
10525,0,-1,0,0,0,826,1,19
10526,0,-1,0,1,0,156,1,6
10527,0,-1,0,0,0,826,1,10
10528,0,-1,0,0,0,826,1,10
10529,0,-1,0,0,0,156,1,5
10530,0,-1,0,0,0,250,1,14
10531,0,-1,0,0,0,156,1,3
10532,0,-1,0,0,0,250,1,9
10533,0,-1,0,1,0,840,1,8
10534,0,-1,0,0,1,250,1,2
10535,0,-1,0,1,0,156,1,12
10536,0,-1,0,0,0,156,1,16
10537,0,-1,0,0,0,250,1,3
10538,0,-1,0,0,0,250,1,13
10539,0,-1,0,0,0,826,1,1
10540,0,-1,0,0,0,840,1,5
10541,0,-1,0,0,0,156,1,2
10542,0,-1,0,0,0,250,1,11
10543,0,-1,0,0,0,156,1,7
10544,0,-1,0,0,0,156,1,3
10545,0,-1,0,0,0,276,1,4
10546,0,-1,0,0,0,826,1,12
10547,0,-1,0,0,0,826,1,7
10548,0,-1,0,1,0,250,1,10
10549,0,-1,0,0,0,250,1,9
10550,0,-1,0,0,0,276,1,1
10551,0,-1,0,1,0,840,1,4
10552,0,-1,0,0,0,250,1,17
10553,0,-1,0,0,0,826,1,18
10554,0,-1,0,0,0,840,1,17
10555,0,-1,0,0,0,840,1,10
10556,0,-1,0,0,0,826,1,9
10557,0,-1,0,0,0,276,1,18
10558,0,-1,0,0,0,840,1,15
10559,0,-1,0,0,0,156,1,16
10560,0,-1,0,0,0,156,1,1
10561,0,-1,0,0,0,156,1,12
10562,0,-1,0,0,0,840,1,16
10563,0,-1,0,0,0,156,1,18
10564,0,-1,0,1,0,826,1,2
10565,0,-1,0,0,0,840,1,7
10566,0,-1,0,0,0,156,1,13
10567,0,-1,0,0,0,250,1,18
10568,0,-1,0,1,0,840,1,9
10569,0,-1,0,0,0,826,1,10
10570,0,-1,0,0,0,826,1,2
10571,0,-1,0,0,0,276,1,15
10572,0,-1,0,0,0,276,1,10
10573,0,-1,0,0,0,250,1,19
10574,0,-1,0,1,0,826,1,4
10575,0,-1,0,0,0,826,1,3
10576,0,-1,0,0,0,826,1,7
10577,0,-1,0,0,0,826,1,9
10578,0,-1,0,0,0,840,1,7
10579,0,-1,0,0,0,840,1,7
10580,0,-1,0,0,0,156,1,15
10581,0,-1,0,0,0,250,1,0
10582,0,-1,0,0,0,826,1,17
10583,0,-1,0,0,0,276,1,8
10584,0,-1,0,0,0,826,1,9
10585,0,-1,0,0,0,250,1,9
10586,0,-1,0,0,0,156,1,15
10587,0,-1,0,0,0,156,1,16
10588,0,-1,0,0,0,250,1,8
10589,0,-1,0,0,0,156,1,1
10590,0,-1,0,1,0,156,1,2
10591,0,-1,0,0,0,250,1,4
10592,0,-1,0,0,0,250,1,15
10593,0,-1,0,0,0,276,1,17
10594,0,-1,0,0,0,276,1,7
10595,0,-1,0,0,0,156,1,3
10596,0,-1,0,0,0,156,1,18
10597,0,-1,0,0,0,276,1,6
10598,0,-1,0,0,0,826,1,11
10599,0,-1,0,0,0,276,1,2
10600,0,-1,0,0,0,826,1,9
10601,0,-1,0,0,0,250,1,11
10602,0,-1,0,0,0,840,1,8
10603,0,-1,0,0,0,156,1,5
10604,0,-1,0,0,0,840,1,16
10605,0,-1,0,0,0,156,1,8
10606,0,-1,0,0,0,250,1,13
10607,0,-1,0,0,0,156,1,4
10608,0,-1,0,0,0,156,1,9
10609,0,-1,0,0,0,826,1,19
10610,0,-1,0,0,0,840,1,7
10611,0,-1,0,0,0,156,1,3
10612,0,-1,0,0,0,826,1,19
10613,0,-1,0,0,0,250,1,16
10614,0,-1,0,0,0,156,1,2
10615,0,-1,0,0,0,826,1,13
10616,0,-1,0,0,0,840,1,10
10617,0,-1,0,0,1,250,1,16
10618,0,-1,0,0,0,840,1,11
10619,0,-1,0,0,0,156,1,14
10620,0,-1,0,0,0,276,1,10
10621,0,-1,0,0,0,840,1,17
10622,0,-1,0,0,0,156,1,18
10623,0,-1,0,0,0,156,1,6
10624,0,-1,0,0,0,156,1,3
10625,0,-1,0,0,0,250,1,10
10626,0,-1,0,0,0,826,1,16
10627,0,-1,0,0,0,840,1,14
10628,0,-1,0,0,0,250,1,10
10629,0,-1,0,0,1,840,1,8
10630,0,-1,0,1,0,276,1,4
10631,0,-1,0,0,0,276,1,0
10632,0,-1,0,1,0,840,1,8
10633,0,-1,0,0,0,156,1,15
10634,0,-1,0,0,0,250,1,13
10635,0,-1,0,0,0,826,1,12
10636,0,-1,0,0,0,276,1,15
10637,0,-1,0,0,0,826,1,10
10638,0,-1,0,0,0,250,1,16
10639,0,-1,0,0,0,156,1,0
10640,0,-1,0,0,0,156,1,10
10641,0,-1,0,0,0,840,1,18
10642,0,-1,0,0,0,276,1,2
10643,0,-1,0,0,0,250,1,17
10644,0,-1,0,1,0,840,1,12
10645,0,-1,0,0,0,156,1,13
10646,0,-1,0,0,0,826,1,18
10647,0,-1,0,0,0,156,1,19
10648,0,-1,0,0,0,826,1,15
10649,0,-1,0,0,0,826,1,14
10650,0,-1,0,0,0,250,1,11
10651,0,-1,0,0,0,156,1,5
10652,0,-1,0,0,0,156,1,5
10653,0,-1,0,0,0,840,1,0
10654,0,-1,0,0,0,156,1,19
10655,0,-1,0,0,0,156,1,11
10656,0,-1,0,0,0,826,1,9
10657,0,-1,0,0,0,826,1,1
10658,0,-1,0,0,0,826,1,15
10659,0,-1,0,0,0,250,1,2
10660,0,-1,0,0,0,840,1,12
10661,0,-1,0,0,0,156,1,4
10662,0,-1,0,0,0,826,1,19
10663,0,-1,0,0,0,156,1,4
10664,0,-1,0,0,0,276,1,9
10665,0,-1,0,0,0,156,1,13
10666,0,-1,0,0,0,250,1,3
10667,0,-1,0,0,0,840,1,15
10668,0,-1,0,0,0,250,1,4
10669,0,-1,0,0,0,840,1,11
10670,0,-1,0,0,0,826,1,7
10671,0,-1,0,0,0,840,1,10
10672,0,-1,0,0,0,840,1,19
10673,0,-1,0,0,0,156,1,19
10674,0,-1,0,0,0,156,1,10
10675,0,-1,0,0,0,826,1,6
10676,0,-1,0,0,0,156,1,19
10677,0,-1,0,0,0,250,1,5
10678,0,-1,0,0,0,276,1,3
10679,0,-1,0,0,0,250,1,14
10680,0,-1,0,0,0,156,1,2
10681,0,-1,0,0,0,250,1,7
10682,0,-1,0,0,0,156,1,15
10683,0,-1,0,0,0,250,1,17
10684,0,-1,0,0,0,250,1,9
10685,0,-1,0,0,0,156,1,6
10686,0,-1,0,0,0,276,1,1
10687,0,-1,0,0,0,276,1,13
10688,0,-1,0,0,0,840,1,1
10689,0,-1,0,0,0,840,1,12
10690,0,-1,0,1,0,840,1,19
10691,0,-1,0,0,0,156,1,13
10692,0,-1,0,0,0,250,1,18
10693,0,-1,0,0,0,826,1,18
10694,0,-1,0,0,0,156,1,16
10695,0,-1,0,0,0,250,1,14
10696,0,-1,0,0,0,250,1,3
10697,0,-1,0,1,0,826,1,1
10698,0,-1,0,0,0,156,1,16
10699,0,-1,0,0,0,826,1,15
10700,0,-1,0,0,0,276,1,18
10701,0,-1,0,0,0,156,1,16
10702,0,-1,0,0,0,156,1,18
10703,0,-1,0,0,0,276,1,2
10704,0,-1,0,0,0,826,1,0
10705,0,-1,0,0,0,276,1,14
10706,0,-1,0,0,0,826,1,3
10707,0,-1,0,0,0,840,1,10
10708,0,-1,0,0,0,826,1,10
10709,0,-1,0,0,0,250,1,15
10710,0,-1,0,1,0,276,1,6
10711,0,-1,0,0,0,156,1,17
10712,0,-1,0,0,0,276,1,11
10713,0,-1,0,0,0,276,1,8
10714,0,-1,0,0,0,156,1,0
10715,0,-1,0,1,0,276,1,4
10716,0,-1,0,1,0,276,1,1
10717,0,-1,0,0,0,276,1,7
10718,0,-1,0,0,0,826,1,18
10719,0,-1,0,0,0,156,1,5
10720,0,-1,0,0,0,826,1,3
10721,0,-1,0,0,0,250,1,5
10722,0,-1,0,0,0,250,1,9
10723,0,-1,0,0,0,826,1,0
10724,0,-1,0,0,0,840,1,8
10725,0,-1,0,0,0,840,1,4
10726,0,-1,0,0,0,826,1,9
10727,0,-1,0,0,0,276,1,18
10728,0,-1,0,0,0,826,1,4
10729,0,-1,0,0,0,826,1,14
10730,0,-1,0,1,0,276,1,1
10731,0,-1,0,0,0,156,1,8
10732,0,-1,0,0,0,826,1,12
10733,0,-1,0,0,0,826,1,12
10734,0,-1,0,0,0,276,1,11
10735,0,-1,0,0,0,840,1,12
10736,0,-1,0,0,0,840,1,4
10737,0,-1,0,0,0,276,1,7
10738,0,-1,0,0,0,250,1,14
10739,0,-1,0,0,0,276,1,14
10740,0,-1,0,0,0,156,1,7
10741,0,-1,0,1,0,276,1,0
10742,0,-1,0,0,0,826,1,12
10743,0,-1,0,0,0,840,1,5
10744,0,-1,0,0,0,156,1,11
10745,0,-1,0,0,0,276,1,4
10746,0,-1,0,0,0,250,1,13
10747,0,-1,0,0,0,840,1,17
10748,0,-1,0,0,0,826,1,16
10749,0,-1,0,0,0,250,1,6
10750,0,-1,0,0,0,276,1,10
10751,0,-1,0,0,0,156,1,17
10752,0,-1,0,0,0,276,1,2
10753,0,-1,0,0,0,250,1,1
10754,0,-1,0,0,0,250,1,6
10755,0,-1,0,0,0,250,1,5
10756,0,-1,0,0,0,840,1,9
10757,0,-1,0,0,0,156,1,3
10758,0,-1,0,0,0,250,1,8
10759,0,-1,0,0,0,250,1,17
10760,0,-1,0,0,0,156,1,3
10761,0,-1,0,0,0,156,1,7
10762,0,-1,0,0,0,156,1,18
10763,0,-1,0,0,0,276,1,11
10764,0,-1,0,0,0,826,1,9
10765,0,-1,0,0,0,840,1,8
10766,0,-1,0,0,0,826,1,2
10767,0,-1,0,0,0,156,1,17
10768,0,-1,0,0,0,276,1,7
10769,0,-1,0,0,0,276,1,8
10770,0,-1,0,0,0,156,1,17
10771,0,-1,0,0,1,840,1,4
10772,0,-1,0,0,0,840,1,3
10773,0,-1,0,0,0,250,1,12
10774,0,-1,0,0,0,276,1,13
10775,0,-1,0,0,0,276,1,10
10776,0,-1,0,0,0,250,1,12
10777,0,-1,0,0,1,250,1,7
10778,0,-1,0,0,0,276,1,17
10779,0,-1,0,1,1,840,1,12
10780,0,-1,0,1,0,826,1,10
10781,0,-1,0,0,0,840,1,4
10782,0,-1,0,0,0,840,1,17
10783,0,-1,0,0,1,250,1,1
10784,0,-1,0,0,0,840,1,13
10785,0,-1,0,0,0,156,1,7
10786,0,-1,0,0,0,826,1,0
10787,0,-1,0,1,0,826,1,15
10788,0,-1,0,0,0,250,1,5
10789,0,-1,0,0,0,156,1,4
10790,0,-1,0,0,1,276,1,0
10791,0,-1,0,0,0,840,1,9
10792,0,-1,0,0,0,840,1,0
10793,0,-1,0,0,0,250,1,10
10794,0,-1,0,1,0,156,1,6
10795,0,-1,0,1,0,276,1,12
10796,0,-1,0,0,0,156,1,8
10797,0,-1,0,0,0,156,1,3
10798,0,-1,0,0,0,250,1,17
10799,0,-1,0,0,0,826,1,19
10800,0,-1,0,0,0,276,1,11
10801,0,-1,0,0,0,156,1,16
10802,0,-1,0,0,1,156,1,3
10803,0,-1,0,0,0,276,1,15
10804,0,-1,0,1,0,276,1,2
10805,0,-1,0,1,0,840,1,18
10806,0,-1,0,0,0,156,1,18
10807,0,-1,0,0,0,156,1,0
10808,0,-1,0,0,0,840,1,18
10809,0,-1,0,0,0,156,1,11
10810,0,-1,0,0,0,840,1,14
10811,0,-1,0,0,0,250,1,18
10812,0,-1,0,0,0,250,1,2
10813,0,-1,0,1,1,276,1,15
10814,0,-1,0,0,0,826,1,3
10815,0,-1,0,0,0,840,1,8
10816,0,-1,0,0,0,840,1,19
10817,0,-1,0,0,0,826,1,19
10818,0,-1,0,0,0,156,1,1
10819,0,-1,0,0,0,250,1,6
10820,0,-1,0,0,0,156,1,16
10821,0,-1,0,0,0,250,1,5
10822,0,-1,0,0,0,156,1,12
10823,0,-1,0,0,0,156,1,6
10824,0,-1,0,0,0,840,1,19
10825,0,-1,0,0,0,250,1,8
10826,0,-1,0,0,0,276,1,9
10827,0,-1,0,0,0,826,1,10
10828,0,-1,0,0,0,276,1,5
10829,0,-1,0,0,0,276,1,9
10830,0,-1,0,0,0,156,1,0
10831,0,-1,0,0,0,840,1,14
10832,0,-1,0,0,0,826,1,0
10833,0,-1,0,0,0,826,1,2
10834,0,-1,0,0,0,840,1,3
10835,0,-1,0,0,0,840,1,5
10836,0,-1,0,1,0,276,1,17
10837,0,-1,0,0,0,826,1,0
10838,0,-1,0,0,0,156,1,10
10839,0,-1,0,0,0,250,1,13
10840,0,-1,0,0,0,250,1,5
10841,0,-1,0,0,0,826,1,12
10842,0,-1,0,0,0,826,1,16
10843,0,-1,0,0,0,156,1,8
10844,0,-1,0,0,0,156,1,15
10845,0,-1,0,0,0,826,1,0
10846,0,-1,0,0,0,276,1,14
10847,0,-1,0,1,0,840,1,10
10848,0,-1,0,0,0,276,1,4
10849,0,-1,0,0,0,840,1,17
10850,0,-1,0,0,0,276,1,2
10851,0,-1,0,0,0,250,1,9
10852,0,-1,0,0,0,840,1,4
10853,0,-1,0,0,0,826,1,2
10854,0,-1,0,0,0,826,1,0
10855,0,-1,0,0,0,826,1,19
10856,0,-1,0,0,0,826,1,3
10857,0,-1,0,1,0,156,1,2
10858,0,-1,0,1,0,840,1,1
10859,0,-1,0,0,0,250,1,17
10860,0,-1,0,0,0,826,1,2
10861,0,-1,0,0,0,276,1,7
10862,0,-1,0,0,0,276,1,16
10863,0,-1,0,0,0,826,1,6
10864,0,-1,0,0,0,276,1,19
10865,0,-1,0,0,0,826,1,10
10866,0,-1,0,0,0,840,1,3
10867,0,-1,0,0,0,840,1,0
10868,0,-1,0,0,0,840,1,0
10869,0,-1,0,0,0,840,1,16
10870,0,-1,0,0,0,156,1,9
10871,0,-1,0,0,1,840,1,3
10872,0,-1,0,0,0,826,1,2
10873,0,-1,0,0,0,826,1,2
10874,0,-1,0,0,0,826,1,1
10875,0,-1,0,0,0,826,1,6
10876,0,-1,0,0,0,250,1,1
10877,0,-1,0,0,0,840,1,12
10878,0,-1,0,0,1,156,1,7
10879,0,-1,0,0,0,826,1,13
10880,0,-1,0,0,0,840,1,11
10881,0,-1,0,0,0,840,1,16
10882,0,-1,0,0,0,156,1,11
10883,0,-1,0,0,0,156,1,14
10884,0,-1,0,0,0,840,1,7
10885,0,-1,0,1,0,276,1,4
10886,0,-1,0,0,0,250,1,19
10887,0,-1,0,0,0,276,1,2
10888,0,-1,0,0,0,840,1,5
10889,0,-1,0,0,0,276,1,6
10890,0,-1,0,0,1,276,1,4
10891,0,-1,0,0,0,826,1,17
10892,0,-1,0,0,0,840,1,15
10893,0,-1,0,0,0,250,1,2
10894,0,-1,0,0,0,276,1,19
10895,0,-1,0,0,0,826,1,16
10896,0,-1,0,0,0,276,1,13
10897,0,-1,0,0,0,156,1,11
10898,0,-1,0,0,0,840,1,18
10899,0,-1,0,0,1,276,1,16
10900,0,-1,0,0,0,826,1,7
10901,0,-1,0,0,0,250,1,2
10902,0,-1,0,1,0,826,1,12
10903,0,-1,0,0,0,840,1,9
10904,0,-1,0,0,0,826,1,10
10905,0,-1,0,0,0,156,1,17
10906,0,-1,0,0,0,156,1,0
10907,0,-1,0,0,0,826,1,2
10908,0,-1,0,1,0,826,1,17
10909,0,-1,0,0,0,826,1,2
10910,0,-1,0,1,0,250,1,19
10911,0,-1,0,1,0,840,1,14
10912,0,-1,0,0,0,840,1,16
10913,0,-1,0,0,0,250,1,12
10914,0,-1,0,0,0,156,1,17
10915,0,-1,0,0,0,276,1,1
10916,0,-1,0,0,0,156,1,1
10917,0,-1,0,0,0,840,1,1
10918,0,-1,0,0,0,156,1,6
10919,0,-1,0,0,0,156,1,17
10920,0,-1,0,0,0,156,1,0
10921,0,-1,0,0,0,276,1,0
10922,0,-1,0,0,0,826,1,14
10923,0,-1,0,0,0,826,1,5
10924,0,-1,0,1,0,250,1,0
10925,0,-1,0,0,0,250,1,16
10926,0,-1,0,0,0,156,1,2
10927,0,-1,0,0,0,156,1,17
10928,0,-1,0,1,0,156,1,18
10929,0,-1,0,0,0,250,1,1
10930,0,-1,0,1,0,156,1,1
10931,0,-1,0,0,0,156,1,0
10932,0,-1,0,0,0,276,1,11
10933,0,-1,0,1,0,840,1,19
10934,0,-1,0,0,0,826,1,18
10935,0,-1,0,0,0,840,1,10
10936,0,-1,0,0,0,840,1,6
10937,0,-1,0,0,0,826,1,18
10938,0,-1,0,0,1,276,1,3
10939,0,-1,0,0,0,826,1,10
10940,0,-1,0,0,0,250,1,8
10941,0,-1,0,0,0,826,1,5
10942,0,-1,0,0,0,826,1,6
10943,0,-1,0,0,0,826,1,8
10944,0,-1,0,0,0,276,1,6
10945,0,-1,0,0,0,156,1,17
10946,0,-1,0,0,0,840,1,2
10947,0,-1,0,0,0,156,1,6
10948,0,-1,0,0,0,840,1,6
10949,0,-1,0,0,0,826,1,16
10950,0,-1,0,0,0,276,1,6
10951,0,-1,0,0,0,840,1,18
10952,0,-1,0,0,0,156,1,10
10953,0,-1,0,0,0,826,1,0
10954,0,-1,0,0,0,156,1,11
10955,0,-1,0,0,0,276,1,5
10956,0,-1,0,0,0,840,1,6
10957,0,-1,0,0,1,276,1,7
10958,0,-1,0,1,0,840,1,18
10959,0,-1,0,0,0,250,1,6
10960,0,-1,0,0,0,250,1,0
10961,0,-1,0,0,0,250,1,9
10962,0,-1,0,1,0,826,1,0
10963,0,-1,0,0,0,276,1,0
10964,0,-1,0,0,0,840,1,2
10965,0,-1,0,0,0,156,1,12
10966,0,-1,0,0,0,250,1,18
10967,0,-1,0,0,0,156,1,17
10968,0,-1,0,0,0,156,1,15
10969,0,-1,0,0,0,840,1,7
10970,0,-1,0,0,0,826,1,4
10971,0,-1,0,0,0,250,1,9
10972,0,-1,0,1,0,840,1,16
10973,0,-1,0,0,0,826,1,19
10974,0,-1,0,0,0,826,1,17
10975,0,-1,0,0,0,840,1,19
10976,0,-1,0,0,0,826,1,6
10977,0,-1,0,0,0,840,1,19
10978,0,-1,0,0,0,156,1,19
10979,0,-1,0,0,0,156,1,1
10980,0,-1,0,0,0,840,1,16
10981,0,-1,0,0,0,276,1,5
10982,0,-1,0,0,0,250,1,15
10983,0,-1,0,0,0,250,1,17
10984,0,-1,0,0,0,156,1,6
10985,0,-1,0,1,0,250,1,16
10986,0,-1,0,0,1,826,1,16
10987,0,-1,0,0,0,826,1,7
10988,0,-1,0,0,0,840,1,12
10989,0,-1,0,0,0,276,1,9
10990,0,-1,0,0,0,250,1,16
10991,0,-1,0,0,0,156,1,14
10992,0,-1,0,0,0,156,1,8
10993,0,-1,0,0,0,156,1,8
10994,0,-1,0,0,0,250,1,18
10995,0,-1,0,0,0,826,1,4
10996,0,-1,0,0,0,826,1,5
10997,0,-1,0,0,0,156,1,14
10998,0,-1,0,0,1,250,1,13
10999,0,-1,0,0,0,840,1,7
11000,0,-1,0,0,0,250,1,13
11001,0,-1,0,0,0,826,1,14
11002,0,-1,0,0,0,826,1,8
11003,0,-1,0,0,0,840,1,8
11004,0,-1,0,0,0,826,1,18
11005,0,-1,0,0,0,250,1,9
11006,0,-1,0,0,0,826,1,18
11007,0,-1,0,1,0,826,1,6
11008,0,-1,0,0,0,156,1,6
11009,0,-1,0,0,0,826,1,15
11010,0,-1,0,0,0,276,1,9
11011,0,-1,0,0,0,276,1,10
11012,0,-1,0,0,0,826,1,16
11013,0,-1,0,1,0,276,1,2
11014,0,-1,0,0,0,840,1,7
11015,0,-1,0,0,0,276,1,0
11016,0,-1,0,0,0,250,1,8
11017,0,-1,0,0,0,156,1,12
11018,0,-1,0,0,0,250,1,2
11019,0,-1,0,1,0,840,1,5
11020,0,-1,0,0,0,840,1,7
11021,0,-1,0,0,0,156,1,12
11022,0,-1,0,0,0,156,1,4
11023,0,-1,0,0,0,156,1,15
11024,0,-1,0,0,0,250,1,4
11025,0,-1,0,0,0,826,1,13
11026,0,-1,0,1,0,156,1,10
11027,0,-1,0,0,0,840,1,16
11028,0,-1,0,1,0,826,1,14
11029,0,-1,0,0,0,276,1,14
11030,0,-1,0,0,0,250,1,8
11031,0,-1,0,0,0,826,1,0
11032,0,-1,0,0,0,826,1,11
11033,0,-1,0,0,1,840,1,2
11034,0,-1,0,0,0,826,1,9
11035,0,-1,0,0,0,826,1,5
11036,0,-1,0,0,0,840,1,16
11037,0,-1,0,1,0,156,1,10
11038,0,-1,0,1,1,250,1,7
11039,0,-1,0,0,0,156,1,19
11040,0,-1,0,0,0,826,1,1
11041,0,-1,0,0,0,156,1,10
11042,0,-1,0,0,0,250,1,15
11043,0,-1,0,0,0,840,1,11
11044,0,-1,0,0,0,156,1,1
11045,0,-1,0,1,0,276,1,19
11046,0,-1,0,0,0,840,1,14
11047,0,-1,0,0,0,156,1,12
11048,0,-1,0,0,0,826,1,9
11049,0,-1,0,0,0,156,1,4
11050,0,-1,0,0,1,156,1,17
11051,0,-1,0,0,0,250,1,8
11052,0,-1,0,0,0,826,1,16
11053,0,-1,0,0,0,156,1,0
11054,0,-1,0,1,0,156,1,8
11055,0,-1,0,0,0,276,1,9
11056,0,-1,0,1,0,276,1,5
11057,0,-1,0,0,0,250,1,2
11058,0,-1,0,0,0,276,1,13
11059,0,-1,0,0,0,276,1,10
11060,0,-1,0,0,0,276,1,13
11061,0,-1,0,0,0,840,1,14
11062,0,-1,0,0,0,840,1,3
11063,0,-1,0,0,0,840,1,3
11064,0,-1,0,0,0,276,1,10
11065,0,-1,0,0,0,826,1,9
11066,0,-1,0,0,0,156,1,11
11067,0,-1,0,1,0,826,1,18
11068,0,-1,0,0,0,276,1,7
11069,0,-1,0,0,0,250,1,19
11070,0,-1,0,0,0,826,1,15
11071,0,-1,0,0,0,840,1,13
11072,0,-1,0,0,0,826,1,15
11073,0,-1,0,0,0,840,1,17
11074,0,-1,0,0,0,250,1,18
11075,0,-1,0,0,0,826,1,12
11076,0,-1,0,0,0,276,1,8
11077,0,-1,0,0,0,840,1,8
11078,0,-1,0,0,0,826,1,15
11079,0,-1,0,0,0,840,1,13
11080,0,-1,0,0,0,156,1,14
11081,0,-1,0,0,0,156,1,14
11082,0,-1,0,0,0,276,1,2
11083,0,-1,0,0,0,156,1,18
11084,0,-1,0,0,0,276,1,17
11085,0,-1,0,0,0,826,1,7
11086,0,-1,0,0,0,276,1,16
11087,0,-1,0,1,0,840,1,3
11088,0,-1,0,0,0,840,1,9
11089,0,-1,0,0,0,840,1,3
11090,0,-1,0,0,0,250,1,13
11091,0,-1,0,0,0,826,1,2
11092,0,-1,0,0,1,840,1,5
11093,0,-1,0,0,0,250,1,18
11094,0,-1,0,0,0,156,1,5
11095,0,-1,0,0,0,250,1,4
11096,0,-1,0,0,0,250,1,12
11097,0,-1,0,0,0,156,1,7
11098,0,-1,0,1,0,156,1,14
11099,0,-1,0,0,0,276,1,14
11100,0,-1,0,0,0,276,1,8
11101,0,-1,0,0,0,156,1,3
11102,0,-1,0,0,0,156,1,16
11103,0,-1,0,1,0,156,1,10
11104,0,-1,0,0,0,826,1,17
11105,0,-1,0,0,0,840,1,0
11106,0,-1,0,0,0,156,1,3
11107,0,-1,0,0,0,156,1,15
11108,0,-1,0,0,0,250,1,9
11109,0,-1,0,0,0,826,1,17
11110,0,-1,0,0,0,156,1,19
11111,0,-1,0,0,0,276,1,6
11112,0,-1,0,0,0,840,1,6
11113,0,-1,0,0,0,156,1,6
11114,0,-1,0,0,0,156,1,16
11115,0,-1,0,1,0,156,1,12
11116,0,-1,0,0,1,276,1,11
11117,0,-1,0,0,0,156,1,1
11118,0,-1,0,1,0,250,1,9
11119,0,-1,0,0,0,276,1,3
11120,0,-1,0,0,0,826,1,12
11121,0,-1,0,1,1,276,1,10
11122,0,-1,0,0,0,826,1,2
11123,0,-1,0,0,0,250,1,8
11124,0,-1,0,1,0,250,1,9
11125,0,-1,0,1,1,156,1,12
11126,0,-1,0,0,1,826,1,17
11127,0,-1,0,0,0,826,1,13
11128,0,-1,0,0,0,156,1,0
11129,0,-1,0,0,0,156,1,4
11130,0,-1,0,0,0,826,1,7
11131,0,-1,0,0,0,250,1,9
11132,0,-1,0,0,0,276,1,6
11133,0,-1,0,0,0,250,1,4
11134,0,-1,0,0,0,840,1,10
11135,0,-1,0,0,0,826,1,5
11136,0,-1,0,1,0,826,1,11
11137,0,-1,0,0,0,840,1,4
11138,0,-1,0,0,0,250,1,14
11139,0,-1,0,0,0,156,1,15
11140,0,-1,0,0,0,276,1,7
11141,0,-1,0,0,0,156,1,7
11142,0,-1,0,0,0,156,1,11
11143,0,-1,0,0,0,276,1,10
11144,0,-1,0,0,0,276,1,15
11145,0,-1,0,1,0,840,1,12
11146,0,-1,0,0,0,156,1,17
11147,0,-1,0,0,0,826,1,2
11148,0,-1,0,1,0,826,1,2
11149,0,-1,0,0,0,276,1,7
11150,0,-1,0,0,0,826,1,12
11151,0,-1,0,0,0,276,1,14
11152,0,-1,0,0,0,826,1,13
11153,0,-1,0,0,0,840,1,17
11154,0,-1,0,0,0,840,1,10
11155,0,-1,0,0,0,250,1,0
11156,0,-1,0,0,0,276,1,2
11157,0,-1,0,0,0,826,1,2
11158,0,-1,0,0,0,276,1,9
11159,0,-1,0,0,0,250,1,11
11160,0,-1,0,0,0,840,1,18
11161,0,-1,0,0,0,156,1,4
11162,0,-1,0,0,0,156,1,5
11163,0,-1,0,0,0,826,1,8
11164,0,-1,0,0,0,156,1,18
11165,0,-1,0,0,0,156,1,10
11166,0,-1,0,0,0,250,1,15
11167,0,-1,0,1,0,156,1,6
11168,0,-1,0,1,0,156,1,12
11169,0,-1,0,0,0,826,1,14
11170,0,-1,0,0,0,826,1,4
11171,0,-1,0,1,0,250,1,12
11172,0,-1,0,0,0,276,1,12
11173,0,-1,0,0,0,156,1,16
11174,0,-1,0,0,0,156,1,8
11175,0,-1,0,0,0,276,1,16
11176,0,-1,0,0,0,826,1,2
11177,0,-1,0,0,0,156,1,12
11178,0,-1,0,0,0,250,1,17
11179,0,-1,0,0,0,250,1,12
11180,0,-1,0,0,0,826,1,11
11181,0,-1,0,0,0,250,1,10
11182,0,-1,0,0,0,250,1,12
11183,0,-1,0,0,0,840,1,10
11184,0,-1,0,0,0,826,1,5
11185,0,-1,0,0,0,250,1,16
11186,0,-1,0,0,0,156,1,1
11187,0,-1,0,0,1,156,1,19
11188,0,-1,0,0,0,276,1,6
11189,0,-1,0,0,0,250,1,5
11190,0,-1,0,0,0,276,1,7
11191,0,-1,0,0,0,156,1,6
11192,0,-1,0,0,0,826,1,7
11193,0,-1,0,0,0,826,1,14
11194,0,-1,0,0,0,250,1,12
11195,0,-1,0,0,0,826,1,4
11196,0,-1,0,1,0,156,1,15
11197,0,-1,0,0,0,156,1,13
11198,0,-1,0,0,0,250,1,17
11199,0,-1,0,0,0,250,1,2
11200,0,-1,0,0,0,826,1,0
11201,0,-1,0,0,0,276,1,8
11202,0,-1,0,0,0,156,1,18
11203,0,-1,0,1,0,156,1,5
11204,0,-1,0,0,0,156,1,4
11205,0,-1,0,0,0,826,1,5
11206,0,-1,0,0,0,826,1,3
11207,0,-1,0,0,0,276,1,10
11208,0,-1,0,0,0,826,1,18
11209,0,-1,0,0,0,826,1,5
11210,0,-1,0,0,0,276,1,1
11211,0,-1,0,0,0,156,1,1
11212,0,-1,0,1,0,276,1,10
11213,0,-1,0,0,0,276,1,19
11214,0,-1,0,0,0,840,1,19
11215,0,-1,0,0,0,156,1,18
11216,0,-1,0,0,0,826,1,16
11217,0,-1,0,0,0,826,1,0
11218,0,-1,0,0,0,840,1,17
11219,0,-1,0,0,0,156,1,17
11220,0,-1,0,0,0,840,1,1
11221,0,-1,0,0,1,276,1,3
11222,0,-1,0,0,0,250,1,17
11223,0,-1,0,0,0,250,1,16
11224,0,-1,0,0,0,156,1,8
11225,0,-1,0,0,0,156,1,17
11226,0,-1,0,0,0,156,1,4
11227,0,-1,0,0,0,156,1,6
11228,0,-1,0,0,0,840,1,3
11229,0,-1,0,0,0,156,1,6
11230,0,-1,0,0,0,250,1,8
11231,0,-1,0,0,0,276,1,14
11232,0,-1,0,0,0,156,1,9
11233,0,-1,0,0,0,250,1,5
11234,0,-1,0,0,0,276,1,11
11235,0,-1,0,0,0,826,1,0
11236,0,-1,0,0,0,840,1,14
11237,0,-1,0,0,0,250,1,4
11238,0,-1,0,0,0,250,1,3
11239,0,-1,0,0,0,250,1,1
11240,0,-1,0,0,0,826,1,7
11241,0,-1,0,0,0,276,1,16
11242,0,-1,0,1,0,840,1,19
11243,0,-1,0,0,0,840,1,3
11244,0,-1,0,0,0,840,1,19
11245,0,-1,0,0,0,276,1,19
11246,0,-1,0,0,0,826,1,0
11247,0,-1,0,0,0,276,1,11
11248,0,-1,0,0,0,840,1,12
11249,0,-1,0,0,0,840,1,7
11250,0,-1,0,1,0,156,1,12
11251,0,-1,0,0,0,250,1,11
11252,0,-1,0,0,0,826,1,9
11253,0,-1,0,0,0,156,1,6
11254,0,-1,0,0,0,250,1,19
11255,0,-1,0,1,0,840,1,10
11256,0,-1,0,0,0,156,1,8
11257,0,-1,0,0,0,276,1,10
11258,0,-1,0,0,0,250,1,7
11259,0,-1,0,1,0,840,1,9
11260,0,-1,0,0,0,826,1,11
11261,0,-1,0,0,0,156,1,9
11262,0,-1,0,0,0,826,1,15
11263,0,-1,0,0,0,840,1,10
11264,0,-1,0,0,0,250,1,10
11265,0,-1,0,0,0,250,1,9
11266,0,-1,0,0,0,826,1,16
11267,0,-1,0,0,0,276,1,5
11268,0,-1,0,0,0,840,1,18
11269,0,-1,0,0,0,276,1,19
11270,0,-1,0,0,0,826,1,6
11271,0,-1,0,0,0,250,1,10
11272,0,-1,0,0,0,840,1,0
11273,0,-1,0,0,0,156,1,3
11274,0,-1,0,0,0,156,1,11
11275,0,-1,0,0,0,276,1,14
11276,0,-1,0,0,0,250,1,8
11277,0,-1,0,0,0,840,1,12
11278,0,-1,0,0,0,156,1,18
11279,0,-1,0,0,0,156,1,14
11280,0,-1,0,0,0,826,1,16
11281,0,-1,0,0,0,250,1,6
11282,0,-1,0,0,0,826,1,10
11283,0,-1,0,0,0,250,1,14
11284,0,-1,0,1,0,156,1,5
11285,0,-1,0,0,0,826,1,9
11286,0,-1,0,0,0,826,1,2
11287,0,-1,0,0,0,276,1,2
11288,0,-1,0,0,0,250,1,19
11289,0,-1,0,0,1,156,1,5
11290,0,-1,0,0,0,250,1,19
11291,0,-1,0,0,0,250,1,13
11292,0,-1,0,0,0,156,1,17
11293,0,-1,0,0,0,276,1,7
11294,0,-1,0,0,0,156,1,11
11295,0,-1,0,0,0,276,1,11
11296,0,-1,0,0,0,840,1,14
11297,0,-1,0,0,0,250,1,15
11298,0,-1,0,0,0,250,1,10
11299,0,-1,0,0,0,276,1,0
11300,0,-1,0,1,0,840,1,11
11301,0,-1,0,0,0,156,1,14
11302,0,-1,0,0,0,840,1,12
11303,0,-1,0,0,0,156,1,12
11304,0,-1,0,0,0,156,1,6
11305,0,-1,0,0,0,840,1,17
11306,0,-1,0,0,0,156,1,9
11307,0,-1,0,0,0,276,1,14
11308,0,-1,0,0,1,826,1,3
11309,0,-1,0,0,0,276,1,6
11310,0,-1,0,0,1,156,1,5
11311,0,-1,0,0,0,156,1,16
11312,0,-1,0,0,0,826,1,6
11313,0,-1,0,0,0,840,1,17
11314,0,-1,0,0,0,276,1,10
11315,0,-1,0,0,0,826,1,12
11316,0,-1,0,0,0,156,1,9
11317,0,-1,0,0,0,250,1,18
11318,0,-1,0,0,0,156,1,0
11319,0,-1,0,0,0,250,1,11
11320,0,-1,0,0,0,826,1,1
11321,0,-1,0,0,0,250,1,17
11322,0,-1,0,0,1,840,1,13
11323,0,-1,0,0,0,276,1,10
11324,0,-1,0,0,0,156,1,8
11325,0,-1,0,0,0,250,1,19
11326,0,-1,0,0,0,826,1,11
11327,0,-1,0,0,0,826,1,7
11328,0,-1,0,1,0,156,1,6
11329,0,-1,0,0,0,276,1,8
11330,0,-1,0,0,1,276,1,0
11331,0,-1,0,0,0,276,1,4
11332,0,-1,0,0,0,826,1,13
11333,0,-1,0,0,1,276,1,8
11334,0,-1,0,0,0,156,1,15
11335,0,-1,0,0,0,826,1,8
11336,0,-1,0,0,0,156,1,0
11337,0,-1,0,1,0,826,1,11
11338,0,-1,0,0,0,826,1,2
11339,0,-1,0,0,0,156,1,1
11340,0,-1,0,0,0,826,1,16
11341,0,-1,0,0,0,156,1,1
11342,0,-1,0,1,0,840,1,19
11343,0,-1,0,0,0,156,1,16
11344,0,-1,0,1,0,826,1,10
11345,0,-1,0,0,0,276,1,9
11346,0,-1,0,0,0,826,1,12
11347,0,-1,0,0,0,826,1,11
11348,0,-1,0,0,0,250,1,0
11349,0,-1,0,0,0,826,1,17
11350,0,-1,0,0,0,826,1,16
11351,0,-1,0,0,0,250,1,19
11352,0,-1,0,0,0,826,1,9
11353,0,-1,0,0,0,826,1,10
11354,0,-1,0,0,0,156,1,12
11355,0,-1,0,0,0,156,1,10
11356,0,-1,0,0,1,826,1,6
11357,0,-1,0,0,0,156,1,12
11358,0,-1,0,0,0,250,1,7
11359,0,-1,0,0,0,250,1,14
11360,0,-1,0,0,0,156,1,6
11361,0,-1,0,0,0,840,1,4
11362,0,-1,0,0,1,840,1,14
11363,0,-1,0,0,0,276,1,5
11364,0,-1,0,0,1,276,1,8
11365,0,-1,0,0,0,276,1,5
11366,0,-1,0,0,0,276,1,14
11367,0,-1,0,0,0,840,1,12
11368,0,-1,0,0,0,250,1,6
11369,0,-1,0,0,0,276,1,19
11370,0,-1,0,0,0,156,1,17
11371,0,-1,0,0,0,276,1,1
11372,0,-1,0,0,0,826,1,0
11373,0,-1,0,0,0,250,1,18
11374,0,-1,0,1,0,826,1,12
11375,0,-1,0,0,0,250,1,2
11376,0,-1,0,0,0,276,1,17
11377,0,-1,0,0,0,276,1,6
11378,0,-1,0,0,0,156,1,4
11379,0,-1,0,0,0,826,1,1
11380,0,-1,0,0,0,250,1,18
11381,0,-1,0,0,0,276,1,8
11382,0,-1,0,0,0,156,1,9
11383,0,-1,0,0,0,250,1,8
11384,0,-1,0,0,0,826,1,17
11385,0,-1,0,0,0,276,1,12
11386,0,-1,0,0,0,276,1,8
11387,0,-1,0,0,0,840,1,3
11388,0,-1,0,1,0,156,1,8
11389,0,-1,0,0,0,156,1,2
11390,0,-1,0,0,0,840,1,1
11391,0,-1,0,0,0,826,1,0
11392,0,-1,0,0,0,156,1,1
11393,0,-1,0,1,0,156,1,6
11394,0,-1,0,0,0,250,1,1
11395,0,-1,0,0,0,276,1,17
11396,0,-1,0,0,0,156,1,8
11397,0,-1,0,0,0,250,1,19
11398,0,-1,0,0,0,250,1,6
11399,0,-1,0,0,0,826,1,19
11400,0,-1,0,1,0,250,1,18
11401,0,-1,0,0,0,156,1,5
11402,0,-1,0,0,0,840,1,11
11403,0,-1,0,0,0,156,1,5
11404,0,-1,0,0,0,840,1,12
11405,0,-1,0,0,0,250,1,6
11406,0,-1,0,0,0,156,1,5
11407,0,-1,0,0,0,250,1,17
11408,0,-1,0,0,0,840,1,15
11409,0,-1,0,1,0,250,1,1
11410,0,-1,0,1,0,840,1,7
11411,0,-1,0,0,1,840,1,2
11412,0,-1,0,0,0,276,1,4
11413,0,-1,0,0,0,276,1,19
11414,0,-1,0,0,0,840,1,4
11415,0,-1,0,0,0,840,1,18
11416,0,-1,0,0,0,276,1,18
11417,0,-1,0,0,0,840,1,9
11418,0,-1,0,0,0,276,1,15
11419,0,-1,0,0,0,156,1,10
11420,0,-1,0,0,0,826,1,1
11421,0,-1,0,0,0,156,1,19
11422,0,-1,0,0,0,250,1,13
11423,0,-1,0,0,0,250,1,8
11424,0,-1,0,0,0,156,1,13
11425,0,-1,0,0,0,250,1,8
11426,0,-1,0,0,0,826,1,17
11427,0,-1,0,0,0,156,1,19
11428,0,-1,0,0,0,250,1,1
11429,0,-1,0,1,0,250,1,11
11430,0,-1,0,0,1,840,1,8
11431,0,-1,0,0,0,826,1,0
11432,0,-1,0,0,0,276,1,12
11433,0,-1,0,0,0,156,1,0
11434,0,-1,0,0,0,840,1,15
11435,0,-1,0,0,0,250,1,15
11436,0,-1,0,0,0,250,1,5
11437,0,-1,0,0,0,156,1,10
11438,0,-1,0,0,0,250,1,10
11439,0,-1,0,0,0,250,1,1
11440,0,-1,0,0,0,826,1,13
11441,0,-1,0,0,0,276,1,11
11442,0,-1,0,0,0,250,1,6
11443,0,-1,0,0,0,276,1,3
11444,0,-1,0,0,0,276,1,0
11445,0,-1,0,0,0,840,1,13
11446,0,-1,0,0,0,840,1,17
11447,0,-1,0,0,0,826,1,7
11448,0,-1,0,0,0,840,1,9
11449,0,-1,0,0,0,250,1,1
11450,0,-1,0,0,0,840,1,11
11451,0,-1,0,0,0,156,1,11
11452,0,-1,0,0,0,840,1,16
11453,0,-1,0,0,0,250,1,12
11454,0,-1,0,0,0,276,1,9
11455,0,-1,0,0,0,840,1,9
11456,0,-1,0,0,0,826,1,9
11457,0,-1,0,0,0,840,1,14
11458,0,-1,0,0,0,826,1,15
11459,0,-1,0,0,0,826,1,3
11460,0,-1,0,1,0,826,1,19
11461,0,-1,0,1,0,250,1,9
11462,0,-1,0,0,0,826,1,15
11463,0,-1,0,0,1,250,1,13
11464,0,-1,0,0,0,250,1,7
11465,0,-1,0,0,1,826,1,10
11466,0,-1,0,0,0,826,1,7
11467,0,-1,0,1,0,840,1,17
11468,0,-1,0,0,0,840,1,6
11469,0,-1,0,0,0,840,1,18
11470,0,-1,0,1,1,276,1,16
11471,0,-1,0,1,0,840,1,14
11472,0,-1,0,0,0,826,1,11
11473,0,-1,0,0,0,826,1,14
11474,0,-1,0,0,0,156,1,10
11475,0,-1,0,0,0,276,1,12
11476,0,-1,0,0,0,276,1,13
11477,0,-1,0,0,0,840,1,6
11478,0,-1,0,0,0,276,1,8
11479,0,-1,0,0,0,250,1,6
11480,0,-1,0,0,0,826,1,3
11481,0,-1,0,0,0,276,1,18
11482,0,-1,0,0,0,156,1,13
11483,0,-1,0,0,0,156,1,17
11484,0,-1,0,0,0,840,1,10
11485,0,-1,0,0,0,840,1,5
11486,0,-1,0,0,1,826,1,19
11487,0,-1,0,0,0,840,1,13
11488,0,-1,0,0,0,276,1,1
11489,0,-1,0,0,0,156,1,7
11490,0,-1,0,0,0,156,1,3
11491,0,-1,0,0,0,276,1,2
11492,0,-1,0,0,0,156,1,1
11493,0,-1,0,0,0,276,1,18
11494,0,-1,0,1,0,840,1,16
11495,0,-1,0,0,0,276,1,12
11496,0,-1,0,0,0,250,1,8
11497,0,-1,0,0,0,156,1,16
11498,0,-1,0,0,0,276,1,0
11499,0,-1,0,0,0,156,1,13
11500,0,-1,0,0,0,156,1,16
11501,0,-1,0,0,0,826,1,16
11502,0,-1,0,0,0,156,1,8
11503,0,-1,0,0,0,826,1,8
11504,0,-1,0,0,0,250,1,14
11505,0,-1,0,0,1,250,1,9
11506,0,-1,0,0,0,156,1,12
11507,0,-1,0,0,0,250,1,15
11508,0,-1,0,0,0,826,1,9
11509,0,-1,0,1,0,250,1,14
11510,0,-1,0,0,0,840,1,13
11511,0,-1,0,1,0,826,1,12
11512,0,-1,0,1,0,250,1,13
11513,0,-1,0,0,0,156,1,15
11514,0,-1,0,0,0,276,1,8
11515,0,-1,0,0,0,276,1,18
11516,0,-1,0,0,0,276,1,4
11517,0,-1,0,0,0,826,1,2
11518,0,-1,0,0,0,840,1,2
11519,0,-1,0,0,0,840,1,12
11520,0,-1,0,0,0,826,1,8
11521,0,-1,0,0,0,840,1,13
11522,0,-1,0,0,0,826,1,11
11523,0,-1,0,1,0,156,1,5
11524,0,-1,0,1,0,826,1,14
11525,0,-1,0,0,0,250,1,11
11526,0,-1,0,0,0,840,1,6
11527,0,-1,0,0,0,840,1,1
11528,0,-1,0,0,0,276,1,0
11529,0,-1,0,0,0,250,1,13
11530,0,-1,0,0,0,826,1,10
11531,0,-1,0,0,0,276,1,8
11532,0,-1,0,1,0,250,1,15
11533,0,-1,0,0,0,250,1,14
11534,0,-1,0,0,0,826,1,11
11535,0,-1,0,0,0,840,1,3
11536,0,-1,0,0,0,840,1,15
11537,0,-1,0,0,0,156,1,16
11538,0,-1,0,0,0,826,1,16
11539,0,-1,0,0,0,276,1,1
11540,0,-1,0,0,0,156,1,10
11541,0,-1,0,0,1,826,1,17
11542,0,-1,0,0,0,826,1,11
11543,0,-1,0,0,0,276,1,2
11544,0,-1,0,0,0,276,1,10
11545,0,-1,0,0,0,826,1,10
11546,0,-1,0,0,0,276,1,0
11547,0,-1,0,0,0,840,1,13
11548,0,-1,0,0,0,826,1,12
11549,0,-1,0,0,0,840,1,2
11550,0,-1,0,0,0,156,1,9
11551,0,-1,0,0,0,840,1,17
11552,0,-1,0,0,0,826,1,9
11553,0,-1,0,0,0,840,1,11
11554,0,-1,0,0,0,156,1,19
11555,0,-1,0,0,0,156,1,15
11556,0,-1,0,0,0,840,1,15
11557,0,-1,0,0,0,276,1,3
11558,0,-1,0,0,0,276,1,9
11559,0,-1,0,0,0,826,1,9
11560,0,-1,0,0,0,840,1,16
11561,0,-1,0,0,0,250,1,6
11562,0,-1,0,0,0,250,1,1
11563,0,-1,0,0,0,826,1,8
11564,0,-1,0,0,0,840,1,2
11565,0,-1,0,0,0,840,1,15
11566,0,-1,0,0,0,840,1,9
11567,0,-1,0,0,0,156,1,15
11568,0,-1,0,0,0,276,1,11
11569,0,-1,0,0,0,276,1,14
11570,0,-1,0,0,0,276,1,15
11571,0,-1,0,0,0,840,1,11
11572,0,-1,0,1,0,250,1,5
11573,0,-1,0,0,0,276,1,12
11574,0,-1,0,1,0,840,1,17
11575,0,-1,0,0,1,250,1,16
11576,0,-1,0,0,0,276,1,3
11577,0,-1,0,0,0,250,1,19
11578,0,-1,0,0,0,250,1,14
11579,0,-1,0,0,0,156,1,19
11580,0,-1,0,0,0,826,1,5
11581,0,-1,0,1,0,276,1,6
11582,0,-1,0,0,0,840,1,11
11583,0,-1,0,0,0,840,1,2
11584,0,-1,0,1,0,826,1,15
11585,0,-1,0,0,0,250,1,3
11586,0,-1,0,0,0,156,1,18
11587,0,-1,0,1,0,156,1,18
11588,0,-1,0,0,0,156,1,7
11589,0,-1,0,0,0,156,1,8
11590,0,-1,0,0,0,826,1,0
11591,0,-1,0,0,0,156,1,0
11592,0,-1,0,0,0,276,1,9
11593,0,-1,0,0,0,840,1,1
11594,0,-1,0,0,0,840,1,2
11595,0,-1,0,0,0,250,1,9
11596,0,-1,0,1,0,840,1,0
11597,0,-1,0,0,0,276,1,4
11598,0,-1,0,0,0,250,1,2
11599,0,-1,0,0,0,826,1,5
11600,0,-1,0,0,0,276,1,2
11601,0,-1,0,0,0,276,1,18
11602,0,-1,0,0,0,276,1,7
11603,0,-1,0,0,0,826,1,8
11604,0,-1,0,0,0,276,1,13
11605,0,-1,0,0,0,840,1,11
11606,0,-1,0,0,0,826,1,10
11607,0,-1,0,0,0,826,1,15
11608,0,-1,0,0,0,156,1,11
11609,0,-1,0,1,0,826,1,9
11610,0,-1,0,1,0,156,1,8
11611,0,-1,0,0,0,826,1,3
11612,0,-1,0,0,0,250,1,5
11613,0,-1,0,0,0,250,1,14
11614,0,-1,0,0,1,276,1,0
11615,0,-1,0,0,0,840,1,3
11616,0,-1,0,0,0,826,1,5
11617,0,-1,0,0,0,826,1,1
11618,0,-1,0,0,0,826,1,14
11619,0,-1,0,0,0,156,1,8
11620,0,-1,0,0,0,156,1,5
11621,0,-1,0,0,0,156,1,7
11622,0,-1,0,0,0,156,1,4
11623,0,-1,0,0,0,840,1,8
11624,0,-1,0,0,0,826,1,15
11625,0,-1,0,0,0,840,1,6
11626,0,-1,0,0,0,156,1,13
11627,0,-1,0,1,0,250,1,10
11628,0,-1,0,0,0,156,1,19
11629,0,-1,0,0,0,276,1,13
11630,0,-1,0,0,0,276,1,10
11631,0,-1,0,0,0,250,1,12
11632,0,-1,0,0,0,156,1,7
11633,0,-1,0,0,0,826,1,13
11634,0,-1,0,0,0,840,1,0
11635,0,-1,0,0,0,250,1,7
11636,0,-1,0,0,0,276,1,13
11637,0,-1,0,0,0,276,1,13
11638,0,-1,0,0,0,250,1,7
11639,0,-1,0,0,0,840,1,4
11640,0,-1,0,0,0,840,1,3
11641,0,-1,0,0,0,840,1,8
11642,0,-1,0,0,0,276,1,11
11643,0,-1,0,0,0,156,1,11
11644,0,-1,0,0,0,250,1,9
11645,0,-1,0,0,0,156,1,2
11646,0,-1,0,0,0,276,1,1
11647,0,-1,0,0,1,826,1,5
11648,0,-1,0,0,0,250,1,16
11649,0,-1,0,1,0,156,1,11
11650,0,-1,0,0,0,840,1,10
11651,0,-1,0,0,0,250,1,8
11652,0,-1,0,0,0,156,1,10
11653,0,-1,0,0,1,840,1,1
11654,0,-1,0,0,0,826,1,19
11655,0,-1,0,0,0,826,1,7
11656,0,-1,0,0,0,156,1,0
11657,0,-1,0,1,0,276,1,11
11658,0,-1,0,0,0,156,1,14
11659,0,-1,0,0,0,840,1,16
11660,0,-1,0,0,1,840,1,15
11661,0,-1,0,0,0,840,1,4
11662,0,-1,0,0,0,276,1,11
11663,0,-1,0,0,0,250,1,14
11664,0,-1,0,0,0,250,1,13
11665,0,-1,0,0,0,826,1,16
11666,0,-1,0,0,0,840,1,7
11667,0,-1,0,0,0,250,1,16
11668,0,-1,0,0,0,840,1,18
11669,0,-1,0,0,0,826,1,3
11670,0,-1,0,1,0,826,1,19
11671,0,-1,0,0,0,840,1,6
11672,0,-1,0,0,0,276,1,3
11673,0,-1,0,0,0,156,1,16
11674,0,-1,0,0,0,826,1,15
11675,0,-1,0,0,0,840,1,16
11676,0,-1,0,0,1,250,1,17
11677,0,-1,0,1,0,840,1,5
11678,0,-1,0,0,0,840,1,10
11679,0,-1,0,0,0,250,1,10
11680,0,-1,0,0,0,840,1,3
11681,0,-1,0,0,1,250,1,7
11682,0,-1,0,0,0,250,1,5
11683,0,-1,0,0,0,826,1,4
11684,0,-1,0,0,0,276,1,4
11685,0,-1,0,0,0,826,1,4
11686,0,-1,0,1,0,840,1,3
11687,0,-1,0,0,0,826,1,5
11688,0,-1,0,0,0,826,1,19
11689,0,-1,0,0,0,156,1,9
11690,0,-1,0,0,0,840,1,13
11691,0,-1,0,0,0,840,1,9
11692,0,-1,0,0,0,250,1,18
11693,0,-1,0,0,1,250,1,4
11694,0,-1,0,0,0,840,1,1
11695,0,-1,0,0,0,826,1,15
11696,0,-1,0,1,0,156,1,5
11697,0,-1,0,0,0,250,1,13
11698,0,-1,0,1,0,250,1,3
11699,0,-1,0,1,0,156,1,8
11700,0,-1,0,0,0,840,1,14
11701,0,-1,0,0,0,840,1,14
11702,0,-1,0,0,0,156,1,3
11703,0,-1,0,0,0,840,1,1
11704,0,-1,0,0,0,826,1,13
11705,0,-1,0,0,0,276,1,4
11706,0,-1,0,0,0,156,1,16
11707,0,-1,0,1,0,156,1,10
11708,0,-1,0,0,0,156,1,18
11709,0,-1,0,0,0,840,1,7
11710,0,-1,0,0,0,826,1,18
11711,0,-1,0,1,0,840,1,7
11712,0,-1,0,0,0,156,1,11
11713,0,-1,0,0,0,156,1,0
11714,0,-1,0,0,0,250,1,15
11715,0,-1,0,0,0,156,1,19
11716,0,-1,0,1,0,156,1,7
11717,0,-1,0,0,0,156,1,2
11718,0,-1,0,0,0,276,1,7
11719,0,-1,0,0,0,840,1,1
11720,0,-1,0,0,0,276,1,16
11721,0,-1,0,0,0,840,1,15
11722,0,-1,0,0,0,156,1,18
11723,0,-1,0,0,0,276,1,5
11724,0,-1,0,0,0,276,1,3
11725,0,-1,0,0,0,250,1,12
11726,0,-1,0,0,0,826,1,15
11727,0,-1,0,0,0,156,1,0
11728,0,-1,0,0,0,276,1,6
11729,0,-1,0,0,0,250,1,0
11730,0,-1,0,0,0,276,1,2
11731,0,-1,0,0,0,276,1,8
11732,0,-1,0,0,0,276,1,17
11733,0,-1,0,0,0,156,1,3
11734,0,-1,0,0,0,250,1,14
11735,0,-1,0,0,0,840,1,18
11736,0,-1,0,1,0,840,1,3
11737,0,-1,0,0,0,250,1,3
11738,0,-1,0,0,0,250,1,14
11739,0,-1,0,1,0,250,1,18
11740,0,-1,0,0,0,250,1,4
11741,0,-1,0,0,0,250,1,15
11742,0,-1,0,0,0,156,1,11
11743,0,-1,0,0,0,156,1,5
11744,0,-1,0,0,0,840,1,4
11745,0,-1,0,0,0,156,1,2
11746,0,-1,0,0,0,276,1,19
11747,0,-1,0,1,0,276,1,18
11748,0,-1,0,0,0,156,1,0
11749,0,-1,0,0,0,826,1,19
11750,0,-1,0,0,1,840,1,18
11751,0,-1,0,0,0,250,1,6
11752,0,-1,0,1,0,826,1,15
11753,0,-1,0,0,0,156,1,6
11754,0,-1,0,0,0,840,1,3
11755,0,-1,0,0,0,276,1,18
11756,0,-1,0,0,0,826,1,16
11757,0,-1,0,0,0,276,1,12
11758,0,-1,0,0,0,276,1,17
11759,0,-1,0,0,0,156,1,11
11760,0,-1,0,0,0,276,1,5
11761,0,-1,0,0,1,156,1,1
11762,0,-1,0,0,0,156,1,15
11763,0,-1,0,0,0,826,1,11
11764,0,-1,0,0,0,250,1,8
11765,0,-1,0,0,0,156,1,9
11766,0,-1,0,0,1,156,1,0
11767,0,-1,0,0,0,826,1,9
11768,0,-1,0,0,0,840,1,6
11769,0,-1,0,0,0,156,1,10
11770,0,-1,0,0,0,826,1,6
11771,0,-1,0,0,0,156,1,13
11772,0,-1,0,0,0,250,1,11
11773,0,-1,0,0,0,826,1,16
11774,0,-1,0,0,0,826,1,16
11775,0,-1,0,1,0,250,1,12
11776,0,-1,0,0,0,826,1,11
11777,0,-1,0,0,0,826,1,19
11778,0,-1,0,0,0,250,1,13
11779,0,-1,0,0,0,276,1,3
11780,0,-1,0,0,0,840,1,5
11781,0,-1,0,0,0,156,1,17
11782,0,-1,0,0,0,826,1,17
11783,0,-1,0,0,0,840,1,11
11784,0,-1,0,0,0,276,1,18
11785,0,-1,0,0,0,250,1,13
11786,0,-1,0,1,0,826,1,14
11787,0,-1,0,0,0,250,1,9
11788,0,-1,0,0,0,826,1,8
11789,0,-1,0,0,0,840,1,19
11790,0,-1,0,0,1,156,1,1
11791,0,-1,0,0,0,156,1,15
11792,0,-1,0,0,0,840,1,17
11793,0,-1,0,0,0,250,1,11
11794,0,-1,0,0,0,250,1,17
11795,0,-1,0,0,0,250,1,2
11796,0,-1,0,0,0,276,1,7
11797,0,-1,0,0,0,276,1,16
11798,0,-1,0,0,0,276,1,12
11799,0,-1,0,0,0,156,1,7
11800,0,-1,0,0,0,840,1,10
11801,0,-1,0,0,0,840,1,17
11802,0,-1,0,0,1,156,1,6
11803,0,-1,0,0,0,250,1,2
11804,0,-1,0,0,0,156,1,7
11805,0,-1,0,0,0,250,1,18
11806,0,-1,0,0,1,250,1,7
11807,0,-1,0,0,0,156,1,0
11808,0,-1,0,0,0,250,1,18
11809,0,-1,0,0,0,156,1,11
11810,0,-1,0,0,0,826,1,10
11811,0,-1,0,0,0,276,1,8
11812,0,-1,0,0,0,250,1,19
11813,0,-1,0,0,0,250,1,19
11814,0,-1,0,0,0,250,1,12
11815,0,-1,0,0,0,840,1,19
11816,0,-1,0,0,0,156,1,1
11817,0,-1,0,0,0,826,1,4
11818,0,-1,0,1,0,840,1,1
11819,0,-1,0,0,0,276,1,17
11820,0,-1,0,0,0,840,1,6
11821,0,-1,0,0,0,276,1,4
11822,0,-1,0,0,0,826,1,5
11823,0,-1,0,0,0,276,1,19
11824,0,-1,0,0,0,156,1,7
11825,0,-1,0,0,0,276,1,17
11826,0,-1,0,0,0,250,1,1
11827,0,-1,0,0,0,250,1,12
11828,0,-1,0,1,0,250,1,19
11829,0,-1,0,0,0,826,1,2
11830,0,-1,0,0,0,826,1,17
11831,0,-1,0,0,0,826,1,8
11832,0,-1,0,0,0,840,1,15
11833,0,-1,0,0,0,250,1,18
11834,0,-1,0,0,0,276,1,9
11835,0,-1,0,0,0,156,1,8
11836,0,-1,0,0,1,156,1,13
11837,0,-1,0,0,0,250,1,14
11838,0,-1,0,0,0,826,1,12
11839,0,-1,0,0,0,840,1,2
11840,0,-1,0,0,0,826,1,18
11841,0,-1,0,0,0,156,1,7
11842,0,-1,0,0,0,276,1,4
11843,0,-1,0,0,0,250,1,19
11844,0,-1,0,0,0,156,1,6
11845,0,-1,0,0,0,826,1,11
11846,0,-1,0,0,0,276,1,1
11847,0,-1,0,1,0,840,1,19
11848,0,-1,0,0,0,826,1,16
11849,0,-1,0,0,0,250,1,4
11850,0,-1,0,0,0,156,1,19
11851,0,-1,0,0,0,826,1,0
11852,0,-1,0,0,0,826,1,11
11853,0,-1,0,0,0,156,1,12
11854,0,-1,0,0,0,826,1,0
11855,0,-1,0,1,0,250,1,9
11856,0,-1,0,0,0,826,1,17
11857,0,-1,0,0,0,826,1,7
11858,0,-1,0,0,0,826,1,13
11859,0,-1,0,1,0,826,1,6
11860,0,-1,0,1,0,840,1,10
11861,0,-1,0,0,0,826,1,12
11862,0,-1,0,0,0,156,1,13
11863,0,-1,0,0,0,156,1,6
11864,0,-1,0,0,0,156,1,19
11865,0,-1,0,0,0,250,1,16
11866,0,-1,0,0,0,156,1,15
11867,0,-1,0,0,0,840,1,5
11868,0,-1,0,0,0,276,1,10
11869,0,-1,0,1,0,826,1,11
11870,0,-1,0,1,0,276,1,9
11871,0,-1,0,0,0,156,1,6
11872,0,-1,0,0,0,250,1,6
11873,0,-1,0,0,0,840,1,14
11874,0,-1,0,0,0,250,1,1
11875,0,-1,0,0,0,276,1,10
11876,0,-1,0,0,0,156,1,2
11877,0,-1,0,0,0,840,1,12
11878,0,-1,0,0,0,250,1,6
11879,0,-1,0,1,0,156,1,4
11880,0,-1,0,0,0,826,1,12
11881,0,-1,0,1,0,840,1,18
11882,0,-1,0,0,0,826,1,11
11883,0,-1,0,0,0,156,1,13
11884,0,-1,0,0,1,250,1,14
11885,0,-1,0,0,0,840,1,13
11886,0,-1,0,0,0,840,1,7
11887,0,-1,0,0,0,250,1,17
11888,0,-1,0,0,0,276,1,14
11889,0,-1,0,0,0,826,1,4
11890,0,-1,0,0,0,156,1,2
11891,0,-1,0,0,0,826,1,16
11892,0,-1,0,0,0,276,1,15
11893,0,-1,0,0,0,250,1,11
11894,0,-1,0,0,0,826,1,0
11895,0,-1,0,0,0,156,1,18
11896,0,-1,0,0,0,276,1,10
11897,0,-1,0,0,0,840,1,8
11898,0,-1,0,1,0,826,1,13
11899,0,-1,0,0,0,826,1,19
11900,0,-1,0,0,0,156,1,2
11901,0,-1,0,0,0,250,1,10
11902,0,-1,0,0,0,840,1,6
11903,0,-1,0,0,0,276,1,17
11904,0,-1,0,0,0,840,1,17
11905,0,-1,0,0,0,276,1,14
11906,0,-1,0,0,0,250,1,4
11907,0,-1,0,0,0,826,1,0
11908,0,-1,0,0,0,250,1,17
11909,0,-1,0,0,0,826,1,10
11910,0,-1,0,0,0,826,1,12
11911,0,-1,0,0,0,250,1,16
11912,0,-1,0,0,0,250,1,3
11913,0,-1,0,0,0,840,1,1
11914,0,-1,0,0,0,250,1,13
11915,0,-1,0,0,0,156,1,9
11916,0,-1,0,0,0,276,1,5
11917,0,-1,0,0,0,250,1,18
11918,0,-1,0,0,0,156,1,13
11919,0,-1,0,0,0,826,1,13
11920,0,-1,0,0,0,250,1,3
11921,0,-1,0,0,0,250,1,15
11922,0,-1,0,0,1,156,1,4
11923,0,-1,0,1,0,156,1,9
11924,0,-1,0,0,0,276,1,12
11925,0,-1,0,1,0,250,1,1
11926,0,-1,0,1,0,840,1,8
11927,0,-1,0,0,0,250,1,14
11928,0,-1,0,0,0,156,1,0
11929,0,-1,0,0,0,826,1,17
11930,0,-1,0,0,0,826,1,12
11931,0,-1,0,1,0,840,1,6
11932,0,-1,0,0,0,840,1,6
11933,0,-1,0,0,0,826,1,13
11934,0,-1,0,0,0,156,1,15
11935,0,-1,0,1,0,250,1,13
11936,0,-1,0,0,1,156,1,4
11937,0,-1,0,0,0,156,1,15
11938,0,-1,0,0,0,276,1,19
11939,0,-1,0,0,0,250,1,3
11940,0,-1,0,0,0,826,1,12
11941,0,-1,0,0,0,826,1,0
11942,0,-1,0,0,0,156,1,19
11943,0,-1,0,0,0,156,1,15
11944,0,-1,0,1,0,826,1,10
11945,0,-1,0,0,0,250,1,13
11946,0,-1,0,0,0,156,1,9
11947,0,-1,0,0,1,250,1,8
11948,0,-1,0,0,0,840,1,3
11949,0,-1,0,0,0,250,1,14
11950,0,-1,0,0,0,840,1,14
11951,0,-1,0,0,0,840,1,3
11952,0,-1,0,0,0,840,1,9
11953,0,-1,0,0,0,250,1,19
11954,0,-1,0,0,0,826,1,0
11955,0,-1,0,0,0,826,1,11
11956,0,-1,0,0,0,826,1,9
11957,0,-1,0,0,0,156,1,17
11958,0,-1,0,0,0,276,1,19
11959,0,-1,0,1,0,156,1,2
11960,0,-1,0,0,0,250,1,7
11961,0,-1,0,0,0,840,1,16
11962,0,-1,0,0,0,250,1,14
11963,0,-1,0,0,0,276,1,18
11964,0,-1,0,0,0,156,1,18
11965,0,-1,0,0,0,276,1,2
11966,0,-1,0,0,0,156,1,5
11967,0,-1,0,0,0,156,1,6
11968,0,-1,0,0,0,276,1,17
11969,0,-1,0,0,0,826,1,17
11970,0,-1,0,0,0,156,1,7
11971,0,-1,0,0,0,276,1,11
11972,0,-1,0,0,0,840,1,17
11973,0,-1,0,1,1,156,1,13
11974,0,-1,0,0,0,826,1,12
11975,0,-1,0,0,0,826,1,13
11976,0,-1,0,0,0,156,1,14
11977,0,-1,0,0,0,276,1,8
11978,0,-1,0,0,0,840,1,16
11979,0,-1,0,0,0,276,1,8
11980,0,-1,0,0,0,156,1,5
11981,0,-1,0,0,0,250,1,14
11982,0,-1,0,0,0,250,1,12
11983,0,-1,0,0,0,840,1,1
11984,0,-1,0,0,0,156,1,19
11985,0,-1,0,0,0,826,1,12
11986,0,-1,0,0,1,826,1,19
11987,0,-1,0,0,0,826,1,0
11988,0,-1,0,0,0,276,1,2
11989,0,-1,0,1,0,826,1,1
11990,0,-1,0,0,0,156,1,8
11991,0,-1,0,0,0,276,1,16
11992,0,-1,0,0,0,276,1,8
11993,0,-1,0,0,0,276,1,6
11994,0,-1,0,0,0,156,1,3
11995,0,-1,0,0,0,250,1,8
11996,0,-1,0,0,0,276,1,11
11997,0,-1,0,0,0,250,1,7
11998,0,-1,0,0,0,250,1,11
11999,0,-1,0,0,0,840,1,14
12000,0,-1,0,0,0,276,1,11
12001,0,-1,0,0,0,826,1,2
12002,0,-1,0,1,0,840,1,10
12003,0,-1,0,0,0,826,1,5
12004,0,-1,0,0,1,826,1,7
12005,0,-1,0,0,0,840,1,2
12006,0,-1,0,0,0,840,1,15
12007,0,-1,0,0,0,156,1,16
12008,0,-1,0,0,0,250,1,13
12009,0,-1,0,0,0,276,1,5
12010,0,-1,0,0,0,250,1,16
12011,0,-1,0,0,0,840,1,7
12012,0,-1,0,0,0,840,1,17
12013,0,-1,0,1,0,840,1,14
12014,0,-1,0,1,0,250,1,6
12015,0,-1,0,0,0,826,1,2
12016,0,-1,0,0,0,840,1,18
12017,0,-1,0,0,0,156,1,14
12018,0,-1,0,0,0,156,1,12
12019,0,-1,0,0,0,826,1,15
12020,0,-1,0,0,0,840,1,16
12021,0,-1,0,0,0,156,1,12
12022,0,-1,0,1,0,250,1,0
12023,0,-1,0,0,0,276,1,19
12024,0,-1,0,0,0,276,1,8
12025,0,-1,0,1,0,250,1,3
12026,0,-1,0,0,0,840,1,17
12027,0,-1,0,0,0,826,1,19
12028,0,-1,0,0,0,250,1,7
12029,0,-1,0,1,0,276,1,13
12030,0,-1,0,0,0,156,1,17
12031,0,-1,0,0,0,250,1,18
12032,0,-1,0,0,0,840,1,3
12033,0,-1,0,0,0,840,1,12
12034,0,-1,0,0,0,840,1,2
12035,0,-1,0,0,0,250,1,13
12036,0,-1,0,0,0,276,1,7
12037,0,-1,0,0,0,276,1,8
12038,0,-1,0,1,0,250,1,2
12039,0,-1,0,0,0,250,1,18
12040,0,-1,0,0,0,826,1,10
12041,0,-1,0,0,0,250,1,2
12042,0,-1,0,0,0,840,1,1
12043,0,-1,0,0,0,250,1,0
12044,0,-1,0,0,0,840,1,5
12045,0,-1,0,0,0,826,1,6
12046,0,-1,0,0,0,276,1,8
12047,0,-1,0,0,0,276,1,10
12048,0,-1,0,0,0,840,1,19
12049,0,-1,0,0,0,276,1,8
12050,0,-1,0,0,0,250,1,9
12051,0,-1,0,1,0,840,1,12
12052,0,-1,0,0,0,276,1,14
12053,0,-1,0,0,0,840,1,4
12054,0,-1,0,1,0,276,1,11
12055,0,-1,0,0,0,840,1,3
12056,0,-1,0,0,0,840,1,11
12057,0,-1,0,0,0,276,1,16
12058,0,-1,0,1,0,156,1,17
12059,0,-1,0,0,0,276,1,1
12060,0,-1,0,0,0,156,1,19
12061,0,-1,0,1,0,840,1,18
12062,0,-1,0,0,0,276,1,4
12063,0,-1,0,0,0,156,1,14
12064,0,-1,0,0,0,276,1,5
12065,0,-1,0,0,0,276,1,10
12066,0,-1,0,1,0,826,1,17
12067,0,-1,0,0,1,250,1,14
12068,0,-1,0,0,0,840,1,19
12069,0,-1,0,0,1,250,1,3
12070,0,-1,0,0,0,840,1,4
12071,0,-1,0,0,0,276,1,15
12072,0,-1,0,0,0,826,1,5
12073,0,-1,0,0,0,826,1,4
12074,0,-1,0,1,0,840,1,18
12075,0,-1,0,0,0,276,1,19
12076,0,-1,0,0,0,250,1,5
12077,0,-1,0,0,0,156,1,18
12078,0,-1,0,0,0,826,1,1
12079,0,-1,0,0,0,840,1,9
12080,0,-1,0,0,0,840,1,18
12081,0,-1,0,0,0,156,1,18
12082,0,-1,0,0,0,826,1,1
12083,0,-1,0,0,0,826,1,4
12084,0,-1,0,0,0,840,1,19
12085,0,-1,0,1,0,250,1,4
12086,0,-1,0,0,0,250,1,18
12087,0,-1,0,0,0,826,1,8
12088,0,-1,0,0,0,156,1,1
12089,0,-1,0,0,0,250,1,8
12090,0,-1,0,0,0,840,1,17
12091,0,-1,0,0,0,250,1,9
12092,0,-1,0,1,0,156,1,14
12093,0,-1,0,0,0,840,1,6
12094,0,-1,0,0,0,840,1,14
12095,0,-1,0,0,0,276,1,5
12096,0,-1,0,0,0,156,1,1
12097,0,-1,0,0,0,156,1,8
12098,0,-1,0,0,0,840,1,17
12099,0,-1,0,1,0,156,1,7
12100,0,-1,0,0,0,276,1,12
12101,0,-1,0,0,0,250,1,19
12102,0,-1,0,1,0,826,1,9
12103,0,-1,0,0,0,840,1,4
12104,0,-1,0,0,0,276,1,12
12105,0,-1,0,0,0,250,1,18
12106,0,-1,0,0,0,156,1,17
12107,0,-1,0,0,0,250,1,12
12108,0,-1,0,0,0,276,1,12
12109,0,-1,0,0,0,826,1,12
12110,0,-1,0,0,0,250,1,18
12111,0,-1,0,0,0,276,1,16
12112,0,-1,0,0,0,276,1,17
12113,0,-1,0,1,0,826,1,12
12114,0,-1,0,0,0,250,1,14
12115,0,-1,0,0,0,250,1,8
12116,0,-1,0,0,0,826,1,3
12117,0,-1,0,0,0,840,1,10
12118,0,-1,0,1,0,156,1,4
12119,0,-1,0,0,0,276,1,10
12120,0,-1,0,0,0,276,1,5
12121,0,-1,0,0,0,156,1,17
12122,0,-1,0,1,0,156,1,2
12123,0,-1,0,1,0,826,1,5
12124,0,-1,0,0,0,276,1,13
12125,0,-1,0,0,0,250,1,1
12126,0,-1,0,0,0,250,1,0
12127,0,-1,0,0,0,840,1,5
12128,0,-1,0,0,0,826,1,6
12129,0,-1,0,0,0,250,1,7
12130,0,-1,0,0,0,840,1,0
12131,0,-1,0,0,0,276,1,15
12132,0,-1,0,0,0,156,1,16
12133,0,-1,0,0,0,250,1,9
12134,0,-1,0,0,0,250,1,8
12135,0,-1,0,0,0,156,1,13
12136,0,-1,0,1,0,250,1,15
12137,0,-1,0,0,0,840,1,17
12138,0,-1,0,0,0,826,1,0
12139,0,-1,0,1,0,156,1,8
12140,0,-1,0,0,0,276,1,8
12141,0,-1,0,0,1,250,1,18
12142,0,-1,0,0,0,156,1,11
12143,0,-1,0,0,0,826,1,15
12144,0,-1,0,0,0,156,1,6
12145,0,-1,0,0,1,276,1,5
12146,0,-1,0,0,0,250,1,14
12147,0,-1,0,0,0,250,1,15
12148,0,-1,0,0,0,826,1,11
12149,0,-1,0,0,0,826,1,8
12150,0,-1,0,0,0,156,1,4
12151,0,-1,0,1,0,826,1,2
12152,0,-1,0,0,0,156,1,11
12153,0,-1,0,0,1,840,1,7
12154,0,-1,0,0,0,840,1,13
12155,0,-1,0,0,0,840,1,14
12156,0,-1,0,0,0,840,1,0
12157,0,-1,0,0,0,276,1,10
12158,0,-1,0,0,0,276,1,2
12159,0,-1,0,0,0,276,1,19
12160,0,-1,0,0,0,276,1,16
12161,0,-1,0,0,0,826,1,0
12162,0,-1,0,0,0,276,1,9
12163,0,-1,0,0,0,276,1,5
12164,0,-1,0,0,0,156,1,3
12165,0,-1,0,0,1,840,1,4
12166,0,-1,0,0,0,840,1,15
12167,0,-1,0,0,0,156,1,3
12168,0,-1,0,0,0,276,1,16
12169,0,-1,0,0,0,156,1,11
12170,0,-1,0,0,0,250,1,18
12171,0,-1,0,0,0,826,1,16
12172,0,-1,0,0,0,250,1,8
12173,0,-1,0,0,0,840,1,10
12174,0,-1,0,0,0,276,1,11
12175,0,-1,0,0,0,250,1,9
12176,0,-1,0,0,0,156,1,3
12177,0,-1,0,0,0,840,1,11
12178,0,-1,0,1,0,826,1,7
12179,0,-1,0,0,0,250,1,9
12180,0,-1,0,0,0,276,1,8
12181,0,-1,0,0,0,156,1,1
12182,0,-1,0,0,0,840,1,7
12183,0,-1,0,0,0,826,1,4
12184,0,-1,0,0,0,840,1,19
12185,0,-1,0,0,0,250,1,7
12186,0,-1,0,0,0,826,1,5
12187,0,-1,0,0,0,840,1,10
12188,0,-1,0,0,0,276,1,15
12189,0,-1,0,0,0,156,1,15
12190,0,-1,0,0,0,250,1,18
12191,0,-1,0,0,0,840,1,1
12192,0,-1,0,0,0,250,1,0
12193,0,-1,0,0,0,276,1,19
12194,0,-1,0,0,0,250,1,15
12195,0,-1,0,0,0,276,1,12
12196,0,-1,0,0,0,840,1,8
12197,0,-1,0,1,0,250,1,5
12198,0,-1,0,0,0,840,1,19
12199,0,-1,0,0,0,250,1,10
12200,0,-1,0,0,0,840,1,0
12201,0,-1,0,0,0,156,1,5
12202,0,-1,0,0,0,276,1,7
12203,0,-1,0,0,0,826,1,15
12204,0,-1,0,0,0,826,1,14
12205,0,-1,0,0,1,840,1,11
12206,0,-1,0,0,0,826,1,13
12207,0,-1,0,0,0,276,1,2
12208,0,-1,0,0,0,840,1,5
12209,0,-1,0,0,0,840,1,1
12210,0,-1,0,0,0,826,1,12
12211,0,-1,0,0,0,840,1,14
12212,0,-1,0,0,0,826,1,7
12213,0,-1,0,0,0,276,1,18
12214,0,-1,0,0,0,826,1,17
12215,0,-1,0,0,0,250,1,13
12216,0,-1,0,0,0,250,1,9
12217,0,-1,0,0,0,840,1,5
12218,0,-1,0,0,0,840,1,10
12219,0,-1,0,0,0,840,1,4
12220,0,-1,0,0,0,826,1,11
12221,0,-1,0,0,0,156,1,4
12222,0,-1,0,0,0,156,1,5
12223,0,-1,0,0,0,826,1,14
12224,0,-1,0,0,0,250,1,2
12225,0,-1,0,0,0,250,1,8
12226,0,-1,0,0,0,156,1,2
12227,0,-1,0,0,0,826,1,0
12228,0,-1,0,0,0,840,1,10
12229,0,-1,0,1,0,276,1,8
12230,0,-1,0,0,0,276,1,15
12231,0,-1,0,0,0,250,1,7
12232,0,-1,0,0,0,840,1,18
12233,0,-1,0,0,0,250,1,14
12234,0,-1,0,0,0,276,1,10
12235,0,-1,0,0,0,250,1,19
12236,0,-1,0,0,0,826,1,3
12237,0,-1,0,0,0,250,1,1
12238,0,-1,0,0,0,840,1,8
12239,0,-1,0,0,0,156,1,17
12240,0,-1,0,0,0,156,1,18
12241,0,-1,0,0,0,156,1,13
12242,0,-1,0,1,0,826,1,7
12243,0,-1,0,0,0,840,1,10
12244,0,-1,0,0,1,276,1,13
12245,0,-1,0,0,0,840,1,11
12246,0,-1,0,0,0,156,1,13
12247,0,-1,0,0,0,250,1,10
12248,0,-1,0,0,0,840,1,19
12249,0,-1,0,0,0,840,1,8
12250,0,-1,0,0,0,156,1,19
12251,0,-1,0,0,0,156,1,12
12252,0,-1,0,0,0,840,1,19
12253,0,-1,0,0,0,156,1,6
12254,0,-1,0,0,0,250,1,17
12255,0,-1,0,0,0,840,1,14
12256,0,-1,0,0,0,156,1,17
12257,0,-1,0,0,0,250,1,19
12258,0,-1,0,0,0,250,1,0
12259,0,-1,0,1,0,826,1,16
12260,0,-1,0,1,0,826,1,8
12261,0,-1,0,0,0,840,1,13
12262,0,-1,0,0,0,826,1,3
12263,0,-1,0,0,0,276,1,19
12264,0,-1,0,0,0,250,1,5
12265,0,-1,0,0,0,826,1,8
12266,0,-1,0,0,0,250,1,15
12267,0,-1,0,0,0,276,1,3
12268,0,-1,0,0,0,826,1,5
12269,0,-1,0,0,1,250,1,11
12270,0,-1,0,0,0,250,1,4
12271,0,-1,0,0,0,156,1,3
12272,0,-1,0,0,0,276,1,10
12273,0,-1,0,0,0,840,1,16
12274,0,-1,0,1,0,276,1,12
12275,0,-1,0,0,0,826,1,11
12276,0,-1,0,1,0,840,1,5
12277,0,-1,0,0,1,276,1,7
12278,0,-1,0,0,0,840,1,5
12279,0,-1,0,0,0,156,1,7
12280,0,-1,0,0,0,156,1,17
12281,0,-1,0,0,0,250,1,2
12282,0,-1,0,0,0,826,1,4
12283,0,-1,0,0,0,276,1,17
12284,0,-1,0,0,0,276,1,1
12285,0,-1,0,0,0,250,1,19
12286,0,-1,0,0,0,276,1,8
12287,0,-1,0,0,0,840,1,19
12288,0,-1,0,0,0,826,1,13
12289,0,-1,0,0,0,250,1,4
12290,0,-1,0,0,0,276,1,17
12291,0,-1,0,0,0,250,1,1
12292,0,-1,0,0,0,250,1,16
12293,0,-1,0,0,0,276,1,19
12294,0,-1,0,0,0,840,1,6
12295,0,-1,0,0,0,826,1,1
12296,0,-1,0,0,0,840,1,4
12297,0,-1,0,0,0,156,1,16
12298,0,-1,0,0,0,276,1,12
12299,0,-1,0,0,0,840,1,15
12300,0,-1,0,0,0,826,1,10
12301,0,-1,0,0,0,840,1,17
12302,0,-1,0,0,0,826,1,16
12303,0,-1,0,0,0,156,1,5
12304,0,-1,0,0,0,156,1,10
12305,0,-1,0,0,0,276,1,6
12306,0,-1,0,0,0,276,1,7
12307,0,-1,0,0,0,276,1,15
12308,0,-1,0,0,0,840,1,10
12309,0,-1,0,0,0,250,1,14
12310,0,-1,0,1,0,276,1,7
12311,0,-1,0,0,0,250,1,17
12312,0,-1,0,1,0,276,1,12
12313,0,-1,0,0,0,276,1,11
12314,0,-1,0,0,0,250,1,7
12315,0,-1,0,0,0,156,1,18
12316,0,-1,0,0,0,826,1,19
12317,0,-1,0,0,0,250,1,9
12318,0,-1,0,0,0,250,1,9
12319,0,-1,0,0,0,156,1,11
12320,0,-1,0,0,0,250,1,5
12321,0,-1,0,0,0,156,1,5
12322,0,-1,0,0,0,840,1,11
12323,0,-1,0,0,0,826,1,8
12324,0,-1,0,0,0,840,1,12
12325,0,-1,0,1,0,826,1,17
12326,0,-1,0,0,0,840,1,13
12327,0,-1,0,0,0,276,1,5
12328,0,-1,0,0,0,276,1,15
12329,0,-1,0,1,0,156,1,6
12330,0,-1,0,0,0,826,1,15
12331,0,-1,0,0,0,840,1,12
12332,0,-1,0,0,0,250,1,11
12333,0,-1,0,0,0,826,1,11
12334,0,-1,0,1,1,276,1,19
12335,0,-1,0,0,1,840,1,5
12336,0,-1,0,0,0,840,1,13
12337,0,-1,0,0,0,826,1,6
12338,0,-1,0,0,0,156,1,15
12339,0,-1,0,0,0,156,1,9
12340,0,-1,0,0,0,156,1,11
12341,0,-1,0,0,1,276,1,12
12342,0,-1,0,0,0,840,1,7
12343,0,-1,0,0,0,276,1,4
12344,0,-1,0,0,0,250,1,8
12345,0,-1,0,1,0,840,1,17
12346,0,-1,0,0,0,826,1,10
12347,0,-1,0,0,0,840,1,19
12348,0,-1,0,0,0,156,1,10
12349,0,-1,0,0,0,276,1,5
12350,0,-1,0,0,0,156,1,16
12351,0,-1,0,0,0,826,1,10
12352,0,-1,0,0,0,156,1,2
12353,0,-1,0,1,0,156,1,15
12354,0,-1,0,0,0,276,1,7
12355,0,-1,0,0,0,250,1,19
12356,0,-1,0,1,0,250,1,0
12357,0,-1,0,0,0,156,1,0
12358,0,-1,0,0,0,276,1,13
12359,0,-1,0,0,0,276,1,9
12360,0,-1,0,0,0,826,1,12
12361,0,-1,0,0,0,826,1,18
12362,0,-1,0,0,0,840,1,13
12363,0,-1,0,0,0,250,1,10
12364,0,-1,0,0,0,250,1,16
12365,0,-1,0,0,0,276,1,16
12366,0,-1,0,0,0,826,1,4
12367,0,-1,0,0,0,276,1,4
12368,0,-1,0,0,0,840,1,14
12369,0,-1,0,0,0,826,1,2
12370,0,-1,0,0,0,276,1,4
12371,0,-1,0,0,1,840,1,15
12372,0,-1,0,0,0,276,1,7
12373,0,-1,0,0,0,250,1,18
12374,0,-1,0,0,0,826,1,6
12375,0,-1,0,0,1,276,1,5
12376,0,-1,0,0,0,250,1,5
12377,0,-1,0,0,0,250,1,8
12378,0,-1,0,0,0,250,1,1
12379,0,-1,0,0,0,250,1,1
12380,0,-1,0,0,0,250,1,19
12381,0,-1,0,0,0,840,1,18
12382,0,-1,0,1,0,156,1,1
12383,0,-1,0,0,0,276,1,4
12384,0,-1,0,0,0,276,1,14
12385,0,-1,0,0,0,276,1,9
12386,0,-1,0,0,0,826,1,13
12387,0,-1,0,0,0,250,1,18
12388,0,-1,0,0,0,276,1,15
12389,0,-1,0,0,0,840,1,10
12390,0,-1,0,0,0,250,1,17
12391,0,-1,0,0,0,250,1,4
12392,0,-1,0,0,0,156,1,2
12393,0,-1,0,0,0,276,1,16
12394,0,-1,0,0,0,250,1,1
12395,0,-1,0,0,0,840,1,2
12396,0,-1,0,0,0,156,1,4
12397,0,-1,0,0,0,276,1,16
12398,0,-1,0,1,0,250,1,10
12399,0,-1,0,0,0,156,1,10
12400,0,-1,0,0,0,276,1,0
12401,0,-1,0,0,0,840,1,14
12402,0,-1,0,0,0,156,1,7
12403,0,-1,0,0,0,840,1,15
12404,0,-1,0,1,0,276,1,0
12405,0,-1,0,0,0,250,1,6
12406,0,-1,0,0,0,250,1,15
12407,0,-1,0,0,0,826,1,7
12408,0,-1,0,0,0,156,1,13
12409,0,-1,0,0,0,840,1,14
12410,0,-1,0,0,0,156,1,4
12411,0,-1,0,0,0,840,1,4
12412,0,-1,0,0,1,156,1,8
12413,0,-1,0,0,0,840,1,6
12414,0,-1,0,0,0,276,1,8
12415,0,-1,0,0,0,840,1,4
12416,0,-1,0,0,0,156,1,9
12417,0,-1,0,0,0,250,1,4
12418,0,-1,0,0,0,826,1,17
12419,0,-1,0,0,0,826,1,3
12420,0,-1,0,0,0,156,1,7
12421,0,-1,0,0,0,276,1,4
12422,0,-1,0,0,0,276,1,19
12423,0,-1,0,0,0,276,1,13
12424,0,-1,0,1,0,826,1,18
12425,0,-1,0,0,0,826,1,14
12426,0,-1,0,0,0,276,1,7
12427,0,-1,0,1,0,840,1,3
12428,0,-1,0,0,0,826,1,15
12429,0,-1,0,0,0,826,1,18
12430,0,-1,0,0,0,276,1,0
12431,0,-1,0,0,0,276,1,19
12432,0,-1,0,0,0,276,1,14
12433,0,-1,0,1,0,840,1,6
12434,0,-1,0,0,0,250,1,13
12435,0,-1,0,1,0,840,1,12
12436,0,-1,0,0,0,156,1,3
12437,0,-1,0,0,0,250,1,13
12438,0,-1,0,1,0,826,1,6
12439,0,-1,0,0,0,276,1,18
12440,0,-1,0,0,0,840,1,17
12441,0,-1,0,0,0,156,1,3
12442,0,-1,0,1,1,840,1,13
12443,0,-1,0,0,0,826,1,15
12444,0,-1,0,0,0,826,1,16
12445,0,-1,0,0,0,250,1,12
12446,0,-1,0,1,0,156,1,11
12447,0,-1,0,0,0,156,1,5
12448,0,-1,0,0,0,840,1,6
12449,0,-1,0,0,0,826,1,15
12450,0,-1,0,0,0,250,1,4
12451,0,-1,0,0,0,276,1,4
12452,0,-1,0,0,0,826,1,12
12453,0,-1,0,0,0,156,1,19
12454,0,-1,0,0,0,840,1,3
12455,0,-1,0,0,0,250,1,4
12456,0,-1,0,0,0,250,1,15
12457,0,-1,0,0,0,826,1,12
12458,0,-1,0,1,0,250,1,2
12459,0,-1,0,0,0,250,1,13
12460,0,-1,0,0,0,250,1,6
12461,0,-1,0,0,0,276,1,19
12462,0,-1,0,0,0,840,1,16
12463,0,-1,0,1,0,250,1,6
12464,0,-1,0,0,0,276,1,13
12465,0,-1,0,0,0,840,1,10
12466,0,-1,0,0,0,840,1,13
12467,0,-1,0,0,0,250,1,8
12468,0,-1,0,0,0,156,1,18
12469,0,-1,0,1,0,826,1,17
12470,0,-1,0,0,0,250,1,0
12471,0,-1,0,0,0,276,1,19
12472,0,-1,0,0,0,826,1,10
12473,0,-1,0,0,0,840,1,19
12474,0,-1,0,0,0,276,1,13
12475,0,-1,0,0,0,276,1,5
12476,0,-1,0,0,0,276,1,3
12477,0,-1,0,0,0,840,1,9
12478,0,-1,0,0,0,156,1,0
12479,0,-1,0,0,0,840,1,5
12480,0,-1,0,0,0,826,1,10
12481,0,-1,0,0,0,276,1,5
12482,0,-1,0,0,0,250,1,4
12483,0,-1,0,0,0,250,1,0
12484,0,-1,0,0,0,250,1,9
12485,0,-1,0,0,0,840,1,0
12486,0,-1,0,0,0,276,1,19
12487,0,-1,0,0,0,840,1,0
12488,0,-1,0,0,1,276,1,2
12489,0,-1,0,0,0,840,1,16
12490,0,-1,0,0,0,840,1,13
12491,0,-1,0,0,0,826,1,7
12492,0,-1,0,0,0,250,1,12
12493,0,-1,0,0,0,156,1,15
12494,0,-1,0,0,0,156,1,11
12495,0,-1,0,0,0,840,1,18
12496,0,-1,0,0,0,250,1,11
12497,0,-1,0,0,0,826,1,3
12498,0,-1,0,0,0,250,1,15
12499,0,-1,0,0,0,840,1,1
12500,0,-1,0,0,0,840,1,7
12501,0,-1,0,1,0,840,1,3
12502,0,-1,0,0,0,156,1,16
12503,0,-1,0,0,0,156,1,0
12504,0,-1,0,0,0,840,1,18
12505,0,-1,0,0,0,276,1,16
12506,0,-1,0,0,0,250,1,17
12507,0,-1,0,0,0,156,1,10
12508,0,-1,0,0,0,156,1,5
12509,0,-1,0,0,0,826,1,13
12510,0,-1,0,0,0,250,1,7
12511,0,-1,0,0,0,156,1,6
12512,0,-1,0,0,0,156,1,18
12513,0,-1,0,0,0,276,1,4
12514,0,-1,0,0,0,276,1,8
12515,0,-1,0,0,0,276,1,10
12516,0,-1,0,0,0,840,1,14
12517,0,-1,0,0,0,276,1,10
12518,0,-1,0,0,0,250,1,13
12519,0,-1,0,0,0,156,1,18
12520,0,-1,0,0,0,840,1,12
12521,0,-1,0,0,0,840,1,19
12522,0,-1,0,0,0,156,1,18
12523,0,-1,0,0,0,250,1,18
12524,0,-1,0,0,0,276,1,5
12525,0,-1,0,0,0,276,1,0
12526,0,-1,0,0,0,840,1,1
12527,0,-1,0,0,0,840,1,6
12528,0,-1,0,0,0,156,1,6
12529,0,-1,0,0,0,840,1,11
12530,0,-1,0,0,0,156,1,8
12531,0,-1,0,0,0,840,1,13
12532,0,-1,0,0,0,840,1,4
12533,0,-1,0,0,0,826,1,4
12534,0,-1,0,0,0,156,1,2
12535,0,-1,0,0,0,276,1,9
12536,0,-1,0,0,0,826,1,12
12537,0,-1,0,1,0,276,1,15
12538,0,-1,0,0,0,250,1,5
12539,0,-1,0,0,0,156,1,11
12540,0,-1,0,0,1,156,1,6
12541,0,-1,0,1,0,250,1,10
12542,0,-1,0,0,0,156,1,12
12543,0,-1,0,0,0,840,1,1
12544,0,-1,0,0,0,826,1,11
12545,0,-1,0,1,0,250,1,6
12546,0,-1,0,0,0,250,1,18
12547,0,-1,0,0,0,156,1,18
12548,0,-1,0,0,0,826,1,4
12549,0,-1,0,0,0,156,1,0
12550,0,-1,0,0,0,276,1,7
12551,0,-1,0,0,0,840,1,12
12552,0,-1,0,0,0,276,1,15
12553,0,-1,0,0,0,250,1,14
12554,0,-1,0,0,0,156,1,15
12555,0,-1,0,0,0,840,1,9
12556,0,-1,0,0,0,840,1,17
12557,0,-1,0,0,0,156,1,12
12558,0,-1,0,0,0,250,1,2
12559,0,-1,0,0,0,276,1,5
12560,0,-1,0,0,0,840,1,3
12561,0,-1,0,0,0,250,1,12
12562,0,-1,0,1,1,276,1,8
12563,0,-1,0,0,0,156,1,15
12564,0,-1,0,0,0,156,1,18
12565,0,-1,0,0,0,840,1,9
12566,0,-1,0,1,0,276,1,0
12567,0,-1,0,0,0,826,1,12
12568,0,-1,0,0,0,250,1,14
12569,0,-1,0,0,0,826,1,14
12570,0,-1,0,0,0,276,1,5
12571,0,-1,0,0,0,156,1,2
12572,0,-1,0,0,0,250,1,14
12573,0,-1,0,0,0,156,1,18
12574,0,-1,0,0,0,826,1,13
12575,0,-1,0,0,0,156,1,11
12576,0,-1,0,0,0,840,1,9
12577,0,-1,0,1,0,826,1,14
12578,0,-1,0,0,0,156,1,3
12579,0,-1,0,0,0,826,1,18
12580,0,-1,0,0,0,276,1,10
12581,0,-1,0,0,0,840,1,19
12582,0,-1,0,0,0,840,1,8
12583,0,-1,0,0,0,840,1,12
12584,0,-1,0,0,0,826,1,15
12585,0,-1,0,0,0,156,1,18
12586,0,-1,0,0,0,250,1,5
12587,0,-1,0,0,0,250,1,10
12588,0,-1,0,0,0,250,1,16
12589,0,-1,0,0,0,250,1,17
12590,0,-1,0,0,0,826,1,19
12591,0,-1,0,0,0,156,1,17
12592,0,-1,0,0,0,840,1,6
12593,0,-1,0,0,0,276,1,12
12594,0,-1,0,0,0,826,1,3
12595,0,-1,0,0,0,826,1,15
12596,0,-1,0,0,0,156,1,0
12597,0,-1,0,0,0,840,1,6
12598,0,-1,0,0,0,250,1,14
12599,0,-1,0,0,0,250,1,18
12600,0,-1,0,0,0,156,1,0
12601,0,-1,0,0,0,276,1,15
12602,0,-1,0,0,0,156,1,13
12603,0,-1,0,1,0,250,1,16
12604,0,-1,0,0,1,250,1,3
12605,0,-1,0,0,0,250,1,0
12606,0,-1,0,0,0,250,1,12
12607,0,-1,0,0,0,840,1,10
12608,0,-1,0,0,0,840,1,19
12609,0,-1,0,1,0,250,1,2
12610,0,-1,0,0,0,276,1,13
12611,0,-1,0,0,0,250,1,0
12612,0,-1,0,1,0,250,1,15
12613,0,-1,0,0,0,250,1,4
12614,0,-1,0,1,0,276,1,16
12615,0,-1,0,0,0,826,1,14
12616,0,-1,0,0,1,156,1,17
12617,0,-1,0,0,0,276,1,14
12618,0,-1,0,0,0,826,1,12
12619,0,-1,0,0,0,276,1,4
12620,0,-1,0,0,0,156,1,12
12621,0,-1,0,0,0,840,1,8
12622,0,-1,0,1,0,840,1,5
12623,0,-1,0,0,0,826,1,16
12624,0,-1,0,0,0,840,1,16
12625,0,-1,0,0,0,156,1,7
12626,0,-1,0,0,0,276,1,12
12627,0,-1,0,0,0,276,1,0
12628,0,-1,0,0,0,826,1,13
12629,0,-1,0,0,0,276,1,15
12630,0,-1,0,0,0,276,1,1
12631,0,-1,0,0,0,840,1,7
12632,0,-1,0,0,0,156,1,13
12633,0,-1,0,0,0,156,1,7
12634,0,-1,0,1,0,156,1,17
12635,0,-1,0,0,0,826,1,19
12636,0,-1,0,0,0,840,1,8
12637,0,-1,0,1,0,826,1,13
12638,0,-1,0,0,0,276,1,8
12639,0,-1,0,0,0,840,1,19
12640,0,-1,0,0,0,826,1,1
12641,0,-1,0,0,0,826,1,11
12642,0,-1,0,0,0,840,1,10
12643,0,-1,0,0,0,840,1,13
12644,0,-1,0,0,0,826,1,3
12645,0,-1,0,0,0,826,1,8
12646,0,-1,0,0,0,156,1,5
12647,0,-1,0,0,0,250,1,8
12648,0,-1,0,1,0,156,1,9
12649,0,-1,0,1,0,156,1,9
12650,0,-1,0,0,0,826,1,17
12651,0,-1,0,0,0,840,1,15
12652,0,-1,0,0,0,840,1,15
12653,0,-1,0,1,1,250,1,4
12654,0,-1,0,0,0,156,1,1
12655,0,-1,0,0,0,840,1,0
12656,0,-1,0,0,0,826,1,1
12657,0,-1,0,1,0,276,1,13
12658,0,-1,0,0,0,840,1,7
12659,0,-1,0,0,1,826,1,19
12660,0,-1,0,0,0,840,1,0
12661,0,-1,0,0,0,156,1,2
12662,0,-1,0,0,0,840,1,4
12663,0,-1,0,0,1,250,1,12
12664,0,-1,0,1,0,250,1,2
12665,0,-1,0,0,0,826,1,4
12666,0,-1,0,0,0,156,1,7
12667,0,-1,0,0,0,840,1,6
12668,0,-1,0,0,0,840,1,1
12669,0,-1,0,0,0,826,1,18
12670,0,-1,0,0,0,250,1,7
12671,0,-1,0,0,0,826,1,0
12672,0,-1,0,0,0,826,1,6
12673,0,-1,0,0,0,156,1,5
12674,0,-1,0,0,0,156,1,16
12675,0,-1,0,0,0,250,1,8
12676,0,-1,0,1,0,276,1,10
12677,0,-1,0,0,0,840,1,4
12678,0,-1,0,0,0,826,1,15
12679,0,-1,0,0,0,276,1,2
12680,0,-1,0,0,0,276,1,15
12681,0,-1,0,0,0,156,1,12
12682,0,-1,0,0,0,276,1,18
12683,0,-1,0,0,0,250,1,3
12684,0,-1,0,0,0,840,1,4
12685,0,-1,0,1,0,276,1,14
12686,0,-1,0,0,0,250,1,2
12687,0,-1,0,0,0,156,1,16
12688,0,-1,0,0,0,826,1,6
12689,0,-1,0,0,0,250,1,17
12690,0,-1,0,0,1,276,1,17
12691,0,-1,0,1,0,826,1,0
12692,0,-1,0,0,0,826,1,13
12693,0,-1,0,1,0,840,1,1
12694,0,-1,0,1,0,826,1,13
12695,0,-1,0,0,0,276,1,14
12696,0,-1,0,0,0,840,1,1
12697,0,-1,0,0,0,156,1,1
12698,0,-1,0,0,0,840,1,18
12699,0,-1,0,0,1,826,1,14
12700,0,-1,0,0,0,156,1,0
12701,0,-1,0,0,0,826,1,13
12702,0,-1,0,0,0,840,1,18
12703,0,-1,0,0,0,826,1,7
12704,0,-1,0,0,0,156,1,13
12705,0,-1,0,1,0,156,1,17
12706,0,-1,0,0,0,826,1,2
12707,0,-1,0,0,0,826,1,13
12708,0,-1,0,0,1,276,1,19
12709,0,-1,0,0,0,840,1,7
12710,0,-1,0,0,0,826,1,13
12711,0,-1,0,0,0,156,1,8
12712,0,-1,0,0,0,250,1,12
12713,0,-1,0,0,0,276,1,6
12714,0,-1,0,0,0,826,1,5
12715,0,-1,0,0,0,250,1,1
12716,0,-1,0,1,0,250,1,16
12717,0,-1,0,0,0,840,1,12
12718,0,-1,0,0,0,250,1,3
12719,0,-1,0,0,0,156,1,13
12720,0,-1,0,0,0,156,1,11
12721,0,-1,0,0,1,250,1,7
12722,0,-1,0,0,0,840,1,16
12723,0,-1,0,0,0,250,1,17
12724,0,-1,0,0,0,156,1,11
12725,0,-1,0,0,0,276,1,5
12726,0,-1,0,0,0,250,1,13
12727,0,-1,0,0,0,276,1,10
12728,0,-1,0,0,0,826,1,10
12729,0,-1,0,0,0,276,1,19
12730,0,-1,0,0,1,840,1,0
12731,0,-1,0,0,0,840,1,2
12732,0,-1,0,0,0,826,1,5
12733,0,-1,0,0,0,156,1,14
12734,0,-1,0,0,0,276,1,15
12735,0,-1,0,0,0,276,1,0
12736,0,-1,0,0,0,276,1,2
12737,0,-1,0,0,0,156,1,0
12738,0,-1,0,0,0,156,1,1
12739,0,-1,0,0,0,250,1,5
12740,0,-1,0,0,0,156,1,15
12741,0,-1,0,0,0,276,1,4
12742,0,-1,0,0,1,156,1,19
12743,0,-1,0,0,0,276,1,19
12744,0,-1,0,0,0,826,1,10
12745,0,-1,0,0,0,156,1,7
12746,0,-1,0,0,0,156,1,14
12747,0,-1,0,0,0,156,1,10
12748,0,-1,0,0,0,840,1,0
12749,0,-1,0,0,0,276,1,11
12750,0,-1,0,0,0,250,1,15
12751,0,-1,0,0,1,250,1,1
12752,0,-1,0,0,0,156,1,7
12753,0,-1,0,0,0,840,1,10
12754,0,-1,0,0,0,250,1,13
12755,0,-1,0,0,0,826,1,1
12756,0,-1,0,0,0,826,1,4
12757,0,-1,0,0,0,156,1,0
12758,0,-1,0,0,0,840,1,16
12759,0,-1,0,1,0,276,1,5
12760,0,-1,0,0,0,826,1,17
12761,0,-1,0,0,0,156,1,11
12762,0,-1,0,0,0,276,1,17
12763,0,-1,0,0,0,276,1,16
12764,0,-1,0,0,0,276,1,3
12765,0,-1,0,0,0,840,1,14
12766,0,-1,0,0,0,156,1,11
12767,0,-1,0,1,0,840,1,12
12768,0,-1,0,1,0,826,1,1
12769,0,-1,0,0,0,840,1,13
12770,0,-1,0,1,0,250,1,17
12771,0,-1,0,0,1,276,1,2
12772,0,-1,0,0,0,156,1,10
12773,0,-1,0,0,0,276,1,2
12774,0,-1,0,0,0,250,1,14
12775,0,-1,0,1,0,276,1,0
12776,0,-1,0,0,0,156,1,2
12777,0,-1,0,0,0,250,1,15
12778,0,-1,0,0,0,156,1,6
12779,0,-1,0,0,0,156,1,15
12780,0,-1,0,1,0,826,1,12
12781,0,-1,0,0,0,250,1,11
12782,0,-1,0,0,0,250,1,14
12783,0,-1,0,0,0,156,1,0
12784,0,-1,0,0,0,250,1,11
12785,0,-1,0,0,0,250,1,12
12786,0,-1,0,0,1,156,1,1
12787,0,-1,0,0,1,276,1,4
12788,0,-1,0,0,0,276,1,15
12789,0,-1,0,0,0,250,1,19
12790,0,-1,0,0,0,250,1,15
12791,0,-1,0,0,0,840,1,11
12792,0,-1,0,0,0,250,1,2
12793,0,-1,0,0,0,156,1,13
12794,0,-1,0,0,0,250,1,4
12795,0,-1,0,0,1,840,1,4
12796,0,-1,0,0,1,250,1,19
12797,0,-1,0,0,1,276,1,16
12798,0,-1,0,0,0,840,1,17
12799,0,-1,0,0,0,840,1,4
12800,0,-1,0,0,0,250,1,17
12801,0,-1,0,0,0,840,1,0
12802,0,-1,0,0,0,156,1,8
12803,0,-1,0,1,0,840,1,19
12804,0,-1,0,0,0,156,1,4
12805,0,-1,0,0,0,156,1,6
12806,0,-1,0,0,0,826,1,2
12807,0,-1,0,0,0,276,1,13
12808,0,-1,0,0,0,840,1,17
12809,0,-1,0,0,0,250,1,9
12810,0,-1,0,0,0,156,1,6
12811,0,-1,0,0,0,276,1,16
12812,0,-1,0,0,0,840,1,2
12813,0,-1,0,0,0,826,1,15
12814,0,-1,0,0,0,276,1,14
12815,0,-1,0,0,0,250,1,2
12816,0,-1,0,0,0,250,1,18
12817,0,-1,0,0,0,250,1,17
12818,0,-1,0,0,0,276,1,4
12819,0,-1,0,0,0,826,1,19
12820,0,-1,0,0,0,156,1,2
12821,0,-1,0,0,0,826,1,9
12822,0,-1,0,0,0,276,1,3
12823,0,-1,0,0,0,826,1,14
12824,0,-1,0,0,0,276,1,2
12825,0,-1,0,0,0,840,1,18
12826,0,-1,0,0,0,840,1,6
12827,0,-1,0,0,0,156,1,8
12828,0,-1,0,0,0,156,1,17
12829,0,-1,0,0,0,826,1,15
12830,0,-1,0,0,1,826,1,10
12831,0,-1,0,0,0,840,1,10
12832,0,-1,0,0,0,156,1,17
12833,0,-1,0,0,0,276,1,10
12834,0,-1,0,0,0,156,1,1
12835,0,-1,0,0,0,250,1,9
12836,0,-1,0,0,0,826,1,16
12837,0,-1,0,0,0,250,1,3
12838,0,-1,0,0,0,276,1,11
12839,0,-1,0,0,0,826,1,8
12840,0,-1,0,0,0,156,1,2
12841,0,-1,0,0,0,276,1,7
12842,0,-1,0,0,0,840,1,7
12843,0,-1,0,0,0,250,1,14
12844,0,-1,0,0,0,250,1,8
12845,0,-1,0,0,0,826,1,3
12846,0,-1,0,0,0,156,1,13
12847,0,-1,0,0,0,276,1,10
12848,0,-1,0,0,0,156,1,11
12849,0,-1,0,0,0,156,1,17
12850,0,-1,0,0,0,156,1,2
12851,0,-1,0,0,0,840,1,16
12852,0,-1,0,0,0,156,1,10
12853,0,-1,0,0,0,826,1,17
12854,0,-1,0,0,0,250,1,8
12855,0,-1,0,0,0,826,1,6
12856,0,-1,0,0,0,156,1,18
12857,0,-1,0,0,0,826,1,9
12858,0,-1,0,0,0,826,1,7
12859,0,-1,0,0,0,250,1,0
12860,0,-1,0,1,0,840,1,1
12861,0,-1,0,0,0,826,1,18
12862,0,-1,0,1,0,156,1,3
12863,0,-1,0,0,0,156,1,3
12864,0,-1,0,0,0,276,1,2
12865,0,-1,0,0,0,840,1,2
12866,0,-1,0,0,1,276,1,1
12867,0,-1,0,0,0,826,1,17
12868,0,-1,0,1,0,276,1,0
12869,0,-1,0,0,0,250,1,6
12870,0,-1,0,0,0,840,1,3
12871,0,-1,0,0,0,250,1,13
12872,0,-1,0,0,0,276,1,9
12873,0,-1,0,0,0,840,1,14
12874,0,-1,0,0,0,840,1,2
12875,0,-1,0,0,0,276,1,5
12876,0,-1,0,0,0,276,1,19
12877,0,-1,0,0,1,156,1,19
12878,0,-1,0,1,0,840,1,7
12879,0,-1,0,1,0,276,1,14
12880,0,-1,0,0,1,276,1,6
12881,0,-1,0,0,0,276,1,9
12882,0,-1,0,0,0,250,1,18
12883,0,-1,0,0,0,840,1,2
12884,0,-1,0,0,0,156,1,8
12885,0,-1,0,1,0,840,1,0
12886,0,-1,0,0,0,276,1,11
12887,0,-1,0,0,0,276,1,0
12888,0,-1,0,0,0,840,1,4
12889,0,-1,0,0,0,156,1,0
12890,0,-1,0,0,0,250,1,1
12891,0,-1,0,0,0,826,1,16
12892,0,-1,0,0,1,250,1,14
12893,0,-1,0,0,0,156,1,6
12894,0,-1,0,0,0,826,1,1
12895,0,-1,0,1,0,826,1,18
12896,0,-1,0,1,0,840,1,16
12897,0,-1,0,0,0,840,1,8
12898,0,-1,0,0,0,250,1,17
12899,0,-1,0,0,0,250,1,12
12900,0,-1,0,0,0,826,1,9
12901,0,-1,0,0,0,826,1,4
12902,0,-1,0,0,0,840,1,8
12903,0,-1,0,0,0,156,1,3
12904,0,-1,0,0,0,276,1,11
12905,0,-1,0,0,0,840,1,18
12906,0,-1,0,0,0,276,1,3
12907,0,-1,0,0,0,250,1,13
12908,0,-1,0,0,0,250,1,16
12909,0,-1,0,0,0,276,1,9
12910,0,-1,0,0,0,840,1,3
12911,0,-1,0,1,0,276,1,16
12912,0,-1,0,0,0,276,1,4
12913,0,-1,0,0,0,840,1,16
12914,0,-1,0,1,0,276,1,4
12915,0,-1,0,1,0,156,1,10
12916,0,-1,0,0,0,156,1,11
12917,0,-1,0,0,0,156,1,3
12918,0,-1,0,1,0,250,1,19
12919,0,-1,0,0,0,840,1,17
12920,0,-1,0,1,0,250,1,9
12921,0,-1,0,0,1,276,1,14
12922,0,-1,0,1,0,276,1,17
12923,0,-1,0,0,0,840,1,16
12924,0,-1,0,0,0,840,1,12
12925,0,-1,0,0,0,276,1,7
12926,0,-1,0,0,0,156,1,3
12927,0,-1,0,0,0,250,1,4
12928,0,-1,0,0,0,250,1,15
12929,0,-1,0,0,0,840,1,16
12930,0,-1,0,0,0,826,1,10
12931,0,-1,0,0,0,840,1,11
12932,0,-1,0,0,0,250,1,7
12933,0,-1,0,0,0,156,1,15
12934,0,-1,0,0,0,250,1,9
12935,0,-1,0,0,0,840,1,10
12936,0,-1,0,0,0,156,1,10
12937,0,-1,0,1,0,250,1,3
12938,0,-1,0,0,0,156,1,19
12939,0,-1,0,1,0,250,1,5
12940,0,-1,0,0,0,826,1,7
12941,0,-1,0,0,0,156,1,18
12942,0,-1,0,0,1,840,1,14
12943,0,-1,0,0,0,250,1,13
12944,0,-1,0,0,0,840,1,6
12945,0,-1,0,0,0,250,1,15
12946,0,-1,0,0,0,156,1,11
12947,0,-1,0,0,0,840,1,7
12948,0,-1,0,0,0,250,1,3
12949,0,-1,0,0,0,250,1,8
12950,0,-1,0,0,0,826,1,2
12951,0,-1,0,0,0,250,1,13
12952,0,-1,0,0,0,156,1,7
12953,0,-1,0,1,0,826,1,19
12954,0,-1,0,0,0,250,1,2
12955,0,-1,0,1,1,840,1,9
12956,0,-1,0,0,0,840,1,15
12957,0,-1,0,0,0,156,1,4
12958,0,-1,0,0,0,276,1,5
12959,0,-1,0,0,0,276,1,5
12960,0,-1,0,0,0,250,1,13
12961,0,-1,0,0,0,840,1,15
12962,0,-1,0,0,0,826,1,10
12963,0,-1,0,0,0,250,1,0
12964,0,-1,0,0,0,276,1,1
12965,0,-1,0,0,0,250,1,9
12966,0,-1,0,0,0,826,1,18
12967,0,-1,0,0,0,276,1,1
12968,0,-1,0,0,0,840,1,11
12969,0,-1,0,0,0,840,1,17
12970,0,-1,0,0,0,276,1,16
12971,0,-1,0,0,0,276,1,9
12972,0,-1,0,0,0,276,1,13
12973,0,-1,0,0,0,156,1,1
12974,0,-1,0,0,0,840,1,15
12975,0,-1,0,0,1,156,1,1
12976,0,-1,0,0,0,840,1,2
12977,0,-1,0,0,0,250,1,16
12978,0,-1,0,0,0,276,1,14
12979,0,-1,0,0,0,276,1,8
12980,0,-1,0,0,0,840,1,0
12981,0,-1,0,0,0,840,1,15
12982,0,-1,0,0,0,276,1,0
12983,0,-1,0,0,0,250,1,12
12984,0,-1,0,0,0,276,1,10
12985,0,-1,0,0,0,826,1,16
12986,0,-1,0,0,0,840,1,4
12987,0,-1,0,0,0,276,1,7
12988,0,-1,0,0,0,250,1,9
12989,0,-1,0,0,0,156,1,0
12990,0,-1,0,0,0,156,1,3
12991,0,-1,0,0,0,156,1,14
12992,0,-1,0,0,0,250,1,13
12993,0,-1,0,0,0,250,1,18
12994,0,-1,0,0,0,826,1,15
12995,0,-1,0,0,0,250,1,0
12996,0,-1,0,0,0,826,1,4
12997,0,-1,0,0,0,250,1,7
12998,0,-1,0,0,0,276,1,1
12999,0,-1,0,0,0,276,1,3
13000,0,-1,0,0,0,840,1,6
13001,0,-1,0,0,0,840,1,11
13002,0,-1,0,0,0,840,1,0
13003,0,-1,0,0,0,156,1,4
13004,0,-1,0,1,0,826,1,13
13005,0,-1,0,0,0,156,1,6
13006,0,-1,0,0,0,250,1,16
13007,0,-1,0,0,0,276,1,19
13008,0,-1,0,0,0,840,1,11
13009,0,-1,0,0,0,276,1,15
13010,0,-1,0,0,0,250,1,13
13011,0,-1,0,0,0,250,1,17
13012,0,-1,0,0,0,250,1,17
13013,0,-1,0,0,0,250,1,15
13014,0,-1,0,0,0,840,1,8
13015,0,-1,0,0,0,276,1,3
13016,0,-1,0,0,0,840,1,19
13017,0,-1,0,1,0,840,1,1
13018,0,-1,0,0,0,250,1,0
13019,0,-1,0,0,0,276,1,12
13020,0,-1,0,0,0,156,1,15
13021,0,-1,0,0,0,826,1,12
13022,0,-1,0,0,0,276,1,14
13023,0,-1,0,0,1,276,1,12
13024,0,-1,0,0,0,250,1,2
13025,0,-1,0,0,0,840,1,15
13026,0,-1,0,0,0,826,1,5
13027,0,-1,0,0,0,276,1,1
13028,0,-1,0,0,0,156,1,12
13029,0,-1,0,0,0,840,1,3
13030,0,-1,0,0,0,156,1,7
13031,0,-1,0,0,0,276,1,16
13032,0,-1,0,1,0,156,1,1
13033,0,-1,0,0,0,276,1,9
13034,0,-1,0,0,0,250,1,8
13035,0,-1,0,0,0,826,1,10
13036,0,-1,0,0,0,826,1,1
13037,0,-1,0,0,0,156,1,3
13038,0,-1,0,0,1,250,1,15
13039,0,-1,0,0,0,276,1,18
13040,0,-1,0,0,0,250,1,5
13041,0,-1,0,0,0,826,1,1
13042,0,-1,0,0,0,276,1,5
13043,0,-1,0,0,0,826,1,19
13044,0,-1,0,0,0,156,1,3
13045,0,-1,0,0,0,276,1,7
13046,0,-1,0,0,0,156,1,4
13047,0,-1,0,0,0,276,1,6
13048,0,-1,0,0,0,276,1,11
13049,0,-1,0,0,0,840,1,12
13050,0,-1,0,0,0,250,1,12
13051,0,-1,0,0,0,276,1,7
13052,0,-1,0,0,0,826,1,9
13053,0,-1,0,0,0,840,1,19
13054,0,-1,0,1,0,250,1,0
13055,0,-1,0,0,0,826,1,12
13056,0,-1,0,0,0,250,1,15
13057,0,-1,0,0,0,276,1,6
13058,0,-1,0,0,0,276,1,4
13059,0,-1,0,0,0,250,1,2
13060,0,-1,0,0,0,156,1,9
13061,0,-1,0,0,0,156,1,13
13062,0,-1,0,0,0,156,1,5
13063,0,-1,0,0,0,250,1,3
13064,0,-1,0,1,0,250,1,1
13065,0,-1,0,0,0,276,1,13
13066,0,-1,0,0,0,840,1,0
13067,0,-1,0,0,0,156,1,13
13068,0,-1,0,0,0,840,1,13
13069,0,-1,0,0,0,840,1,8
13070,0,-1,0,0,0,250,1,16
13071,0,-1,0,0,0,826,1,9
13072,0,-1,0,0,0,156,1,4
13073,0,-1,0,0,0,156,1,19
13074,0,-1,0,0,1,156,1,4
13075,0,-1,0,0,0,276,1,0
13076,0,-1,0,0,0,250,1,8
13077,0,-1,0,0,0,250,1,2
13078,0,-1,0,0,0,840,1,9
13079,0,-1,0,0,0,276,1,12
13080,0,-1,0,0,0,276,1,17
13081,0,-1,0,0,0,840,1,11
13082,0,-1,0,0,0,840,1,10
13083,0,-1,0,0,0,826,1,5
13084,0,-1,0,1,0,826,1,4
13085,0,-1,0,0,0,156,1,6
13086,0,-1,0,0,1,156,1,17
13087,0,-1,0,0,1,156,1,16
13088,0,-1,0,0,1,250,1,0
13089,0,-1,0,0,0,156,1,6
13090,0,-1,0,0,0,156,1,12
13091,0,-1,0,0,0,840,1,1
13092,0,-1,0,0,0,250,1,5
13093,0,-1,0,0,1,826,1,6
13094,0,-1,0,0,0,276,1,0
13095,0,-1,0,0,0,156,1,7
13096,0,-1,0,0,0,156,1,13
13097,0,-1,0,0,0,156,1,9
13098,0,-1,0,0,0,840,1,17
13099,0,-1,0,0,0,156,1,0
13100,0,-1,0,0,0,156,1,12
13101,0,-1,0,0,0,840,1,2
13102,0,-1,0,1,0,840,1,15
13103,0,-1,0,0,0,276,1,0
13104,0,-1,0,0,0,276,1,11
13105,0,-1,0,0,0,840,1,17
13106,0,-1,0,0,0,250,1,19
13107,0,-1,0,0,0,276,1,5
13108,0,-1,0,0,0,826,1,3
13109,0,-1,0,0,0,250,1,15
13110,0,-1,0,0,0,250,1,6
13111,0,-1,0,0,0,250,1,17
13112,0,-1,0,0,0,276,1,13
13113,0,-1,0,0,0,276,1,2
13114,0,-1,0,0,0,826,1,14
13115,0,-1,0,0,0,250,1,6
13116,0,-1,0,0,0,840,1,16
13117,0,-1,0,0,0,826,1,14
13118,0,-1,0,0,1,276,1,14
13119,0,-1,0,1,0,156,1,1
13120,0,-1,0,0,0,840,1,10
13121,0,-1,0,0,0,250,1,4
13122,0,-1,0,1,0,250,1,10
13123,0,-1,0,0,0,156,1,18
13124,0,-1,0,0,0,826,1,19
13125,0,-1,0,0,0,156,1,10
13126,0,-1,0,0,0,156,1,11
13127,0,-1,0,0,0,826,1,11
13128,0,-1,0,0,0,276,1,15
13129,0,-1,0,0,0,840,1,4
13130,0,-1,0,0,0,826,1,14
13131,0,-1,0,0,0,276,1,18
13132,0,-1,0,0,0,276,1,14
13133,0,-1,0,1,0,826,1,3
13134,0,-1,0,1,0,826,1,11
13135,0,-1,0,0,0,250,1,10
13136,0,-1,0,0,0,156,1,9
13137,0,-1,0,0,0,826,1,12
13138,0,-1,0,0,0,250,1,0
13139,0,-1,0,0,1,276,1,12
13140,0,-1,0,0,0,840,1,7
13141,0,-1,0,0,0,826,1,0
13142,0,-1,0,0,0,840,1,16
13143,0,-1,0,0,0,826,1,6
13144,0,-1,0,0,0,250,1,18
13145,0,-1,0,0,0,826,1,13
13146,0,-1,0,0,0,156,1,9
13147,0,-1,0,0,0,250,1,17
13148,0,-1,0,0,0,156,1,8
13149,0,-1,0,0,0,840,1,2
13150,0,-1,0,0,0,276,1,13
13151,0,-1,0,0,0,250,1,5
13152,0,-1,0,1,1,250,1,1
13153,0,-1,0,0,0,826,1,14
13154,0,-1,0,0,0,840,1,11
13155,0,-1,0,0,0,156,1,8
13156,0,-1,0,0,0,250,1,19
13157,0,-1,0,0,0,826,1,4
13158,0,-1,0,0,0,276,1,3
13159,0,-1,0,0,0,250,1,9
13160,0,-1,0,0,0,156,1,4
13161,0,-1,0,0,0,826,1,12
13162,0,-1,0,1,0,156,1,6
13163,0,-1,0,0,0,840,1,9
13164,0,-1,0,0,0,276,1,17
13165,0,-1,0,0,0,156,1,16
13166,0,-1,0,0,0,250,1,1
13167,0,-1,0,0,0,156,1,16
13168,0,-1,0,1,0,276,1,16
13169,0,-1,0,0,0,250,1,6
13170,0,-1,0,0,0,250,1,1
13171,0,-1,0,0,0,276,1,19
13172,0,-1,0,0,0,276,1,14
13173,0,-1,0,0,0,250,1,6
13174,0,-1,0,1,0,826,1,18
13175,0,-1,0,0,0,840,1,12
13176,0,-1,0,0,0,276,1,4
13177,0,-1,0,0,0,840,1,3
13178,0,-1,0,0,0,156,1,4
13179,0,-1,0,0,0,250,1,12
13180,0,-1,0,0,0,156,1,11
13181,0,-1,0,0,0,276,1,0
13182,0,-1,0,0,0,250,1,14
13183,0,-1,0,0,0,276,1,5
13184,0,-1,0,0,0,276,1,0
13185,0,-1,0,0,0,840,1,3
13186,0,-1,0,0,0,826,1,1
13187,0,-1,0,0,0,156,1,9
13188,0,-1,0,0,0,840,1,11
13189,0,-1,0,1,0,250,1,6
13190,0,-1,0,0,0,250,1,3
13191,0,-1,0,0,0,250,1,16
13192,0,-1,0,0,0,250,1,17
13193,0,-1,0,0,0,250,1,18
13194,0,-1,0,0,0,156,1,1
13195,0,-1,0,0,0,250,1,10
13196,0,-1,0,1,0,840,1,8
13197,0,-1,0,0,0,826,1,18
13198,0,-1,0,0,0,840,1,15
13199,0,-1,0,0,1,276,1,19
13200,0,-1,0,1,0,250,1,3
13201,0,-1,0,0,0,840,1,7
13202,0,-1,0,0,0,276,1,10
13203,0,-1,0,1,0,840,1,8
13204,0,-1,0,0,0,840,1,14
13205,0,-1,0,0,0,250,1,4
13206,0,-1,0,0,0,250,1,14
13207,0,-1,0,0,0,250,1,19
13208,0,-1,0,0,0,826,1,8
13209,0,-1,0,0,0,156,1,10
13210,0,-1,0,0,1,276,1,7
13211,0,-1,0,1,0,250,1,7
13212,0,-1,0,0,0,826,1,11
13213,0,-1,0,0,0,156,1,4
13214,0,-1,0,0,0,156,1,3
13215,0,-1,0,0,0,250,1,12
13216,0,-1,0,0,0,156,1,9
13217,0,-1,0,0,0,156,1,2
13218,0,-1,0,0,0,156,1,7
13219,0,-1,0,0,0,250,1,4
13220,0,-1,0,0,0,840,1,2
13221,0,-1,0,0,0,826,1,17
13222,0,-1,0,0,0,826,1,17
13223,0,-1,0,0,0,250,1,17
13224,0,-1,0,0,0,840,1,19
13225,0,-1,0,0,0,250,1,4
13226,0,-1,0,0,0,156,1,10
13227,0,-1,0,1,0,840,1,15
13228,0,-1,0,0,0,250,1,17
13229,0,-1,0,0,0,840,1,12
13230,0,-1,0,0,0,276,1,6
13231,0,-1,0,0,0,840,1,2
13232,0,-1,0,1,1,840,1,4
13233,0,-1,0,0,0,250,1,16
13234,0,-1,0,0,0,276,1,9
13235,0,-1,0,0,0,840,1,2
13236,0,-1,0,0,0,250,1,3
13237,0,-1,0,0,0,250,1,10
13238,0,-1,0,0,0,276,1,5
13239,0,-1,0,0,0,826,1,1
13240,0,-1,0,0,0,250,1,7
13241,0,-1,0,0,0,840,1,4
13242,0,-1,0,0,0,840,1,15
13243,0,-1,0,1,0,840,1,6
13244,0,-1,0,0,0,826,1,18
13245,0,-1,0,0,0,250,1,11
13246,0,-1,0,0,0,276,1,18
13247,0,-1,0,0,0,156,1,13
13248,0,-1,0,0,0,156,1,18
13249,0,-1,0,0,0,826,1,4
13250,0,-1,0,0,0,826,1,19
13251,0,-1,0,0,0,156,1,7
13252,0,-1,0,0,0,250,1,17
13253,0,-1,0,0,0,156,1,7
13254,0,-1,0,0,0,156,1,1
13255,0,-1,0,0,0,276,1,10
13256,0,-1,0,0,0,276,1,11
13257,0,-1,0,0,1,250,1,5
13258,0,-1,0,0,0,840,1,7
13259,0,-1,0,0,0,840,1,15
13260,0,-1,0,1,0,840,1,8
13261,0,-1,0,0,0,250,1,18
13262,0,-1,0,0,0,840,1,12
13263,0,-1,0,1,0,276,1,14
13264,0,-1,0,0,0,826,1,4
13265,0,-1,0,0,0,156,1,1
13266,0,-1,0,0,0,840,1,0
13267,0,-1,0,0,0,840,1,2
13268,0,-1,0,0,0,156,1,8
13269,0,-1,0,0,0,840,1,13
13270,0,-1,0,0,0,156,1,18
13271,0,-1,0,1,0,276,1,18
13272,0,-1,0,0,0,840,1,14
13273,0,-1,0,0,0,276,1,12
13274,0,-1,0,0,0,276,1,1
13275,0,-1,0,0,0,250,1,10
13276,0,-1,0,0,0,826,1,14
13277,0,-1,0,1,0,276,1,7
13278,0,-1,0,0,0,840,1,9
13279,0,-1,0,0,0,840,1,18
13280,0,-1,0,0,0,156,1,0
13281,0,-1,0,0,0,250,1,19
13282,0,-1,0,0,0,276,1,5
13283,0,-1,0,0,0,840,1,15
13284,0,-1,0,0,0,156,1,0
13285,0,-1,0,0,0,250,1,2
13286,0,-1,0,0,0,840,1,12
13287,0,-1,0,0,0,156,1,11
13288,0,-1,0,0,0,156,1,0
13289,0,-1,0,1,0,826,1,16
13290,0,-1,0,0,0,276,1,16
13291,0,-1,0,0,0,250,1,11
13292,0,-1,0,0,0,250,1,10
13293,0,-1,0,0,0,250,1,12
13294,0,-1,0,0,0,826,1,16
13295,0,-1,0,0,0,156,1,15
13296,0,-1,0,0,0,156,1,16
13297,0,-1,0,0,0,826,1,9
13298,0,-1,0,0,0,840,1,3
13299,0,-1,0,0,0,276,1,6
13300,0,-1,0,0,0,250,1,10
13301,0,-1,0,0,0,250,1,8
13302,0,-1,0,0,0,826,1,18
13303,0,-1,0,0,0,250,1,4
13304,0,-1,0,0,0,276,1,11
13305,0,-1,0,0,0,840,1,13
13306,0,-1,0,0,0,840,1,7
13307,0,-1,0,0,0,826,1,11
13308,0,-1,0,0,0,156,1,7
13309,0,-1,0,0,0,840,1,11
13310,0,-1,0,0,0,276,1,1
13311,0,-1,0,1,0,156,1,1
13312,0,-1,0,0,0,250,1,4
13313,0,-1,0,0,0,156,1,4
13314,0,-1,0,0,1,250,1,6
13315,0,-1,0,0,0,826,1,4
13316,0,-1,0,0,0,276,1,19
13317,0,-1,0,0,0,276,1,18
13318,0,-1,0,0,0,826,1,8
13319,0,-1,0,0,1,826,1,16
13320,0,-1,0,0,0,156,1,9
13321,0,-1,0,0,0,156,1,13
13322,0,-1,0,0,0,276,1,19
13323,0,-1,0,1,0,250,1,9
13324,0,-1,0,0,0,826,1,14
13325,0,-1,0,0,0,250,1,15
13326,0,-1,0,0,0,276,1,8
13327,0,-1,0,0,0,840,1,17
13328,0,-1,0,0,0,826,1,19
13329,0,-1,0,0,0,156,1,13
13330,0,-1,0,0,0,250,1,6
13331,0,-1,0,0,0,156,1,6
13332,0,-1,0,0,0,826,1,19
13333,0,-1,0,0,0,826,1,18
13334,0,-1,0,0,1,840,1,16
13335,0,-1,0,0,0,840,1,19
13336,0,-1,0,0,0,156,1,18
13337,0,-1,0,0,0,840,1,16
13338,0,-1,0,0,0,826,1,8
13339,0,-1,0,0,0,250,1,12
13340,0,-1,0,0,0,826,1,0
13341,0,-1,0,0,0,156,1,17
13342,0,-1,0,0,0,826,1,4
13343,0,-1,0,0,0,250,1,16
13344,0,-1,0,0,1,276,1,5
13345,0,-1,0,0,0,156,1,10
13346,0,-1,0,0,1,156,1,9
13347,0,-1,0,0,0,276,1,7
13348,0,-1,0,0,0,276,1,13
13349,0,-1,0,0,0,156,1,2
13350,0,-1,0,0,0,826,1,18
13351,0,-1,0,0,0,826,1,17
13352,0,-1,0,1,0,840,1,19
13353,0,-1,0,0,0,156,1,19
13354,0,-1,0,0,0,840,1,7
13355,0,-1,0,0,0,826,1,16
13356,0,-1,0,0,0,250,1,2
13357,0,-1,0,0,0,826,1,4
13358,0,-1,0,1,0,250,1,3
13359,0,-1,0,0,0,250,1,13
13360,0,-1,0,0,0,276,1,6
13361,0,-1,0,0,1,276,1,12
13362,0,-1,0,0,0,276,1,9
13363,0,-1,0,1,0,156,1,18
13364,0,-1,0,0,0,250,1,0
13365,0,-1,0,0,0,276,1,8
13366,0,-1,0,0,1,156,1,15
13367,0,-1,0,0,0,826,1,8
13368,0,-1,0,0,0,826,1,0
13369,0,-1,0,0,0,840,1,15
13370,0,-1,0,0,0,840,1,19
13371,0,-1,0,0,0,276,1,13
13372,0,-1,0,0,0,250,1,0
13373,0,-1,0,0,0,826,1,7
13374,0,-1,0,0,0,156,1,3
13375,0,-1,0,0,0,156,1,14
13376,0,-1,0,0,0,840,1,6
13377,0,-1,0,0,0,250,1,10
13378,0,-1,0,0,0,826,1,18
13379,0,-1,0,0,0,826,1,3
13380,0,-1,0,0,0,826,1,17
13381,0,-1,0,0,0,826,1,16
13382,0,-1,0,0,0,156,1,9
13383,0,-1,0,0,0,250,1,17
13384,0,-1,0,0,0,250,1,6
13385,0,-1,0,1,0,840,1,16
13386,0,-1,0,0,0,826,1,16
13387,0,-1,0,0,0,840,1,0
13388,0,-1,0,0,0,276,1,5
13389,0,-1,0,0,0,250,1,14
13390,0,-1,0,0,0,276,1,7
13391,0,-1,0,0,0,840,1,3
13392,0,-1,0,0,0,840,1,6
13393,0,-1,0,0,0,826,1,1
13394,0,-1,0,1,0,276,1,4
13395,0,-1,0,0,0,826,1,19
13396,0,-1,0,0,0,826,1,18
13397,0,-1,0,0,0,826,1,3
13398,0,-1,0,0,0,826,1,5
13399,0,-1,0,0,1,156,1,17
13400,0,-1,0,0,0,826,1,15
13401,0,-1,0,1,0,156,1,8
13402,0,-1,0,0,0,156,1,13
13403,0,-1,0,0,0,276,1,7
13404,0,-1,0,0,0,250,1,16
13405,0,-1,0,0,0,156,1,16
13406,0,-1,0,0,0,250,1,9
13407,0,-1,0,0,0,276,1,6
13408,0,-1,0,1,0,250,1,12
13409,0,-1,0,0,0,840,1,13
13410,0,-1,0,1,0,156,1,18
13411,0,-1,0,1,0,826,1,7
13412,0,-1,0,0,0,156,1,9
13413,0,-1,0,1,0,250,1,15
13414,0,-1,0,0,0,826,1,5
13415,0,-1,0,0,0,250,1,14
13416,0,-1,0,0,0,250,1,16
13417,0,-1,0,0,0,826,1,19
13418,0,-1,0,0,0,250,1,14
13419,0,-1,0,0,0,826,1,17
13420,0,-1,0,0,0,840,1,6
13421,0,-1,0,0,0,840,1,14
13422,0,-1,0,0,1,276,1,18
13423,0,-1,0,0,0,156,1,16
13424,0,-1,0,0,0,156,1,6
13425,0,-1,0,0,0,826,1,16
13426,0,-1,0,0,0,276,1,12
13427,0,-1,0,0,0,250,1,11
13428,0,-1,0,1,0,276,1,9
13429,0,-1,0,0,0,156,1,11
13430,0,-1,0,0,0,826,1,13
13431,0,-1,0,0,0,826,1,0
13432,0,-1,0,0,0,840,1,7
13433,0,-1,0,0,0,276,1,17
13434,0,-1,0,0,0,250,1,13
13435,0,-1,0,0,0,276,1,1
13436,0,-1,0,0,0,156,1,16
13437,0,-1,0,0,0,156,1,9
13438,0,-1,0,0,0,156,1,5
13439,0,-1,0,0,0,276,1,15
13440,0,-1,0,0,1,250,1,17
13441,0,-1,0,0,0,840,1,14
13442,0,-1,0,0,0,276,1,13
13443,0,-1,0,0,0,250,1,10
13444,0,-1,0,0,0,826,1,11
13445,0,-1,0,0,0,276,1,1
13446,0,-1,0,0,0,826,1,16
13447,0,-1,0,0,1,276,1,17
13448,0,-1,0,1,0,840,1,14
13449,0,-1,0,0,0,840,1,3
13450,0,-1,0,1,0,156,1,2
13451,0,-1,0,0,0,840,1,19
13452,0,-1,0,0,0,840,1,10
13453,0,-1,0,1,0,250,1,12
13454,0,-1,0,0,0,840,1,6
13455,0,-1,0,0,1,826,1,7
13456,0,-1,0,0,0,840,1,1
13457,0,-1,0,0,0,840,1,6
13458,0,-1,0,0,0,156,1,5
13459,0,-1,0,0,0,826,1,1
13460,0,-1,0,0,0,276,1,16
13461,0,-1,0,0,0,826,1,13
13462,0,-1,0,0,0,840,1,11
13463,0,-1,0,0,0,250,1,4
13464,0,-1,0,0,0,276,1,15
13465,0,-1,0,0,0,250,1,12
13466,0,-1,0,0,0,276,1,6
13467,0,-1,0,1,0,840,1,19
13468,0,-1,0,0,0,276,1,17
13469,0,-1,0,0,0,156,1,14
13470,0,-1,0,0,0,840,1,12
13471,0,-1,0,0,0,840,1,2
13472,0,-1,0,1,0,156,1,13
13473,0,-1,0,0,0,276,1,9
13474,0,-1,0,0,0,826,1,8
13475,0,-1,0,0,0,826,1,16
13476,0,-1,0,0,0,826,1,5
13477,0,-1,0,0,0,840,1,7
13478,0,-1,0,0,0,826,1,17
13479,0,-1,0,0,0,826,1,11
13480,0,-1,0,0,0,156,1,0
13481,0,-1,0,0,0,840,1,1
13482,0,-1,0,0,0,840,1,14
13483,0,-1,0,0,0,156,1,13
13484,0,-1,0,0,0,276,1,2
13485,0,-1,0,0,0,840,1,5
13486,0,-1,0,0,0,250,1,3
13487,0,-1,0,1,0,276,1,1
13488,0,-1,0,0,0,276,1,7
13489,0,-1,0,0,0,156,1,6
13490,0,-1,0,1,0,250,1,19
13491,0,-1,0,0,0,826,1,17
13492,0,-1,0,0,0,840,1,5
13493,0,-1,0,0,0,250,1,19
13494,0,-1,0,0,0,250,1,11
13495,0,-1,0,0,0,276,1,6
13496,0,-1,0,0,0,156,1,12
13497,0,-1,0,0,0,826,1,13
13498,0,-1,0,0,0,276,1,10
13499,0,-1,0,0,0,156,1,18
13500,0,-1,0,0,0,156,1,7
13501,0,-1,0,1,0,840,1,6
13502,0,-1,0,0,0,826,1,11
13503,0,-1,0,0,0,156,1,2
13504,0,-1,0,0,1,840,1,6
13505,0,-1,0,0,0,276,1,2
13506,0,-1,0,0,0,250,1,15
13507,0,-1,0,0,0,250,1,7
13508,0,-1,0,0,0,840,1,11
13509,0,-1,0,0,0,276,1,1
13510,0,-1,0,0,0,250,1,19
13511,0,-1,0,0,0,250,1,9
13512,0,-1,0,0,0,276,1,19
13513,0,-1,0,0,0,826,1,17
13514,0,-1,0,0,0,826,1,2
13515,0,-1,0,0,0,156,1,2
13516,0,-1,0,1,0,276,1,2
13517,0,-1,0,0,0,826,1,4
13518,0,-1,0,0,0,840,1,2
13519,0,-1,0,0,0,156,1,12
13520,0,-1,0,1,0,840,1,17
13521,0,-1,0,0,0,276,1,4
13522,0,-1,0,0,0,276,1,14
13523,0,-1,0,1,0,826,1,7
13524,0,-1,0,0,0,250,1,10
13525,0,-1,0,0,0,276,1,11
13526,0,-1,0,0,0,276,1,17
13527,0,-1,0,0,0,840,1,8
13528,0,-1,0,0,0,250,1,2
13529,0,-1,0,0,0,276,1,0
13530,0,-1,0,0,0,156,1,7
13531,0,-1,0,0,0,156,1,1
13532,0,-1,0,0,0,250,1,18
13533,0,-1,0,0,0,250,1,19
13534,0,-1,0,0,0,826,1,16
13535,0,-1,0,0,0,250,1,1
13536,0,-1,0,1,0,276,1,1
13537,0,-1,0,0,0,250,1,17
13538,0,-1,0,0,0,250,1,14
13539,0,-1,0,0,0,250,1,0
13540,0,-1,0,0,0,840,1,8
13541,0,-1,0,0,0,276,1,0
13542,0,-1,0,0,0,840,1,16
13543,0,-1,0,0,0,826,1,12
13544,0,-1,0,0,1,276,1,13
13545,0,-1,0,0,0,250,1,7
13546,0,-1,0,0,0,826,1,18
13547,0,-1,0,0,0,156,1,19
13548,0,-1,0,0,0,276,1,8
13549,0,-1,0,0,0,250,1,14
13550,0,-1,0,0,0,250,1,1
13551,0,-1,0,0,0,276,1,15
13552,0,-1,0,0,0,840,1,2
13553,0,-1,0,0,0,250,1,14
13554,0,-1,0,1,0,840,1,3
13555,0,-1,0,0,0,250,1,14
13556,0,-1,0,0,0,276,1,3
13557,0,-1,0,0,0,250,1,11
13558,0,-1,0,0,0,826,1,6
13559,0,-1,0,0,0,276,1,3
13560,0,-1,0,0,0,250,1,3
13561,0,-1,0,0,0,826,1,5
13562,0,-1,0,0,0,276,1,14
13563,0,-1,0,1,0,250,1,10
13564,0,-1,0,0,0,156,1,15
13565,0,-1,0,0,0,276,1,5
13566,0,-1,0,0,0,156,1,6
13567,0,-1,0,0,0,840,1,1
13568,0,-1,0,0,0,840,1,1
13569,0,-1,0,1,0,826,1,7
13570,0,-1,0,0,0,276,1,19
13571,0,-1,0,0,0,156,1,9
13572,0,-1,0,0,0,250,1,19
13573,0,-1,0,0,0,840,1,14
13574,0,-1,0,0,0,156,1,11
13575,0,-1,0,1,0,156,1,7
13576,0,-1,0,1,0,840,1,8
13577,0,-1,0,1,0,826,1,0
13578,0,-1,0,0,0,156,1,13
13579,0,-1,0,0,0,840,1,3
13580,0,-1,0,0,0,156,1,4
13581,0,-1,0,0,0,156,1,19
13582,0,-1,0,0,0,250,1,17
13583,0,-1,0,0,0,156,1,8
13584,0,-1,0,0,0,250,1,9
13585,0,-1,0,0,0,826,1,5
13586,0,-1,0,0,0,250,1,10
13587,0,-1,0,0,1,276,1,11
13588,0,-1,0,0,0,156,1,14
13589,0,-1,0,0,0,840,1,13
13590,0,-1,0,0,0,276,1,7
13591,0,-1,0,1,0,156,1,16
13592,0,-1,0,0,0,250,1,4
13593,0,-1,0,0,0,276,1,12
13594,0,-1,0,0,0,276,1,1
13595,0,-1,0,0,0,250,1,17
13596,0,-1,0,0,0,840,1,3
13597,0,-1,0,0,0,826,1,5
13598,0,-1,0,1,0,840,1,12
13599,0,-1,0,0,0,276,1,7
13600,0,-1,0,1,0,276,1,11
13601,0,-1,0,0,0,156,1,4
13602,0,-1,0,0,0,276,1,12
13603,0,-1,0,0,0,826,1,9
13604,0,-1,0,0,0,826,1,12
13605,0,-1,0,0,0,826,1,1
13606,0,-1,0,0,0,276,1,6
13607,0,-1,0,1,0,276,1,16
13608,0,-1,0,0,0,250,1,13
13609,0,-1,0,0,0,250,1,3
13610,0,-1,0,0,0,840,1,11
13611,0,-1,0,0,0,840,1,0
13612,0,-1,0,0,0,156,1,8
13613,0,-1,0,0,0,250,1,12
13614,0,-1,0,0,0,156,1,9
13615,0,-1,0,1,0,840,1,3
13616,0,-1,0,1,0,156,1,16
13617,0,-1,0,1,0,826,1,0
13618,0,-1,0,0,0,840,1,15
13619,0,-1,0,0,0,840,1,11
13620,0,-1,0,1,0,276,1,10
13621,0,-1,0,0,0,250,1,16
13622,0,-1,0,0,0,826,1,14
13623,0,-1,0,0,0,840,1,13
13624,0,-1,0,0,0,156,1,7
13625,0,-1,0,0,0,276,1,9
13626,0,-1,0,0,0,156,1,4
13627,0,-1,0,0,0,826,1,4
13628,0,-1,0,0,0,276,1,10
13629,0,-1,0,0,0,826,1,16
13630,0,-1,0,0,0,826,1,13
13631,0,-1,0,1,0,840,1,17
13632,0,-1,0,0,0,156,1,6
13633,0,-1,0,0,0,250,1,18
13634,0,-1,0,0,0,156,1,3
13635,0,-1,0,0,0,156,1,4
13636,0,-1,0,0,0,156,1,10
13637,0,-1,0,0,0,276,1,13
13638,0,-1,0,0,0,826,1,2
13639,0,-1,0,0,0,826,1,5
13640,0,-1,0,0,0,840,1,18
13641,0,-1,0,0,0,250,1,15
13642,0,-1,0,0,0,156,1,2
13643,0,-1,0,0,0,156,1,6
13644,0,-1,0,0,0,156,1,14
13645,0,-1,0,0,0,156,1,0
13646,0,-1,0,1,0,156,1,11
13647,0,-1,0,0,0,276,1,5
13648,0,-1,0,0,0,840,1,4
13649,0,-1,0,0,0,826,1,3
13650,0,-1,0,0,0,826,1,12
13651,0,-1,0,1,0,826,1,14
13652,0,-1,0,0,1,250,1,5
13653,0,-1,0,0,0,276,1,4
13654,0,-1,0,0,0,840,1,17
13655,0,-1,0,0,0,840,1,10
13656,0,-1,0,0,0,826,1,3
13657,0,-1,0,0,0,840,1,18
13658,0,-1,0,0,0,250,1,18
13659,0,-1,0,0,0,250,1,0
13660,0,-1,0,1,0,156,1,3
13661,0,-1,0,0,0,250,1,9
13662,0,-1,0,1,0,840,1,15
13663,0,-1,0,0,1,276,1,12
13664,0,-1,0,0,0,250,1,7
13665,0,-1,0,0,0,250,1,7
13666,0,-1,0,0,0,840,1,3
13667,0,-1,0,0,0,826,1,18
13668,0,-1,0,0,0,156,1,10
13669,0,-1,0,0,1,156,1,18
13670,0,-1,0,0,0,276,1,12
13671,0,-1,0,0,0,156,1,12
13672,0,-1,0,0,0,156,1,2
13673,0,-1,0,0,0,156,1,3
13674,0,-1,0,0,0,250,1,5
13675,0,-1,0,0,0,840,1,11
13676,0,-1,0,0,0,250,1,19
13677,0,-1,0,0,1,276,1,2
13678,0,-1,0,0,0,276,1,6
13679,0,-1,0,0,1,156,1,3
13680,0,-1,0,0,0,276,1,10
13681,0,-1,0,0,0,276,1,3
13682,0,-1,0,0,0,156,1,4
13683,0,-1,0,0,0,156,1,8
13684,0,-1,0,0,0,250,1,15
13685,0,-1,0,0,0,276,1,9
13686,0,-1,0,0,0,826,1,17
13687,0,-1,0,1,0,156,1,7
13688,0,-1,0,0,0,840,1,7
13689,0,-1,0,0,0,840,1,16
13690,0,-1,0,0,0,276,1,2
13691,0,-1,0,0,0,156,1,7
13692,0,-1,0,0,0,156,1,10
13693,0,-1,0,0,0,156,1,1
13694,0,-1,0,0,0,250,1,6
13695,0,-1,0,0,0,826,1,19
13696,0,-1,0,0,0,250,1,18
13697,0,-1,0,0,0,826,1,17
13698,0,-1,0,0,0,250,1,5
13699,0,-1,0,0,0,840,1,7
13700,0,-1,0,1,0,156,1,5
13701,0,-1,0,0,0,826,1,16
13702,0,-1,0,0,0,840,1,15
13703,0,-1,0,0,0,156,1,19
13704,0,-1,0,0,0,840,1,1
13705,0,-1,0,0,0,840,1,3
13706,0,-1,0,0,0,276,1,15
13707,0,-1,0,0,0,840,1,16
13708,0,-1,0,0,0,826,1,19
13709,0,-1,0,0,0,826,1,1
13710,0,-1,0,0,1,826,1,0
13711,0,-1,0,0,0,840,1,0
13712,0,-1,0,0,0,250,1,18
13713,0,-1,0,0,0,826,1,7
13714,0,-1,0,1,0,276,1,3
13715,0,-1,0,0,0,156,1,15
13716,0,-1,0,0,0,250,1,10
13717,0,-1,0,1,0,250,1,13
13718,0,-1,0,0,0,826,1,15
13719,0,-1,0,0,0,826,1,14
13720,0,-1,0,0,0,250,1,1
13721,0,-1,0,0,0,156,1,11
13722,0,-1,0,0,0,156,1,17
13723,0,-1,0,0,0,156,1,6
13724,0,-1,0,1,0,276,1,7
13725,0,-1,0,0,0,276,1,17
13726,0,-1,0,0,0,840,1,7
13727,0,-1,0,0,0,840,1,5
13728,0,-1,0,0,0,826,1,10
13729,0,-1,0,0,0,276,1,4
13730,0,-1,0,0,0,250,1,12
13731,0,-1,0,0,0,276,1,16
13732,0,-1,0,0,0,156,1,13
13733,0,-1,0,1,0,840,1,0
13734,0,-1,0,0,1,250,1,3
13735,0,-1,0,0,0,156,1,2
13736,0,-1,0,0,0,276,1,17
13737,0,-1,0,1,0,156,1,6
13738,0,-1,0,0,0,250,1,14
13739,0,-1,0,0,0,276,1,7
13740,0,-1,0,0,0,276,1,12
13741,0,-1,0,0,0,840,1,10
13742,0,-1,0,0,0,276,1,13
13743,0,-1,0,0,0,826,1,10
13744,0,-1,0,0,1,826,1,19
13745,0,-1,0,0,0,250,1,10
13746,0,-1,0,0,0,276,1,3
13747,0,-1,0,0,0,156,1,4
13748,0,-1,0,1,0,276,1,13
13749,0,-1,0,0,0,156,1,17
13750,0,-1,0,0,0,840,1,2
13751,0,-1,0,0,0,840,1,1
13752,0,-1,0,0,0,840,1,3
13753,0,-1,0,0,0,826,1,1
13754,0,-1,0,0,0,826,1,15
13755,0,-1,0,1,0,840,1,1
13756,0,-1,0,0,0,156,1,16
13757,0,-1,0,0,0,840,1,6
13758,0,-1,0,0,0,250,1,14
13759,0,-1,0,0,0,276,1,13
13760,0,-1,0,1,0,840,1,13
13761,0,-1,0,0,0,840,1,5
13762,0,-1,0,0,0,276,1,14
13763,0,-1,0,0,0,840,1,11
13764,0,-1,0,0,0,840,1,6
13765,0,-1,0,0,0,250,1,12
13766,0,-1,0,0,0,840,1,10
13767,0,-1,0,1,0,276,1,19
13768,0,-1,0,0,0,276,1,10
13769,0,-1,0,0,0,156,1,3
13770,0,-1,0,0,0,840,1,11
13771,0,-1,0,0,0,250,1,2
13772,0,-1,0,0,0,156,1,0
13773,0,-1,0,0,0,250,1,9
13774,0,-1,0,0,0,826,1,9
13775,0,-1,0,0,0,250,1,19
13776,0,-1,0,1,0,156,1,16
13777,0,-1,0,0,0,156,1,9
13778,0,-1,0,0,0,276,1,6
13779,0,-1,0,0,0,156,1,13
13780,0,-1,0,0,0,276,1,10
13781,0,-1,0,0,0,276,1,4
13782,0,-1,0,0,0,840,1,7
13783,0,-1,0,0,0,840,1,16
13784,0,-1,0,0,0,156,1,6
13785,0,-1,0,0,0,250,1,5
13786,0,-1,0,0,0,156,1,18
13787,0,-1,0,0,0,826,1,19
13788,0,-1,0,1,0,826,1,7
13789,0,-1,0,0,0,276,1,8
13790,0,-1,0,0,0,250,1,7
13791,0,-1,0,0,0,840,1,7
13792,0,-1,0,0,0,156,1,13
13793,0,-1,0,0,0,276,1,1
13794,0,-1,0,0,1,156,1,16
13795,0,-1,0,0,0,250,1,12
13796,0,-1,0,0,0,250,1,6
13797,0,-1,0,0,0,276,1,7
13798,0,-1,0,0,0,826,1,3
13799,0,-1,0,0,0,250,1,11
13800,0,-1,0,0,0,250,1,12
13801,0,-1,0,0,0,156,1,13
13802,0,-1,0,0,0,250,1,3
13803,0,-1,0,0,0,840,1,5
13804,0,-1,0,0,0,840,1,6
13805,0,-1,0,1,0,250,1,9
13806,0,-1,0,0,0,250,1,15
13807,0,-1,0,1,0,276,1,14
13808,0,-1,0,0,0,840,1,4
13809,0,-1,0,0,0,826,1,0
13810,0,-1,0,0,0,826,1,5
13811,0,-1,0,0,0,840,1,3
13812,0,-1,0,0,0,276,1,3
13813,0,-1,0,0,0,826,1,15
13814,0,-1,0,0,0,250,1,10
13815,0,-1,0,0,0,840,1,18
13816,0,-1,0,0,0,276,1,17
13817,0,-1,0,0,0,276,1,12
13818,0,-1,0,0,0,250,1,9
13819,0,-1,0,0,0,826,1,10
13820,0,-1,0,0,0,840,1,19
13821,0,-1,0,0,0,276,1,7
13822,0,-1,0,0,0,156,1,0
13823,0,-1,0,0,0,826,1,8
13824,0,-1,0,0,0,250,1,18
13825,0,-1,0,0,0,156,1,12
13826,0,-1,0,0,0,840,1,5
13827,0,-1,0,0,0,840,1,7
13828,0,-1,0,0,0,250,1,10
13829,0,-1,0,0,0,840,1,6
13830,0,-1,0,0,0,840,1,1
13831,0,-1,0,0,0,826,1,11
13832,0,-1,0,0,0,826,1,11
13833,0,-1,0,0,0,156,1,10
13834,0,-1,0,1,0,840,1,14
13835,0,-1,0,0,0,250,1,9
13836,0,-1,0,0,0,156,1,2
13837,0,-1,0,0,0,250,1,10
13838,0,-1,0,0,0,276,1,10
13839,0,-1,0,1,0,826,1,11
13840,0,-1,0,0,0,250,1,8
13841,0,-1,0,0,0,276,1,14
13842,0,-1,0,0,0,826,1,0
13843,0,-1,0,0,0,250,1,13
13844,0,-1,0,0,1,826,1,0
13845,0,-1,0,0,0,840,1,17
13846,0,-1,0,1,0,826,1,12
13847,0,-1,0,1,0,156,1,4
13848,0,-1,0,0,0,826,1,18
13849,0,-1,0,0,0,826,1,1
13850,0,-1,0,0,0,276,1,11
13851,0,-1,0,0,0,156,1,5
13852,0,-1,0,0,0,250,1,4
13853,0,-1,0,0,0,840,1,10
13854,0,-1,0,0,0,840,1,8
13855,0,-1,0,0,0,840,1,1
13856,0,-1,0,0,0,250,1,18
13857,0,-1,0,0,0,156,1,6
13858,0,-1,0,0,1,276,1,10
13859,0,-1,0,1,0,276,1,5
13860,0,-1,0,0,0,156,1,0
13861,0,-1,0,0,0,840,1,10
13862,0,-1,0,0,0,276,1,3
13863,0,-1,0,0,0,250,1,14
13864,0,-1,0,0,1,276,1,0
13865,0,-1,0,0,0,840,1,8
13866,0,-1,0,0,0,276,1,14
13867,0,-1,0,0,0,156,1,7
13868,0,-1,0,0,0,840,1,9
13869,0,-1,0,0,0,840,1,12
13870,0,-1,0,0,0,250,1,4
13871,0,-1,0,0,0,276,1,13
13872,0,-1,0,0,1,156,1,6
13873,0,-1,0,0,0,276,1,16
13874,0,-1,0,0,0,840,1,16
13875,0,-1,0,0,0,840,1,8
13876,0,-1,0,0,0,276,1,0
13877,0,-1,0,0,0,156,1,5
13878,0,-1,0,0,0,156,1,1
13879,0,-1,0,0,0,840,1,2
13880,0,-1,0,0,0,840,1,0
13881,0,-1,0,0,0,250,1,10
13882,0,-1,0,0,0,250,1,12
13883,0,-1,0,0,0,156,1,14
13884,0,-1,0,0,0,276,1,15
13885,0,-1,0,0,0,840,1,6
13886,0,-1,0,0,0,250,1,10
13887,0,-1,0,0,0,156,1,0
13888,0,-1,0,0,0,276,1,11
13889,0,-1,0,0,0,276,1,17
13890,0,-1,0,0,0,156,1,11
13891,0,-1,0,0,0,250,1,7
13892,0,-1,0,0,0,156,1,1
13893,0,-1,0,0,0,276,1,19
13894,0,-1,0,0,0,840,1,4
13895,0,-1,0,0,0,826,1,4
13896,0,-1,0,0,0,156,1,19
13897,0,-1,0,1,0,276,1,15
13898,0,-1,0,0,0,840,1,3
13899,0,-1,0,0,0,250,1,5
13900,0,-1,0,0,0,826,1,11
13901,0,-1,0,0,0,156,1,17
13902,0,-1,0,0,0,250,1,3
13903,0,-1,0,0,0,250,1,19
13904,0,-1,0,0,0,826,1,10
13905,0,-1,0,0,0,840,1,6
13906,0,-1,0,1,0,840,1,8
13907,0,-1,0,0,0,276,1,14
13908,0,-1,0,1,0,826,1,7
13909,0,-1,0,1,1,156,1,11
13910,0,-1,0,0,0,276,1,17
13911,0,-1,0,1,0,840,1,10
13912,0,-1,0,0,0,840,1,15
13913,0,-1,0,0,0,276,1,11
13914,0,-1,0,0,0,276,1,15
13915,0,-1,0,0,0,250,1,17
13916,0,-1,0,0,0,840,1,15
13917,0,-1,0,0,0,840,1,16
13918,0,-1,0,0,0,826,1,7
13919,0,-1,0,0,1,156,1,15
13920,0,-1,0,0,0,156,1,3
13921,0,-1,0,0,0,840,1,0
13922,0,-1,0,0,0,250,1,7
13923,0,-1,0,0,0,276,1,11
13924,0,-1,0,0,0,826,1,11
13925,0,-1,0,0,0,826,1,7
13926,0,-1,0,0,0,250,1,13
13927,0,-1,0,0,0,840,1,0
13928,0,-1,0,0,1,250,1,3
13929,0,-1,0,0,0,250,1,14
13930,0,-1,0,0,0,250,1,17
13931,0,-1,0,0,0,826,1,9
13932,0,-1,0,0,0,276,1,18
13933,0,-1,0,1,0,156,1,3
13934,0,-1,0,0,0,840,1,16
13935,0,-1,0,0,0,840,1,12
13936,0,-1,0,1,0,156,1,5
13937,0,-1,0,1,0,276,1,4
13938,0,-1,0,0,0,276,1,5
13939,0,-1,0,0,0,840,1,16
13940,0,-1,0,0,0,826,1,18
13941,0,-1,0,0,0,840,1,19
13942,0,-1,0,0,0,826,1,9
13943,0,-1,0,0,0,156,1,12
13944,0,-1,0,0,0,250,1,13
13945,0,-1,0,0,0,276,1,17
13946,0,-1,0,0,0,840,1,16
13947,0,-1,0,0,0,840,1,16
13948,0,-1,0,0,0,840,1,16
13949,0,-1,0,0,0,156,1,17
13950,0,-1,0,0,0,156,1,13
13951,0,-1,0,0,1,276,1,18
13952,0,-1,0,0,0,276,1,11
13953,0,-1,0,0,1,250,1,1
13954,0,-1,0,1,0,156,1,13
13955,0,-1,0,0,0,276,1,1
13956,0,-1,0,0,0,826,1,8
13957,0,-1,0,0,0,156,1,10
13958,0,-1,0,0,0,276,1,4
13959,0,-1,0,0,0,276,1,6
13960,0,-1,0,0,0,840,1,5
13961,0,-1,0,0,0,156,1,2
13962,0,-1,0,0,0,250,1,8
13963,0,-1,0,0,0,156,1,16
13964,0,-1,0,0,0,156,1,1
13965,0,-1,0,0,0,826,1,13
13966,0,-1,0,0,0,156,1,2
13967,0,-1,0,0,0,826,1,2
13968,0,-1,0,0,0,840,1,5
13969,0,-1,0,0,0,826,1,7
13970,0,-1,0,0,0,826,1,13
13971,0,-1,0,0,0,826,1,14
13972,0,-1,0,0,0,840,1,1
13973,0,-1,0,0,0,826,1,17
13974,0,-1,0,0,0,840,1,1
13975,0,-1,0,0,0,826,1,12
13976,0,-1,0,0,0,156,1,13
13977,0,-1,0,0,0,156,1,18
13978,0,-1,0,0,0,826,1,0
13979,0,-1,0,0,0,826,1,16
13980,0,-1,0,0,0,276,1,6
13981,0,-1,0,0,0,826,1,2
13982,0,-1,0,0,0,840,1,18
13983,0,-1,0,0,0,156,1,0
13984,0,-1,0,0,0,276,1,9
13985,0,-1,0,0,0,156,1,17
13986,0,-1,0,0,0,276,1,11
13987,0,-1,0,0,0,840,1,10
13988,0,-1,0,0,0,840,1,14
13989,0,-1,0,0,1,250,1,15
13990,0,-1,0,0,0,156,1,2
13991,0,-1,0,0,0,276,1,5
13992,0,-1,0,0,0,840,1,13
13993,0,-1,0,0,0,250,1,16
13994,0,-1,0,0,0,156,1,13
13995,0,-1,0,0,0,250,1,15
13996,0,-1,0,0,0,840,1,17
13997,0,-1,0,0,0,250,1,5
13998,0,-1,0,1,0,156,1,10
13999,0,-1,0,0,0,156,1,19
14000,0,-1,0,0,0,156,1,18
14001,0,-1,0,0,0,826,1,4
14002,0,-1,0,1,0,826,1,5
14003,0,-1,0,1,0,276,1,6
14004,0,-1,0,0,0,276,1,6
14005,0,-1,0,0,0,156,1,18
14006,0,-1,0,0,0,276,1,9
14007,0,-1,0,0,0,156,1,14
14008,0,-1,0,1,0,276,1,3
14009,0,-1,0,0,0,826,1,2
14010,0,-1,0,0,0,826,1,5
14011,0,-1,0,0,0,826,1,12
14012,0,-1,0,0,0,156,1,5
14013,0,-1,0,0,0,840,1,7
14014,0,-1,0,0,0,156,1,4
14015,0,-1,0,0,0,156,1,8
14016,0,-1,0,0,0,840,1,1
14017,0,-1,0,0,0,250,1,17
14018,0,-1,0,0,0,826,1,14
14019,0,-1,0,1,0,826,1,1
14020,0,-1,0,0,0,826,1,1
14021,0,-1,0,0,0,276,1,11
14022,0,-1,0,0,0,156,1,9
14023,0,-1,0,0,1,276,1,18
14024,0,-1,0,0,0,276,1,7
14025,0,-1,0,0,0,250,1,16
14026,0,-1,0,0,0,156,1,3
14027,0,-1,0,0,0,826,1,9
14028,0,-1,0,0,0,276,1,15
14029,0,-1,0,0,0,156,1,15
14030,0,-1,0,1,0,250,1,10
14031,0,-1,0,0,0,276,1,13
14032,0,-1,0,1,0,156,1,17
14033,0,-1,0,0,0,156,1,19
14034,0,-1,0,1,0,250,1,7
14035,0,-1,0,0,0,156,1,18
14036,0,-1,0,0,0,276,1,11
14037,0,-1,0,0,0,276,1,8
14038,0,-1,0,0,0,840,1,2
14039,0,-1,0,0,0,826,1,18
14040,0,-1,0,0,1,250,1,1
14041,0,-1,0,0,0,840,1,0
14042,0,-1,0,1,0,156,1,8
14043,0,-1,0,0,0,250,1,15
14044,0,-1,0,0,0,826,1,19
14045,0,-1,0,0,0,826,1,10
14046,0,-1,0,0,0,250,1,11
14047,0,-1,0,0,0,250,1,5
14048,0,-1,0,0,0,276,1,15
14049,0,-1,0,0,1,250,1,0
14050,0,-1,0,0,0,826,1,4
14051,0,-1,0,0,0,250,1,3
14052,0,-1,0,0,0,156,1,15
14053,0,-1,0,1,0,826,1,7
14054,0,-1,0,0,0,276,1,9
14055,0,-1,0,0,0,840,1,17
14056,0,-1,0,0,0,250,1,1
14057,0,-1,0,0,0,276,1,10
14058,0,-1,0,0,0,250,1,11
14059,0,-1,0,0,0,840,1,13
14060,0,-1,0,0,0,840,1,8
14061,0,-1,0,0,0,840,1,17
14062,0,-1,0,0,0,826,1,16
14063,0,-1,0,0,0,156,1,12
14064,0,-1,0,0,0,250,1,1
14065,0,-1,0,0,0,250,1,0
14066,0,-1,0,0,0,250,1,2
14067,0,-1,0,0,0,156,1,3
14068,0,-1,0,0,0,826,1,1
14069,0,-1,0,0,0,276,1,9
14070,0,-1,0,0,0,156,1,18
14071,0,-1,0,0,0,276,1,2
14072,0,-1,0,0,0,826,1,1
14073,0,-1,0,0,0,156,1,13
14074,0,-1,0,0,0,826,1,3
14075,0,-1,0,0,0,250,1,0
14076,0,-1,0,0,0,276,1,4
14077,0,-1,0,0,0,826,1,17
14078,0,-1,0,0,0,156,1,1
14079,0,-1,0,0,0,826,1,19
14080,0,-1,0,0,0,840,1,3
14081,0,-1,0,0,0,156,1,0
14082,0,-1,0,0,0,156,1,16
14083,0,-1,0,0,0,276,1,2
14084,0,-1,0,0,0,276,1,4
14085,0,-1,0,0,0,156,1,12
14086,0,-1,0,0,1,826,1,18
14087,0,-1,0,0,0,276,1,13
14088,0,-1,0,0,0,840,1,3
14089,0,-1,0,0,0,250,1,9
14090,0,-1,0,0,0,156,1,5
14091,0,-1,0,0,0,156,1,18
14092,0,-1,0,0,0,276,1,7
14093,0,-1,0,0,0,840,1,15
14094,0,-1,0,0,0,250,1,1
14095,0,-1,0,0,0,840,1,8
14096,0,-1,0,0,0,840,1,17
14097,0,-1,0,1,0,826,1,8
14098,0,-1,0,0,0,840,1,6
14099,0,-1,0,0,0,826,1,5
14100,0,-1,0,1,0,826,1,14
14101,0,-1,0,0,0,840,1,18
14102,0,-1,0,0,0,156,1,10
14103,0,-1,0,0,0,840,1,7
14104,0,-1,0,0,0,250,1,3
14105,0,-1,0,0,0,156,1,7
14106,0,-1,0,0,0,156,1,1
14107,0,-1,0,0,0,840,1,12
14108,0,-1,0,0,0,840,1,19
14109,0,-1,0,0,0,250,1,17
14110,0,-1,0,0,0,840,1,18
14111,0,-1,0,0,0,276,1,1
14112,0,-1,0,0,0,826,1,19
14113,0,-1,0,1,0,156,1,4
14114,0,-1,0,0,0,840,1,1
14115,0,-1,0,0,0,826,1,17
14116,0,-1,0,0,0,276,1,15
14117,0,-1,0,0,0,276,1,18
14118,0,-1,0,1,0,826,1,18
14119,0,-1,0,0,0,156,1,11
14120,0,-1,0,0,0,156,1,16
14121,0,-1,0,0,0,250,1,13
14122,0,-1,0,0,0,156,1,1
14123,0,-1,0,0,0,840,1,6
14124,0,-1,0,1,0,250,1,0
14125,0,-1,0,0,0,156,1,10
14126,0,-1,0,0,0,826,1,4
14127,0,-1,0,0,0,250,1,11
14128,0,-1,0,0,0,276,1,16
14129,0,-1,0,0,0,250,1,11
14130,0,-1,0,0,0,250,1,6
14131,0,-1,0,1,0,276,1,11
14132,0,-1,0,0,0,250,1,7
14133,0,-1,0,0,0,276,1,0
14134,0,-1,0,0,0,276,1,19
14135,0,-1,0,0,0,826,1,11
14136,0,-1,0,0,0,276,1,0
14137,0,-1,0,0,1,250,1,4
14138,0,-1,0,0,0,276,1,3
14139,0,-1,0,0,0,826,1,11
14140,0,-1,0,0,0,156,1,3
14141,0,-1,0,1,0,250,1,11
14142,0,-1,0,0,1,156,1,19
14143,0,-1,0,0,0,250,1,10
14144,0,-1,0,0,0,840,1,11
14145,0,-1,0,0,0,840,1,10
14146,0,-1,0,0,0,156,1,3
14147,0,-1,0,0,0,156,1,19
14148,0,-1,0,0,0,250,1,0
14149,0,-1,0,0,0,276,1,10
14150,0,-1,0,0,0,840,1,16
14151,0,-1,0,0,0,826,1,15
14152,0,-1,0,0,0,840,1,10
14153,0,-1,0,0,0,156,1,14
14154,0,-1,0,0,0,840,1,11
14155,0,-1,0,0,0,840,1,14
14156,0,-1,0,0,0,826,1,14
14157,0,-1,0,0,0,826,1,0
14158,0,-1,0,0,0,276,1,14
14159,0,-1,0,0,0,156,1,4
14160,0,-1,0,0,0,840,1,16
14161,0,-1,0,0,0,250,1,17
14162,0,-1,0,0,0,156,1,16
14163,0,-1,0,0,0,840,1,8
14164,0,-1,0,0,0,276,1,17
14165,0,-1,0,0,0,840,1,1
14166,0,-1,0,0,0,840,1,6
14167,0,-1,0,0,0,250,1,19
14168,0,-1,0,0,0,250,1,11
14169,0,-1,0,0,0,250,1,14
14170,0,-1,0,0,0,826,1,9
14171,0,-1,0,0,0,840,1,12
14172,0,-1,0,0,0,276,1,7
14173,0,-1,0,0,0,840,1,7
14174,0,-1,0,0,0,250,1,9
14175,0,-1,0,0,0,826,1,8
14176,0,-1,0,0,0,156,1,0
14177,0,-1,0,1,0,840,1,0
14178,0,-1,0,0,0,276,1,4
14179,0,-1,0,0,0,156,1,3
14180,0,-1,0,0,0,276,1,18
14181,0,-1,0,0,0,840,1,1
14182,0,-1,0,0,0,156,1,0
14183,0,-1,0,0,0,840,1,11
14184,0,-1,0,0,0,156,1,19
14185,0,-1,0,0,0,156,1,13
14186,0,-1,0,0,0,156,1,14
14187,0,-1,0,0,0,250,1,12
14188,0,-1,0,0,0,826,1,2
14189,0,-1,0,0,0,250,1,0
14190,0,-1,0,0,0,250,1,11
14191,0,-1,0,0,0,156,1,19
14192,0,-1,0,0,0,840,1,14
14193,0,-1,0,0,0,840,1,7
14194,0,-1,0,0,0,826,1,14
14195,0,-1,0,0,0,276,1,7
14196,0,-1,0,0,0,156,1,14
14197,0,-1,0,0,0,840,1,4
14198,0,-1,0,0,0,840,1,15
14199,0,-1,0,1,0,250,1,8
14200,0,-1,0,0,0,276,1,19
14201,0,-1,0,0,0,840,1,18
14202,0,-1,0,1,0,826,1,6
14203,0,-1,0,0,0,840,1,9
14204,0,-1,0,0,0,276,1,7
14205,0,-1,0,1,0,276,1,9
14206,0,-1,0,1,0,276,1,4
14207,0,-1,0,0,0,826,1,14
14208,0,-1,0,0,0,826,1,1
14209,0,-1,0,0,0,250,1,2
14210,0,-1,0,0,0,156,1,17
14211,0,-1,0,0,0,826,1,16
14212,0,-1,0,0,0,826,1,8
14213,0,-1,0,0,0,156,1,13
14214,0,-1,0,0,0,826,1,10
14215,0,-1,0,0,0,276,1,15
14216,0,-1,0,1,0,840,1,16
14217,0,-1,0,0,0,156,1,10
14218,0,-1,0,0,0,156,1,2
14219,0,-1,0,0,0,156,1,4
14220,0,-1,0,0,0,156,1,2
14221,0,-1,0,0,0,826,1,5
14222,0,-1,0,0,0,826,1,17
14223,0,-1,0,0,0,156,1,3
14224,0,-1,0,0,0,250,1,0
14225,0,-1,0,0,0,156,1,18
14226,0,-1,0,0,0,156,1,16
14227,0,-1,0,0,0,276,1,19
14228,0,-1,0,0,0,156,1,4
14229,0,-1,0,1,0,826,1,16
14230,0,-1,0,1,0,276,1,2
14231,0,-1,0,0,1,840,1,5
14232,0,-1,0,0,0,250,1,8
14233,0,-1,0,0,0,156,1,17
14234,0,-1,0,0,0,250,1,12
14235,0,-1,0,1,0,250,1,18
14236,0,-1,0,0,0,276,1,9
14237,0,-1,0,0,0,826,1,14
14238,0,-1,0,0,1,276,1,3
14239,0,-1,0,1,0,250,1,10
14240,0,-1,0,0,0,250,1,11
14241,0,-1,0,1,0,156,1,16
14242,0,-1,0,0,0,156,1,12
14243,0,-1,0,0,0,276,1,4
14244,0,-1,0,0,0,840,1,18
14245,0,-1,0,0,0,840,1,6
14246,0,-1,0,0,0,826,1,1
14247,0,-1,0,0,0,826,1,17
14248,0,-1,0,0,0,250,1,8
14249,0,-1,0,0,0,826,1,9
14250,0,-1,0,1,0,156,1,19
14251,0,-1,0,0,0,156,1,18
14252,0,-1,0,0,0,840,1,10
14253,0,-1,0,0,1,250,1,12
14254,0,-1,0,0,0,276,1,4
14255,0,-1,0,0,0,276,1,4
14256,0,-1,0,0,0,826,1,6
14257,0,-1,0,0,0,250,1,12
14258,0,-1,0,0,0,840,1,13
14259,0,-1,0,0,0,840,1,15
14260,0,-1,0,0,0,826,1,7
14261,0,-1,0,0,0,156,1,13
14262,0,-1,0,0,1,156,1,5
14263,0,-1,0,0,0,156,1,8
14264,0,-1,0,0,0,276,1,18
14265,0,-1,0,0,0,250,1,13
14266,0,-1,0,0,0,840,1,16
14267,0,-1,0,0,0,826,1,9
14268,0,-1,0,0,0,840,1,12
14269,0,-1,0,0,0,156,1,17
14270,0,-1,0,0,0,826,1,15
14271,0,-1,0,0,0,826,1,4
14272,0,-1,0,0,0,156,1,6
14273,0,-1,0,1,0,276,1,11
14274,0,-1,0,0,0,250,1,12
14275,0,-1,0,0,0,156,1,0
14276,0,-1,0,0,0,250,1,11
14277,0,-1,0,0,0,250,1,13
14278,0,-1,0,0,0,250,1,8
14279,0,-1,0,0,0,156,1,8
14280,0,-1,0,0,0,840,1,10
14281,0,-1,0,0,0,156,1,19
14282,0,-1,0,0,0,826,1,13
14283,0,-1,0,0,0,826,1,8
14284,0,-1,0,0,0,250,1,19
14285,0,-1,0,0,0,840,1,6
14286,0,-1,0,0,0,250,1,5
14287,0,-1,0,0,0,826,1,15
14288,0,-1,0,1,0,156,1,17
14289,0,-1,0,0,0,826,1,3
14290,0,-1,0,0,0,250,1,14
14291,0,-1,0,0,0,250,1,16
14292,0,-1,0,0,0,840,1,6
14293,0,-1,0,0,0,250,1,10
14294,0,-1,0,0,0,826,1,7
14295,0,-1,0,0,0,276,1,11
14296,0,-1,0,1,0,840,1,13
14297,0,-1,0,0,0,826,1,18
14298,0,-1,0,0,0,276,1,9
14299,0,-1,0,0,0,250,1,6
14300,0,-1,0,0,0,276,1,14
14301,0,-1,0,0,0,276,1,7
14302,0,-1,0,1,0,250,1,0
14303,0,-1,0,0,0,840,1,19
14304,0,-1,0,0,1,826,1,10
14305,0,-1,0,1,0,826,1,4
14306,0,-1,0,0,0,156,1,4
14307,0,-1,0,0,0,826,1,2
14308,0,-1,0,0,0,826,1,1
14309,0,-1,0,0,0,250,1,2
14310,0,-1,0,0,0,826,1,12
14311,0,-1,0,0,0,840,1,6
14312,0,-1,0,0,0,826,1,9
14313,0,-1,0,0,0,156,1,12
14314,0,-1,0,0,0,250,1,12
14315,0,-1,0,0,0,840,1,4
14316,0,-1,0,0,0,156,1,0
14317,0,-1,0,0,0,156,1,17
14318,0,-1,0,0,0,250,1,1
14319,0,-1,0,0,0,250,1,0
14320,0,-1,0,0,1,826,1,18
14321,0,-1,0,0,0,156,1,10
14322,0,-1,0,0,0,840,1,9
14323,0,-1,0,0,0,826,1,19
14324,0,-1,0,0,0,840,1,6
14325,0,-1,0,0,1,276,1,14
14326,0,-1,0,0,0,276,1,3
14327,0,-1,0,0,0,276,1,12
14328,0,-1,0,0,0,156,1,5
14329,0,-1,0,0,0,276,1,16
14330,0,-1,0,0,0,276,1,16
14331,0,-1,0,0,0,840,1,18
14332,0,-1,0,1,0,156,1,11
14333,0,-1,0,0,0,250,1,5
14334,0,-1,0,0,1,276,1,10
14335,0,-1,0,0,0,840,1,17
14336,0,-1,0,0,0,276,1,18
14337,0,-1,0,0,0,826,1,10
14338,0,-1,0,1,0,156,1,17
14339,0,-1,0,0,0,826,1,6
14340,0,-1,0,0,0,276,1,6
14341,0,-1,0,0,0,826,1,13
14342,0,-1,0,0,0,276,1,10
14343,0,-1,0,0,0,840,1,10
14344,0,-1,0,1,0,276,1,11
14345,0,-1,0,0,0,250,1,1
14346,0,-1,0,0,0,826,1,14
14347,0,-1,0,0,0,156,1,0
14348,0,-1,0,0,0,840,1,4
14349,0,-1,0,1,0,840,1,3
14350,0,-1,0,1,0,840,1,5
14351,0,-1,0,0,0,826,1,2
14352,0,-1,0,0,0,156,1,15
14353,0,-1,0,0,0,156,1,7
14354,0,-1,0,0,0,276,1,5
14355,0,-1,0,0,0,276,1,8
14356,0,-1,0,0,0,276,1,16
14357,0,-1,0,0,0,840,1,2
14358,0,-1,0,0,0,840,1,12
14359,0,-1,0,0,0,156,1,0
14360,0,-1,0,0,0,276,1,17
14361,0,-1,0,1,0,156,1,11
14362,0,-1,0,0,0,276,1,13
14363,0,-1,0,0,0,826,1,12
14364,0,-1,0,0,0,156,1,10
14365,0,-1,0,0,0,276,1,11
14366,0,-1,0,0,0,826,1,6
14367,0,-1,0,0,0,250,1,14
14368,0,-1,0,0,0,840,1,5
14369,0,-1,0,0,0,250,1,6
14370,0,-1,0,0,0,156,1,10
14371,0,-1,0,0,0,156,1,9
14372,0,-1,0,0,0,826,1,2
14373,0,-1,0,0,0,156,1,7
14374,0,-1,0,0,0,840,1,4
14375,0,-1,0,0,0,250,1,11
14376,0,-1,0,0,0,156,1,0
14377,0,-1,0,0,0,250,1,16
14378,0,-1,0,0,0,840,1,14
14379,0,-1,0,0,0,156,1,18
14380,0,-1,0,0,0,840,1,7
14381,0,-1,0,0,0,276,1,10
14382,0,-1,0,0,0,156,1,0
14383,0,-1,0,0,0,276,1,3
14384,0,-1,0,0,0,826,1,1
14385,0,-1,0,0,0,840,1,11
14386,0,-1,0,0,0,826,1,8
14387,0,-1,0,0,0,840,1,17
14388,0,-1,0,0,0,250,1,2
14389,0,-1,0,0,0,156,1,11
14390,0,-1,0,0,0,840,1,3
14391,0,-1,0,0,0,826,1,13
14392,0,-1,0,0,0,826,1,18
14393,0,-1,0,1,0,156,1,16
14394,0,-1,0,0,0,276,1,0
14395,0,-1,0,0,0,156,1,14
14396,0,-1,0,0,0,840,1,19
14397,0,-1,0,0,0,276,1,13
14398,0,-1,0,0,0,276,1,12
14399,0,-1,0,0,0,826,1,6
14400,0,-1,0,0,1,276,1,13
14401,0,-1,0,0,0,250,1,5
14402,0,-1,0,0,0,156,1,16
14403,0,-1,0,0,0,840,1,6
14404,0,-1,0,0,0,840,1,6
14405,0,-1,0,0,0,250,1,8
14406,0,-1,0,0,0,250,1,1
14407,0,-1,0,0,0,276,1,11
14408,0,-1,0,0,0,840,1,13
14409,0,-1,0,0,0,840,1,18
14410,0,-1,0,0,0,276,1,6
14411,0,-1,0,0,0,826,1,1
14412,0,-1,0,0,0,826,1,6
14413,0,-1,0,0,0,156,1,16
14414,0,-1,0,0,0,840,1,5
14415,0,-1,0,1,0,156,1,14
14416,0,-1,0,0,0,276,1,18
14417,0,-1,0,0,0,156,1,8
14418,0,-1,0,0,0,840,1,18
14419,0,-1,0,0,0,826,1,13
14420,0,-1,0,0,0,276,1,1
14421,0,-1,0,0,0,840,1,10
14422,0,-1,0,1,0,826,1,17
14423,0,-1,0,0,0,156,1,9
14424,0,-1,0,0,0,250,1,7
14425,0,-1,0,0,0,826,1,5
14426,0,-1,0,0,0,840,1,11
14427,0,-1,0,0,0,276,1,15
14428,0,-1,0,0,0,826,1,14
14429,0,-1,0,0,0,156,1,6
14430,0,-1,0,0,0,250,1,10
14431,0,-1,0,0,1,826,1,12
14432,0,-1,0,0,1,156,1,8
14433,0,-1,0,0,0,250,1,16
14434,0,-1,0,0,0,276,1,10
14435,0,-1,0,0,0,276,1,7
14436,0,-1,0,0,0,156,1,15
14437,0,-1,0,0,0,826,1,15
14438,0,-1,0,0,0,156,1,4
14439,0,-1,0,0,0,840,1,8
14440,0,-1,0,0,0,826,1,19
14441,0,-1,0,0,0,156,1,8
14442,0,-1,0,0,0,250,1,10
14443,0,-1,0,0,0,826,1,2
14444,0,-1,0,0,0,156,1,3
14445,0,-1,0,0,0,840,1,13
14446,0,-1,0,1,0,840,1,11
14447,0,-1,0,0,0,250,1,14
14448,0,-1,0,0,0,250,1,18
14449,0,-1,0,0,0,250,1,14
14450,0,-1,0,0,0,250,1,4
14451,0,-1,0,0,0,840,1,7
14452,0,-1,0,0,0,826,1,3
14453,0,-1,0,0,0,156,1,16
14454,0,-1,0,0,0,250,1,12
14455,0,-1,0,1,0,826,1,19
14456,0,-1,0,0,0,156,1,19
14457,0,-1,0,0,0,826,1,10
14458,0,-1,0,0,0,250,1,11
14459,0,-1,0,0,0,276,1,7
14460,0,-1,0,0,0,840,1,15
14461,0,-1,0,0,0,250,1,16
14462,0,-1,0,0,0,276,1,19
14463,0,-1,0,0,0,840,1,3
14464,0,-1,0,0,0,840,1,1
14465,0,-1,0,0,0,840,1,18
14466,0,-1,0,0,0,826,1,11
14467,0,-1,0,0,0,840,1,10
14468,0,-1,0,0,0,826,1,11
14469,0,-1,0,0,0,276,1,17
14470,0,-1,0,0,0,840,1,3
14471,0,-1,0,0,0,276,1,3
14472,0,-1,0,0,0,250,1,15
14473,0,-1,0,0,0,156,1,17
14474,0,-1,0,0,0,826,1,16
14475,0,-1,0,1,0,250,1,16
14476,0,-1,0,0,0,826,1,18
14477,0,-1,0,0,0,156,1,18
14478,0,-1,0,0,0,276,1,10
14479,0,-1,0,0,0,826,1,1
14480,0,-1,0,0,0,250,1,11
14481,0,-1,0,0,0,826,1,2
14482,0,-1,0,0,0,276,1,12
14483,0,-1,0,0,0,276,1,18
14484,0,-1,0,0,0,156,1,11
14485,0,-1,0,0,0,276,1,10
14486,0,-1,0,1,0,250,1,8
14487,0,-1,0,0,0,840,1,4
14488,0,-1,0,0,1,156,1,4
14489,0,-1,0,0,0,840,1,16
14490,0,-1,0,0,0,826,1,8
14491,0,-1,0,0,0,826,1,16
14492,0,-1,0,0,1,156,1,16
14493,0,-1,0,0,0,826,1,14
14494,0,-1,0,0,0,156,1,0
14495,0,-1,0,0,0,840,1,17
14496,0,-1,0,0,0,250,1,17
14497,0,-1,0,1,0,276,1,15
14498,0,-1,0,0,0,826,1,18
14499,0,-1,0,0,0,250,1,10
14500,0,-1,0,0,0,156,1,13
14501,0,-1,0,0,0,840,1,11
14502,0,-1,0,1,0,826,1,0
14503,0,-1,0,1,0,276,1,5
14504,0,-1,0,0,0,840,1,10
14505,0,-1,0,0,0,840,1,8
14506,0,-1,0,0,0,276,1,10
14507,0,-1,0,0,0,250,1,6
14508,0,-1,0,0,0,840,1,0
14509,0,-1,0,0,0,276,1,10
14510,0,-1,0,0,0,156,1,18
14511,0,-1,0,0,0,826,1,11
14512,0,-1,0,0,0,276,1,5
14513,0,-1,0,0,0,840,1,2
14514,0,-1,0,0,0,156,1,14
14515,0,-1,0,0,0,826,1,13
14516,0,-1,0,1,0,156,1,9
14517,0,-1,0,0,0,840,1,13
14518,0,-1,0,0,0,250,1,5
14519,0,-1,0,0,0,250,1,19
14520,0,-1,0,0,0,826,1,18
14521,0,-1,0,0,0,156,1,2
14522,0,-1,0,0,0,250,1,1
14523,0,-1,0,0,0,840,1,5
14524,0,-1,0,0,0,276,1,13
14525,0,-1,0,0,0,276,1,15
14526,0,-1,0,0,0,826,1,19
14527,0,-1,0,0,0,276,1,17
14528,0,-1,0,0,0,276,1,0
14529,0,-1,0,0,0,826,1,5
14530,0,-1,0,0,0,156,1,0
14531,0,-1,0,0,0,250,1,13
14532,0,-1,0,0,0,840,1,17
14533,0,-1,0,0,0,826,1,16
14534,0,-1,0,0,0,156,1,13
14535,0,-1,0,0,0,250,1,8
14536,0,-1,0,0,0,840,1,2
14537,0,-1,0,0,0,840,1,19
14538,0,-1,0,1,0,826,1,0
14539,0,-1,0,0,0,276,1,9
14540,0,-1,0,0,0,840,1,11
14541,0,-1,0,0,0,250,1,6
14542,0,-1,0,0,0,250,1,15
14543,0,-1,0,0,0,276,1,16
14544,0,-1,0,0,0,840,1,13
14545,0,-1,0,0,0,826,1,4
14546,0,-1,0,0,0,826,1,18
14547,0,-1,0,0,0,156,1,15
14548,0,-1,0,1,0,826,1,3
14549,0,-1,0,0,0,840,1,6
14550,0,-1,0,0,0,250,1,2
14551,0,-1,0,0,0,156,1,10
14552,0,-1,0,0,1,250,1,7
14553,0,-1,0,1,0,250,1,13
14554,0,-1,0,0,0,156,1,9
14555,0,-1,0,0,0,276,1,5
14556,0,-1,0,0,0,156,1,0
14557,0,-1,0,0,0,276,1,4
14558,0,-1,0,0,0,250,1,18
14559,0,-1,0,0,0,156,1,10
14560,0,-1,0,0,1,250,1,10
14561,0,-1,0,1,0,276,1,0
14562,0,-1,0,1,0,826,1,1
14563,0,-1,0,0,0,276,1,7
14564,0,-1,0,0,0,826,1,9
14565,0,-1,0,1,0,156,1,3
14566,0,-1,0,0,0,276,1,6
14567,0,-1,0,0,0,276,1,14
14568,0,-1,0,0,0,156,1,0
14569,0,-1,0,0,0,840,1,1
14570,0,-1,0,0,0,250,1,1
14571,0,-1,0,1,0,276,1,14
14572,0,-1,0,0,0,250,1,17
14573,0,-1,0,0,0,156,1,13
14574,0,-1,0,0,0,826,1,6
14575,0,-1,0,0,0,276,1,4
14576,0,-1,0,0,1,276,1,7
14577,0,-1,0,1,0,276,1,3
14578,0,-1,0,0,0,276,1,11
14579,0,-1,0,0,0,276,1,11
14580,0,-1,0,0,0,156,1,11
14581,0,-1,0,0,0,156,1,10
14582,0,-1,0,0,0,276,1,14
14583,0,-1,0,0,0,826,1,13
14584,0,-1,0,0,0,156,1,7
14585,0,-1,0,1,0,156,1,1
14586,0,-1,0,0,0,250,1,6
14587,0,-1,0,1,0,156,1,1
14588,0,-1,0,0,0,276,1,7
14589,0,-1,0,0,0,276,1,12
14590,0,-1,0,0,0,250,1,10
14591,0,-1,0,0,0,250,1,10
14592,0,-1,0,0,0,826,1,18
14593,0,-1,0,0,0,826,1,15
14594,0,-1,0,1,0,276,1,14
14595,0,-1,0,0,0,276,1,13
14596,0,-1,0,0,1,156,1,2
14597,0,-1,0,0,0,826,1,0
14598,0,-1,0,0,0,250,1,3
14599,0,-1,0,0,0,826,1,12
14600,0,-1,0,1,0,840,1,0
14601,0,-1,0,0,0,840,1,9
14602,0,-1,0,0,0,250,1,2
14603,0,-1,0,0,0,156,1,0
14604,0,-1,0,0,0,826,1,8
14605,0,-1,0,0,0,826,1,6
14606,0,-1,0,0,0,840,1,10
14607,0,-1,0,0,0,156,1,2
14608,0,-1,0,0,0,826,1,16
14609,0,-1,0,0,0,840,1,6
14610,0,-1,0,0,0,276,1,0
14611,0,-1,0,0,0,840,1,17
14612,0,-1,0,0,0,250,1,12
14613,0,-1,0,1,0,156,1,2
14614,0,-1,0,0,0,156,1,2
14615,0,-1,0,0,1,826,1,14
14616,0,-1,0,0,0,840,1,19
14617,0,-1,0,0,0,840,1,16
14618,0,-1,0,0,0,826,1,12
14619,0,-1,0,0,0,840,1,4
14620,0,-1,0,0,0,276,1,16
14621,0,-1,0,0,0,250,1,3
14622,0,-1,0,0,0,276,1,9
14623,0,-1,0,0,0,840,1,10
14624,0,-1,0,0,0,250,1,9
14625,0,-1,0,1,0,826,1,3
14626,0,-1,0,0,0,840,1,0
14627,0,-1,0,1,0,156,1,16
14628,0,-1,0,0,0,250,1,11
14629,0,-1,0,0,0,826,1,5
14630,0,-1,0,0,0,840,1,16
14631,0,-1,0,0,0,250,1,8
14632,0,-1,0,0,0,156,1,8
14633,0,-1,0,0,0,840,1,17
14634,0,-1,0,0,0,826,1,6
14635,0,-1,0,0,0,276,1,14
14636,0,-1,0,0,0,826,1,9
14637,0,-1,0,0,0,840,1,9
14638,0,-1,0,0,0,156,1,14
14639,0,-1,0,0,1,276,1,13
14640,0,-1,0,0,0,276,1,1
14641,0,-1,0,0,0,826,1,5
14642,0,-1,0,0,0,250,1,15
14643,0,-1,0,0,0,156,1,12
14644,0,-1,0,0,0,250,1,8
14645,0,-1,0,0,0,840,1,1
14646,0,-1,0,0,0,840,1,7
14647,0,-1,0,0,0,156,1,14
14648,0,-1,0,0,0,826,1,1
14649,0,-1,0,1,0,826,1,19
14650,0,-1,0,0,0,826,1,18
14651,0,-1,0,0,0,840,1,5
14652,0,-1,0,0,0,276,1,7
14653,0,-1,0,1,0,156,1,10
14654,0,-1,0,0,0,276,1,5
14655,0,-1,0,0,0,840,1,8
14656,0,-1,0,0,0,840,1,6
14657,0,-1,0,1,0,840,1,18
14658,0,-1,0,0,0,250,1,15
14659,0,-1,0,0,0,250,1,11
14660,0,-1,0,0,0,276,1,5
14661,0,-1,0,0,0,276,1,11
14662,0,-1,0,0,0,156,1,19
14663,0,-1,0,0,0,276,1,1
14664,0,-1,0,1,0,276,1,7
14665,0,-1,0,0,0,250,1,10
14666,0,-1,0,0,0,840,1,11
14667,0,-1,0,0,0,826,1,14
14668,0,-1,0,0,0,156,1,10
14669,0,-1,0,0,0,250,1,4
14670,0,-1,0,0,1,250,1,17
14671,0,-1,0,0,0,826,1,9
14672,0,-1,0,1,0,826,1,14
14673,0,-1,0,0,0,826,1,3
14674,0,-1,0,0,0,156,1,5
14675,0,-1,0,0,0,840,1,1
14676,0,-1,0,0,1,840,1,4
14677,0,-1,0,0,0,156,1,8
14678,0,-1,0,0,0,826,1,9
14679,0,-1,0,0,1,156,1,8
14680,0,-1,0,0,0,250,1,9
14681,0,-1,0,0,0,840,1,10
14682,0,-1,0,0,0,276,1,7
14683,0,-1,0,0,0,826,1,8
14684,0,-1,0,1,0,156,1,10
14685,0,-1,0,0,0,276,1,6
14686,0,-1,0,0,0,276,1,19
14687,0,-1,0,0,0,840,1,14
14688,0,-1,0,0,0,840,1,18
14689,0,-1,0,0,0,156,1,16
14690,0,-1,0,1,1,276,1,12
14691,0,-1,0,0,0,840,1,1
14692,0,-1,0,0,0,840,1,5
14693,0,-1,0,0,0,826,1,14
14694,0,-1,0,0,0,156,1,11
14695,0,-1,0,0,0,276,1,1
14696,0,-1,0,0,0,156,1,13
14697,0,-1,0,0,0,276,1,10
14698,0,-1,0,0,0,840,1,0
14699,0,-1,0,0,0,826,1,16
14700,0,-1,0,0,0,840,1,15
14701,0,-1,0,0,0,840,1,15
14702,0,-1,0,0,0,250,1,11
14703,0,-1,0,0,0,276,1,11
14704,0,-1,0,0,0,840,1,6
14705,0,-1,0,0,0,826,1,4
14706,0,-1,0,0,0,276,1,15
14707,0,-1,0,0,1,826,1,9
14708,0,-1,0,0,0,826,1,0
14709,0,-1,0,0,0,276,1,18
14710,0,-1,0,0,0,840,1,5
14711,0,-1,0,0,0,156,1,9
14712,0,-1,0,0,0,826,1,6
14713,0,-1,0,0,0,276,1,6
14714,0,-1,0,0,0,840,1,15
14715,0,-1,0,0,0,276,1,0
14716,0,-1,0,0,0,250,1,18
14717,0,-1,0,0,0,250,1,14
14718,0,-1,0,0,0,276,1,5
14719,0,-1,0,0,0,826,1,16
14720,0,-1,0,0,0,276,1,8
14721,0,-1,0,0,0,156,1,13
14722,0,-1,0,0,0,276,1,10
14723,0,-1,0,1,0,250,1,8
14724,0,-1,0,0,0,156,1,17
14725,0,-1,0,1,0,156,1,2
14726,0,-1,0,0,0,840,1,9
14727,0,-1,0,1,0,156,1,17
14728,0,-1,0,1,0,250,1,13
14729,0,-1,0,0,0,276,1,16
14730,0,-1,0,1,0,156,1,9
14731,0,-1,0,1,0,276,1,3
14732,0,-1,0,0,0,250,1,10
14733,0,-1,0,0,0,250,1,16
14734,0,-1,0,0,0,156,1,19
14735,0,-1,0,0,0,826,1,17
14736,0,-1,0,0,0,826,1,6
14737,0,-1,0,0,0,156,1,18
14738,0,-1,0,0,0,250,1,14
14739,0,-1,0,0,0,276,1,12
14740,0,-1,0,0,0,250,1,13
14741,0,-1,0,0,0,840,1,14
14742,0,-1,0,0,0,840,1,15
14743,0,-1,0,0,0,250,1,5
14744,0,-1,0,0,0,250,1,19
14745,0,-1,0,1,0,826,1,11
14746,0,-1,0,0,0,840,1,2
14747,0,-1,0,0,0,276,1,4
14748,0,-1,0,1,0,840,1,11
14749,0,-1,0,1,0,840,1,15
14750,0,-1,0,0,0,826,1,17
14751,0,-1,0,0,0,840,1,16
14752,0,-1,0,0,0,840,1,19
14753,0,-1,0,0,0,826,1,16
14754,0,-1,0,1,0,826,1,7
14755,0,-1,0,0,0,250,1,1
14756,0,-1,0,0,0,250,1,9
14757,0,-1,0,0,0,276,1,15
14758,0,-1,0,0,0,840,1,12
14759,0,-1,0,0,0,826,1,3
14760,0,-1,0,0,0,250,1,4
14761,0,-1,0,0,0,156,1,17
14762,0,-1,0,0,0,826,1,0
14763,0,-1,0,0,0,250,1,14
14764,0,-1,0,0,0,826,1,15
14765,0,-1,0,0,0,826,1,12
14766,0,-1,0,0,0,840,1,3
14767,0,-1,0,0,0,276,1,18
14768,0,-1,0,0,0,250,1,5
14769,0,-1,0,0,0,156,1,4
14770,0,-1,0,0,0,840,1,7
14771,0,-1,0,0,1,250,1,12
14772,0,-1,0,0,0,840,1,19
14773,0,-1,0,0,0,840,1,11
14774,0,-1,0,0,0,250,1,7
14775,0,-1,0,0,0,840,1,15
14776,0,-1,0,0,0,156,1,6
14777,0,-1,0,0,0,840,1,6
14778,0,-1,0,1,0,826,1,7
14779,0,-1,0,0,0,826,1,6
14780,0,-1,0,0,0,840,1,6
14781,0,-1,0,0,0,156,1,4
14782,0,-1,0,0,0,826,1,16
14783,0,-1,0,0,0,840,1,17
14784,0,-1,0,1,0,250,1,9
14785,0,-1,0,0,0,250,1,19
14786,0,-1,0,0,0,156,1,9
14787,0,-1,0,0,0,276,1,15
14788,0,-1,0,0,0,156,1,2
14789,0,-1,0,0,0,156,1,14
14790,0,-1,0,0,0,840,1,13
14791,0,-1,0,0,0,250,1,7
14792,0,-1,0,1,0,156,1,5
14793,0,-1,0,0,0,156,1,16
14794,0,-1,0,0,0,250,1,8
14795,0,-1,0,1,0,840,1,7
14796,0,-1,0,0,0,826,1,1
14797,0,-1,0,0,0,276,1,16
14798,0,-1,0,0,0,276,1,10
14799,0,-1,0,0,0,156,1,4
14800,0,-1,0,0,1,156,1,8
14801,0,-1,0,0,0,826,1,13
14802,0,-1,0,1,0,156,1,17
14803,0,-1,0,0,0,156,1,17
14804,0,-1,0,0,0,826,1,0
14805,0,-1,0,1,0,840,1,1
14806,0,-1,0,0,0,276,1,0
14807,0,-1,0,0,0,276,1,9
14808,0,-1,0,0,0,250,1,11
14809,0,-1,0,0,0,250,1,10
14810,0,-1,0,0,0,840,1,13
14811,0,-1,0,0,0,276,1,7
14812,0,-1,0,0,0,276,1,15
14813,0,-1,0,0,0,250,1,12
14814,0,-1,0,0,0,826,1,15
14815,0,-1,0,0,0,840,1,18
14816,0,-1,0,0,1,840,1,7
14817,0,-1,0,0,0,826,1,15
14818,0,-1,0,0,0,276,1,16
14819,0,-1,0,0,0,250,1,1
14820,0,-1,0,0,0,156,1,18
14821,0,-1,0,1,0,840,1,6
14822,0,-1,0,1,0,250,1,6
14823,0,-1,0,0,0,156,1,0
14824,0,-1,0,0,0,276,1,15
14825,0,-1,0,0,0,826,1,15
14826,0,-1,0,0,1,276,1,16
14827,0,-1,0,0,0,250,1,13
14828,0,-1,0,0,0,156,1,9
14829,0,-1,0,0,0,156,1,9
14830,0,-1,0,0,0,250,1,13
14831,0,-1,0,0,0,840,1,4
14832,0,-1,0,0,0,250,1,15
14833,0,-1,0,0,0,826,1,18
14834,0,-1,0,0,0,840,1,19
14835,0,-1,0,0,0,276,1,5
14836,0,-1,0,0,0,826,1,5
14837,0,-1,0,0,0,840,1,10
14838,0,-1,0,0,0,840,1,19
14839,0,-1,0,0,0,156,1,1
14840,0,-1,0,1,0,826,1,19
14841,0,-1,0,0,0,156,1,3
14842,0,-1,0,0,0,250,1,16
14843,0,-1,0,0,0,840,1,11
14844,0,-1,0,0,0,840,1,3
14845,0,-1,0,0,0,276,1,1
14846,0,-1,0,0,0,840,1,8
14847,0,-1,0,0,1,276,1,11
14848,0,-1,0,0,0,826,1,11
14849,0,-1,0,0,0,840,1,2
14850,0,-1,0,0,0,840,1,7
14851,0,-1,0,0,0,250,1,5
14852,0,-1,0,0,0,250,1,15
14853,0,-1,0,0,0,276,1,15
14854,0,-1,0,0,0,840,1,5
14855,0,-1,0,0,0,250,1,17
14856,0,-1,0,0,0,276,1,8
14857,0,-1,0,0,0,276,1,10
14858,0,-1,0,0,0,276,1,3
14859,0,-1,0,0,0,156,1,15
14860,0,-1,0,0,0,250,1,5
14861,0,-1,0,0,0,156,1,12
14862,0,-1,0,0,0,276,1,16
14863,0,-1,0,0,0,840,1,12
14864,0,-1,0,0,0,250,1,12
14865,0,-1,0,0,0,826,1,5
14866,0,-1,0,0,0,250,1,19
14867,0,-1,0,0,1,826,1,13
14868,0,-1,0,0,1,840,1,4
14869,0,-1,0,0,0,840,1,0
14870,0,-1,0,0,0,840,1,10
14871,0,-1,0,0,0,276,1,16
14872,0,-1,0,0,0,156,1,3
14873,0,-1,0,0,0,156,1,7
14874,0,-1,0,0,0,156,1,7
14875,0,-1,0,0,1,156,1,6
14876,0,-1,0,0,0,840,1,17
14877,0,-1,0,0,0,156,1,19
14878,0,-1,0,0,0,250,1,3
14879,0,-1,0,0,0,156,1,10
14880,0,-1,0,0,0,250,1,17
14881,0,-1,0,0,0,250,1,16
14882,0,-1,0,0,0,250,1,15
14883,0,-1,0,0,0,840,1,6
14884,0,-1,0,1,0,840,1,8
14885,0,-1,0,0,0,156,1,17
14886,0,-1,0,0,0,156,1,19
14887,0,-1,0,0,0,276,1,3
14888,0,-1,0,0,1,840,1,7
14889,0,-1,0,0,0,250,1,14
14890,0,-1,0,0,0,250,1,19
14891,0,-1,0,0,0,156,1,8
14892,0,-1,0,0,0,250,1,16
14893,0,-1,0,0,0,826,1,12
14894,0,-1,0,0,1,276,1,1
14895,0,-1,0,0,0,276,1,16
14896,0,-1,0,0,0,276,1,5
14897,0,-1,0,0,0,840,1,17
14898,0,-1,0,0,0,840,1,17
14899,0,-1,0,0,0,250,1,11
14900,0,-1,0,0,0,840,1,18
14901,0,-1,0,0,0,276,1,17
14902,0,-1,0,0,0,276,1,1
14903,0,-1,0,0,0,156,1,17
14904,0,-1,0,1,0,250,1,6
14905,0,-1,0,0,0,276,1,7
14906,0,-1,0,0,0,250,1,2
14907,0,-1,0,1,0,250,1,9
14908,0,-1,0,0,0,250,1,7
14909,0,-1,0,0,0,250,1,15
14910,0,-1,0,0,1,156,1,9
14911,0,-1,0,0,0,156,1,10
14912,0,-1,0,0,0,250,1,19
14913,0,-1,0,0,0,156,1,6
14914,0,-1,0,0,0,250,1,15
14915,0,-1,0,0,0,250,1,13
14916,0,-1,0,0,0,276,1,3
14917,0,-1,0,0,0,276,1,17
14918,0,-1,0,0,0,250,1,12
14919,0,-1,0,0,0,826,1,3
14920,0,-1,0,0,0,826,1,18
14921,0,-1,0,0,0,250,1,9
14922,0,-1,0,0,0,826,1,7
14923,0,-1,0,0,0,156,1,14
14924,0,-1,0,0,0,250,1,11
14925,0,-1,0,0,0,826,1,2
14926,0,-1,0,0,0,250,1,19
14927,0,-1,0,1,0,826,1,10
14928,0,-1,0,0,0,156,1,2
14929,0,-1,0,0,0,250,1,2
14930,0,-1,0,0,0,826,1,9
14931,0,-1,0,0,0,276,1,16
14932,0,-1,0,0,0,840,1,13
14933,0,-1,0,0,0,840,1,13
14934,0,-1,0,0,0,250,1,11
14935,0,-1,0,0,0,250,1,17
14936,0,-1,0,0,0,826,1,19
14937,0,-1,0,0,0,156,1,4
14938,0,-1,0,0,0,156,1,5
14939,0,-1,0,0,0,276,1,4
14940,0,-1,0,1,0,826,1,13
14941,0,-1,0,0,0,156,1,13
14942,0,-1,0,0,0,156,1,16
14943,0,-1,0,0,1,250,1,10
14944,0,-1,0,0,0,826,1,7
14945,0,-1,0,0,0,826,1,4
14946,0,-1,0,0,0,250,1,12
14947,0,-1,0,0,0,840,1,16
14948,0,-1,0,0,0,276,1,17
14949,0,-1,0,0,0,250,1,14
14950,0,-1,0,0,0,276,1,0
14951,0,-1,0,1,0,156,1,14
14952,0,-1,0,0,0,840,1,18
14953,0,-1,0,0,0,826,1,9
14954,0,-1,0,0,0,276,1,16
14955,0,-1,0,0,0,250,1,14
14956,0,-1,0,0,0,250,1,6
14957,0,-1,0,0,1,840,1,17
14958,0,-1,0,0,0,250,1,8
14959,0,-1,0,1,0,840,1,18
14960,0,-1,0,0,0,826,1,18
14961,0,-1,0,0,0,156,1,3
14962,0,-1,0,0,0,826,1,11
14963,0,-1,0,0,0,250,1,12
14964,0,-1,0,0,0,276,1,10
14965,0,-1,0,0,0,826,1,12
14966,0,-1,0,0,0,840,1,16
14967,0,-1,0,1,0,826,1,7
14968,0,-1,0,0,0,840,1,14
14969,0,-1,0,0,0,156,1,10
14970,0,-1,0,0,0,826,1,16
14971,0,-1,0,0,1,156,1,18
14972,0,-1,0,0,0,826,1,6
14973,0,-1,0,0,0,276,1,2
14974,0,-1,0,0,0,826,1,16
14975,0,-1,0,0,0,276,1,14
14976,0,-1,0,0,0,840,1,4
14977,0,-1,0,1,0,840,1,5
14978,0,-1,0,0,0,840,1,5
14979,0,-1,0,0,0,156,1,15
14980,0,-1,0,0,0,276,1,5
14981,0,-1,0,0,0,276,1,9
14982,0,-1,0,0,0,840,1,3
14983,0,-1,0,0,0,276,1,11
14984,0,-1,0,0,0,156,1,0
14985,0,-1,0,0,0,276,1,16
14986,0,-1,0,0,1,276,1,1
14987,0,-1,0,0,0,250,1,9
14988,0,-1,0,0,0,840,1,10
14989,0,-1,0,0,0,250,1,1
14990,0,-1,0,0,0,840,1,14
14991,0,-1,0,0,0,156,1,4
14992,0,-1,0,0,1,156,1,4
14993,0,-1,0,0,0,826,1,17
14994,0,-1,0,0,0,250,1,12
14995,0,-1,0,0,0,156,1,10
14996,0,-1,0,0,0,826,1,17
14997,0,-1,0,0,0,826,1,5
14998,0,-1,0,0,0,250,1,16
14999,0,-1,0,0,0,156,1,2
15000,0,-1,0,0,0,156,1,19
15001,0,-1,0,0,0,276,1,0
15002,0,-1,0,0,0,276,1,15
15003,0,-1,0,0,0,250,1,18
15004,0,-1,0,0,0,276,1,9
15005,0,-1,0,0,0,250,1,16
15006,0,-1,0,0,0,250,1,16
15007,0,-1,0,0,0,250,1,12
15008,0,-1,0,0,0,826,1,13
15009,0,-1,0,1,0,156,1,19
15010,0,-1,0,0,0,250,1,19
15011,0,-1,0,0,0,250,1,5
15012,0,-1,0,0,0,826,1,12
15013,0,-1,0,1,0,826,1,10
15014,0,-1,0,0,0,156,1,9
15015,0,-1,0,0,0,840,1,5
15016,0,-1,0,0,0,156,1,17
15017,0,-1,0,0,0,156,1,13
15018,0,-1,0,0,0,826,1,4
15019,0,-1,0,0,0,156,1,1
15020,0,-1,0,1,0,840,1,12
15021,0,-1,0,0,0,276,1,1
15022,0,-1,0,1,0,276,1,4
15023,0,-1,0,0,0,156,1,2
15024,0,-1,0,0,0,826,1,19
15025,0,-1,0,0,1,826,1,12
15026,0,-1,0,0,0,156,1,12
15027,0,-1,0,0,0,840,1,19
15028,0,-1,0,0,0,250,1,12
15029,0,-1,0,0,0,156,1,0
15030,0,-1,0,0,0,156,1,12
15031,0,-1,0,0,1,840,1,12
15032,0,-1,0,0,0,156,1,17
15033,0,-1,0,0,0,156,1,9
15034,0,-1,0,0,0,840,1,19
15035,0,-1,0,0,0,826,1,15
15036,0,-1,0,1,0,156,1,7
15037,0,-1,0,0,0,250,1,11
15038,0,-1,0,0,0,156,1,14
15039,0,-1,0,0,0,156,1,2
15040,0,-1,0,0,0,156,1,7
15041,0,-1,0,0,0,156,1,3
15042,0,-1,0,0,0,156,1,4
15043,0,-1,0,0,0,250,1,4
15044,0,-1,0,0,0,826,1,2
15045,0,-1,0,0,0,276,1,10
15046,0,-1,0,0,0,840,1,8
15047,0,-1,0,0,0,250,1,19
15048,0,-1,0,0,0,156,1,3
15049,0,-1,0,0,0,826,1,13
15050,0,-1,0,0,0,250,1,14
15051,0,-1,0,0,0,156,1,13
15052,0,-1,0,0,0,250,1,12
15053,0,-1,0,0,0,826,1,3
15054,0,-1,0,0,0,840,1,1
15055,0,-1,0,0,0,276,1,11
15056,0,-1,0,0,0,156,1,19
15057,0,-1,0,0,0,156,1,8
15058,0,-1,0,0,0,250,1,16
15059,0,-1,0,0,0,250,1,10
15060,0,-1,0,0,0,156,1,4
15061,0,-1,0,0,0,840,1,13
15062,0,-1,0,0,0,840,1,3
15063,0,-1,0,0,0,826,1,15
15064,0,-1,0,0,0,840,1,1
15065,0,-1,0,0,0,156,1,0
15066,0,-1,0,0,0,250,1,7
15067,0,-1,0,0,0,840,1,0
15068,0,-1,0,0,0,250,1,2
15069,0,-1,0,0,0,826,1,12
15070,0,-1,0,1,0,276,1,15
15071,0,-1,0,1,1,276,1,17
15072,0,-1,0,1,0,840,1,15
15073,0,-1,0,0,0,276,1,16
15074,0,-1,0,0,0,250,1,13
15075,0,-1,0,0,0,840,1,3
15076,0,-1,0,0,0,276,1,16
15077,0,-1,0,0,0,276,1,13
15078,0,-1,0,0,0,276,1,7
15079,0,-1,0,0,0,156,1,17
15080,0,-1,0,0,0,276,1,3
15081,0,-1,0,1,0,250,1,18
15082,0,-1,0,0,0,156,1,3
15083,0,-1,0,0,0,156,1,13
15084,0,-1,0,0,0,156,1,8
15085,0,-1,0,0,0,826,1,17
15086,0,-1,0,0,0,826,1,10
15087,0,-1,0,0,0,156,1,14
15088,0,-1,0,0,0,156,1,18
15089,0,-1,0,0,0,276,1,2
15090,0,-1,0,1,0,826,1,6
15091,0,-1,0,0,0,156,1,4
15092,0,-1,0,0,1,276,1,18
15093,0,-1,0,0,0,250,1,11
15094,0,-1,0,0,0,276,1,10
15095,0,-1,0,0,0,156,1,2
15096,0,-1,0,0,0,276,1,2
15097,0,-1,0,0,0,840,1,1
15098,0,-1,0,0,0,826,1,4
15099,0,-1,0,0,0,276,1,11
15100,0,-1,0,0,0,156,1,16
15101,0,-1,0,0,0,250,1,5
15102,0,-1,0,0,0,276,1,8
15103,0,-1,0,0,0,156,1,2
15104,0,-1,0,0,0,840,1,10
15105,0,-1,0,0,0,156,1,0
15106,0,-1,0,0,0,840,1,7
15107,0,-1,0,0,0,826,1,7
15108,0,-1,0,0,0,156,1,8
15109,0,-1,0,0,0,250,1,10
15110,0,-1,0,0,0,156,1,2
15111,0,-1,0,0,0,826,1,1
15112,0,-1,0,0,0,156,1,15
15113,0,-1,0,0,0,250,1,0
15114,0,-1,0,1,0,156,1,0
15115,0,-1,0,1,0,840,1,6
15116,0,-1,0,0,1,156,1,14
15117,0,-1,0,0,0,250,1,16
15118,0,-1,0,0,0,276,1,11
15119,0,-1,0,0,1,156,1,5
15120,0,-1,0,0,0,250,1,11
15121,0,-1,0,1,0,840,1,1
15122,0,-1,0,1,0,840,1,10
15123,0,-1,0,0,0,840,1,7
15124,0,-1,0,0,0,840,1,18
15125,0,-1,0,1,0,826,1,4
15126,0,-1,0,0,0,826,1,5
15127,0,-1,0,0,0,156,1,9
15128,0,-1,0,0,0,840,1,4
15129,0,-1,0,0,0,276,1,4
15130,0,-1,0,0,0,826,1,14
15131,0,-1,0,0,0,250,1,12
15132,0,-1,0,0,0,840,1,6
15133,0,-1,0,0,0,840,1,13
15134,0,-1,0,0,0,840,1,13
15135,0,-1,0,0,0,840,1,19
15136,0,-1,0,0,0,250,1,7
15137,0,-1,0,1,0,276,1,9
15138,0,-1,0,0,0,826,1,14
15139,0,-1,0,0,0,156,1,14
15140,0,-1,0,0,0,840,1,12
15141,0,-1,0,0,0,276,1,7
15142,0,-1,0,0,0,250,1,11
15143,0,-1,0,0,0,276,1,13
15144,0,-1,0,0,0,826,1,8
15145,0,-1,0,0,0,826,1,6
15146,0,-1,0,1,0,250,1,17
15147,0,-1,0,0,0,250,1,9
15148,0,-1,0,1,0,156,1,17
15149,0,-1,0,1,0,250,1,7
15150,0,-1,0,0,0,840,1,3
15151,0,-1,0,0,0,156,1,17
15152,0,-1,0,0,0,250,1,4
15153,0,-1,0,0,0,250,1,2
15154,0,-1,0,0,0,250,1,15
15155,0,-1,0,0,0,276,1,3
15156,0,-1,0,0,0,826,1,11
15157,0,-1,0,0,0,840,1,0
15158,0,-1,0,0,0,840,1,18
15159,0,-1,0,0,0,276,1,18
15160,0,-1,0,0,1,276,1,18
15161,0,-1,0,0,0,156,1,11
15162,0,-1,0,0,0,250,1,19
15163,0,-1,0,0,0,826,1,8
15164,0,-1,0,0,1,156,1,13
15165,0,-1,0,0,0,826,1,2
15166,0,-1,0,0,0,250,1,14
15167,0,-1,0,0,0,250,1,1
15168,0,-1,0,0,0,840,1,17
15169,0,-1,0,1,0,826,1,1
15170,0,-1,0,0,0,840,1,12
15171,0,-1,0,0,0,276,1,10
15172,0,-1,0,0,0,250,1,11
15173,0,-1,0,0,0,840,1,0
15174,0,-1,0,0,0,250,1,9
15175,0,-1,0,1,0,276,1,14
15176,0,-1,0,1,0,250,1,6
15177,0,-1,0,0,0,276,1,3
15178,0,-1,0,1,0,840,1,0
15179,0,-1,0,0,0,156,1,0
15180,0,-1,0,0,0,276,1,12
15181,0,-1,0,0,0,156,1,11
15182,0,-1,0,0,0,250,1,13
15183,0,-1,0,0,0,250,1,1
15184,0,-1,0,0,0,840,1,14
15185,0,-1,0,0,0,276,1,15
15186,0,-1,0,0,0,276,1,4
15187,0,-1,0,0,0,156,1,16
15188,0,-1,0,0,0,276,1,3
15189,0,-1,0,0,0,840,1,15
15190,0,-1,0,0,1,156,1,19
15191,0,-1,0,0,0,826,1,9
15192,0,-1,0,0,0,276,1,19
15193,0,-1,0,0,0,156,1,15
15194,0,-1,0,0,0,826,1,10
15195,0,-1,0,0,0,156,1,15
15196,0,-1,0,1,0,840,1,14
15197,0,-1,0,0,0,250,1,9
15198,0,-1,0,0,1,276,1,4
15199,0,-1,0,0,0,276,1,6
15200,0,-1,0,0,0,826,1,17
15201,0,-1,0,0,0,156,1,7
15202,0,-1,0,1,0,156,1,2
15203,0,-1,0,0,0,250,1,2
15204,0,-1,0,0,0,250,1,10
15205,0,-1,0,0,0,826,1,8
15206,0,-1,0,0,0,840,1,3
15207,0,-1,0,0,0,156,1,11
15208,0,-1,0,0,0,826,1,16
15209,0,-1,0,0,0,250,1,13
15210,0,-1,0,0,0,250,1,17
15211,0,-1,0,0,0,250,1,15
15212,0,-1,0,0,0,840,1,4
15213,0,-1,0,0,0,840,1,10
15214,0,-1,0,0,0,840,1,18
15215,0,-1,0,0,0,840,1,15
15216,0,-1,0,0,0,826,1,19
15217,0,-1,0,0,0,250,1,14
15218,0,-1,0,1,0,250,1,17
15219,0,-1,0,0,0,156,1,2
15220,0,-1,0,0,0,840,1,16
15221,0,-1,0,0,0,250,1,10
15222,0,-1,0,0,1,826,1,17
15223,0,-1,0,0,1,156,1,17
15224,0,-1,0,0,0,826,1,6
15225,0,-1,0,0,0,276,1,4
15226,0,-1,0,0,0,276,1,12
15227,0,-1,0,0,1,156,1,7
15228,0,-1,0,0,0,156,1,12
15229,0,-1,0,1,0,840,1,16
15230,0,-1,0,0,0,840,1,1
15231,0,-1,0,0,0,826,1,19
15232,0,-1,0,0,0,276,1,15
15233,0,-1,0,0,0,250,1,0
15234,0,-1,0,0,0,156,1,2
15235,0,-1,0,0,0,826,1,4
15236,0,-1,0,0,0,826,1,8
15237,0,-1,0,0,0,840,1,9
15238,0,-1,0,0,0,276,1,3
15239,0,-1,0,1,0,250,1,6
15240,0,-1,0,0,0,276,1,1
15241,0,-1,0,0,0,156,1,7
15242,0,-1,0,0,0,840,1,2
15243,0,-1,0,0,0,840,1,16
15244,0,-1,0,0,0,826,1,1
15245,0,-1,0,0,0,156,1,3
15246,0,-1,0,0,0,156,1,13
15247,0,-1,0,0,0,156,1,10
15248,0,-1,0,1,0,156,1,3
15249,0,-1,0,0,0,276,1,10
15250,0,-1,0,0,1,156,1,10
15251,0,-1,0,0,0,156,1,9
15252,0,-1,0,0,0,156,1,4
15253,0,-1,0,0,0,250,1,1
15254,0,-1,0,0,1,276,1,12
15255,0,-1,0,0,0,250,1,6
15256,0,-1,0,1,0,250,1,6
15257,0,-1,0,0,0,276,1,19
15258,0,-1,0,0,1,840,1,9
15259,0,-1,0,0,0,826,1,3
15260,0,-1,0,0,0,250,1,6
15261,0,-1,0,1,0,826,1,15
15262,0,-1,0,0,0,826,1,1
15263,0,-1,0,0,0,276,1,8
15264,0,-1,0,1,0,250,1,16
15265,0,-1,0,0,0,826,1,19
15266,0,-1,0,0,0,156,1,13
15267,0,-1,0,0,0,276,1,6
15268,0,-1,0,0,0,250,1,5
15269,0,-1,0,0,0,826,1,6
15270,0,-1,0,0,0,250,1,18
15271,0,-1,0,0,0,276,1,18
15272,0,-1,0,0,0,156,1,4
15273,0,-1,0,0,0,826,1,14
15274,0,-1,0,0,0,840,1,19
15275,0,-1,0,0,0,826,1,18
15276,0,-1,0,0,0,840,1,0
15277,0,-1,0,0,0,840,1,19
15278,0,-1,0,0,0,840,1,10
15279,0,-1,0,0,0,840,1,6
15280,0,-1,0,0,0,156,1,3
15281,0,-1,0,0,0,826,1,15
15282,0,-1,0,0,0,840,1,3
15283,0,-1,0,0,0,250,1,19
15284,0,-1,0,0,0,276,1,14
15285,0,-1,0,1,0,276,1,5
15286,0,-1,0,0,0,276,1,4
15287,0,-1,0,0,0,156,1,4
15288,0,-1,0,1,0,826,1,9
15289,0,-1,0,0,0,826,1,17
15290,0,-1,0,0,0,250,1,4
15291,0,-1,0,0,0,276,1,17
15292,0,-1,0,0,0,276,1,9
15293,0,-1,0,0,0,276,1,8
15294,0,-1,0,0,0,250,1,3
15295,0,-1,0,0,0,826,1,7
15296,0,-1,0,1,0,840,1,10
15297,0,-1,0,0,0,250,1,0
15298,0,-1,0,0,0,156,1,18
15299,0,-1,0,0,0,826,1,8
15300,0,-1,0,0,0,826,1,14
15301,0,-1,0,0,0,156,1,2
15302,0,-1,0,0,0,276,1,14
15303,0,-1,0,0,0,276,1,12
15304,0,-1,0,0,0,156,1,1
15305,0,-1,0,0,0,826,1,16
15306,0,-1,0,0,0,826,1,19
15307,0,-1,0,0,0,250,1,16
15308,0,-1,0,0,0,250,1,7
15309,0,-1,0,1,0,156,1,0
15310,0,-1,0,0,0,250,1,12
15311,0,-1,0,0,0,250,1,2
15312,0,-1,0,0,0,826,1,7
15313,0,-1,0,0,0,156,1,12
15314,0,-1,0,0,0,840,1,13
15315,0,-1,0,0,0,826,1,4
15316,0,-1,0,0,0,840,1,10
15317,0,-1,0,0,0,156,1,13
15318,0,-1,0,0,0,276,1,18
15319,0,-1,0,0,0,840,1,8
15320,0,-1,0,1,0,156,1,18
15321,0,-1,0,0,0,156,1,6
15322,0,-1,0,0,0,156,1,7
15323,0,-1,0,0,0,156,1,12
15324,0,-1,0,0,0,250,1,1
15325,0,-1,0,0,0,276,1,11
15326,0,-1,0,0,0,826,1,14
15327,0,-1,0,0,0,250,1,6
15328,0,-1,0,0,0,276,1,7
15329,0,-1,0,0,0,276,1,4
15330,0,-1,0,0,0,826,1,10
15331,0,-1,0,0,0,840,1,1
15332,0,-1,0,0,1,156,1,7
15333,0,-1,0,0,0,276,1,10
15334,0,-1,0,0,0,276,1,10
15335,0,-1,0,0,1,840,1,5
15336,0,-1,0,0,0,276,1,6
15337,0,-1,0,0,0,826,1,3
15338,0,-1,0,0,0,156,1,7
15339,0,-1,0,0,0,840,1,18
15340,0,-1,0,0,0,250,1,16
15341,0,-1,0,0,0,276,1,14
15342,0,-1,0,0,0,826,1,14
15343,0,-1,0,0,0,156,1,1
15344,0,-1,0,0,0,826,1,0
15345,0,-1,0,0,0,276,1,10
15346,0,-1,0,0,0,840,1,5
15347,0,-1,0,0,0,840,1,12
15348,0,-1,0,0,0,276,1,13
15349,0,-1,0,1,0,156,1,18
15350,0,-1,0,0,0,156,1,0
15351,0,-1,0,0,0,156,1,10
15352,0,-1,0,0,0,156,1,7
15353,0,-1,0,0,0,840,1,13
15354,0,-1,0,0,0,840,1,16
15355,0,-1,0,0,0,840,1,6
15356,0,-1,0,0,0,276,1,1
15357,0,-1,0,0,1,276,1,4
15358,0,-1,0,0,0,826,1,13
15359,0,-1,0,0,0,276,1,4
15360,0,-1,0,0,0,276,1,7
15361,0,-1,0,0,0,840,1,15
15362,0,-1,0,0,0,826,1,2
15363,0,-1,0,0,0,250,1,1
15364,0,-1,0,0,0,826,1,9
15365,0,-1,0,0,0,840,1,9
15366,0,-1,0,0,0,826,1,6
15367,0,-1,0,0,0,156,1,9
15368,0,-1,0,0,0,826,1,6
15369,0,-1,0,0,0,276,1,8
15370,0,-1,0,0,0,840,1,14
15371,0,-1,0,0,0,826,1,15
15372,0,-1,0,0,0,156,1,8
15373,0,-1,0,0,0,250,1,6
15374,0,-1,0,0,0,840,1,10
15375,0,-1,0,0,0,156,1,12
15376,0,-1,0,1,0,250,1,4
15377,0,-1,0,0,0,826,1,12
15378,0,-1,0,0,0,826,1,4
15379,0,-1,0,1,0,276,1,14
15380,0,-1,0,0,0,276,1,1
15381,0,-1,0,0,0,276,1,10
15382,0,-1,0,0,0,840,1,11
15383,0,-1,0,0,0,250,1,11
15384,0,-1,0,1,0,826,1,6
15385,0,-1,0,0,0,826,1,16
15386,0,-1,0,0,0,826,1,11
15387,0,-1,0,0,0,156,1,18
15388,0,-1,0,0,0,250,1,10
15389,0,-1,0,0,0,840,1,3
15390,0,-1,0,0,0,826,1,12
15391,0,-1,0,0,0,840,1,9
15392,0,-1,0,1,0,826,1,5
15393,0,-1,0,0,0,276,1,1
15394,0,-1,0,0,0,156,1,10
15395,0,-1,0,1,0,276,1,13
15396,0,-1,0,0,0,156,1,9
15397,0,-1,0,0,0,826,1,11
15398,0,-1,0,0,0,250,1,6
15399,0,-1,0,1,0,156,1,3
15400,0,-1,0,0,0,826,1,14
15401,0,-1,0,0,0,156,1,13
15402,0,-1,0,0,0,840,1,2
15403,0,-1,0,0,0,250,1,15
15404,0,-1,0,1,0,156,1,15
15405,0,-1,0,0,0,840,1,3
15406,0,-1,0,0,0,156,1,3
15407,0,-1,0,0,0,840,1,10
15408,0,-1,0,1,0,826,1,15
15409,0,-1,0,0,0,276,1,17
15410,0,-1,0,0,0,156,1,8
15411,0,-1,0,0,0,156,1,7
15412,0,-1,0,0,1,276,1,11
15413,0,-1,0,0,0,250,1,18
15414,0,-1,0,0,0,156,1,3
15415,0,-1,0,0,0,156,1,17
15416,0,-1,0,0,0,250,1,2
15417,0,-1,0,0,0,276,1,8
15418,0,-1,0,1,0,250,1,3
15419,0,-1,0,0,0,840,1,13
15420,0,-1,0,1,1,250,1,18
15421,0,-1,0,0,0,840,1,13
15422,0,-1,0,0,0,250,1,1
15423,0,-1,0,0,0,156,1,15
15424,0,-1,0,0,1,276,1,15
15425,0,-1,0,0,0,276,1,19
15426,0,-1,0,0,0,250,1,13
15427,0,-1,0,0,0,826,1,12
15428,0,-1,0,0,0,250,1,7
15429,0,-1,0,0,0,276,1,14
15430,0,-1,0,0,0,250,1,5
15431,0,-1,0,0,0,156,1,3
15432,0,-1,0,0,0,826,1,13
15433,0,-1,0,0,0,840,1,6
15434,0,-1,0,0,0,250,1,1
15435,0,-1,0,0,0,156,1,10
15436,0,-1,0,1,0,826,1,5
15437,0,-1,0,0,0,276,1,16
15438,0,-1,0,0,0,156,1,4
15439,0,-1,0,1,0,276,1,14
15440,0,-1,0,0,0,840,1,1
15441,0,-1,0,0,0,826,1,3
15442,0,-1,0,0,0,826,1,9
15443,0,-1,0,0,1,250,1,7
15444,0,-1,0,0,0,156,1,17
15445,0,-1,0,0,0,840,1,18
15446,0,-1,0,1,0,156,1,12
15447,0,-1,0,0,0,826,1,2
15448,0,-1,0,0,0,826,1,1
15449,0,-1,0,0,0,156,1,14
15450,0,-1,0,0,0,276,1,0
15451,0,-1,0,0,0,250,1,16
15452,0,-1,0,0,0,156,1,6
15453,0,-1,0,0,0,276,1,11
15454,0,-1,0,0,0,826,1,15
15455,0,-1,0,0,0,250,1,17
15456,0,-1,0,0,0,276,1,8
15457,0,-1,0,0,0,250,1,17
15458,0,-1,0,0,0,156,1,0
15459,0,-1,0,0,0,826,1,6
15460,0,-1,0,0,0,826,1,9
15461,0,-1,0,0,0,276,1,7
15462,0,-1,0,0,0,156,1,4
15463,0,-1,0,0,0,276,1,16
15464,0,-1,0,1,0,250,1,10
15465,0,-1,0,1,0,276,1,2
15466,0,-1,0,0,0,276,1,12
15467,0,-1,0,0,0,826,1,19
15468,0,-1,0,0,0,250,1,10
15469,0,-1,0,0,0,250,1,18
15470,0,-1,0,0,0,826,1,2
15471,0,-1,0,0,0,840,1,2
15472,0,-1,0,1,0,276,1,8
15473,0,-1,0,0,0,156,1,8
15474,0,-1,0,0,0,156,1,6
15475,0,-1,0,1,0,840,1,9
15476,0,-1,0,0,0,826,1,12
15477,0,-1,0,0,0,826,1,10
15478,0,-1,0,0,0,826,1,13
15479,0,-1,0,0,1,250,1,13
15480,0,-1,0,0,0,156,1,12
15481,0,-1,0,0,0,826,1,2
15482,0,-1,0,0,0,250,1,7
15483,0,-1,0,0,0,250,1,17
15484,0,-1,0,0,0,156,1,14
15485,0,-1,0,0,0,156,1,0
15486,0,-1,0,0,0,156,1,11
15487,0,-1,0,1,0,276,1,15
15488,0,-1,0,0,0,840,1,9
15489,0,-1,0,1,0,840,1,19
15490,0,-1,0,0,0,826,1,18
15491,0,-1,0,0,0,156,1,8
15492,0,-1,0,0,0,276,1,12
15493,0,-1,0,0,0,250,1,17
15494,0,-1,0,0,0,156,1,14
15495,0,-1,0,0,0,250,1,4
15496,0,-1,0,0,0,840,1,3
15497,0,-1,0,0,0,156,1,5
15498,0,-1,0,0,0,156,1,15
15499,0,-1,0,0,0,826,1,7
15500,0,-1,0,0,1,826,1,9
15501,0,-1,0,0,0,250,1,11
15502,0,-1,0,0,0,840,1,7
15503,0,-1,0,0,0,826,1,19
15504,0,-1,0,0,0,250,1,9
15505,0,-1,0,0,0,826,1,8
15506,0,-1,0,0,0,840,1,16
15507,0,-1,0,0,0,156,1,10
15508,0,-1,0,0,0,826,1,3
15509,0,-1,0,0,0,826,1,4
15510,0,-1,0,0,1,826,1,9
15511,0,-1,0,0,0,276,1,18
15512,0,-1,0,0,0,840,1,4
15513,0,-1,0,0,0,826,1,19
15514,0,-1,0,0,0,840,1,1
15515,0,-1,0,0,0,840,1,19
15516,0,-1,0,0,0,156,1,1
15517,0,-1,0,0,0,156,1,19
15518,0,-1,0,1,0,276,1,19
15519,0,-1,0,1,0,826,1,5
15520,0,-1,0,0,1,840,1,19
15521,0,-1,0,0,0,840,1,16
15522,0,-1,0,0,0,276,1,4
15523,0,-1,0,0,0,276,1,19
15524,0,-1,0,0,0,156,1,14
15525,0,-1,0,0,0,156,1,3
15526,0,-1,0,0,0,250,1,1
15527,0,-1,0,0,0,156,1,18
15528,0,-1,0,0,0,156,1,9
15529,0,-1,0,0,0,156,1,11
15530,0,-1,0,0,0,276,1,6
15531,0,-1,0,0,0,826,1,5
15532,0,-1,0,0,0,250,1,1
15533,0,-1,0,0,0,156,1,11
15534,0,-1,0,0,0,840,1,10
15535,0,-1,0,0,0,250,1,16
15536,0,-1,0,0,0,826,1,1
15537,0,-1,0,0,0,250,1,2
15538,0,-1,0,0,0,250,1,19
15539,0,-1,0,0,1,156,1,17
15540,0,-1,0,0,0,250,1,7
15541,0,-1,0,0,0,826,1,1
15542,0,-1,0,0,0,826,1,9
15543,0,-1,0,0,1,156,1,15
15544,0,-1,0,0,0,840,1,6
15545,0,-1,0,0,0,156,1,6
15546,0,-1,0,0,0,826,1,12
15547,0,-1,0,0,0,156,1,10
15548,0,-1,0,0,0,826,1,5
15549,0,-1,0,0,0,250,1,13
15550,0,-1,0,0,0,156,1,3
15551,0,-1,0,0,0,156,1,9
15552,0,-1,0,0,0,276,1,12
15553,0,-1,0,0,0,250,1,7
15554,0,-1,0,0,0,276,1,16
15555,0,-1,0,0,0,276,1,19
15556,0,-1,0,0,0,250,1,12
15557,0,-1,0,0,0,156,1,19
15558,0,-1,0,1,0,276,1,5
15559,0,-1,0,0,0,250,1,0
15560,0,-1,0,0,0,826,1,4
15561,0,-1,0,0,0,250,1,9
15562,0,-1,0,0,0,250,1,7
15563,0,-1,0,0,0,156,1,1
15564,0,-1,0,0,0,826,1,8
15565,0,-1,0,0,0,276,1,9
15566,0,-1,0,0,0,250,1,15
15567,0,-1,0,1,0,840,1,12
15568,0,-1,0,0,0,826,1,0
15569,0,-1,0,0,0,250,1,15
15570,0,-1,0,0,1,276,1,19
15571,0,-1,0,0,0,840,1,3
15572,0,-1,0,0,1,250,1,18
15573,0,-1,0,0,0,156,1,17
15574,0,-1,0,0,0,826,1,1
15575,0,-1,0,1,0,276,1,9
15576,0,-1,0,0,0,276,1,15
15577,0,-1,0,0,0,840,1,9
15578,0,-1,0,0,0,840,1,7
15579,0,-1,0,0,0,250,1,10
15580,0,-1,0,1,0,840,1,2
15581,0,-1,0,1,0,826,1,5
15582,0,-1,0,0,0,250,1,0
15583,0,-1,0,0,0,156,1,16
15584,0,-1,0,1,0,276,1,14
15585,0,-1,0,0,0,826,1,14
15586,0,-1,0,0,0,826,1,7
15587,0,-1,0,0,1,276,1,5
15588,0,-1,0,0,0,840,1,10
15589,0,-1,0,1,0,826,1,2
15590,0,-1,0,0,0,156,1,9
15591,0,-1,0,0,0,840,1,14
15592,0,-1,0,0,0,826,1,0
15593,0,-1,0,0,0,156,1,11
15594,0,-1,0,0,0,826,1,11
15595,0,-1,0,1,0,826,1,1
15596,0,-1,0,0,0,156,1,1
15597,0,-1,0,0,0,250,1,16
15598,0,-1,0,0,0,826,1,17
15599,0,-1,0,0,0,840,1,4
15600,0,-1,0,0,0,840,1,5
15601,0,-1,0,0,0,276,1,1
15602,0,-1,0,0,0,156,1,6
15603,0,-1,0,0,0,250,1,11
15604,0,-1,0,0,0,826,1,11
15605,0,-1,0,0,0,840,1,7
15606,0,-1,0,1,0,840,1,3
15607,0,-1,0,0,0,250,1,2
15608,0,-1,0,0,0,276,1,7
15609,0,-1,0,0,0,276,1,13
15610,0,-1,0,0,0,826,1,12
15611,0,-1,0,0,0,826,1,9
15612,0,-1,0,0,0,826,1,18
15613,0,-1,0,0,0,276,1,12
15614,0,-1,0,0,0,840,1,3
15615,0,-1,0,0,0,250,1,10
15616,0,-1,0,0,0,276,1,14
15617,0,-1,0,0,0,276,1,10
15618,0,-1,0,0,0,156,1,14
15619,0,-1,0,0,0,156,1,14
15620,0,-1,0,0,0,840,1,8
15621,0,-1,0,0,1,826,1,6
15622,0,-1,0,0,0,826,1,15
15623,0,-1,0,0,0,250,1,3
15624,0,-1,0,0,0,250,1,1
15625,0,-1,0,0,0,276,1,18
15626,0,-1,0,0,0,840,1,15
15627,0,-1,0,0,0,840,1,9
15628,0,-1,0,1,0,840,1,16
15629,0,-1,0,0,0,826,1,3
15630,0,-1,0,0,0,156,1,0
15631,0,-1,0,0,0,840,1,2
15632,0,-1,0,0,0,276,1,12
15633,0,-1,0,0,0,250,1,7
15634,0,-1,0,0,0,276,1,4
15635,0,-1,0,0,0,250,1,10
15636,0,-1,0,0,0,840,1,8
15637,0,-1,0,0,0,840,1,9
15638,0,-1,0,0,0,276,1,11
15639,0,-1,0,0,0,250,1,13
15640,0,-1,0,0,0,250,1,19
15641,0,-1,0,0,1,276,1,16
15642,0,-1,0,0,0,826,1,15
15643,0,-1,0,0,0,276,1,10
15644,0,-1,0,0,0,156,1,19
15645,0,-1,0,0,0,276,1,17
15646,0,-1,0,0,0,156,1,7
15647,0,-1,0,0,0,840,1,0
15648,0,-1,0,0,0,840,1,7
15649,0,-1,0,0,0,276,1,9
15650,0,-1,0,0,0,840,1,5
15651,0,-1,0,0,0,276,1,5
15652,0,-1,0,0,0,826,1,7
15653,0,-1,0,0,0,250,1,16
15654,0,-1,0,0,1,826,1,19
15655,0,-1,0,0,0,840,1,11
15656,0,-1,0,0,0,276,1,13
15657,0,-1,0,0,0,250,1,14
15658,0,-1,0,0,0,156,1,1
15659,0,-1,0,0,0,826,1,16
15660,0,-1,0,0,1,840,1,19
15661,0,-1,0,0,0,276,1,17
15662,0,-1,0,0,0,826,1,6
15663,0,-1,0,0,1,840,1,11
15664,0,-1,0,0,0,156,1,6
15665,0,-1,0,0,0,840,1,10
15666,0,-1,0,0,0,156,1,5
15667,0,-1,0,0,0,826,1,10
15668,0,-1,0,0,0,250,1,4
15669,0,-1,0,0,0,840,1,2
15670,0,-1,0,0,0,250,1,10
15671,0,-1,0,0,0,826,1,11
15672,0,-1,0,0,0,156,1,9
15673,0,-1,0,0,0,840,1,5
15674,0,-1,0,0,0,840,1,6
15675,0,-1,0,0,0,840,1,17
15676,0,-1,0,0,0,250,1,10
15677,0,-1,0,0,0,276,1,17
15678,0,-1,0,0,0,276,1,4
15679,0,-1,0,0,0,250,1,0
15680,0,-1,0,0,0,156,1,12
15681,0,-1,0,0,0,840,1,6
15682,0,-1,0,0,0,276,1,11
15683,0,-1,0,0,0,276,1,18
15684,0,-1,0,0,0,276,1,0
15685,0,-1,0,0,0,156,1,1
15686,0,-1,0,0,0,250,1,17
15687,0,-1,0,0,0,276,1,3
15688,0,-1,0,0,0,156,1,19
15689,0,-1,0,0,0,250,1,7
15690,0,-1,0,0,0,276,1,14
15691,0,-1,0,0,0,276,1,6
15692,0,-1,0,0,0,250,1,16
15693,0,-1,0,0,0,826,1,16
15694,0,-1,0,0,0,840,1,9
15695,0,-1,0,0,0,826,1,4
15696,0,-1,0,0,0,156,1,17
15697,0,-1,0,0,0,840,1,9
15698,0,-1,0,1,0,840,1,12
15699,0,-1,0,0,0,250,1,12
15700,0,-1,0,0,0,276,1,14
15701,0,-1,0,0,1,840,1,1
15702,0,-1,0,0,0,826,1,7
15703,0,-1,0,0,0,156,1,3
15704,0,-1,0,0,0,840,1,7
15705,0,-1,0,0,0,276,1,4
15706,0,-1,0,0,0,250,1,4
15707,0,-1,0,0,0,250,1,13
15708,0,-1,0,0,0,826,1,14
15709,0,-1,0,0,0,250,1,14
15710,0,-1,0,0,0,840,1,19
15711,0,-1,0,1,0,840,1,1
15712,0,-1,0,0,0,826,1,6
15713,0,-1,0,0,0,276,1,6
15714,0,-1,0,0,0,250,1,14
15715,0,-1,0,0,0,156,1,9
15716,0,-1,0,0,0,250,1,18
15717,0,-1,0,1,0,276,1,8
15718,0,-1,0,0,0,156,1,7
15719,0,-1,0,0,0,840,1,13
15720,0,-1,0,0,0,840,1,16
15721,0,-1,0,0,0,840,1,3
15722,0,-1,0,0,0,276,1,4
15723,0,-1,0,0,0,826,1,17
15724,0,-1,0,0,0,250,1,17
15725,0,-1,0,0,0,250,1,7
15726,0,-1,0,1,0,156,1,5
15727,0,-1,0,1,0,840,1,14
15728,0,-1,0,0,0,276,1,15
15729,0,-1,0,0,0,276,1,14
15730,0,-1,0,0,0,840,1,17
15731,0,-1,0,0,0,156,1,15
15732,0,-1,0,0,0,276,1,15
15733,0,-1,0,0,0,276,1,19
15734,0,-1,0,0,0,276,1,2
15735,0,-1,0,0,0,250,1,9
15736,0,-1,0,0,0,276,1,4
15737,0,-1,0,0,0,276,1,4
15738,0,-1,0,0,0,276,1,1
15739,0,-1,0,0,0,840,1,2
15740,0,-1,0,0,0,276,1,8
15741,0,-1,0,0,0,840,1,1
15742,0,-1,0,0,0,276,1,6
15743,0,-1,0,1,0,156,1,17
15744,0,-1,0,0,0,826,1,7
15745,0,-1,0,0,0,250,1,4
15746,0,-1,0,0,1,156,1,17
15747,0,-1,0,0,0,276,1,12
15748,0,-1,0,0,0,250,1,15
15749,0,-1,0,0,0,156,1,4
15750,0,-1,0,0,0,250,1,16
15751,0,-1,0,0,0,276,1,0
15752,0,-1,0,0,0,250,1,10
15753,0,-1,0,0,0,276,1,4
15754,0,-1,0,0,1,276,1,9
15755,0,-1,0,0,0,276,1,11
15756,0,-1,0,0,0,840,1,2
15757,0,-1,0,0,0,826,1,7
15758,0,-1,0,0,0,276,1,10
15759,0,-1,0,0,0,156,1,12
15760,0,-1,0,0,0,276,1,7
15761,0,-1,0,0,0,250,1,2
15762,0,-1,0,0,0,250,1,18
15763,0,-1,0,0,0,156,1,4
15764,0,-1,0,0,0,250,1,18
15765,0,-1,0,0,0,840,1,6
15766,0,-1,0,0,1,250,1,0
15767,0,-1,0,0,0,840,1,0
15768,0,-1,0,0,0,840,1,0
15769,0,-1,0,0,0,156,1,9
15770,0,-1,0,0,0,826,1,16
15771,0,-1,0,0,0,840,1,11
15772,0,-1,0,1,0,840,1,2
15773,0,-1,0,1,0,250,1,7
15774,0,-1,0,0,0,250,1,6
15775,0,-1,0,0,0,276,1,3
15776,0,-1,0,0,0,826,1,6
15777,0,-1,0,0,0,250,1,11
15778,0,-1,0,0,0,840,1,19
15779,0,-1,0,0,0,250,1,15
15780,0,-1,0,0,0,276,1,3
15781,0,-1,0,0,0,250,1,4
15782,0,-1,0,0,0,250,1,13
15783,0,-1,0,0,0,826,1,14
15784,0,-1,0,1,0,156,1,3
15785,0,-1,0,0,1,250,1,5
15786,0,-1,0,0,0,250,1,19
15787,0,-1,0,0,0,840,1,6
15788,0,-1,0,0,0,826,1,8
15789,0,-1,0,0,0,250,1,12
15790,0,-1,0,0,0,276,1,19
15791,0,-1,0,0,0,826,1,9
15792,0,-1,0,0,0,826,1,8
15793,0,-1,0,0,0,826,1,12
15794,0,-1,0,0,0,156,1,6
15795,0,-1,0,0,0,276,1,15
15796,0,-1,0,0,0,840,1,8
15797,0,-1,0,0,0,276,1,16
15798,0,-1,0,0,0,276,1,9
15799,0,-1,0,0,0,826,1,2
15800,0,-1,0,0,1,276,1,3
15801,0,-1,0,0,0,276,1,10
15802,0,-1,0,0,0,840,1,16
15803,0,-1,0,0,0,826,1,0
15804,0,-1,0,0,0,826,1,5
15805,0,-1,0,0,0,276,1,6
15806,0,-1,0,0,0,250,1,5
15807,0,-1,0,0,0,276,1,12
15808,0,-1,0,0,0,276,1,15
15809,0,-1,0,0,0,840,1,7
15810,0,-1,0,0,0,276,1,6
15811,0,-1,0,0,0,840,1,6
15812,0,-1,0,0,0,250,1,17
15813,0,-1,0,0,0,826,1,9
15814,0,-1,0,0,0,840,1,17
15815,0,-1,0,0,0,840,1,16
15816,0,-1,0,0,0,276,1,15
15817,0,-1,0,0,0,826,1,7
15818,0,-1,0,1,0,250,1,4
15819,0,-1,0,0,0,840,1,8
15820,0,-1,0,0,0,276,1,1
15821,0,-1,0,0,0,840,1,8
15822,0,-1,0,0,1,156,1,11
15823,0,-1,0,0,0,250,1,18
15824,0,-1,0,0,0,156,1,14
15825,0,-1,0,0,0,250,1,14
15826,0,-1,0,0,0,276,1,13
15827,0,-1,0,0,0,840,1,16
15828,0,-1,0,0,0,250,1,8
15829,0,-1,0,0,0,156,1,15
15830,0,-1,0,0,0,826,1,16
15831,0,-1,0,0,0,840,1,1
15832,0,-1,0,0,0,250,1,18
15833,0,-1,0,0,0,826,1,13
15834,0,-1,0,1,1,840,1,9
15835,0,-1,0,0,0,276,1,0
15836,0,-1,0,0,1,156,1,12
15837,0,-1,0,0,0,250,1,11
15838,0,-1,0,0,0,156,1,19
15839,0,-1,0,0,0,840,1,3
15840,0,-1,0,0,0,276,1,0
15841,0,-1,0,1,0,840,1,19
15842,0,-1,0,0,0,156,1,16
15843,0,-1,0,0,0,276,1,11
15844,0,-1,0,0,0,156,1,8
15845,0,-1,0,0,0,250,1,2
15846,0,-1,0,1,0,276,1,4
15847,0,-1,0,0,0,840,1,8
15848,0,-1,0,0,0,276,1,7
15849,0,-1,0,0,0,250,1,1
15850,0,-1,0,1,0,276,1,10
15851,0,-1,0,1,0,276,1,0
15852,0,-1,0,0,0,156,1,14
15853,0,-1,0,0,0,250,1,11
15854,0,-1,0,0,1,840,1,2
15855,0,-1,0,0,0,276,1,15
15856,0,-1,0,0,0,840,1,1
15857,0,-1,0,0,0,840,1,8
15858,0,-1,0,0,0,840,1,12
15859,0,-1,0,0,0,826,1,16
15860,0,-1,0,0,0,156,1,18
15861,0,-1,0,0,0,840,1,15
15862,0,-1,0,0,0,840,1,17
15863,0,-1,0,0,0,826,1,19
15864,0,-1,0,0,0,276,1,1
15865,0,-1,0,0,0,840,1,12
15866,0,-1,0,1,0,156,1,17
15867,0,-1,0,0,0,840,1,5
15868,0,-1,0,0,0,840,1,4
15869,0,-1,0,0,0,840,1,0
15870,0,-1,0,0,0,156,1,18
15871,0,-1,0,0,0,840,1,8
15872,0,-1,0,0,0,840,1,4
15873,0,-1,0,0,0,840,1,14
15874,0,-1,0,1,0,156,1,0
15875,0,-1,0,0,0,250,1,6
15876,0,-1,0,0,0,826,1,19
15877,0,-1,0,1,0,840,1,16
15878,0,-1,0,0,0,156,1,15
15879,0,-1,0,0,0,250,1,11
15880,0,-1,0,0,0,840,1,2
15881,0,-1,0,0,0,826,1,4
15882,0,-1,0,0,0,156,1,9
15883,0,-1,0,0,0,156,1,4
15884,0,-1,0,0,0,276,1,11
15885,0,-1,0,0,0,156,1,10
15886,0,-1,0,0,0,276,1,11
15887,0,-1,0,0,0,840,1,8
15888,0,-1,0,0,0,840,1,9
15889,0,-1,0,0,0,250,1,19
15890,0,-1,0,0,0,826,1,15
15891,0,-1,0,0,0,276,1,7
15892,0,-1,0,0,0,276,1,4
15893,0,-1,0,0,0,826,1,0
15894,0,-1,0,0,1,840,1,0
15895,0,-1,0,0,0,826,1,17
15896,0,-1,0,0,0,826,1,9
15897,0,-1,0,0,0,276,1,13
15898,0,-1,0,0,0,156,1,13
15899,0,-1,0,0,0,276,1,15
15900,0,-1,0,0,0,156,1,14
15901,0,-1,0,0,0,276,1,14
15902,0,-1,0,0,0,826,1,19
15903,0,-1,0,0,0,840,1,0
15904,0,-1,0,0,0,156,1,1
15905,0,-1,0,0,0,276,1,17
15906,0,-1,0,0,0,840,1,7
15907,0,-1,0,0,0,276,1,6
15908,0,-1,0,1,0,840,1,0
15909,0,-1,0,0,0,826,1,14
15910,0,-1,0,1,0,826,1,17
15911,0,-1,0,0,0,840,1,15
15912,0,-1,0,0,0,276,1,3
15913,0,-1,0,0,0,276,1,19
15914,0,-1,0,0,0,156,1,7
15915,0,-1,0,0,0,250,1,0
15916,0,-1,0,0,1,250,1,6
15917,0,-1,0,0,0,276,1,6
15918,0,-1,0,0,0,250,1,16
15919,0,-1,0,0,0,276,1,11
15920,0,-1,0,0,0,840,1,0
15921,0,-1,0,0,0,840,1,5
15922,0,-1,0,0,0,250,1,13
15923,0,-1,0,0,0,156,1,18
15924,0,-1,0,0,0,826,1,18
15925,0,-1,0,0,0,276,1,6
15926,0,-1,0,0,0,250,1,19
15927,0,-1,0,0,0,276,1,9
15928,0,-1,0,0,0,156,1,8
15929,0,-1,0,1,0,840,1,4
15930,0,-1,0,0,0,276,1,3
15931,0,-1,0,0,0,250,1,1
15932,0,-1,0,0,1,276,1,18
15933,0,-1,0,0,0,826,1,14
15934,0,-1,0,0,0,156,1,1
15935,0,-1,0,0,0,826,1,0
15936,0,-1,0,0,0,826,1,8
15937,0,-1,0,0,0,156,1,15
15938,0,-1,0,0,0,840,1,17
15939,0,-1,0,1,0,156,1,16
15940,0,-1,0,1,0,826,1,12
15941,0,-1,0,0,0,250,1,15
15942,0,-1,0,0,1,826,1,11
15943,0,-1,0,1,0,250,1,6
15944,0,-1,0,0,0,156,1,8
15945,0,-1,0,0,0,840,1,15
15946,0,-1,0,0,0,840,1,19
15947,0,-1,0,0,0,156,1,14
15948,0,-1,0,0,0,276,1,6
15949,0,-1,0,0,0,826,1,1
15950,0,-1,0,1,0,276,1,6
15951,0,-1,0,0,0,276,1,8
15952,0,-1,0,0,0,840,1,5
15953,0,-1,0,0,0,156,1,19
15954,0,-1,0,0,0,826,1,0
15955,0,-1,0,0,0,826,1,0
15956,0,-1,0,0,1,250,1,15
15957,0,-1,0,0,0,840,1,1
15958,0,-1,0,0,0,826,1,4
15959,0,-1,0,0,1,250,1,18
15960,0,-1,0,0,1,250,1,7
15961,0,-1,0,0,0,826,1,3
15962,0,-1,0,1,0,156,1,11
15963,0,-1,0,0,0,276,1,14
15964,0,-1,0,0,0,276,1,5
15965,0,-1,0,0,0,156,1,3
15966,0,-1,0,0,0,250,1,2
15967,0,-1,0,0,0,250,1,13
15968,0,-1,0,0,0,250,1,7
15969,0,-1,0,0,0,156,1,7
15970,0,-1,0,0,0,826,1,8
15971,0,-1,0,0,0,156,1,7
15972,0,-1,0,0,0,276,1,15
15973,0,-1,0,0,0,276,1,15
15974,0,-1,0,1,0,840,1,16
15975,0,-1,0,0,0,276,1,17
15976,0,-1,0,1,0,826,1,3
15977,0,-1,0,0,0,840,1,5
15978,0,-1,0,0,0,840,1,19
15979,0,-1,0,0,0,276,1,8
15980,0,-1,0,0,0,826,1,4
15981,0,-1,0,0,0,250,1,15
15982,0,-1,0,0,0,276,1,12
15983,0,-1,0,0,0,276,1,4
15984,0,-1,0,0,0,156,1,3
15985,0,-1,0,0,0,156,1,17
15986,0,-1,0,0,0,840,1,12
15987,0,-1,0,0,0,250,1,0
15988,0,-1,0,0,0,276,1,6
15989,0,-1,0,1,0,840,1,2
15990,0,-1,0,0,0,250,1,18
15991,0,-1,0,0,0,250,1,3
15992,0,-1,0,1,0,276,1,11
15993,0,-1,0,0,0,840,1,1
15994,0,-1,0,0,0,840,1,17
15995,0,-1,0,0,0,156,1,2
15996,0,-1,0,0,1,826,1,19
15997,0,-1,0,0,0,826,1,5
15998,0,-1,0,0,0,826,1,15
15999,0,-1,0,0,0,826,1,7
16000,0,-1,0,0,0,156,1,9
16001,0,-1,0,0,0,826,1,14
16002,0,-1,0,0,0,156,1,19
16003,0,-1,0,0,0,156,1,15
16004,0,-1,0,1,0,250,1,8
16005,0,-1,0,0,0,250,1,5
16006,0,-1,0,0,0,250,1,19
16007,0,-1,0,0,0,250,1,18
16008,0,-1,0,1,0,250,1,15
16009,0,-1,0,0,0,840,1,5
16010,0,-1,0,0,0,826,1,7
16011,0,-1,0,0,0,826,1,17
16012,0,-1,0,0,1,250,1,2
16013,0,-1,0,0,0,826,1,4
16014,0,-1,0,0,0,276,1,13
16015,0,-1,0,0,0,826,1,1
16016,0,-1,0,0,0,156,1,4
16017,0,-1,0,0,0,826,1,6
16018,0,-1,0,0,0,840,1,2
16019,0,-1,0,0,0,826,1,11
16020,0,-1,0,0,0,840,1,18
16021,0,-1,0,0,0,276,1,18
16022,0,-1,0,0,0,826,1,16
16023,0,-1,0,0,0,276,1,1
16024,0,-1,0,0,0,276,1,7
16025,0,-1,0,0,0,156,1,2
16026,0,-1,0,0,0,276,1,16
16027,0,-1,0,0,0,156,1,7
16028,0,-1,0,0,0,250,1,14
16029,0,-1,0,0,0,826,1,4
16030,0,-1,0,0,0,156,1,3
16031,0,-1,0,0,0,156,1,6
16032,0,-1,0,0,0,840,1,11
16033,0,-1,0,0,0,840,1,5
16034,0,-1,0,0,0,250,1,0
16035,0,-1,0,0,0,840,1,7
16036,0,-1,0,1,0,156,1,4
16037,0,-1,0,0,0,250,1,15
16038,0,-1,0,0,0,826,1,19
16039,0,-1,0,0,1,826,1,11
16040,0,-1,0,0,0,840,1,9
16041,0,-1,0,0,0,276,1,17
16042,0,-1,0,1,0,826,1,0
16043,0,-1,0,0,0,250,1,18
16044,0,-1,0,0,0,250,1,11
16045,0,-1,0,0,0,826,1,1
16046,0,-1,0,0,0,250,1,5
16047,0,-1,0,0,0,156,1,2
16048,0,-1,0,0,0,840,1,15
16049,0,-1,0,0,0,250,1,5
16050,0,-1,0,0,0,156,1,11
16051,0,-1,0,0,0,250,1,11
16052,0,-1,0,0,0,156,1,14
16053,0,-1,0,1,0,156,1,13
16054,0,-1,0,0,0,156,1,16
16055,0,-1,0,0,0,840,1,9
16056,0,-1,0,0,1,250,1,18
16057,0,-1,0,0,0,826,1,3
16058,0,-1,0,1,0,250,1,12
16059,0,-1,0,0,0,156,1,2
16060,0,-1,0,0,0,840,1,4
16061,0,-1,0,0,0,156,1,18
16062,0,-1,0,0,0,276,1,2
16063,0,-1,0,0,0,840,1,10
16064,0,-1,0,0,0,250,1,17
16065,0,-1,0,0,1,250,1,8
16066,0,-1,0,0,0,276,1,18
16067,0,-1,0,0,0,250,1,14
16068,0,-1,0,0,0,276,1,1
16069,0,-1,0,0,0,826,1,15
16070,0,-1,0,0,0,276,1,8
16071,0,-1,0,0,0,826,1,18
16072,0,-1,0,0,0,840,1,13
16073,0,-1,0,0,0,276,1,1
16074,0,-1,0,0,1,156,1,6
16075,0,-1,0,0,0,250,1,11
16076,0,-1,0,0,0,156,1,5
16077,0,-1,0,0,0,840,1,2
16078,0,-1,0,0,0,276,1,2
16079,0,-1,0,0,0,826,1,6
16080,0,-1,0,0,0,840,1,16
16081,0,-1,0,0,1,156,1,14
16082,0,-1,0,0,0,826,1,15
16083,0,-1,0,0,0,250,1,14
16084,0,-1,0,0,0,826,1,5
16085,0,-1,0,0,0,276,1,14
16086,0,-1,0,0,0,276,1,12
16087,0,-1,0,0,0,840,1,5
16088,0,-1,0,0,0,250,1,17
16089,0,-1,0,0,0,826,1,6
16090,0,-1,0,0,0,840,1,9
16091,0,-1,0,0,0,826,1,12
16092,0,-1,0,0,0,840,1,17
16093,0,-1,0,0,0,250,1,4
16094,0,-1,0,0,0,250,1,9
16095,0,-1,0,0,0,826,1,1
16096,0,-1,0,0,0,826,1,7
16097,0,-1,0,1,0,156,1,10
16098,0,-1,0,0,0,156,1,16
16099,0,-1,0,0,0,156,1,17
16100,0,-1,0,0,0,276,1,4
16101,0,-1,0,0,0,156,1,1
16102,0,-1,0,0,0,826,1,11
16103,0,-1,0,0,0,826,1,12
16104,0,-1,0,0,0,826,1,4
16105,0,-1,0,0,0,840,1,5
16106,0,-1,0,0,0,840,1,6
16107,0,-1,0,0,1,156,1,7
16108,0,-1,0,0,0,276,1,14
16109,0,-1,0,0,0,156,1,11
16110,0,-1,0,0,0,840,1,10
16111,0,-1,0,0,0,826,1,2
16112,0,-1,0,0,0,840,1,4
16113,0,-1,0,0,0,276,1,9
16114,0,-1,0,0,0,276,1,11
16115,0,-1,0,0,0,826,1,19
16116,0,-1,0,0,0,826,1,11
16117,0,-1,0,0,0,840,1,19
16118,0,-1,0,0,0,276,1,5
16119,0,-1,0,0,0,840,1,2
16120,0,-1,0,0,0,840,1,10
16121,0,-1,0,0,0,840,1,1
16122,0,-1,0,0,0,826,1,15
16123,0,-1,0,0,0,826,1,9
16124,0,-1,0,1,0,156,1,2
16125,0,-1,0,0,0,276,1,19
16126,0,-1,0,0,0,276,1,6
16127,0,-1,0,1,0,276,1,12
16128,0,-1,0,0,0,250,1,11
16129,0,-1,0,0,0,276,1,11
16130,0,-1,0,0,0,826,1,3
16131,0,-1,0,0,0,250,1,17
16132,0,-1,0,0,0,826,1,3
16133,0,-1,0,1,0,250,1,8
16134,0,-1,0,0,0,826,1,14
16135,0,-1,0,0,0,250,1,6
16136,0,-1,0,0,0,840,1,7
16137,0,-1,0,0,0,826,1,9
16138,0,-1,0,1,0,826,1,12
16139,0,-1,0,1,0,276,1,4
16140,0,-1,0,0,0,250,1,8
16141,0,-1,0,1,0,826,1,14
16142,0,-1,0,0,0,840,1,10
16143,0,-1,0,0,0,826,1,2
16144,0,-1,0,0,0,826,1,12
16145,0,-1,0,0,0,840,1,18
16146,0,-1,0,1,0,156,1,18
16147,0,-1,0,0,0,250,1,4
16148,0,-1,0,0,0,156,1,11
16149,0,-1,0,0,0,156,1,19
16150,0,-1,0,0,0,250,1,12
16151,0,-1,0,0,0,826,1,16
16152,0,-1,0,0,0,156,1,8
16153,0,-1,0,0,0,826,1,17
16154,0,-1,0,0,0,156,1,4
16155,0,-1,0,0,0,826,1,14
16156,0,-1,0,0,0,276,1,17
16157,0,-1,0,0,0,826,1,1
16158,0,-1,0,0,0,250,1,16
16159,0,-1,0,0,0,276,1,10
16160,0,-1,0,0,0,826,1,18
16161,0,-1,0,0,0,840,1,5
16162,0,-1,0,0,0,276,1,16
16163,0,-1,0,0,0,840,1,17
16164,0,-1,0,0,0,276,1,12
16165,0,-1,0,0,0,840,1,1
16166,0,-1,0,1,0,276,1,8
16167,0,-1,0,0,0,276,1,7
16168,0,-1,0,0,0,250,1,15
16169,0,-1,0,0,0,826,1,11
16170,0,-1,0,0,0,276,1,12
16171,0,-1,0,1,0,826,1,8
16172,0,-1,0,0,0,826,1,12
16173,0,-1,0,0,0,276,1,0
16174,0,-1,0,0,0,156,1,2
16175,0,-1,0,0,0,840,1,11
16176,0,-1,0,1,0,156,1,0
16177,0,-1,0,0,0,156,1,2
16178,0,-1,0,0,0,840,1,8
16179,0,-1,0,0,0,250,1,0
16180,0,-1,0,0,0,250,1,5
16181,0,-1,0,0,0,276,1,11
16182,0,-1,0,0,0,250,1,16
16183,0,-1,0,0,0,840,1,16
16184,0,-1,0,0,0,826,1,11
16185,0,-1,0,0,0,826,1,1
16186,0,-1,0,0,0,156,1,1
16187,0,-1,0,0,0,840,1,17
16188,0,-1,0,0,0,826,1,4
16189,0,-1,0,0,0,156,1,10
16190,0,-1,0,0,0,826,1,14
16191,0,-1,0,1,0,276,1,18
16192,0,-1,0,0,0,276,1,14
16193,0,-1,0,0,0,276,1,6
16194,0,-1,0,0,0,840,1,9
16195,0,-1,0,0,0,156,1,9
16196,0,-1,0,0,0,250,1,15
16197,0,-1,0,1,0,250,1,2
16198,0,-1,0,0,0,826,1,4
16199,0,-1,0,0,1,826,1,4
16200,0,-1,0,0,0,276,1,6
16201,0,-1,0,0,0,276,1,17
16202,0,-1,0,1,0,250,1,14
16203,0,-1,0,1,0,826,1,3
16204,0,-1,0,0,0,276,1,12
16205,0,-1,0,0,0,250,1,4
16206,0,-1,0,0,0,840,1,19
16207,0,-1,0,1,0,156,1,8
16208,0,-1,0,0,0,826,1,14
16209,0,-1,0,0,0,826,1,0
16210,0,-1,0,0,0,276,1,0
16211,0,-1,0,0,0,276,1,18
16212,0,-1,0,0,0,250,1,6
16213,0,-1,0,0,0,840,1,3
16214,0,-1,0,0,0,156,1,6
16215,0,-1,0,0,0,840,1,3
16216,0,-1,0,0,0,156,1,11
16217,0,-1,0,0,0,276,1,19
16218,0,-1,0,0,1,250,1,4
16219,0,-1,0,0,0,250,1,0
16220,0,-1,0,0,0,156,1,7
16221,0,-1,0,0,0,156,1,5
16222,0,-1,0,0,0,156,1,13
16223,0,-1,0,0,0,826,1,10
16224,0,-1,0,0,0,276,1,18
16225,0,-1,0,0,0,276,1,10
16226,0,-1,0,0,0,840,1,2
16227,0,-1,0,1,1,840,1,18
16228,0,-1,0,0,0,826,1,0
16229,0,-1,0,0,0,250,1,11
16230,0,-1,0,0,0,156,1,5
16231,0,-1,0,0,0,840,1,16
16232,0,-1,0,0,0,840,1,3
16233,0,-1,0,0,0,276,1,4
16234,0,-1,0,0,0,840,1,18
16235,0,-1,0,0,0,276,1,6
16236,0,-1,0,0,0,156,1,0
16237,0,-1,0,0,0,276,1,0
16238,0,-1,0,0,1,840,1,10
16239,0,-1,0,0,0,156,1,15
16240,0,-1,0,0,0,276,1,9
16241,0,-1,0,0,1,250,1,13
16242,0,-1,0,0,0,826,1,5
16243,0,-1,0,0,0,156,1,5
16244,0,-1,0,0,0,156,1,3
16245,0,-1,0,0,0,276,1,0
16246,0,-1,0,0,0,250,1,4
16247,0,-1,0,0,0,250,1,13
16248,0,-1,0,0,1,156,1,5
16249,0,-1,0,0,0,250,1,4
16250,0,-1,0,0,0,826,1,6
16251,0,-1,0,0,0,276,1,16
16252,0,-1,0,1,0,826,1,8
16253,0,-1,0,0,0,826,1,1
16254,0,-1,0,0,0,276,1,17
16255,0,-1,0,0,0,826,1,4
16256,0,-1,0,0,0,156,1,15
16257,0,-1,0,0,1,156,1,5
16258,0,-1,0,0,0,840,1,17
16259,0,-1,0,0,0,840,1,15
16260,0,-1,0,0,0,156,1,14
16261,0,-1,0,0,0,276,1,11
16262,0,-1,0,0,0,156,1,18
16263,0,-1,0,0,0,250,1,9
16264,0,-1,0,0,0,276,1,17
16265,0,-1,0,0,0,840,1,6
16266,0,-1,0,1,0,840,1,11
16267,0,-1,0,0,0,156,1,10
16268,0,-1,0,0,0,250,1,6
16269,0,-1,0,0,0,156,1,0
16270,0,-1,0,0,0,250,1,3
16271,0,-1,0,0,0,840,1,1
16272,0,-1,0,0,0,826,1,3
16273,0,-1,0,0,0,156,1,4
16274,0,-1,0,0,0,250,1,18
16275,0,-1,0,0,0,840,1,16
16276,0,-1,0,0,0,826,1,14
16277,0,-1,0,0,0,250,1,16
16278,0,-1,0,0,0,276,1,2
16279,0,-1,0,0,0,156,1,9
16280,0,-1,0,1,0,840,1,6
16281,0,-1,0,0,0,250,1,2
16282,0,-1,0,0,0,250,1,19
16283,0,-1,0,0,0,250,1,1
16284,0,-1,0,0,0,276,1,1
16285,0,-1,0,0,0,840,1,18
16286,0,-1,0,0,0,276,1,6
16287,0,-1,0,0,0,826,1,3
16288,0,-1,0,0,0,840,1,5
16289,0,-1,0,0,0,156,1,9
16290,0,-1,0,0,0,250,1,13
16291,0,-1,0,0,0,826,1,16
16292,0,-1,0,0,0,250,1,18
16293,0,-1,0,0,0,276,1,11
16294,0,-1,0,0,0,276,1,16
16295,0,-1,0,0,0,250,1,12
16296,0,-1,0,0,0,250,1,11
16297,0,-1,0,0,0,826,1,6
16298,0,-1,0,0,0,156,1,18
16299,0,-1,0,0,0,826,1,10
16300,0,-1,0,0,0,826,1,5
16301,0,-1,0,1,0,826,1,1
16302,0,-1,0,0,0,276,1,15
16303,0,-1,0,0,0,840,1,11
16304,0,-1,0,0,0,156,1,11
16305,0,-1,0,0,0,276,1,4
16306,0,-1,0,0,0,826,1,15
16307,0,-1,0,0,0,276,1,0
16308,0,-1,0,0,0,156,1,17
16309,0,-1,0,0,0,156,1,8
16310,0,-1,0,0,0,840,1,11
16311,0,-1,0,1,0,826,1,10
16312,0,-1,0,0,0,156,1,19
16313,0,-1,0,0,0,826,1,16
16314,0,-1,0,0,0,840,1,11
16315,0,-1,0,0,0,156,1,12
16316,0,-1,0,0,0,156,1,9
16317,0,-1,0,0,0,250,1,18
16318,0,-1,0,0,0,156,1,13
16319,0,-1,0,1,0,826,1,5
16320,0,-1,0,0,0,276,1,0
16321,0,-1,0,0,0,156,1,7
16322,0,-1,0,0,0,156,1,12
16323,0,-1,0,0,0,826,1,13
16324,0,-1,0,0,0,840,1,4
16325,0,-1,0,0,0,250,1,12
16326,0,-1,0,0,0,826,1,0
16327,0,-1,0,0,0,826,1,13
16328,0,-1,0,0,0,840,1,15
16329,0,-1,0,0,0,276,1,18
16330,0,-1,0,0,0,250,1,1
16331,0,-1,0,0,0,250,1,3
16332,0,-1,0,0,0,156,1,4
16333,0,-1,0,0,0,276,1,4
16334,0,-1,0,0,0,840,1,8
16335,0,-1,0,0,0,840,1,13
16336,0,-1,0,1,0,250,1,4
16337,0,-1,0,0,0,826,1,16
16338,0,-1,0,0,0,156,1,16
16339,0,-1,0,0,0,826,1,0
16340,0,-1,0,1,0,156,1,17
16341,0,-1,0,0,0,276,1,9
16342,0,-1,0,0,0,840,1,17
16343,0,-1,0,0,0,156,1,15
16344,0,-1,0,1,0,156,1,15
16345,0,-1,0,0,0,156,1,4
16346,0,-1,0,0,0,276,1,5
16347,0,-1,0,0,0,250,1,18
16348,0,-1,0,0,0,826,1,3
16349,0,-1,0,0,0,276,1,13
16350,0,-1,0,1,0,250,1,8
16351,0,-1,0,0,0,276,1,5
16352,0,-1,0,1,0,276,1,0
16353,0,-1,0,0,0,250,1,18
16354,0,-1,0,0,0,840,1,7
16355,0,-1,0,0,0,276,1,6
16356,0,-1,0,0,0,840,1,7
16357,0,-1,0,0,0,156,1,16
16358,0,-1,0,0,0,276,1,2
16359,0,-1,0,1,0,840,1,3
16360,0,-1,0,0,0,826,1,2
16361,0,-1,0,0,0,250,1,12
16362,0,-1,0,0,0,156,1,0
16363,0,-1,0,0,0,250,1,11
16364,0,-1,0,0,0,826,1,5
16365,0,-1,0,0,0,250,1,14
16366,0,-1,0,0,0,276,1,3
16367,0,-1,0,0,0,156,1,11
16368,0,-1,0,0,0,250,1,1
16369,0,-1,0,0,0,250,1,14
16370,0,-1,0,0,0,826,1,14
16371,0,-1,0,0,0,276,1,15
16372,0,-1,0,0,0,276,1,17
16373,0,-1,0,0,0,276,1,18
16374,0,-1,0,0,0,276,1,6
16375,0,-1,0,0,0,826,1,19
16376,0,-1,0,0,0,826,1,12
16377,0,-1,0,0,0,156,1,7
16378,0,-1,0,0,0,276,1,12
16379,0,-1,0,0,0,156,1,0
16380,0,-1,0,0,0,840,1,4
16381,0,-1,0,0,1,826,1,19
16382,0,-1,0,0,0,250,1,17
16383,0,-1,0,0,0,826,1,1
16384,0,-1,0,1,0,826,1,0
16385,0,-1,0,0,0,840,1,14
16386,0,-1,0,0,0,156,1,2
16387,0,-1,0,0,0,156,1,12
16388,0,-1,0,0,0,826,1,4
16389,0,-1,0,0,0,250,1,0
16390,0,-1,0,0,0,156,1,13
16391,0,-1,0,0,0,840,1,1
16392,0,-1,0,0,0,276,1,15
16393,0,-1,0,0,0,826,1,13
16394,0,-1,0,0,0,826,1,9
16395,0,-1,0,0,0,276,1,13
16396,0,-1,0,0,0,250,1,6
16397,0,-1,0,0,1,276,1,12
16398,0,-1,0,0,0,826,1,10
16399,0,-1,0,0,0,276,1,1
16400,0,-1,0,0,0,826,1,15
16401,0,-1,0,1,0,156,1,18
16402,0,-1,0,0,0,156,1,15
16403,0,-1,0,0,0,276,1,6
16404,0,-1,0,1,0,156,1,1
16405,0,-1,0,0,0,840,1,10
16406,0,-1,0,0,0,156,1,12
16407,0,-1,0,0,0,156,1,6
16408,0,-1,0,0,0,276,1,6
16409,0,-1,0,0,0,156,1,17
16410,0,-1,0,0,0,826,1,18
16411,0,-1,0,0,0,826,1,3
16412,0,-1,0,0,0,840,1,12
16413,0,-1,0,1,0,156,1,18
16414,0,-1,0,0,0,276,1,7
16415,0,-1,0,0,0,250,1,13
16416,0,-1,0,0,0,250,1,16
16417,0,-1,0,1,0,250,1,16
16418,0,-1,0,0,0,826,1,7
16419,0,-1,0,0,0,840,1,19
16420,0,-1,0,0,0,250,1,18
16421,0,-1,0,1,1,250,1,12
16422,0,-1,0,1,0,840,1,18
16423,0,-1,0,0,0,840,1,15
16424,0,-1,0,0,0,250,1,10
16425,0,-1,0,0,0,250,1,8
16426,0,-1,0,0,0,156,1,5
16427,0,-1,0,1,0,250,1,9
16428,0,-1,0,0,0,250,1,14
16429,0,-1,0,0,0,276,1,11
16430,0,-1,0,0,0,840,1,18
16431,0,-1,0,0,1,826,1,1
16432,0,-1,0,0,0,826,1,7
16433,0,-1,0,0,0,276,1,18
16434,0,-1,0,0,0,250,1,4
16435,0,-1,0,0,0,156,1,19
16436,0,-1,0,0,0,156,1,19
16437,0,-1,0,0,0,250,1,18
16438,0,-1,0,0,0,840,1,10
16439,0,-1,0,0,0,156,1,18
16440,0,-1,0,0,0,840,1,9
16441,0,-1,0,0,1,826,1,14
16442,0,-1,0,0,0,250,1,11
16443,0,-1,0,0,1,840,1,18
16444,0,-1,0,0,0,156,1,3
16445,0,-1,0,0,0,156,1,6
16446,0,-1,0,0,0,156,1,1
16447,0,-1,0,1,1,826,1,13
16448,0,-1,0,0,0,840,1,10
16449,0,-1,0,0,0,276,1,18
16450,0,-1,0,0,0,250,1,17
16451,0,-1,0,0,0,840,1,9
16452,0,-1,0,0,0,840,1,4
16453,0,-1,0,0,0,250,1,7
16454,0,-1,0,0,0,840,1,12
16455,0,-1,0,0,0,250,1,16
16456,0,-1,0,0,0,276,1,7
16457,0,-1,0,0,0,826,1,10
16458,0,-1,0,0,0,250,1,1
16459,0,-1,0,0,0,826,1,1
16460,0,-1,0,0,0,826,1,12
16461,0,-1,0,0,0,156,1,17
16462,0,-1,0,0,0,840,1,3
16463,0,-1,0,0,0,840,1,0
16464,0,-1,0,0,0,840,1,13
16465,0,-1,0,0,0,826,1,6
16466,0,-1,0,0,0,276,1,6
16467,0,-1,0,0,0,826,1,10
16468,0,-1,0,0,0,276,1,4
16469,0,-1,0,0,0,156,1,17
16470,0,-1,0,0,0,826,1,14
16471,0,-1,0,1,0,156,1,5
16472,0,-1,0,0,0,156,1,0
16473,0,-1,0,0,0,276,1,11
16474,0,-1,0,0,0,840,1,8
16475,0,-1,0,1,0,276,1,8
16476,0,-1,0,0,0,250,1,0
16477,0,-1,0,0,0,156,1,6
16478,0,-1,0,0,0,250,1,1
16479,0,-1,0,1,0,156,1,17
16480,0,-1,0,0,0,276,1,7
16481,0,-1,0,0,0,250,1,4
16482,0,-1,0,0,0,840,1,15
16483,0,-1,0,0,0,250,1,9
16484,0,-1,0,0,0,840,1,18
16485,0,-1,0,0,0,250,1,11
16486,0,-1,0,0,0,840,1,9
16487,0,-1,0,0,0,840,1,8
16488,0,-1,0,0,0,826,1,9
16489,0,-1,0,0,0,276,1,5
16490,0,-1,0,0,0,250,1,8
16491,0,-1,0,0,0,840,1,18
16492,0,-1,0,0,0,250,1,9
16493,0,-1,0,0,0,156,1,9
16494,0,-1,0,0,0,276,1,5
16495,0,-1,0,0,0,840,1,13
16496,0,-1,0,0,0,250,1,15
16497,0,-1,0,0,0,156,1,7
16498,0,-1,0,0,0,840,1,10
16499,0,-1,0,0,0,826,1,19
16500,0,-1,0,0,0,156,1,11
16501,0,-1,0,0,0,840,1,17
16502,0,-1,0,0,0,276,1,1
16503,0,-1,0,0,0,826,1,19
16504,0,-1,0,0,1,840,1,0
16505,0,-1,0,1,0,276,1,16
16506,0,-1,0,0,0,250,1,11
16507,0,-1,0,1,0,156,1,15
16508,0,-1,0,1,0,156,1,7
16509,0,-1,0,0,0,840,1,9
16510,0,-1,0,0,0,276,1,14
16511,0,-1,0,0,0,250,1,6
16512,0,-1,0,0,0,156,1,5
16513,0,-1,0,0,0,250,1,17
16514,0,-1,0,0,0,826,1,0
16515,0,-1,0,0,0,826,1,15
16516,0,-1,0,0,0,276,1,7
16517,0,-1,0,0,0,840,1,3
16518,0,-1,0,0,0,156,1,0
16519,0,-1,0,0,0,156,1,13
16520,0,-1,0,0,0,826,1,9
16521,0,-1,0,0,0,840,1,11
16522,0,-1,0,0,0,276,1,10
16523,0,-1,0,0,0,276,1,6
16524,0,-1,0,1,0,156,1,7
16525,0,-1,0,0,0,250,1,15
16526,0,-1,0,0,0,250,1,6
16527,0,-1,0,0,0,156,1,14
16528,0,-1,0,0,0,840,1,15
16529,0,-1,0,0,0,826,1,13
16530,0,-1,0,0,0,156,1,17
16531,0,-1,0,0,0,826,1,2
16532,0,-1,0,0,0,840,1,4
16533,0,-1,0,0,0,840,1,11
16534,0,-1,0,0,0,840,1,12
16535,0,-1,0,0,0,156,1,9
16536,0,-1,0,0,0,250,1,19
16537,0,-1,0,0,0,826,1,15
16538,0,-1,0,0,0,826,1,18
16539,0,-1,0,0,0,156,1,4
16540,0,-1,0,0,0,840,1,6
16541,0,-1,0,0,0,250,1,9
16542,0,-1,0,0,0,156,1,19
16543,0,-1,0,0,0,840,1,17
16544,0,-1,0,0,0,826,1,3
16545,0,-1,0,0,0,840,1,15
16546,0,-1,0,0,0,840,1,8
16547,0,-1,0,0,0,276,1,19
16548,0,-1,0,0,1,156,1,3
16549,0,-1,0,0,0,840,1,12
16550,0,-1,0,0,0,156,1,12
16551,0,-1,0,0,0,840,1,10
16552,0,-1,0,0,0,840,1,6
16553,0,-1,0,0,0,840,1,18
16554,0,-1,0,0,0,276,1,0
16555,0,-1,0,0,0,250,1,2
16556,0,-1,0,0,0,826,1,1
16557,0,-1,0,0,0,840,1,10
16558,0,-1,0,0,0,250,1,13
16559,0,-1,0,0,0,156,1,11
16560,0,-1,0,0,0,276,1,3
16561,0,-1,0,0,0,840,1,17
16562,0,-1,0,0,0,826,1,7
16563,0,-1,0,0,0,250,1,8
16564,0,-1,0,0,0,156,1,8
16565,0,-1,0,1,1,826,1,18
16566,0,-1,0,0,0,840,1,0
16567,0,-1,0,1,0,840,1,5
16568,0,-1,0,0,0,156,1,18
16569,0,-1,0,0,0,840,1,0
16570,0,-1,0,0,0,156,1,1
16571,0,-1,0,0,0,250,1,14
16572,0,-1,0,1,0,250,1,6
16573,0,-1,0,0,1,840,1,9
16574,0,-1,0,0,0,826,1,7
16575,0,-1,0,0,0,156,1,11
16576,0,-1,0,0,0,276,1,5
16577,0,-1,0,0,0,156,1,11
16578,0,-1,0,0,0,840,1,2
16579,0,-1,0,0,0,276,1,17
16580,0,-1,0,0,0,840,1,0
16581,0,-1,0,0,0,840,1,1
16582,0,-1,0,0,0,250,1,2
16583,0,-1,0,0,0,156,1,11
16584,0,-1,0,0,0,156,1,3
16585,0,-1,0,0,0,156,1,6
16586,0,-1,0,0,0,276,1,9
16587,0,-1,0,0,0,156,1,8
16588,0,-1,0,0,0,826,1,14
16589,0,-1,0,0,0,156,1,8
16590,0,-1,0,0,0,840,1,16
16591,0,-1,0,0,0,156,1,14
16592,0,-1,0,0,0,156,1,1
16593,0,-1,0,0,0,826,1,13
16594,0,-1,0,0,0,276,1,13
16595,0,-1,0,0,1,156,1,14
16596,0,-1,0,0,0,156,1,3
16597,0,-1,0,0,0,250,1,19
16598,0,-1,0,0,0,156,1,0
16599,0,-1,0,0,0,840,1,18
16600,0,-1,0,0,0,250,1,2
16601,0,-1,0,0,0,276,1,9
16602,0,-1,0,0,0,276,1,9
16603,0,-1,0,1,0,840,1,11
16604,0,-1,0,1,0,276,1,13
16605,0,-1,0,0,0,156,1,9
16606,0,-1,0,0,1,840,1,3
16607,0,-1,0,0,0,156,1,2
16608,0,-1,0,0,0,826,1,1
16609,0,-1,0,0,0,156,1,19
16610,0,-1,0,0,1,826,1,8
16611,0,-1,0,0,0,826,1,6
16612,0,-1,0,0,0,840,1,1
16613,0,-1,0,0,0,156,1,5
16614,0,-1,0,0,0,276,1,19
16615,0,-1,0,0,0,250,1,17
16616,0,-1,0,0,0,276,1,6
16617,0,-1,0,0,0,156,1,4
16618,0,-1,0,0,0,156,1,16
16619,0,-1,0,0,0,250,1,3
16620,0,-1,0,0,0,840,1,19
16621,0,-1,0,0,0,156,1,11
16622,0,-1,0,0,0,276,1,18
16623,0,-1,0,0,0,840,1,5
16624,0,-1,0,0,0,276,1,14
16625,0,-1,0,1,0,276,1,11
16626,0,-1,0,0,0,276,1,3
16627,0,-1,0,0,0,840,1,15
16628,0,-1,0,0,0,826,1,7
16629,0,-1,0,0,0,840,1,14
16630,0,-1,0,0,0,276,1,7
16631,0,-1,0,1,0,276,1,3
16632,0,-1,0,0,0,276,1,13
16633,0,-1,0,0,0,840,1,3
16634,0,-1,0,0,0,826,1,6
16635,0,-1,0,0,0,276,1,13
16636,0,-1,0,0,0,156,1,6
16637,0,-1,0,0,1,156,1,9
16638,0,-1,0,0,0,826,1,9
16639,0,-1,0,0,1,156,1,15
16640,0,-1,0,0,0,250,1,4
16641,0,-1,0,0,0,250,1,7
16642,0,-1,0,0,0,276,1,1
16643,0,-1,0,0,0,840,1,17
16644,0,-1,0,0,0,156,1,12
16645,0,-1,0,0,0,156,1,9
16646,0,-1,0,0,0,156,1,11
16647,0,-1,0,0,0,156,1,17
16648,0,-1,0,0,0,276,1,19
16649,0,-1,0,0,0,826,1,8
16650,0,-1,0,0,0,276,1,1
16651,0,-1,0,0,0,250,1,3
16652,0,-1,0,0,0,826,1,14
16653,0,-1,0,1,0,276,1,2
16654,0,-1,0,0,0,156,1,14
16655,0,-1,0,0,0,276,1,4
16656,0,-1,0,0,0,276,1,5
16657,0,-1,0,0,0,250,1,4
16658,0,-1,0,0,0,276,1,2
16659,0,-1,0,0,0,840,1,1
16660,0,-1,0,0,0,250,1,14
16661,0,-1,0,0,0,826,1,1
16662,0,-1,0,0,0,840,1,18
16663,0,-1,0,0,0,840,1,19
16664,0,-1,0,0,0,840,1,12
16665,0,-1,0,0,0,826,1,10
16666,0,-1,0,0,0,156,1,8
16667,0,-1,0,0,0,840,1,19
16668,0,-1,0,0,0,156,1,1
16669,0,-1,0,0,0,840,1,10
16670,0,-1,0,0,0,156,1,12
16671,0,-1,0,0,0,840,1,19
16672,0,-1,0,0,0,156,1,11
16673,0,-1,0,0,0,250,1,6
16674,0,-1,0,0,0,156,1,7
16675,0,-1,0,0,0,840,1,19
16676,0,-1,0,0,0,826,1,1
16677,0,-1,0,0,0,826,1,6
16678,0,-1,0,1,0,156,1,3
16679,0,-1,0,0,0,840,1,12
16680,0,-1,0,0,0,826,1,17
16681,0,-1,0,0,0,250,1,8
16682,0,-1,0,0,0,826,1,15
16683,0,-1,0,0,0,276,1,19
16684,0,-1,0,0,0,840,1,4
16685,0,-1,0,0,0,826,1,15
16686,0,-1,0,0,0,156,1,9
16687,0,-1,0,0,0,276,1,11
16688,0,-1,0,1,0,156,1,3
16689,0,-1,0,0,0,250,1,14
16690,0,-1,0,1,1,840,1,19
16691,0,-1,0,0,0,156,1,13
16692,0,-1,0,0,0,276,1,9
16693,0,-1,0,0,0,840,1,2
16694,0,-1,0,0,0,840,1,13
16695,0,-1,0,0,0,826,1,0
16696,0,-1,0,0,0,156,1,16
16697,0,-1,0,0,0,826,1,10
16698,0,-1,0,0,0,826,1,15
16699,0,-1,0,0,0,250,1,5
16700,0,-1,0,1,0,840,1,13
16701,0,-1,0,0,0,250,1,18
16702,0,-1,0,0,0,840,1,16
16703,0,-1,0,0,0,156,1,17
16704,0,-1,0,0,0,840,1,16
16705,0,-1,0,0,0,156,1,10
16706,0,-1,0,0,0,840,1,6
16707,0,-1,0,0,0,276,1,17
16708,0,-1,0,0,0,840,1,5
16709,0,-1,0,0,0,826,1,2
16710,0,-1,0,0,0,826,1,3
16711,0,-1,0,1,0,276,1,10
16712,0,-1,0,0,0,276,1,4
16713,0,-1,0,0,0,840,1,9
16714,0,-1,0,1,1,276,1,12
16715,0,-1,0,0,0,840,1,9
16716,0,-1,0,0,0,840,1,9
16717,0,-1,0,0,0,250,1,6
16718,0,-1,0,1,0,840,1,1
16719,0,-1,0,0,1,840,1,11
16720,0,-1,0,0,0,250,1,5
16721,0,-1,0,0,0,250,1,13
16722,0,-1,0,0,1,840,1,9
16723,0,-1,0,0,0,276,1,13
16724,0,-1,0,0,1,250,1,9
16725,0,-1,0,0,0,840,1,15
16726,0,-1,0,0,0,840,1,2
16727,0,-1,0,0,0,826,1,16
16728,0,-1,0,0,0,276,1,12
16729,0,-1,0,0,0,250,1,8
16730,0,-1,0,0,0,276,1,17
16731,0,-1,0,0,1,840,1,2
16732,0,-1,0,0,0,840,1,12
16733,0,-1,0,0,0,250,1,10
16734,0,-1,0,0,0,840,1,2
16735,0,-1,0,0,0,826,1,12
16736,0,-1,0,0,0,250,1,11
16737,0,-1,0,0,0,840,1,17
16738,0,-1,0,0,0,826,1,19
16739,0,-1,0,0,0,840,1,13
16740,0,-1,0,0,0,276,1,16
16741,0,-1,0,0,0,156,1,8
16742,0,-1,0,0,0,276,1,18
16743,0,-1,0,0,0,276,1,10
16744,0,-1,0,0,1,156,1,8
16745,0,-1,0,0,0,276,1,0
16746,0,-1,0,0,0,276,1,7
16747,0,-1,0,1,0,826,1,5
16748,0,-1,0,1,0,840,1,9
16749,0,-1,0,0,0,826,1,15
16750,0,-1,0,0,0,156,1,5
16751,0,-1,0,0,0,156,1,6
16752,0,-1,0,0,0,826,1,1
16753,0,-1,0,0,0,840,1,6
16754,0,-1,0,0,0,840,1,12
16755,0,-1,0,0,0,250,1,11
16756,0,-1,0,0,1,826,1,2
16757,0,-1,0,0,0,250,1,7
16758,0,-1,0,1,0,840,1,0
16759,0,-1,0,0,0,250,1,15
16760,0,-1,0,0,0,840,1,3
16761,0,-1,0,0,0,826,1,14
16762,0,-1,0,0,0,276,1,7
16763,0,-1,0,0,0,826,1,8
16764,0,-1,0,0,0,826,1,17
16765,0,-1,0,0,0,250,1,18
16766,0,-1,0,0,0,826,1,11
16767,0,-1,0,0,0,156,1,7
16768,0,-1,0,0,1,156,1,13
16769,0,-1,0,0,0,826,1,2
16770,0,-1,0,0,0,826,1,6
16771,0,-1,0,0,0,250,1,13
16772,0,-1,0,0,0,276,1,8
16773,0,-1,0,0,0,840,1,8
16774,0,-1,0,0,0,250,1,15
16775,0,-1,0,0,0,250,1,17
16776,0,-1,0,0,0,156,1,17
16777,0,-1,0,0,0,840,1,9
16778,0,-1,0,0,0,276,1,3
16779,0,-1,0,0,0,826,1,7
16780,0,-1,0,0,0,840,1,4
16781,0,-1,0,0,0,276,1,14
16782,0,-1,0,0,0,276,1,10
16783,0,-1,0,1,0,156,1,0
16784,0,-1,0,0,0,840,1,15
16785,0,-1,0,0,0,250,1,4
16786,0,-1,0,0,0,840,1,10
16787,0,-1,0,0,0,156,1,0
16788,0,-1,0,0,0,250,1,5
16789,0,-1,0,0,0,826,1,18
16790,0,-1,0,0,0,840,1,1
16791,0,-1,0,0,0,250,1,19
16792,0,-1,0,0,0,156,1,5
16793,0,-1,0,0,0,840,1,8
16794,0,-1,0,0,0,276,1,12
16795,0,-1,0,0,0,840,1,14
16796,0,-1,0,1,0,250,1,14
16797,0,-1,0,0,0,826,1,3
16798,0,-1,0,0,0,250,1,2
16799,0,-1,0,0,0,156,1,16
16800,0,-1,0,0,0,276,1,5
16801,0,-1,0,0,0,156,1,1
16802,0,-1,0,0,0,840,1,13
16803,0,-1,0,0,0,840,1,14
16804,0,-1,0,0,0,826,1,12
16805,0,-1,0,0,0,826,1,19
16806,0,-1,0,0,0,250,1,15
16807,0,-1,0,0,1,276,1,9
16808,0,-1,0,1,0,250,1,1
16809,0,-1,0,0,0,840,1,18
16810,0,-1,0,0,0,840,1,16
16811,0,-1,0,0,0,276,1,11
16812,0,-1,0,0,0,250,1,9
16813,0,-1,0,0,0,840,1,8
16814,0,-1,0,0,0,250,1,10
16815,0,-1,0,0,0,840,1,8
16816,0,-1,0,0,0,156,1,13
16817,0,-1,0,0,0,840,1,15
16818,0,-1,0,0,0,156,1,6
16819,0,-1,0,0,0,840,1,15
16820,0,-1,0,0,0,276,1,3
16821,0,-1,0,0,0,156,1,16
16822,0,-1,0,0,0,156,1,14
16823,0,-1,0,0,0,826,1,4
16824,0,-1,0,0,0,276,1,11
16825,0,-1,0,0,0,276,1,12
16826,0,-1,0,1,0,156,1,7
16827,0,-1,0,0,0,826,1,7
16828,0,-1,0,0,0,276,1,12
16829,0,-1,0,0,0,276,1,12
16830,0,-1,0,1,1,276,1,8
16831,0,-1,0,0,0,840,1,7
16832,0,-1,0,0,0,276,1,16
16833,0,-1,0,0,0,840,1,15
16834,0,-1,0,1,0,840,1,9
16835,0,-1,0,0,0,156,1,9
16836,0,-1,0,0,0,840,1,3
16837,0,-1,0,0,0,276,1,2
16838,0,-1,0,0,0,156,1,12
16839,0,-1,0,0,0,250,1,12
16840,0,-1,0,0,0,840,1,8
16841,0,-1,0,1,0,276,1,18
16842,0,-1,0,0,0,826,1,7
16843,0,-1,0,0,0,276,1,15
16844,0,-1,0,0,0,276,1,7
16845,0,-1,0,0,0,156,1,2
16846,0,-1,0,0,0,156,1,1
16847,0,-1,0,0,0,826,1,13
16848,0,-1,0,0,0,276,1,16
16849,0,-1,0,0,0,276,1,6
16850,0,-1,0,1,0,250,1,13
16851,0,-1,0,1,0,826,1,3
16852,0,-1,0,0,0,840,1,15
16853,0,-1,0,0,0,826,1,10
16854,0,-1,0,0,0,276,1,10
16855,0,-1,0,0,0,156,1,7
16856,0,-1,0,0,0,826,1,12
16857,0,-1,0,0,0,826,1,2
16858,0,-1,0,1,0,840,1,10
16859,0,-1,0,0,0,250,1,5
16860,0,-1,0,0,1,840,1,10
16861,0,-1,0,0,0,276,1,3
16862,0,-1,0,0,0,826,1,8
16863,0,-1,0,1,1,276,1,15
16864,0,-1,0,0,0,250,1,7
16865,0,-1,0,1,0,276,1,9
16866,0,-1,0,0,0,840,1,17
16867,0,-1,0,0,0,840,1,14
16868,0,-1,0,1,1,250,1,15
16869,0,-1,0,0,0,276,1,16
16870,0,-1,0,0,0,250,1,18
16871,0,-1,0,0,0,250,1,1
16872,0,-1,0,0,0,826,1,1
16873,0,-1,0,0,0,826,1,18
16874,0,-1,0,1,0,276,1,4
16875,0,-1,0,0,0,840,1,3
16876,0,-1,0,0,0,276,1,0
16877,0,-1,0,0,0,840,1,11
16878,0,-1,0,0,0,156,1,9
16879,0,-1,0,1,0,276,1,11
16880,0,-1,0,0,0,826,1,14
16881,0,-1,0,0,0,276,1,15
16882,0,-1,0,0,1,156,1,3
16883,0,-1,0,1,0,840,1,1
16884,0,-1,0,0,0,826,1,16
16885,0,-1,0,0,0,276,1,14
16886,0,-1,0,0,0,156,1,13
16887,0,-1,0,0,0,250,1,19
16888,0,-1,0,0,0,826,1,10
16889,0,-1,0,0,0,840,1,15
16890,0,-1,0,0,0,156,1,10
16891,0,-1,0,0,0,250,1,6
16892,0,-1,0,0,0,156,1,16
16893,0,-1,0,0,0,276,1,16
16894,0,-1,0,0,0,826,1,18
16895,0,-1,0,1,0,840,1,11
16896,0,-1,0,0,0,276,1,18
16897,0,-1,0,1,0,840,1,13
16898,0,-1,0,0,0,276,1,10
16899,0,-1,0,0,0,250,1,14
16900,0,-1,0,0,1,840,1,18
16901,0,-1,0,0,0,250,1,6
16902,0,-1,0,0,0,826,1,18
16903,0,-1,0,1,0,840,1,1
16904,0,-1,0,0,0,826,1,14
16905,0,-1,0,0,0,276,1,3
16906,0,-1,0,0,0,840,1,17
16907,0,-1,0,0,0,276,1,1
16908,0,-1,0,0,0,840,1,1
16909,0,-1,0,0,1,840,1,12
16910,0,-1,0,1,0,840,1,1
16911,0,-1,0,0,0,840,1,3
16912,0,-1,0,0,0,156,1,17
16913,0,-1,0,1,0,250,1,16
16914,0,-1,0,0,0,250,1,0
16915,0,-1,0,0,0,276,1,6
16916,0,-1,0,0,0,156,1,14
16917,0,-1,0,0,0,276,1,15
16918,0,-1,0,0,0,826,1,8
16919,0,-1,0,0,0,250,1,8
16920,0,-1,0,0,0,840,1,7
16921,0,-1,0,0,0,250,1,9
16922,0,-1,0,0,0,276,1,18
16923,0,-1,0,0,0,840,1,12
16924,0,-1,0,1,0,156,1,0
16925,0,-1,0,0,0,826,1,8
16926,0,-1,0,1,0,156,1,12
16927,0,-1,0,0,1,826,1,0
16928,0,-1,0,0,0,276,1,13
16929,0,-1,0,0,0,276,1,18
16930,0,-1,0,0,0,826,1,13
16931,0,-1,0,0,0,156,1,3
16932,0,-1,0,0,0,156,1,7
16933,0,-1,0,0,0,250,1,1
16934,0,-1,0,0,0,250,1,3
16935,0,-1,0,0,0,826,1,4
16936,0,-1,0,0,0,156,1,1
16937,0,-1,0,0,0,826,1,10
16938,0,-1,0,0,0,250,1,19
16939,0,-1,0,0,0,826,1,14
16940,0,-1,0,1,0,156,1,5
16941,0,-1,0,0,0,826,1,6
16942,0,-1,0,0,0,250,1,16
16943,0,-1,0,0,0,826,1,7
16944,0,-1,0,0,1,250,1,16
16945,0,-1,0,0,0,840,1,16
16946,0,-1,0,0,0,250,1,7
16947,0,-1,0,0,0,826,1,7
16948,0,-1,0,0,0,826,1,3
16949,0,-1,0,0,0,826,1,12
16950,0,-1,0,0,0,826,1,1
16951,0,-1,0,0,0,840,1,11
16952,0,-1,0,0,0,276,1,5
16953,0,-1,0,0,0,840,1,9
16954,0,-1,0,0,1,276,1,13
16955,0,-1,0,0,0,250,1,16
16956,0,-1,0,0,0,826,1,12
16957,0,-1,0,0,0,156,1,2
16958,0,-1,0,0,0,826,1,19
16959,0,-1,0,0,0,250,1,6
16960,0,-1,0,0,0,156,1,14
16961,0,-1,0,0,1,826,1,1
16962,0,-1,0,0,0,276,1,16
16963,0,-1,0,0,0,156,1,14
16964,0,-1,0,1,0,156,1,12
16965,0,-1,0,0,0,840,1,16
16966,0,-1,0,0,0,840,1,1
16967,0,-1,0,1,0,250,1,13
16968,0,-1,0,0,0,826,1,19
16969,0,-1,0,0,0,156,1,16
16970,0,-1,0,1,0,276,1,14
16971,0,-1,0,0,0,826,1,4
16972,0,-1,0,0,0,826,1,10
16973,0,-1,0,0,0,156,1,10
16974,0,-1,0,0,0,156,1,11
16975,0,-1,0,0,0,250,1,19
16976,0,-1,0,0,0,826,1,8
16977,0,-1,0,0,1,276,1,16
16978,0,-1,0,1,0,826,1,9
16979,0,-1,0,0,0,840,1,12
16980,0,-1,0,0,1,840,1,2
16981,0,-1,0,0,0,276,1,14
16982,0,-1,0,0,0,250,1,10
16983,0,-1,0,0,0,250,1,18
16984,0,-1,0,1,0,826,1,12
16985,0,-1,0,0,0,250,1,6
16986,0,-1,0,0,0,840,1,0
16987,0,-1,0,0,0,250,1,3
16988,0,-1,0,0,0,156,1,8
16989,0,-1,0,0,0,156,1,15
16990,0,-1,0,0,0,826,1,19
16991,0,-1,0,0,1,840,1,9
16992,0,-1,0,0,0,826,1,5
16993,0,-1,0,0,0,250,1,4
16994,0,-1,0,0,0,156,1,13
16995,0,-1,0,0,0,250,1,2
16996,0,-1,0,1,0,156,1,17
16997,0,-1,0,1,0,840,1,4
16998,0,-1,0,0,0,826,1,13
16999,0,-1,0,0,0,250,1,16
17000,0,-1,0,0,0,826,1,8
17001,0,-1,0,0,0,250,1,15
17002,0,-1,0,0,0,250,1,2
17003,0,-1,0,0,0,156,1,17
17004,0,-1,0,1,0,156,1,2
17005,0,-1,0,0,0,250,1,13
17006,0,-1,0,0,0,276,1,8
17007,0,-1,0,0,0,826,1,2
17008,0,-1,0,0,0,250,1,3
17009,0,-1,0,0,0,156,1,2
17010,0,-1,0,0,0,826,1,7
17011,0,-1,0,0,0,156,1,12
17012,0,-1,0,0,0,156,1,4
17013,0,-1,0,0,0,840,1,12
17014,0,-1,0,0,1,276,1,18
17015,0,-1,0,1,0,276,1,2
17016,0,-1,0,0,0,826,1,12
17017,0,-1,0,0,0,826,1,19
17018,0,-1,0,1,0,156,1,3
17019,0,-1,0,0,0,826,1,18
17020,0,-1,0,0,0,826,1,13
17021,0,-1,0,0,0,840,1,12
17022,0,-1,0,0,0,276,1,16
17023,0,-1,0,0,0,276,1,11
17024,0,-1,0,0,0,276,1,5
17025,0,-1,0,0,0,276,1,10
17026,0,-1,0,0,0,826,1,3
17027,0,-1,0,0,0,826,1,2
17028,0,-1,0,1,0,156,1,18
17029,0,-1,0,0,0,276,1,1
17030,0,-1,0,0,0,276,1,7
17031,0,-1,0,1,0,826,1,17
17032,0,-1,0,0,0,840,1,7
17033,0,-1,0,0,0,156,1,9
17034,0,-1,0,0,0,276,1,4
17035,0,-1,0,0,0,250,1,5
17036,0,-1,0,0,0,156,1,7
17037,0,-1,0,0,0,156,1,13
17038,0,-1,0,0,0,250,1,9
17039,0,-1,0,0,0,276,1,8
17040,0,-1,0,0,0,276,1,3
17041,0,-1,0,0,0,276,1,17
17042,0,-1,0,0,0,250,1,1
17043,0,-1,0,0,0,276,1,12
17044,0,-1,0,0,1,840,1,2
17045,0,-1,0,0,0,840,1,11
17046,0,-1,0,0,0,276,1,15
17047,0,-1,0,0,0,276,1,0
17048,0,-1,0,0,0,826,1,7
17049,0,-1,0,0,0,840,1,6
17050,0,-1,0,0,0,250,1,14
17051,0,-1,0,0,0,250,1,15
17052,0,-1,0,0,1,276,1,19
17053,0,-1,0,0,0,276,1,1
17054,0,-1,0,0,0,156,1,17
17055,0,-1,0,0,0,250,1,17
17056,0,-1,0,0,1,276,1,16
17057,0,-1,0,0,0,826,1,1
17058,0,-1,0,0,0,276,1,10
17059,0,-1,0,0,0,156,1,14
17060,0,-1,0,0,0,840,1,11
17061,0,-1,0,0,1,156,1,11
17062,0,-1,0,0,0,840,1,10
17063,0,-1,0,0,0,840,1,14
17064,0,-1,0,1,0,840,1,14
17065,0,-1,0,0,0,156,1,10
17066,0,-1,0,0,0,156,1,6
17067,0,-1,0,0,0,250,1,15
17068,0,-1,0,0,0,276,1,0
17069,0,-1,0,0,0,156,1,10
17070,0,-1,0,0,0,156,1,13
17071,0,-1,0,1,0,156,1,17
17072,0,-1,0,0,0,840,1,14
17073,0,-1,0,0,0,156,1,11
17074,0,-1,0,0,0,250,1,11
17075,0,-1,0,1,0,840,1,10
17076,0,-1,0,0,0,276,1,8
17077,0,-1,0,0,0,250,1,1
17078,0,-1,0,0,0,826,1,16
17079,0,-1,0,0,0,840,1,19
17080,0,-1,0,0,0,840,1,6
17081,0,-1,0,0,0,276,1,14
17082,0,-1,0,0,0,156,1,10
17083,0,-1,0,0,0,840,1,17
17084,0,-1,0,0,0,840,1,8
17085,0,-1,0,0,0,156,1,0
17086,0,-1,0,0,0,840,1,13
17087,0,-1,0,0,0,840,1,8
17088,0,-1,0,0,0,250,1,12
17089,0,-1,0,0,1,250,1,3
17090,0,-1,0,0,0,250,1,18
17091,0,-1,0,0,0,156,1,1
17092,0,-1,0,1,0,156,1,2
17093,0,-1,0,0,0,250,1,7
17094,0,-1,0,0,0,156,1,9
17095,0,-1,0,0,0,826,1,4
17096,0,-1,0,0,0,156,1,14
17097,0,-1,0,1,0,826,1,11
17098,0,-1,0,0,0,840,1,18
17099,0,-1,0,0,0,250,1,19
17100,0,-1,0,0,0,250,1,19
17101,0,-1,0,0,0,826,1,14
17102,0,-1,0,0,0,156,1,12
17103,0,-1,0,0,0,250,1,0
17104,0,-1,0,0,0,250,1,16
17105,0,-1,0,0,0,826,1,9
17106,0,-1,0,0,0,250,1,14
17107,0,-1,0,0,0,250,1,17
17108,0,-1,0,0,0,276,1,17
17109,0,-1,0,0,0,840,1,16
17110,0,-1,0,0,0,156,1,3
17111,0,-1,0,1,0,840,1,7
17112,0,-1,0,0,0,250,1,15
17113,0,-1,0,0,0,840,1,18
17114,0,-1,0,0,0,826,1,17
17115,0,-1,0,0,0,840,1,13
17116,0,-1,0,1,0,156,1,2
17117,0,-1,0,0,0,840,1,11
17118,0,-1,0,0,0,156,1,6
17119,0,-1,0,0,0,826,1,8
17120,0,-1,0,0,0,826,1,12
17121,0,-1,0,0,0,826,1,3
17122,0,-1,0,0,0,276,1,0
17123,0,-1,0,0,0,826,1,7
17124,0,-1,0,1,0,276,1,16
17125,0,-1,0,0,0,840,1,4
17126,0,-1,0,0,0,156,1,7
17127,0,-1,0,0,0,276,1,10
17128,0,-1,0,0,0,250,1,13
17129,0,-1,0,0,0,250,1,2
17130,0,-1,0,0,0,156,1,5
17131,0,-1,0,0,0,840,1,8
17132,0,-1,0,0,0,156,1,5
17133,0,-1,0,1,0,826,1,5
17134,0,-1,0,0,0,250,1,12
17135,0,-1,0,0,0,840,1,14
17136,0,-1,0,0,0,276,1,19
17137,0,-1,0,0,0,826,1,8
17138,0,-1,0,0,0,826,1,11
17139,0,-1,0,0,0,250,1,15
17140,0,-1,0,0,0,250,1,1
17141,0,-1,0,0,0,250,1,12
17142,0,-1,0,0,0,156,1,6
17143,0,-1,0,0,1,156,1,8
17144,0,-1,0,0,0,250,1,15
17145,0,-1,0,0,0,250,1,5
17146,0,-1,0,0,0,826,1,11
17147,0,-1,0,0,0,276,1,14
17148,0,-1,0,0,0,840,1,11
17149,0,-1,0,0,0,250,1,15
17150,0,-1,0,0,0,840,1,12
17151,0,-1,0,0,0,276,1,18
17152,0,-1,0,0,0,826,1,14
17153,0,-1,0,0,0,250,1,15
17154,0,-1,0,0,0,156,1,1
17155,0,-1,0,0,0,826,1,8
17156,0,-1,0,0,0,826,1,12
17157,0,-1,0,0,0,276,1,9
17158,0,-1,0,0,0,250,1,16
17159,0,-1,0,0,0,250,1,15
17160,0,-1,0,0,0,250,1,8
17161,0,-1,0,0,0,250,1,6
17162,0,-1,0,0,0,276,1,18
17163,0,-1,0,0,0,826,1,13
17164,0,-1,0,0,0,276,1,15
17165,0,-1,0,0,0,250,1,0
17166,0,-1,0,0,0,826,1,12
17167,0,-1,0,0,0,276,1,17
17168,0,-1,0,0,0,840,1,12
17169,0,-1,0,0,0,276,1,2
17170,0,-1,0,0,0,840,1,17
17171,0,-1,0,1,0,840,1,9
17172,0,-1,0,0,0,156,1,10
17173,0,-1,0,0,0,250,1,3
17174,0,-1,0,1,0,156,1,6
17175,0,-1,0,0,0,826,1,14
17176,0,-1,0,0,0,840,1,5
17177,0,-1,0,0,0,250,1,12
17178,0,-1,0,0,1,250,1,0
17179,0,-1,0,0,0,156,1,9
17180,0,-1,0,0,0,156,1,11
17181,0,-1,0,0,0,840,1,6
17182,0,-1,0,1,0,826,1,8
17183,0,-1,0,0,0,840,1,15
17184,0,-1,0,0,0,276,1,14
17185,0,-1,0,0,0,826,1,15
17186,0,-1,0,1,0,840,1,15
17187,0,-1,0,0,0,276,1,1
17188,0,-1,0,0,0,840,1,18
17189,0,-1,0,0,0,840,1,11
17190,0,-1,0,0,0,840,1,5
17191,0,-1,0,0,0,840,1,16
17192,0,-1,0,0,0,156,1,6
17193,0,-1,0,0,0,276,1,0
17194,0,-1,0,0,0,156,1,9
17195,0,-1,0,0,0,276,1,9
17196,0,-1,0,0,0,250,1,11
17197,0,-1,0,0,0,826,1,6
17198,0,-1,0,0,1,276,1,19
17199,0,-1,0,0,0,840,1,17
17200,0,-1,0,0,0,840,1,16
17201,0,-1,0,1,0,156,1,15
17202,0,-1,0,0,0,250,1,12
17203,0,-1,0,0,0,250,1,3
17204,0,-1,0,0,0,250,1,0
17205,0,-1,0,0,0,840,1,12
17206,0,-1,0,0,0,840,1,7
17207,0,-1,0,0,0,840,1,1
17208,0,-1,0,0,0,250,1,14
17209,0,-1,0,0,0,840,1,15
17210,0,-1,0,0,0,276,1,7
17211,0,-1,0,0,0,826,1,17
17212,0,-1,0,0,0,250,1,10
17213,0,-1,0,0,0,250,1,6
17214,0,-1,0,0,0,840,1,15
17215,0,-1,0,1,0,826,1,18
17216,0,-1,0,0,0,826,1,10
17217,0,-1,0,0,0,840,1,0
17218,0,-1,0,0,0,826,1,16
17219,0,-1,0,0,0,276,1,2
17220,0,-1,0,0,0,276,1,1
17221,0,-1,0,0,0,840,1,5
17222,0,-1,0,0,0,276,1,11
17223,0,-1,0,0,0,156,1,13
17224,0,-1,0,0,0,840,1,1
17225,0,-1,0,0,0,250,1,13
17226,0,-1,0,0,0,156,1,6
17227,0,-1,0,0,0,840,1,10
17228,0,-1,0,0,0,250,1,19
17229,0,-1,0,0,0,250,1,2
17230,0,-1,0,0,0,250,1,18
17231,0,-1,0,0,0,250,1,3
17232,0,-1,0,0,1,826,1,11
17233,0,-1,0,0,0,276,1,18
17234,0,-1,0,0,0,826,1,12
17235,0,-1,0,0,0,826,1,1
17236,0,-1,0,0,0,826,1,17
17237,0,-1,0,0,0,840,1,0
17238,0,-1,0,0,0,250,1,9
17239,0,-1,0,0,0,250,1,17
17240,0,-1,0,0,0,156,1,4
17241,0,-1,0,0,0,276,1,11
17242,0,-1,0,0,0,250,1,2
17243,0,-1,0,0,0,276,1,3
17244,0,-1,0,1,0,840,1,14
17245,0,-1,0,0,0,250,1,8
17246,0,-1,0,0,0,840,1,0
17247,0,-1,0,0,0,840,1,10
17248,0,-1,0,0,0,156,1,4
17249,0,-1,0,0,0,826,1,17
17250,0,-1,0,0,1,276,1,4
17251,0,-1,0,0,0,156,1,0
17252,0,-1,0,0,0,276,1,11
17253,0,-1,0,0,0,250,1,4
17254,0,-1,0,0,0,840,1,1
17255,0,-1,0,0,0,826,1,12
17256,0,-1,0,0,0,250,1,6
17257,0,-1,0,0,0,250,1,3
17258,0,-1,0,0,0,840,1,19
17259,0,-1,0,0,0,276,1,10
17260,0,-1,0,0,1,250,1,17
17261,0,-1,0,0,0,250,1,17
17262,0,-1,0,0,0,840,1,6
17263,0,-1,0,0,0,840,1,11
17264,0,-1,0,0,0,276,1,3
17265,0,-1,0,0,0,840,1,9
17266,0,-1,0,0,0,250,1,9
17267,0,-1,0,0,0,250,1,10
17268,0,-1,0,0,0,826,1,10
17269,0,-1,0,0,0,826,1,10
17270,0,-1,0,0,1,250,1,16
17271,0,-1,0,0,0,276,1,6
17272,0,-1,0,1,0,276,1,5
17273,0,-1,0,0,0,250,1,0
17274,0,-1,0,0,0,840,1,11
17275,0,-1,0,0,0,840,1,13
17276,0,-1,0,0,1,826,1,1
17277,0,-1,0,0,0,840,1,10
17278,0,-1,0,0,0,826,1,19
17279,0,-1,0,0,0,840,1,16
17280,0,-1,0,0,0,250,1,18
17281,0,-1,0,0,1,250,1,11
17282,0,-1,0,0,0,840,1,4
17283,0,-1,0,0,0,826,1,2
17284,0,-1,0,0,0,840,1,6
17285,0,-1,0,0,0,826,1,7
17286,0,-1,0,0,0,156,1,5
17287,0,-1,0,1,0,826,1,5
17288,0,-1,0,0,0,276,1,2
17289,0,-1,0,0,0,250,1,10
17290,0,-1,0,0,0,156,1,18
17291,0,-1,0,1,0,840,1,7
17292,0,-1,0,1,0,840,1,16
17293,0,-1,0,0,0,840,1,13
17294,0,-1,0,0,0,156,1,10
17295,0,-1,0,0,0,276,1,16
17296,0,-1,0,1,0,250,1,6
17297,0,-1,0,0,0,840,1,16
17298,0,-1,0,0,0,826,1,1
17299,0,-1,0,0,0,840,1,1
17300,0,-1,0,0,0,156,1,2
17301,0,-1,0,0,0,276,1,13
17302,0,-1,0,0,0,156,1,15
17303,0,-1,0,0,0,826,1,8
17304,0,-1,0,0,0,250,1,14
17305,0,-1,0,1,0,156,1,8
17306,0,-1,0,0,0,826,1,10
17307,0,-1,0,0,0,250,1,2
17308,0,-1,0,0,1,826,1,18
17309,0,-1,0,0,0,840,1,16
17310,0,-1,0,0,0,840,1,18
17311,0,-1,0,1,0,840,1,4
17312,0,-1,0,0,0,276,1,10
17313,0,-1,0,0,0,156,1,18
17314,0,-1,0,0,0,826,1,2
17315,0,-1,0,0,0,826,1,19
17316,0,-1,0,0,0,826,1,10
17317,0,-1,0,0,0,276,1,6
17318,0,-1,0,1,0,840,1,15
17319,0,-1,0,0,0,826,1,7
17320,0,-1,0,0,0,826,1,2
17321,0,-1,0,0,0,156,1,19
17322,0,-1,0,0,0,276,1,10
17323,0,-1,0,1,0,276,1,7
17324,0,-1,0,0,0,826,1,1
17325,0,-1,0,0,0,276,1,16
17326,0,-1,0,0,0,156,1,6
17327,0,-1,0,0,1,276,1,16
17328,0,-1,0,0,0,826,1,8
17329,0,-1,0,0,0,826,1,5
17330,0,-1,0,0,0,156,1,18
17331,0,-1,0,0,0,156,1,4
17332,0,-1,0,0,0,156,1,4
17333,0,-1,0,0,0,156,1,13
17334,0,-1,0,0,0,276,1,18
17335,0,-1,0,0,0,156,1,16
17336,0,-1,0,0,0,840,1,7
17337,0,-1,0,0,0,826,1,10
17338,0,-1,0,0,0,156,1,12
17339,0,-1,0,0,0,840,1,18
17340,0,-1,0,0,0,156,1,16
17341,0,-1,0,0,0,276,1,0
17342,0,-1,0,0,1,156,1,8
17343,0,-1,0,0,0,250,1,12
17344,0,-1,0,0,0,840,1,13
17345,0,-1,0,1,1,250,1,4
17346,0,-1,0,1,0,826,1,0
17347,0,-1,0,1,0,826,1,0
17348,0,-1,0,0,0,840,1,1
17349,0,-1,0,0,0,840,1,0
17350,0,-1,0,0,0,826,1,8
17351,0,-1,0,0,0,156,1,9
17352,0,-1,0,1,0,840,1,19
17353,0,-1,0,1,0,250,1,3
17354,0,-1,0,0,0,276,1,15
17355,0,-1,0,0,0,276,1,18
17356,0,-1,0,0,0,250,1,16
17357,0,-1,0,0,0,156,1,18
17358,0,-1,0,0,0,156,1,7
17359,0,-1,0,0,0,840,1,2
17360,0,-1,0,0,0,840,1,0
17361,0,-1,0,0,0,250,1,14
17362,0,-1,0,0,0,276,1,11
17363,0,-1,0,0,0,826,1,10
17364,0,-1,0,0,0,276,1,13
17365,0,-1,0,0,0,276,1,12
17366,0,-1,0,0,0,156,1,4
17367,0,-1,0,0,0,840,1,5
17368,0,-1,0,1,0,276,1,9
17369,0,-1,0,0,0,276,1,13
17370,0,-1,0,0,0,826,1,13
17371,0,-1,0,0,0,250,1,0
17372,0,-1,0,0,0,156,1,15
17373,0,-1,0,0,0,250,1,12
17374,0,-1,0,0,0,840,1,5
17375,0,-1,0,0,0,250,1,9
17376,0,-1,0,0,0,826,1,8
17377,0,-1,0,1,1,826,1,8
17378,0,-1,0,0,0,840,1,6
17379,0,-1,0,0,0,250,1,0
17380,0,-1,0,0,0,826,1,7
17381,0,-1,0,0,0,840,1,17
17382,0,-1,0,0,0,250,1,0
17383,0,-1,0,0,0,156,1,17
17384,0,-1,0,0,0,840,1,14
17385,0,-1,0,0,0,826,1,12
17386,0,-1,0,0,0,840,1,0
17387,0,-1,0,0,0,840,1,2
17388,0,-1,0,0,0,826,1,13
17389,0,-1,0,0,0,156,1,8
17390,0,-1,0,0,0,826,1,2
17391,0,-1,0,0,0,156,1,6
17392,0,-1,0,0,0,840,1,7
17393,0,-1,0,0,1,156,1,17
17394,0,-1,0,0,0,276,1,16
17395,0,-1,0,0,0,276,1,9
17396,0,-1,0,1,0,250,1,16
17397,0,-1,0,0,0,276,1,7
17398,0,-1,0,0,0,276,1,8
17399,0,-1,0,0,0,276,1,4
17400,0,-1,0,0,0,156,1,2
17401,0,-1,0,0,0,826,1,17
17402,0,-1,0,0,0,276,1,18
17403,0,-1,0,0,0,826,1,10
17404,0,-1,0,0,0,840,1,15
17405,0,-1,0,0,0,156,1,6
17406,0,-1,0,0,0,840,1,19
17407,0,-1,0,0,0,156,1,4
17408,0,-1,0,0,0,826,1,2
17409,0,-1,0,0,0,840,1,3
17410,0,-1,0,0,0,826,1,3
17411,0,-1,0,0,0,826,1,19
17412,0,-1,0,0,1,276,1,5
17413,0,-1,0,0,1,840,1,19
17414,0,-1,0,0,1,840,1,16
17415,0,-1,0,0,0,250,1,1
17416,0,-1,0,0,0,826,1,14
17417,0,-1,0,0,0,250,1,3
17418,0,-1,0,0,0,840,1,19
17419,0,-1,0,0,0,276,1,18
17420,0,-1,0,0,0,826,1,11
17421,0,-1,0,0,0,840,1,15
17422,0,-1,0,0,0,250,1,7
17423,0,-1,0,1,0,156,1,2
17424,0,-1,0,0,0,826,1,13
17425,0,-1,0,0,0,250,1,15
17426,0,-1,0,0,0,156,1,0
17427,0,-1,0,0,0,156,1,0
17428,0,-1,0,0,0,156,1,2
17429,0,-1,0,0,0,826,1,8
17430,0,-1,0,0,0,840,1,15
17431,0,-1,0,0,0,250,1,0
17432,0,-1,0,0,0,826,1,18
17433,0,-1,0,0,0,276,1,4
17434,0,-1,0,0,0,156,1,4
17435,0,-1,0,0,0,156,1,19
17436,0,-1,0,0,0,840,1,18
17437,0,-1,0,1,0,826,1,1
17438,0,-1,0,0,0,250,1,6
17439,0,-1,0,0,0,276,1,10
17440,0,-1,0,0,0,826,1,11
17441,0,-1,0,0,0,156,1,12
17442,0,-1,0,0,0,840,1,16
17443,0,-1,0,0,0,276,1,1
17444,0,-1,0,0,0,826,1,9
17445,0,-1,0,0,0,840,1,8
17446,0,-1,0,0,0,250,1,5
17447,0,-1,0,0,0,156,1,6
17448,0,-1,0,0,0,276,1,12
17449,0,-1,0,0,0,276,1,17
17450,0,-1,0,1,0,840,1,0
17451,0,-1,0,0,0,276,1,11
17452,0,-1,0,0,0,250,1,2
17453,0,-1,0,0,0,826,1,4
17454,0,-1,0,0,0,156,1,7
17455,0,-1,0,0,0,250,1,19
17456,0,-1,0,0,0,840,1,8
17457,0,-1,0,0,0,840,1,15
17458,0,-1,0,0,0,840,1,14
17459,0,-1,0,0,0,826,1,13
17460,0,-1,0,0,0,250,1,13
17461,0,-1,0,0,0,156,1,17
17462,0,-1,0,0,0,250,1,15
17463,0,-1,0,0,0,276,1,19
17464,0,-1,0,0,0,156,1,7
17465,0,-1,0,0,0,250,1,7
17466,0,-1,0,0,0,276,1,5
17467,0,-1,0,1,0,840,1,4
17468,0,-1,0,0,0,276,1,18
17469,0,-1,0,0,0,156,1,12
17470,0,-1,0,0,0,156,1,8
17471,0,-1,0,0,0,156,1,6
17472,0,-1,0,0,0,156,1,12
17473,0,-1,0,0,0,276,1,10
17474,0,-1,0,0,0,156,1,13
17475,0,-1,0,1,1,156,1,10
17476,0,-1,0,0,0,826,1,7
17477,0,-1,0,0,0,276,1,0
17478,0,-1,0,0,0,156,1,17
17479,0,-1,0,0,0,826,1,13
17480,0,-1,0,0,1,826,1,12
17481,0,-1,0,0,0,276,1,12
17482,0,-1,0,0,0,250,1,2
17483,0,-1,0,0,0,156,1,16
17484,0,-1,0,1,0,826,1,4
17485,0,-1,0,0,0,276,1,0
17486,0,-1,0,0,0,250,1,10
17487,0,-1,0,0,0,276,1,1
17488,0,-1,0,0,0,826,1,9
17489,0,-1,0,1,0,156,1,19
17490,0,-1,0,0,0,826,1,6
17491,0,-1,0,0,0,826,1,17
17492,0,-1,0,0,0,250,1,5
17493,0,-1,0,0,0,156,1,13
17494,0,-1,0,0,0,840,1,13
17495,0,-1,0,0,0,276,1,5
17496,0,-1,0,1,0,276,1,16
17497,0,-1,0,0,0,840,1,14
17498,0,-1,0,0,0,826,1,13
17499,0,-1,0,0,0,840,1,1
17500,0,-1,0,0,0,156,1,7
17501,0,-1,0,0,0,276,1,11
17502,0,-1,0,0,0,250,1,1
17503,0,-1,0,1,0,156,1,17
17504,0,-1,0,0,0,156,1,13
17505,0,-1,0,0,0,826,1,5
17506,0,-1,0,0,0,250,1,7
17507,0,-1,0,0,0,250,1,13
17508,0,-1,0,0,0,250,1,6
17509,0,-1,0,0,1,826,1,0
17510,0,-1,0,0,0,250,1,4
17511,0,-1,0,0,0,840,1,4
17512,0,-1,0,1,0,840,1,17
17513,0,-1,0,1,1,276,1,4
17514,0,-1,0,0,0,840,1,12
17515,0,-1,0,0,0,276,1,17
17516,0,-1,0,0,0,840,1,12
17517,0,-1,0,0,0,156,1,0
17518,0,-1,0,0,0,156,1,5
17519,0,-1,0,0,0,840,1,4
17520,0,-1,0,0,0,276,1,14
17521,0,-1,0,1,0,250,1,9
17522,0,-1,0,0,0,156,1,0
17523,0,-1,0,0,0,276,1,2
17524,0,-1,0,0,0,156,1,8
17525,0,-1,0,0,0,840,1,5
17526,0,-1,0,0,0,156,1,12
17527,0,-1,0,0,0,276,1,9
17528,0,-1,0,0,0,840,1,6
17529,0,-1,0,1,0,826,1,5
17530,0,-1,0,0,0,276,1,2
17531,0,-1,0,0,0,250,1,5
17532,0,-1,0,0,0,276,1,1
17533,0,-1,0,0,0,276,1,16
17534,0,-1,0,0,0,276,1,2
17535,0,-1,0,0,0,840,1,12
17536,0,-1,0,0,0,840,1,1
17537,0,-1,0,0,0,840,1,3
17538,0,-1,0,0,0,276,1,10
17539,0,-1,0,0,0,156,1,16
17540,0,-1,0,0,0,826,1,11
17541,0,-1,0,0,0,276,1,19
17542,0,-1,0,0,1,276,1,5
17543,0,-1,0,0,0,156,1,3
17544,0,-1,0,0,1,250,1,4
17545,0,-1,0,0,0,250,1,11
17546,0,-1,0,0,0,840,1,11
17547,0,-1,0,0,1,840,1,13
17548,0,-1,0,0,0,250,1,9
17549,0,-1,0,1,0,250,1,16
17550,0,-1,0,0,0,250,1,6
17551,0,-1,0,0,0,826,1,4
17552,0,-1,0,0,0,840,1,13
17553,0,-1,0,0,0,250,1,16
17554,0,-1,0,0,0,250,1,17
17555,0,-1,0,0,0,840,1,13
17556,0,-1,0,0,0,156,1,8
17557,0,-1,0,0,0,250,1,16
17558,0,-1,0,1,0,826,1,9
17559,0,-1,0,0,0,250,1,9
17560,0,-1,0,0,0,826,1,1
17561,0,-1,0,0,0,826,1,14
17562,0,-1,0,0,0,156,1,5
17563,0,-1,0,0,0,826,1,9
17564,0,-1,0,0,0,840,1,14
17565,0,-1,0,0,0,840,1,0
17566,0,-1,0,0,0,156,1,15
17567,0,-1,0,1,0,156,1,2
17568,0,-1,0,0,0,156,1,8
17569,0,-1,0,0,0,250,1,17
17570,0,-1,0,0,0,840,1,10
17571,0,-1,0,0,1,250,1,13
17572,0,-1,0,0,0,156,1,12
17573,0,-1,0,0,1,276,1,7
17574,0,-1,0,0,0,156,1,6
17575,0,-1,0,0,0,156,1,16
17576,0,-1,0,0,0,276,1,16
17577,0,-1,0,1,0,250,1,0
17578,0,-1,0,0,0,276,1,7
17579,0,-1,0,0,0,250,1,11
17580,0,-1,0,0,0,156,1,14
17581,0,-1,0,0,1,276,1,6
17582,0,-1,0,0,0,840,1,1
17583,0,-1,0,0,0,276,1,4
17584,0,-1,0,0,0,826,1,19
17585,0,-1,0,0,0,826,1,13
17586,0,-1,0,0,0,276,1,0
17587,0,-1,0,1,0,250,1,4
17588,0,-1,0,0,0,250,1,0
17589,0,-1,0,0,0,250,1,14
17590,0,-1,0,0,0,840,1,10
17591,0,-1,0,0,0,276,1,1
17592,0,-1,0,0,0,276,1,0
17593,0,-1,0,0,1,250,1,15
17594,0,-1,0,1,0,826,1,10
17595,0,-1,0,0,0,276,1,8
17596,0,-1,0,0,0,156,1,13
17597,0,-1,0,0,0,250,1,18
17598,0,-1,0,0,1,840,1,18
17599,0,-1,0,0,0,250,1,4
17600,0,-1,0,1,0,826,1,11
17601,0,-1,0,1,0,276,1,14
17602,0,-1,0,0,0,276,1,13
17603,0,-1,0,0,0,840,1,18
17604,0,-1,0,0,0,156,1,16
17605,0,-1,0,0,0,250,1,19
17606,0,-1,0,0,0,276,1,0
17607,0,-1,0,0,0,276,1,19
17608,0,-1,0,0,0,826,1,10
17609,0,-1,0,0,0,156,1,13
17610,0,-1,0,0,0,250,1,12
17611,0,-1,0,0,0,156,1,8
17612,0,-1,0,0,0,156,1,11
17613,0,-1,0,0,0,276,1,15
17614,0,-1,0,0,0,840,1,18
17615,0,-1,0,0,0,250,1,2
17616,0,-1,0,0,0,156,1,1
17617,0,-1,0,0,0,156,1,10
17618,0,-1,0,0,0,250,1,4
17619,0,-1,0,0,0,826,1,3
17620,0,-1,0,0,1,156,1,3
17621,0,-1,0,0,0,250,1,3
17622,0,-1,0,0,0,156,1,19
17623,0,-1,0,0,0,826,1,5
17624,0,-1,0,0,0,840,1,14
17625,0,-1,0,0,0,826,1,5
17626,0,-1,0,0,0,250,1,6
17627,0,-1,0,0,0,250,1,6
17628,0,-1,0,0,0,840,1,7
17629,0,-1,0,0,0,840,1,7
17630,0,-1,0,1,0,276,1,7
17631,0,-1,0,0,0,840,1,2
17632,0,-1,0,0,0,276,1,19
17633,0,-1,0,0,0,250,1,4
17634,0,-1,0,1,0,826,1,9
17635,0,-1,0,0,0,840,1,15
17636,0,-1,0,0,0,276,1,9
17637,0,-1,0,0,0,276,1,16
17638,0,-1,0,0,0,840,1,19
17639,0,-1,0,0,0,156,1,10
17640,0,-1,0,0,0,840,1,12
17641,0,-1,0,0,0,840,1,5
17642,0,-1,0,0,0,840,1,8
17643,0,-1,0,0,0,276,1,0
17644,0,-1,0,0,0,840,1,11
17645,0,-1,0,1,0,826,1,17
17646,0,-1,0,0,0,826,1,12
17647,0,-1,0,0,0,826,1,9
17648,0,-1,0,0,0,276,1,5
17649,0,-1,0,0,0,156,1,11
17650,0,-1,0,0,0,156,1,15
17651,0,-1,0,0,0,250,1,12
17652,0,-1,0,0,0,250,1,4
17653,0,-1,0,0,0,250,1,1
17654,0,-1,0,0,0,826,1,9
17655,0,-1,0,0,0,156,1,6
17656,0,-1,0,0,0,840,1,10
17657,0,-1,0,1,1,840,1,10
17658,0,-1,0,0,0,276,1,10
17659,0,-1,0,0,0,276,1,19
17660,0,-1,0,0,0,156,1,17
17661,0,-1,0,1,0,250,1,5
17662,0,-1,0,0,0,826,1,11
17663,0,-1,0,0,0,826,1,17
17664,0,-1,0,0,0,156,1,0
17665,0,-1,0,0,0,840,1,9
17666,0,-1,0,0,0,156,1,5
17667,0,-1,0,0,0,276,1,1
17668,0,-1,0,0,0,276,1,13
17669,0,-1,0,0,1,276,1,15
17670,0,-1,0,0,0,276,1,19
17671,0,-1,0,0,0,826,1,9
17672,0,-1,0,0,0,250,1,14
17673,0,-1,0,1,1,156,1,16
17674,0,-1,0,0,0,156,1,3
17675,0,-1,0,0,0,276,1,1
17676,0,-1,0,0,1,276,1,5
17677,0,-1,0,0,0,276,1,13
17678,0,-1,0,0,0,276,1,13
17679,0,-1,0,0,0,826,1,0
17680,0,-1,0,0,0,156,1,13
17681,0,-1,0,1,0,826,1,6
17682,0,-1,0,1,0,826,1,5
17683,0,-1,0,0,0,156,1,19
17684,0,-1,0,0,0,840,1,4
17685,0,-1,0,0,0,840,1,16
17686,0,-1,0,0,0,276,1,12
17687,0,-1,0,0,0,156,1,9
17688,0,-1,0,0,0,826,1,9
17689,0,-1,0,0,1,156,1,8
17690,0,-1,0,0,0,826,1,6
17691,0,-1,0,0,0,826,1,3
17692,0,-1,0,1,0,250,1,6
17693,0,-1,0,0,0,156,1,6
17694,0,-1,0,0,0,840,1,4
17695,0,-1,0,0,0,826,1,5
17696,0,-1,0,0,0,156,1,10
17697,0,-1,0,0,0,156,1,6
17698,0,-1,0,0,0,826,1,3
17699,0,-1,0,0,0,826,1,13
17700,0,-1,0,1,0,276,1,4
17701,0,-1,0,1,0,250,1,14
17702,0,-1,0,0,0,840,1,14
17703,0,-1,0,0,0,276,1,19
17704,0,-1,0,0,0,840,1,8
17705,0,-1,0,0,0,840,1,14
17706,0,-1,0,0,0,276,1,6
17707,0,-1,0,0,0,840,1,16
17708,0,-1,0,0,0,826,1,6
17709,0,-1,0,0,0,826,1,1
17710,0,-1,0,1,0,276,1,10
17711,0,-1,0,0,0,250,1,13
17712,0,-1,0,0,0,156,1,12
17713,0,-1,0,0,0,826,1,18
17714,0,-1,0,0,0,276,1,11
17715,0,-1,0,0,0,840,1,7
17716,0,-1,0,0,0,250,1,19
17717,0,-1,0,0,0,156,1,14
17718,0,-1,0,0,0,156,1,13
17719,0,-1,0,0,0,156,1,11
17720,0,-1,0,0,0,276,1,9
17721,0,-1,0,0,0,276,1,4
17722,0,-1,0,0,0,840,1,8
17723,0,-1,0,0,0,840,1,17
17724,0,-1,0,0,0,826,1,3
17725,0,-1,0,0,0,250,1,15
17726,0,-1,0,0,0,826,1,5
17727,0,-1,0,0,0,276,1,13
17728,0,-1,0,0,0,840,1,13
17729,0,-1,0,0,0,276,1,10
17730,0,-1,0,0,0,156,1,7
17731,0,-1,0,0,0,156,1,6
17732,0,-1,0,0,0,250,1,19
17733,0,-1,0,0,0,156,1,12
17734,0,-1,0,0,0,156,1,2
17735,0,-1,0,0,0,826,1,5
17736,0,-1,0,0,0,840,1,1
17737,0,-1,0,0,0,156,1,1
17738,0,-1,0,0,0,250,1,9
17739,0,-1,0,0,0,250,1,16
17740,0,-1,0,0,0,156,1,7
17741,0,-1,0,0,1,250,1,1
17742,0,-1,0,0,0,276,1,5
17743,0,-1,0,0,0,840,1,10
17744,0,-1,0,0,0,840,1,13
17745,0,-1,0,0,0,156,1,14
17746,0,-1,0,1,0,840,1,7
17747,0,-1,0,0,0,156,1,12
17748,0,-1,0,0,0,840,1,16
17749,0,-1,0,0,0,156,1,11
17750,0,-1,0,0,0,276,1,8
17751,0,-1,0,0,0,840,1,14
17752,0,-1,0,0,0,826,1,17
17753,0,-1,0,0,0,250,1,6
17754,0,-1,0,0,0,276,1,7
17755,0,-1,0,0,0,840,1,16
17756,0,-1,0,0,0,250,1,17
17757,0,-1,0,1,0,250,1,8
17758,0,-1,0,0,0,826,1,18
17759,0,-1,0,0,0,250,1,7
17760,0,-1,0,0,0,250,1,12
17761,0,-1,0,0,0,840,1,11
17762,0,-1,0,0,0,826,1,14
17763,0,-1,0,1,0,156,1,12
17764,0,-1,0,0,0,156,1,4
17765,0,-1,0,0,0,156,1,4
17766,0,-1,0,0,0,276,1,10
17767,0,-1,0,0,1,276,1,16
17768,0,-1,0,0,0,826,1,9
17769,0,-1,0,0,0,156,1,14
17770,0,-1,0,0,0,826,1,8
17771,0,-1,0,0,0,840,1,18
17772,0,-1,0,0,0,156,1,2
17773,0,-1,0,0,0,250,1,8
17774,0,-1,0,0,0,826,1,17
17775,0,-1,0,1,0,276,1,15
17776,0,-1,0,0,1,826,1,8
17777,0,-1,0,0,0,840,1,16
17778,0,-1,0,0,0,826,1,9
17779,0,-1,0,0,0,156,1,1
17780,0,-1,0,0,0,826,1,16
17781,0,-1,0,0,1,826,1,3
17782,0,-1,0,0,0,826,1,10
17783,0,-1,0,0,0,826,1,6
17784,0,-1,0,0,0,156,1,13
17785,0,-1,0,0,0,156,1,11
17786,0,-1,0,1,0,156,1,16
17787,0,-1,0,1,0,156,1,5
17788,0,-1,0,0,0,156,1,4
17789,0,-1,0,0,0,276,1,1
17790,0,-1,0,0,0,840,1,11
17791,0,-1,0,0,0,156,1,4
17792,0,-1,0,0,0,250,1,3
17793,0,-1,0,0,0,826,1,13
17794,0,-1,0,0,0,250,1,17
17795,0,-1,0,1,0,840,1,9
17796,0,-1,0,0,0,250,1,15
17797,0,-1,0,0,0,276,1,9
17798,0,-1,0,0,0,276,1,15
17799,0,-1,0,0,0,250,1,18
17800,0,-1,0,0,0,826,1,2
17801,0,-1,0,0,0,250,1,7
17802,0,-1,0,0,0,250,1,5
17803,0,-1,0,0,0,826,1,7
17804,0,-1,0,1,1,156,1,0
17805,0,-1,0,0,0,156,1,5
17806,0,-1,0,1,1,250,1,8
17807,0,-1,0,0,0,156,1,3
17808,0,-1,0,0,0,250,1,14
17809,0,-1,0,0,0,826,1,9
17810,0,-1,0,0,0,276,1,3
17811,0,-1,0,0,0,250,1,12
17812,0,-1,0,0,0,156,1,0
17813,0,-1,0,0,0,826,1,8
17814,0,-1,0,0,0,156,1,2
17815,0,-1,0,0,0,840,1,9
17816,0,-1,0,0,0,156,1,13
17817,0,-1,0,0,0,250,1,4
17818,0,-1,0,0,0,276,1,9
17819,0,-1,0,0,0,156,1,9
17820,0,-1,0,0,1,276,1,12
17821,0,-1,0,0,0,276,1,0
17822,0,-1,0,0,0,276,1,5
17823,0,-1,0,0,0,840,1,8
17824,0,-1,0,0,0,250,1,18
17825,0,-1,0,0,0,826,1,17
17826,0,-1,0,0,0,276,1,1
17827,0,-1,0,0,0,276,1,18
17828,0,-1,0,0,0,826,1,17
17829,0,-1,0,0,0,156,1,2
17830,0,-1,0,1,0,840,1,6
17831,0,-1,0,0,0,276,1,9
17832,0,-1,0,1,1,826,1,12
17833,0,-1,0,0,0,156,1,16
17834,0,-1,0,1,0,250,1,18
17835,0,-1,0,0,0,250,1,19
17836,0,-1,0,0,0,276,1,15
17837,0,-1,0,0,0,276,1,4
17838,0,-1,0,0,0,840,1,16
17839,0,-1,0,1,0,276,1,12
17840,0,-1,0,0,0,826,1,19
17841,0,-1,0,0,0,840,1,9
17842,0,-1,0,0,0,276,1,4
17843,0,-1,0,0,0,156,1,6
17844,0,-1,0,0,0,156,1,11
17845,0,-1,0,0,0,250,1,14
17846,0,-1,0,0,0,276,1,1
17847,0,-1,0,0,0,826,1,8
17848,0,-1,0,0,0,276,1,10
17849,0,-1,0,0,0,156,1,8
17850,0,-1,0,0,0,156,1,8
17851,0,-1,0,0,0,826,1,19
17852,0,-1,0,1,0,156,1,4
17853,0,-1,0,0,0,276,1,5
17854,0,-1,0,0,0,250,1,9
17855,0,-1,0,0,0,250,1,16
17856,0,-1,0,0,0,156,1,10
17857,0,-1,0,0,0,840,1,12
17858,0,-1,0,0,0,826,1,8
17859,0,-1,0,0,0,276,1,17
17860,0,-1,0,0,0,276,1,19
17861,0,-1,0,0,0,276,1,0
17862,0,-1,0,0,0,156,1,9
17863,0,-1,0,0,0,826,1,8
17864,0,-1,0,0,0,840,1,3
17865,0,-1,0,0,0,826,1,0
17866,0,-1,0,0,0,840,1,17
17867,0,-1,0,0,0,250,1,12
17868,0,-1,0,0,1,840,1,10
17869,0,-1,0,0,0,250,1,12
17870,0,-1,0,0,0,276,1,9
17871,0,-1,0,0,1,156,1,3
17872,0,-1,0,0,0,156,1,12
17873,0,-1,0,0,0,276,1,16
17874,0,-1,0,0,1,840,1,5
17875,0,-1,0,0,0,156,1,5
17876,0,-1,0,0,0,826,1,8
17877,0,-1,0,0,0,840,1,7
17878,0,-1,0,0,0,840,1,11
17879,0,-1,0,0,0,276,1,14
17880,0,-1,0,0,0,276,1,11
17881,0,-1,0,0,0,276,1,14
17882,0,-1,0,0,0,826,1,9
17883,0,-1,0,0,0,156,1,2
17884,0,-1,0,0,0,276,1,10
17885,0,-1,0,0,0,840,1,5
17886,0,-1,0,0,0,840,1,14
17887,0,-1,0,0,0,276,1,0
17888,0,-1,0,0,0,156,1,6
17889,0,-1,0,0,0,276,1,16
17890,0,-1,0,0,0,276,1,11
17891,0,-1,0,0,0,826,1,4
17892,0,-1,0,0,0,840,1,18
17893,0,-1,0,0,0,156,1,5
17894,0,-1,0,0,0,276,1,17
17895,0,-1,0,0,0,250,1,10
17896,0,-1,0,0,0,276,1,16
17897,0,-1,0,0,0,840,1,0
17898,0,-1,0,0,0,250,1,3
17899,0,-1,0,0,0,840,1,12
17900,0,-1,0,0,0,276,1,19
17901,0,-1,0,0,0,840,1,19
17902,0,-1,0,0,0,826,1,5
17903,0,-1,0,0,0,156,1,0
17904,0,-1,0,0,0,156,1,18
17905,0,-1,0,0,0,156,1,7
17906,0,-1,0,0,0,826,1,12
17907,0,-1,0,0,0,250,1,9
17908,0,-1,0,0,0,156,1,2
17909,0,-1,0,0,0,276,1,9
17910,0,-1,0,0,0,840,1,7
17911,0,-1,0,0,0,156,1,7
17912,0,-1,0,0,0,276,1,13
17913,0,-1,0,0,0,826,1,5
17914,0,-1,0,0,0,250,1,2
17915,0,-1,0,0,0,250,1,10
17916,0,-1,0,0,0,250,1,16
17917,0,-1,0,0,0,156,1,9
17918,0,-1,0,0,0,250,1,3
17919,0,-1,0,0,0,276,1,11
17920,0,-1,0,0,0,250,1,19
17921,0,-1,0,0,0,840,1,6
17922,0,-1,0,0,0,156,1,15
17923,0,-1,0,1,0,156,1,8
17924,0,-1,0,0,0,840,1,17
17925,0,-1,0,0,0,840,1,13
17926,0,-1,0,0,0,276,1,19
17927,0,-1,0,0,0,156,1,7
17928,0,-1,0,0,0,840,1,15
17929,0,-1,0,1,0,840,1,15
17930,0,-1,0,0,0,826,1,5
17931,0,-1,0,0,0,276,1,14
17932,0,-1,0,0,0,826,1,9
17933,0,-1,0,0,0,156,1,10
17934,0,-1,0,0,0,840,1,9
17935,0,-1,0,0,1,826,1,16
17936,0,-1,0,0,0,276,1,11
17937,0,-1,0,0,0,276,1,19
17938,0,-1,0,0,0,276,1,8
17939,0,-1,0,0,0,250,1,1
17940,0,-1,0,1,0,276,1,17
17941,0,-1,0,1,0,250,1,10
17942,0,-1,0,1,0,826,1,9
17943,0,-1,0,0,0,250,1,7
17944,0,-1,0,0,0,840,1,3
17945,0,-1,0,0,0,276,1,13
17946,0,-1,0,0,0,840,1,9
17947,0,-1,0,0,0,250,1,16
17948,0,-1,0,0,0,840,1,12
17949,0,-1,0,0,0,250,1,12
17950,0,-1,0,0,1,840,1,5
17951,0,-1,0,0,0,156,1,4
17952,0,-1,0,0,0,826,1,12
17953,0,-1,0,0,0,156,1,16
17954,0,-1,0,1,0,840,1,14
17955,0,-1,0,0,0,840,1,6
17956,0,-1,0,0,0,250,1,13
17957,0,-1,0,0,0,826,1,11
17958,0,-1,0,0,0,156,1,18
17959,0,-1,0,0,0,276,1,6
17960,0,-1,0,1,0,276,1,6
17961,0,-1,0,0,0,276,1,19
17962,0,-1,0,0,0,156,1,5
17963,0,-1,0,0,0,840,1,7
17964,0,-1,0,0,0,276,1,15
17965,0,-1,0,0,0,156,1,10
17966,0,-1,0,0,0,826,1,12
17967,0,-1,0,0,0,276,1,7
17968,0,-1,0,0,0,826,1,12
17969,0,-1,0,0,0,250,1,12
17970,0,-1,0,0,0,276,1,4
17971,0,-1,0,1,0,156,1,10
17972,0,-1,0,0,0,276,1,7
17973,0,-1,0,0,0,250,1,11
17974,0,-1,0,0,0,156,1,19
17975,0,-1,0,0,0,840,1,1
17976,0,-1,0,1,0,250,1,16
17977,0,-1,0,0,0,826,1,0
17978,0,-1,0,0,0,156,1,17
17979,0,-1,0,0,0,840,1,1
17980,0,-1,0,0,0,840,1,4
17981,0,-1,0,0,0,276,1,18
17982,0,-1,0,0,0,826,1,18
17983,0,-1,0,0,0,276,1,11
17984,0,-1,0,0,0,250,1,2
17985,0,-1,0,0,0,250,1,12
17986,0,-1,0,0,0,826,1,8
17987,0,-1,0,0,0,840,1,18
17988,0,-1,0,0,0,250,1,16
17989,0,-1,0,0,0,826,1,15
17990,0,-1,0,0,0,276,1,4
17991,0,-1,0,0,0,840,1,7
17992,0,-1,0,0,0,840,1,16
17993,0,-1,0,0,0,826,1,15
17994,0,-1,0,0,0,276,1,2
17995,0,-1,0,0,0,840,1,13
17996,0,-1,0,0,0,276,1,12
17997,0,-1,0,0,0,156,1,8
17998,0,-1,0,0,0,250,1,7
17999,0,-1,0,0,0,840,1,7
18000,0,-1,0,1,0,250,1,18
18001,0,-1,0,0,0,276,1,4
18002,0,-1,0,0,0,276,1,7
18003,0,-1,0,0,0,276,1,14
18004,0,-1,0,0,0,826,1,14
18005,0,-1,0,0,0,840,1,3
18006,0,-1,0,0,0,840,1,14
18007,0,-1,0,0,0,250,1,18
18008,0,-1,0,0,0,276,1,0
18009,0,-1,0,0,0,826,1,12
18010,0,-1,0,0,0,840,1,3
18011,0,-1,0,0,0,826,1,13
18012,0,-1,0,0,0,250,1,8
18013,0,-1,0,0,0,156,1,12
18014,0,-1,0,0,0,250,1,1
18015,0,-1,0,0,0,250,1,18
18016,0,-1,0,0,1,826,1,5
18017,0,-1,0,0,0,840,1,19
18018,0,-1,0,0,0,840,1,13
18019,0,-1,0,0,1,840,1,4
18020,0,-1,0,0,0,250,1,4
18021,0,-1,0,0,0,276,1,19
18022,0,-1,0,0,0,276,1,5
18023,0,-1,0,0,0,840,1,18
18024,0,-1,0,0,0,250,1,11
18025,0,-1,0,1,0,840,1,17
18026,0,-1,0,0,0,276,1,7
18027,0,-1,0,0,0,156,1,9
18028,0,-1,0,0,0,156,1,7
18029,0,-1,0,0,0,826,1,13
18030,0,-1,0,0,0,250,1,17
18031,0,-1,0,1,0,826,1,5
18032,0,-1,0,0,0,156,1,18
18033,0,-1,0,0,0,826,1,11
18034,0,-1,0,0,0,156,1,0
18035,0,-1,0,1,0,250,1,5
18036,0,-1,0,0,0,156,1,3
18037,0,-1,0,0,0,840,1,11
18038,0,-1,0,0,0,840,1,5
18039,0,-1,0,0,0,276,1,13
18040,0,-1,0,0,0,250,1,2
18041,0,-1,0,0,0,156,1,4
18042,0,-1,0,0,0,250,1,11
18043,0,-1,0,0,0,156,1,1
18044,0,-1,0,0,0,840,1,1
18045,0,-1,0,0,0,840,1,4
18046,0,-1,0,0,0,826,1,8
18047,0,-1,0,1,0,840,1,15
18048,0,-1,0,1,0,826,1,11
18049,0,-1,0,0,0,276,1,12
18050,0,-1,0,0,0,156,1,2
18051,0,-1,0,0,0,826,1,9
18052,0,-1,0,0,0,826,1,8
18053,0,-1,0,0,0,250,1,10
18054,0,-1,0,0,0,826,1,1
18055,0,-1,0,0,0,156,1,4
18056,0,-1,0,0,0,840,1,7
18057,0,-1,0,0,1,276,1,5
18058,0,-1,0,0,0,840,1,6
18059,0,-1,0,0,0,826,1,13
18060,0,-1,0,0,0,826,1,8
18061,0,-1,0,0,0,826,1,15
18062,0,-1,0,0,0,276,1,17
18063,0,-1,0,0,0,840,1,1
18064,0,-1,0,0,0,276,1,0
18065,0,-1,0,0,0,826,1,10
18066,0,-1,0,0,0,250,1,17
18067,0,-1,0,0,0,276,1,18
18068,0,-1,0,1,0,840,1,13
18069,0,-1,0,0,0,156,1,17
18070,0,-1,0,0,0,250,1,0
18071,0,-1,0,0,0,250,1,4
18072,0,-1,0,0,0,826,1,8
18073,0,-1,0,0,0,826,1,3
18074,0,-1,0,0,0,840,1,9
18075,0,-1,0,0,0,156,1,18
18076,0,-1,0,0,0,840,1,1
18077,0,-1,0,0,0,840,1,16
18078,0,-1,0,0,0,276,1,16
18079,0,-1,0,0,0,156,1,5
18080,0,-1,0,0,0,156,1,7
18081,0,-1,0,1,0,156,1,9
18082,0,-1,0,0,0,276,1,2
18083,0,-1,0,0,0,156,1,3
18084,0,-1,0,0,0,826,1,10
18085,0,-1,0,0,0,156,1,18
18086,0,-1,0,0,0,276,1,16
18087,0,-1,0,0,0,840,1,10
18088,0,-1,0,0,0,250,1,8
18089,0,-1,0,0,0,276,1,12
18090,0,-1,0,0,0,276,1,0
18091,0,-1,0,0,0,156,1,11
18092,0,-1,0,1,0,826,1,19
18093,0,-1,0,0,0,276,1,3
18094,0,-1,0,0,0,250,1,2
18095,0,-1,0,0,0,840,1,6
18096,0,-1,0,0,0,826,1,1
18097,0,-1,0,0,0,250,1,2
18098,0,-1,0,0,0,826,1,5
18099,0,-1,0,0,0,826,1,18
18100,0,-1,0,1,0,276,1,7
18101,0,-1,0,0,0,276,1,18
18102,0,-1,0,0,0,826,1,0
18103,0,-1,0,0,1,826,1,12
18104,0,-1,0,0,0,276,1,13
18105,0,-1,0,0,0,276,1,14
18106,0,-1,0,0,0,840,1,16
18107,0,-1,0,0,0,250,1,12
18108,0,-1,0,0,0,156,1,6
18109,0,-1,0,0,0,826,1,12
18110,0,-1,0,0,0,826,1,1
18111,0,-1,0,0,0,250,1,12
18112,0,-1,0,0,0,840,1,4
18113,0,-1,0,0,0,826,1,16
18114,0,-1,0,0,0,156,1,10
18115,0,-1,0,0,0,826,1,1
18116,0,-1,0,0,0,250,1,2
18117,0,-1,0,0,0,276,1,0
18118,0,-1,0,0,0,250,1,19
18119,0,-1,0,0,0,826,1,4
18120,0,-1,0,0,0,826,1,19
18121,0,-1,0,0,0,840,1,12
18122,0,-1,0,0,0,276,1,9
18123,0,-1,0,0,0,826,1,6
18124,0,-1,0,0,0,250,1,14
18125,0,-1,0,0,0,250,1,6
18126,0,-1,0,0,0,826,1,3
18127,0,-1,0,0,0,250,1,16
18128,0,-1,0,0,0,156,1,19
18129,0,-1,0,0,0,156,1,16
18130,0,-1,0,1,0,840,1,9
18131,0,-1,0,0,0,840,1,17
18132,0,-1,0,0,0,276,1,2
18133,0,-1,0,0,0,276,1,14
18134,0,-1,0,0,0,156,1,6
18135,0,-1,0,0,0,840,1,12
18136,0,-1,0,0,1,276,1,1
18137,0,-1,0,0,0,156,1,0
18138,0,-1,0,0,0,826,1,10
18139,0,-1,0,0,0,156,1,12
18140,0,-1,0,0,0,156,1,6
18141,0,-1,0,0,0,276,1,15
18142,0,-1,0,0,0,156,1,19
18143,0,-1,0,0,0,826,1,16
18144,0,-1,0,0,0,250,1,13
18145,0,-1,0,0,0,840,1,7
18146,0,-1,0,1,0,276,1,0
18147,0,-1,0,0,0,826,1,3
18148,0,-1,0,0,0,276,1,17
18149,0,-1,0,0,0,276,1,2
18150,0,-1,0,0,0,826,1,18
18151,0,-1,0,0,0,826,1,1
18152,0,-1,0,0,0,840,1,14
18153,0,-1,0,0,0,826,1,9
18154,0,-1,0,0,0,250,1,3
18155,0,-1,0,0,0,840,1,18
18156,0,-1,0,0,0,276,1,10
18157,0,-1,0,0,0,156,1,4
18158,0,-1,0,0,0,250,1,2
18159,0,-1,0,0,0,156,1,7
18160,0,-1,0,0,0,826,1,2
18161,0,-1,0,0,0,840,1,8
18162,0,-1,0,0,0,276,1,15
18163,0,-1,0,0,0,276,1,1
18164,0,-1,0,0,0,276,1,5
18165,0,-1,0,1,0,840,1,19
18166,0,-1,0,0,0,840,1,12
18167,0,-1,0,0,0,156,1,19
18168,0,-1,0,0,0,826,1,17
18169,0,-1,0,0,1,840,1,7
18170,0,-1,0,0,0,840,1,11
18171,0,-1,0,0,0,156,1,6
18172,0,-1,0,1,0,276,1,18
18173,0,-1,0,0,0,276,1,12
18174,0,-1,0,0,0,840,1,13
18175,0,-1,0,0,0,840,1,1
18176,0,-1,0,1,1,156,1,13
18177,0,-1,0,0,0,156,1,2
18178,0,-1,0,0,0,826,1,7
18179,0,-1,0,0,0,250,1,12
18180,0,-1,0,0,0,840,1,5
18181,0,-1,0,0,0,840,1,6
18182,0,-1,0,0,0,250,1,19
18183,0,-1,0,0,0,840,1,1
18184,0,-1,0,1,0,840,1,10
18185,0,-1,0,0,0,276,1,9
18186,0,-1,0,0,0,156,1,5
18187,0,-1,0,0,0,250,1,17
18188,0,-1,0,0,0,156,1,3
18189,0,-1,0,1,0,156,1,1
18190,0,-1,0,0,0,826,1,2
18191,0,-1,0,0,0,826,1,16
18192,0,-1,0,0,0,156,1,16
18193,0,-1,0,0,0,826,1,16
18194,0,-1,0,0,0,276,1,17
18195,0,-1,0,0,0,840,1,11
18196,0,-1,0,1,0,276,1,5
18197,0,-1,0,0,0,156,1,8
18198,0,-1,0,0,0,250,1,9
18199,0,-1,0,0,0,276,1,15
18200,0,-1,0,0,0,826,1,11
18201,0,-1,0,0,0,250,1,12
18202,0,-1,0,0,0,276,1,0
18203,0,-1,0,0,0,276,1,14
18204,0,-1,0,0,0,826,1,10
18205,0,-1,0,0,0,840,1,9
18206,0,-1,0,1,0,840,1,17
18207,0,-1,0,0,0,826,1,18
18208,0,-1,0,0,0,156,1,15
18209,0,-1,0,0,0,840,1,15
18210,0,-1,0,0,0,840,1,18
18211,0,-1,0,0,0,250,1,10
18212,0,-1,0,0,0,826,1,0
18213,0,-1,0,0,0,276,1,15
18214,0,-1,0,0,0,276,1,0
18215,0,-1,0,0,0,250,1,16
18216,0,-1,0,0,0,826,1,1
18217,0,-1,0,0,0,276,1,4
18218,0,-1,0,0,0,156,1,1
18219,0,-1,0,0,0,156,1,10
18220,0,-1,0,0,0,826,1,14
18221,0,-1,0,0,0,276,1,14
18222,0,-1,0,0,0,250,1,12
18223,0,-1,0,0,0,840,1,1
18224,0,-1,0,0,0,156,1,16
18225,0,-1,0,0,0,250,1,0
18226,0,-1,0,1,0,156,1,9
18227,0,-1,0,0,0,840,1,15
18228,0,-1,0,0,0,840,1,11
18229,0,-1,0,0,0,826,1,13
18230,0,-1,0,0,0,156,1,8
18231,0,-1,0,0,0,826,1,9
18232,0,-1,0,0,0,156,1,6
18233,0,-1,0,0,0,250,1,15
18234,0,-1,0,1,0,276,1,6
18235,0,-1,0,0,0,156,1,1
18236,0,-1,0,0,1,840,1,19
18237,0,-1,0,0,0,840,1,19
18238,0,-1,0,0,0,840,1,1
18239,0,-1,0,0,0,156,1,9
18240,0,-1,0,0,0,276,1,16
18241,0,-1,0,0,0,826,1,10
18242,0,-1,0,0,0,826,1,9
18243,0,-1,0,0,0,156,1,9
18244,0,-1,0,0,0,840,1,7
18245,0,-1,0,0,0,276,1,9
18246,0,-1,0,0,0,276,1,8
18247,0,-1,0,0,0,276,1,2
18248,0,-1,0,0,0,826,1,4
18249,0,-1,0,0,0,156,1,0
18250,0,-1,0,0,0,276,1,19
18251,0,-1,0,0,0,840,1,3
18252,0,-1,0,0,0,840,1,3
18253,0,-1,0,1,0,250,1,3
18254,0,-1,0,0,0,826,1,3
18255,0,-1,0,0,0,276,1,6
18256,0,-1,0,0,0,840,1,19
18257,0,-1,0,0,0,840,1,12
18258,0,-1,0,0,0,276,1,6
18259,0,-1,0,1,0,840,1,0
18260,0,-1,0,0,0,840,1,7
18261,0,-1,0,0,0,156,1,1
18262,0,-1,0,0,0,250,1,0
18263,0,-1,0,0,0,826,1,5
18264,0,-1,0,1,0,250,1,8
18265,0,-1,0,0,0,826,1,18
18266,0,-1,0,0,0,826,1,0
18267,0,-1,0,1,0,840,1,14
18268,0,-1,0,0,0,276,1,3
18269,0,-1,0,0,0,156,1,12
18270,0,-1,0,1,0,826,1,3
18271,0,-1,0,0,0,250,1,4
18272,0,-1,0,1,0,276,1,12
18273,0,-1,0,0,0,276,1,6
18274,0,-1,0,0,0,156,1,11
18275,0,-1,0,0,0,826,1,16
18276,0,-1,0,0,0,250,1,3
18277,0,-1,0,0,0,156,1,7
18278,0,-1,0,0,0,156,1,10
18279,0,-1,0,0,1,156,1,19
18280,0,-1,0,0,0,276,1,0
18281,0,-1,0,0,0,250,1,7
18282,0,-1,0,0,0,826,1,4
18283,0,-1,0,0,0,156,1,14
18284,0,-1,0,0,0,250,1,4
18285,0,-1,0,0,0,250,1,18
18286,0,-1,0,1,0,250,1,1
18287,0,-1,0,0,0,840,1,13
18288,0,-1,0,0,0,156,1,3
18289,0,-1,0,0,0,840,1,3
18290,0,-1,0,0,0,276,1,19
18291,0,-1,0,0,1,156,1,12
18292,0,-1,0,0,1,250,1,7
18293,0,-1,0,0,0,156,1,13
18294,0,-1,0,0,0,826,1,0
18295,0,-1,0,0,0,840,1,17
18296,0,-1,0,1,0,840,1,8
18297,0,-1,0,0,0,276,1,13
18298,0,-1,0,0,0,276,1,8
18299,0,-1,0,0,0,826,1,10
18300,0,-1,0,0,0,840,1,19
18301,0,-1,0,0,0,840,1,12
18302,0,-1,0,1,0,276,1,17
18303,0,-1,0,0,0,156,1,14
18304,0,-1,0,0,0,156,1,11
18305,0,-1,0,1,0,826,1,5
18306,0,-1,0,0,0,276,1,6
18307,0,-1,0,0,0,156,1,7
18308,0,-1,0,1,0,250,1,3
18309,0,-1,0,0,0,276,1,18
18310,0,-1,0,0,0,826,1,8
18311,0,-1,0,0,0,840,1,9
18312,0,-1,0,0,0,276,1,19
18313,0,-1,0,0,0,276,1,19
18314,0,-1,0,0,0,250,1,3
18315,0,-1,0,0,0,156,1,1
18316,0,-1,0,0,0,250,1,16
18317,0,-1,0,0,1,826,1,15
18318,0,-1,0,0,0,276,1,11
18319,0,-1,0,1,0,276,1,16
18320,0,-1,0,1,0,276,1,12
18321,0,-1,0,0,0,840,1,3
18322,0,-1,0,0,0,250,1,10
18323,0,-1,0,0,0,250,1,9
18324,0,-1,0,0,0,276,1,6
18325,0,-1,0,0,0,250,1,14
18326,0,-1,0,0,0,250,1,15
18327,0,-1,0,1,0,840,1,12
18328,0,-1,0,1,0,826,1,5
18329,0,-1,0,0,0,826,1,10
18330,0,-1,0,0,0,250,1,11
18331,0,-1,0,0,0,156,1,19
18332,0,-1,0,0,0,826,1,17
18333,0,-1,0,0,0,156,1,19
18334,0,-1,0,0,0,276,1,3
18335,0,-1,0,0,0,840,1,3
18336,0,-1,0,0,1,826,1,6
18337,0,-1,0,0,0,840,1,17
18338,0,-1,0,0,0,826,1,6
18339,0,-1,0,0,0,276,1,19
18340,0,-1,0,0,0,840,1,8
18341,0,-1,0,0,0,276,1,17
18342,0,-1,0,0,0,156,1,18
18343,0,-1,0,0,0,250,1,8
18344,0,-1,0,0,0,250,1,7
18345,0,-1,0,0,0,250,1,7
18346,0,-1,0,0,0,250,1,1
18347,0,-1,0,1,0,840,1,7
18348,0,-1,0,0,0,276,1,9
18349,0,-1,0,0,0,156,1,4
18350,0,-1,0,0,0,840,1,2
18351,0,-1,0,0,0,250,1,7
18352,0,-1,0,0,0,276,1,18
18353,0,-1,0,0,1,156,1,0
18354,0,-1,0,0,0,250,1,15
18355,0,-1,0,0,0,156,1,14
18356,0,-1,0,0,0,250,1,10
18357,0,-1,0,0,0,156,1,19
18358,0,-1,0,0,0,276,1,8
18359,0,-1,0,0,0,826,1,18
18360,0,-1,0,1,0,250,1,15
18361,0,-1,0,0,0,156,1,11
18362,0,-1,0,0,0,156,1,17
18363,0,-1,0,0,0,250,1,1
18364,0,-1,0,0,0,276,1,11
18365,0,-1,0,0,0,250,1,5
18366,0,-1,0,0,0,840,1,4
18367,0,-1,0,0,0,840,1,11
18368,0,-1,0,0,0,826,1,9
18369,0,-1,0,1,0,840,1,12
18370,0,-1,0,0,0,840,1,12
18371,0,-1,0,0,0,250,1,3
18372,0,-1,0,0,0,276,1,0
18373,0,-1,0,0,0,826,1,8
18374,0,-1,0,0,0,276,1,3
18375,0,-1,0,0,0,826,1,9
18376,0,-1,0,0,0,156,1,8
18377,0,-1,0,0,0,840,1,13
18378,0,-1,0,0,0,840,1,18
18379,0,-1,0,0,0,276,1,4
18380,0,-1,0,0,0,156,1,0
18381,0,-1,0,0,0,156,1,10
18382,0,-1,0,0,0,276,1,14
18383,0,-1,0,0,0,276,1,2
18384,0,-1,0,0,0,840,1,5
18385,0,-1,0,1,0,840,1,10
18386,0,-1,0,0,0,276,1,15
18387,0,-1,0,0,0,840,1,8
18388,0,-1,0,0,0,250,1,4
18389,0,-1,0,0,0,156,1,16
18390,0,-1,0,0,0,276,1,18
18391,0,-1,0,0,0,276,1,4
18392,0,-1,0,0,0,276,1,9
18393,0,-1,0,0,0,156,1,3
18394,0,-1,0,0,0,156,1,5
18395,0,-1,0,0,1,840,1,11
18396,0,-1,0,0,0,156,1,0
18397,0,-1,0,0,0,250,1,13
18398,0,-1,0,0,0,276,1,18
18399,0,-1,0,0,0,250,1,7
18400,0,-1,0,0,0,826,1,3
18401,0,-1,0,0,0,276,1,1
18402,0,-1,0,0,0,840,1,11
18403,0,-1,0,0,0,250,1,10
18404,0,-1,0,0,0,826,1,8
18405,0,-1,0,0,0,840,1,14
18406,0,-1,0,0,0,840,1,18
18407,0,-1,0,0,0,826,1,16
18408,0,-1,0,0,0,826,1,19
18409,0,-1,0,0,0,276,1,2
18410,0,-1,0,1,0,276,1,14
18411,0,-1,0,1,0,250,1,18
18412,0,-1,0,0,0,250,1,14
18413,0,-1,0,1,0,840,1,6
18414,0,-1,0,0,0,826,1,2
18415,0,-1,0,0,0,276,1,19
18416,0,-1,0,0,0,156,1,10
18417,0,-1,0,0,0,840,1,5
18418,0,-1,0,1,0,250,1,1
18419,0,-1,0,0,0,156,1,15
18420,0,-1,0,1,0,156,1,4
18421,0,-1,0,0,0,276,1,7
18422,0,-1,0,0,0,840,1,12
18423,0,-1,0,1,0,250,1,19
18424,0,-1,0,0,0,250,1,17
18425,0,-1,0,0,0,840,1,8
18426,0,-1,0,1,0,840,1,1
18427,0,-1,0,0,1,156,1,13
18428,0,-1,0,0,0,276,1,8
18429,0,-1,0,0,0,276,1,13
18430,0,-1,0,0,0,840,1,6
18431,0,-1,0,1,0,840,1,19
18432,0,-1,0,0,0,276,1,5
18433,0,-1,0,0,0,840,1,16
18434,0,-1,0,0,0,276,1,0
18435,0,-1,0,0,0,156,1,0
18436,0,-1,0,0,0,276,1,18
18437,0,-1,0,0,0,250,1,5
18438,0,-1,0,0,0,156,1,18
18439,0,-1,0,0,0,156,1,3
18440,0,-1,0,0,0,840,1,18
18441,0,-1,0,0,0,156,1,12
18442,0,-1,0,0,0,826,1,10
18443,0,-1,0,0,0,276,1,3
18444,0,-1,0,0,0,840,1,14
18445,0,-1,0,0,0,250,1,4
18446,0,-1,0,0,0,250,1,1
18447,0,-1,0,0,0,826,1,7
18448,0,-1,0,0,0,840,1,12
18449,0,-1,0,0,0,156,1,1
18450,0,-1,0,0,0,250,1,12
18451,0,-1,0,0,0,156,1,19
18452,0,-1,0,1,0,156,1,10
18453,0,-1,0,0,0,156,1,11
18454,0,-1,0,0,0,276,1,14
18455,0,-1,0,0,0,840,1,11
18456,0,-1,0,0,0,826,1,19
18457,0,-1,0,0,0,826,1,10
18458,0,-1,0,0,0,840,1,7
18459,0,-1,0,0,0,826,1,11
18460,0,-1,0,0,1,250,1,9
18461,0,-1,0,0,0,276,1,17
18462,0,-1,0,0,0,276,1,15
18463,0,-1,0,0,0,826,1,14
18464,0,-1,0,0,0,826,1,9
18465,0,-1,0,1,0,276,1,0
18466,0,-1,0,0,0,156,1,18
18467,0,-1,0,1,0,276,1,13
18468,0,-1,0,0,0,826,1,11
18469,0,-1,0,0,0,250,1,4
18470,0,-1,0,0,0,276,1,13
18471,0,-1,0,0,0,840,1,14
18472,0,-1,0,0,0,840,1,17
18473,0,-1,0,0,0,840,1,16
18474,0,-1,0,0,0,276,1,3
18475,0,-1,0,0,0,250,1,4
18476,0,-1,0,0,0,250,1,5
18477,0,-1,0,0,0,276,1,10
18478,0,-1,0,0,0,276,1,10
18479,0,-1,0,0,0,276,1,0
18480,0,-1,0,0,0,156,1,4
18481,0,-1,0,0,0,156,1,19
18482,0,-1,0,0,1,826,1,0
18483,0,-1,0,0,0,250,1,19
18484,0,-1,0,1,1,840,1,14
18485,0,-1,0,0,0,840,1,14
18486,0,-1,0,0,1,840,1,2
18487,0,-1,0,0,0,826,1,18
18488,0,-1,0,0,0,250,1,17
18489,0,-1,0,1,0,156,1,5
18490,0,-1,0,0,0,156,1,8
18491,0,-1,0,0,0,840,1,6
18492,0,-1,0,0,0,826,1,11
18493,0,-1,0,0,0,840,1,4
18494,0,-1,0,0,1,250,1,19
18495,0,-1,0,0,0,156,1,16
18496,0,-1,0,0,0,826,1,0
18497,0,-1,0,0,1,250,1,13
18498,0,-1,0,0,0,276,1,15
18499,0,-1,0,1,0,156,1,10
18500,0,-1,0,0,0,826,1,18
18501,0,-1,0,0,0,840,1,1
18502,0,-1,0,0,0,826,1,8
18503,0,-1,0,0,0,276,1,7
18504,0,-1,0,0,0,250,1,2
18505,0,-1,0,0,0,826,1,10
18506,0,-1,0,0,0,250,1,0
18507,0,-1,0,1,0,840,1,10
18508,0,-1,0,0,0,840,1,16
18509,0,-1,0,0,0,156,1,7
18510,0,-1,0,0,0,826,1,14
18511,0,-1,0,0,0,840,1,2
18512,0,-1,0,0,1,826,1,18
18513,0,-1,0,0,0,156,1,9
18514,0,-1,0,0,0,250,1,12
18515,0,-1,0,1,0,826,1,13
18516,0,-1,0,0,0,840,1,1
18517,0,-1,0,0,0,156,1,8
18518,0,-1,0,0,0,826,1,18
18519,0,-1,0,0,0,250,1,11
18520,0,-1,0,0,0,250,1,4
18521,0,-1,0,0,0,276,1,10
18522,0,-1,0,1,0,276,1,7
18523,0,-1,0,0,0,156,1,12
18524,0,-1,0,0,0,250,1,16
18525,0,-1,0,0,0,250,1,8
18526,0,-1,0,0,0,840,1,19
18527,0,-1,0,0,0,156,1,16
18528,0,-1,0,0,0,826,1,17
18529,0,-1,0,0,0,156,1,8
18530,0,-1,0,0,0,276,1,17
18531,0,-1,0,0,0,250,1,12
18532,0,-1,0,0,0,840,1,3
18533,0,-1,0,0,0,826,1,19
18534,0,-1,0,0,0,840,1,15
18535,0,-1,0,1,0,250,1,17
18536,0,-1,0,0,0,156,1,18
18537,0,-1,0,0,0,276,1,1
18538,0,-1,0,0,0,276,1,6
18539,0,-1,0,0,0,826,1,3
18540,0,-1,0,0,0,840,1,7
18541,0,-1,0,0,0,276,1,11
18542,0,-1,0,0,0,156,1,2
18543,0,-1,0,0,0,156,1,9
18544,0,-1,0,0,0,840,1,10
18545,0,-1,0,0,0,156,1,17
18546,0,-1,0,0,1,276,1,19
18547,0,-1,0,0,0,156,1,7
18548,0,-1,0,0,0,840,1,12
18549,0,-1,0,0,0,840,1,10
18550,0,-1,0,1,0,826,1,3
18551,0,-1,0,0,0,276,1,10
18552,0,-1,0,0,0,156,1,12
18553,0,-1,0,0,0,156,1,19
18554,0,-1,0,1,0,826,1,3
18555,0,-1,0,0,0,250,1,1
18556,0,-1,0,1,0,276,1,7
18557,0,-1,0,0,0,826,1,14
18558,0,-1,0,0,0,250,1,6
18559,0,-1,0,0,0,826,1,19
18560,0,-1,0,0,0,840,1,5
18561,0,-1,0,0,0,156,1,0
18562,0,-1,0,0,0,156,1,0
18563,0,-1,0,1,0,250,1,1
18564,0,-1,0,0,0,276,1,2
18565,0,-1,0,0,0,826,1,6
18566,0,-1,0,0,0,840,1,2
18567,0,-1,0,1,0,826,1,19
18568,0,-1,0,0,0,840,1,13
18569,0,-1,0,0,0,250,1,6
18570,0,-1,0,0,0,276,1,12
18571,0,-1,0,0,0,250,1,10
18572,0,-1,0,0,0,156,1,15
18573,0,-1,0,0,0,826,1,7
18574,0,-1,0,0,0,276,1,16
18575,0,-1,0,0,0,840,1,2
18576,0,-1,0,0,0,250,1,14
18577,0,-1,0,0,0,156,1,10
18578,0,-1,0,0,0,276,1,13
18579,0,-1,0,0,0,250,1,17
18580,0,-1,0,0,0,276,1,8
18581,0,-1,0,0,0,156,1,16
18582,0,-1,0,0,0,840,1,19
18583,0,-1,0,0,0,250,1,9
18584,0,-1,0,0,0,250,1,17
18585,0,-1,0,0,0,840,1,8
18586,0,-1,0,0,0,840,1,4
18587,0,-1,0,0,0,156,1,2
18588,0,-1,0,0,0,250,1,13
18589,0,-1,0,0,0,276,1,9
18590,0,-1,0,0,0,156,1,17
18591,0,-1,0,0,0,840,1,19
18592,0,-1,0,0,0,826,1,12
18593,0,-1,0,0,0,276,1,0
18594,0,-1,0,0,0,276,1,18
18595,0,-1,0,0,0,156,1,12
18596,0,-1,0,0,0,156,1,10
18597,0,-1,0,0,1,840,1,16
18598,0,-1,0,0,0,156,1,15
18599,0,-1,0,0,0,156,1,9
18600,0,-1,0,0,0,276,1,5
18601,0,-1,0,0,0,276,1,1
18602,0,-1,0,0,0,276,1,4
18603,0,-1,0,0,0,250,1,2
18604,0,-1,0,0,0,156,1,12
18605,0,-1,0,0,0,840,1,5
18606,0,-1,0,0,0,840,1,9
18607,0,-1,0,0,0,156,1,11
18608,0,-1,0,0,0,840,1,9
18609,0,-1,0,0,0,250,1,1
18610,0,-1,0,0,0,156,1,12
18611,0,-1,0,0,0,826,1,11
18612,0,-1,0,0,0,276,1,14
18613,0,-1,0,0,0,840,1,18
18614,0,-1,0,0,0,156,1,12
18615,0,-1,0,0,0,840,1,19
18616,0,-1,0,0,0,156,1,14
18617,0,-1,0,0,0,276,1,6
18618,0,-1,0,1,0,276,1,6
18619,0,-1,0,0,0,840,1,14
18620,0,-1,0,0,0,250,1,19
18621,0,-1,0,0,0,156,1,18
18622,0,-1,0,0,0,276,1,17
18623,0,-1,0,0,0,840,1,7
18624,0,-1,0,0,0,840,1,17
18625,0,-1,0,0,0,840,1,4
18626,0,-1,0,0,0,156,1,10
18627,0,-1,0,0,0,840,1,6
18628,0,-1,0,1,0,826,1,16
18629,0,-1,0,0,0,250,1,11
18630,0,-1,0,0,0,250,1,0
18631,0,-1,0,0,0,826,1,17
18632,0,-1,0,0,0,840,1,4
18633,0,-1,0,0,0,826,1,10
18634,0,-1,0,1,0,156,1,7
18635,0,-1,0,0,0,156,1,6
18636,0,-1,0,0,0,276,1,1
18637,0,-1,0,1,0,276,1,5
18638,0,-1,0,0,0,840,1,0
18639,0,-1,0,0,0,250,1,0
18640,0,-1,0,0,0,156,1,7
18641,0,-1,0,0,0,826,1,16
18642,0,-1,0,0,0,826,1,11
18643,0,-1,0,0,0,826,1,7
18644,0,-1,0,1,1,276,1,13
18645,0,-1,0,0,0,826,1,19
18646,0,-1,0,0,0,826,1,14
18647,0,-1,0,0,0,276,1,19
18648,0,-1,0,0,0,156,1,0
18649,0,-1,0,0,0,250,1,8
18650,0,-1,0,0,0,826,1,14
18651,0,-1,0,0,0,276,1,19
18652,0,-1,0,0,0,156,1,2
18653,0,-1,0,0,0,276,1,7
18654,0,-1,0,1,0,276,1,10
18655,0,-1,0,0,0,156,1,15
18656,0,-1,0,0,0,156,1,1
18657,0,-1,0,0,0,250,1,17
18658,0,-1,0,0,0,840,1,16
18659,0,-1,0,0,1,250,1,11
18660,0,-1,0,0,0,250,1,0
18661,0,-1,0,0,0,840,1,13
18662,0,-1,0,0,0,250,1,8
18663,0,-1,0,0,0,276,1,14
18664,0,-1,0,0,0,156,1,4
18665,0,-1,0,0,0,840,1,6
18666,0,-1,0,0,1,276,1,17
18667,0,-1,0,0,0,250,1,13
18668,0,-1,0,0,0,250,1,1
18669,0,-1,0,0,0,276,1,6
18670,0,-1,0,0,0,276,1,9
18671,0,-1,0,0,0,276,1,4
18672,0,-1,0,0,0,826,1,16
18673,0,-1,0,1,0,156,1,4
18674,0,-1,0,0,0,156,1,11
18675,0,-1,0,0,0,840,1,12
18676,0,-1,0,1,0,250,1,17
18677,0,-1,0,0,0,826,1,3
18678,0,-1,0,0,0,250,1,8
18679,0,-1,0,0,0,156,1,7
18680,0,-1,0,0,0,840,1,14
18681,0,-1,0,0,0,826,1,12
18682,0,-1,0,0,0,826,1,9
18683,0,-1,0,0,0,156,1,15
18684,0,-1,0,0,0,826,1,16
18685,0,-1,0,0,0,276,1,7
18686,0,-1,0,0,0,840,1,13
18687,0,-1,0,0,0,250,1,1
18688,0,-1,0,0,0,250,1,9
18689,0,-1,0,0,0,826,1,2
18690,0,-1,0,0,0,250,1,13
18691,0,-1,0,0,0,826,1,17
18692,0,-1,0,0,0,250,1,10
18693,0,-1,0,0,0,826,1,0
18694,0,-1,0,0,1,250,1,0
18695,0,-1,0,1,0,826,1,14
18696,0,-1,0,0,0,276,1,16
18697,0,-1,0,0,0,250,1,14
18698,0,-1,0,0,1,840,1,3
18699,0,-1,0,0,0,156,1,12
18700,0,-1,0,1,0,250,1,6
18701,0,-1,0,1,0,156,1,16
18702,0,-1,0,0,1,250,1,3
18703,0,-1,0,0,0,826,1,10
18704,0,-1,0,0,0,840,1,8
18705,0,-1,0,0,0,840,1,8
18706,0,-1,0,1,0,250,1,13
18707,0,-1,0,0,0,826,1,1
18708,0,-1,0,0,0,250,1,9
18709,0,-1,0,0,0,826,1,18
18710,0,-1,0,1,0,840,1,19
18711,0,-1,0,0,0,826,1,10
18712,0,-1,0,0,0,276,1,1
18713,0,-1,0,0,0,276,1,0
18714,0,-1,0,0,1,826,1,6
18715,0,-1,0,0,0,156,1,12
18716,0,-1,0,0,0,826,1,9
18717,0,-1,0,0,0,276,1,0
18718,0,-1,0,0,0,826,1,3
18719,0,-1,0,0,0,250,1,19
18720,0,-1,0,0,0,250,1,17
18721,0,-1,0,0,0,250,1,15
18722,0,-1,0,0,0,250,1,9
18723,0,-1,0,0,0,276,1,9
18724,0,-1,0,0,0,840,1,19
18725,0,-1,0,0,0,276,1,3
18726,0,-1,0,0,0,276,1,1
18727,0,-1,0,1,0,250,1,12
18728,0,-1,0,0,0,250,1,17
18729,0,-1,0,0,0,826,1,5
18730,0,-1,0,1,0,156,1,13
18731,0,-1,0,1,0,156,1,14
18732,0,-1,0,0,0,826,1,0
18733,0,-1,0,0,0,156,1,10
18734,0,-1,0,0,0,276,1,16
18735,0,-1,0,0,1,840,1,1
18736,0,-1,0,0,0,826,1,19
18737,0,-1,0,0,0,276,1,11
18738,0,-1,0,0,0,840,1,9
18739,0,-1,0,0,0,156,1,19
18740,0,-1,0,0,0,840,1,8
18741,0,-1,0,1,0,840,1,11
18742,0,-1,0,0,0,826,1,14
18743,0,-1,0,0,0,156,1,16
18744,0,-1,0,0,0,826,1,7
18745,0,-1,0,0,0,826,1,7
18746,0,-1,0,0,0,840,1,16
18747,0,-1,0,0,1,826,1,13
18748,0,-1,0,0,0,840,1,15
18749,0,-1,0,0,0,840,1,9
18750,0,-1,0,0,0,276,1,10
18751,0,-1,0,0,0,250,1,10
18752,0,-1,0,0,0,276,1,16
18753,0,-1,0,1,0,156,1,7
18754,0,-1,0,0,0,276,1,11
18755,0,-1,0,0,0,156,1,0
18756,0,-1,0,0,0,250,1,17
18757,0,-1,0,0,0,250,1,5
18758,0,-1,0,1,0,840,1,6
18759,0,-1,0,1,0,250,1,7
18760,0,-1,0,1,0,156,1,7
18761,0,-1,0,0,0,156,1,15
18762,0,-1,0,0,0,276,1,7
18763,0,-1,0,0,0,276,1,15
18764,0,-1,0,0,0,826,1,0
18765,0,-1,0,0,0,250,1,0
18766,0,-1,0,0,0,826,1,16
18767,0,-1,0,1,0,276,1,19
18768,0,-1,0,0,0,826,1,2
18769,0,-1,0,0,0,826,1,8
18770,0,-1,0,0,0,276,1,0
18771,0,-1,0,0,0,276,1,1
18772,0,-1,0,0,0,276,1,5
18773,0,-1,0,0,0,840,1,13
18774,0,-1,0,1,0,840,1,4
18775,0,-1,0,0,0,840,1,9
18776,0,-1,0,0,0,156,1,6
18777,0,-1,0,1,0,276,1,13
18778,0,-1,0,0,0,250,1,18
18779,0,-1,0,0,0,250,1,13
18780,0,-1,0,1,0,276,1,1
18781,0,-1,0,0,0,156,1,0
18782,0,-1,0,0,0,156,1,11
18783,0,-1,0,0,0,276,1,7
18784,0,-1,0,0,0,840,1,3
18785,0,-1,0,0,0,250,1,1
18786,0,-1,0,0,0,250,1,15
18787,0,-1,0,0,0,276,1,0
18788,0,-1,0,0,0,250,1,4
18789,0,-1,0,0,0,826,1,8
18790,0,-1,0,0,0,840,1,16
18791,0,-1,0,0,0,156,1,7
18792,0,-1,0,0,0,156,1,14
18793,0,-1,0,0,0,826,1,2
18794,0,-1,0,1,0,826,1,8
18795,0,-1,0,0,1,250,1,7
18796,0,-1,0,1,0,250,1,11
18797,0,-1,0,0,0,826,1,6
18798,0,-1,0,0,0,156,1,4
18799,0,-1,0,0,0,276,1,13
18800,0,-1,0,0,0,826,1,16
18801,0,-1,0,0,0,840,1,13
18802,0,-1,0,0,0,156,1,9
18803,0,-1,0,0,0,156,1,8
18804,0,-1,0,0,0,840,1,19
18805,0,-1,0,0,1,840,1,1
18806,0,-1,0,0,1,250,1,4
18807,0,-1,0,0,0,276,1,11
18808,0,-1,0,0,0,156,1,7
18809,0,-1,0,0,0,276,1,5
18810,0,-1,0,0,0,156,1,11
18811,0,-1,0,0,0,156,1,5
18812,0,-1,0,0,0,826,1,7
18813,0,-1,0,0,0,276,1,0
18814,0,-1,0,1,0,276,1,16
18815,0,-1,0,0,0,840,1,4
18816,0,-1,0,0,0,250,1,12
18817,0,-1,0,0,0,840,1,17
18818,0,-1,0,0,0,156,1,19
18819,0,-1,0,0,0,826,1,0
18820,0,-1,0,0,1,250,1,7
18821,0,-1,0,0,0,840,1,4
18822,0,-1,0,0,0,250,1,18
18823,0,-1,0,0,0,276,1,8
18824,0,-1,0,0,0,156,1,18
18825,0,-1,0,0,0,276,1,13
18826,0,-1,0,1,1,250,1,6
18827,0,-1,0,1,0,826,1,11
18828,0,-1,0,0,0,840,1,19
18829,0,-1,0,0,0,250,1,4
18830,0,-1,0,0,0,250,1,16
18831,0,-1,0,0,0,840,1,14
18832,0,-1,0,0,1,156,1,8
18833,0,-1,0,0,0,276,1,9
18834,0,-1,0,0,0,826,1,19
18835,0,-1,0,0,0,156,1,17
18836,0,-1,0,0,0,156,1,6
18837,0,-1,0,1,0,250,1,8
18838,0,-1,0,0,0,156,1,10
18839,0,-1,0,0,0,826,1,13
18840,0,-1,0,0,0,840,1,4
18841,0,-1,0,0,0,250,1,18
18842,0,-1,0,0,0,840,1,14
18843,0,-1,0,0,0,250,1,10
18844,0,-1,0,0,0,250,1,18
18845,0,-1,0,0,0,840,1,10
18846,0,-1,0,0,0,826,1,16
18847,0,-1,0,0,0,826,1,12
18848,0,-1,0,0,0,840,1,9
18849,0,-1,0,0,0,840,1,2
18850,0,-1,0,0,0,276,1,7
18851,0,-1,0,0,0,826,1,15
18852,0,-1,0,0,0,250,1,8
18853,0,-1,0,0,0,826,1,1
18854,0,-1,0,0,0,826,1,13
18855,0,-1,0,0,0,840,1,1
18856,0,-1,0,0,0,826,1,18
18857,0,-1,0,0,0,840,1,8
18858,0,-1,0,1,0,276,1,17
18859,0,-1,0,0,0,826,1,18
18860,0,-1,0,0,0,840,1,10
18861,0,-1,0,0,1,276,1,12
18862,0,-1,0,0,0,276,1,8
18863,0,-1,0,0,0,826,1,12
18864,0,-1,0,0,0,276,1,0
18865,0,-1,0,0,0,276,1,13
18866,0,-1,0,0,0,250,1,14
18867,0,-1,0,0,0,826,1,17
18868,0,-1,0,0,1,840,1,5
18869,0,-1,0,0,0,276,1,12
18870,0,-1,0,0,0,156,1,10
18871,0,-1,0,0,0,840,1,12
18872,0,-1,0,0,0,156,1,2
18873,0,-1,0,0,0,156,1,10
18874,0,-1,0,0,0,826,1,8
18875,0,-1,0,0,0,276,1,8
18876,0,-1,0,0,1,156,1,3
18877,0,-1,0,0,0,156,1,8
18878,0,-1,0,0,0,276,1,11
18879,0,-1,0,0,0,840,1,17
18880,0,-1,0,0,0,250,1,6
18881,0,-1,0,0,0,840,1,6
18882,0,-1,0,0,0,250,1,9
18883,0,-1,0,0,0,156,1,9
18884,0,-1,0,0,0,250,1,12
18885,0,-1,0,0,1,276,1,19
18886,0,-1,0,0,0,156,1,4
18887,0,-1,0,1,0,276,1,11
18888,0,-1,0,0,0,826,1,19
18889,0,-1,0,0,0,250,1,0
18890,0,-1,0,0,1,826,1,1
18891,0,-1,0,0,0,276,1,3
18892,0,-1,0,0,0,840,1,18
18893,0,-1,0,0,0,156,1,11
18894,0,-1,0,0,0,156,1,3
18895,0,-1,0,0,0,840,1,2
18896,0,-1,0,0,0,840,1,10
18897,0,-1,0,0,0,156,1,10
18898,0,-1,0,1,0,826,1,11
18899,0,-1,0,0,0,826,1,9
18900,0,-1,0,0,0,840,1,12
18901,0,-1,0,0,0,840,1,5
18902,0,-1,0,0,0,276,1,6
18903,0,-1,0,0,0,156,1,1
18904,0,-1,0,0,0,276,1,3
18905,0,-1,0,0,0,826,1,3
18906,0,-1,0,0,0,276,1,8
18907,0,-1,0,0,0,840,1,3
18908,0,-1,0,1,0,250,1,3
18909,0,-1,0,0,0,840,1,9
18910,0,-1,0,0,0,156,1,3
18911,0,-1,0,0,0,840,1,11
18912,0,-1,0,1,0,250,1,19
18913,0,-1,0,0,0,826,1,18
18914,0,-1,0,0,0,276,1,7
18915,0,-1,0,0,0,156,1,1
18916,0,-1,0,0,0,276,1,2
18917,0,-1,0,0,0,250,1,7
18918,0,-1,0,0,0,276,1,9
18919,0,-1,0,0,0,250,1,1
18920,0,-1,0,0,0,840,1,1
18921,0,-1,0,0,0,276,1,18
18922,0,-1,0,1,0,840,1,18
18923,0,-1,0,0,0,250,1,17
18924,0,-1,0,0,0,840,1,12
18925,0,-1,0,0,0,276,1,1
18926,0,-1,0,0,0,840,1,18
18927,0,-1,0,0,0,250,1,9
18928,0,-1,0,1,0,250,1,16
18929,0,-1,0,0,0,276,1,13
18930,0,-1,0,0,0,840,1,4
18931,0,-1,0,0,0,840,1,3
18932,0,-1,0,0,0,840,1,8
18933,0,-1,0,0,0,276,1,14
18934,0,-1,0,0,0,250,1,8
18935,0,-1,0,0,0,276,1,4
18936,0,-1,0,0,0,840,1,6
18937,0,-1,0,0,0,250,1,17
18938,0,-1,0,0,0,276,1,15
18939,0,-1,0,0,0,840,1,11
18940,0,-1,0,0,0,156,1,5
18941,0,-1,0,0,0,826,1,6
18942,0,-1,0,0,0,156,1,15
18943,0,-1,0,0,0,826,1,4
18944,0,-1,0,0,1,250,1,1
18945,0,-1,0,0,0,840,1,8
18946,0,-1,0,0,0,156,1,17
18947,0,-1,0,0,0,250,1,11
18948,0,-1,0,0,0,840,1,13
18949,0,-1,0,0,0,156,1,0
18950,0,-1,0,0,0,826,1,17
18951,0,-1,0,0,0,250,1,15
18952,0,-1,0,0,0,156,1,6
18953,0,-1,0,0,0,156,1,6
18954,0,-1,0,0,0,840,1,16
18955,0,-1,0,0,0,250,1,1
18956,0,-1,0,0,0,250,1,15
18957,0,-1,0,0,0,840,1,8
18958,0,-1,0,0,0,826,1,17
18959,0,-1,0,0,0,250,1,19
18960,0,-1,0,0,0,840,1,4
18961,0,-1,0,0,0,250,1,0
18962,0,-1,0,0,0,156,1,8
18963,0,-1,0,0,0,276,1,10
18964,0,-1,0,0,0,156,1,8
18965,0,-1,0,1,0,826,1,8
18966,0,-1,0,0,0,826,1,4
18967,0,-1,0,1,1,826,1,18
18968,0,-1,0,0,0,840,1,9
18969,0,-1,0,0,0,840,1,9
18970,0,-1,0,0,0,276,1,17
18971,0,-1,0,0,0,840,1,15
18972,0,-1,0,0,0,156,1,5
18973,0,-1,0,0,0,156,1,1
18974,0,-1,0,0,0,840,1,11
18975,0,-1,0,0,0,826,1,7
18976,0,-1,0,1,1,840,1,12
18977,0,-1,0,0,0,840,1,0
18978,0,-1,0,0,0,276,1,16
18979,0,-1,0,0,0,276,1,18
18980,0,-1,0,0,0,250,1,5
18981,0,-1,0,0,0,250,1,17
18982,0,-1,0,0,0,156,1,17
18983,0,-1,0,0,0,276,1,17
18984,0,-1,0,0,0,826,1,7
18985,0,-1,0,1,0,156,1,4
18986,0,-1,0,1,0,276,1,14
18987,0,-1,0,0,0,250,1,3
18988,0,-1,0,0,1,826,1,19
18989,0,-1,0,0,0,276,1,8
18990,0,-1,0,0,0,840,1,4
18991,0,-1,0,0,0,250,1,4
18992,0,-1,0,0,0,826,1,9
18993,0,-1,0,0,0,840,1,17
18994,0,-1,0,0,0,276,1,9
18995,0,-1,0,0,0,276,1,4
18996,0,-1,0,0,0,276,1,3
18997,0,-1,0,0,0,156,1,17
18998,0,-1,0,0,0,250,1,3
18999,0,-1,0,0,0,840,1,15
19000,0,-1,0,0,0,840,1,0
19001,0,-1,0,0,0,156,1,11
19002,0,-1,0,0,0,250,1,6
19003,0,-1,0,0,0,156,1,13
19004,0,-1,0,0,0,276,1,15
19005,0,-1,0,0,0,840,1,4
19006,0,-1,0,0,0,826,1,2
19007,0,-1,0,0,0,250,1,4
19008,0,-1,0,0,0,250,1,3
19009,0,-1,0,0,0,840,1,4
19010,0,-1,0,0,1,250,1,7
19011,0,-1,0,0,0,156,1,0
19012,0,-1,0,1,0,276,1,11
19013,0,-1,0,1,0,276,1,10
19014,0,-1,0,0,0,156,1,11
19015,0,-1,0,0,0,276,1,7
19016,0,-1,0,0,0,840,1,5
19017,0,-1,0,1,0,156,1,14
19018,0,-1,0,0,0,276,1,2
19019,0,-1,0,1,0,840,1,1
19020,0,-1,0,0,0,840,1,4
19021,0,-1,0,0,0,276,1,2
19022,0,-1,0,0,1,250,1,11
19023,0,-1,0,0,0,840,1,19
19024,0,-1,0,0,0,840,1,13
19025,0,-1,0,0,0,826,1,6
19026,0,-1,0,0,0,250,1,1
19027,0,-1,0,1,0,826,1,17
19028,0,-1,0,0,0,156,1,13
19029,0,-1,0,0,0,250,1,3
19030,0,-1,0,1,0,250,1,18
19031,0,-1,0,0,0,156,1,12
19032,0,-1,0,0,0,156,1,10
19033,0,-1,0,1,0,276,1,13
19034,0,-1,0,0,0,840,1,16
19035,0,-1,0,0,0,156,1,18
19036,0,-1,0,1,1,156,1,7
19037,0,-1,0,0,0,826,1,10
19038,0,-1,0,0,0,156,1,3
19039,0,-1,0,0,0,156,1,8
19040,0,-1,0,0,1,250,1,14
19041,0,-1,0,0,0,250,1,12
19042,0,-1,0,0,0,826,1,8
19043,0,-1,0,0,0,840,1,8
19044,0,-1,0,0,0,250,1,4
19045,0,-1,0,0,0,250,1,12
19046,0,-1,0,0,0,156,1,9
19047,0,-1,0,0,0,840,1,13
19048,0,-1,0,0,0,840,1,15
19049,0,-1,0,0,0,826,1,18
19050,0,-1,0,0,1,826,1,12
19051,0,-1,0,0,0,276,1,3
19052,0,-1,0,0,0,250,1,3
19053,0,-1,0,0,0,156,1,1
19054,0,-1,0,1,0,156,1,18
19055,0,-1,0,0,0,156,1,1
19056,0,-1,0,0,1,276,1,14
19057,0,-1,0,1,0,250,1,0
19058,0,-1,0,0,0,276,1,13
19059,0,-1,0,1,0,826,1,5
19060,0,-1,0,0,0,250,1,2
19061,0,-1,0,0,0,840,1,3
19062,0,-1,0,0,0,276,1,13
19063,0,-1,0,0,0,276,1,10
19064,0,-1,0,0,0,840,1,7
19065,0,-1,0,0,0,276,1,5
19066,0,-1,0,0,0,826,1,4
19067,0,-1,0,0,0,156,1,17
19068,0,-1,0,0,0,250,1,6
19069,0,-1,0,0,1,156,1,17
19070,0,-1,0,0,0,250,1,17
19071,0,-1,0,0,0,826,1,6
19072,0,-1,0,1,0,826,1,16
19073,0,-1,0,0,0,250,1,17
19074,0,-1,0,0,0,840,1,17
19075,0,-1,0,0,0,826,1,6
19076,0,-1,0,1,0,156,1,11
19077,0,-1,0,0,0,276,1,10
19078,0,-1,0,0,0,250,1,8
19079,0,-1,0,0,0,250,1,18
19080,0,-1,0,0,0,840,1,9
19081,0,-1,0,0,0,276,1,15
19082,0,-1,0,0,0,826,1,9
19083,0,-1,0,0,0,250,1,1
19084,0,-1,0,0,0,276,1,1
19085,0,-1,0,0,0,826,1,11
19086,0,-1,0,0,0,276,1,15
19087,0,-1,0,0,0,250,1,4
19088,0,-1,0,0,0,156,1,19
19089,0,-1,0,0,0,826,1,17
19090,0,-1,0,1,0,840,1,12
19091,0,-1,0,0,0,826,1,12
19092,0,-1,0,0,0,840,1,15
19093,0,-1,0,1,1,156,1,15
19094,0,-1,0,1,0,156,1,14
19095,0,-1,0,0,0,156,1,14
19096,0,-1,0,0,0,840,1,2
19097,0,-1,0,0,0,840,1,12
19098,0,-1,0,0,0,250,1,17
19099,0,-1,0,0,0,826,1,15
19100,0,-1,0,0,0,840,1,1
19101,0,-1,0,0,0,276,1,5
19102,0,-1,0,0,0,156,1,17
19103,0,-1,0,0,0,840,1,4
19104,0,-1,0,0,0,840,1,13
19105,0,-1,0,0,0,250,1,8
19106,0,-1,0,0,0,250,1,15
19107,0,-1,0,0,0,826,1,13
19108,0,-1,0,1,0,250,1,3
19109,0,-1,0,1,0,156,1,13
19110,0,-1,0,0,0,826,1,7
19111,0,-1,0,0,0,156,1,19
19112,0,-1,0,0,0,826,1,0
19113,0,-1,0,0,0,250,1,17
19114,0,-1,0,0,0,156,1,1
19115,0,-1,0,0,0,250,1,7
19116,0,-1,0,0,0,840,1,18
19117,0,-1,0,0,0,250,1,13
19118,0,-1,0,0,0,250,1,8
19119,0,-1,0,0,0,250,1,14
19120,0,-1,0,0,0,250,1,18
19121,0,-1,0,0,0,250,1,15
19122,0,-1,0,0,0,250,1,12
19123,0,-1,0,0,0,840,1,18
19124,0,-1,0,0,0,840,1,17
19125,0,-1,0,0,0,156,1,10
19126,0,-1,0,0,0,276,1,12
19127,0,-1,0,0,0,156,1,7
19128,0,-1,0,0,0,250,1,17
19129,0,-1,0,0,0,840,1,7
19130,0,-1,0,0,0,156,1,12
19131,0,-1,0,0,0,826,1,6
19132,0,-1,0,0,0,250,1,13
19133,0,-1,0,0,0,840,1,2
19134,0,-1,0,0,0,840,1,6
19135,0,-1,0,0,0,840,1,7
19136,0,-1,0,0,0,156,1,4
19137,0,-1,0,0,0,156,1,7
19138,0,-1,0,0,0,840,1,14
19139,0,-1,0,0,0,826,1,4
19140,0,-1,0,0,0,276,1,13
19141,0,-1,0,0,0,826,1,6
19142,0,-1,0,0,0,156,1,18
19143,0,-1,0,0,0,276,1,5
19144,0,-1,0,0,0,250,1,14
19145,0,-1,0,0,0,276,1,14
19146,0,-1,0,0,0,250,1,1
19147,0,-1,0,1,0,276,1,3
19148,0,-1,0,0,0,250,1,11
19149,0,-1,0,0,0,276,1,3
19150,0,-1,0,0,0,826,1,3
19151,0,-1,0,0,0,250,1,3
19152,0,-1,0,0,0,156,1,9
19153,0,-1,0,0,0,826,1,16
19154,0,-1,0,0,0,840,1,19
19155,0,-1,0,0,0,276,1,17
19156,0,-1,0,0,0,840,1,13
19157,0,-1,0,0,0,156,1,7
19158,0,-1,0,0,0,250,1,11
19159,0,-1,0,0,0,250,1,5
19160,0,-1,0,0,0,156,1,15
19161,0,-1,0,0,0,276,1,14
19162,0,-1,0,0,0,276,1,8
19163,0,-1,0,0,0,840,1,0
19164,0,-1,0,1,0,826,1,11
19165,0,-1,0,1,0,156,1,17
19166,0,-1,0,0,0,840,1,8
19167,0,-1,0,0,1,276,1,11
19168,0,-1,0,1,0,250,1,1
19169,0,-1,0,1,0,840,1,7
19170,0,-1,0,0,0,840,1,11
19171,0,-1,0,0,0,826,1,9
19172,0,-1,0,0,0,250,1,17
19173,0,-1,0,0,0,156,1,9
19174,0,-1,0,0,0,156,1,14
19175,0,-1,0,0,0,840,1,19
19176,0,-1,0,0,0,156,1,15
19177,0,-1,0,0,0,156,1,15
19178,0,-1,0,0,0,840,1,11
19179,0,-1,0,0,0,826,1,9
19180,0,-1,0,0,0,276,1,8
19181,0,-1,0,0,0,276,1,16
19182,0,-1,0,0,0,826,1,13
19183,0,-1,0,0,0,826,1,9
19184,0,-1,0,0,0,156,1,19
19185,0,-1,0,0,0,840,1,4
19186,0,-1,0,0,0,250,1,7
19187,0,-1,0,0,0,826,1,16
19188,0,-1,0,0,0,276,1,17
19189,0,-1,0,0,0,250,1,17
19190,0,-1,0,0,0,276,1,11
19191,0,-1,0,0,0,250,1,7
19192,0,-1,0,0,0,156,1,4
19193,0,-1,0,0,0,250,1,11
19194,0,-1,0,0,0,276,1,9
19195,0,-1,0,1,0,826,1,2
19196,0,-1,0,1,0,156,1,18
19197,0,-1,0,0,0,826,1,14
19198,0,-1,0,0,0,250,1,13
19199,0,-1,0,0,1,276,1,9
19200,0,-1,0,0,0,826,1,5
19201,0,-1,0,0,0,250,1,15
19202,0,-1,0,0,0,276,1,8
19203,0,-1,0,0,0,156,1,4
19204,0,-1,0,0,0,250,1,7
19205,0,-1,0,0,0,840,1,2
19206,0,-1,0,0,0,276,1,0
19207,0,-1,0,0,0,276,1,8
19208,0,-1,0,0,0,826,1,19
19209,0,-1,0,0,0,276,1,2
19210,0,-1,0,0,0,826,1,9
19211,0,-1,0,0,0,156,1,2
19212,0,-1,0,0,0,156,1,3
19213,0,-1,0,0,0,276,1,8
19214,0,-1,0,0,0,840,1,1
19215,0,-1,0,0,0,156,1,3
19216,0,-1,0,0,0,156,1,19
19217,0,-1,0,0,0,250,1,10
19218,0,-1,0,0,0,840,1,12
19219,0,-1,0,1,0,250,1,10
19220,0,-1,0,0,0,156,1,15
19221,0,-1,0,0,0,826,1,10
19222,0,-1,0,0,0,276,1,11
19223,0,-1,0,0,1,250,1,17
19224,0,-1,0,0,1,276,1,0
19225,0,-1,0,0,0,276,1,2
19226,0,-1,0,1,0,840,1,12
19227,0,-1,0,0,0,156,1,19
19228,0,-1,0,0,0,840,1,6
19229,0,-1,0,0,0,156,1,6
19230,0,-1,0,0,0,250,1,16
19231,0,-1,0,0,0,250,1,15
19232,0,-1,0,0,0,250,1,3
19233,0,-1,0,0,0,840,1,9
19234,0,-1,0,0,0,826,1,14
19235,0,-1,0,0,0,276,1,7
19236,0,-1,0,0,0,156,1,14
19237,0,-1,0,0,0,156,1,7
19238,0,-1,0,0,0,826,1,7
19239,0,-1,0,1,1,156,1,2
19240,0,-1,0,0,0,826,1,11
19241,0,-1,0,0,0,840,1,3
19242,0,-1,0,0,0,156,1,18
19243,0,-1,0,0,0,826,1,7
19244,0,-1,0,0,0,250,1,18
19245,0,-1,0,0,0,826,1,0
19246,0,-1,0,0,0,276,1,11
19247,0,-1,0,0,0,250,1,10
19248,0,-1,0,0,0,276,1,15
19249,0,-1,0,0,0,826,1,9
19250,0,-1,0,1,0,826,1,1
19251,0,-1,0,0,0,250,1,14
19252,0,-1,0,1,0,276,1,15
19253,0,-1,0,0,0,276,1,11
19254,0,-1,0,1,1,826,1,3
19255,0,-1,0,0,0,840,1,12
19256,0,-1,0,0,0,156,1,13
19257,0,-1,0,0,0,156,1,16
19258,0,-1,0,0,0,826,1,11
19259,0,-1,0,0,0,250,1,18
19260,0,-1,0,1,0,840,1,9
19261,0,-1,0,0,0,840,1,17
19262,0,-1,0,0,0,250,1,13
19263,0,-1,0,0,0,250,1,18
19264,0,-1,0,0,0,826,1,11
19265,0,-1,0,0,1,250,1,14
19266,0,-1,0,0,1,156,1,15
19267,0,-1,0,0,0,156,1,11
19268,0,-1,0,0,0,250,1,12
19269,0,-1,0,0,1,156,1,16
19270,0,-1,0,0,0,156,1,8
19271,0,-1,0,0,1,276,1,11
19272,0,-1,0,0,0,250,1,14
19273,0,-1,0,0,0,840,1,15
19274,0,-1,0,0,0,826,1,11
19275,0,-1,0,0,0,156,1,13
19276,0,-1,0,0,0,156,1,10
19277,0,-1,0,0,0,156,1,2
19278,0,-1,0,0,0,840,1,9
19279,0,-1,0,0,0,276,1,15
19280,0,-1,0,0,0,156,1,5
19281,0,-1,0,0,0,250,1,15
19282,0,-1,0,0,0,250,1,16
19283,0,-1,0,0,0,250,1,7
19284,0,-1,0,0,0,840,1,18
19285,0,-1,0,0,0,250,1,10
19286,0,-1,0,1,0,156,1,2
19287,0,-1,0,0,0,826,1,9
19288,0,-1,0,0,1,840,1,2
19289,0,-1,0,0,0,156,1,1
19290,0,-1,0,0,0,276,1,5
19291,0,-1,0,0,1,156,1,19
19292,0,-1,0,0,0,250,1,14
19293,0,-1,0,0,0,250,1,11
19294,0,-1,0,0,0,250,1,5
19295,0,-1,0,1,0,276,1,14
19296,0,-1,0,1,0,276,1,11
19297,0,-1,0,0,0,826,1,13
19298,0,-1,0,0,0,276,1,16
19299,0,-1,0,1,0,840,1,6
19300,0,-1,0,0,0,276,1,19
19301,0,-1,0,0,1,276,1,10
19302,0,-1,0,0,0,276,1,4
19303,0,-1,0,0,0,840,1,13
19304,0,-1,0,1,0,156,1,15
19305,0,-1,0,0,0,156,1,0
19306,0,-1,0,1,0,156,1,18
19307,0,-1,0,0,0,826,1,10
19308,0,-1,0,0,0,276,1,15
19309,0,-1,0,0,0,826,1,5
19310,0,-1,0,0,0,156,1,3
19311,0,-1,0,1,0,156,1,13
19312,0,-1,0,1,0,276,1,12
19313,0,-1,0,0,0,840,1,15
19314,0,-1,0,0,0,826,1,15
19315,0,-1,0,0,1,250,1,11
19316,0,-1,0,0,1,156,1,12
19317,0,-1,0,0,0,276,1,2
19318,0,-1,0,0,0,276,1,15
19319,0,-1,0,0,0,826,1,6
19320,0,-1,0,0,0,250,1,18
19321,0,-1,0,0,0,840,1,2
19322,0,-1,0,0,0,826,1,7
19323,0,-1,0,0,0,250,1,8
19324,0,-1,0,0,0,826,1,12
19325,0,-1,0,0,0,826,1,11
19326,0,-1,0,0,0,276,1,19
19327,0,-1,0,0,0,826,1,19
19328,0,-1,0,1,0,250,1,4
19329,0,-1,0,0,0,156,1,4
19330,0,-1,0,0,0,156,1,11
19331,0,-1,0,0,0,250,1,4
19332,0,-1,0,0,0,156,1,0
19333,0,-1,0,0,0,826,1,6
19334,0,-1,0,0,0,826,1,12
19335,0,-1,0,0,0,276,1,0
19336,0,-1,0,0,0,840,1,11
19337,0,-1,0,0,0,156,1,5
19338,0,-1,0,0,0,826,1,14
19339,0,-1,0,0,0,826,1,1
19340,0,-1,0,0,0,250,1,16
19341,0,-1,0,0,0,826,1,12
19342,0,-1,0,0,0,250,1,19
19343,0,-1,0,0,0,840,1,7
19344,0,-1,0,0,0,840,1,12
19345,0,-1,0,1,0,826,1,3
19346,0,-1,0,0,0,276,1,1
19347,0,-1,0,0,0,250,1,6
19348,0,-1,0,0,0,840,1,1
19349,0,-1,0,0,0,250,1,14
19350,0,-1,0,0,0,250,1,15
19351,0,-1,0,1,0,276,1,11
19352,0,-1,0,0,0,826,1,12
19353,0,-1,0,0,0,276,1,2
19354,0,-1,0,0,0,156,1,9
19355,0,-1,0,0,0,156,1,10
19356,0,-1,0,0,0,156,1,12
19357,0,-1,0,0,0,826,1,2
19358,0,-1,0,0,0,276,1,5
19359,0,-1,0,0,0,840,1,13
19360,0,-1,0,1,0,840,1,11
19361,0,-1,0,1,0,250,1,7
19362,0,-1,0,0,0,276,1,12
19363,0,-1,0,0,0,276,1,1
19364,0,-1,0,0,0,250,1,11
19365,0,-1,0,0,0,276,1,11
19366,0,-1,0,0,0,826,1,13
19367,0,-1,0,0,0,276,1,3
19368,0,-1,0,0,0,840,1,17
19369,0,-1,0,0,0,156,1,6
19370,0,-1,0,0,0,250,1,8
19371,0,-1,0,0,0,826,1,10
19372,0,-1,0,0,0,276,1,18
19373,0,-1,0,0,0,840,1,6
19374,0,-1,0,0,0,250,1,17
19375,0,-1,0,0,0,276,1,11
19376,0,-1,0,0,0,826,1,8
19377,0,-1,0,0,0,156,1,3
19378,0,-1,0,0,0,250,1,3
19379,0,-1,0,0,0,156,1,19
19380,0,-1,0,0,0,840,1,6
19381,0,-1,0,0,0,840,1,16
19382,0,-1,0,0,0,276,1,6
19383,0,-1,0,0,0,840,1,14
19384,0,-1,0,0,0,840,1,12
19385,0,-1,0,0,0,156,1,14
19386,0,-1,0,0,0,156,1,9
19387,0,-1,0,0,0,250,1,1
19388,0,-1,0,0,0,276,1,1
19389,0,-1,0,1,0,156,1,8
19390,0,-1,0,0,0,826,1,17
19391,0,-1,0,0,0,250,1,10
19392,0,-1,0,1,0,250,1,17
19393,0,-1,0,0,0,156,1,1
19394,0,-1,0,1,0,156,1,8
19395,0,-1,0,0,1,840,1,9
19396,0,-1,0,1,0,250,1,8
19397,0,-1,0,0,0,840,1,19
19398,0,-1,0,0,0,826,1,6
19399,0,-1,0,0,0,826,1,1
19400,0,-1,0,0,0,250,1,16
19401,0,-1,0,0,0,826,1,6
19402,0,-1,0,0,0,276,1,10
19403,0,-1,0,0,0,250,1,10
19404,0,-1,0,0,1,840,1,0
19405,0,-1,0,0,0,840,1,2
19406,0,-1,0,0,0,826,1,7
19407,0,-1,0,0,0,826,1,16
19408,0,-1,0,0,0,840,1,3
19409,0,-1,0,0,0,276,1,12
19410,0,-1,0,0,0,250,1,11
19411,0,-1,0,0,0,250,1,10
19412,0,-1,0,0,0,826,1,3
19413,0,-1,0,0,0,840,1,13
19414,0,-1,0,0,0,156,1,4
19415,0,-1,0,0,0,250,1,10
19416,0,-1,0,0,0,250,1,15
19417,0,-1,0,0,0,156,1,2
19418,0,-1,0,1,1,826,1,3
19419,0,-1,0,1,0,156,1,11
19420,0,-1,0,0,0,250,1,4
19421,0,-1,0,0,1,156,1,1
19422,0,-1,0,0,0,840,1,7
19423,0,-1,0,0,0,840,1,9
19424,0,-1,0,0,0,250,1,16
19425,0,-1,0,0,0,840,1,18
19426,0,-1,0,0,0,276,1,11
19427,0,-1,0,0,0,276,1,14
19428,0,-1,0,0,0,840,1,16
19429,0,-1,0,0,0,250,1,16
19430,0,-1,0,0,0,156,1,2
19431,0,-1,0,0,0,250,1,5
19432,0,-1,0,0,0,156,1,17
19433,0,-1,0,0,0,826,1,14
19434,0,-1,0,0,0,276,1,5
19435,0,-1,0,1,0,840,1,17
19436,0,-1,0,0,0,840,1,6
19437,0,-1,0,0,0,276,1,8
19438,0,-1,0,1,0,276,1,10
19439,0,-1,0,0,0,840,1,8
19440,0,-1,0,0,0,276,1,5
19441,0,-1,0,0,0,840,1,14
19442,0,-1,0,0,0,276,1,8
19443,0,-1,0,0,0,276,1,0
19444,0,-1,0,0,0,840,1,11
19445,0,-1,0,0,0,826,1,8
19446,0,-1,0,0,0,826,1,14
19447,0,-1,0,0,0,276,1,0
19448,0,-1,0,0,0,840,1,12
19449,0,-1,0,0,1,250,1,17
19450,0,-1,0,0,0,250,1,5
19451,0,-1,0,0,0,276,1,16
19452,0,-1,0,0,0,826,1,15
19453,0,-1,0,0,0,250,1,16
19454,0,-1,0,0,0,840,1,0
19455,0,-1,0,0,0,840,1,13
19456,0,-1,0,0,0,276,1,0
19457,0,-1,0,0,0,840,1,10
19458,0,-1,0,1,0,276,1,12
19459,0,-1,0,0,0,276,1,8
19460,0,-1,0,0,0,826,1,15
19461,0,-1,0,0,0,250,1,0
19462,0,-1,0,0,0,826,1,6
19463,0,-1,0,0,0,276,1,6
19464,0,-1,0,0,0,826,1,8
19465,0,-1,0,0,0,156,1,6
19466,0,-1,0,0,0,250,1,6
19467,0,-1,0,1,0,156,1,6
19468,0,-1,0,0,0,840,1,4
19469,0,-1,0,0,0,250,1,5
19470,0,-1,0,0,0,840,1,18
19471,0,-1,0,0,1,156,1,3
19472,0,-1,0,0,0,250,1,1
19473,0,-1,0,1,0,250,1,14
19474,0,-1,0,0,0,250,1,17
19475,0,-1,0,0,0,250,1,12
19476,0,-1,0,0,0,276,1,17
19477,0,-1,0,0,0,156,1,6
19478,0,-1,0,0,0,156,1,8
19479,0,-1,0,1,0,250,1,12
19480,0,-1,0,0,0,840,1,15
19481,0,-1,0,0,0,276,1,18
19482,0,-1,0,0,0,826,1,5
19483,0,-1,0,0,0,276,1,2
19484,0,-1,0,0,0,250,1,17
19485,0,-1,0,0,0,826,1,8
19486,0,-1,0,0,0,250,1,5
19487,0,-1,0,0,0,840,1,15
19488,0,-1,0,0,0,276,1,16
19489,0,-1,0,1,0,826,1,17
19490,0,-1,0,1,0,840,1,2
19491,0,-1,0,0,0,840,1,6
19492,0,-1,0,0,0,276,1,15
19493,0,-1,0,1,0,156,1,10
19494,0,-1,0,0,0,250,1,17
19495,0,-1,0,0,0,250,1,13
19496,0,-1,0,1,0,826,1,6
19497,0,-1,0,0,0,250,1,11
19498,0,-1,0,0,0,156,1,1
19499,0,-1,0,0,0,276,1,7
19500,0,-1,0,0,0,826,1,3
19501,0,-1,0,0,1,840,1,12
19502,0,-1,0,0,0,276,1,3
19503,0,-1,0,0,0,826,1,6
19504,0,-1,0,0,0,250,1,8
19505,0,-1,0,0,0,840,1,10
19506,0,-1,0,0,0,276,1,3
19507,0,-1,0,0,0,156,1,4
19508,0,-1,0,0,0,250,1,13
19509,0,-1,0,0,0,250,1,17
19510,0,-1,0,0,0,826,1,5
19511,0,-1,0,0,0,156,1,17
19512,0,-1,0,0,0,840,1,6
19513,0,-1,0,0,0,826,1,19
19514,0,-1,0,0,0,156,1,10
19515,0,-1,0,0,0,156,1,12
19516,0,-1,0,0,0,826,1,3
19517,0,-1,0,0,0,250,1,13
19518,0,-1,0,0,1,826,1,10
19519,0,-1,0,0,0,826,1,15
19520,0,-1,0,0,0,276,1,4
19521,0,-1,0,0,0,826,1,5
19522,0,-1,0,0,0,250,1,13
19523,0,-1,0,0,1,156,1,4
19524,0,-1,0,0,0,276,1,1
19525,0,-1,0,0,0,840,1,11
19526,0,-1,0,0,0,250,1,16
19527,0,-1,0,0,0,840,1,19
19528,0,-1,0,0,0,250,1,2
19529,0,-1,0,0,0,276,1,19
19530,0,-1,0,0,0,276,1,16
19531,0,-1,0,0,0,276,1,17
19532,0,-1,0,0,0,826,1,11
19533,0,-1,0,0,0,156,1,5
19534,0,-1,0,1,1,156,1,8
19535,0,-1,0,0,0,156,1,6
19536,0,-1,0,0,0,840,1,11
19537,0,-1,0,0,0,156,1,13
19538,0,-1,0,0,0,156,1,17
19539,0,-1,0,0,0,826,1,13
19540,0,-1,0,0,0,276,1,11
19541,0,-1,0,1,0,840,1,11
19542,0,-1,0,0,0,840,1,15
19543,0,-1,0,0,0,826,1,9
19544,0,-1,0,0,0,276,1,19
19545,0,-1,0,0,0,250,1,7
19546,0,-1,0,0,0,250,1,4
19547,0,-1,0,0,0,826,1,3
19548,0,-1,0,1,0,840,1,17
19549,0,-1,0,0,0,156,1,17
19550,0,-1,0,0,0,276,1,8
19551,0,-1,0,0,0,826,1,8
19552,0,-1,0,0,0,276,1,19
19553,0,-1,0,1,0,250,1,6
19554,0,-1,0,0,0,840,1,4
19555,0,-1,0,0,0,840,1,16
19556,0,-1,0,0,0,840,1,0
19557,0,-1,0,0,0,840,1,15
19558,0,-1,0,0,0,276,1,5
19559,0,-1,0,0,1,250,1,14
19560,0,-1,0,0,1,840,1,3
19561,0,-1,0,0,0,826,1,2
19562,0,-1,0,1,0,250,1,13
19563,0,-1,0,0,1,276,1,13
19564,0,-1,0,0,0,156,1,8
19565,0,-1,0,0,0,250,1,15
19566,0,-1,0,0,0,840,1,11
19567,0,-1,0,0,0,250,1,14
19568,0,-1,0,0,0,250,1,0
19569,0,-1,0,0,0,826,1,7
19570,0,-1,0,0,0,250,1,17
19571,0,-1,0,1,0,156,1,8
19572,0,-1,0,0,0,840,1,3
19573,0,-1,0,1,0,156,1,0
19574,0,-1,0,0,0,156,1,15
19575,0,-1,0,0,0,840,1,19
19576,0,-1,0,0,0,276,1,17
19577,0,-1,0,0,0,156,1,2
19578,0,-1,0,0,0,276,1,0
19579,0,-1,0,0,0,840,1,0
19580,0,-1,0,0,0,840,1,18
19581,0,-1,0,0,0,250,1,1
19582,0,-1,0,0,0,250,1,12
19583,0,-1,0,0,0,250,1,7
19584,0,-1,0,0,0,840,1,14
19585,0,-1,0,1,0,276,1,8
19586,0,-1,0,0,0,826,1,13
19587,0,-1,0,0,0,156,1,12
19588,0,-1,0,0,0,250,1,17
19589,0,-1,0,0,0,826,1,18
19590,0,-1,0,0,0,156,1,5
19591,0,-1,0,0,0,826,1,9
19592,0,-1,0,0,0,250,1,14
19593,0,-1,0,0,0,826,1,18
19594,0,-1,0,0,0,250,1,18
19595,0,-1,0,0,0,250,1,10
19596,0,-1,0,0,0,250,1,15
19597,0,-1,0,0,0,276,1,19
19598,0,-1,0,0,0,276,1,18
19599,0,-1,0,0,0,840,1,10
19600,0,-1,0,0,0,276,1,7
19601,0,-1,0,0,1,276,1,11
19602,0,-1,0,0,0,276,1,11
19603,0,-1,0,0,0,156,1,2
19604,0,-1,0,0,0,840,1,4
19605,0,-1,0,0,0,250,1,0
19606,0,-1,0,0,0,276,1,2
19607,0,-1,0,0,0,250,1,19
19608,0,-1,0,0,0,156,1,2
19609,0,-1,0,0,0,276,1,17
19610,0,-1,0,0,0,250,1,18
19611,0,-1,0,0,1,250,1,0
19612,0,-1,0,1,0,276,1,10
19613,0,-1,0,0,0,826,1,17
19614,0,-1,0,1,0,250,1,2
19615,0,-1,0,0,0,826,1,15
19616,0,-1,0,1,0,276,1,7
19617,0,-1,0,0,0,276,1,8
19618,0,-1,0,0,0,826,1,4
19619,0,-1,0,1,0,250,1,2
19620,0,-1,0,0,0,840,1,17
19621,0,-1,0,0,0,276,1,6
19622,0,-1,0,1,0,840,1,11
19623,0,-1,0,1,0,826,1,9
19624,0,-1,0,0,0,276,1,2
19625,0,-1,0,0,0,840,1,13
19626,0,-1,0,0,0,840,1,17
19627,0,-1,0,0,1,250,1,15
19628,0,-1,0,0,0,276,1,6
19629,0,-1,0,1,0,826,1,12
19630,0,-1,0,0,0,250,1,0
19631,0,-1,0,0,0,156,1,15
19632,0,-1,0,0,0,826,1,3
19633,0,-1,0,0,0,840,1,1
19634,0,-1,0,0,0,276,1,8
19635,0,-1,0,0,0,276,1,18
19636,0,-1,0,0,0,250,1,11
19637,0,-1,0,0,0,840,1,2
19638,0,-1,0,0,0,250,1,19
19639,0,-1,0,0,0,250,1,4
19640,0,-1,0,0,0,826,1,0
19641,0,-1,0,0,0,276,1,3
19642,0,-1,0,0,0,276,1,1
19643,0,-1,0,0,0,826,1,7
19644,0,-1,0,0,0,840,1,11
19645,0,-1,0,0,0,276,1,0
19646,0,-1,0,0,0,156,1,8
19647,0,-1,0,0,0,840,1,12
19648,0,-1,0,0,0,840,1,3
19649,0,-1,0,0,0,826,1,10
19650,0,-1,0,1,0,276,1,13
19651,0,-1,0,0,0,276,1,12
19652,0,-1,0,0,0,156,1,4
19653,0,-1,0,0,0,156,1,18
19654,0,-1,0,0,0,840,1,1
19655,0,-1,0,0,0,826,1,6
19656,0,-1,0,0,0,826,1,13
19657,0,-1,0,0,0,276,1,15
19658,0,-1,0,0,0,250,1,4
19659,0,-1,0,0,0,250,1,17
19660,0,-1,0,0,0,840,1,1
19661,0,-1,0,1,0,156,1,9
19662,0,-1,0,0,0,156,1,8
19663,0,-1,0,1,0,840,1,11
19664,0,-1,0,0,0,276,1,19
19665,0,-1,0,0,0,250,1,3
19666,0,-1,0,0,0,840,1,4
19667,0,-1,0,0,0,276,1,12
19668,0,-1,0,0,0,276,1,16
19669,0,-1,0,0,0,276,1,14
19670,0,-1,0,0,0,156,1,1
19671,0,-1,0,0,0,840,1,1
19672,0,-1,0,0,0,156,1,1
19673,0,-1,0,0,0,826,1,15
19674,0,-1,0,1,0,250,1,10
19675,0,-1,0,1,0,840,1,19
19676,0,-1,0,0,0,276,1,15
19677,0,-1,0,0,0,250,1,7
19678,0,-1,0,0,0,156,1,16
19679,0,-1,0,0,0,250,1,3
19680,0,-1,0,0,0,276,1,17
19681,0,-1,0,0,0,156,1,1
19682,0,-1,0,0,0,826,1,7
19683,0,-1,0,1,0,156,1,6
19684,0,-1,0,0,0,250,1,13
19685,0,-1,0,0,0,250,1,11
19686,0,-1,0,0,0,250,1,17
19687,0,-1,0,0,0,826,1,6
19688,0,-1,0,0,0,840,1,7
19689,0,-1,0,1,0,250,1,1
19690,0,-1,0,0,0,826,1,11
19691,0,-1,0,0,0,156,1,10
19692,0,-1,0,0,0,840,1,16
19693,0,-1,0,0,0,840,1,7
19694,0,-1,0,0,0,840,1,17
19695,0,-1,0,0,0,250,1,4
19696,0,-1,0,0,0,156,1,17
19697,0,-1,0,0,1,250,1,19
19698,0,-1,0,0,0,826,1,4
19699,0,-1,0,0,0,156,1,10
19700,0,-1,0,0,0,250,1,9
19701,0,-1,0,0,0,840,1,15
19702,0,-1,0,0,0,276,1,3
19703,0,-1,0,1,0,156,1,1
19704,0,-1,0,0,0,826,1,5
19705,0,-1,0,0,0,250,1,11
19706,0,-1,0,0,0,156,1,7
19707,0,-1,0,0,0,156,1,15
19708,0,-1,0,0,0,156,1,4
19709,0,-1,0,0,0,276,1,14
19710,0,-1,0,0,0,156,1,2
19711,0,-1,0,0,1,840,1,17
19712,0,-1,0,0,0,156,1,11
19713,0,-1,0,0,0,250,1,2
19714,0,-1,0,0,0,276,1,10
19715,0,-1,0,0,0,156,1,18
19716,0,-1,0,1,0,276,1,10
19717,0,-1,0,1,0,156,1,12
19718,0,-1,0,0,0,250,1,15
19719,0,-1,0,0,0,826,1,2
19720,0,-1,0,0,0,826,1,12
19721,0,-1,0,0,0,156,1,8
19722,0,-1,0,0,0,276,1,15
19723,0,-1,0,0,0,156,1,15
19724,0,-1,0,0,1,276,1,15
19725,0,-1,0,0,1,156,1,14
19726,0,-1,0,0,0,250,1,14
19727,0,-1,0,0,0,826,1,16
19728,0,-1,0,0,0,826,1,3
19729,0,-1,0,0,0,840,1,13
19730,0,-1,0,0,0,250,1,9
19731,0,-1,0,1,0,156,1,6
19732,0,-1,0,0,0,156,1,2
19733,0,-1,0,0,0,826,1,5
19734,0,-1,0,0,0,276,1,6
19735,0,-1,0,0,0,840,1,2
19736,0,-1,0,0,0,250,1,2
19737,0,-1,0,0,0,156,1,1
19738,0,-1,0,0,0,250,1,14
19739,0,-1,0,0,0,826,1,19
19740,0,-1,0,1,0,840,1,18
19741,0,-1,0,0,0,276,1,4
19742,0,-1,0,0,0,826,1,18
19743,0,-1,0,0,0,826,1,5
19744,0,-1,0,0,0,826,1,19
19745,0,-1,0,0,0,250,1,17
19746,0,-1,0,0,0,840,1,5
19747,0,-1,0,0,0,276,1,6
19748,0,-1,0,0,1,276,1,12
19749,0,-1,0,0,0,156,1,9
19750,0,-1,0,0,0,276,1,0
19751,0,-1,0,0,0,826,1,14
19752,0,-1,0,0,0,840,1,3
19753,0,-1,0,0,0,276,1,18
19754,0,-1,0,0,0,276,1,10
19755,0,-1,0,0,0,156,1,19
19756,0,-1,0,0,0,156,1,15
19757,0,-1,0,1,0,156,1,5
19758,0,-1,0,1,0,826,1,4
19759,0,-1,0,0,0,840,1,16
19760,0,-1,0,0,0,826,1,16
19761,0,-1,0,0,0,250,1,5
19762,0,-1,0,0,0,276,1,3
19763,0,-1,0,0,0,840,1,7
19764,0,-1,0,0,0,156,1,0
19765,0,-1,0,0,0,840,1,15
19766,0,-1,0,1,0,156,1,3
19767,0,-1,0,0,0,276,1,1
19768,0,-1,0,0,0,840,1,18
19769,0,-1,0,0,0,826,1,1
19770,0,-1,0,0,0,250,1,18
19771,0,-1,0,0,0,840,1,16
19772,0,-1,0,0,0,840,1,15
19773,0,-1,0,0,0,826,1,19
19774,0,-1,0,0,1,276,1,13
19775,0,-1,0,0,0,840,1,16
19776,0,-1,0,0,0,250,1,14
19777,0,-1,0,0,0,276,1,9
19778,0,-1,0,0,0,826,1,4
19779,0,-1,0,0,1,826,1,19
19780,0,-1,0,0,0,826,1,13
19781,0,-1,0,0,0,826,1,13
19782,0,-1,0,0,0,826,1,14
19783,0,-1,0,0,0,276,1,3
19784,0,-1,0,0,0,276,1,0
19785,0,-1,0,0,0,840,1,2
19786,0,-1,0,0,0,156,1,16
19787,0,-1,0,0,0,156,1,19
19788,0,-1,0,0,0,840,1,12
19789,0,-1,0,0,0,156,1,16
19790,0,-1,0,0,0,156,1,6
19791,0,-1,0,0,0,276,1,0
19792,0,-1,0,0,0,276,1,7
19793,0,-1,0,0,0,276,1,6
19794,0,-1,0,0,0,276,1,9
19795,0,-1,0,0,0,156,1,1
19796,0,-1,0,0,0,840,1,12
19797,0,-1,0,0,0,250,1,12
19798,0,-1,0,0,0,826,1,8
19799,0,-1,0,0,0,276,1,0
19800,0,-1,0,0,0,156,1,19
19801,0,-1,0,0,0,250,1,5
19802,0,-1,0,1,0,156,1,2
19803,0,-1,0,1,0,826,1,11
19804,0,-1,0,0,0,250,1,6
19805,0,-1,0,0,0,156,1,4
19806,0,-1,0,0,0,250,1,17
19807,0,-1,0,0,0,840,1,19
19808,0,-1,0,0,0,156,1,14
19809,0,-1,0,0,0,156,1,12
19810,0,-1,0,0,0,250,1,15
19811,0,-1,0,0,0,156,1,3
19812,0,-1,0,0,0,250,1,12
19813,0,-1,0,0,0,840,1,3
19814,0,-1,0,0,0,840,1,19
19815,0,-1,0,0,0,276,1,12
19816,0,-1,0,0,0,250,1,11
19817,0,-1,0,0,0,250,1,8
19818,0,-1,0,0,0,826,1,18
19819,0,-1,0,1,0,156,1,19
19820,0,-1,0,0,0,826,1,1
19821,0,-1,0,0,0,840,1,14
19822,0,-1,0,0,0,840,1,5
19823,0,-1,0,0,0,250,1,7
19824,0,-1,0,0,0,840,1,8
19825,0,-1,0,0,0,826,1,17
19826,0,-1,0,0,0,840,1,6
19827,0,-1,0,0,0,156,1,14
19828,0,-1,0,0,0,276,1,7
19829,0,-1,0,0,1,156,1,5
19830,0,-1,0,1,0,276,1,12
19831,0,-1,0,1,0,826,1,14
19832,0,-1,0,0,0,826,1,1
19833,0,-1,0,0,0,250,1,1
19834,0,-1,0,0,0,156,1,8
19835,0,-1,0,0,0,826,1,13
19836,0,-1,0,0,0,250,1,3
19837,0,-1,0,0,0,156,1,16
19838,0,-1,0,0,0,826,1,4
19839,0,-1,0,0,0,840,1,10
19840,0,-1,0,0,1,826,1,14
19841,0,-1,0,0,0,826,1,16
19842,0,-1,0,0,0,156,1,19
19843,0,-1,0,0,0,840,1,12
19844,0,-1,0,0,0,826,1,5
19845,0,-1,0,0,0,826,1,10
19846,0,-1,0,1,0,826,1,1
19847,0,-1,0,0,0,250,1,7
19848,0,-1,0,0,0,250,1,2
19849,0,-1,0,0,0,840,1,12
19850,0,-1,0,0,0,826,1,5
19851,0,-1,0,1,0,826,1,3
19852,0,-1,0,0,0,156,1,9
19853,0,-1,0,1,0,250,1,14
19854,0,-1,0,0,0,826,1,16
19855,0,-1,0,0,0,156,1,9
19856,0,-1,0,0,0,156,1,13
19857,0,-1,0,0,0,276,1,17
19858,0,-1,0,1,0,156,1,5
19859,0,-1,0,0,0,826,1,5
19860,0,-1,0,0,1,840,1,15
19861,0,-1,0,0,0,250,1,17
19862,0,-1,0,0,0,250,1,2
19863,0,-1,0,0,0,250,1,17
19864,0,-1,0,0,0,826,1,3
19865,0,-1,0,0,0,276,1,8
19866,0,-1,0,0,0,276,1,13
19867,0,-1,0,0,0,826,1,3
19868,0,-1,0,0,0,276,1,19
19869,0,-1,0,0,0,840,1,11
19870,0,-1,0,0,0,840,1,8
19871,0,-1,0,0,0,826,1,16
19872,0,-1,0,0,0,826,1,14
19873,0,-1,0,0,0,156,1,19
19874,0,-1,0,0,1,840,1,19
19875,0,-1,0,0,0,840,1,8
19876,0,-1,0,0,0,826,1,9
19877,0,-1,0,1,0,826,1,19
19878,0,-1,0,0,0,156,1,2
19879,0,-1,0,0,0,156,1,8
19880,0,-1,0,0,0,840,1,3
19881,0,-1,0,1,0,156,1,12
19882,0,-1,0,0,0,156,1,13
19883,0,-1,0,0,0,840,1,1
19884,0,-1,0,0,0,826,1,18
19885,0,-1,0,0,0,156,1,18
19886,0,-1,0,0,0,250,1,10
19887,0,-1,0,0,0,276,1,3
19888,0,-1,0,0,0,156,1,4
19889,0,-1,0,0,0,826,1,18
19890,0,-1,0,1,0,826,1,9
19891,0,-1,0,1,0,250,1,1
19892,0,-1,0,0,0,250,1,13
19893,0,-1,0,0,0,840,1,5
19894,0,-1,0,0,0,250,1,19
19895,0,-1,0,0,0,250,1,11
19896,0,-1,0,0,0,840,1,6
19897,0,-1,0,0,0,826,1,8
19898,0,-1,0,0,0,250,1,17
19899,0,-1,0,0,0,840,1,3
19900,0,-1,0,0,0,840,1,13
19901,0,-1,0,0,0,276,1,4
19902,0,-1,0,0,1,826,1,16
19903,0,-1,0,0,0,840,1,12
19904,0,-1,0,1,0,826,1,16
19905,0,-1,0,0,0,276,1,6
19906,0,-1,0,0,0,826,1,2
19907,0,-1,0,0,0,276,1,8
19908,0,-1,0,0,0,250,1,14
19909,0,-1,0,0,0,840,1,16
19910,0,-1,0,0,0,840,1,3
19911,0,-1,0,0,0,276,1,7
19912,0,-1,0,0,1,156,1,12
19913,0,-1,0,0,0,276,1,1
19914,0,-1,0,0,0,826,1,17
19915,0,-1,0,0,0,250,1,15
19916,0,-1,0,0,0,250,1,6
19917,0,-1,0,0,0,250,1,17
19918,0,-1,0,1,0,156,1,5
19919,0,-1,0,0,0,826,1,10
19920,0,-1,0,0,0,250,1,0
19921,0,-1,0,0,1,826,1,0
19922,0,-1,0,0,0,276,1,7
19923,0,-1,0,0,0,156,1,1
19924,0,-1,0,0,0,276,1,15
19925,0,-1,0,0,0,156,1,4
19926,0,-1,0,0,0,156,1,15
19927,0,-1,0,0,0,250,1,18
19928,0,-1,0,0,0,826,1,0
19929,0,-1,0,0,0,156,1,10
19930,0,-1,0,1,0,276,1,10
19931,0,-1,0,0,0,250,1,8
19932,0,-1,0,0,0,826,1,4
19933,0,-1,0,0,0,840,1,9
19934,0,-1,0,0,0,276,1,6
19935,0,-1,0,0,0,156,1,5
19936,0,-1,0,0,0,840,1,2
19937,0,-1,0,0,0,826,1,9
19938,0,-1,0,0,0,840,1,13
19939,0,-1,0,0,0,826,1,13
19940,0,-1,0,0,0,250,1,10
19941,0,-1,0,0,0,826,1,6
19942,0,-1,0,0,0,156,1,10
19943,0,-1,0,0,0,276,1,15
19944,0,-1,0,0,0,826,1,16
19945,0,-1,0,0,0,156,1,14
19946,0,-1,0,0,0,826,1,7
19947,0,-1,0,0,0,250,1,6
19948,0,-1,0,0,0,840,1,5
19949,0,-1,0,1,0,840,1,14
19950,0,-1,0,0,0,840,1,15
19951,0,-1,0,0,0,156,1,16
19952,0,-1,0,1,0,276,1,4
19953,0,-1,0,0,0,840,1,5
19954,0,-1,0,0,0,156,1,8
19955,0,-1,0,0,0,250,1,7
19956,0,-1,0,0,0,250,1,5
19957,0,-1,0,0,0,840,1,6
19958,0,-1,0,0,0,276,1,19
19959,0,-1,0,0,0,840,1,19
19960,0,-1,0,1,0,840,1,10
19961,0,-1,0,0,0,840,1,0
19962,0,-1,0,0,0,156,1,14
19963,0,-1,0,0,0,826,1,18
19964,0,-1,0,0,0,840,1,19
19965,0,-1,0,0,0,156,1,6
19966,0,-1,0,0,0,826,1,6
19967,0,-1,0,0,0,276,1,8
19968,0,-1,0,0,0,826,1,2
19969,0,-1,0,0,0,250,1,4
19970,0,-1,0,0,0,840,1,16
19971,0,-1,0,0,0,840,1,0
19972,0,-1,0,0,0,156,1,18
19973,0,-1,0,0,0,840,1,6
19974,0,-1,0,0,0,826,1,16
19975,0,-1,0,0,0,250,1,3
19976,0,-1,0,0,0,276,1,8
19977,0,-1,0,0,0,156,1,18
19978,0,-1,0,0,0,276,1,2
19979,0,-1,0,1,0,826,1,15
19980,0,-1,0,0,0,276,1,9
19981,0,-1,0,0,0,156,1,4
19982,0,-1,0,0,0,250,1,10
19983,0,-1,0,0,0,840,1,3
19984,0,-1,0,1,0,840,1,15
19985,0,-1,0,0,0,826,1,0
19986,0,-1,0,0,0,276,1,13
19987,0,-1,0,0,0,276,1,2
19988,0,-1,0,0,0,826,1,7
19989,0,-1,0,1,0,276,1,7
19990,0,-1,0,0,0,156,1,9
19991,0,-1,0,0,0,250,1,6
19992,0,-1,0,0,0,250,1,7
19993,0,-1,0,0,0,250,1,6
19994,0,-1,0,0,0,276,1,6
19995,0,-1,0,0,0,156,1,16
19996,0,-1,0,1,0,826,1,12
19997,0,-1,0,0,0,826,1,14
19998,0,-1,0,0,0,826,1,16
19999,0,-1,0,0,0,826,1,2
20000,0,-1,0,0,0,840,1,16
20001,0,-1,0,0,0,840,1,19
20002,0,-1,0,0,0,826,1,11
20003,0,-1,0,0,0,276,1,2
20004,0,-1,0,0,0,840,1,4
20005,0,-1,0,0,0,276,1,3
20006,0,-1,0,0,0,250,1,11
20007,0,-1,0,0,0,156,1,2
20008,0,-1,0,0,0,826,1,4
20009,0,-1,0,0,1,840,1,5
20010,0,-1,0,0,0,250,1,0
20011,0,-1,0,0,0,840,1,12
20012,0,-1,0,1,0,250,1,11
20013,0,-1,0,0,0,250,1,12
20014,0,-1,0,0,0,826,1,17
20015,0,-1,0,0,0,840,1,12
20016,0,-1,0,0,0,276,1,8
20017,0,-1,0,0,0,826,1,1
20018,0,-1,0,0,0,840,1,3
20019,0,-1,0,0,0,826,1,2
20020,0,-1,0,0,0,250,1,6
20021,0,-1,0,0,1,156,1,16
20022,0,-1,0,1,0,276,1,5
20023,0,-1,0,0,0,250,1,7
20024,0,-1,0,0,0,840,1,8
20025,0,-1,0,0,0,840,1,10
20026,0,-1,0,1,0,826,1,3
20027,0,-1,0,0,0,840,1,12
20028,0,-1,0,0,0,250,1,2
20029,0,-1,0,0,0,250,1,8
20030,0,-1,0,0,0,840,1,18
20031,0,-1,0,1,0,276,1,0
20032,0,-1,0,0,0,276,1,4
20033,0,-1,0,0,0,156,1,9
20034,0,-1,0,0,0,250,1,6
20035,0,-1,0,0,0,826,1,10
20036,0,-1,0,0,0,156,1,8
20037,0,-1,0,0,0,276,1,19
20038,0,-1,0,0,0,276,1,15
20039,0,-1,0,0,0,826,1,14
20040,0,-1,0,0,0,156,1,0
20041,0,-1,0,0,0,826,1,18
20042,0,-1,0,0,1,276,1,18
20043,0,-1,0,0,0,156,1,7
20044,0,-1,0,0,0,156,1,4
20045,0,-1,0,0,0,250,1,16
20046,0,-1,0,0,0,250,1,6
20047,0,-1,0,0,0,156,1,10
20048,0,-1,0,0,0,276,1,16
20049,0,-1,0,0,0,250,1,0
20050,0,-1,0,0,0,276,1,18
20051,0,-1,0,0,0,826,1,12
20052,0,-1,0,0,0,840,1,19
20053,0,-1,0,0,0,250,1,13
20054,0,-1,0,0,0,156,1,3
20055,0,-1,0,0,0,826,1,10
20056,0,-1,0,0,0,250,1,5
20057,0,-1,0,0,0,276,1,10
20058,0,-1,0,0,0,840,1,7
20059,0,-1,0,0,0,826,1,0
20060,0,-1,0,0,0,250,1,12
20061,0,-1,0,0,0,840,1,6
20062,0,-1,0,0,0,156,1,1
20063,0,-1,0,0,0,826,1,13
20064,0,-1,0,0,0,250,1,4
20065,0,-1,0,0,0,826,1,17
20066,0,-1,0,0,0,250,1,18
20067,0,-1,0,0,0,840,1,18
20068,0,-1,0,0,0,250,1,17
20069,0,-1,0,0,0,840,1,12
20070,0,-1,0,1,0,276,1,18
20071,0,-1,0,0,1,276,1,4
20072,0,-1,0,0,0,276,1,6
20073,0,-1,0,0,0,276,1,12
20074,0,-1,0,0,0,250,1,6
20075,0,-1,0,0,1,156,1,4
20076,0,-1,0,0,0,826,1,16
20077,0,-1,0,0,0,826,1,17
20078,0,-1,0,0,0,156,1,6
20079,0,-1,0,0,0,276,1,5
20080,0,-1,0,0,0,156,1,10
20081,0,-1,0,0,0,156,1,1
20082,0,-1,0,0,0,276,1,6
20083,0,-1,0,0,0,840,1,0
20084,0,-1,0,1,0,840,1,14
20085,0,-1,0,0,0,250,1,8
20086,0,-1,0,0,0,250,1,14
20087,0,-1,0,0,0,156,1,2
20088,0,-1,0,0,1,826,1,12
20089,0,-1,0,0,0,156,1,12
20090,0,-1,0,0,0,276,1,16
20091,0,-1,0,0,0,156,1,15
20092,0,-1,0,0,0,826,1,9
20093,0,-1,0,0,0,840,1,15
20094,0,-1,0,0,0,840,1,14
20095,0,-1,0,0,0,840,1,8
20096,0,-1,0,0,0,250,1,16
20097,0,-1,0,0,0,276,1,8
20098,0,-1,0,1,0,250,1,10
20099,0,-1,0,0,0,276,1,6
20100,0,-1,0,0,0,250,1,12
20101,0,-1,0,0,0,250,1,15
20102,0,-1,0,0,1,156,1,5
20103,0,-1,0,0,0,840,1,2
20104,0,-1,0,1,0,250,1,1
20105,0,-1,0,0,0,250,1,16
20106,0,-1,0,0,0,156,1,19
20107,0,-1,0,0,0,840,1,1
20108,0,-1,0,1,0,156,1,19
20109,0,-1,0,0,0,250,1,6
20110,0,-1,0,1,0,250,1,19
20111,0,-1,0,0,0,156,1,14
20112,0,-1,0,0,0,276,1,15
20113,0,-1,0,0,0,840,1,4
20114,0,-1,0,0,0,156,1,19
20115,0,-1,0,1,1,840,1,6
20116,0,-1,0,0,0,826,1,11
20117,0,-1,0,0,0,826,1,12
20118,0,-1,0,0,0,156,1,2
20119,0,-1,0,0,0,276,1,1
20120,0,-1,0,0,0,840,1,16
20121,0,-1,0,0,0,840,1,17
20122,0,-1,0,0,0,826,1,8
20123,0,-1,0,0,0,276,1,4
20124,0,-1,0,0,0,276,1,7
20125,0,-1,0,0,0,250,1,11
20126,0,-1,0,0,0,276,1,17
20127,0,-1,0,0,0,276,1,5
20128,0,-1,0,0,0,156,1,6
20129,0,-1,0,0,0,840,1,4
20130,0,-1,0,0,0,276,1,11
20131,0,-1,0,1,0,826,1,5
20132,0,-1,0,1,0,840,1,16
20133,0,-1,0,0,0,250,1,3
20134,0,-1,0,0,0,840,1,10
20135,0,-1,0,0,0,840,1,16
20136,0,-1,0,0,0,276,1,1
20137,0,-1,0,0,0,826,1,7
20138,0,-1,0,0,0,826,1,1
20139,0,-1,0,0,0,250,1,16
20140,0,-1,0,1,0,156,1,4
20141,0,-1,0,0,0,250,1,0
20142,0,-1,0,0,0,840,1,19
20143,0,-1,0,0,0,276,1,16
20144,0,-1,0,0,0,840,1,10
20145,0,-1,0,1,0,826,1,3
20146,0,-1,0,0,0,840,1,17
20147,0,-1,0,0,0,276,1,14
20148,0,-1,0,0,0,276,1,1
20149,0,-1,0,0,0,156,1,0
20150,0,-1,0,0,0,826,1,11
20151,0,-1,0,0,0,826,1,2
20152,0,-1,0,1,0,156,1,12
20153,0,-1,0,0,0,276,1,14
20154,0,-1,0,0,0,250,1,19
20155,0,-1,0,0,0,156,1,12
20156,0,-1,0,0,0,276,1,19
20157,0,-1,0,0,0,826,1,10
20158,0,-1,0,0,0,826,1,3
20159,0,-1,0,0,0,276,1,3
20160,0,-1,0,0,0,156,1,11
20161,0,-1,0,0,0,250,1,3
20162,0,-1,0,0,0,250,1,17
20163,0,-1,0,0,0,250,1,3
20164,0,-1,0,0,0,826,1,16
20165,0,-1,0,0,0,250,1,17
20166,0,-1,0,0,0,276,1,17
20167,0,-1,0,0,0,840,1,10
20168,0,-1,0,1,0,156,1,7
20169,0,-1,0,0,0,826,1,2
20170,0,-1,0,0,0,250,1,5
20171,0,-1,0,1,0,156,1,19
20172,0,-1,0,0,0,840,1,11
20173,0,-1,0,0,0,156,1,16
20174,0,-1,0,0,0,840,1,2
20175,0,-1,0,1,0,250,1,6
20176,0,-1,0,1,0,840,1,19
20177,0,-1,0,0,0,250,1,14
20178,0,-1,0,0,0,156,1,12
20179,0,-1,0,0,0,250,1,9
20180,0,-1,0,0,0,156,1,7
20181,0,-1,0,1,0,840,1,5
20182,0,-1,0,0,0,826,1,5
20183,0,-1,0,0,0,826,1,11
20184,0,-1,0,0,0,276,1,2
20185,0,-1,0,0,0,826,1,14
20186,0,-1,0,0,0,250,1,17
20187,0,-1,0,0,0,826,1,18
20188,0,-1,0,1,0,826,1,4
20189,0,-1,0,0,0,840,1,3
20190,0,-1,0,0,0,250,1,9
20191,0,-1,0,0,0,840,1,2
20192,0,-1,0,0,0,840,1,12
20193,0,-1,0,0,0,840,1,14
20194,0,-1,0,0,0,826,1,3
20195,0,-1,0,0,0,826,1,5
20196,0,-1,0,0,0,826,1,0
20197,0,-1,0,0,0,250,1,2
20198,0,-1,0,0,0,840,1,6
20199,0,-1,0,0,0,840,1,8
20200,0,-1,0,0,0,826,1,5
20201,0,-1,0,0,0,276,1,8
20202,0,-1,0,0,0,250,1,7
20203,0,-1,0,0,0,840,1,10
20204,0,-1,0,0,0,826,1,19
20205,0,-1,0,0,0,156,1,17
20206,0,-1,0,0,0,840,1,15
20207,0,-1,0,0,1,840,1,12
20208,0,-1,0,0,0,276,1,0
20209,0,-1,0,0,0,840,1,1
20210,0,-1,0,0,0,250,1,18
20211,0,-1,0,0,0,250,1,11
20212,0,-1,0,0,0,250,1,2
20213,0,-1,0,0,0,826,1,12
20214,0,-1,0,1,0,250,1,9
20215,0,-1,0,0,0,840,1,11
20216,0,-1,0,0,0,840,1,7
20217,0,-1,0,0,0,250,1,12
20218,0,-1,0,0,0,156,1,6
20219,0,-1,0,0,0,250,1,18
20220,0,-1,0,0,0,840,1,6
20221,0,-1,0,0,0,156,1,18
20222,0,-1,0,0,0,840,1,18
20223,0,-1,0,1,0,156,1,18
20224,0,-1,0,0,0,840,1,7
20225,0,-1,0,0,0,840,1,16
20226,0,-1,0,0,0,276,1,10
20227,0,-1,0,0,0,276,1,17
20228,0,-1,0,0,0,840,1,1
20229,0,-1,0,0,0,250,1,16
20230,0,-1,0,0,0,840,1,3
20231,0,-1,0,0,0,840,1,6
20232,0,-1,0,0,0,156,1,8
20233,0,-1,0,0,0,840,1,14
20234,0,-1,0,0,0,250,1,4
20235,0,-1,0,0,0,250,1,12
20236,0,-1,0,0,0,156,1,6
20237,0,-1,0,0,0,250,1,15
20238,0,-1,0,0,0,250,1,16
20239,0,-1,0,0,0,156,1,15
20240,0,-1,0,1,0,840,1,6
20241,0,-1,0,0,0,276,1,19
20242,0,-1,0,0,0,250,1,1
20243,0,-1,0,0,0,826,1,10
20244,0,-1,0,0,0,276,1,8
20245,0,-1,0,0,0,156,1,18
20246,0,-1,0,0,0,250,1,17
20247,0,-1,0,0,0,840,1,15
20248,0,-1,0,0,0,156,1,6
20249,0,-1,0,0,0,826,1,0
20250,0,-1,0,0,0,276,1,10
20251,0,-1,0,0,0,826,1,7
20252,0,-1,0,1,0,840,1,15
20253,0,-1,0,0,0,276,1,2
20254,0,-1,0,0,0,156,1,6
20255,0,-1,0,0,0,156,1,17
20256,0,-1,0,1,0,826,1,19
20257,0,-1,0,0,0,156,1,17
20258,0,-1,0,0,0,276,1,16
20259,0,-1,0,0,1,840,1,17
20260,0,-1,0,0,0,276,1,8
20261,0,-1,0,0,0,826,1,12
20262,0,-1,0,1,0,156,1,15
20263,0,-1,0,0,0,250,1,3
20264,0,-1,0,0,0,156,1,0
20265,0,-1,0,0,0,156,1,12
20266,0,-1,0,0,0,276,1,16
20267,0,-1,0,0,0,276,1,19
20268,0,-1,0,0,0,840,1,6
20269,0,-1,0,0,0,250,1,6
20270,0,-1,0,1,0,156,1,11
20271,0,-1,0,1,0,840,1,8
20272,0,-1,0,1,0,826,1,10
20273,0,-1,0,0,0,826,1,18
20274,0,-1,0,0,0,840,1,2
20275,0,-1,0,1,0,250,1,15
20276,0,-1,0,0,0,250,1,2
20277,0,-1,0,1,0,156,1,17
20278,0,-1,0,0,0,276,1,0
20279,0,-1,0,0,0,250,1,0
20280,0,-1,0,0,0,276,1,7
20281,0,-1,0,0,0,826,1,15
20282,0,-1,0,0,0,840,1,7
20283,0,-1,0,0,0,276,1,10
20284,0,-1,0,0,0,250,1,11
20285,0,-1,0,0,0,276,1,11
20286,0,-1,0,0,0,826,1,10
20287,0,-1,0,1,0,156,1,2
20288,0,-1,0,0,1,156,1,6
20289,0,-1,0,1,1,840,1,2
20290,0,-1,0,0,0,840,1,13
20291,0,-1,0,1,0,276,1,19
20292,0,-1,0,0,0,826,1,19
20293,0,-1,0,0,0,156,1,14
20294,0,-1,0,0,0,156,1,17
20295,0,-1,0,0,0,840,1,18
20296,0,-1,0,0,0,826,1,19
20297,0,-1,0,0,0,826,1,13
20298,0,-1,0,0,0,840,1,0
20299,0,-1,0,0,0,250,1,12
20300,0,-1,0,0,0,826,1,4
20301,0,-1,0,0,1,276,1,12
20302,0,-1,0,1,0,156,1,8
20303,0,-1,0,1,0,826,1,9
20304,0,-1,0,0,0,276,1,5
20305,0,-1,0,0,0,156,1,19
20306,0,-1,0,0,0,156,1,10
20307,0,-1,0,0,0,840,1,16
20308,0,-1,0,0,0,250,1,3
20309,0,-1,0,0,0,156,1,12
20310,0,-1,0,0,0,250,1,10
20311,0,-1,0,0,0,156,1,7
20312,0,-1,0,0,0,276,1,15
20313,0,-1,0,0,0,250,1,19
20314,0,-1,0,0,0,250,1,19
20315,0,-1,0,0,0,840,1,9
20316,0,-1,0,0,0,250,1,14
20317,0,-1,0,0,0,826,1,18
20318,0,-1,0,1,0,276,1,8
20319,0,-1,0,0,0,840,1,12
20320,0,-1,0,0,0,250,1,5
20321,0,-1,0,0,0,276,1,11
20322,0,-1,0,0,0,276,1,16
20323,0,-1,0,0,0,276,1,19
20324,0,-1,0,0,0,826,1,0
20325,0,-1,0,1,0,156,1,5
20326,0,-1,0,0,0,156,1,14
20327,0,-1,0,0,0,276,1,15
20328,0,-1,0,1,0,250,1,5
20329,0,-1,0,0,0,250,1,8
20330,0,-1,0,0,0,276,1,11
20331,0,-1,0,0,0,276,1,3
20332,0,-1,0,0,0,826,1,3
20333,0,-1,0,0,0,826,1,11
20334,0,-1,0,0,0,250,1,12
20335,0,-1,0,0,0,156,1,3
20336,0,-1,0,0,0,826,1,0
20337,0,-1,0,0,0,826,1,7
20338,0,-1,0,0,1,250,1,6
20339,0,-1,0,0,0,826,1,4
20340,0,-1,0,0,0,156,1,11
20341,0,-1,0,1,0,156,1,7
20342,0,-1,0,0,0,156,1,12
20343,0,-1,0,0,0,156,1,13
20344,0,-1,0,0,0,250,1,13
20345,0,-1,0,0,0,826,1,13
20346,0,-1,0,0,0,250,1,5
20347,0,-1,0,0,0,840,1,4
20348,0,-1,0,0,0,840,1,14
20349,0,-1,0,0,0,156,1,5
20350,0,-1,0,0,0,840,1,17
20351,0,-1,0,0,0,840,1,14
20352,0,-1,0,0,0,156,1,1
20353,0,-1,0,0,0,250,1,9
20354,0,-1,0,0,0,840,1,16
20355,0,-1,0,0,0,826,1,9
20356,0,-1,0,0,0,826,1,19
20357,0,-1,0,0,0,250,1,19
20358,0,-1,0,0,0,276,1,5
20359,0,-1,0,0,0,250,1,3
20360,0,-1,0,0,0,276,1,8
20361,0,-1,0,0,0,156,1,2
20362,0,-1,0,0,0,826,1,9
20363,0,-1,0,0,0,156,1,18
20364,0,-1,0,0,0,276,1,11
20365,0,-1,0,0,0,156,1,19
20366,0,-1,0,0,0,826,1,1
20367,0,-1,0,0,0,826,1,11
20368,0,-1,0,0,0,826,1,5
20369,0,-1,0,0,0,276,1,4
20370,0,-1,0,0,0,826,1,4
20371,0,-1,0,1,0,840,1,15
20372,0,-1,0,1,0,276,1,4
20373,0,-1,0,0,0,826,1,8
20374,0,-1,0,0,0,840,1,7
20375,0,-1,0,0,0,250,1,8
20376,0,-1,0,0,0,826,1,4
20377,0,-1,0,0,0,276,1,12
20378,0,-1,0,0,0,156,1,9
20379,0,-1,0,1,0,826,1,14
20380,0,-1,0,0,0,250,1,8
20381,0,-1,0,0,0,276,1,9
20382,0,-1,0,0,0,250,1,7
20383,0,-1,0,0,0,840,1,16
20384,0,-1,0,0,0,840,1,13
20385,0,-1,0,0,0,826,1,11
20386,0,-1,0,0,0,840,1,4
20387,0,-1,0,0,0,276,1,19
20388,0,-1,0,0,0,826,1,19
20389,0,-1,0,0,0,826,1,0
20390,0,-1,0,0,0,826,1,4
20391,0,-1,0,0,0,826,1,11
20392,0,-1,0,0,0,276,1,16
20393,0,-1,0,1,0,156,1,15
20394,0,-1,0,0,0,156,1,5
20395,0,-1,0,1,0,826,1,6
20396,0,-1,0,0,0,276,1,18
20397,0,-1,0,0,0,276,1,15
20398,0,-1,0,0,0,156,1,8
20399,0,-1,0,0,0,840,1,8
20400,0,-1,0,0,0,156,1,10
20401,0,-1,0,0,0,250,1,4
20402,0,-1,0,0,0,276,1,5
20403,0,-1,0,1,0,276,1,6
20404,0,-1,0,0,0,250,1,4
20405,0,-1,0,0,0,826,1,18
20406,0,-1,0,0,0,156,1,11
20407,0,-1,0,0,0,250,1,18
20408,0,-1,0,1,1,826,1,3
20409,0,-1,0,0,0,840,1,6
20410,0,-1,0,0,1,826,1,15
20411,0,-1,0,0,0,250,1,12
20412,0,-1,0,0,0,826,1,0
20413,0,-1,0,0,0,276,1,10
20414,0,-1,0,0,0,276,1,2
20415,0,-1,0,0,1,840,1,10
20416,0,-1,0,0,0,826,1,0
20417,0,-1,0,0,0,276,1,3
20418,0,-1,0,0,0,156,1,5
20419,0,-1,0,0,0,276,1,10
20420,0,-1,0,0,0,840,1,11
20421,0,-1,0,0,0,826,1,18
20422,0,-1,0,0,0,840,1,7
20423,0,-1,0,0,0,250,1,9
20424,0,-1,0,0,0,156,1,16
20425,0,-1,0,0,0,840,1,18
20426,0,-1,0,1,0,840,1,15
20427,0,-1,0,0,0,156,1,16
20428,0,-1,0,0,0,156,1,5
20429,0,-1,0,0,0,250,1,13
20430,0,-1,0,0,0,250,1,2
20431,0,-1,0,0,0,156,1,8
20432,0,-1,0,0,0,156,1,13
20433,0,-1,0,0,0,156,1,2
20434,0,-1,0,0,0,840,1,12
20435,0,-1,0,0,1,840,1,14
20436,0,-1,0,1,0,840,1,5
20437,0,-1,0,0,0,250,1,18
20438,0,-1,0,0,1,840,1,8
20439,0,-1,0,0,0,156,1,15
20440,0,-1,0,0,0,156,1,12
20441,0,-1,0,0,0,250,1,7
20442,0,-1,0,1,0,276,1,7
20443,0,-1,0,0,0,840,1,11
20444,0,-1,0,0,1,840,1,0
20445,0,-1,0,0,0,840,1,11
20446,0,-1,0,0,0,276,1,2
20447,0,-1,0,0,0,840,1,5
20448,0,-1,0,0,0,826,1,4
20449,0,-1,0,0,0,250,1,0
20450,0,-1,0,0,0,840,1,13
20451,0,-1,0,0,1,276,1,2
20452,0,-1,0,0,0,276,1,6
20453,0,-1,0,0,0,840,1,9
20454,0,-1,0,0,0,276,1,14
20455,0,-1,0,0,0,250,1,13
20456,0,-1,0,0,0,840,1,13
20457,0,-1,0,1,0,156,1,19
20458,0,-1,0,0,0,840,1,3
20459,0,-1,0,0,0,276,1,15
20460,0,-1,0,0,0,826,1,2
20461,0,-1,0,1,0,840,1,8
20462,0,-1,0,0,1,840,1,10
20463,0,-1,0,1,0,276,1,16
20464,0,-1,0,0,0,840,1,19
20465,0,-1,0,0,0,250,1,13
20466,0,-1,0,1,0,840,1,19
20467,0,-1,0,1,0,840,1,13
20468,0,-1,0,0,0,276,1,17
20469,0,-1,0,0,0,826,1,7
20470,0,-1,0,0,0,250,1,1
20471,0,-1,0,0,0,276,1,8
20472,0,-1,0,0,0,156,1,17
20473,0,-1,0,0,0,156,1,11
20474,0,-1,0,0,0,840,1,14
20475,0,-1,0,0,0,250,1,19
20476,0,-1,0,0,0,250,1,6
20477,0,-1,0,0,0,276,1,4
20478,0,-1,0,1,0,826,1,0
20479,0,-1,0,0,0,250,1,13
20480,0,-1,0,1,0,840,1,6
20481,0,-1,0,0,0,840,1,1
20482,0,-1,0,0,0,276,1,5
20483,0,-1,0,1,0,156,1,3
20484,0,-1,0,0,0,840,1,16
20485,0,-1,0,0,0,156,1,7
20486,0,-1,0,0,1,826,1,15
20487,0,-1,0,1,0,276,1,15
20488,0,-1,0,0,0,156,1,6
20489,0,-1,0,0,0,840,1,18
20490,0,-1,0,0,0,276,1,6
20491,0,-1,0,0,0,250,1,0
20492,0,-1,0,0,0,156,1,7
20493,0,-1,0,0,0,840,1,10
20494,0,-1,0,0,0,276,1,11
20495,0,-1,0,1,0,276,1,17
20496,0,-1,0,0,0,276,1,12
20497,0,-1,0,0,0,250,1,17
20498,0,-1,0,0,0,250,1,3
20499,0,-1,0,0,0,826,1,2
20500,0,-1,0,1,0,156,1,15
20501,0,-1,0,0,0,276,1,8
20502,0,-1,0,0,0,840,1,2
20503,0,-1,0,0,0,840,1,10
20504,0,-1,0,0,0,250,1,14
20505,0,-1,0,0,0,840,1,5
20506,0,-1,0,0,0,156,1,9
20507,0,-1,0,0,0,840,1,18
20508,0,-1,0,1,0,156,1,15
20509,0,-1,0,0,0,840,1,18
20510,0,-1,0,0,0,826,1,14
20511,0,-1,0,0,0,826,1,2
20512,0,-1,0,0,0,840,1,2
20513,0,-1,0,0,0,250,1,14
20514,0,-1,0,0,0,276,1,0
20515,0,-1,0,0,0,250,1,9
20516,0,-1,0,0,0,840,1,7
20517,0,-1,0,0,0,276,1,18
20518,0,-1,0,0,0,826,1,14
20519,0,-1,0,0,0,276,1,13
20520,0,-1,0,0,0,826,1,17
20521,0,-1,0,0,0,250,1,6
20522,0,-1,0,0,0,840,1,0
20523,0,-1,0,0,0,826,1,10
20524,0,-1,0,0,0,840,1,3
20525,0,-1,0,0,0,840,1,15
20526,0,-1,0,0,0,840,1,0
20527,0,-1,0,0,0,840,1,1
20528,0,-1,0,0,0,840,1,5
20529,0,-1,0,0,0,826,1,4
20530,0,-1,0,0,0,826,1,11
20531,0,-1,0,0,0,276,1,1
20532,0,-1,0,0,0,156,1,3
20533,0,-1,0,0,0,826,1,11
20534,0,-1,0,0,0,276,1,1
20535,0,-1,0,0,0,826,1,15
20536,0,-1,0,0,0,250,1,7
20537,0,-1,0,0,0,276,1,9
20538,0,-1,0,0,0,826,1,14
20539,0,-1,0,0,0,840,1,9
20540,0,-1,0,0,0,250,1,17
20541,0,-1,0,0,0,250,1,11
20542,0,-1,0,0,0,156,1,10
20543,0,-1,0,0,0,156,1,19
20544,0,-1,0,0,0,840,1,1
20545,0,-1,0,0,0,250,1,6
20546,0,-1,0,0,0,840,1,5
20547,0,-1,0,0,0,250,1,18
20548,0,-1,0,0,0,250,1,10
20549,0,-1,0,0,0,840,1,4
20550,0,-1,0,0,0,276,1,2
20551,0,-1,0,1,0,250,1,8
20552,0,-1,0,0,0,250,1,3
20553,0,-1,0,0,0,250,1,17
20554,0,-1,0,0,0,826,1,3
20555,0,-1,0,0,1,826,1,8
20556,0,-1,0,0,0,840,1,19
20557,0,-1,0,0,0,156,1,18
20558,0,-1,0,0,0,826,1,10
20559,0,-1,0,0,0,826,1,1
20560,0,-1,0,0,0,276,1,3
20561,0,-1,0,0,0,840,1,13
20562,0,-1,0,0,0,840,1,19
20563,0,-1,0,0,0,276,1,18
20564,0,-1,0,0,0,276,1,3
20565,0,-1,0,0,0,156,1,4
20566,0,-1,0,0,0,840,1,3
20567,0,-1,0,0,0,840,1,4
20568,0,-1,0,0,0,840,1,2
20569,0,-1,0,0,0,250,1,9
20570,0,-1,0,0,0,276,1,4
20571,0,-1,0,0,0,276,1,14
20572,0,-1,0,0,0,826,1,1
20573,0,-1,0,0,0,826,1,0
20574,0,-1,0,0,0,840,1,16
20575,0,-1,0,0,0,826,1,8
20576,0,-1,0,0,0,840,1,5
20577,0,-1,0,0,0,250,1,2
20578,0,-1,0,0,0,276,1,3
20579,0,-1,0,0,0,276,1,17
20580,0,-1,0,0,0,250,1,14
20581,0,-1,0,0,0,250,1,3
20582,0,-1,0,0,0,276,1,17
20583,0,-1,0,0,0,276,1,8
20584,0,-1,0,0,0,826,1,5
20585,0,-1,0,0,0,250,1,14
20586,0,-1,0,0,0,250,1,5
20587,0,-1,0,0,0,276,1,12
20588,0,-1,0,0,0,156,1,18
20589,0,-1,0,0,0,156,1,5
20590,0,-1,0,0,0,250,1,4
20591,0,-1,0,0,0,250,1,5
20592,0,-1,0,0,0,826,1,2
20593,0,-1,0,0,0,276,1,8
20594,0,-1,0,0,0,250,1,6
20595,0,-1,0,0,0,826,1,4
20596,0,-1,0,0,0,156,1,9
20597,0,-1,0,0,0,840,1,0
20598,0,-1,0,0,0,276,1,12
20599,0,-1,0,0,0,840,1,17
20600,0,-1,0,0,0,276,1,2
20601,0,-1,0,0,0,840,1,18
20602,0,-1,0,0,0,840,1,19
20603,0,-1,0,0,0,840,1,3
20604,0,-1,0,0,0,276,1,16
20605,0,-1,0,0,0,276,1,15
20606,0,-1,0,0,0,276,1,3
20607,0,-1,0,0,0,250,1,5
20608,0,-1,0,0,0,826,1,16
20609,0,-1,0,0,0,156,1,12
20610,0,-1,0,0,0,276,1,15
20611,0,-1,0,0,0,250,1,11
20612,0,-1,0,0,0,250,1,1
20613,0,-1,0,0,0,826,1,8
20614,0,-1,0,0,1,250,1,11
20615,0,-1,0,0,0,156,1,10
20616,0,-1,0,0,0,250,1,2
20617,0,-1,0,1,0,156,1,3
20618,0,-1,0,0,0,156,1,7
20619,0,-1,0,0,0,826,1,3
20620,0,-1,0,0,0,156,1,12
20621,0,-1,0,0,0,826,1,18
20622,0,-1,0,0,0,156,1,13
20623,0,-1,0,0,0,840,1,1
20624,0,-1,0,0,0,840,1,18
20625,0,-1,0,0,0,276,1,17
20626,0,-1,0,0,0,250,1,0
20627,0,-1,0,0,0,826,1,15
20628,0,-1,0,0,0,156,1,14
20629,0,-1,0,0,0,156,1,13
20630,0,-1,0,1,0,826,1,3
20631,0,-1,0,0,0,826,1,3
20632,0,-1,0,0,0,250,1,2
20633,0,-1,0,0,0,250,1,17
20634,0,-1,0,0,0,276,1,0
20635,0,-1,0,0,0,250,1,0
20636,0,-1,0,0,0,840,1,6
20637,0,-1,0,0,0,276,1,6
20638,0,-1,0,0,0,276,1,9
20639,0,-1,0,1,0,826,1,4
20640,0,-1,0,0,0,840,1,1
20641,0,-1,0,0,0,826,1,15
20642,0,-1,0,0,0,156,1,4
20643,0,-1,0,0,0,276,1,2
20644,0,-1,0,0,0,156,1,17
20645,0,-1,0,0,0,840,1,17
20646,0,-1,0,1,0,156,1,15
20647,0,-1,0,1,0,276,1,18
20648,0,-1,0,0,0,156,1,14
20649,0,-1,0,0,0,156,1,5
20650,0,-1,0,1,0,250,1,5
20651,0,-1,0,0,0,156,1,0
20652,0,-1,0,0,1,156,1,18
20653,0,-1,0,0,0,250,1,18
20654,0,-1,0,0,0,250,1,17
20655,0,-1,0,1,0,156,1,10
20656,0,-1,0,0,0,826,1,4
20657,0,-1,0,1,0,840,1,0
20658,0,-1,0,0,0,156,1,14
20659,0,-1,0,1,0,826,1,7
20660,0,-1,0,0,0,250,1,8
20661,0,-1,0,0,0,826,1,9
20662,0,-1,0,0,0,156,1,8
20663,0,-1,0,0,0,156,1,3
20664,0,-1,0,1,0,840,1,6
20665,0,-1,0,0,0,156,1,15
20666,0,-1,0,0,0,840,1,15
20667,0,-1,0,0,0,250,1,18
20668,0,-1,0,0,0,276,1,9
20669,0,-1,0,0,0,826,1,0
20670,0,-1,0,0,0,276,1,12
20671,0,-1,0,0,0,156,1,12
20672,0,-1,0,0,0,276,1,2
20673,0,-1,0,0,0,156,1,2
20674,0,-1,0,0,0,826,1,9
20675,0,-1,0,0,0,156,1,1
20676,0,-1,0,0,0,156,1,6
20677,0,-1,0,0,0,156,1,0
20678,0,-1,0,0,0,840,1,19
20679,0,-1,0,0,0,840,1,3
20680,0,-1,0,0,0,156,1,14
20681,0,-1,0,0,0,826,1,15
20682,0,-1,0,1,0,250,1,2
20683,0,-1,0,0,0,840,1,17
20684,0,-1,0,0,0,156,1,14
20685,0,-1,0,0,0,840,1,16
20686,0,-1,0,1,0,250,1,4
20687,0,-1,0,1,0,250,1,3
20688,0,-1,0,0,0,156,1,8
20689,0,-1,0,0,1,156,1,10
20690,0,-1,0,1,0,156,1,19
20691,0,-1,0,0,0,250,1,11
20692,0,-1,0,0,1,840,1,0
20693,0,-1,0,0,0,840,1,15
20694,0,-1,0,0,0,840,1,16
20695,0,-1,0,0,0,276,1,8
20696,0,-1,0,0,0,156,1,9
20697,0,-1,0,1,0,250,1,4
20698,0,-1,0,1,0,250,1,19
20699,0,-1,0,1,0,826,1,19
20700,0,-1,0,0,0,826,1,12
20701,0,-1,0,0,0,250,1,7
20702,0,-1,0,0,0,156,1,11
20703,0,-1,0,0,0,250,1,15
20704,0,-1,0,0,0,250,1,15
20705,0,-1,0,0,0,156,1,4
20706,0,-1,0,0,0,156,1,5
20707,0,-1,0,0,0,826,1,19
20708,0,-1,0,0,1,826,1,11
20709,0,-1,0,0,1,826,1,13
20710,0,-1,0,0,0,250,1,11
20711,0,-1,0,0,0,826,1,19
20712,0,-1,0,1,0,156,1,10
20713,0,-1,0,0,0,156,1,18
20714,0,-1,0,0,0,156,1,8
20715,0,-1,0,0,0,276,1,19
20716,0,-1,0,0,0,276,1,7
20717,0,-1,0,1,0,826,1,16
20718,0,-1,0,0,0,156,1,19
20719,0,-1,0,0,0,156,1,7
20720,0,-1,0,0,0,156,1,2
20721,0,-1,0,0,0,826,1,7
20722,0,-1,0,0,0,156,1,10
20723,0,-1,0,0,0,276,1,16
20724,0,-1,0,1,0,276,1,15
20725,0,-1,0,0,0,156,1,11
20726,0,-1,0,0,0,840,1,3
20727,0,-1,0,0,0,276,1,12
20728,0,-1,0,0,0,826,1,8
20729,0,-1,0,0,0,250,1,18
20730,0,-1,0,0,0,840,1,16
20731,0,-1,0,0,0,156,1,0
20732,0,-1,0,0,0,156,1,3
20733,0,-1,0,0,0,840,1,1
20734,0,-1,0,0,0,250,1,7
20735,0,-1,0,0,0,156,1,19
20736,0,-1,0,1,0,840,1,13
20737,0,-1,0,0,0,840,1,15
20738,0,-1,0,0,1,250,1,1
20739,0,-1,0,0,0,840,1,6
20740,0,-1,0,0,0,250,1,19
20741,0,-1,0,0,0,250,1,10
20742,0,-1,0,1,0,276,1,19
20743,0,-1,0,0,0,250,1,13
20744,0,-1,0,0,0,826,1,0
20745,0,-1,0,0,0,156,1,2
20746,0,-1,0,0,0,276,1,19
20747,0,-1,0,0,0,826,1,11
20748,0,-1,0,1,0,156,1,14
20749,0,-1,0,1,0,156,1,16
20750,0,-1,0,0,0,250,1,14
20751,0,-1,0,1,0,250,1,1
20752,0,-1,0,0,0,826,1,13
20753,0,-1,0,0,0,840,1,14
20754,0,-1,0,0,0,840,1,8
20755,0,-1,0,0,0,276,1,18
20756,0,-1,0,0,1,826,1,6
20757,0,-1,0,0,0,276,1,10
20758,0,-1,0,0,0,826,1,18
20759,0,-1,0,0,0,826,1,2
20760,0,-1,0,0,0,156,1,4
20761,0,-1,0,0,0,250,1,8
20762,0,-1,0,0,0,156,1,15
20763,0,-1,0,0,0,276,1,15
20764,0,-1,0,0,0,156,1,0
20765,0,-1,0,0,0,156,1,14
20766,0,-1,0,0,0,156,1,11
20767,0,-1,0,0,0,826,1,10
20768,0,-1,0,1,0,156,1,17
20769,0,-1,0,1,0,156,1,16
20770,0,-1,0,0,0,276,1,6
20771,0,-1,0,0,0,840,1,0
20772,0,-1,0,0,0,250,1,5
20773,0,-1,0,1,0,276,1,12
20774,0,-1,0,0,0,276,1,5
20775,0,-1,0,0,0,156,1,12
20776,0,-1,0,0,0,840,1,0
20777,0,-1,0,0,1,276,1,16
20778,0,-1,0,0,0,840,1,19
20779,0,-1,0,0,0,276,1,16
20780,0,-1,0,0,0,826,1,17
20781,0,-1,0,0,0,826,1,7
20782,0,-1,0,0,0,826,1,19
20783,0,-1,0,0,0,250,1,9
20784,0,-1,0,0,0,156,1,10
20785,0,-1,0,0,0,250,1,0
20786,0,-1,0,1,0,276,1,3
20787,0,-1,0,0,0,276,1,5
20788,0,-1,0,0,0,250,1,13
20789,0,-1,0,0,1,276,1,5
20790,0,-1,0,0,0,276,1,14
20791,0,-1,0,0,0,276,1,18
20792,0,-1,0,0,0,276,1,19
20793,0,-1,0,0,0,250,1,2
20794,0,-1,0,0,0,156,1,7
20795,0,-1,0,0,0,826,1,14
20796,0,-1,0,0,0,250,1,14
20797,0,-1,0,0,0,156,1,15
20798,0,-1,0,1,0,840,1,1
20799,0,-1,0,0,0,840,1,19
20800,0,-1,0,1,0,840,1,18
20801,0,-1,0,0,0,826,1,12
20802,0,-1,0,0,0,826,1,8
20803,0,-1,0,0,0,250,1,7
20804,0,-1,0,0,0,826,1,16
20805,0,-1,0,0,0,250,1,1
20806,0,-1,0,0,0,826,1,15
20807,0,-1,0,1,0,826,1,4
20808,0,-1,0,1,0,156,1,14
20809,0,-1,0,0,0,826,1,1
20810,0,-1,0,0,1,250,1,8
20811,0,-1,0,0,0,840,1,11
20812,0,-1,0,0,0,156,1,1
20813,0,-1,0,0,0,250,1,6
20814,0,-1,0,0,0,276,1,14
20815,0,-1,0,0,0,250,1,13
20816,0,-1,0,0,0,250,1,19
20817,0,-1,0,0,0,250,1,14
20818,0,-1,0,0,1,840,1,16
20819,0,-1,0,0,0,156,1,18
20820,0,-1,0,0,0,250,1,8
20821,0,-1,0,0,0,276,1,6
20822,0,-1,0,0,0,156,1,15
20823,0,-1,0,0,0,840,1,16
20824,0,-1,0,0,0,250,1,13
20825,0,-1,0,0,0,276,1,13
20826,0,-1,0,0,0,156,1,4
20827,0,-1,0,0,0,840,1,10
20828,0,-1,0,0,0,826,1,9
20829,0,-1,0,0,0,156,1,10
20830,0,-1,0,0,0,840,1,15
20831,0,-1,0,0,0,156,1,5
20832,0,-1,0,0,0,840,1,0
20833,0,-1,0,0,0,250,1,8
20834,0,-1,0,0,0,156,1,9
20835,0,-1,0,0,0,250,1,13
20836,0,-1,0,0,0,826,1,18
20837,0,-1,0,0,0,156,1,9
20838,0,-1,0,0,0,156,1,2
20839,0,-1,0,0,0,250,1,15
20840,0,-1,0,0,0,156,1,4
20841,0,-1,0,0,0,276,1,9
20842,0,-1,0,0,1,840,1,8
20843,0,-1,0,0,0,156,1,17
20844,0,-1,0,0,0,826,1,15
20845,0,-1,0,0,0,840,1,14
20846,0,-1,0,0,0,156,1,9
20847,0,-1,0,0,0,840,1,6
20848,0,-1,0,0,0,276,1,19
20849,0,-1,0,0,0,826,1,11
20850,0,-1,0,1,0,276,1,1
20851,0,-1,0,0,0,156,1,14
20852,0,-1,0,0,0,826,1,0
20853,0,-1,0,0,0,826,1,13
20854,0,-1,0,0,0,156,1,19
20855,0,-1,0,0,0,276,1,6
20856,0,-1,0,0,0,826,1,8
20857,0,-1,0,0,0,276,1,2
20858,0,-1,0,0,1,250,1,11
20859,0,-1,0,0,0,276,1,14
20860,0,-1,0,0,0,276,1,0
20861,0,-1,0,0,0,276,1,13
20862,0,-1,0,0,1,276,1,4
20863,0,-1,0,0,0,156,1,16
20864,0,-1,0,0,0,840,1,12
20865,0,-1,0,0,0,156,1,18
20866,0,-1,0,0,0,156,1,10
20867,0,-1,0,1,0,250,1,10
20868,0,-1,0,0,0,250,1,2
20869,0,-1,0,0,0,276,1,13
20870,0,-1,0,0,0,826,1,0
20871,0,-1,0,0,0,840,1,19
20872,0,-1,0,0,0,826,1,16
20873,0,-1,0,0,0,826,1,4
20874,0,-1,0,0,0,826,1,12
20875,0,-1,0,0,0,156,1,8
20876,0,-1,0,0,0,840,1,12
20877,0,-1,0,0,0,826,1,1
20878,0,-1,0,0,0,250,1,19
20879,0,-1,0,0,0,276,1,9
20880,0,-1,0,0,0,250,1,1
20881,0,-1,0,1,0,840,1,8
20882,0,-1,0,0,1,276,1,10
20883,0,-1,0,0,0,840,1,19
20884,0,-1,0,0,0,840,1,1
20885,0,-1,0,0,0,156,1,6
20886,0,-1,0,0,0,250,1,12
20887,0,-1,0,0,0,250,1,9
20888,0,-1,0,1,0,826,1,3
20889,0,-1,0,0,0,250,1,12
20890,0,-1,0,0,0,840,1,14
20891,0,-1,0,0,0,156,1,17
20892,0,-1,0,1,0,840,1,4
20893,0,-1,0,0,1,250,1,19
20894,0,-1,0,0,0,156,1,9
20895,0,-1,0,0,0,250,1,3
20896,0,-1,0,0,0,276,1,3
20897,0,-1,0,0,0,250,1,13
20898,0,-1,0,0,0,276,1,16
20899,0,-1,0,0,0,250,1,1
20900,0,-1,0,0,0,250,1,14
20901,0,-1,0,1,0,156,1,2
20902,0,-1,0,1,0,826,1,18
20903,0,-1,0,0,0,826,1,18
20904,0,-1,0,1,0,156,1,11
20905,0,-1,0,0,0,840,1,12
20906,0,-1,0,0,0,156,1,11
20907,0,-1,0,0,0,840,1,19
20908,0,-1,0,0,0,276,1,2
20909,0,-1,0,0,0,156,1,14
20910,0,-1,0,1,0,156,1,3
20911,0,-1,0,0,0,840,1,13
20912,0,-1,0,0,0,156,1,5
20913,0,-1,0,0,0,840,1,6
20914,0,-1,0,0,0,276,1,16
20915,0,-1,0,0,0,826,1,9
20916,0,-1,0,0,0,276,1,2
20917,0,-1,0,0,0,826,1,4
20918,0,-1,0,0,0,156,1,16
20919,0,-1,0,1,0,826,1,11
20920,0,-1,0,0,0,276,1,9
20921,0,-1,0,0,0,826,1,5
20922,0,-1,0,0,0,156,1,9
20923,0,-1,0,1,0,840,1,1
20924,0,-1,0,0,0,840,1,18
20925,0,-1,0,0,0,826,1,10
20926,0,-1,0,0,0,840,1,16
20927,0,-1,0,0,0,250,1,2
20928,0,-1,0,0,0,840,1,12
20929,0,-1,0,0,0,156,1,15
20930,0,-1,0,0,0,276,1,17
20931,0,-1,0,0,0,276,1,3
20932,0,-1,0,0,0,276,1,6
20933,0,-1,0,0,0,276,1,15
20934,0,-1,0,0,0,276,1,15
20935,0,-1,0,0,0,840,1,13
20936,0,-1,0,0,0,250,1,5
20937,0,-1,0,0,0,250,1,11
20938,0,-1,0,0,0,250,1,16
20939,0,-1,0,0,0,276,1,6
20940,0,-1,0,0,0,840,1,16
20941,0,-1,0,0,0,276,1,17
20942,0,-1,0,0,0,250,1,4
20943,0,-1,0,0,0,250,1,16
20944,0,-1,0,0,0,250,1,6
20945,0,-1,0,1,1,250,1,7
20946,0,-1,0,1,0,840,1,7
20947,0,-1,0,0,0,156,1,12
20948,0,-1,0,1,0,250,1,3
20949,0,-1,0,0,0,826,1,6
20950,0,-1,0,0,1,250,1,7
20951,0,-1,0,0,0,156,1,1
20952,0,-1,0,0,0,156,1,10
20953,0,-1,0,0,0,840,1,12
20954,0,-1,0,0,0,840,1,19
20955,0,-1,0,0,0,276,1,3
20956,0,-1,0,0,0,276,1,3
20957,0,-1,0,1,0,826,1,13
20958,0,-1,0,0,0,156,1,8
20959,0,-1,0,0,0,156,1,16
20960,0,-1,0,0,0,840,1,6
20961,0,-1,0,0,0,276,1,19
20962,0,-1,0,0,0,840,1,13
20963,0,-1,0,0,0,156,1,3
20964,0,-1,0,0,0,276,1,7
20965,0,-1,0,0,0,276,1,8
20966,0,-1,0,1,0,250,1,2
20967,0,-1,0,0,0,156,1,1
20968,0,-1,0,0,1,840,1,6
20969,0,-1,0,0,0,250,1,11
20970,0,-1,0,0,0,276,1,19
20971,0,-1,0,1,0,840,1,14
20972,0,-1,0,1,0,156,1,3
20973,0,-1,0,0,0,826,1,15
20974,0,-1,0,0,0,840,1,1
20975,0,-1,0,0,0,156,1,13
20976,0,-1,0,0,0,826,1,4
20977,0,-1,0,1,0,826,1,10
20978,0,-1,0,0,0,840,1,8
20979,0,-1,0,0,0,156,1,18
20980,0,-1,0,0,0,276,1,14
20981,0,-1,0,0,0,826,1,15
20982,0,-1,0,0,0,250,1,5
20983,0,-1,0,0,0,276,1,1
20984,0,-1,0,0,0,276,1,4
20985,0,-1,0,0,0,250,1,13
20986,0,-1,0,0,0,156,1,6
20987,0,-1,0,0,0,250,1,9
20988,0,-1,0,0,0,840,1,1
20989,0,-1,0,0,0,156,1,18
20990,0,-1,0,0,0,156,1,12
20991,0,-1,0,0,0,840,1,10
20992,0,-1,0,1,0,250,1,13
20993,0,-1,0,0,0,826,1,6
20994,0,-1,0,0,0,250,1,16
20995,0,-1,0,0,0,826,1,5
20996,0,-1,0,0,0,156,1,3
20997,0,-1,0,1,0,156,1,5
20998,0,-1,0,0,0,250,1,18
20999,0,-1,0,0,0,276,1,5
21000,0,-1,0,0,0,156,1,12
21001,0,-1,0,1,1,276,1,8
21002,0,-1,0,0,0,156,1,3
21003,0,-1,0,0,0,826,1,17
21004,0,-1,0,0,0,156,1,14
21005,0,-1,0,0,0,276,1,15
21006,0,-1,0,0,0,250,1,11
21007,0,-1,0,0,0,250,1,7
21008,0,-1,0,0,0,840,1,11
21009,0,-1,0,0,0,840,1,17
21010,0,-1,0,0,0,276,1,0
21011,0,-1,0,0,0,250,1,0
21012,0,-1,0,0,0,840,1,1
21013,0,-1,0,0,0,276,1,18
21014,0,-1,0,0,0,826,1,0
21015,0,-1,0,0,0,840,1,13
21016,0,-1,0,0,0,250,1,19
21017,0,-1,0,0,0,250,1,18
21018,0,-1,0,0,0,840,1,19
21019,0,-1,0,0,0,276,1,6
21020,0,-1,0,0,0,276,1,10
21021,0,-1,0,0,0,276,1,13
21022,0,-1,0,0,0,826,1,13
21023,0,-1,0,0,0,840,1,5
21024,0,-1,0,0,0,250,1,11
21025,0,-1,0,0,0,156,1,3
21026,0,-1,0,0,0,156,1,5
21027,0,-1,0,0,0,826,1,6
21028,0,-1,0,0,0,840,1,5
21029,0,-1,0,0,1,250,1,3
21030,0,-1,0,0,0,156,1,3
21031,0,-1,0,0,0,156,1,12
21032,0,-1,0,1,0,840,1,17
21033,0,-1,0,0,0,840,1,9
21034,0,-1,0,0,0,826,1,18
21035,0,-1,0,0,0,276,1,16
21036,0,-1,0,0,0,840,1,7
21037,0,-1,0,0,0,250,1,15
21038,0,-1,0,0,0,276,1,1
21039,0,-1,0,0,0,156,1,19
21040,0,-1,0,0,0,826,1,2
21041,0,-1,0,0,0,156,1,12
21042,0,-1,0,0,0,156,1,5
21043,0,-1,0,0,0,840,1,1
21044,0,-1,0,0,1,840,1,9
21045,0,-1,0,0,0,826,1,8
21046,0,-1,0,0,0,826,1,14
21047,0,-1,0,0,0,250,1,8
21048,0,-1,0,0,0,840,1,3
21049,0,-1,0,0,0,156,1,12
21050,0,-1,0,0,0,276,1,14
21051,0,-1,0,0,0,826,1,18
21052,0,-1,0,1,0,840,1,18
21053,0,-1,0,0,0,156,1,18
21054,0,-1,0,0,0,276,1,16
21055,0,-1,0,0,0,276,1,2
21056,0,-1,0,0,0,250,1,12
21057,0,-1,0,0,0,156,1,8
21058,0,-1,0,1,0,156,1,14
21059,0,-1,0,0,0,250,1,9
21060,0,-1,0,0,0,250,1,16
21061,0,-1,0,0,0,276,1,7
21062,0,-1,0,0,0,826,1,19
21063,0,-1,0,0,1,840,1,16
21064,0,-1,0,0,0,156,1,13
21065,0,-1,0,0,0,826,1,19
21066,0,-1,0,1,0,840,1,6
21067,0,-1,0,0,1,826,1,1
21068,0,-1,0,0,1,276,1,5
21069,0,-1,0,0,0,826,1,9
21070,0,-1,0,0,0,250,1,13
21071,0,-1,0,0,0,156,1,13
21072,0,-1,0,0,0,250,1,9
21073,0,-1,0,0,0,156,1,3
21074,0,-1,0,0,0,276,1,18
21075,0,-1,0,0,1,250,1,7
21076,0,-1,0,0,0,840,1,5
21077,0,-1,0,0,0,826,1,7
21078,0,-1,0,0,0,250,1,10
21079,0,-1,0,0,0,250,1,18
21080,0,-1,0,0,0,826,1,6
21081,0,-1,0,0,0,250,1,17
21082,0,-1,0,0,0,840,1,2
21083,0,-1,0,0,0,276,1,7
21084,0,-1,0,0,0,840,1,2
21085,0,-1,0,0,0,840,1,4
21086,0,-1,0,0,0,840,1,2
21087,0,-1,0,0,0,840,1,5
21088,0,-1,0,1,0,250,1,15
21089,0,-1,0,0,0,826,1,8
21090,0,-1,0,0,0,826,1,0
21091,0,-1,0,0,0,250,1,7
21092,0,-1,0,0,0,276,1,6
21093,0,-1,0,0,0,276,1,13
21094,0,-1,0,0,0,156,1,17
21095,0,-1,0,0,0,250,1,7
21096,0,-1,0,0,0,250,1,2
21097,0,-1,0,0,0,276,1,15
21098,0,-1,0,0,0,826,1,17
21099,0,-1,0,0,0,276,1,5
21100,0,-1,0,0,0,156,1,5
21101,0,-1,0,0,0,826,1,19
21102,0,-1,0,0,0,840,1,14
21103,0,-1,0,0,0,156,1,4
21104,0,-1,0,0,0,250,1,1
21105,0,-1,0,0,0,276,1,17
21106,0,-1,0,1,0,276,1,4
21107,0,-1,0,0,0,826,1,0
21108,0,-1,0,0,0,276,1,10
21109,0,-1,0,0,1,250,1,4
21110,0,-1,0,0,0,276,1,2
21111,0,-1,0,0,0,840,1,6
21112,0,-1,0,0,0,156,1,15
21113,0,-1,0,0,1,276,1,7
21114,0,-1,0,0,0,156,1,11
21115,0,-1,0,0,0,156,1,3
21116,0,-1,0,1,0,840,1,7
21117,0,-1,0,0,0,276,1,6
21118,0,-1,0,0,0,250,1,18
21119,0,-1,0,1,0,826,1,1
21120,0,-1,0,0,0,276,1,18
21121,0,-1,0,0,1,826,1,13
21122,0,-1,0,0,0,156,1,16
21123,0,-1,0,0,0,156,1,6
21124,0,-1,0,0,0,156,1,9
21125,0,-1,0,0,0,276,1,4
21126,0,-1,0,0,0,826,1,2
21127,0,-1,0,0,0,840,1,16
21128,0,-1,0,0,0,156,1,16
21129,0,-1,0,0,0,250,1,9
21130,0,-1,0,0,0,826,1,10
21131,0,-1,0,0,0,276,1,16
21132,0,-1,0,0,0,156,1,10
21133,0,-1,0,0,0,276,1,1
21134,0,-1,0,0,0,826,1,9
21135,0,-1,0,0,0,826,1,11
21136,0,-1,0,1,0,826,1,10
21137,0,-1,0,0,0,840,1,19
21138,0,-1,0,0,0,276,1,1
21139,0,-1,0,0,0,840,1,10
21140,0,-1,0,0,0,276,1,19
21141,0,-1,0,0,0,826,1,18
21142,0,-1,0,0,0,156,1,8
21143,0,-1,0,0,0,826,1,17
21144,0,-1,0,0,0,826,1,1
21145,0,-1,0,0,0,276,1,11
21146,0,-1,0,0,0,276,1,2
21147,0,-1,0,0,0,826,1,3
21148,0,-1,0,0,0,840,1,3
21149,0,-1,0,1,0,826,1,10
21150,0,-1,0,0,1,276,1,1
21151,0,-1,0,0,1,840,1,5
21152,0,-1,0,0,0,276,1,9
21153,0,-1,0,0,0,276,1,6
21154,0,-1,0,0,0,840,1,14
21155,0,-1,0,0,0,826,1,19
21156,0,-1,0,0,0,250,1,2
21157,0,-1,0,0,0,276,1,1
21158,0,-1,0,0,0,276,1,19
21159,0,-1,0,0,0,826,1,10
21160,0,-1,0,0,0,250,1,18
21161,0,-1,0,0,0,156,1,14
21162,0,-1,0,0,0,276,1,7
21163,0,-1,0,0,0,250,1,1
21164,0,-1,0,0,0,250,1,16
21165,0,-1,0,0,0,250,1,5
21166,0,-1,0,1,0,156,1,1
21167,0,-1,0,1,0,840,1,13
21168,0,-1,0,0,0,826,1,2
21169,0,-1,0,0,0,826,1,5
21170,0,-1,0,0,0,156,1,18
21171,0,-1,0,1,0,156,1,0
21172,0,-1,0,0,0,826,1,19
21173,0,-1,0,0,0,156,1,17
21174,0,-1,0,0,0,840,1,2
21175,0,-1,0,0,0,250,1,9
21176,0,-1,0,1,0,826,1,11
21177,0,-1,0,0,0,276,1,9
21178,0,-1,0,0,0,250,1,18
21179,0,-1,0,0,0,840,1,0
21180,0,-1,0,0,0,840,1,18
21181,0,-1,0,0,0,250,1,0
21182,0,-1,0,0,0,826,1,12
21183,0,-1,0,1,0,840,1,11
21184,0,-1,0,0,0,250,1,19
21185,0,-1,0,0,0,250,1,9
21186,0,-1,0,1,0,156,1,6
21187,0,-1,0,0,0,840,1,17
21188,0,-1,0,0,0,276,1,4
21189,0,-1,0,0,0,840,1,18
21190,0,-1,0,0,0,250,1,17
21191,0,-1,0,1,0,276,1,17
21192,0,-1,0,0,0,840,1,3
21193,0,-1,0,0,0,250,1,12
21194,0,-1,0,1,0,840,1,10
21195,0,-1,0,0,0,250,1,7
21196,0,-1,0,0,0,250,1,18
21197,0,-1,0,0,0,156,1,9
21198,0,-1,0,0,1,840,1,19
21199,0,-1,0,0,0,156,1,7
21200,0,-1,0,0,0,840,1,18
21201,0,-1,0,0,0,250,1,9
21202,0,-1,0,0,0,156,1,4
21203,0,-1,0,0,0,250,1,0
21204,0,-1,0,0,0,250,1,6
21205,0,-1,0,0,1,156,1,7
21206,0,-1,0,1,0,156,1,19
21207,0,-1,0,0,0,840,1,17
21208,0,-1,0,0,0,156,1,7
21209,0,-1,0,0,0,276,1,10
21210,0,-1,0,0,1,276,1,16
21211,0,-1,0,1,0,276,1,6
21212,0,-1,0,1,0,826,1,2
21213,0,-1,0,0,0,826,1,8
21214,0,-1,0,0,0,156,1,11
21215,0,-1,0,0,0,826,1,2
21216,0,-1,0,0,0,250,1,6
21217,0,-1,0,0,0,156,1,16
21218,0,-1,0,0,0,276,1,15
21219,0,-1,0,0,0,250,1,7
21220,0,-1,0,0,0,156,1,14
21221,0,-1,0,0,0,156,1,15
21222,0,-1,0,0,0,840,1,8
21223,0,-1,0,0,0,156,1,11
21224,0,-1,0,0,0,840,1,5
21225,0,-1,0,0,1,276,1,0
21226,0,-1,0,0,0,826,1,18
21227,0,-1,0,0,0,840,1,10
21228,0,-1,0,0,0,250,1,3
21229,0,-1,0,0,0,840,1,5
21230,0,-1,0,0,0,826,1,16
21231,0,-1,0,0,0,826,1,14
21232,0,-1,0,0,0,156,1,10
21233,0,-1,0,0,0,276,1,8
21234,0,-1,0,0,0,276,1,5
21235,0,-1,0,0,0,250,1,2
21236,0,-1,0,0,0,156,1,6
21237,0,-1,0,0,0,250,1,14
21238,0,-1,0,1,0,826,1,5
21239,0,-1,0,0,0,250,1,4
21240,0,-1,0,0,0,840,1,11
21241,0,-1,0,0,0,826,1,16
21242,0,-1,0,0,0,250,1,3
21243,0,-1,0,0,0,156,1,13
21244,0,-1,0,0,0,276,1,6
21245,0,-1,0,0,0,826,1,8
21246,0,-1,0,0,0,250,1,1
21247,0,-1,0,0,0,250,1,16
21248,0,-1,0,1,0,276,1,1
21249,0,-1,0,0,0,156,1,10
21250,0,-1,0,0,0,156,1,10
21251,0,-1,0,0,0,826,1,1
21252,0,-1,0,0,0,840,1,16
21253,0,-1,0,0,0,840,1,5
21254,0,-1,0,0,0,276,1,12
21255,0,-1,0,0,0,250,1,3
21256,0,-1,0,0,0,826,1,11
21257,0,-1,0,0,0,276,1,6
21258,0,-1,0,0,0,840,1,1
21259,0,-1,0,0,0,840,1,11
21260,0,-1,0,0,0,826,1,18
21261,0,-1,0,0,0,250,1,13
21262,0,-1,0,0,0,250,1,2
21263,0,-1,0,0,0,840,1,10
21264,0,-1,0,0,0,276,1,15
21265,0,-1,0,0,0,156,1,4
21266,0,-1,0,0,0,250,1,8
21267,0,-1,0,0,0,156,1,15
21268,0,-1,0,0,0,250,1,8
21269,0,-1,0,0,0,250,1,2
21270,0,-1,0,0,0,250,1,8
21271,0,-1,0,0,0,250,1,19
21272,0,-1,0,0,0,250,1,9
21273,0,-1,0,0,0,826,1,11
21274,0,-1,0,0,0,276,1,6
21275,0,-1,0,0,0,826,1,9
21276,0,-1,0,0,0,826,1,10
21277,0,-1,0,0,0,156,1,9
21278,0,-1,0,0,0,840,1,8
21279,0,-1,0,0,0,826,1,4
21280,0,-1,0,0,1,826,1,14
21281,0,-1,0,0,0,156,1,19
21282,0,-1,0,0,0,156,1,14
21283,0,-1,0,0,1,840,1,19
21284,0,-1,0,0,1,250,1,8
21285,0,-1,0,0,0,840,1,5
21286,0,-1,0,0,0,840,1,3
21287,0,-1,0,0,1,276,1,9
21288,0,-1,0,0,1,276,1,15
21289,0,-1,0,0,0,826,1,10
21290,0,-1,0,0,0,156,1,13
21291,0,-1,0,0,0,276,1,3
21292,0,-1,0,0,0,156,1,17
21293,0,-1,0,0,0,826,1,10
21294,0,-1,0,0,0,156,1,3
21295,0,-1,0,0,0,276,1,4
21296,0,-1,0,0,0,250,1,13
21297,0,-1,0,0,0,250,1,16
21298,0,-1,0,0,0,840,1,15
21299,0,-1,0,0,0,276,1,4
21300,0,-1,0,0,0,276,1,10
21301,0,-1,0,0,1,826,1,7
21302,0,-1,0,0,0,840,1,19
21303,0,-1,0,1,0,276,1,10
21304,0,-1,0,0,0,250,1,2
21305,0,-1,0,0,0,250,1,13
21306,0,-1,0,1,0,156,1,12
21307,0,-1,0,0,0,276,1,12
21308,0,-1,0,0,0,276,1,1
21309,0,-1,0,0,0,250,1,8
21310,0,-1,0,1,0,840,1,17
21311,0,-1,0,0,1,156,1,2
21312,0,-1,0,0,0,826,1,11
21313,0,-1,0,0,0,826,1,1
21314,0,-1,0,1,0,156,1,14
21315,0,-1,0,0,0,250,1,12
21316,0,-1,0,0,0,840,1,2
21317,0,-1,0,0,0,156,1,3
21318,0,-1,0,0,0,840,1,0
21319,0,-1,0,0,0,276,1,5
21320,0,-1,0,0,0,276,1,5
21321,0,-1,0,0,0,276,1,2
21322,0,-1,0,0,0,250,1,16
21323,0,-1,0,1,0,276,1,19
21324,0,-1,0,1,0,156,1,3
21325,0,-1,0,0,0,276,1,3
21326,0,-1,0,0,0,250,1,1
21327,0,-1,0,0,0,156,1,14
21328,0,-1,0,0,0,826,1,12
21329,0,-1,0,0,0,250,1,7
21330,0,-1,0,1,0,156,1,18
21331,0,-1,0,0,0,250,1,2
21332,0,-1,0,0,0,276,1,13
21333,0,-1,0,0,0,156,1,4
21334,0,-1,0,0,0,826,1,8
21335,0,-1,0,0,0,826,1,14
21336,0,-1,0,1,0,826,1,8
21337,0,-1,0,0,0,840,1,10
21338,0,-1,0,0,0,250,1,10
21339,0,-1,0,0,0,250,1,9
21340,0,-1,0,0,0,826,1,18
21341,0,-1,0,0,0,840,1,4
21342,0,-1,0,1,0,840,1,15
21343,0,-1,0,0,0,826,1,4
21344,0,-1,0,0,0,826,1,6
21345,0,-1,0,0,0,826,1,3
21346,0,-1,0,0,0,276,1,1
21347,0,-1,0,1,0,276,1,9
21348,0,-1,0,0,0,276,1,13
21349,0,-1,0,0,0,840,1,18
21350,0,-1,0,0,0,156,1,0
21351,0,-1,0,0,0,826,1,7
21352,0,-1,0,0,0,826,1,2
21353,0,-1,0,0,0,156,1,17
21354,0,-1,0,0,0,250,1,15
21355,0,-1,0,0,0,156,1,14
21356,0,-1,0,0,0,840,1,6
21357,0,-1,0,0,0,840,1,15
21358,0,-1,0,0,0,826,1,8
21359,0,-1,0,0,0,276,1,16
21360,0,-1,0,0,0,156,1,3
21361,0,-1,0,0,0,826,1,9
21362,0,-1,0,0,0,276,1,1
21363,0,-1,0,0,0,156,1,4
21364,0,-1,0,0,0,250,1,4
21365,0,-1,0,1,0,276,1,8
21366,0,-1,0,0,0,156,1,5
21367,0,-1,0,0,0,250,1,3
21368,0,-1,0,0,0,840,1,0
21369,0,-1,0,0,0,250,1,7
21370,0,-1,0,0,0,250,1,0
21371,0,-1,0,0,0,156,1,4
21372,0,-1,0,0,0,276,1,2
21373,0,-1,0,0,0,826,1,10
21374,0,-1,0,0,0,826,1,12
21375,0,-1,0,0,0,276,1,4
21376,0,-1,0,1,0,156,1,11
21377,0,-1,0,0,0,276,1,7
21378,0,-1,0,1,0,826,1,19
21379,0,-1,0,0,0,826,1,15
21380,0,-1,0,1,0,276,1,10
21381,0,-1,0,0,0,276,1,1
21382,0,-1,0,0,0,156,1,2
21383,0,-1,0,0,0,250,1,15
21384,0,-1,0,0,0,826,1,16
21385,0,-1,0,0,0,840,1,10
21386,0,-1,0,0,0,840,1,14
21387,0,-1,0,0,0,826,1,2
21388,0,-1,0,0,0,156,1,15
21389,0,-1,0,0,0,826,1,15
21390,0,-1,0,0,0,276,1,10
21391,0,-1,0,0,0,276,1,12
21392,0,-1,0,0,0,826,1,3
21393,0,-1,0,0,0,826,1,12
21394,0,-1,0,0,0,250,1,17
21395,0,-1,0,1,0,826,1,15
21396,0,-1,0,0,0,156,1,4
21397,0,-1,0,0,0,250,1,0
21398,0,-1,0,0,0,156,1,3
21399,0,-1,0,0,0,840,1,9
21400,0,-1,0,0,0,276,1,2
21401,0,-1,0,0,0,840,1,2
21402,0,-1,0,0,0,156,1,2
21403,0,-1,0,0,0,156,1,9
21404,0,-1,0,0,0,250,1,11
21405,0,-1,0,0,0,826,1,4
21406,0,-1,0,1,0,276,1,11
21407,0,-1,0,0,0,156,1,8
21408,0,-1,0,1,0,276,1,12
21409,0,-1,0,0,0,840,1,1
21410,0,-1,0,0,0,276,1,6
21411,0,-1,0,1,0,276,1,10
21412,0,-1,0,0,0,156,1,17
21413,0,-1,0,0,0,826,1,13
21414,0,-1,0,0,0,840,1,0
21415,0,-1,0,0,0,156,1,13
21416,0,-1,0,0,0,276,1,7
21417,0,-1,0,0,1,826,1,4
21418,0,-1,0,0,0,250,1,8
21419,0,-1,0,0,0,250,1,10
21420,0,-1,0,0,0,840,1,3
21421,0,-1,0,0,0,276,1,13
21422,0,-1,0,0,0,840,1,6
21423,0,-1,0,0,0,826,1,18
21424,0,-1,0,0,0,840,1,14
21425,0,-1,0,0,0,156,1,10
21426,0,-1,0,1,0,276,1,8
21427,0,-1,0,0,0,250,1,13
21428,0,-1,0,0,1,156,1,4
21429,0,-1,0,0,0,840,1,15
21430,0,-1,0,0,0,156,1,12
21431,0,-1,0,0,0,276,1,12
21432,0,-1,0,0,0,826,1,8
21433,0,-1,0,0,0,156,1,9
21434,0,-1,0,0,0,250,1,12
21435,0,-1,0,0,1,250,1,0
21436,0,-1,0,0,1,840,1,7
21437,0,-1,0,0,0,840,1,0
21438,0,-1,0,0,0,840,1,4
21439,0,-1,0,0,0,276,1,1
21440,0,-1,0,0,0,156,1,2
21441,0,-1,0,0,0,156,1,0
21442,0,-1,0,0,0,156,1,17
21443,0,-1,0,0,0,276,1,15
21444,0,-1,0,0,0,826,1,6
21445,0,-1,0,0,0,156,1,1
21446,0,-1,0,1,0,826,1,6
21447,0,-1,0,0,1,250,1,0
21448,0,-1,0,0,0,840,1,13
21449,0,-1,0,0,0,826,1,16
21450,0,-1,0,0,0,250,1,3
21451,0,-1,0,0,0,826,1,18
21452,0,-1,0,0,0,840,1,7
21453,0,-1,0,0,0,826,1,17
21454,0,-1,0,0,0,156,1,5
21455,0,-1,0,0,0,250,1,12
21456,0,-1,0,0,0,826,1,9
21457,0,-1,0,0,1,826,1,14
21458,0,-1,0,1,0,276,1,17
21459,0,-1,0,0,0,840,1,17
21460,0,-1,0,0,0,250,1,15
21461,0,-1,0,0,0,840,1,7
21462,0,-1,0,0,0,156,1,4
21463,0,-1,0,0,0,156,1,1
21464,0,-1,0,0,0,826,1,13
21465,0,-1,0,0,0,250,1,10
21466,0,-1,0,0,0,250,1,2
21467,0,-1,0,0,0,276,1,3
21468,0,-1,0,0,0,276,1,1
21469,0,-1,0,0,0,826,1,2
21470,0,-1,0,0,0,156,1,6
21471,0,-1,0,0,1,840,1,2
21472,0,-1,0,0,0,156,1,2
21473,0,-1,0,0,0,276,1,19
21474,0,-1,0,0,0,156,1,0
21475,0,-1,0,0,0,276,1,7
21476,0,-1,0,0,0,276,1,19
21477,0,-1,0,1,0,276,1,13
21478,0,-1,0,0,0,250,1,18
21479,0,-1,0,0,0,840,1,14
21480,0,-1,0,0,0,276,1,12
21481,0,-1,0,0,0,250,1,7
21482,0,-1,0,0,0,840,1,2
21483,0,-1,0,0,0,840,1,1
21484,0,-1,0,0,0,156,1,0
21485,0,-1,0,0,0,156,1,5
21486,0,-1,0,0,0,826,1,8
21487,0,-1,0,0,0,276,1,3
21488,0,-1,0,0,0,250,1,6
21489,0,-1,0,0,0,826,1,7
21490,0,-1,0,0,0,840,1,18
21491,0,-1,0,0,0,276,1,10
21492,0,-1,0,0,0,276,1,9
21493,0,-1,0,0,0,250,1,8
21494,0,-1,0,0,0,276,1,11
21495,0,-1,0,0,0,276,1,9
21496,0,-1,0,1,0,826,1,14
21497,0,-1,0,0,0,276,1,14
21498,0,-1,0,0,0,250,1,9
21499,0,-1,0,0,0,156,1,11
21500,0,-1,0,0,0,840,1,10
21501,0,-1,0,0,0,826,1,19
21502,0,-1,0,0,0,250,1,10
21503,0,-1,0,0,0,840,1,5
21504,0,-1,0,1,0,276,1,11
21505,0,-1,0,0,0,156,1,19
21506,0,-1,0,1,0,840,1,2
21507,0,-1,0,1,0,826,1,2
21508,0,-1,0,0,0,826,1,5
21509,0,-1,0,0,0,156,1,2
21510,0,-1,0,1,0,250,1,8
21511,0,-1,0,0,0,250,1,11
21512,0,-1,0,0,0,840,1,16
21513,0,-1,0,0,1,276,1,10
21514,0,-1,0,0,0,156,1,13
21515,0,-1,0,0,0,840,1,13
21516,0,-1,0,0,0,250,1,12
21517,0,-1,0,0,0,840,1,1
21518,0,-1,0,0,0,826,1,12
21519,0,-1,0,0,0,250,1,10
21520,0,-1,0,0,0,826,1,6
21521,0,-1,0,0,0,840,1,8
21522,0,-1,0,0,0,826,1,5
21523,0,-1,0,0,0,250,1,9
21524,0,-1,0,0,0,276,1,6
21525,0,-1,0,0,0,276,1,16
21526,0,-1,0,0,0,826,1,17
21527,0,-1,0,0,0,156,1,5
21528,0,-1,0,0,0,826,1,9
21529,0,-1,0,0,0,826,1,5
21530,0,-1,0,0,0,840,1,3
21531,0,-1,0,0,1,156,1,3
21532,0,-1,0,0,1,250,1,18
21533,0,-1,0,0,0,276,1,16
21534,0,-1,0,0,0,826,1,4
21535,0,-1,0,0,0,840,1,5
21536,0,-1,0,0,0,276,1,9
21537,0,-1,0,1,0,156,1,8
21538,0,-1,0,1,0,826,1,9
21539,0,-1,0,0,0,276,1,18
21540,0,-1,0,0,0,250,1,13
21541,0,-1,0,0,0,840,1,11
21542,0,-1,0,0,0,826,1,19
21543,0,-1,0,0,0,250,1,17
21544,0,-1,0,0,0,276,1,7
21545,0,-1,0,0,0,276,1,17
21546,0,-1,0,0,0,276,1,10
21547,0,-1,0,0,0,826,1,17
21548,0,-1,0,0,0,840,1,10
21549,0,-1,0,0,0,250,1,19
21550,0,-1,0,0,0,276,1,4
21551,0,-1,0,0,0,276,1,8
21552,0,-1,0,1,1,250,1,16
21553,0,-1,0,0,0,156,1,14
21554,0,-1,0,0,0,840,1,4
21555,0,-1,0,0,0,276,1,8
21556,0,-1,0,0,0,826,1,15
21557,0,-1,0,0,0,250,1,1
21558,0,-1,0,0,0,840,1,2
21559,0,-1,0,0,1,156,1,14
21560,0,-1,0,0,0,276,1,13
21561,0,-1,0,0,0,276,1,0
21562,0,-1,0,0,0,276,1,18
21563,0,-1,0,0,0,840,1,17
21564,0,-1,0,0,0,826,1,13
21565,0,-1,0,0,0,840,1,17
21566,0,-1,0,0,0,276,1,5
21567,0,-1,0,0,0,826,1,5
21568,0,-1,0,0,0,156,1,13
21569,0,-1,0,0,0,250,1,13
21570,0,-1,0,1,0,276,1,9
21571,0,-1,0,0,0,250,1,1
21572,0,-1,0,0,0,250,1,13
21573,0,-1,0,0,0,840,1,6
21574,0,-1,0,0,0,156,1,5
21575,0,-1,0,0,0,156,1,16
21576,0,-1,0,0,0,250,1,12
21577,0,-1,0,0,0,276,1,14
21578,0,-1,0,0,0,826,1,8
21579,0,-1,0,0,0,840,1,14
21580,0,-1,0,0,0,156,1,12
21581,0,-1,0,0,0,840,1,0
21582,0,-1,0,0,0,840,1,19
21583,0,-1,0,1,0,276,1,2
21584,0,-1,0,0,0,250,1,15
21585,0,-1,0,0,0,840,1,0
21586,0,-1,0,1,1,156,1,3
21587,0,-1,0,0,0,156,1,7
21588,0,-1,0,0,0,250,1,0
21589,0,-1,0,0,0,156,1,0
21590,0,-1,0,0,0,840,1,13
21591,0,-1,0,0,0,276,1,0
21592,0,-1,0,0,0,840,1,18
21593,0,-1,0,0,0,156,1,1
21594,0,-1,0,0,0,840,1,10
21595,0,-1,0,0,0,250,1,15
21596,0,-1,0,0,0,156,1,10
21597,0,-1,0,0,0,250,1,14
21598,0,-1,0,1,0,156,1,17
21599,0,-1,0,0,0,826,1,4
21600,0,-1,0,0,0,840,1,1
21601,0,-1,0,0,0,840,1,17
21602,0,-1,0,0,0,840,1,13
21603,0,-1,0,0,0,250,1,0
21604,0,-1,0,0,0,156,1,11
21605,0,-1,0,0,0,840,1,0
21606,0,-1,0,0,0,840,1,18
21607,0,-1,0,0,1,250,1,12
21608,0,-1,0,0,0,156,1,2
21609,0,-1,0,0,0,276,1,15
21610,0,-1,0,0,0,826,1,13
21611,0,-1,0,0,0,156,1,2
21612,0,-1,0,0,0,250,1,3
21613,0,-1,0,0,0,840,1,6
21614,0,-1,0,0,0,156,1,4
21615,0,-1,0,0,0,826,1,18
21616,0,-1,0,0,0,840,1,9
21617,0,-1,0,0,0,840,1,2
21618,0,-1,0,0,0,826,1,12
21619,0,-1,0,0,0,840,1,19
21620,0,-1,0,0,0,826,1,19
21621,0,-1,0,0,0,276,1,10
21622,0,-1,0,0,0,840,1,13
21623,0,-1,0,0,1,276,1,1
21624,0,-1,0,0,0,826,1,13
21625,0,-1,0,0,0,156,1,9
21626,0,-1,0,0,1,250,1,18
21627,0,-1,0,0,0,276,1,7
21628,0,-1,0,0,0,276,1,13
21629,0,-1,0,1,0,250,1,0
21630,0,-1,0,0,0,276,1,14
21631,0,-1,0,0,0,250,1,16
21632,0,-1,0,0,0,840,1,16
21633,0,-1,0,0,0,250,1,7
21634,0,-1,0,0,0,276,1,4
21635,0,-1,0,0,0,276,1,3
21636,0,-1,0,0,0,826,1,8
21637,0,-1,0,0,0,840,1,4
21638,0,-1,0,0,0,250,1,5
21639,0,-1,0,0,0,826,1,1
21640,0,-1,0,0,0,276,1,2
21641,0,-1,0,0,0,276,1,0
21642,0,-1,0,0,0,276,1,1
21643,0,-1,0,0,0,276,1,18
21644,0,-1,0,0,0,826,1,19
21645,0,-1,0,0,0,840,1,10
21646,0,-1,0,0,0,276,1,4
21647,0,-1,0,0,0,250,1,15
21648,0,-1,0,1,0,276,1,14
21649,0,-1,0,0,0,276,1,7
21650,0,-1,0,0,0,156,1,16
21651,0,-1,0,0,0,276,1,1
21652,0,-1,0,0,0,156,1,1
21653,0,-1,0,0,0,826,1,16
21654,0,-1,0,0,0,276,1,2
21655,0,-1,0,1,0,250,1,11
21656,0,-1,0,1,0,276,1,10
21657,0,-1,0,0,0,840,1,5
21658,0,-1,0,0,0,276,1,13
21659,0,-1,0,0,0,840,1,1
21660,0,-1,0,0,0,250,1,15
21661,0,-1,0,0,0,276,1,9
21662,0,-1,0,0,0,840,1,12
21663,0,-1,0,0,1,156,1,1
21664,0,-1,0,0,0,840,1,1
21665,0,-1,0,0,0,250,1,9
21666,0,-1,0,0,0,826,1,19
21667,0,-1,0,0,0,840,1,4
21668,0,-1,0,0,0,156,1,9
21669,0,-1,0,0,0,840,1,13
21670,0,-1,0,0,0,250,1,16
21671,0,-1,0,0,0,156,1,11
21672,0,-1,0,0,0,276,1,13
21673,0,-1,0,0,0,156,1,17
21674,0,-1,0,0,0,156,1,6
21675,0,-1,0,0,0,250,1,10
21676,0,-1,0,0,1,156,1,6
21677,0,-1,0,0,0,156,1,11
21678,0,-1,0,0,0,250,1,6
21679,0,-1,0,0,0,276,1,18
21680,0,-1,0,0,0,826,1,16
21681,0,-1,0,0,0,840,1,4
21682,0,-1,0,0,0,156,1,19
21683,0,-1,0,0,0,826,1,7
21684,0,-1,0,0,0,156,1,14
21685,0,-1,0,0,0,276,1,13
21686,0,-1,0,0,0,250,1,2
21687,0,-1,0,0,1,156,1,8
21688,0,-1,0,0,0,156,1,18
21689,0,-1,0,0,0,826,1,17
21690,0,-1,0,0,0,826,1,3
21691,0,-1,0,0,0,276,1,3
21692,0,-1,0,0,0,250,1,10
21693,0,-1,0,0,0,840,1,8
21694,0,-1,0,0,1,826,1,0
21695,0,-1,0,0,0,250,1,4
21696,0,-1,0,0,0,250,1,10
21697,0,-1,0,0,0,276,1,13
21698,0,-1,0,0,0,250,1,2
21699,0,-1,0,0,0,250,1,4
21700,0,-1,0,0,0,840,1,19
21701,0,-1,0,0,0,826,1,13
21702,0,-1,0,0,0,826,1,9
21703,0,-1,0,0,0,840,1,1
21704,0,-1,0,0,0,250,1,8
21705,0,-1,0,0,0,276,1,16
21706,0,-1,0,0,0,250,1,0
21707,0,-1,0,1,0,156,1,2
21708,0,-1,0,0,0,250,1,7
21709,0,-1,0,0,0,276,1,2
21710,0,-1,0,0,0,840,1,17
21711,0,-1,0,0,1,250,1,12
21712,0,-1,0,0,0,276,1,1
21713,0,-1,0,0,0,276,1,4
21714,0,-1,0,0,0,250,1,12
21715,0,-1,0,0,0,156,1,2
21716,0,-1,0,0,0,156,1,11
21717,0,-1,0,0,0,250,1,16
21718,0,-1,0,0,0,826,1,16
21719,0,-1,0,1,0,840,1,13
21720,0,-1,0,0,0,826,1,10
21721,0,-1,0,0,0,276,1,17
21722,0,-1,0,0,0,156,1,15
21723,0,-1,0,0,0,826,1,16
21724,0,-1,0,0,0,276,1,7
21725,0,-1,0,1,0,250,1,15
21726,0,-1,0,0,0,156,1,17
21727,0,-1,0,0,0,840,1,16
21728,0,-1,0,0,0,276,1,1
21729,0,-1,0,0,0,840,1,7
21730,0,-1,0,0,0,826,1,17
21731,0,-1,0,1,0,840,1,1
21732,0,-1,0,0,0,250,1,11
21733,0,-1,0,0,0,276,1,8
21734,0,-1,0,0,1,276,1,3
21735,0,-1,0,0,0,276,1,17
21736,0,-1,0,1,0,276,1,19
21737,0,-1,0,0,0,826,1,9
21738,0,-1,0,0,0,250,1,13
21739,0,-1,0,1,0,276,1,17
21740,0,-1,0,0,0,250,1,7
21741,0,-1,0,0,0,276,1,3
21742,0,-1,0,0,0,156,1,6
21743,0,-1,0,0,0,840,1,1
21744,0,-1,0,0,1,250,1,7
21745,0,-1,0,0,0,156,1,17
21746,0,-1,0,0,0,276,1,6
21747,0,-1,0,0,0,840,1,15
21748,0,-1,0,0,0,826,1,5
21749,0,-1,0,0,0,840,1,4
21750,0,-1,0,0,0,276,1,11
21751,0,-1,0,0,0,250,1,9
21752,0,-1,0,0,0,250,1,7
21753,0,-1,0,0,0,276,1,17
21754,0,-1,0,0,0,156,1,6
21755,0,-1,0,0,0,250,1,14
21756,0,-1,0,0,0,156,1,7
21757,0,-1,0,0,0,250,1,17
21758,0,-1,0,0,0,156,1,10
21759,0,-1,0,0,0,250,1,10
21760,0,-1,0,0,0,826,1,6
21761,0,-1,0,0,0,250,1,6
21762,0,-1,0,0,1,156,1,18
21763,0,-1,0,0,0,840,1,7
21764,0,-1,0,0,0,826,1,6
21765,0,-1,0,0,0,276,1,8
21766,0,-1,0,0,0,276,1,3
21767,0,-1,0,0,0,826,1,14
21768,0,-1,0,0,0,276,1,10
21769,0,-1,0,0,0,840,1,11
21770,0,-1,0,1,0,840,1,6
21771,0,-1,0,0,0,250,1,15
21772,0,-1,0,0,0,276,1,2
21773,0,-1,0,0,0,826,1,10
21774,0,-1,0,0,0,250,1,5
21775,0,-1,0,0,0,156,1,14
21776,0,-1,0,0,0,840,1,9
21777,0,-1,0,0,0,826,1,15
21778,0,-1,0,0,0,156,1,0
21779,0,-1,0,0,0,276,1,1
21780,0,-1,0,0,0,276,1,17
21781,0,-1,0,0,0,156,1,16
21782,0,-1,0,0,0,156,1,10
21783,0,-1,0,0,0,250,1,18
21784,0,-1,0,0,0,840,1,12
21785,0,-1,0,0,0,826,1,18
21786,0,-1,0,0,1,826,1,18
21787,0,-1,0,0,0,826,1,12
21788,0,-1,0,0,1,250,1,9
21789,0,-1,0,0,0,276,1,13
21790,0,-1,0,0,0,156,1,17
21791,0,-1,0,0,0,826,1,13
21792,0,-1,0,0,0,826,1,9
21793,0,-1,0,0,0,826,1,12
21794,0,-1,0,1,1,250,1,0
21795,0,-1,0,0,0,276,1,10
21796,0,-1,0,0,0,840,1,15
21797,0,-1,0,0,0,276,1,9
21798,0,-1,0,0,0,826,1,7
21799,0,-1,0,0,0,840,1,12
21800,0,-1,0,1,0,250,1,12
21801,0,-1,0,1,0,250,1,1
21802,0,-1,0,0,0,250,1,15
21803,0,-1,0,0,0,276,1,17
21804,0,-1,0,0,0,840,1,3
21805,0,-1,0,0,0,840,1,14
21806,0,-1,0,1,0,826,1,14
21807,0,-1,0,0,0,840,1,19
21808,0,-1,0,0,0,840,1,7
21809,0,-1,0,0,0,840,1,5
21810,0,-1,0,0,0,840,1,5
21811,0,-1,0,0,0,276,1,11
21812,0,-1,0,0,0,276,1,14
21813,0,-1,0,0,0,250,1,0
21814,0,-1,0,0,0,250,1,15
21815,0,-1,0,0,0,156,1,7
21816,0,-1,0,1,0,840,1,3
21817,0,-1,0,0,0,826,1,16
21818,0,-1,0,1,1,276,1,17
21819,0,-1,0,0,0,250,1,1
21820,0,-1,0,0,0,250,1,14
21821,0,-1,0,0,0,156,1,5
21822,0,-1,0,0,0,156,1,16
21823,0,-1,0,0,0,276,1,1
21824,0,-1,0,0,0,840,1,19
21825,0,-1,0,0,0,826,1,0
21826,0,-1,0,0,0,250,1,8
21827,0,-1,0,1,0,826,1,4
21828,0,-1,0,0,0,250,1,9
21829,0,-1,0,0,0,156,1,8
21830,0,-1,0,0,0,276,1,8
21831,0,-1,0,0,0,276,1,9
21832,0,-1,0,0,0,250,1,0
21833,0,-1,0,0,0,250,1,3
21834,0,-1,0,0,0,276,1,9
21835,0,-1,0,0,0,276,1,12
21836,0,-1,0,0,0,276,1,19
21837,0,-1,0,0,0,156,1,0
21838,0,-1,0,0,0,826,1,8
21839,0,-1,0,0,0,826,1,17
21840,0,-1,0,0,1,276,1,15
21841,0,-1,0,0,0,276,1,4
21842,0,-1,0,0,0,156,1,3
21843,0,-1,0,0,0,250,1,1
21844,0,-1,0,0,0,840,1,8
21845,0,-1,0,0,0,156,1,4
21846,0,-1,0,0,0,276,1,14
21847,0,-1,0,0,0,250,1,2
21848,0,-1,0,0,0,156,1,12
21849,0,-1,0,0,0,250,1,15
21850,0,-1,0,0,0,156,1,1
21851,0,-1,0,0,1,840,1,10
21852,0,-1,0,0,0,250,1,15
21853,0,-1,0,1,1,826,1,12
21854,0,-1,0,0,0,156,1,16
21855,0,-1,0,0,0,840,1,0
21856,0,-1,0,0,0,840,1,7
21857,0,-1,0,0,0,156,1,11
21858,0,-1,0,0,0,276,1,4
21859,0,-1,0,0,0,276,1,11
21860,0,-1,0,0,0,840,1,12
21861,0,-1,0,0,0,826,1,16
21862,0,-1,0,0,0,250,1,10
21863,0,-1,0,0,0,826,1,3
21864,0,-1,0,0,0,250,1,0
21865,0,-1,0,0,0,840,1,18
21866,0,-1,0,0,0,250,1,5
21867,0,-1,0,0,0,276,1,11
21868,0,-1,0,0,0,156,1,13
21869,0,-1,0,0,0,840,1,6
21870,0,-1,0,0,0,250,1,7
21871,0,-1,0,0,0,826,1,8
21872,0,-1,0,0,0,840,1,3
21873,0,-1,0,0,0,826,1,7
21874,0,-1,0,0,0,156,1,4
21875,0,-1,0,0,0,156,1,15
21876,0,-1,0,0,0,276,1,8
21877,0,-1,0,0,0,250,1,7
21878,0,-1,0,0,0,826,1,7
21879,0,-1,0,1,0,276,1,4
21880,0,-1,0,0,0,276,1,15
21881,0,-1,0,0,0,276,1,15
21882,0,-1,0,0,0,156,1,2
21883,0,-1,0,0,0,276,1,0
21884,0,-1,0,0,0,840,1,16
21885,0,-1,0,0,0,276,1,0
21886,0,-1,0,1,0,156,1,12
21887,0,-1,0,0,0,276,1,12
21888,0,-1,0,0,0,156,1,18
21889,0,-1,0,1,0,156,1,3
21890,0,-1,0,0,0,276,1,11
21891,0,-1,0,0,0,276,1,10
21892,0,-1,0,0,0,250,1,14
21893,0,-1,0,0,0,826,1,16
21894,0,-1,0,0,0,156,1,2
21895,0,-1,0,1,0,250,1,12
21896,0,-1,0,0,0,276,1,16
21897,0,-1,0,0,1,276,1,1
21898,0,-1,0,0,0,156,1,9
21899,0,-1,0,0,0,840,1,2
21900,0,-1,0,0,0,276,1,10
21901,0,-1,0,0,0,826,1,13
21902,0,-1,0,0,0,250,1,8
21903,0,-1,0,0,0,826,1,15
21904,0,-1,0,0,0,250,1,5
21905,0,-1,0,0,0,826,1,17
21906,0,-1,0,1,0,826,1,16
21907,0,-1,0,0,0,250,1,10
21908,0,-1,0,0,0,156,1,2
21909,0,-1,0,0,0,826,1,11
21910,0,-1,0,0,0,840,1,17
21911,0,-1,0,0,0,826,1,3
21912,0,-1,0,0,0,840,1,19
21913,0,-1,0,0,0,840,1,6
21914,0,-1,0,0,0,826,1,4
21915,0,-1,0,0,0,276,1,10
21916,0,-1,0,0,0,276,1,2
21917,0,-1,0,0,0,840,1,4
21918,0,-1,0,0,0,156,1,6
21919,0,-1,0,0,0,250,1,17
21920,0,-1,0,0,0,840,1,16
21921,0,-1,0,0,0,276,1,7
21922,0,-1,0,0,0,826,1,7
21923,0,-1,0,0,0,826,1,19
21924,0,-1,0,0,0,826,1,4
21925,0,-1,0,0,0,156,1,9
21926,0,-1,0,0,0,250,1,12
21927,0,-1,0,0,0,250,1,17
21928,0,-1,0,0,0,826,1,17
21929,0,-1,0,0,0,826,1,14
21930,0,-1,0,0,0,276,1,11
21931,0,-1,0,0,0,250,1,11
21932,0,-1,0,0,0,840,1,4
21933,0,-1,0,0,0,826,1,4
21934,0,-1,0,0,0,840,1,9
21935,0,-1,0,0,0,840,1,8
21936,0,-1,0,0,0,250,1,0
21937,0,-1,0,0,0,156,1,9
21938,0,-1,0,0,0,840,1,4
21939,0,-1,0,0,0,276,1,15
21940,0,-1,0,0,0,826,1,12
21941,0,-1,0,0,0,826,1,18
21942,0,-1,0,0,0,250,1,4
21943,0,-1,0,0,0,250,1,9
21944,0,-1,0,0,0,840,1,11
21945,0,-1,0,0,0,840,1,15
21946,0,-1,0,0,0,156,1,9
21947,0,-1,0,0,0,826,1,9
21948,0,-1,0,0,0,840,1,17
21949,0,-1,0,0,0,826,1,18
21950,0,-1,0,0,0,250,1,19
21951,0,-1,0,0,0,156,1,19
21952,0,-1,0,0,0,276,1,3
21953,0,-1,0,0,0,840,1,11
21954,0,-1,0,0,0,156,1,11
21955,0,-1,0,0,0,840,1,8
21956,0,-1,0,0,0,840,1,5
21957,0,-1,0,0,0,250,1,6
21958,0,-1,0,0,0,826,1,10
21959,0,-1,0,0,0,840,1,6
21960,0,-1,0,0,0,276,1,7
21961,0,-1,0,0,0,840,1,19
21962,0,-1,0,0,0,156,1,11
21963,0,-1,0,0,0,840,1,10
21964,0,-1,0,1,0,156,1,2
21965,0,-1,0,0,0,840,1,3
21966,0,-1,0,1,0,250,1,13
21967,0,-1,0,1,0,276,1,16
21968,0,-1,0,0,0,156,1,14
21969,0,-1,0,1,0,276,1,6
21970,0,-1,0,0,0,250,1,0
21971,0,-1,0,0,0,826,1,0
21972,0,-1,0,0,0,250,1,12
21973,0,-1,0,0,0,276,1,11
21974,0,-1,0,0,0,156,1,4
21975,0,-1,0,0,0,156,1,16
21976,0,-1,0,0,0,250,1,8
21977,0,-1,0,0,0,276,1,9
21978,0,-1,0,0,0,840,1,19
21979,0,-1,0,1,0,250,1,4
21980,0,-1,0,0,0,156,1,10
21981,0,-1,0,0,0,276,1,13
21982,0,-1,0,0,0,276,1,4
21983,0,-1,0,0,0,250,1,19
21984,0,-1,0,0,0,840,1,13
21985,0,-1,0,0,1,840,1,0
21986,0,-1,0,0,0,250,1,15
21987,0,-1,0,1,0,276,1,19
21988,0,-1,0,0,0,840,1,11
21989,0,-1,0,0,0,156,1,7
21990,0,-1,0,0,0,156,1,19
21991,0,-1,0,0,0,826,1,11
21992,0,-1,0,0,0,826,1,16
21993,0,-1,0,0,0,840,1,17
21994,0,-1,0,0,0,156,1,3
21995,0,-1,0,0,0,156,1,15
21996,0,-1,0,0,0,156,1,6
21997,0,-1,0,0,0,156,1,14
21998,0,-1,0,0,0,826,1,7
21999,0,-1,0,0,0,840,1,19
22000,0,-1,0,1,0,826,1,14
22001,0,-1,0,0,0,276,1,16
22002,0,-1,0,0,0,250,1,16
22003,0,-1,0,0,0,250,1,2
22004,0,-1,0,0,0,276,1,9
22005,0,-1,0,0,0,840,1,17
22006,0,-1,0,0,0,826,1,10
22007,0,-1,0,0,0,276,1,15
22008,0,-1,0,0,0,250,1,3
22009,0,-1,0,0,0,276,1,17
22010,0,-1,0,0,0,156,1,3
22011,0,-1,0,0,0,250,1,12
22012,0,-1,0,0,0,840,1,15
22013,0,-1,0,0,0,250,1,19
22014,0,-1,0,0,0,826,1,18
22015,0,-1,0,0,0,840,1,10
22016,0,-1,0,0,0,156,1,0
22017,0,-1,0,0,0,840,1,18
22018,0,-1,0,0,0,826,1,19
22019,0,-1,0,0,0,840,1,18
22020,0,-1,0,0,0,276,1,5
22021,0,-1,0,0,0,276,1,14
22022,0,-1,0,0,0,250,1,11
22023,0,-1,0,0,0,276,1,8
22024,0,-1,0,0,0,826,1,13
22025,0,-1,0,0,0,276,1,18
22026,0,-1,0,0,0,276,1,19
22027,0,-1,0,0,0,840,1,1
22028,0,-1,0,0,0,276,1,13
22029,0,-1,0,0,0,826,1,9
22030,0,-1,0,0,0,276,1,12
22031,0,-1,0,0,0,156,1,19
22032,0,-1,0,0,0,840,1,8
22033,0,-1,0,0,0,250,1,16
22034,0,-1,0,0,0,156,1,1
22035,0,-1,0,0,0,826,1,10
22036,0,-1,0,0,0,276,1,15
22037,0,-1,0,0,0,250,1,1
22038,0,-1,0,0,0,276,1,11
22039,0,-1,0,0,0,276,1,14
22040,0,-1,0,1,0,276,1,10
22041,0,-1,0,1,0,840,1,14
22042,0,-1,0,0,0,840,1,6
22043,0,-1,0,0,0,826,1,3
22044,0,-1,0,0,0,156,1,11
22045,0,-1,0,0,0,250,1,17
22046,0,-1,0,0,0,250,1,14
22047,0,-1,0,0,0,156,1,2
22048,0,-1,0,0,0,250,1,14
22049,0,-1,0,0,0,250,1,3
22050,0,-1,0,0,0,276,1,1
22051,0,-1,0,0,0,826,1,6
22052,0,-1,0,1,0,156,1,1
22053,0,-1,0,0,0,826,1,1
22054,0,-1,0,0,0,840,1,17
22055,0,-1,0,0,0,156,1,0
22056,0,-1,0,0,0,826,1,10
22057,0,-1,0,0,1,250,1,2
22058,0,-1,0,0,0,250,1,11
22059,0,-1,0,0,0,250,1,18
22060,0,-1,0,0,0,250,1,10
22061,0,-1,0,0,0,250,1,11
22062,0,-1,0,0,0,276,1,2
22063,0,-1,0,0,0,156,1,17
22064,0,-1,0,1,0,840,1,19
22065,0,-1,0,0,0,250,1,0
22066,0,-1,0,0,0,840,1,16
22067,0,-1,0,1,0,826,1,0
22068,0,-1,0,0,0,250,1,15
22069,0,-1,0,0,0,156,1,2
22070,0,-1,0,0,0,276,1,4
22071,0,-1,0,0,0,276,1,15
22072,0,-1,0,0,0,840,1,19
22073,0,-1,0,0,0,156,1,13
22074,0,-1,0,0,1,250,1,9
22075,0,-1,0,0,0,250,1,0
22076,0,-1,0,0,0,840,1,14
22077,0,-1,0,0,0,840,1,13
22078,0,-1,0,1,0,840,1,1
22079,0,-1,0,0,0,840,1,17
22080,0,-1,0,0,1,826,1,9
22081,0,-1,0,0,0,826,1,0
22082,0,-1,0,0,0,156,1,7
22083,0,-1,0,0,0,250,1,5
22084,0,-1,0,0,0,250,1,14
22085,0,-1,0,0,0,826,1,4
22086,0,-1,0,0,0,826,1,15
22087,0,-1,0,1,0,156,1,11
22088,0,-1,0,0,0,826,1,9
22089,0,-1,0,0,1,840,1,4
22090,0,-1,0,0,0,276,1,1
22091,0,-1,0,0,0,156,1,8
22092,0,-1,0,0,0,250,1,18
22093,0,-1,0,0,0,276,1,13
22094,0,-1,0,0,0,276,1,11
22095,0,-1,0,0,0,250,1,14
22096,0,-1,0,0,0,840,1,2
22097,0,-1,0,0,1,826,1,16
22098,0,-1,0,0,0,826,1,6
22099,0,-1,0,0,0,156,1,14
22100,0,-1,0,0,0,840,1,4
22101,0,-1,0,0,0,276,1,17
22102,0,-1,0,0,0,826,1,13
22103,0,-1,0,0,0,840,1,19
22104,0,-1,0,0,0,840,1,2
22105,0,-1,0,0,0,840,1,9
22106,0,-1,0,0,0,156,1,2
22107,0,-1,0,0,0,250,1,0
22108,0,-1,0,0,1,840,1,10
22109,0,-1,0,0,0,840,1,15
22110,0,-1,0,0,0,250,1,12
22111,0,-1,0,0,0,826,1,9
22112,0,-1,0,0,0,826,1,0
22113,0,-1,0,0,0,840,1,3
22114,0,-1,0,0,0,276,1,8
22115,0,-1,0,0,0,250,1,0
22116,0,-1,0,0,0,156,1,17
22117,0,-1,0,0,0,156,1,19
22118,0,-1,0,0,0,826,1,16
22119,0,-1,0,0,0,826,1,0
22120,0,-1,0,0,0,840,1,12
22121,0,-1,0,0,0,156,1,0
22122,0,-1,0,0,0,276,1,8
22123,0,-1,0,0,0,156,1,12
22124,0,-1,0,0,0,276,1,14
22125,0,-1,0,0,0,250,1,6
22126,0,-1,0,0,0,250,1,2
22127,0,-1,0,0,0,840,1,10
22128,0,-1,0,0,1,276,1,3
22129,0,-1,0,0,0,156,1,10
22130,0,-1,0,0,0,826,1,14
22131,0,-1,0,0,0,840,1,8
22132,0,-1,0,0,0,250,1,8
22133,0,-1,0,1,0,840,1,9
22134,0,-1,0,0,0,826,1,7
22135,0,-1,0,0,0,156,1,13
22136,0,-1,0,0,0,826,1,13
22137,0,-1,0,0,0,276,1,10
22138,0,-1,0,0,1,840,1,12
22139,0,-1,0,0,0,276,1,1
22140,0,-1,0,0,0,826,1,15
22141,0,-1,0,0,0,156,1,3
22142,0,-1,0,0,0,156,1,2
22143,0,-1,0,0,0,250,1,13
22144,0,-1,0,0,0,840,1,18
22145,0,-1,0,1,0,250,1,14
22146,0,-1,0,0,0,840,1,15
22147,0,-1,0,0,0,156,1,18
22148,0,-1,0,0,0,840,1,18
22149,0,-1,0,0,0,276,1,2
22150,0,-1,0,0,0,840,1,17
22151,0,-1,0,0,0,826,1,7
22152,0,-1,0,0,0,250,1,4
22153,0,-1,0,0,0,276,1,11
22154,0,-1,0,0,0,156,1,5
22155,0,-1,0,0,0,276,1,3
22156,0,-1,0,0,0,840,1,1
22157,0,-1,0,0,0,250,1,8
22158,0,-1,0,0,1,156,1,1
22159,0,-1,0,1,0,156,1,6
22160,0,-1,0,1,0,250,1,8
22161,0,-1,0,0,0,250,1,7
22162,0,-1,0,0,0,276,1,2
22163,0,-1,0,0,0,250,1,2
22164,0,-1,0,0,0,826,1,5
22165,0,-1,0,0,0,276,1,4
22166,0,-1,0,1,0,276,1,0
22167,0,-1,0,1,0,840,1,15
22168,0,-1,0,1,0,826,1,13
22169,0,-1,0,0,0,840,1,12
22170,0,-1,0,0,0,826,1,14
22171,0,-1,0,0,0,840,1,0
22172,0,-1,0,0,0,840,1,4
22173,0,-1,0,0,0,840,1,6
22174,0,-1,0,0,0,840,1,9
22175,0,-1,0,0,0,156,1,2
22176,0,-1,0,0,0,250,1,7
22177,0,-1,0,0,0,156,1,0
22178,0,-1,0,0,0,826,1,14
22179,0,-1,0,0,0,156,1,5
22180,0,-1,0,0,0,840,1,13
22181,0,-1,0,0,0,156,1,17
22182,0,-1,0,0,0,840,1,16
22183,0,-1,0,0,0,840,1,19
22184,0,-1,0,0,0,840,1,16
22185,0,-1,0,0,0,250,1,17
22186,0,-1,0,0,0,250,1,18
22187,0,-1,0,0,0,826,1,19
22188,0,-1,0,0,0,826,1,7
22189,0,-1,0,0,0,826,1,13
22190,0,-1,0,0,0,250,1,13
22191,0,-1,0,1,0,826,1,12
22192,0,-1,0,0,0,156,1,7
22193,0,-1,0,0,0,840,1,9
22194,0,-1,0,0,0,250,1,5
22195,0,-1,0,0,1,276,1,4
22196,0,-1,0,0,0,840,1,0
22197,0,-1,0,0,0,840,1,16
22198,0,-1,0,0,0,840,1,9
22199,0,-1,0,0,0,826,1,7
22200,0,-1,0,0,0,156,1,18
22201,0,-1,0,0,0,156,1,2
22202,0,-1,0,0,0,276,1,5
22203,0,-1,0,0,0,826,1,12
22204,0,-1,0,0,0,156,1,6
22205,0,-1,0,0,0,840,1,0
22206,0,-1,0,0,0,826,1,17
22207,0,-1,0,0,0,156,1,11
22208,0,-1,0,0,0,156,1,1
22209,0,-1,0,0,0,156,1,2
22210,0,-1,0,0,0,250,1,14
22211,0,-1,0,0,0,840,1,11
22212,0,-1,0,0,0,826,1,10
22213,0,-1,0,0,0,156,1,2
22214,0,-1,0,0,0,840,1,12
22215,0,-1,0,0,0,826,1,14
22216,0,-1,0,0,0,156,1,10
22217,0,-1,0,1,0,840,1,0
22218,0,-1,0,1,0,276,1,15
22219,0,-1,0,0,0,840,1,12
22220,0,-1,0,0,0,826,1,11
22221,0,-1,0,0,0,840,1,7
22222,0,-1,0,0,0,156,1,3
22223,0,-1,0,0,0,826,1,17
22224,0,-1,0,0,0,276,1,15
22225,0,-1,0,1,0,276,1,18
22226,0,-1,0,0,0,840,1,10
22227,0,-1,0,0,0,156,1,17
22228,0,-1,0,0,0,276,1,17
22229,0,-1,0,0,0,250,1,9
22230,0,-1,0,0,0,276,1,16
22231,0,-1,0,0,0,840,1,10
22232,0,-1,0,0,0,826,1,8
22233,0,-1,0,0,0,250,1,6
22234,0,-1,0,0,0,840,1,2
22235,0,-1,0,0,0,156,1,11
22236,0,-1,0,0,0,840,1,19
22237,0,-1,0,0,0,826,1,18
22238,0,-1,0,0,0,250,1,7
22239,0,-1,0,0,0,840,1,5
22240,0,-1,0,0,0,250,1,8
22241,0,-1,0,0,0,276,1,4
22242,0,-1,0,0,0,276,1,9
22243,0,-1,0,1,0,156,1,17
22244,0,-1,0,0,0,250,1,15
22245,0,-1,0,0,0,826,1,12
22246,0,-1,0,0,0,276,1,8
22247,0,-1,0,0,0,156,1,7
22248,0,-1,0,0,0,840,1,14
22249,0,-1,0,1,0,250,1,12
22250,0,-1,0,0,0,826,1,19
22251,0,-1,0,0,0,250,1,1
22252,0,-1,0,0,0,156,1,2
22253,0,-1,0,0,0,276,1,17
22254,0,-1,0,0,0,826,1,13
22255,0,-1,0,0,0,156,1,10
22256,0,-1,0,1,0,156,1,15
22257,0,-1,0,0,0,276,1,8
22258,0,-1,0,1,0,156,1,18
22259,0,-1,0,0,0,156,1,0
22260,0,-1,0,0,0,156,1,18
22261,0,-1,0,0,0,840,1,12
22262,0,-1,0,0,0,826,1,18
22263,0,-1,0,0,0,826,1,6
22264,0,-1,0,1,0,250,1,1
22265,0,-1,0,0,0,156,1,18
22266,0,-1,0,0,0,156,1,14
22267,0,-1,0,0,0,156,1,1
22268,0,-1,0,0,0,156,1,14
22269,0,-1,0,0,0,840,1,5
22270,0,-1,0,0,0,156,1,12
22271,0,-1,0,0,0,826,1,6
22272,0,-1,0,0,0,156,1,7
22273,0,-1,0,0,0,250,1,3
22274,0,-1,0,0,0,276,1,0
22275,0,-1,0,0,0,156,1,18
22276,0,-1,0,0,0,276,1,0
22277,0,-1,0,0,0,826,1,9
22278,0,-1,0,0,0,276,1,15
22279,0,-1,0,0,0,250,1,16
22280,0,-1,0,0,0,276,1,6
22281,0,-1,0,1,0,276,1,19
22282,0,-1,0,0,0,276,1,3
22283,0,-1,0,0,0,826,1,12
22284,0,-1,0,0,0,840,1,16
22285,0,-1,0,0,0,826,1,12
22286,0,-1,0,1,0,826,1,15
22287,0,-1,0,0,0,826,1,13
22288,0,-1,0,1,0,250,1,17
22289,0,-1,0,0,0,840,1,17
22290,0,-1,0,0,0,840,1,17
22291,0,-1,0,0,0,156,1,19
22292,0,-1,0,0,0,826,1,16
22293,0,-1,0,0,0,250,1,8
22294,0,-1,0,0,0,840,1,6
22295,0,-1,0,0,0,826,1,5
22296,0,-1,0,1,0,276,1,7
22297,0,-1,0,0,0,826,1,15
22298,0,-1,0,0,0,156,1,17
22299,0,-1,0,0,0,826,1,12
22300,0,-1,0,0,0,276,1,0
22301,0,-1,0,0,0,276,1,5
22302,0,-1,0,0,0,840,1,19
22303,0,-1,0,0,0,276,1,13
22304,0,-1,0,0,0,250,1,7
22305,0,-1,0,0,0,276,1,18
22306,0,-1,0,0,0,250,1,7
22307,0,-1,0,0,0,276,1,15
22308,0,-1,0,0,0,250,1,6
22309,0,-1,0,0,0,840,1,16
22310,0,-1,0,0,0,250,1,4
22311,0,-1,0,0,0,276,1,11
22312,0,-1,0,1,0,156,1,6
22313,0,-1,0,0,0,276,1,8
22314,0,-1,0,0,0,826,1,6
22315,0,-1,0,0,0,826,1,18
22316,0,-1,0,0,0,840,1,2
22317,0,-1,0,0,0,826,1,10
22318,0,-1,0,0,0,250,1,0
22319,0,-1,0,0,0,250,1,15
22320,0,-1,0,0,0,250,1,8
22321,0,-1,0,1,0,156,1,16
22322,0,-1,0,0,0,826,1,1
22323,0,-1,0,0,0,156,1,17
22324,0,-1,0,0,1,840,1,3
22325,0,-1,0,0,0,156,1,16
22326,0,-1,0,0,0,840,1,11
22327,0,-1,0,0,0,156,1,18
22328,0,-1,0,0,0,250,1,11
22329,0,-1,0,0,0,156,1,9
22330,0,-1,0,0,0,276,1,1
22331,0,-1,0,0,0,250,1,7
22332,0,-1,0,0,0,276,1,15
22333,0,-1,0,0,0,826,1,18
22334,0,-1,0,0,0,276,1,2
22335,0,-1,0,0,0,840,1,12
22336,0,-1,0,0,0,276,1,19
22337,0,-1,0,0,0,276,1,10
22338,0,-1,0,0,0,826,1,12
22339,0,-1,0,0,0,840,1,17
22340,0,-1,0,0,0,840,1,11
22341,0,-1,0,0,0,250,1,1
22342,0,-1,0,0,0,156,1,17
22343,0,-1,0,0,0,826,1,12
22344,0,-1,0,0,0,276,1,2
22345,0,-1,0,0,0,840,1,3
22346,0,-1,0,0,0,826,1,13
22347,0,-1,0,0,0,840,1,8
22348,0,-1,0,0,0,276,1,14
22349,0,-1,0,0,0,156,1,3
22350,0,-1,0,0,0,276,1,10
22351,0,-1,0,0,0,840,1,18
22352,0,-1,0,0,0,250,1,14
22353,0,-1,0,0,0,826,1,17
22354,0,-1,0,0,0,276,1,3
22355,0,-1,0,0,0,826,1,11
22356,0,-1,0,0,0,250,1,6
22357,0,-1,0,0,0,156,1,18
22358,0,-1,0,0,0,276,1,16
22359,0,-1,0,0,0,156,1,10
22360,0,-1,0,0,0,826,1,3
22361,0,-1,0,0,0,276,1,13
22362,0,-1,0,0,0,250,1,5
22363,0,-1,0,0,0,276,1,14
22364,0,-1,0,0,0,826,1,16
22365,0,-1,0,0,0,276,1,4
22366,0,-1,0,0,0,826,1,16
22367,0,-1,0,0,0,156,1,9
22368,0,-1,0,0,0,156,1,16
22369,0,-1,0,0,0,826,1,16
22370,0,-1,0,0,0,840,1,7
22371,0,-1,0,0,0,840,1,5
22372,0,-1,0,1,0,156,1,16
22373,0,-1,0,0,0,276,1,9
22374,0,-1,0,0,0,826,1,14
22375,0,-1,0,0,0,276,1,16
22376,0,-1,0,0,0,250,1,17
22377,0,-1,0,0,0,250,1,18
22378,0,-1,0,0,0,826,1,11
22379,0,-1,0,1,0,156,1,8
22380,0,-1,0,0,0,826,1,4
22381,0,-1,0,0,0,250,1,1
22382,0,-1,0,1,0,250,1,17
22383,0,-1,0,0,0,826,1,17
22384,0,-1,0,0,0,250,1,12
22385,0,-1,0,0,0,250,1,8
22386,0,-1,0,0,0,250,1,17
22387,0,-1,0,0,0,826,1,11
22388,0,-1,0,0,0,840,1,4
22389,0,-1,0,0,0,826,1,15
22390,0,-1,0,0,0,156,1,11
22391,0,-1,0,0,0,276,1,1
22392,0,-1,0,0,0,250,1,1
22393,0,-1,0,0,0,156,1,2
22394,0,-1,0,0,0,276,1,15
22395,0,-1,0,0,0,250,1,3
22396,0,-1,0,0,0,840,1,12
22397,0,-1,0,0,0,250,1,16
22398,0,-1,0,0,0,156,1,9
22399,0,-1,0,0,0,156,1,8
22400,0,-1,0,0,0,276,1,9
22401,0,-1,0,1,0,276,1,1
22402,0,-1,0,0,0,276,1,16
22403,0,-1,0,1,0,156,1,3
22404,0,-1,0,0,0,840,1,6
22405,0,-1,0,0,0,276,1,14
22406,0,-1,0,0,0,276,1,16
22407,0,-1,0,0,0,840,1,15
22408,0,-1,0,0,0,826,1,2
22409,0,-1,0,0,0,276,1,12
22410,0,-1,0,0,0,840,1,1
22411,0,-1,0,0,0,826,1,19
22412,0,-1,0,0,0,276,1,1
22413,0,-1,0,0,0,826,1,13
22414,0,-1,0,0,0,826,1,1
22415,0,-1,0,0,0,826,1,17
22416,0,-1,0,0,0,840,1,8
22417,0,-1,0,0,0,156,1,5
22418,0,-1,0,0,0,276,1,16
22419,0,-1,0,0,0,276,1,6
22420,0,-1,0,0,0,250,1,15
22421,0,-1,0,0,0,826,1,5
22422,0,-1,0,1,0,156,1,14
22423,0,-1,0,0,0,156,1,8
22424,0,-1,0,0,0,826,1,16
22425,0,-1,0,0,0,826,1,16
22426,0,-1,0,0,0,156,1,11
22427,0,-1,0,0,0,840,1,0
22428,0,-1,0,0,0,156,1,1
22429,0,-1,0,0,1,826,1,18
22430,0,-1,0,0,1,250,1,9
22431,0,-1,0,0,0,826,1,19
22432,0,-1,0,0,0,276,1,5
22433,0,-1,0,0,0,250,1,16
22434,0,-1,0,0,0,276,1,9
22435,0,-1,0,0,0,156,1,9
22436,0,-1,0,0,0,276,1,9
22437,0,-1,0,0,0,276,1,12
22438,0,-1,0,0,0,840,1,17
22439,0,-1,0,0,0,826,1,11
22440,0,-1,0,0,0,276,1,15
22441,0,-1,0,0,0,276,1,6
22442,0,-1,0,0,0,840,1,3
22443,0,-1,0,1,0,276,1,13
22444,0,-1,0,0,0,826,1,1
22445,0,-1,0,1,0,156,1,9
22446,0,-1,0,0,0,826,1,16
22447,0,-1,0,1,0,250,1,2
22448,0,-1,0,0,0,250,1,13
22449,0,-1,0,0,0,840,1,15
22450,0,-1,0,0,0,250,1,17
22451,0,-1,0,0,0,250,1,15
22452,0,-1,0,0,0,250,1,16
22453,0,-1,0,0,0,156,1,15
22454,0,-1,0,0,0,276,1,9
22455,0,-1,0,0,0,826,1,9
22456,0,-1,0,0,0,156,1,13
22457,0,-1,0,0,0,156,1,12
22458,0,-1,0,0,0,276,1,0
22459,0,-1,0,0,0,840,1,15
22460,0,-1,0,0,0,826,1,7
22461,0,-1,0,0,0,276,1,7
22462,0,-1,0,0,0,840,1,16
22463,0,-1,0,1,0,840,1,6
22464,0,-1,0,0,0,826,1,3
22465,0,-1,0,0,0,250,1,16
22466,0,-1,0,0,0,826,1,16
22467,0,-1,0,0,0,826,1,16
22468,0,-1,0,0,0,156,1,18
22469,0,-1,0,0,0,250,1,2
22470,0,-1,0,0,0,250,1,4
22471,0,-1,0,0,0,840,1,19
22472,0,-1,0,0,0,840,1,5
22473,0,-1,0,0,0,156,1,7
22474,0,-1,0,0,0,276,1,15
22475,0,-1,0,0,1,250,1,9
22476,0,-1,0,0,0,250,1,6
22477,0,-1,0,0,0,840,1,15
22478,0,-1,0,0,0,156,1,1
22479,0,-1,0,0,0,826,1,19
22480,0,-1,0,0,0,840,1,19
22481,0,-1,0,0,0,826,1,15
22482,0,-1,0,0,0,826,1,16
22483,0,-1,0,0,0,276,1,4
22484,0,-1,0,0,0,826,1,4
22485,0,-1,0,0,0,826,1,8
22486,0,-1,0,1,0,276,1,3
22487,0,-1,0,0,0,840,1,7
22488,0,-1,0,0,0,276,1,7
22489,0,-1,0,0,0,840,1,17
22490,0,-1,0,0,0,840,1,4
22491,0,-1,0,0,0,826,1,15
22492,0,-1,0,0,0,250,1,12
22493,0,-1,0,0,0,156,1,4
22494,0,-1,0,0,0,250,1,10
22495,0,-1,0,0,0,826,1,15
22496,0,-1,0,0,0,250,1,2
22497,0,-1,0,0,0,826,1,9
22498,0,-1,0,0,0,276,1,19
22499,0,-1,0,0,0,840,1,1
22500,0,-1,0,1,0,276,1,5
22501,0,-1,0,0,0,276,1,12
22502,0,-1,0,0,0,156,1,15
22503,0,-1,0,0,0,276,1,9
22504,0,-1,0,0,0,250,1,3
22505,0,-1,0,0,0,156,1,12
22506,0,-1,0,1,0,276,1,0
22507,0,-1,0,0,0,250,1,18
22508,0,-1,0,0,0,840,1,15
22509,0,-1,0,0,0,276,1,4
22510,0,-1,0,0,0,156,1,11
22511,0,-1,0,0,0,276,1,18
22512,0,-1,0,0,0,250,1,4
22513,0,-1,0,0,0,250,1,14
22514,0,-1,0,0,0,840,1,1
22515,0,-1,0,0,0,276,1,4
22516,0,-1,0,1,0,840,1,2
22517,0,-1,0,0,0,826,1,14
22518,0,-1,0,1,0,156,1,15
22519,0,-1,0,0,0,156,1,2
22520,0,-1,0,0,0,840,1,3
22521,0,-1,0,0,0,840,1,19
22522,0,-1,0,0,0,826,1,9
22523,0,-1,0,0,0,156,1,12
22524,0,-1,0,0,0,250,1,10
22525,0,-1,0,0,0,840,1,7
22526,0,-1,0,0,0,826,1,8
22527,0,-1,0,0,0,250,1,7
22528,0,-1,0,0,0,276,1,10
22529,0,-1,0,0,0,156,1,4
22530,0,-1,0,0,0,156,1,5
22531,0,-1,0,0,0,840,1,12
22532,0,-1,0,0,0,840,1,6
22533,0,-1,0,0,0,826,1,3
22534,0,-1,0,0,0,276,1,9
22535,0,-1,0,0,0,826,1,18
22536,0,-1,0,0,0,826,1,18
22537,0,-1,0,0,0,826,1,5
22538,0,-1,0,0,0,826,1,4
22539,0,-1,0,0,0,156,1,8
22540,0,-1,0,0,0,250,1,9
22541,0,-1,0,0,0,276,1,9
22542,0,-1,0,0,0,156,1,1
22543,0,-1,0,0,0,840,1,14
22544,0,-1,0,0,0,250,1,1
22545,0,-1,0,0,0,840,1,3
22546,0,-1,0,0,0,250,1,1
22547,0,-1,0,0,0,156,1,1
22548,0,-1,0,0,1,276,1,17
22549,0,-1,0,0,0,250,1,16
22550,0,-1,0,1,0,250,1,9
22551,0,-1,0,0,0,250,1,7
22552,0,-1,0,0,0,826,1,18
22553,0,-1,0,0,0,826,1,9
22554,0,-1,0,0,0,840,1,17
22555,0,-1,0,0,0,276,1,6
22556,0,-1,0,0,0,276,1,13
22557,0,-1,0,0,0,826,1,18
22558,0,-1,0,0,0,840,1,4
22559,0,-1,0,0,0,840,1,8
22560,0,-1,0,1,0,826,1,5
22561,0,-1,0,0,0,156,1,10
22562,0,-1,0,1,0,826,1,4
22563,0,-1,0,0,0,156,1,13
22564,0,-1,0,1,0,826,1,15
22565,0,-1,0,0,0,276,1,4
22566,0,-1,0,1,0,840,1,6
22567,0,-1,0,0,0,826,1,10
22568,0,-1,0,0,0,840,1,6
22569,0,-1,0,0,0,840,1,3
22570,0,-1,0,0,0,156,1,6
22571,0,-1,0,0,0,156,1,10
22572,0,-1,0,0,0,250,1,11
22573,0,-1,0,0,0,826,1,8
22574,0,-1,0,0,0,840,1,8
22575,0,-1,0,0,0,276,1,5
22576,0,-1,0,0,0,840,1,11
22577,0,-1,0,0,1,840,1,15
22578,0,-1,0,0,0,840,1,8
22579,0,-1,0,0,0,826,1,17
22580,0,-1,0,0,0,276,1,14
22581,0,-1,0,0,1,840,1,1
22582,0,-1,0,0,0,276,1,17
22583,0,-1,0,0,0,250,1,19
22584,0,-1,0,0,0,840,1,10
22585,0,-1,0,1,0,156,1,11
22586,0,-1,0,0,0,250,1,0
22587,0,-1,0,0,0,826,1,19
22588,0,-1,0,0,0,250,1,17
22589,0,-1,0,0,0,826,1,9
22590,0,-1,0,0,0,276,1,8
22591,0,-1,0,0,0,250,1,15
22592,0,-1,0,0,0,826,1,6
22593,0,-1,0,0,0,826,1,6
22594,0,-1,0,0,0,156,1,15
22595,0,-1,0,0,0,826,1,12
22596,0,-1,0,0,0,276,1,16
22597,0,-1,0,0,0,826,1,7
22598,0,-1,0,0,1,276,1,14
22599,0,-1,0,0,1,826,1,11
22600,0,-1,0,0,0,840,1,15
22601,0,-1,0,0,0,250,1,4
22602,0,-1,0,0,0,250,1,4
22603,0,-1,0,0,0,156,1,14
22604,0,-1,0,0,0,276,1,16
22605,0,-1,0,0,0,276,1,11
22606,0,-1,0,0,0,250,1,15
22607,0,-1,0,0,0,250,1,19
22608,0,-1,0,0,0,276,1,16
22609,0,-1,0,0,0,826,1,15
22610,0,-1,0,0,0,840,1,5
22611,0,-1,0,0,0,840,1,0
22612,0,-1,0,0,0,826,1,7
22613,0,-1,0,0,0,840,1,18
22614,0,-1,0,0,0,250,1,19
22615,0,-1,0,0,0,276,1,4
22616,0,-1,0,0,0,276,1,17
22617,0,-1,0,0,0,840,1,0
22618,0,-1,0,0,0,156,1,1
22619,0,-1,0,0,0,276,1,1
22620,0,-1,0,0,0,826,1,10
22621,0,-1,0,0,0,250,1,7
22622,0,-1,0,0,0,250,1,2
22623,0,-1,0,0,0,156,1,2
22624,0,-1,0,0,0,840,1,12
22625,0,-1,0,0,0,250,1,8
22626,0,-1,0,0,0,156,1,6
22627,0,-1,0,0,0,156,1,15
22628,0,-1,0,0,0,250,1,6
22629,0,-1,0,0,0,156,1,10
22630,0,-1,0,1,0,840,1,12
22631,0,-1,0,0,0,250,1,12
22632,0,-1,0,0,0,276,1,2
22633,0,-1,0,0,0,250,1,6
22634,0,-1,0,0,0,156,1,16
22635,0,-1,0,0,0,276,1,19
22636,0,-1,0,0,0,826,1,3
22637,0,-1,0,0,0,276,1,11
22638,0,-1,0,0,0,826,1,8
22639,0,-1,0,0,0,840,1,10
22640,0,-1,0,0,0,276,1,6
22641,0,-1,0,0,1,826,1,17
22642,0,-1,0,0,0,250,1,14
22643,0,-1,0,0,0,276,1,16
22644,0,-1,0,1,0,276,1,14
22645,0,-1,0,0,0,250,1,5
22646,0,-1,0,0,0,276,1,8
22647,0,-1,0,0,0,840,1,18
22648,0,-1,0,0,0,826,1,7
22649,0,-1,0,0,0,250,1,18
22650,0,-1,0,1,0,840,1,9
22651,0,-1,0,0,0,276,1,14
22652,0,-1,0,0,0,840,1,0
22653,0,-1,0,0,0,840,1,5
22654,0,-1,0,0,0,840,1,15
22655,0,-1,0,0,0,156,1,6
22656,0,-1,0,0,0,276,1,2
22657,0,-1,0,0,0,156,1,5
22658,0,-1,0,0,0,250,1,10
22659,0,-1,0,0,0,840,1,11
22660,0,-1,0,0,0,826,1,13
22661,0,-1,0,0,0,250,1,11
22662,0,-1,0,0,1,826,1,2
22663,0,-1,0,0,0,250,1,5
22664,0,-1,0,0,0,156,1,10
22665,0,-1,0,0,0,276,1,18
22666,0,-1,0,0,0,250,1,14
22667,0,-1,0,0,0,250,1,0
22668,0,-1,0,0,0,276,1,8
22669,0,-1,0,0,0,826,1,10
22670,0,-1,0,0,0,840,1,10
22671,0,-1,0,0,0,826,1,4
22672,0,-1,0,0,0,826,1,16
22673,0,-1,0,0,0,840,1,17
22674,0,-1,0,0,0,826,1,18
22675,0,-1,0,0,0,840,1,4
22676,0,-1,0,0,0,826,1,1
22677,0,-1,0,0,0,826,1,0
22678,0,-1,0,0,0,840,1,13
22679,0,-1,0,0,0,276,1,16
22680,0,-1,0,0,0,840,1,17
22681,0,-1,0,0,0,826,1,11
22682,0,-1,0,0,0,276,1,5
22683,0,-1,0,0,0,276,1,12
22684,0,-1,0,0,0,826,1,17
22685,0,-1,0,0,0,826,1,15
22686,0,-1,0,0,0,156,1,15
22687,0,-1,0,0,0,250,1,13
22688,0,-1,0,0,0,840,1,11
22689,0,-1,0,0,1,840,1,11
22690,0,-1,0,0,0,276,1,10
22691,0,-1,0,0,1,840,1,15
22692,0,-1,0,0,0,250,1,16
22693,0,-1,0,0,0,250,1,8
22694,0,-1,0,0,0,156,1,0
22695,0,-1,0,0,0,276,1,11
22696,0,-1,0,0,1,840,1,19
22697,0,-1,0,0,0,250,1,2
22698,0,-1,0,0,1,276,1,1
22699,0,-1,0,0,0,156,1,10
22700,0,-1,0,0,0,826,1,19
22701,0,-1,0,0,0,250,1,8
22702,0,-1,0,0,0,250,1,8
22703,0,-1,0,0,0,840,1,5
22704,0,-1,0,0,0,156,1,2
22705,0,-1,0,0,0,840,1,7
22706,0,-1,0,0,0,826,1,11
22707,0,-1,0,0,0,156,1,7
22708,0,-1,0,0,0,156,1,11
22709,0,-1,0,0,0,826,1,17
22710,0,-1,0,1,0,276,1,7
22711,0,-1,0,0,0,156,1,3
22712,0,-1,0,0,0,276,1,13
22713,0,-1,0,0,0,276,1,4
22714,0,-1,0,0,0,156,1,11
22715,0,-1,0,0,0,156,1,3
22716,0,-1,0,0,0,250,1,19
22717,0,-1,0,0,0,250,1,3
22718,0,-1,0,0,0,250,1,1
22719,0,-1,0,0,0,826,1,5
22720,0,-1,0,0,0,276,1,19
22721,0,-1,0,0,0,250,1,7
22722,0,-1,0,1,0,276,1,16
22723,0,-1,0,0,0,276,1,9
22724,0,-1,0,0,0,156,1,6
22725,0,-1,0,1,0,250,1,6
22726,0,-1,0,0,0,840,1,16
22727,0,-1,0,0,0,826,1,13
22728,0,-1,0,0,0,250,1,17
22729,0,-1,0,0,1,156,1,2
22730,0,-1,0,0,0,250,1,12
22731,0,-1,0,0,0,156,1,14
22732,0,-1,0,0,0,276,1,7
22733,0,-1,0,0,1,250,1,10
22734,0,-1,0,0,0,250,1,2
22735,0,-1,0,0,0,250,1,16
22736,0,-1,0,0,0,276,1,12
22737,0,-1,0,0,0,250,1,17
22738,0,-1,0,0,0,840,1,19
22739,0,-1,0,0,0,250,1,4
22740,0,-1,0,0,0,826,1,12
22741,0,-1,0,0,0,156,1,8
22742,0,-1,0,0,0,250,1,7
22743,0,-1,0,0,0,826,1,4
22744,0,-1,0,1,0,826,1,5
22745,0,-1,0,0,0,156,1,16
22746,0,-1,0,0,0,250,1,8
22747,0,-1,0,0,0,826,1,12
22748,0,-1,0,0,0,276,1,11
22749,0,-1,0,0,0,826,1,11
22750,0,-1,0,0,0,826,1,1
22751,0,-1,0,0,0,840,1,10
22752,0,-1,0,0,0,826,1,0
22753,0,-1,0,0,0,276,1,13
22754,0,-1,0,0,0,826,1,17
22755,0,-1,0,0,0,840,1,0
22756,0,-1,0,0,0,156,1,14
22757,0,-1,0,0,0,250,1,19
22758,0,-1,0,0,0,826,1,13
22759,0,-1,0,0,0,276,1,5
22760,0,-1,0,0,0,250,1,0
22761,0,-1,0,0,0,276,1,15
22762,0,-1,0,0,0,156,1,2
22763,0,-1,0,0,0,840,1,6
22764,0,-1,0,0,1,826,1,1
22765,0,-1,0,0,0,826,1,17
22766,0,-1,0,0,0,156,1,11
22767,0,-1,0,0,0,250,1,6
22768,0,-1,0,0,0,156,1,17
22769,0,-1,0,0,0,840,1,14
22770,0,-1,0,0,0,250,1,3
22771,0,-1,0,0,0,826,1,18
22772,0,-1,0,0,0,840,1,16
22773,0,-1,0,0,0,840,1,13
22774,0,-1,0,0,0,276,1,11
22775,0,-1,0,0,0,840,1,6
22776,0,-1,0,0,1,250,1,1
22777,0,-1,0,0,0,826,1,2
22778,0,-1,0,1,0,156,1,4
22779,0,-1,0,0,0,250,1,17
22780,0,-1,0,0,0,156,1,1
22781,0,-1,0,0,0,276,1,16
22782,0,-1,0,0,0,156,1,12
22783,0,-1,0,0,0,156,1,13
22784,0,-1,0,0,0,826,1,10
22785,0,-1,0,0,0,826,1,17
22786,0,-1,0,0,0,826,1,8
22787,0,-1,0,1,0,156,1,19
22788,0,-1,0,0,0,250,1,18
22789,0,-1,0,0,0,250,1,13
22790,0,-1,0,0,0,250,1,10
22791,0,-1,0,1,0,276,1,3
22792,0,-1,0,0,0,250,1,9
22793,0,-1,0,1,0,840,1,0
22794,0,-1,0,0,0,840,1,5
22795,0,-1,0,1,1,156,1,1
22796,0,-1,0,0,0,840,1,8
22797,0,-1,0,0,0,156,1,19
22798,0,-1,0,0,0,156,1,19
22799,0,-1,0,0,0,826,1,19
22800,0,-1,0,0,0,156,1,6
22801,0,-1,0,0,0,840,1,6
22802,0,-1,0,0,0,250,1,1
22803,0,-1,0,0,0,840,1,5
22804,0,-1,0,0,0,840,1,19
22805,0,-1,0,0,0,840,1,5
22806,0,-1,0,0,0,840,1,14
22807,0,-1,0,0,0,276,1,10
22808,0,-1,0,0,0,276,1,19
22809,0,-1,0,0,0,826,1,7
22810,0,-1,0,0,0,840,1,13
22811,0,-1,0,0,0,250,1,13
22812,0,-1,0,0,0,250,1,13
22813,0,-1,0,0,0,826,1,9
22814,0,-1,0,0,0,276,1,1
22815,0,-1,0,0,0,156,1,15
22816,0,-1,0,0,0,250,1,5
22817,0,-1,0,0,0,156,1,16
22818,0,-1,0,0,0,826,1,1
22819,0,-1,0,0,0,276,1,3
22820,0,-1,0,0,0,840,1,6
22821,0,-1,0,0,0,840,1,13
22822,0,-1,0,0,0,156,1,6
22823,0,-1,0,0,0,840,1,10
22824,0,-1,0,0,0,826,1,17
22825,0,-1,0,0,0,156,1,14
22826,0,-1,0,0,0,826,1,19
22827,0,-1,0,0,0,840,1,1
22828,0,-1,0,0,0,276,1,2
22829,0,-1,0,0,1,250,1,16
22830,0,-1,0,0,0,840,1,0
22831,0,-1,0,0,0,840,1,11
22832,0,-1,0,0,0,276,1,11
22833,0,-1,0,0,0,840,1,16
22834,0,-1,0,0,0,276,1,19
22835,0,-1,0,0,0,826,1,19
22836,0,-1,0,0,0,826,1,8
22837,0,-1,0,0,0,840,1,12
22838,0,-1,0,0,0,276,1,14
22839,0,-1,0,0,0,250,1,16
22840,0,-1,0,1,0,840,1,17
22841,0,-1,0,0,0,826,1,2
22842,0,-1,0,0,0,156,1,2
22843,0,-1,0,0,0,156,1,14
22844,0,-1,0,0,0,276,1,0
22845,0,-1,0,0,0,826,1,12
22846,0,-1,0,1,0,276,1,4
22847,0,-1,0,0,0,156,1,6
22848,0,-1,0,1,0,156,1,17
22849,0,-1,0,1,0,156,1,9
22850,0,-1,0,0,0,276,1,12
22851,0,-1,0,0,0,156,1,6
22852,0,-1,0,0,0,826,1,0
