node_id,is_fraud,ring_id,ring_type,point_balance,lifetime_points,redemption_count_30d,transfer_count_30d,account_age_days,status_tier,suspicious_velocity
0,1,55,3,120150,219674,19,12,3,0,1
1,1,55,3,473097,284230,14,3,5,0,1
2,1,55,3,4903,197721,11,8,1791,2,1
3,1,55,3,2724,302351,6,8,258,2,1
4,1,55,3,924,284997,5,8,760,2,1
5,1,55,3,1050,391000,11,7,1372,2,1
6,1,55,3,3748,359196,14,3,496,1,1
7,1,55,3,434,269096,13,5,295,1,1
8,1,55,3,2346,303482,7,3,957,2,1
9,1,55,3,850,120366,13,9,1147,3,1
10,1,55,3,3218,390513,12,8,1977,3,1
11,1,55,3,487,199994,9,8,871,3,1
12,1,55,3,1569,63375,11,7,1395,1,1
13,1,55,3,1791,216366,6,9,1191,2,1
14,1,55,3,1152,84052,6,9,1130,1,1
15,1,55,3,4220,81288,8,8,550,1,1
16,1,55,3,2294,77950,4,8,881,3,1
17,1,55,3,3939,102032,5,4,1868,2,1
18,1,55,3,1771,58753,7,2,1226,2,1
19,1,55,3,73,349353,12,9,1545,1,1
20,1,55,3,1629,166027,12,9,506,2,1
21,1,55,3,2796,282740,11,7,1060,2,1
22,1,55,3,3211,257105,11,9,374,3,1
23,1,56,3,277277,261584,19,12,14,0,1
24,1,56,3,305522,395537,18,14,13,0,1
25,1,56,3,215266,442186,9,4,9,0,1
26,1,56,3,192334,389357,16,4,2,0,1
27,1,56,3,124034,551247,8,9,16,0,1
28,1,56,3,175112,514296,5,9,12,0,1
29,1,56,3,40,267140,9,7,1911,3,1
30,1,56,3,4144,228642,6,5,283,2,1
31,1,56,3,4987,227625,4,2,841,1,1
32,1,56,3,3667,347049,8,7,228,2,1
33,1,56,3,6,299543,4,2,555,1,1
34,1,56,3,2940,355017,5,4,809,2,1
35,1,56,3,1930,386119,4,9,642,1,1
36,1,56,3,1512,346034,14,9,1978,1,1
37,1,56,3,4247,101099,13,3,542,3,1
38,1,56,3,3482,196828,10,5,1232,2,1
39,1,56,3,340,308689,9,5,1460,2,1
40,1,56,3,4707,234745,13,7,357,3,1
41,1,56,3,1743,81787,7,8,719,2,1
42,1,56,3,564,94675,5,5,207,1,1
43,1,57,3,101133,153355,9,5,24,0,1
44,1,57,3,470094,98591,8,6,29,0,1
45,1,57,3,329523,574716,8,3,14,0,1
46,1,57,3,1785,351018,11,2,751,3,1
47,1,57,3,1229,232366,6,7,1822,2,1
48,1,57,3,4327,336062,6,8,1045,2,1
49,1,57,3,3984,345624,6,9,1171,2,1
50,1,57,3,1197,262244,7,5,844,3,1
51,1,57,3,825,127121,13,3,1352,2,1
52,1,57,3,2435,104484,8,4,558,2,1
53,1,57,3,1434,243327,5,9,1823,3,1
54,1,57,3,366,370294,14,3,923,3,1
55,1,57,3,4305,158777,6,2,1801,2,1
56,1,57,3,1552,104861,8,7,1050,2,1
57,1,57,3,843,394644,5,2,886,1,1
58,1,57,3,3436,112875,3,9,521,1,1
59,1,57,3,1568,76158,4,3,1583,1,1
60,1,57,3,1844,328863,10,4,1929,3,1
61,1,57,3,2742,326254,9,7,333,1,1
62,1,57,3,4982,279699,12,9,1488,3,1
63,1,57,3,3102,396108,9,8,266,3,1
64,1,57,3,1679,219817,11,9,1183,3,1
65,1,57,3,1789,53607,8,5,1418,1,1
66,1,57,3,1802,257423,11,9,1798,1,1
67,1,57,3,3001,388600,12,3,553,2,1
68,1,57,3,788,385983,13,6,287,3,1
69,1,57,3,20,185833,7,8,1804,3,1
70,1,57,3,3178,389570,12,3,1760,2,1
71,1,58,3,393412,128676,12,12,19,0,1
72,1,58,3,54219,53406,13,14,2,0,1
73,1,58,3,124558,153757,9,13,28,0,1
74,1,58,3,187928,453091,5,9,19,0,1
75,1,58,3,1322,391314,8,8,1608,2,1
76,1,58,3,1855,152056,7,7,813,1,1
77,1,58,3,2069,344680,13,9,1351,3,1
78,1,58,3,4805,286796,8,9,389,2,1
79,1,58,3,678,128294,11,5,514,1,1
80,1,58,3,1127,323367,12,3,865,2,1
81,1,58,3,4903,329598,7,2,1314,1,1
82,1,58,3,3075,306947,6,6,401,3,1
83,1,58,3,1551,314217,8,5,879,2,1
84,1,58,3,340,118818,11,5,1450,2,1
85,1,58,3,2550,102929,13,4,563,3,1
86,1,58,3,3146,294795,12,3,1032,2,1
87,1,58,3,1945,137937,12,2,718,1,1
88,1,58,3,883,135539,5,2,1775,1,1
89,1,58,3,3104,127757,6,6,245,3,1
90,1,58,3,2725,139824,7,5,1422,2,1
91,1,58,3,4567,93277,12,8,798,1,1
92,1,58,3,3657,382849,4,5,1249,1,1
93,1,58,3,1244,79003,7,5,1885,1,1
94,1,58,3,4595,89819,14,7,756,1,1
95,1,58,3,2407,277523,7,9,902,1,1
96,1,58,3,1833,197664,14,3,960,2,1
97,1,58,3,1073,243533,4,2,550,2,1
98,1,58,3,4634,136713,13,6,1328,2,1
99,1,58,3,3937,298944,14,2,1198,1,1
100,1,58,3,3757,149555,3,8,1881,3,1
101,1,58,3,317,138335,12,3,1372,2,1
102,1,58,3,1168,271522,5,9,1431,1,1
103,1,59,3,179555,504594,11,5,22,0,1
104,1,59,3,270803,540749,18,12,29,0,1
105,1,59,3,290936,350988,5,5,5,0,1
106,1,59,3,464645,189481,14,7,23,0,1
107,1,59,3,212985,565795,12,5,12,0,1
108,1,59,3,214260,449336,9,3,23,0,1
109,1,59,3,4818,367283,3,8,1978,1,1
110,1,59,3,2670,317000,7,6,833,3,1
111,1,59,3,3046,146390,5,8,1348,3,1
112,1,59,3,2498,393546,11,9,1359,3,1
113,1,59,3,2962,399973,11,2,1808,3,1
114,1,59,3,3121,129391,10,9,1574,2,1
115,1,59,3,1005,239123,12,3,207,1,1
116,1,59,3,1115,223520,5,4,1480,3,1
117,1,59,3,3457,234071,9,8,1585,3,1
118,1,59,3,1660,322706,6,2,686,1,1
119,1,59,3,2329,246308,14,2,207,3,1
120,1,59,3,1059,189058,4,9,506,1,1
121,1,59,3,2226,275400,7,5,1981,2,1
122,1,59,3,4923,336456,11,7,1607,3,1
123,1,59,3,2071,343740,4,3,1839,1,1
124,1,60,3,339233,63577,11,9,7,0,1
125,1,60,3,261857,266985,13,6,27,0,1
126,1,60,3,336916,394738,17,3,8,0,1
127,1,60,3,131348,391729,10,11,28,0,1
128,1,60,3,216504,231835,12,8,11,0,1
129,1,60,3,205749,255097,12,8,14,0,1
130,1,60,3,182940,398531,12,5,22,0,1
131,1,60,3,537,381429,6,4,490,2,1
132,1,60,3,3850,183740,11,5,1129,3,1
133,1,60,3,3573,175111,7,6,1565,2,1
134,1,60,3,644,344127,7,6,935,3,1
135,1,60,3,454,155460,14,7,670,3,1
136,1,60,3,2738,275521,9,3,1972,1,1
137,1,60,3,3026,224650,6,6,1343,3,1
138,1,60,3,2355,173062,14,2,247,2,1
139,1,60,3,1979,388326,7,2,1281,2,1
140,1,60,3,4705,262111,7,9,1126,3,1
141,1,60,3,3838,62085,14,8,1181,1,1
142,1,60,3,162,388198,13,4,624,2,1
143,1,60,3,4378,248214,7,4,1095,2,1
144,1,60,3,3340,197475,10,7,459,1,1
145,1,60,3,1202,370803,3,9,1415,2,1
146,1,60,3,3911,264259,5,6,1244,1,1
147,1,60,3,3189,94680,14,9,943,1,1
148,1,60,3,277,173547,14,5,1545,1,1
149,1,60,3,3270,79168,4,5,326,2,1
150,1,61,3,212210,169345,11,7,18,0,1
151,1,61,3,180766,222944,18,12,23,0,1
152,1,61,3,220810,536759,10,11,22,0,1
153,1,61,3,198656,388541,7,7,16,0,1
154,1,61,3,349626,246167,15,10,26,0,1
155,1,61,3,67519,332372,15,8,9,0,1
156,1,61,3,1202,237682,3,9,1840,3,1
157,1,61,3,4408,132035,6,6,705,2,1
158,1,61,3,1156,238234,8,4,1407,3,1
159,1,61,3,1377,347403,10,5,290,3,1
160,1,61,3,1221,271839,9,6,1636,2,1
161,1,61,3,3525,197101,5,7,1966,1,1
162,1,61,3,3478,57268,6,9,380,3,1
163,1,61,3,4468,181345,6,2,594,1,1
164,1,61,3,2348,108409,11,5,827,3,1
165,1,61,3,545,150912,11,4,648,3,1
166,1,61,3,4657,314823,5,3,757,2,1
167,1,61,3,4729,110549,14,2,1305,3,1
168,1,61,3,2917,139080,5,6,694,2,1
169,1,61,3,2197,210868,14,6,1761,2,1
170,1,61,3,3966,130150,8,7,1516,2,1
171,1,61,3,3730,109863,4,6,722,3,1
172,1,61,3,4647,75521,14,4,1449,2,1
173,1,61,3,3984,386474,5,4,1000,3,1
174,1,61,3,4824,140523,3,7,334,2,1
175,1,61,3,1073,112792,12,9,1328,1,1
176,1,61,3,4591,341214,4,7,1136,3,1
177,1,62,3,482212,333096,16,8,1,0,1
178,1,62,3,119691,419751,9,6,3,0,1
179,1,62,3,419461,98708,13,6,27,0,1
180,1,62,3,2113,333447,3,4,1247,1,1
181,1,62,3,890,164905,7,6,1199,2,1
182,1,62,3,4821,305776,10,4,834,3,1
183,1,62,3,2396,189004,5,8,449,3,1
184,1,62,3,1000,344892,7,2,1934,1,1
185,1,62,3,175,126384,9,5,207,3,1
186,1,62,3,4430,188374,11,8,1398,1,1
187,1,62,3,4148,151584,8,2,891,2,1
188,1,63,3,300915,131269,13,5,10,0,1
189,1,63,3,478468,296073,5,10,6,0,1
190,1,63,3,52251,419170,14,5,22,0,1
191,1,63,3,131873,326006,13,4,21,0,1
192,1,63,3,276662,286848,16,12,15,0,1
193,1,63,3,75,61102,5,4,1908,3,1
194,1,63,3,1932,152550,9,4,1883,3,1
195,1,63,3,410,162735,8,4,381,1,1
196,1,63,3,1067,162286,14,3,822,3,1
197,1,63,3,4537,202768,12,5,1276,1,1
198,1,63,3,3661,313516,4,8,574,1,1
199,1,63,3,2546,228878,7,3,947,3,1
200,1,64,3,117661,529723,13,12,23,0,1
201,1,64,3,310701,298979,17,9,29,0,1
202,1,64,3,350039,400525,13,5,22,0,1
203,1,64,3,161530,388383,16,8,29,0,1
204,1,64,3,123651,165671,9,14,16,0,1
205,1,64,3,170730,581094,11,6,27,0,1
206,1,64,3,3856,185187,13,2,385,1,1
207,1,64,3,78,273111,10,7,1017,3,1
208,1,64,3,1527,133727,12,9,742,1,1
209,1,64,3,1861,317460,5,3,1413,1,1
210,1,64,3,2397,220761,8,9,1902,1,1
211,1,64,3,682,113169,8,9,1049,1,1
212,1,64,3,3599,101231,3,2,1970,3,1
213,1,64,3,3671,206702,9,9,1760,3,1
214,1,64,3,562,301938,3,3,1836,2,1
215,1,64,3,1030,292084,14,6,1292,3,1
216,1,64,3,3741,250473,11,4,699,2,1
217,1,64,3,740,373161,4,7,884,2,1
218,1,64,3,4171,76607,3,4,946,3,1
219,1,64,3,3635,362171,10,6,527,3,1
220,1,64,3,3148,272781,13,5,1568,1,1
221,1,64,3,3744,214618,13,4,1720,3,1
222,1,64,3,4747,214415,13,3,965,3,1
223,1,64,3,1459,145197,13,7,1000,3,1
224,1,64,3,2135,193455,11,6,233,1,1
225,1,64,3,2320,197288,13,2,1507,2,1
226,1,64,3,4333,98251,13,4,1458,2,1
227,1,64,3,4456,66742,11,3,438,1,1
228,1,64,3,521,355034,4,5,343,2,1
229,1,64,3,1302,184815,3,9,831,2,1
230,1,65,3,298340,519838,5,8,12,0,1
231,1,65,3,383046,411255,15,13,9,0,1
232,1,65,3,211537,240732,17,8,22,0,1
233,1,65,3,4821,78998,6,6,1757,3,1
234,1,65,3,3341,303799,3,3,327,3,1
235,1,65,3,543,389542,4,7,530,3,1
236,1,65,3,2102,54032,4,4,735,2,1
237,1,65,3,3554,104357,7,6,848,1,1
238,1,65,3,3467,282252,8,3,1494,2,1
239,1,65,3,3381,77661,4,3,1672,1,1
240,1,65,3,2867,160163,13,5,1582,3,1
241,1,65,3,4050,393287,11,6,993,2,1
242,1,65,3,2426,218186,9,7,1256,1,1
243,1,65,3,2271,147085,14,6,1537,1,1
244,1,65,3,854,203277,8,9,1073,3,1
245,1,65,3,4443,234522,7,7,433,2,1
246,1,65,3,3005,291384,5,7,1544,1,1
247,1,65,3,2143,337961,4,3,1618,3,1
248,1,65,3,3127,352213,14,3,725,3,1
249,1,66,3,211083,335242,18,7,13,0,1
250,1,66,3,110121,226988,16,11,24,0,1
251,1,66,3,271963,545080,13,4,5,0,1
252,1,66,3,273299,256355,6,3,18,0,1
253,1,66,3,389695,171030,8,9,4,0,1
254,1,66,3,426971,374231,10,9,5,0,1
255,1,66,3,1502,379971,7,7,285,1,1
256,1,66,3,2679,371661,6,5,1879,1,1
257,1,66,3,319,233826,7,9,688,3,1
258,1,66,3,3853,296917,4,8,516,3,1
259,1,66,3,2044,244770,10,4,472,3,1
260,1,66,3,1003,253234,11,3,971,2,1
261,1,66,3,3751,395802,6,5,1004,1,1
262,1,66,3,526,87699,12,6,874,1,1
263,1,66,3,3322,324680,4,5,1759,1,1
264,1,66,3,4356,351398,10,4,1111,2,1
265,1,66,3,211,188194,7,3,1184,2,1
266,1,66,3,3694,381019,14,5,1377,3,1
267,1,66,3,4202,358260,7,3,1837,1,1
268,1,66,3,2549,257745,3,7,969,3,1
269,1,66,3,2959,50006,14,4,318,1,1
270,1,66,3,2347,366007,10,3,560,2,1
271,1,66,3,582,232603,5,5,1283,1,1
272,1,66,3,859,328326,7,4,693,2,1
273,1,67,3,409365,575033,7,12,18,0,1
274,1,67,3,233516,168009,7,4,8,0,1
275,1,67,3,281102,345993,19,11,29,0,1
276,1,67,3,389226,365370,17,12,24,0,1
277,1,67,3,162355,448299,8,6,21,0,1
278,1,67,3,277351,482299,15,11,5,0,1
279,1,67,3,97028,186584,10,12,2,0,1
280,1,67,3,1956,304549,4,4,298,2,1
281,1,67,3,610,81095,6,4,288,3,1
282,1,67,3,1896,71822,3,9,1602,2,1
283,1,67,3,1933,126847,14,9,803,2,1
284,1,67,3,1437,177744,7,3,1051,2,1
285,1,67,3,4454,57151,4,2,1994,1,1
286,1,67,3,4590,255115,12,3,660,2,1
287,1,67,3,1516,102186,11,8,557,2,1
288,1,67,3,3935,354449,13,2,785,2,1
289,1,67,3,3817,280564,5,6,751,2,1
290,1,67,3,4810,237506,13,6,335,2,1
291,1,67,3,1564,371168,4,7,985,1,1
292,1,67,3,2171,228331,6,5,327,3,1
293,1,67,3,3076,136452,14,2,1619,3,1
294,1,67,3,2954,80855,9,8,1118,2,1
295,1,67,3,4550,334789,11,5,1438,2,1
296,1,67,3,542,320870,5,2,1264,1,1
297,1,67,3,1640,52509,3,7,1595,2,1
298,1,67,3,667,351038,6,5,1933,1,1
299,1,67,3,125,61056,12,6,207,2,1
300,1,67,3,3407,263621,12,4,1013,2,1
301,1,67,3,2051,79649,3,3,1309,1,1
302,1,67,3,2793,170293,10,8,1582,2,1
303,1,68,3,149755,279618,13,12,20,0,1
304,1,68,3,495775,356394,18,9,10,0,1
305,1,68,3,353404,271086,14,10,3,0,1
306,1,68,3,292110,57413,11,10,19,0,1
307,1,68,3,96501,550240,16,6,14,0,1
308,1,68,3,107752,249430,15,13,18,0,1
309,1,68,3,177246,548073,13,11,21,0,1
310,1,68,3,69,111020,14,5,502,2,1
311,1,68,3,1220,92218,5,6,284,1,1
312,1,68,3,4816,108922,6,6,1756,3,1
313,1,68,3,3558,314753,14,5,787,3,1
314,1,68,3,1380,316971,8,5,1133,2,1
315,1,68,3,84,52640,13,7,1934,1,1
316,1,68,3,2958,247285,14,6,1572,1,1
317,1,68,3,3382,367222,12,8,1138,1,1
318,1,68,3,2566,172904,4,2,415,1,1
319,1,68,3,26,364625,5,2,1061,3,1
320,1,68,3,2137,167777,13,8,1354,3,1
321,1,68,3,3217,102018,7,4,453,1,1
322,1,68,3,1530,145290,14,4,305,1,1
323,1,68,3,3072,380831,8,8,277,1,1
324,1,68,3,1457,76205,9,3,1341,1,1
325,1,68,3,4547,304865,6,9,1042,1,1
326,1,68,3,2600,282014,6,6,1968,1,1
327,1,68,3,1122,362051,6,2,1642,3,1
328,1,68,3,1599,220282,9,4,435,1,1
329,1,68,3,3916,63578,3,6,1478,2,1
330,1,68,3,4366,77894,8,7,1252,1,1
331,1,68,3,4731,149821,4,9,1133,1,1
332,1,68,3,2522,257504,13,6,1089,3,1
333,1,68,3,4233,253778,13,5,701,2,1
334,1,68,3,2955,164973,13,7,1998,2,1
335,1,69,3,416851,206109,8,11,16,0,1
336,1,69,3,63754,552965,12,6,3,0,1
337,1,69,3,2163,249785,4,2,1838,1,1
338,1,69,3,3504,240723,4,3,1337,2,1
339,1,69,3,2058,340502,14,5,481,1,1
340,1,69,3,3819,363588,3,9,945,3,1
341,1,69,3,523,329830,10,5,1305,1,1
342,1,69,3,3362,321399,8,5,1555,2,1
343,1,69,3,117,131637,7,2,790,2,1
344,1,69,3,4886,262871,5,3,1277,1,1
345,1,69,3,1497,95636,8,5,986,3,1
346,1,69,3,4904,76397,5,7,377,1,1
347,1,69,3,3060,394543,14,3,992,1,1
348,1,69,3,4499,309209,8,9,744,1,1
349,1,69,3,4768,198922,13,4,1934,2,1
350,1,69,3,3346,338910,5,7,1524,3,1
351,1,69,3,1523,254814,9,8,1956,2,1
352,1,69,3,436,90861,12,3,696,3,1
353,1,69,3,4360,290230,5,3,1598,3,1
354,1,69,3,3480,272510,9,2,800,1,1
355,1,69,3,1248,94436,5,4,828,1,1
356,1,69,3,2745,61139,9,7,1163,1,1
357,1,70,3,70522,526334,9,11,26,0,1
358,1,70,3,325148,144211,8,8,29,0,1
359,1,70,3,354571,389100,17,4,3,0,1
360,1,70,3,312510,375509,8,10,5,0,1
361,1,70,3,138821,541661,5,9,25,0,1
362,1,70,3,370838,292038,9,3,4,0,1
363,1,70,3,310112,340667,10,6,3,0,1
364,1,70,3,4571,305079,14,6,229,1,1
365,1,70,3,3405,211673,10,2,421,3,1
366,1,70,3,1201,219459,11,2,228,2,1
367,1,70,3,1069,350824,14,5,1017,2,1
368,1,70,3,3387,252528,8,6,1076,1,1
369,1,70,3,2842,383290,3,9,1093,2,1
370,1,71,3,456307,312172,19,4,10,0,1
371,1,71,3,463550,443752,9,13,12,0,1
372,1,71,3,1651,389338,7,7,559,3,1
373,1,71,3,2894,170207,12,8,986,2,1
374,1,71,3,1356,275210,8,3,1372,3,1
375,1,71,3,1758,252037,6,6,723,3,1
376,1,71,3,4950,391372,14,2,1917,1,1
377,1,71,3,1112,260008,6,7,928,3,1
378,1,71,3,1758,226691,10,9,1969,2,1
379,1,71,3,2842,85936,3,9,1120,2,1
380,1,71,3,3618,295297,12,8,924,2,1
381,1,71,3,1877,99324,7,5,1313,1,1
382,1,71,3,2008,81538,8,2,455,3,1
383,1,71,3,3862,362619,4,6,429,2,1
384,1,71,3,669,301678,7,5,992,1,1
385,1,71,3,2610,327031,6,6,1796,2,1
386,1,71,3,1719,158898,6,3,1930,1,1
387,1,71,3,3215,363418,3,7,529,2,1
388,1,71,3,2797,229856,4,6,1642,2,1
389,1,72,3,182459,159159,7,9,12,0,1
390,1,72,3,468160,580714,6,13,3,0,1
391,1,72,3,373504,577297,10,4,2,0,1
392,1,72,3,203921,573848,11,8,1,0,1
393,1,72,3,349911,153444,15,12,23,0,1
394,1,72,3,283484,407515,10,11,20,0,1
395,1,72,3,134690,228623,16,8,7,0,1
396,1,72,3,4221,333922,8,3,530,2,1
397,1,72,3,2549,178313,4,3,1723,1,1
398,1,72,3,2143,178810,5,8,863,1,1
399,1,72,3,975,96104,10,8,697,3,1
400,1,72,3,3606,369222,11,7,1319,3,1
401,1,72,3,588,269581,3,4,829,1,1
402,1,72,3,3857,255450,14,6,396,3,1
403,1,72,3,1176,366843,3,4,1008,3,1
404,1,72,3,2021,297619,14,8,862,3,1
405,1,72,3,853,224227,7,4,1687,1,1
406,1,72,3,3108,287529,7,6,337,2,1
407,1,72,3,1521,141642,12,7,1939,3,1
408,1,72,3,4892,59494,5,3,1250,3,1
409,1,72,3,978,101137,10,4,391,3,1
410,1,72,3,1993,348277,6,3,961,2,1
411,1,72,3,4141,147340,13,7,879,1,1
412,1,72,3,4297,214401,5,8,1001,1,1
413,1,72,3,4994,151312,14,6,555,1,1
414,1,72,3,4546,138209,9,4,1532,1,1
415,1,73,3,283191,463163,19,9,3,0,1
416,1,73,3,135933,204757,18,9,28,0,1
417,1,73,3,429877,534371,9,9,2,0,1
418,1,73,3,1132,395183,11,2,364,3,1
419,1,73,3,2210,52056,6,2,1155,3,1
420,1,73,3,4058,273757,11,3,324,1,1
421,1,73,3,1118,319121,10,8,1563,2,1
422,1,73,3,2470,388966,13,6,359,2,1
423,1,73,3,1162,127224,11,7,1367,2,1
424,1,73,3,3746,371411,14,2,1862,2,1
425,1,73,3,3010,289057,3,6,875,3,1
426,1,73,3,1723,389493,12,8,284,2,1
427,1,73,3,4606,89030,13,5,392,2,1
428,1,73,3,922,122068,6,2,1395,1,1
429,1,73,3,273,186584,5,5,381,1,1
430,1,73,3,376,89612,8,6,1202,1,1
431,1,73,3,2391,238223,9,7,384,2,1
432,1,73,3,193,98714,8,9,1644,1,1
433,1,73,3,2110,78907,11,7,1995,1,1
434,1,73,3,738,332328,7,2,1388,3,1
435,1,73,3,4078,184783,3,5,421,1,1
436,1,73,3,1434,214128,6,6,343,1,1
437,1,73,3,2394,259927,10,3,703,3,1
438,1,73,3,1892,317064,3,4,207,3,1
439,1,73,3,3970,351199,11,6,1808,3,1
440,1,73,3,475,282661,4,7,405,2,1
441,1,73,3,1157,165336,13,9,1666,3,1
442,1,73,3,1739,389104,3,7,1303,3,1
443,1,73,3,2384,53417,6,7,297,2,1
444,1,73,3,681,89739,11,3,803,2,1
445,1,73,3,3077,337313,7,3,218,1,1
446,1,74,3,426695,258927,5,8,4,0,1
447,1,74,3,261939,420070,10,3,26,0,1
448,1,74,3,293560,62711,13,14,1,0,1
449,1,74,3,404013,257439,15,3,27,0,1
450,1,74,3,485098,352440,8,4,21,0,1
451,1,74,3,407066,420571,12,12,22,0,1
452,1,74,3,3776,176322,4,8,1144,2,1
453,1,74,3,923,256344,3,8,1955,1,1
454,1,74,3,3132,127113,11,2,481,3,1
455,1,74,3,2886,265159,3,2,1732,2,1
456,1,74,3,4719,363722,7,5,352,1,1
457,1,74,3,3706,377455,7,5,1224,3,1
458,1,74,3,87,387524,4,8,1404,3,1
459,1,74,3,2744,238370,8,9,1722,2,1
460,1,74,3,4693,117369,3,3,733,1,1
461,1,74,3,2229,292748,4,8,673,2,1
462,1,74,3,4906,206030,13,8,1991,1,1
463,1,74,3,1049,281277,10,8,1874,1,1
464,1,74,3,3176,166545,13,5,1555,1,1
465,1,74,3,2989,91902,12,9,1293,3,1
466,1,74,3,4759,330422,3,8,202,1,1
467,1,74,3,2507,146896,8,2,472,2,1
468,1,74,3,2925,77522,7,9,1032,1,1
469,1,74,3,4810,210605,5,9,1101,1,1
470,1,74,3,4834,206235,7,9,864,3,1
471,1,74,3,112,277522,4,9,559,2,1
472,1,74,3,1168,136392,4,8,990,1,1
473,1,74,3,4213,168066,9,8,1944,3,1
474,1,74,3,2990,305077,11,6,1218,1,1
475,1,74,3,2520,78480,13,3,346,1,1
476,1,74,3,402,200253,10,2,1980,1,1
477,1,74,3,2981,335867,4,5,1823,1,1
478,1,74,3,1081,338718,12,3,1698,3,1
479,1,74,3,3066,293402,3,3,1570,2,1
480,1,74,3,3100,295249,8,7,1689,2,1
481,1,75,3,302832,80228,17,6,22,0,1
482,1,75,3,157597,241149,8,13,23,0,1
483,1,75,3,366839,217612,16,8,21,0,1
484,1,75,3,169484,346660,19,3,23,0,1
485,1,75,3,364091,282805,18,11,16,0,1
486,1,75,3,191671,427581,6,6,13,0,1
487,1,75,3,150996,360521,18,7,12,0,1
488,1,75,3,2878,130899,7,7,1528,2,1
489,1,75,3,2319,89158,14,4,223,2,1
490,1,75,3,4568,395660,3,5,1132,1,1
491,1,75,3,1731,78419,10,8,1931,2,1
492,1,75,3,1083,257208,4,8,1371,3,1
493,1,75,3,284,212015,8,9,1816,3,1
494,1,75,3,1661,202425,5,9,427,2,1
495,1,75,3,561,191984,11,8,1826,1,1
496,1,75,3,2543,88153,11,9,1649,1,1
497,1,75,3,3019,104993,8,7,1633,2,1
498,1,76,3,242541,440170,15,11,1,0,1
499,1,76,3,403336,405716,5,14,23,0,1
500,1,76,3,1267,249303,14,6,341,3,1
501,1,76,3,1759,339741,10,8,1199,3,1
502,1,76,3,4802,61237,8,7,1152,3,1
503,1,76,3,4412,342766,9,2,227,2,1
504,1,76,3,430,322227,12,2,1194,1,1
505,1,76,3,664,248616,13,2,897,2,1
506,1,76,3,1632,345076,8,6,912,3,1
507,1,76,3,3821,138828,6,2,1858,3,1
508,1,76,3,4872,390886,13,7,521,1,1
509,1,76,3,26,84187,5,2,1680,3,1
510,1,76,3,502,109959,8,9,566,3,1
511,1,76,3,1757,114671,11,9,810,3,1
512,1,76,3,3151,98401,9,2,1561,3,1
513,1,76,3,221,326511,5,8,1360,3,1
514,1,76,3,2565,65504,7,5,1990,3,1
515,1,76,3,3317,268172,13,9,686,3,1
516,1,76,3,1069,87932,12,3,1440,2,1
517,1,76,3,1480,110757,7,9,1665,2,1
518,1,77,3,454827,495560,18,6,13,0,1
519,1,77,3,431806,464639,7,13,3,0,1
520,1,77,3,164700,343077,14,12,22,0,1
521,1,77,3,177911,246620,15,14,26,0,1
522,1,77,3,485218,421445,12,12,3,0,1
523,1,77,3,471309,555432,12,9,16,0,1
524,1,77,3,112472,163175,15,3,20,0,1
525,1,77,3,4285,173193,8,6,320,1,1
526,1,77,3,4043,326485,7,9,1899,1,1
527,1,77,3,2489,99598,10,9,381,1,1
528,1,77,3,1708,274377,10,8,1652,1,1
529,1,77,3,1014,377680,8,6,1362,2,1
530,1,77,3,4417,326928,5,4,1766,3,1
531,1,77,3,3149,192876,12,6,1445,2,1
532,1,77,3,1517,318690,8,2,1129,3,1
533,1,77,3,2246,151176,12,4,1629,1,1
534,1,77,3,780,340482,10,6,410,1,1
535,1,77,3,405,202025,7,4,1079,2,1
536,1,77,3,2106,269765,3,5,1110,3,1
537,1,77,3,28,363623,11,6,1452,3,1
538,1,77,3,3947,214777,7,3,1082,1,1
539,1,77,3,3720,196952,14,3,213,3,1
540,1,77,3,2422,55589,10,6,366,2,1
541,1,77,3,4492,230935,9,9,298,3,1
542,1,77,3,4318,313029,7,8,813,1,1
543,1,77,3,1744,137758,13,9,1037,1,1
544,1,77,3,2594,292844,5,9,1786,2,1
545,1,77,3,4207,357221,4,8,1935,3,1
546,1,77,3,601,368263,7,8,1516,1,1
547,1,78,3,470314,383780,17,12,27,0,1
548,1,78,3,283205,194537,11,3,20,0,1
549,1,78,3,326966,140818,12,11,23,0,1
550,1,78,3,399157,103621,10,10,4,0,1
551,1,78,3,139504,568600,12,9,5,0,1
552,1,78,3,335298,551788,19,5,7,0,1
553,1,78,3,204,141300,11,2,1762,1,1
554,1,78,3,4815,158322,14,6,406,1,1
555,1,78,3,4745,239156,5,6,1119,1,1
556,1,78,3,2334,60857,6,2,252,3,1
557,1,78,3,4676,55015,4,8,786,2,1
558,1,78,3,3996,344835,4,5,1380,1,1
559,1,78,3,2885,120880,8,7,1940,1,1
560,1,78,3,2748,356584,6,2,1924,2,1
561,1,78,3,600,220405,13,7,1923,3,1
562,1,78,3,3674,240218,11,7,414,3,1
563,1,79,3,309647,195973,16,13,3,0,1
564,1,79,3,433107,436637,18,13,2,0,1
565,1,79,3,247638,89320,5,14,8,0,1
566,1,79,3,77315,567575,11,4,8,0,1
567,1,79,3,56126,422383,19,7,26,0,1
568,1,79,3,204353,303215,8,3,5,0,1
569,1,79,3,4523,222720,13,5,1294,3,1
570,1,79,3,4200,301026,9,6,445,2,1
571,1,79,3,4310,394829,12,6,546,1,1
572,1,79,3,2919,225472,3,5,1539,3,1
573,1,79,3,555,331567,4,5,950,2,1
574,1,79,3,3887,271955,4,9,1452,3,1
575,1,79,3,2865,76066,11,5,1912,1,1
576,1,79,3,148,64329,6,6,840,3,1
577,1,79,3,4847,292301,7,2,1780,1,1
578,1,79,3,3287,175791,12,6,346,3,1
579,1,79,3,3126,144228,11,5,1313,1,1
580,1,79,3,1626,348212,8,4,1508,2,1
581,1,79,3,72,298399,9,3,974,1,1
582,1,79,3,1961,234572,6,6,1584,2,1
583,1,79,3,1746,333071,8,2,1821,2,1
584,1,79,3,1579,116364,4,7,1142,2,1
585,1,79,3,2328,222912,13,8,867,3,1
586,1,79,3,1916,54049,7,6,921,2,1
587,1,79,3,909,95307,5,8,1687,3,1
588,1,79,3,104,194517,6,6,1253,2,1
589,1,79,3,2663,297304,11,7,1241,3,1
590,1,79,3,1279,225343,5,6,1758,1,1
591,1,79,3,4813,52352,4,6,1287,3,1
592,1,79,3,156,318101,5,5,1744,3,1
593,1,79,3,3183,203631,12,2,1814,3,1
594,1,79,3,3585,372348,3,7,1817,3,1
595,1,79,3,953,60846,13,8,1563,3,1
596,1,79,3,4410,200933,10,2,1872,2,1
597,0,-1,0,1607,152264,4,1,1087,2,0
598,0,-1,0,15176,46669,4,0,371,0,0
599,0,-1,0,184814,127523,3,0,1477,1,0
600,0,-1,0,130820,267256,0,1,1291,0,0
601,0,-1,0,187895,22286,0,1,2,1,0
602,0,-1,0,33567,485574,0,0,1673,0,0
603,0,-1,0,43234,429877,3,0,385,1,0
604,0,-1,0,27003,452235,3,0,56,0,0
605,0,-1,0,175577,238154,0,0,1836,0,0
606,0,-1,0,71558,473236,2,0,1869,0,0
607,0,-1,0,68381,359746,0,0,1455,0,0
608,0,-1,0,137525,93873,4,1,1118,2,0
609,0,-1,0,11041,327607,1,0,255,3,0
610,0,-1,0,90685,290616,2,1,640,0,0
611,0,-1,0,166640,201987,2,1,1412,1,0
612,0,-1,0,49180,332427,1,1,1788,1,0
613,0,-1,0,163421,204558,2,0,127,0,0
614,0,-1,0,12843,309973,4,0,23,0,0
615,0,-1,0,99085,110151,4,1,758,0,0
616,0,-1,0,175748,228788,1,1,26,1,0
617,0,-1,0,108067,482367,4,1,170,0,0
618,0,-1,0,164273,262541,2,1,1334,1,0
619,0,-1,0,122971,280570,3,1,78,1,0
620,0,-1,0,54519,136769,4,0,752,0,0
621,0,-1,0,113206,21250,3,1,1217,0,0
622,0,-1,0,139151,468674,1,0,1197,0,0
623,0,-1,0,167851,236692,1,0,1427,0,0
624,0,-1,0,198416,381121,0,1,244,0,0
625,0,-1,0,36923,257792,3,1,6,0,0
626,0,-1,0,73332,132009,1,0,25,2,0
627,0,-1,0,50532,94520,2,0,1667,1,0
628,0,-1,0,37530,312601,1,1,1696,2,0
629,0,-1,0,146802,498728,1,1,1009,0,0
630,0,-1,0,55020,199709,3,0,7,0,0
631,0,-1,0,155551,92430,3,1,1233,0,0
632,0,-1,0,143949,409442,1,1,10,0,0
633,0,-1,0,74106,241229,0,0,1646,1,0
634,0,-1,0,95586,234255,2,0,1909,0,0
635,0,-1,0,135291,258451,0,0,2,2,0
636,0,-1,0,168226,209335,4,0,181,0,0
637,0,-1,0,83760,351909,1,1,460,0,0
638,0,-1,0,194902,163501,4,1,1942,0,0
639,0,-1,0,127771,293082,4,1,23,0,0
640,0,-1,0,44989,132406,3,0,380,1,0
641,0,-1,0,69306,210057,2,1,1300,1,0
642,0,-1,0,128710,395493,0,1,873,0,0
643,0,-1,0,195201,217394,2,1,599,1,0
644,0,-1,0,95316,37964,2,0,1958,0,0
645,0,-1,0,167994,291635,1,1,581,1,0
646,0,-1,0,117803,379968,2,0,1465,0,0
647,0,-1,0,35126,271878,2,1,1176,1,0
648,0,-1,0,166889,31363,0,0,412,1,0
649,0,-1,0,158579,342921,0,1,1476,0,0
650,0,-1,0,112771,54934,1,0,76,2,0
651,0,-1,0,116775,164747,3,1,1689,0,0
652,0,-1,0,24432,366712,2,1,1645,1,0
653,0,-1,0,37308,202386,3,0,1420,0,0
654,0,-1,0,197338,256122,3,1,1460,0,0
655,0,-1,0,172111,440790,0,1,791,2,0
656,0,-1,0,1597,231560,1,0,13,0,0
657,0,-1,0,147195,388923,4,0,453,3,0
658,0,-1,0,159289,195736,0,0,1378,2,0
659,0,-1,0,44102,470819,4,1,464,0,0
660,0,-1,0,130798,32921,4,0,467,0,0
661,0,-1,0,95812,123296,4,1,109,1,0
662,0,-1,0,49874,109917,3,1,800,1,0
663,0,-1,0,67873,316988,2,0,705,0,0
664,0,-1,0,95424,49039,1,0,667,1,0
665,0,-1,0,91041,406324,4,0,1655,0,0
666,0,-1,0,77303,288504,3,1,675,0,0
667,0,-1,0,182853,377292,3,1,10,0,0
668,0,-1,0,52702,353104,4,0,1685,0,0
669,0,-1,0,96222,432384,4,1,1106,2,0
670,0,-1,0,11091,329533,0,0,1303,0,0
671,0,-1,0,113762,166369,0,1,23,0,0
672,0,-1,0,136505,263044,3,1,519,0,0
673,0,-1,0,35519,380389,0,1,99,3,0
674,0,-1,0,173525,481668,4,1,556,1,0
675,0,-1,0,40813,258790,3,1,3,3,0
676,0,-1,0,129355,197013,4,0,1832,0,0
677,0,-1,0,24539,193477,0,1,316,1,0
678,0,-1,0,131609,181821,1,1,358,0,0
679,0,-1,0,180241,125022,0,1,929,0,0
680,0,-1,0,113665,261773,3,1,16,2,0
681,0,-1,0,60764,467043,4,1,14,0,0
682,0,-1,0,112959,184031,3,1,1511,0,0
683,0,-1,0,58603,281387,2,0,192,0,0
684,0,-1,0,44203,434088,3,0,1266,0,0
685,0,-1,0,42350,93391,0,0,1862,0,0
686,0,-1,0,90298,214426,3,1,716,3,0
687,0,-1,0,188673,49221,1,1,1509,2,0
688,0,-1,0,86428,386638,3,1,596,0,0
689,0,-1,0,156743,93150,3,1,651,0,0
690,0,-1,0,40140,235056,3,0,1729,0,0
691,0,-1,0,142683,494945,2,1,1475,0,0
692,0,-1,0,188612,429492,0,1,3,1,0
693,0,-1,0,164565,276583,0,0,24,0,0
694,0,-1,0,94907,135655,3,1,14,0,0
695,0,-1,0,64836,327111,4,1,14,1,0
696,0,-1,0,80423,253361,2,0,479,0,0
697,0,-1,0,26728,420255,2,0,1731,0,0
698,0,-1,0,120757,283722,4,1,508,2,0
699,0,-1,0,11595,239423,3,0,120,0,0
700,0,-1,0,105883,42908,4,1,266,0,0
701,0,-1,0,188038,467670,0,0,325,0,0
702,0,-1,0,42345,379069,0,0,1150,2,0
703,0,-1,0,174897,321067,4,1,16,1,0
704,0,-1,0,131074,10430,1,1,940,1,0
705,0,-1,0,114502,430159,0,0,1894,0,0
706,0,-1,0,12,148790,3,0,1547,1,0
707,0,-1,0,3271,83689,0,1,301,1,0
708,0,-1,0,120649,467281,1,0,529,0,0
709,0,-1,0,165637,418184,2,1,545,0,0
710,0,-1,0,75291,224345,0,0,426,2,0
711,0,-1,0,104144,332101,2,0,403,1,0
712,0,-1,0,162162,252657,1,0,1806,1,0
713,0,-1,0,124546,359682,0,0,1387,0,0
714,0,-1,0,21368,271326,2,0,21,0,0
715,0,-1,0,115943,140517,0,1,308,0,0
716,0,-1,0,51509,119820,2,1,1444,0,0
717,0,-1,0,136921,142577,4,0,291,0,0
718,0,-1,0,183192,399638,2,1,1892,2,0
719,0,-1,0,192474,143671,4,0,351,2,0
720,0,-1,0,143337,302069,4,0,287,0,0
721,0,-1,0,132205,121656,4,0,8,0,0
722,0,-1,0,126050,185770,3,0,449,0,0
723,0,-1,0,198409,207210,2,0,1381,1,0
724,0,-1,0,56686,254842,0,1,1904,0,0
725,0,-1,0,4761,277640,0,1,18,0,0
726,0,-1,0,37691,167853,3,0,207,1,0
727,0,-1,0,169707,491616,0,1,243,1,0
728,0,-1,0,48401,491833,0,0,1275,0,0
729,0,-1,0,44220,159824,3,0,1206,0,0
730,0,-1,0,106520,30227,1,0,1218,0,0
731,0,-1,0,94257,213827,0,0,572,2,0
732,0,-1,0,169184,119877,3,1,1890,1,0
733,0,-1,0,34121,358662,3,0,25,0,0
734,0,-1,0,128832,206044,0,0,1190,0,0
735,0,-1,0,197331,318433,3,1,55,1,0
736,0,-1,0,97371,87413,0,1,941,2,0
737,0,-1,0,139445,191525,3,0,1470,1,0
738,0,-1,0,187038,7178,4,1,3,0,0
739,0,-1,0,137303,46017,1,1,638,0,0
740,0,-1,0,38742,284307,3,0,188,0,0
741,0,-1,0,167665,394540,1,1,473,1,0
742,0,-1,0,3749,370064,1,0,1366,1,0
743,0,-1,0,106653,299368,3,1,580,0,0
744,0,-1,0,127439,392345,3,0,5,0,0
745,0,-1,0,160538,79052,0,0,1881,3,0
746,0,-1,0,75284,317504,3,1,761,1,0
747,0,-1,0,21326,179873,3,0,1654,0,0
748,0,-1,0,37709,81040,0,0,1577,0,0
749,0,-1,0,131127,349413,1,0,1355,0,0
750,0,-1,0,87029,232264,4,0,1154,0,0
751,0,-1,0,30675,200787,3,0,215,2,0
752,0,-1,0,171604,123598,1,0,1047,1,0
753,0,-1,0,125739,270254,0,1,889,1,0
754,0,-1,0,55981,486316,0,1,628,1,0
755,0,-1,0,76151,207908,2,1,291,1,0
756,0,-1,0,39857,495137,0,1,1975,1,0
757,0,-1,0,89427,394428,4,0,1072,3,0
758,0,-1,0,40463,297579,0,0,1043,2,0
759,0,-1,0,106975,322905,3,1,458,0,0
760,0,-1,0,78001,215306,1,0,570,0,0
761,0,-1,0,165142,73274,2,0,1332,0,0
762,0,-1,0,22370,52646,2,0,1676,1,0
763,0,-1,0,114185,460057,0,0,1967,0,0
764,0,-1,0,104634,387501,2,1,768,1,0
765,0,-1,0,122361,285365,3,1,1076,3,0
766,0,-1,0,66018,208265,1,0,1793,0,0
767,0,-1,0,15315,78062,4,1,99,2,0
768,0,-1,0,148846,113130,1,1,1523,0,0
769,0,-1,0,67153,90081,0,1,346,2,0
770,0,-1,0,8315,121264,1,0,1190,0,0
771,0,-1,0,49842,89699,3,1,26,0,0
772,0,-1,0,16260,381446,0,1,296,0,0
773,0,-1,0,127712,156141,3,0,1521,0,0
774,0,-1,0,37249,170814,2,1,1782,0,0
775,0,-1,0,45992,380006,3,1,1724,2,0
776,0,-1,0,94656,57836,2,0,1105,0,0
777,0,-1,0,154492,121209,2,0,29,0,0
778,0,-1,0,105407,243138,3,1,1562,0,0
779,0,-1,0,132198,216569,2,0,196,1,0
780,0,-1,0,100350,107029,4,0,1820,1,0
781,0,-1,0,36353,92322,3,1,673,1,0
782,0,-1,0,30102,268655,3,1,1585,3,0
783,0,-1,0,61905,71461,0,0,1579,3,0
784,0,-1,0,42770,179554,3,1,28,1,0
785,0,-1,0,45258,317281,2,0,1565,0,0
786,0,-1,0,125068,148643,3,1,589,0,0
787,0,-1,0,13734,427049,1,1,20,0,0
788,0,-1,0,53555,464688,1,1,25,1,0
789,0,-1,0,125771,421307,4,0,1554,0,0
790,0,-1,0,72507,186793,1,1,1926,0,0
791,0,-1,0,24117,78008,0,1,1582,3,0
792,0,-1,0,46531,489865,0,1,732,0,0
793,0,-1,0,192303,235820,3,0,1688,0,0
794,0,-1,0,189767,129897,3,1,18,0,0
795,0,-1,0,191201,54471,1,1,1218,1,0
796,0,-1,0,84664,223536,3,0,25,1,0
797,0,-1,0,190872,41470,1,0,1197,0,0
798,0,-1,0,21449,54559,4,1,599,2,0
799,0,-1,0,182457,144394,3,1,443,2,0
800,0,-1,0,185396,411918,0,0,851,0,0
801,0,-1,0,166492,25839,4,1,1497,1,0
802,0,-1,0,195089,45396,0,1,1828,0,0
803,0,-1,0,81303,204128,2,0,16,1,0
804,0,-1,0,87674,334626,4,0,1730,0,0
805,0,-1,0,163759,290506,3,1,1309,1,0
806,0,-1,0,163860,39781,2,0,5,0,0
807,0,-1,0,190301,310902,3,1,1539,0,0
808,0,-1,0,80335,470597,3,0,783,2,0
809,0,-1,0,22181,136117,0,1,1480,1,0
810,0,-1,0,27750,395785,1,0,1351,1,0
811,0,-1,0,4407,309067,1,0,1992,1,0
812,0,-1,0,86586,233544,3,0,1296,0,0
813,0,-1,0,185552,134910,0,1,938,0,0
814,0,-1,0,24604,168112,0,0,1195,0,0
815,0,-1,0,77685,10072,3,0,776,0,0
816,0,-1,0,146849,486890,2,1,616,1,0
817,0,-1,0,120551,422738,1,1,1119,2,0
818,0,-1,0,186418,418667,3,1,325,3,0
819,0,-1,0,93047,382980,4,0,990,1,0
820,0,-1,0,15883,377054,4,0,1686,0,0
821,0,-1,0,59845,75928,2,1,188,1,0
822,0,-1,0,60845,451514,3,0,510,0,0
823,0,-1,0,164820,70826,4,0,1827,1,0
824,0,-1,0,26826,348415,0,0,1618,0,0
825,0,-1,0,51297,493599,4,1,1853,2,0
826,0,-1,0,53516,287992,3,0,21,2,0
827,0,-1,0,130345,351758,0,0,221,1,0
828,0,-1,0,136249,441317,3,0,131,0,0
829,0,-1,0,50951,291384,1,1,93,2,0
830,0,-1,0,50869,276135,0,0,358,0,0
831,0,-1,0,165750,477909,0,1,1012,1,0
832,0,-1,0,96248,291850,2,1,750,0,0
833,0,-1,0,122891,446035,2,0,55,2,0
834,0,-1,0,128539,165643,2,0,17,0,0
835,0,-1,0,11249,365116,1,0,679,2,0
836,0,-1,0,81242,460803,3,0,105,1,0
837,0,-1,0,195724,69597,4,0,906,1,0
838,0,-1,0,78629,371807,4,0,402,2,0
839,0,-1,0,58874,432362,2,1,1908,2,0
840,0,-1,0,140740,81308,2,0,28,0,0
841,0,-1,0,99062,51148,3,1,8,1,0
842,0,-1,0,40207,76828,3,0,441,1,0
843,0,-1,0,26964,121261,1,0,137,2,0
844,0,-1,0,51524,465198,3,0,593,0,0
845,0,-1,0,115203,198797,4,0,1700,0,0
846,0,-1,0,145319,276924,1,1,375,1,0
847,0,-1,0,154728,57612,0,0,1140,3,0
848,0,-1,0,135155,475039,4,1,372,1,0
849,0,-1,0,150169,460956,4,0,997,1,0
850,0,-1,0,127904,375197,3,1,233,0,0
851,0,-1,0,27323,105563,3,1,1334,0,0
852,0,-1,0,96360,188393,4,1,1582,0,0
853,0,-1,0,194159,213041,4,1,13,3,0
854,0,-1,0,188571,247793,0,0,143,0,0
855,0,-1,0,166834,266323,3,1,1338,1,0
856,0,-1,0,151184,20980,0,1,597,1,0
857,0,-1,0,191617,355691,3,0,1832,0,0
858,0,-1,0,152554,429531,4,0,1972,0,0
859,0,-1,0,165951,431584,4,0,570,1,0
860,0,-1,0,191636,483842,3,1,1564,0,0
861,0,-1,0,198349,268826,4,0,12,1,0
862,0,-1,0,99362,88570,3,1,440,1,0
863,0,-1,0,93132,293504,1,0,36,0,0
864,0,-1,0,85902,120340,3,1,1969,0,0
865,0,-1,0,196347,55841,1,0,1615,3,0
866,0,-1,0,136640,22897,2,0,482,0,0
867,0,-1,0,26986,172579,0,0,161,0,0
868,0,-1,0,169339,358232,4,0,748,0,0
869,0,-1,0,120801,25542,3,0,621,1,0
870,0,-1,0,61270,300929,4,0,182,0,0
871,0,-1,0,159528,412821,1,0,820,2,0
872,0,-1,0,81402,359230,0,1,1248,1,0
873,0,-1,0,94230,190768,1,0,517,0,0
874,0,-1,0,128132,417277,1,1,1997,1,0
875,0,-1,0,142895,246472,0,0,335,2,0
876,0,-1,0,34838,11967,0,1,501,0,0
877,0,-1,0,51457,184677,2,1,1971,0,0
878,0,-1,0,110963,414861,1,0,1811,0,0
879,0,-1,0,155422,198242,4,0,814,1,0
880,0,-1,0,194994,106106,0,0,1851,1,0
881,0,-1,0,62917,110038,1,0,1187,0,0
882,0,-1,0,184044,101325,1,1,1770,0,0
883,0,-1,0,20934,219392,0,0,421,0,0
884,0,-1,0,124557,158282,0,0,1570,0,0
885,0,-1,0,197450,187447,3,0,1094,2,0
886,0,-1,0,98137,302281,3,0,160,0,0
887,0,-1,0,114214,424807,3,0,1899,0,0
888,0,-1,0,23369,433130,4,0,1329,1,0
889,0,-1,0,48825,403393,3,1,1896,0,0
890,0,-1,0,110680,123931,1,1,1355,1,0
891,0,-1,0,22519,355812,0,1,991,0,0
892,0,-1,0,190925,71210,1,0,1518,2,0
893,0,-1,0,78478,109909,0,0,191,0,0
894,0,-1,0,154855,329091,4,0,1753,1,0
895,0,-1,0,31988,15373,2,1,1685,1,0
896,0,-1,0,133985,64786,4,1,2,0,0
897,0,-1,0,168581,105108,3,0,1741,0,0
898,0,-1,0,44357,133448,4,0,215,0,0
899,0,-1,0,123918,326324,0,1,1361,1,0
900,0,-1,0,122264,57910,1,0,287,3,0
901,0,-1,0,34614,158216,2,0,1837,0,0
902,0,-1,0,17563,336552,2,0,615,2,0
903,0,-1,0,82842,17877,0,0,355,1,0
904,0,-1,0,54453,189109,1,0,743,2,0
905,0,-1,0,34383,212688,2,1,1360,0,0
906,0,-1,0,111937,427116,2,1,1221,1,0
907,0,-1,0,99693,308637,0,1,679,0,0
908,0,-1,0,27911,357788,0,0,633,1,0
909,0,-1,0,65756,377204,4,1,15,2,0
910,0,-1,0,112657,431862,0,0,240,0,0
911,0,-1,0,32456,19344,2,0,1003,1,0
912,0,-1,0,149267,380318,1,1,1887,2,0
913,0,-1,0,25625,58088,4,1,26,0,0
914,0,-1,0,47299,81003,3,0,1397,1,0
915,0,-1,0,116925,478311,0,0,1141,0,0
916,0,-1,0,167089,267465,1,0,292,0,0
917,0,-1,0,140486,481001,4,1,1167,0,0
918,0,-1,0,101682,475273,3,0,1740,1,0
919,0,-1,0,72482,460572,4,1,12,0,0
920,0,-1,0,123729,494178,4,1,1943,1,0
921,0,-1,0,42330,481833,4,1,764,0,0
922,0,-1,0,178188,193238,4,1,765,1,0
923,0,-1,0,61068,86087,2,1,81,1,0
924,0,-1,0,18151,92033,2,0,1272,1,0
925,0,-1,0,59618,139305,0,0,332,0,0
926,0,-1,0,104285,350748,1,1,50,1,0
927,0,-1,0,61882,115157,4,0,1032,1,0
928,0,-1,0,14807,492756,1,0,1847,0,0
929,0,-1,0,25882,216503,2,0,737,0,0
930,0,-1,0,130390,468020,3,1,697,0,0
931,0,-1,0,24879,173580,4,0,19,1,0
932,0,-1,0,81930,59238,1,0,153,0,0
933,0,-1,0,104393,333952,0,0,442,0,0
934,0,-1,0,94513,287540,1,0,1492,1,0
935,0,-1,0,46068,381311,2,0,904,0,0
936,0,-1,0,163030,40525,1,0,1197,0,0
937,0,-1,0,46096,399436,1,0,1401,2,0
938,0,-1,0,733,53905,2,0,995,0,0
939,0,-1,0,11285,165835,3,1,1120,0,0
940,0,-1,0,62774,227677,3,0,749,1,0
941,0,-1,0,48891,414926,2,0,1972,0,0
942,0,-1,0,197388,140893,1,0,387,0,0
943,0,-1,0,43812,259929,4,0,20,0,0
944,0,-1,0,183354,478676,3,1,1719,1,0
945,0,-1,0,12780,321405,4,1,565,0,0
946,0,-1,0,188556,390086,2,1,1945,1,0
947,0,-1,0,66343,78601,2,1,504,0,0
948,0,-1,0,8974,102781,3,0,1757,0,0
949,0,-1,0,305,248489,0,0,1776,0,0
950,0,-1,0,152460,376348,2,1,934,2,0
951,0,-1,0,31635,484937,1,0,1740,0,0
952,0,-1,0,152318,394580,3,0,540,0,0
953,0,-1,0,41894,99551,2,0,753,3,0
954,0,-1,0,25844,30494,4,1,1502,0,0
955,0,-1,0,110279,103275,0,0,372,1,0
956,0,-1,0,72532,271179,1,0,580,1,0
957,0,-1,0,32249,72643,4,1,1496,0,0
958,0,-1,0,16455,192105,3,0,148,0,0
959,0,-1,0,56566,111098,4,0,1195,0,0
960,0,-1,0,17729,191791,2,1,900,1,0
961,0,-1,0,67052,181575,1,0,304,1,0
962,0,-1,0,19148,97853,0,1,17,2,0
963,0,-1,0,177884,470692,1,0,1138,3,0
964,0,-1,0,104910,431363,3,0,4,1,0
965,0,-1,0,125994,361816,1,1,1928,0,0
966,0,-1,0,39550,161473,3,0,578,0,0
967,0,-1,0,152568,132561,1,0,1778,0,0
968,0,-1,0,105619,105637,1,0,1579,0,0
969,0,-1,0,106161,386087,4,1,1038,1,0
970,0,-1,0,69457,483608,4,0,1613,2,0
971,0,-1,0,14636,191902,2,1,1359,0,0
972,0,-1,0,20723,148762,2,1,19,0,0
973,0,-1,0,92933,295838,0,0,1163,1,0
974,0,-1,0,102527,228388,4,0,1187,0,0
975,0,-1,0,199899,429692,0,0,619,1,0
976,0,-1,0,25147,253057,3,0,469,3,0
977,0,-1,0,147297,161931,1,0,767,0,0
978,0,-1,0,62791,185738,4,0,1002,0,0
979,0,-1,0,3806,109031,3,0,1005,1,0
980,0,-1,0,176046,89345,1,0,370,0,0
981,0,-1,0,65543,191549,4,0,201,0,0
982,0,-1,0,134620,186115,0,1,1600,2,0
983,0,-1,0,136232,407763,3,1,200,0,0
984,0,-1,0,45342,224604,0,0,207,0,0
985,0,-1,0,22490,304443,4,1,140,1,0
986,0,-1,0,183394,349270,0,0,29,0,0
987,0,-1,0,122085,379758,1,1,192,1,0
988,0,-1,0,130060,261490,4,1,1348,0,0
989,0,-1,0,6813,183177,2,1,1613,2,0
990,0,-1,0,54277,241544,0,1,1882,0,0
991,0,-1,0,100178,398767,3,0,676,0,0
992,0,-1,0,7050,413006,0,1,1605,0,0
993,0,-1,0,142587,461217,3,0,9,1,0
994,0,-1,0,51692,117707,3,1,483,1,0
995,0,-1,0,101459,270007,4,0,1635,0,0
996,0,-1,0,160160,430836,4,0,1200,0,0
997,0,-1,0,121207,426377,2,1,155,0,0
998,0,-1,0,148723,193109,2,1,470,0,0
999,0,-1,0,140953,93181,1,0,1629,2,0
1000,0,-1,0,110161,425965,1,1,161,1,0
1001,0,-1,0,43141,420009,1,0,921,2,0
1002,0,-1,0,57194,399120,4,1,1196,0,0
1003,0,-1,0,45102,267826,0,0,423,0,0
1004,0,-1,0,196341,233766,1,0,868,2,0
1005,0,-1,0,198342,96963,4,0,41,0,0
1006,0,-1,0,121490,222385,0,0,427,0,0
1007,0,-1,0,68115,363648,0,1,2,0,0
1008,0,-1,0,189114,313515,4,1,929,0,0
1009,0,-1,0,29894,20668,4,1,1386,0,0
1010,0,-1,0,53735,322024,4,0,1824,0,0
1011,0,-1,0,38600,39454,4,0,406,1,0
1012,0,-1,0,176168,448188,2,0,27,1,0
1013,0,-1,0,10585,6707,0,1,694,0,0
1014,0,-1,0,155362,134193,4,1,1675,1,0
1015,0,-1,0,87834,15704,0,1,1729,1,0
1016,0,-1,0,120497,116404,0,1,1633,0,0
1017,0,-1,0,42641,98246,4,0,100,1,0
1018,0,-1,0,196540,343856,2,1,781,2,0
1019,0,-1,0,191169,29162,1,0,1847,0,0
1020,0,-1,0,88832,157911,0,1,1994,0,0
1021,0,-1,0,92197,411427,4,1,13,1,0
1022,0,-1,0,154079,309607,2,0,1437,1,0
1023,0,-1,0,99311,486494,2,1,1806,0,0
1024,0,-1,0,137973,415289,0,1,851,0,0
1025,0,-1,0,41311,410210,4,1,798,0,0
1026,0,-1,0,151154,30981,0,0,1964,0,0
1027,0,-1,0,155829,314573,2,0,1042,0,0
1028,0,-1,0,114909,88811,4,0,381,0,0
1029,0,-1,0,12788,251885,2,1,406,2,0
1030,0,-1,0,39801,290304,1,0,708,0,0
1031,0,-1,0,119331,361067,0,0,1157,0,0
1032,0,-1,0,101103,55407,4,1,231,1,0
1033,0,-1,0,16979,285599,0,1,1163,3,0
1034,0,-1,0,187633,470724,2,1,885,0,0
1035,0,-1,0,77456,368166,4,0,938,1,0
1036,0,-1,0,178136,257595,3,1,332,2,0
1037,0,-1,0,81709,97541,2,0,295,0,0
1038,0,-1,0,37892,166900,1,1,1279,1,0
1039,0,-1,0,198084,320551,2,1,667,3,0
1040,0,-1,0,121545,166659,2,1,684,1,0
1041,0,-1,0,5956,100664,2,0,1357,0,0
1042,0,-1,0,74884,437778,4,0,18,1,0
1043,0,-1,0,9328,191129,1,1,1861,2,0
1044,0,-1,0,63467,408585,2,1,324,0,0
1045,0,-1,0,164294,362329,3,1,62,0,0
1046,0,-1,0,153272,98338,3,1,930,0,0
1047,0,-1,0,54641,108202,2,1,10,0,0
1048,0,-1,0,191745,248953,3,1,1048,1,0
1049,0,-1,0,121089,95414,3,1,136,1,0
1050,0,-1,0,7735,57360,1,1,1335,0,0
1051,0,-1,0,35329,84290,2,0,594,0,0
1052,0,-1,0,18201,365368,4,1,1408,2,0
1053,0,-1,0,131496,161571,2,0,1124,0,0
1054,0,-1,0,120547,475323,2,1,10,0,0
1055,0,-1,0,180313,257680,3,1,598,0,0
1056,0,-1,0,2254,280657,4,0,248,0,0
1057,0,-1,0,192957,192666,1,1,1187,0,0
1058,0,-1,0,3905,102334,1,0,1583,0,0
1059,0,-1,0,199227,212153,1,0,1774,1,0
1060,0,-1,0,199158,378946,1,1,1542,2,0
1061,0,-1,0,198257,144874,4,0,1975,1,0
1062,0,-1,0,175534,93011,2,1,1469,2,0
1063,0,-1,0,195567,71175,3,1,557,0,0
1064,0,-1,0,49770,188995,1,1,525,0,0
1065,0,-1,0,68705,351293,0,1,599,0,0
1066,0,-1,0,4802,492937,2,0,704,1,0
1067,0,-1,0,57848,399800,0,0,188,2,0
1068,0,-1,0,59182,34276,1,0,16,3,0
1069,0,-1,0,71207,49815,2,0,1,2,0
1070,0,-1,0,76349,346589,3,1,234,2,0
1071,0,-1,0,164092,396376,2,1,6,1,0
1072,0,-1,0,57930,72580,2,1,1614,3,0
1073,0,-1,0,112236,262012,0,0,28,1,0
1074,0,-1,0,27581,147427,3,0,147,3,0
1075,0,-1,0,76527,7779,1,1,1597,0,0
1076,0,-1,0,95193,264888,4,0,23,0,0
1077,0,-1,0,4891,468449,2,1,896,0,0
1078,0,-1,0,23258,331994,1,0,848,2,0
1079,0,-1,0,34829,52470,2,0,1730,0,0
1080,0,-1,0,27202,91655,2,0,6,1,0
1081,0,-1,0,57928,334174,0,1,308,0,0
1082,0,-1,0,30976,88968,2,0,901,1,0
1083,0,-1,0,185555,416347,4,1,1144,1,0
1084,0,-1,0,17187,398239,2,1,702,1,0
1085,0,-1,0,27082,61929,3,1,856,0,0
1086,0,-1,0,112772,379401,4,0,252,0,0
1087,0,-1,0,53326,7538,1,0,1497,0,0
1088,0,-1,0,41998,124666,0,0,1000,2,0
1089,0,-1,0,118223,13491,0,1,1456,2,0
1090,0,-1,0,51220,490774,4,0,716,2,0
1091,0,-1,0,139837,363818,1,0,794,0,0
1092,0,-1,0,52881,173220,4,1,1338,1,0
1093,0,-1,0,44036,107554,3,1,635,1,0
1094,0,-1,0,133251,218622,2,1,745,0,0
1095,0,-1,0,39228,104737,1,1,1116,1,0
1096,0,-1,0,101649,134070,2,0,1493,1,0
1097,0,-1,0,40901,56538,0,0,1247,0,0
1098,0,-1,0,183671,379687,3,1,1078,0,0
1099,0,-1,0,116794,414995,3,1,261,0,0
1100,0,-1,0,172994,396383,4,1,1626,1,0
1101,0,-1,0,193643,192054,3,0,20,0,0
1102,0,-1,0,97397,358415,4,1,1414,2,0
1103,0,-1,0,34704,330706,4,0,1047,0,0
1104,0,-1,0,152176,261344,4,0,1394,0,0
1105,0,-1,0,98003,348166,1,0,466,1,0
1106,0,-1,0,74705,230167,1,0,952,0,0
1107,0,-1,0,77686,365794,3,1,1918,3,0
1108,0,-1,0,36184,56638,3,1,66,2,0
1109,0,-1,0,84551,147248,1,1,1522,1,0
1110,0,-1,0,140794,494210,2,1,918,0,0
1111,0,-1,0,101239,457747,0,1,615,0,0
1112,0,-1,0,16353,358799,2,1,1837,0,0
1113,0,-1,0,195447,38682,1,0,498,0,0
1114,0,-1,0,36808,371189,0,0,1307,1,0
1115,0,-1,0,20590,107208,4,1,1112,2,0
1116,0,-1,0,19342,356518,4,1,1495,0,0
1117,0,-1,0,142245,416312,2,0,1831,3,0
1118,0,-1,0,47259,114282,4,0,155,1,0
1119,0,-1,0,66762,440048,0,0,1534,0,0
1120,0,-1,0,104185,205077,2,1,21,3,0
1121,0,-1,0,178579,372754,3,1,1860,3,0
1122,0,-1,0,197943,293457,2,0,1800,0,0
1123,0,-1,0,40583,277260,1,1,1137,0,0
1124,0,-1,0,117850,122179,1,0,1109,1,0
1125,0,-1,0,94304,241354,3,0,1010,1,0
1126,0,-1,0,134531,29427,3,1,180,2,0
1127,0,-1,0,108724,12266,2,1,20,0,0
1128,0,-1,0,90978,402872,2,0,271,0,0
1129,0,-1,0,85838,359317,2,1,573,1,0
1130,0,-1,0,95822,97186,4,1,142,3,0
1131,0,-1,0,163750,163704,4,1,712,0,0
1132,0,-1,0,88319,34990,4,0,1850,0,0
1133,0,-1,0,100806,88605,1,0,1432,0,0
1134,0,-1,0,58598,103355,4,1,10,3,0
1135,0,-1,0,168914,494671,1,1,201,2,0
1136,0,-1,0,124196,387511,3,0,12,0,0
1137,0,-1,0,190232,447870,4,0,589,0,0
1138,0,-1,0,112908,383372,4,0,1494,1,0
1139,0,-1,0,187359,458718,3,0,828,0,0
1140,0,-1,0,183633,488995,0,1,1606,1,0
1141,0,-1,0,136427,82192,0,1,1586,2,0
1142,0,-1,0,190179,416858,0,0,659,0,0
1143,0,-1,0,147201,396654,3,1,155,0,0
1144,0,-1,0,107971,106936,0,0,1416,1,0
1145,0,-1,0,68199,270520,4,0,187,0,0
1146,0,-1,0,169572,308738,2,1,125,0,0
1147,0,-1,0,62773,26009,1,0,1207,2,0
1148,0,-1,0,124305,145656,4,0,1740,2,0
1149,0,-1,0,54943,457941,1,1,611,1,0
1150,0,-1,0,99136,49852,4,1,1176,0,0
1151,0,-1,0,147882,358894,1,1,1559,0,0
1152,0,-1,0,9620,279563,2,1,570,1,0
1153,0,-1,0,31768,452211,4,1,851,1,0
1154,0,-1,0,19713,439761,4,1,1620,2,0
1155,0,-1,0,100612,213089,1,0,759,1,0
1156,0,-1,0,68663,32098,0,1,156,0,0
1157,0,-1,0,80931,21799,1,1,834,0,0
1158,0,-1,0,59504,421290,3,0,26,0,0
1159,0,-1,0,144971,28956,4,0,1509,1,0
1160,0,-1,0,87256,34617,4,1,998,0,0
1161,0,-1,0,29169,68055,2,0,1410,0,0
1162,0,-1,0,130207,22335,0,0,14,0,0
1163,0,-1,0,117415,371652,3,1,1689,1,0
1164,0,-1,0,146597,221224,1,1,756,0,0
1165,0,-1,0,85423,35776,1,1,686,0,0
1166,0,-1,0,8065,104107,3,1,1581,0,0
1167,0,-1,0,103408,434226,4,1,1786,0,0
1168,0,-1,0,51510,331331,3,1,1953,1,0
1169,0,-1,0,49061,317156,3,0,8,0,0
1170,0,-1,0,47510,318068,0,0,21,0,0
1171,0,-1,0,139651,348158,1,1,34,2,0
1172,0,-1,0,159818,78110,0,1,499,0,0
1173,0,-1,0,44089,408476,1,1,12,1,0
1174,0,-1,0,61959,297584,3,0,495,2,0
1175,0,-1,0,111345,316938,3,0,18,1,0
1176,0,-1,0,189649,420343,4,0,937,0,0
1177,0,-1,0,190116,270071,3,1,733,2,0
1178,0,-1,0,29497,285329,4,1,1825,0,0
1179,0,-1,0,68958,171805,1,0,805,0,0
1180,0,-1,0,132448,5241,1,0,1663,0,0
1181,0,-1,0,118935,399913,3,1,811,3,0
1182,0,-1,0,120831,303118,1,1,154,0,0
1183,0,-1,0,180306,184375,1,1,12,1,0
1184,0,-1,0,146144,104120,3,1,326,0,0
1185,0,-1,0,23902,167782,3,1,12,2,0
1186,0,-1,0,84201,194673,4,0,1062,0,0
1187,0,-1,0,50313,175215,3,0,1640,0,0
1188,0,-1,0,57908,498654,0,1,21,3,0
1189,0,-1,0,158038,25115,2,0,1230,1,0
1190,0,-1,0,172146,387491,3,0,707,0,0
1191,0,-1,0,49641,116238,3,0,274,0,0
1192,0,-1,0,198072,41458,1,1,1092,0,0
1193,0,-1,0,100026,293564,3,1,895,0,0
1194,0,-1,0,14812,430591,3,0,1532,0,0
1195,0,-1,0,76374,94502,2,0,27,1,0
1196,0,-1,0,89636,71776,3,1,1031,0,0
1197,0,-1,0,15625,49583,4,1,959,0,0
1198,0,-1,0,96638,195030,4,0,13,0,0
1199,0,-1,0,189165,105132,4,0,1241,1,0
1200,0,-1,0,166211,443917,4,1,250,3,0
1201,0,-1,0,194788,376326,2,0,677,0,0
1202,0,-1,0,35995,475014,0,1,1065,0,0
1203,0,-1,0,191714,251374,3,0,348,0,0
1204,0,-1,0,44485,194981,1,0,375,1,0
1205,0,-1,0,131999,388481,3,0,1323,0,0
1206,0,-1,0,40145,138917,2,1,1671,2,0
1207,0,-1,0,22893,67828,3,0,998,0,0
1208,0,-1,0,63253,158597,0,1,1875,0,0
1209,0,-1,0,91955,191626,2,1,48,0,0
1210,0,-1,0,97593,95669,1,1,265,1,0
1211,0,-1,0,36884,235491,0,0,74,0,0
1212,0,-1,0,157019,223548,3,0,1711,0,0
1213,0,-1,0,41908,432627,1,0,219,0,0
1214,0,-1,0,81180,250028,0,0,1960,3,0
1215,0,-1,0,582,374433,4,1,358,0,0
1216,0,-1,0,178099,172734,2,0,1364,1,0
1217,0,-1,0,180545,223122,0,0,714,0,0
1218,0,-1,0,92110,458858,4,0,1209,1,0
1219,0,-1,0,14575,242015,3,1,1410,0,0
1220,0,-1,0,140200,286339,0,0,531,0,0
1221,0,-1,0,95783,430455,2,1,258,0,0
1222,0,-1,0,94836,188344,1,1,246,0,0
1223,0,-1,0,24140,61710,1,0,1238,0,0
1224,0,-1,0,130582,369164,2,0,160,1,0
1225,0,-1,0,109818,333235,4,0,806,1,0
1226,0,-1,0,150643,186444,4,0,553,0,0
1227,0,-1,0,187958,364625,4,0,24,2,0
1228,0,-1,0,15217,304028,4,0,1974,0,0
1229,0,-1,0,135907,355569,2,0,1324,0,0
1230,0,-1,0,41831,466923,2,0,613,0,0
1231,0,-1,0,19932,273575,2,0,1479,0,0
1232,0,-1,0,10790,468151,3,1,1163,2,0
1233,0,-1,0,70664,386485,1,0,1815,0,0
1234,0,-1,0,130805,55676,2,1,1942,0,0
1235,0,-1,0,164027,239193,1,1,636,0,0
1236,0,-1,0,102357,192371,1,0,443,0,0
1237,0,-1,0,117705,196351,4,1,1847,0,0
1238,0,-1,0,122844,189511,2,0,1431,0,0
1239,0,-1,0,70357,493356,3,0,334,1,0
1240,0,-1,0,65423,177205,1,1,157,1,0
1241,0,-1,0,10526,16685,1,1,542,2,0
1242,0,-1,0,42840,94055,3,1,1169,0,0
1243,0,-1,0,143462,174201,4,0,13,1,0
1244,0,-1,0,198552,70578,0,0,969,0,0
1245,0,-1,0,56161,6559,2,1,1928,3,0
1246,0,-1,0,157677,62297,3,0,1920,1,0
1247,0,-1,0,65446,110515,1,0,967,0,0
1248,0,-1,0,998,214217,0,1,198,1,0
1249,0,-1,0,118272,389244,3,1,1587,2,0
1250,0,-1,0,98109,190030,3,1,1655,0,0
1251,0,-1,0,151622,318091,0,1,602,0,0
1252,0,-1,0,47495,65404,2,1,652,0,0
1253,0,-1,0,197379,259718,3,0,157,0,0
1254,0,-1,0,113653,358444,1,0,25,0,0
1255,0,-1,0,79709,63472,3,1,1182,0,0
1256,0,-1,0,6342,392913,1,0,22,0,0
1257,0,-1,0,685,103629,2,0,1552,1,0
1258,0,-1,0,124695,248316,2,0,801,2,0
1259,0,-1,0,27865,11520,4,1,1350,2,0
1260,0,-1,0,34718,395929,2,0,641,0,0
1261,0,-1,0,99196,13657,3,0,179,2,0
1262,0,-1,0,5006,155045,4,0,779,1,0
1263,0,-1,0,72064,18915,4,0,1385,0,0
1264,0,-1,0,111597,309723,3,0,675,0,0
1265,0,-1,0,119909,425406,4,0,16,0,0
1266,0,-1,0,100885,492110,3,1,822,0,0
1267,0,-1,0,145822,460713,3,0,1024,0,0
1268,0,-1,0,162736,232876,0,1,10,0,0
1269,0,-1,0,128811,45940,4,1,1642,0,0
1270,0,-1,0,95826,83793,4,0,23,1,0
1271,0,-1,0,148148,298481,1,0,1104,0,0
1272,0,-1,0,86466,51012,1,1,1056,1,0
1273,0,-1,0,43279,49061,1,0,1908,1,0
1274,0,-1,0,7757,205086,2,1,1177,1,0
1275,0,-1,0,118827,307507,2,1,6,1,0
1276,0,-1,0,32402,222987,4,0,741,2,0
1277,0,-1,0,123485,161697,4,0,595,0,0
1278,0,-1,0,181366,145817,1,0,8,0,0
1279,0,-1,0,108682,383555,3,0,1826,1,0
1280,0,-1,0,13945,49671,4,1,16,2,0
1281,0,-1,0,184473,174336,4,0,23,1,0
1282,0,-1,0,196294,460298,3,1,1697,0,0
1283,0,-1,0,23842,338485,4,0,7,2,0
1284,0,-1,0,33177,386138,3,0,1865,0,0
1285,0,-1,0,73725,410614,3,0,1546,2,0
1286,0,-1,0,128233,233765,2,0,852,0,0
1287,0,-1,0,138215,223510,3,1,21,1,0
1288,0,-1,0,145780,438322,0,1,701,0,0
1289,0,-1,0,178220,383430,3,0,323,0,0
1290,0,-1,0,41398,108100,0,0,232,0,0
1291,0,-1,0,185448,345942,0,1,818,0,0
1292,0,-1,0,162805,124934,3,0,1265,2,0
1293,0,-1,0,190549,408353,1,0,75,1,0
1294,0,-1,0,71429,348450,3,1,21,0,0
1295,0,-1,0,107577,186398,4,1,1033,0,0
1296,0,-1,0,195071,229628,2,1,579,1,0
1297,0,-1,0,88724,477682,4,0,27,0,0
1298,0,-1,0,27338,462583,0,0,830,1,0
1299,0,-1,0,187794,17163,1,1,1238,0,0
1300,0,-1,0,62979,189323,1,1,3,0,0
1301,0,-1,0,148294,334376,4,0,1794,0,0
1302,0,-1,0,53918,5653,4,1,1859,1,0
1303,0,-1,0,131103,256655,0,0,20,0,0
1304,0,-1,0,191487,74326,1,0,1478,0,0
1305,0,-1,0,88345,136590,2,1,1000,0,0
1306,0,-1,0,4183,20321,1,1,766,1,0
1307,0,-1,0,78622,230443,0,1,1070,1,0
1308,0,-1,0,81475,432904,0,0,9,0,0
1309,0,-1,0,188038,461105,1,1,1244,0,0
1310,0,-1,0,116569,38007,2,1,167,0,0
1311,0,-1,0,133497,285668,4,1,1964,2,0
1312,0,-1,0,134282,176663,0,1,1526,0,0
1313,0,-1,0,176695,361396,2,1,1400,1,0
1314,0,-1,0,127179,302718,0,1,1785,0,0
1315,0,-1,0,3230,296309,2,1,539,0,0
1316,0,-1,0,52125,276232,2,1,1016,0,0
1317,0,-1,0,126983,208192,3,0,1844,1,0
1318,0,-1,0,186864,210037,0,0,3,0,0
1319,0,-1,0,53468,359231,3,0,1521,0,0
1320,0,-1,0,2122,281372,2,0,1326,0,0
1321,0,-1,0,173017,133935,3,0,1326,1,0
1322,0,-1,0,24544,113000,0,1,1488,0,0
1323,0,-1,0,7192,145658,4,0,765,0,0
1324,0,-1,0,99664,92196,2,1,7,1,0
1325,0,-1,0,102592,348668,0,1,798,1,0
1326,0,-1,0,145821,188130,0,1,368,0,0
1327,0,-1,0,172950,44313,3,1,579,0,0
1328,0,-1,0,123499,327385,2,1,344,1,0
1329,0,-1,0,182041,65020,1,0,16,1,0
1330,0,-1,0,108101,209553,0,1,347,0,0
1331,0,-1,0,35678,397904,1,1,1621,0,0
1332,0,-1,0,105302,470522,0,1,577,0,0
1333,0,-1,0,11915,233325,4,0,1750,0,0
1334,0,-1,0,43502,159322,2,1,1576,0,0
1335,0,-1,0,36585,395758,3,1,369,0,0
1336,0,-1,0,183660,7323,4,1,888,0,0
1337,0,-1,0,672,283941,1,0,14,0,0
1338,0,-1,0,13681,355333,0,1,1603,1,0
1339,0,-1,0,135390,137558,1,0,788,1,0
1340,0,-1,0,177478,489369,4,1,1756,0,0
1341,0,-1,0,71297,200400,3,0,1773,0,0
1342,0,-1,0,86413,341566,0,0,881,1,0
1343,0,-1,0,183505,198923,4,0,24,3,0
1344,0,-1,0,84999,62711,0,1,19,3,0
1345,0,-1,0,59074,17198,0,1,113,0,0
1346,0,-1,0,137146,427520,2,1,1314,0,0
1347,0,-1,0,133496,233138,4,0,1035,1,0
1348,0,-1,0,182075,170080,3,0,969,0,0
1349,0,-1,0,191150,77831,4,1,1370,0,0
1350,0,-1,0,40418,428377,0,1,709,0,0
1351,0,-1,0,16913,172615,2,1,675,0,0
1352,0,-1,0,183255,287207,4,0,1727,0,0
1353,0,-1,0,102968,419444,3,1,617,0,0
1354,0,-1,0,80798,12104,0,0,15,0,0
1355,0,-1,0,29555,283429,3,1,181,0,0
1356,0,-1,0,55899,38868,3,1,1250,0,0
1357,0,-1,0,95542,106187,2,1,317,3,0
1358,0,-1,0,150056,149150,2,1,399,0,0
1359,0,-1,0,6423,134724,4,0,752,1,0
1360,0,-1,0,9156,286480,1,1,1582,0,0
1361,0,-1,0,120216,7692,1,0,1873,1,0
1362,0,-1,0,188877,88633,4,0,623,0,0
1363,0,-1,0,197783,288191,1,0,1408,0,0
1364,0,-1,0,3446,191221,2,0,4,0,0
1365,0,-1,0,144831,26798,0,0,1669,2,0
1366,0,-1,0,101766,183440,3,0,299,0,0
1367,0,-1,0,13211,283613,2,1,924,3,0
1368,0,-1,0,160089,164099,3,1,1876,0,0
1369,0,-1,0,71571,85658,0,1,363,0,0
1370,0,-1,0,149456,445544,4,0,629,0,0
1371,0,-1,0,95940,176268,2,0,1373,0,0
1372,0,-1,0,127348,378822,1,1,437,1,0
1373,0,-1,0,176421,6852,1,1,11,1,0
1374,0,-1,0,76489,97419,3,1,828,1,0
1375,0,-1,0,129735,404575,4,0,763,0,0
1376,0,-1,0,130578,194241,4,1,788,0,0
1377,0,-1,0,158692,154942,3,0,28,2,0
1378,0,-1,0,48936,87355,2,0,1433,1,0
1379,0,-1,0,21985,228261,3,1,595,1,0
1380,0,-1,0,27790,311626,3,1,1432,0,0
1381,0,-1,0,100443,263935,2,0,1035,1,0
1382,0,-1,0,164492,179195,3,1,470,1,0
1383,0,-1,0,98739,292898,3,1,1514,0,0
1384,0,-1,0,95402,191249,2,1,410,0,0
1385,0,-1,0,81058,150977,4,0,1267,1,0
1386,0,-1,0,19881,5134,3,0,567,1,0
1387,0,-1,0,16262,335069,2,1,3,0,0
1388,0,-1,0,13832,120907,0,1,1456,2,0
1389,0,-1,0,194170,47204,1,0,1983,1,0
1390,0,-1,0,178231,366255,3,1,953,0,0
1391,0,-1,0,106181,126825,4,0,1331,1,0
1392,0,-1,0,143576,219772,4,0,233,1,0
1393,0,-1,0,121841,409857,0,0,13,1,0
1394,0,-1,0,70367,30828,2,1,25,0,0
1395,0,-1,0,133341,472138,1,1,1800,1,0
1396,0,-1,0,20665,102704,2,0,12,0,0
1397,0,-1,0,144653,86066,2,0,14,2,0
1398,0,-1,0,175590,97097,0,1,1201,0,0
1399,0,-1,0,98850,248479,1,1,573,0,0
1400,0,-1,0,10399,473851,3,1,1662,0,0
1401,0,-1,0,54509,35417,0,1,261,1,0
1402,0,-1,0,6733,423203,0,1,497,0,0
1403,0,-1,0,51116,235003,3,0,509,0,0
1404,0,-1,0,150717,172078,2,1,346,0,0
1405,0,-1,0,150336,422463,3,0,435,2,0
1406,0,-1,0,193735,90444,0,0,1815,1,0
1407,0,-1,0,172080,440570,0,1,281,2,0
1408,0,-1,0,73472,214609,3,0,1460,1,0
1409,0,-1,0,41946,310126,1,0,1273,0,0
1410,0,-1,0,143024,327255,2,0,787,0,0
1411,0,-1,0,78051,325844,4,0,28,1,0
1412,0,-1,0,92821,372255,3,0,88,1,0
1413,0,-1,0,121627,161882,3,0,1989,0,0
1414,0,-1,0,60542,414210,4,0,384,1,0
1415,0,-1,0,18255,462053,1,1,1944,2,0
1416,0,-1,0,78480,434707,1,0,148,0,0
1417,0,-1,0,8805,109324,2,1,1948,0,0
1418,0,-1,0,173163,497268,0,1,1039,0,0
1419,0,-1,0,15831,487301,4,1,29,0,0
1420,0,-1,0,195914,250493,0,0,1153,0,0
1421,0,-1,0,168105,94669,1,0,395,0,0
1422,0,-1,0,62001,358823,3,1,269,0,0
1423,0,-1,0,149622,257942,0,0,8,1,0
1424,0,-1,0,23291,36465,1,0,430,0,0
1425,0,-1,0,172642,446193,2,1,1361,2,0
1426,0,-1,0,158018,67527,3,0,601,0,0
1427,0,-1,0,116895,87575,3,0,29,0,0
1428,0,-1,0,182348,50097,0,1,1719,1,0
1429,0,-1,0,10655,470350,4,1,7,0,0
1430,0,-1,0,33020,20481,2,0,7,2,0
1431,0,-1,0,98828,144137,3,1,1460,2,0
1432,0,-1,0,78756,448561,4,0,1410,1,0
1433,0,-1,0,112956,165813,3,1,214,0,0
1434,0,-1,0,75896,47501,2,0,805,0,0
1435,0,-1,0,55422,301027,2,0,1570,1,0
1436,0,-1,0,160103,422591,1,0,11,2,0
1437,0,-1,0,195386,39979,1,0,1,0,0
1438,0,-1,0,8431,159160,0,1,501,1,0
1439,0,-1,0,79835,420500,0,1,1977,0,0
1440,0,-1,0,6275,339676,3,0,587,1,0
1441,0,-1,0,141336,87383,0,1,263,0,0
1442,0,-1,0,168672,458933,0,0,1021,0,0
1443,0,-1,0,78641,89128,2,0,470,0,0
1444,0,-1,0,84609,322031,3,0,481,0,0
1445,0,-1,0,176911,316650,2,1,462,0,0
1446,0,-1,0,40869,216052,3,1,643,1,0
1447,0,-1,0,48148,208841,0,1,1127,0,0
1448,0,-1,0,60869,65197,3,0,1126,2,0
1449,0,-1,0,149717,355903,0,0,640,1,0
1450,0,-1,0,181474,217321,0,1,1743,0,0
1451,0,-1,0,70643,40950,4,0,1402,0,0
1452,0,-1,0,71150,131550,4,1,6,0,0
1453,0,-1,0,123460,195814,1,0,3,1,0
1454,0,-1,0,16901,291755,2,0,1314,0,0
1455,0,-1,0,16308,53598,2,1,494,0,0
1456,0,-1,0,32781,239533,4,0,1686,0,0
1457,0,-1,0,56809,450267,3,1,1273,0,0
1458,0,-1,0,105336,53784,2,0,1970,2,0
1459,0,-1,0,148787,137170,1,0,1703,1,0
1460,0,-1,0,82829,178247,1,1,1709,0,0
1461,0,-1,0,151554,272455,3,0,11,1,0
1462,0,-1,0,25705,62200,2,0,1072,1,0
1463,0,-1,0,1565,100031,3,0,352,0,0
1464,0,-1,0,78775,136327,2,0,1613,2,0
1465,0,-1,0,1840,154029,0,0,1583,3,0
1466,0,-1,0,61406,82063,3,1,1585,2,0
1467,0,-1,0,195391,173425,3,0,3,2,0
1468,0,-1,0,41420,429690,2,1,188,1,0
1469,0,-1,0,101790,352215,3,1,171,0,0
1470,0,-1,0,149580,286821,3,0,895,0,0
1471,0,-1,0,57698,43842,1,1,1620,0,0
1472,0,-1,0,151208,66525,0,0,851,0,0
1473,0,-1,0,104158,278651,2,1,460,0,0
1474,0,-1,0,66267,333282,3,0,19,1,0
1475,0,-1,0,31486,199527,0,1,925,0,0
1476,0,-1,0,196095,339110,2,1,1509,1,0
1477,0,-1,0,94573,471402,3,1,536,0,0
1478,0,-1,0,167060,140217,3,0,770,3,0
1479,0,-1,0,168894,425275,0,0,651,0,0
1480,0,-1,0,33564,258279,0,1,631,0,0
1481,0,-1,0,191024,286584,4,0,1664,0,0
1482,0,-1,0,135742,56639,4,0,1616,0,0
1483,0,-1,0,15823,196576,1,1,700,1,0
1484,0,-1,0,112206,67908,2,1,232,0,0
1485,0,-1,0,175006,91180,3,1,29,0,0
1486,0,-1,0,62099,360154,4,0,187,0,0
1487,0,-1,0,83317,183923,1,1,91,2,0
1488,0,-1,0,25803,438968,4,1,12,0,0
1489,0,-1,0,47237,427964,4,0,1464,0,0
1490,0,-1,0,181137,107029,2,0,1555,1,0
1491,0,-1,0,147127,486280,1,0,609,1,0
1492,0,-1,0,63389,353590,0,0,1969,2,0
1493,0,-1,0,74683,72931,0,0,1645,0,0
1494,0,-1,0,126587,486907,4,0,413,1,0
1495,0,-1,0,175869,209157,1,0,711,0,0
1496,0,-1,0,8432,481141,4,0,6,2,0
1497,0,-1,0,188450,337151,3,0,22,0,0
1498,0,-1,0,93013,240899,1,0,9,1,0
1499,0,-1,0,33907,330337,0,0,819,3,0
1500,0,-1,0,105819,333881,1,0,769,0,0
1501,0,-1,0,181380,280332,0,1,360,0,0
1502,0,-1,0,136280,286465,4,1,22,2,0
1503,0,-1,0,182696,464298,4,0,970,0,0
1504,0,-1,0,71944,428556,2,1,300,2,0
1505,0,-1,0,122092,107032,0,0,1423,1,0
1506,0,-1,0,138978,351902,3,0,1775,0,0
1507,0,-1,0,104826,208385,1,0,1418,0,0
1508,0,-1,0,50363,388325,0,1,296,0,0
1509,0,-1,0,19170,68004,3,0,412,0,0
1510,0,-1,0,46032,45734,2,1,50,1,0
1511,0,-1,0,31714,399791,4,0,766,0,0
1512,0,-1,0,142400,379416,3,1,912,1,0
1513,0,-1,0,15689,237893,0,0,444,0,0
1514,0,-1,0,186684,155134,0,1,8,2,0
1515,0,-1,0,130120,376296,2,0,46,2,0
1516,0,-1,0,74498,56466,1,1,1566,0,0
1517,0,-1,0,55389,234859,0,1,553,0,0
1518,0,-1,0,196326,219487,2,0,815,0,0
1519,0,-1,0,25614,337439,2,1,12,1,0
1520,0,-1,0,152675,460083,1,1,130,0,0
1521,0,-1,0,126341,410468,2,1,189,0,0
1522,0,-1,0,11214,93096,1,1,1017,0,0
1523,0,-1,0,128729,403450,3,1,1278,0,0
1524,0,-1,0,123573,433326,3,0,547,0,0
1525,0,-1,0,38996,77429,1,0,514,1,0
1526,0,-1,0,23651,412144,2,1,938,0,0
1527,0,-1,0,35859,285818,3,1,640,2,0
1528,0,-1,0,58108,332729,2,1,1903,0,0
1529,0,-1,0,106523,465176,4,0,1589,0,0
1530,0,-1,0,16033,373015,3,0,1091,1,0
1531,0,-1,0,44654,277610,2,0,1427,0,0
1532,0,-1,0,72438,128041,4,0,1022,2,0
1533,0,-1,0,164045,358602,0,1,553,0,0
1534,0,-1,0,94304,154111,2,1,1896,1,0
1535,0,-1,0,18225,46403,4,1,1452,0,0
1536,0,-1,0,148709,10677,3,0,610,1,0
1537,0,-1,0,174631,355182,2,0,905,0,0
1538,0,-1,0,125258,116159,3,1,1550,0,0
1539,0,-1,0,19035,144388,0,0,941,0,0
1540,0,-1,0,173083,438940,0,0,1467,0,0
1541,0,-1,0,48873,487972,1,0,2,0,0
1542,0,-1,0,141763,466534,3,1,206,2,0
1543,0,-1,0,98846,158655,1,1,28,0,0
1544,0,-1,0,162102,35703,0,1,1426,2,0
1545,0,-1,0,100897,100950,3,0,1922,1,0
1546,0,-1,0,183995,127427,4,1,205,1,0
1547,0,-1,0,145923,311802,1,1,991,0,0
1548,0,-1,0,62894,64673,4,0,410,0,0
1549,0,-1,0,81006,268769,3,1,891,2,0
1550,0,-1,0,172525,275964,0,0,944,0,0
1551,0,-1,0,115124,86421,1,1,1985,1,0
1552,0,-1,0,57691,184140,2,1,1060,0,0
1553,0,-1,0,173968,7571,4,0,973,2,0
1554,0,-1,0,93929,434841,1,1,1765,1,0
1555,0,-1,0,46710,420303,1,0,5,0,0
1556,0,-1,0,133976,37543,1,1,692,1,0
1557,0,-1,0,95546,193387,2,1,612,0,0
1558,0,-1,0,89917,250493,0,1,16,0,0
1559,0,-1,0,41529,317355,1,0,1529,0,0
1560,0,-1,0,30619,71960,2,1,14,2,0
1561,0,-1,0,43663,488164,2,1,1377,0,0
1562,0,-1,0,132808,299850,2,1,910,2,0
1563,0,-1,0,152920,147962,4,0,1294,0,0
1564,0,-1,0,142999,65978,0,0,1544,1,0
1565,0,-1,0,149147,497096,2,1,9,0,0
1566,0,-1,0,2802,178216,1,0,1884,1,0
1567,0,-1,0,21575,6215,1,1,1495,0,0
1568,0,-1,0,62353,165845,0,1,1572,2,0
1569,0,-1,0,157602,253518,2,1,19,1,0
1570,0,-1,0,6220,101990,2,1,214,0,0
1571,0,-1,0,154094,444992,3,1,1784,0,0
1572,0,-1,0,40287,136443,2,1,376,1,0
1573,0,-1,0,178613,111803,2,0,1425,0,0
1574,0,-1,0,158018,196485,3,0,302,2,0
1575,0,-1,0,133494,447395,4,1,1174,1,0
1576,0,-1,0,55875,96820,4,1,1126,0,0
1577,0,-1,0,27111,109669,1,1,859,0,0
1578,0,-1,0,1847,46802,0,1,6,0,0
1579,0,-1,0,182857,385414,4,0,1901,1,0
1580,0,-1,0,179774,120161,0,0,547,1,0
1581,0,-1,0,53467,163779,4,0,824,0,0
1582,0,-1,0,126627,6597,2,1,253,0,0
1583,0,-1,0,80350,39545,1,1,1278,0,0
1584,0,-1,0,175491,28981,4,1,13,0,0
1585,0,-1,0,130192,6522,4,1,1667,2,0
1586,0,-1,0,13408,435368,1,0,1249,0,0
1587,0,-1,0,94882,476270,1,1,724,0,0
1588,0,-1,0,136862,166580,3,0,617,0,0
1589,0,-1,0,13509,62309,3,0,1533,0,0
1590,0,-1,0,54491,224747,4,1,1675,0,0
1591,0,-1,0,147528,366104,3,0,298,0,0
1592,0,-1,0,25352,30226,1,0,955,0,0
1593,0,-1,0,96327,272648,4,0,1959,2,0
1594,0,-1,0,72911,158074,1,0,572,0,0
1595,0,-1,0,115327,329581,0,0,308,2,0
1596,0,-1,0,160701,197304,2,0,1763,2,0
1597,0,-1,0,153417,100530,4,0,1309,1,0
1598,0,-1,0,179761,321230,1,1,1631,1,0
1599,0,-1,0,49217,368597,1,0,345,0,0
1600,0,-1,0,134708,306167,4,0,1926,0,0
1601,0,-1,0,108469,406012,3,0,1169,0,0
1602,0,-1,0,133492,349056,1,1,814,0,0
1603,0,-1,0,31451,58198,1,1,705,0,0
1604,0,-1,0,29687,93507,4,1,356,0,0
1605,0,-1,0,37180,218639,4,1,16,1,0
1606,0,-1,0,78802,456652,4,1,515,0,0
1607,0,-1,0,116090,20022,2,0,94,0,0
1608,0,-1,0,1615,126156,2,1,217,2,0
1609,0,-1,0,63142,54841,3,1,1394,0,0
1610,0,-1,0,40732,102763,0,0,4,1,0
1611,0,-1,0,25149,141219,4,0,1933,0,0
1612,0,-1,0,145549,95938,0,0,952,0,0
1613,0,-1,0,54296,434431,3,1,1390,0,0
1614,0,-1,0,85288,121221,3,0,1500,3,0
1615,0,-1,0,98967,273367,3,0,1755,1,0
1616,0,-1,0,88468,49317,2,1,1269,1,0
1617,0,-1,0,190217,343532,3,1,219,2,0
1618,0,-1,0,122529,348769,3,0,1744,0,0
1619,0,-1,0,120143,106879,2,0,1436,2,0
1620,0,-1,0,152028,391324,1,1,714,0,0
1621,0,-1,0,112310,233542,2,0,474,0,0
1622,0,-1,0,23853,99343,0,0,793,0,0
1623,0,-1,0,155015,65983,4,1,541,2,0
1624,0,-1,0,86655,88764,1,0,1838,0,0
1625,0,-1,0,145574,15764,2,0,1924,2,0
1626,0,-1,0,41358,125467,1,0,97,1,0
1627,0,-1,0,131450,272488,1,1,8,0,0
1628,0,-1,0,73865,180271,2,0,18,0,0
1629,0,-1,0,102325,22300,3,0,585,3,0
1630,0,-1,0,106159,422374,4,1,1119,0,0
1631,0,-1,0,90210,334113,4,0,1546,2,0
1632,0,-1,0,60372,226546,1,1,1831,1,0
1633,0,-1,0,90035,75246,2,1,1574,0,0
1634,0,-1,0,38975,166091,1,0,433,1,0
1635,0,-1,0,79193,284885,0,0,1547,0,0
1636,0,-1,0,180913,284952,3,0,1859,0,0
1637,0,-1,0,12703,394236,1,0,1508,0,0
1638,0,-1,0,42909,276201,1,1,1718,0,0
1639,0,-1,0,160333,168847,1,0,151,0,0
1640,0,-1,0,187556,444252,4,0,690,0,0
1641,0,-1,0,60361,7576,1,0,1715,0,0
1642,0,-1,0,142634,427661,3,0,572,0,0
1643,0,-1,0,30854,181791,1,0,699,0,0
1644,0,-1,0,18957,141283,1,1,1384,0,0
1645,0,-1,0,49874,154753,4,1,741,0,0
1646,0,-1,0,104046,270562,3,0,53,2,0
1647,0,-1,0,190795,329842,4,1,1797,0,0
1648,0,-1,0,23605,229317,1,1,1564,0,0
1649,0,-1,0,187193,203481,1,1,1180,1,0
1650,0,-1,0,55436,436717,2,0,11,2,0
1651,0,-1,0,12616,437072,2,0,1181,1,0
1652,0,-1,0,99720,282406,3,1,1222,1,0
1653,0,-1,0,15793,45754,1,0,170,0,0
1654,0,-1,0,133256,62946,2,0,423,2,0
1655,0,-1,0,120398,54609,3,0,83,0,0
1656,0,-1,0,18444,350005,1,1,517,2,0
1657,0,-1,0,32079,411100,1,0,1106,3,0
1658,0,-1,0,166203,490738,0,1,599,0,0
1659,0,-1,0,60493,235872,2,1,577,2,0
1660,0,-1,0,74196,296293,2,0,830,0,0
1661,0,-1,0,80293,387741,0,1,17,0,0
1662,0,-1,0,79752,72956,2,0,10,0,0
1663,0,-1,0,75117,29306,3,1,382,0,0
1664,0,-1,0,48765,201768,1,0,588,0,0
1665,0,-1,0,164895,59250,2,1,671,1,0
1666,0,-1,0,115604,208898,1,0,159,0,0
1667,0,-1,0,21175,340421,0,0,1751,0,0
1668,0,-1,0,196033,17589,1,1,547,2,0
1669,0,-1,0,86154,407461,1,0,11,0,0
1670,0,-1,0,49467,82745,2,0,21,2,0
1671,0,-1,0,136104,232433,2,0,1732,0,0
1672,0,-1,0,54462,250147,1,1,7,2,0
1673,0,-1,0,68178,402042,4,0,2,0,0
1674,0,-1,0,93961,463322,4,0,1740,0,0
1675,0,-1,0,136937,280697,3,1,237,0,0
1676,0,-1,0,90715,239794,0,1,570,2,0
1677,0,-1,0,71308,225127,1,1,188,0,0
1678,0,-1,0,61728,325637,0,1,1978,0,0
1679,0,-1,0,56898,345357,0,0,1898,0,0
1680,0,-1,0,167483,72419,2,0,1432,0,0
1681,0,-1,0,18798,59489,4,0,543,0,0
1682,0,-1,0,43658,468468,4,0,569,1,0
1683,0,-1,0,28956,312290,2,0,105,0,0
1684,0,-1,0,89861,253663,3,1,399,2,0
1685,0,-1,0,41338,51319,0,1,829,0,0
1686,0,-1,0,26504,246618,4,0,790,1,0
1687,0,-1,0,139041,281106,1,0,187,0,0
1688,0,-1,0,63761,119801,0,0,292,0,0
1689,0,-1,0,136638,88765,1,1,1428,0,0
1690,0,-1,0,9758,149436,2,0,10,0,0
1691,0,-1,0,93363,442645,3,0,1083,2,0
1692,0,-1,0,5748,454865,2,1,681,0,0
1693,0,-1,0,106214,467375,0,0,1696,3,0
1694,0,-1,0,44320,317085,1,0,769,3,0
1695,0,-1,0,167222,155804,2,0,1251,0,0
1696,0,-1,0,3074,107419,0,1,1401,2,0
1697,0,-1,0,167378,247019,1,0,545,0,0
1698,0,-1,0,24851,353896,1,0,157,0,0
1699,0,-1,0,127365,104681,3,1,1526,0,0
1700,0,-1,0,4201,369955,4,1,340,2,0
1701,0,-1,0,20227,466655,1,0,1735,0,0
1702,0,-1,0,10487,463802,1,1,1818,0,0
1703,0,-1,0,110525,479660,3,1,413,0,0
1704,0,-1,0,97742,385656,1,0,915,0,0
1705,0,-1,0,59211,71190,2,1,1610,0,0
1706,0,-1,0,55549,179863,0,0,206,2,0
1707,0,-1,0,107284,296109,1,0,246,0,0
1708,0,-1,0,56029,51979,2,0,707,0,0
1709,0,-1,0,21552,261494,2,1,1538,0,0
1710,0,-1,0,81503,456873,1,1,1814,0,0
1711,0,-1,0,62455,131234,3,1,879,1,0
1712,0,-1,0,173263,162302,4,1,1925,0,0
1713,0,-1,0,159551,395554,1,0,18,0,0
1714,0,-1,0,146397,332396,0,0,1498,2,0
1715,0,-1,0,81670,151632,3,0,1214,0,0
1716,0,-1,0,20652,236239,4,0,432,0,0
1717,0,-1,0,101823,368297,1,0,1838,1,0
1718,0,-1,0,48376,363474,0,1,5,0,0
1719,0,-1,0,162953,140860,3,0,615,2,0
1720,0,-1,0,151218,434587,2,1,13,0,0
1721,0,-1,0,76640,138144,2,0,337,0,0
1722,0,-1,0,148310,390604,3,1,1378,3,0
1723,0,-1,0,180315,497663,3,1,1886,0,0
1724,0,-1,0,19775,44403,4,1,1777,1,0
1725,0,-1,0,151093,22344,1,1,1015,0,0
1726,0,-1,0,27774,113796,0,0,1976,0,0
1727,0,-1,0,36217,86725,0,0,1519,1,0
1728,0,-1,0,7566,102339,2,0,1213,2,0
1729,0,-1,0,100172,11725,1,0,280,0,0
1730,0,-1,0,104243,254997,0,0,1649,2,0
1731,0,-1,0,123100,154403,1,1,539,2,0
1732,0,-1,0,105930,419247,3,1,1949,2,0
1733,0,-1,0,167195,78514,3,0,320,0,0
1734,0,-1,0,112616,354489,0,0,1975,1,0
1735,0,-1,0,71545,376934,0,1,1597,3,0
1736,0,-1,0,104649,245413,2,0,801,0,0
1737,0,-1,0,134513,154859,3,0,19,1,0
1738,0,-1,0,195082,231785,4,0,672,1,0
1739,0,-1,0,93785,104519,0,1,892,2,0
1740,0,-1,0,174250,35292,4,1,2,0,0
1741,0,-1,0,17500,292942,1,1,1291,0,0
1742,0,-1,0,154643,347411,3,0,748,0,0
1743,0,-1,0,76304,341117,0,1,27,0,0
1744,0,-1,0,62276,436753,1,1,93,2,0
1745,0,-1,0,40071,116860,0,1,21,0,0
1746,0,-1,0,56581,58416,1,1,1380,2,0
1747,0,-1,0,29728,325512,2,0,520,0,0
1748,0,-1,0,50425,339608,0,1,1912,0,0
1749,0,-1,0,98743,202862,0,0,14,1,0
1750,0,-1,0,817,392325,4,1,454,0,0
1751,0,-1,0,153079,107585,1,0,487,0,0
1752,0,-1,0,170179,179145,2,0,1956,0,0
1753,0,-1,0,6436,231894,0,0,472,2,0
1754,0,-1,0,35406,194428,2,0,1390,2,0
1755,0,-1,0,80278,418652,0,0,1835,0,0
1756,0,-1,0,134351,104387,3,0,424,2,0
1757,0,-1,0,182393,31703,4,0,1810,0,0
1758,0,-1,0,38494,339428,1,1,1578,0,0
1759,0,-1,0,6177,115232,2,0,1255,1,0
1760,0,-1,0,139903,480655,2,0,1387,2,0
1761,0,-1,0,173985,298269,3,1,1742,1,0
1762,0,-1,0,155816,396796,4,1,1216,0,0
1763,0,-1,0,2585,22621,1,1,335,0,0
1764,0,-1,0,152974,465270,4,1,858,0,0
1765,0,-1,0,153899,250062,1,1,1023,1,0
1766,0,-1,0,162370,324067,3,0,519,0,0
1767,0,-1,0,185718,314745,4,1,2,0,0
1768,0,-1,0,59460,323270,1,0,1894,1,0
1769,0,-1,0,99274,162608,3,0,1883,0,0
1770,0,-1,0,56263,210921,1,0,28,1,0
1771,0,-1,0,123626,409216,3,0,2,0,0
1772,0,-1,0,20085,20827,1,1,15,1,0
1773,0,-1,0,140188,266566,0,1,1985,2,0
1774,0,-1,0,37474,368085,1,0,1633,0,0
1775,0,-1,0,27019,451821,3,0,843,1,0
1776,0,-1,0,35990,332699,0,0,313,1,0
1777,0,-1,0,40141,98850,4,1,1807,0,0
1778,0,-1,0,64320,143906,3,0,1944,0,0
1779,0,-1,0,167072,394708,0,0,845,3,0
1780,0,-1,0,189273,249329,2,1,1661,1,0
1781,0,-1,0,89227,308483,2,0,115,3,0
1782,0,-1,0,20217,337392,3,0,1701,0,0
1783,0,-1,0,24748,10723,3,0,18,0,0
1784,0,-1,0,174736,266127,4,1,634,3,0
1785,0,-1,0,60805,161484,3,0,910,0,0
1786,0,-1,0,186607,226482,0,0,1176,0,0
1787,0,-1,0,8765,72893,2,1,848,3,0
1788,0,-1,0,158341,150220,1,0,1233,1,0
1789,0,-1,0,125914,255879,4,0,16,1,0
1790,0,-1,0,148401,463130,0,1,1987,0,0
1791,0,-1,0,30854,146349,0,1,59,0,0
1792,0,-1,0,145851,496741,4,1,880,1,0
1793,0,-1,0,171192,155269,4,1,1369,1,0
1794,0,-1,0,121213,165758,1,0,368,2,0
1795,0,-1,0,100442,356609,0,0,1425,0,0
1796,0,-1,0,153225,167581,1,1,1234,1,0
1797,0,-1,0,51972,350521,1,1,13,0,0
1798,0,-1,0,174680,316038,4,1,909,2,0
1799,0,-1,0,5799,16411,2,1,874,2,0
1800,0,-1,0,115789,414010,3,1,630,0,0
1801,0,-1,0,185174,180641,4,1,1674,0,0
1802,0,-1,0,121128,148272,3,0,924,0,0
1803,0,-1,0,80567,225373,4,0,189,0,0
1804,0,-1,0,7646,393402,2,0,1266,2,0
1805,0,-1,0,146186,269780,1,1,29,0,0
1806,0,-1,0,148893,321350,1,1,2,2,0
1807,0,-1,0,129733,461512,1,0,189,2,0
1808,0,-1,0,83917,461139,0,1,1627,2,0
1809,0,-1,0,192626,358759,4,0,1388,1,0
1810,0,-1,0,43834,55333,2,1,37,0,0
1811,0,-1,0,187845,132564,3,0,798,0,0
1812,0,-1,0,44613,39048,2,0,508,0,0
1813,0,-1,0,60187,443488,4,0,1093,1,0
1814,0,-1,0,84482,102851,2,1,23,0,0
1815,0,-1,0,3021,91805,4,0,1251,2,0
1816,0,-1,0,31827,150638,4,1,490,0,0
1817,0,-1,0,113047,475810,3,0,1232,0,0
1818,0,-1,0,121764,386249,0,1,1329,0,0
1819,0,-1,0,56588,276220,4,1,1934,3,0
1820,0,-1,0,150645,235065,3,1,1321,0,0
1821,0,-1,0,81427,274225,0,0,779,3,0
1822,0,-1,0,9213,270762,2,1,595,0,0
1823,0,-1,0,143926,286743,3,1,709,2,0
1824,0,-1,0,74476,42388,0,0,1151,0,0
1825,0,-1,0,93350,264767,4,0,32,1,0
1826,0,-1,0,1619,73437,2,0,892,0,0
1827,0,-1,0,85332,101880,0,0,1460,1,0
1828,0,-1,0,156269,422338,0,1,15,0,0
1829,0,-1,0,139761,350571,4,0,1841,0,0
1830,0,-1,0,21315,325322,4,0,1932,0,0
1831,0,-1,0,33704,490503,4,1,305,0,0
1832,0,-1,0,5965,322776,3,1,7,0,0
1833,0,-1,0,159987,371233,1,0,117,0,0
1834,0,-1,0,110009,66643,1,1,1767,0,0
1835,0,-1,0,61142,246612,3,0,385,0,0
1836,0,-1,0,5794,173015,1,0,15,0,0
1837,0,-1,0,101585,131475,0,1,1788,0,0
1838,0,-1,0,112444,454889,3,0,12,0,0
1839,0,-1,0,33432,287796,4,0,955,0,0
1840,0,-1,0,161778,66836,3,1,1011,0,0
1841,0,-1,0,175172,365635,4,1,145,0,0
1842,0,-1,0,80301,331029,0,1,252,3,0
1843,0,-1,0,191805,333107,1,0,883,0,0
1844,0,-1,0,148847,136921,0,1,1972,1,0
1845,0,-1,0,89606,439837,0,1,1809,0,0
1846,0,-1,0,1497,24558,1,1,51,0,0
1847,0,-1,0,86478,291538,2,0,114,2,0
1848,0,-1,0,163701,279069,3,0,704,2,0
1849,0,-1,0,6490,139301,4,1,1261,0,0
1850,0,-1,0,145737,65139,0,0,23,1,0
1851,0,-1,0,118683,397365,3,1,9,0,0
1852,0,-1,0,128450,13800,3,0,23,2,0
1853,0,-1,0,51886,311828,3,0,1246,1,0
1854,0,-1,0,192570,16917,0,0,757,1,0
1855,0,-1,0,77326,284068,0,1,759,0,0
1856,0,-1,0,138768,463241,4,0,406,1,0
1857,0,-1,0,107889,286295,2,1,574,1,0
1858,0,-1,0,61918,450549,1,1,11,0,0
1859,0,-1,0,96662,78478,3,0,1075,0,0
1860,0,-1,0,149423,493709,0,0,20,1,0
1861,0,-1,0,142379,465346,2,0,691,1,0
1862,0,-1,0,116760,141947,0,0,1645,0,0
1863,0,-1,0,72749,85257,1,1,1356,2,0
1864,0,-1,0,159191,206174,1,1,1372,0,0
1865,0,-1,0,183061,153355,2,1,1968,0,0
1866,0,-1,0,135151,62478,1,1,1586,1,0
1867,0,-1,0,197650,6145,3,1,289,0,0
1868,0,-1,0,161632,338312,4,1,308,2,0
1869,0,-1,0,33117,167416,2,1,1764,1,0
1870,0,-1,0,59481,217782,3,1,1876,0,0
1871,0,-1,0,189376,110823,1,0,1188,0,0
1872,0,-1,0,18709,311020,4,0,917,1,0
1873,0,-1,0,149186,17325,4,0,217,1,0
1874,0,-1,0,112832,101347,2,1,931,1,0
1875,0,-1,0,69923,466501,2,1,1979,0,0
1876,0,-1,0,71630,133419,2,0,1551,0,0
1877,0,-1,0,58674,38748,3,1,274,0,0
1878,0,-1,0,41320,438102,2,1,1663,1,0
1879,0,-1,0,1488,242710,4,1,1002,0,0
1880,0,-1,0,151795,75647,1,1,263,0,0
1881,0,-1,0,87984,223167,2,1,329,0,0
1882,0,-1,0,163754,200139,3,0,1458,2,0
1883,0,-1,0,54279,281161,0,1,145,1,0
1884,0,-1,0,55328,52324,1,0,684,0,0
1885,0,-1,0,148499,317319,2,0,1173,0,0
1886,0,-1,0,72856,132069,0,1,199,1,0
1887,0,-1,0,113457,118077,4,1,1801,0,0
1888,0,-1,0,138531,234610,4,1,230,2,0
1889,0,-1,0,144639,58335,0,1,1363,0,0
1890,0,-1,0,151820,286727,0,0,698,1,0
1891,0,-1,0,25277,465612,3,1,1723,0,0
1892,0,-1,0,58656,329722,0,0,449,1,0
1893,0,-1,0,196501,208097,0,1,1787,1,0
1894,0,-1,0,137085,282309,0,1,446,0,0
1895,0,-1,0,77197,445281,0,0,297,0,0
1896,0,-1,0,44260,228649,0,0,1795,2,0
1897,0,-1,0,48421,174973,2,1,1387,3,0
1898,0,-1,0,192587,54667,4,1,114,0,0
1899,0,-1,0,51701,473196,0,1,1764,0,0
1900,0,-1,0,5768,113719,4,0,1169,0,0
1901,0,-1,0,29602,369902,1,0,454,0,0
1902,0,-1,0,136972,222450,2,1,1406,1,0
1903,0,-1,0,199071,183249,3,1,28,0,0
1904,0,-1,0,173942,351440,2,1,1636,0,0
1905,0,-1,0,5661,146827,2,0,11,1,0
1906,0,-1,0,96297,466097,1,0,25,3,0
1907,0,-1,0,42079,263576,2,0,660,1,0
1908,0,-1,0,117203,132409,4,0,1297,2,0
1909,0,-1,0,114245,260295,1,1,1511,1,0
1910,0,-1,0,69610,342668,1,1,15,0,0
1911,0,-1,0,53993,87463,2,0,109,0,0
1912,0,-1,0,68291,76597,4,0,851,3,0
1913,0,-1,0,32222,466997,4,0,1718,0,0
1914,0,-1,0,192238,44570,0,0,101,0,0
1915,0,-1,0,50746,153681,1,1,1186,3,0
1916,0,-1,0,13641,302519,3,0,1835,2,0
1917,0,-1,0,129252,150644,3,0,1625,1,0
1918,0,-1,0,43365,244081,2,1,575,0,0
1919,0,-1,0,107788,374664,1,1,393,0,0
1920,0,-1,0,80072,377023,3,0,1708,1,0
1921,0,-1,0,22807,368855,0,0,274,2,0
1922,0,-1,0,105267,156862,1,0,1652,3,0
1923,0,-1,0,177806,146590,0,0,1489,0,0
1924,0,-1,0,21966,393163,3,1,1921,0,0
1925,0,-1,0,140195,13293,3,1,965,0,0
1926,0,-1,0,152693,180352,2,0,898,1,0
1927,0,-1,0,77380,118426,0,0,1670,0,0
1928,0,-1,0,106371,18779,0,0,13,0,0
1929,0,-1,0,119590,352697,4,1,586,1,0
1930,0,-1,0,93110,314692,3,0,786,1,0
1931,0,-1,0,66680,232970,1,0,450,1,0
1932,0,-1,0,85441,19505,0,1,1653,2,0
1933,0,-1,0,86466,17836,4,1,858,0,0
1934,0,-1,0,198333,244681,4,0,714,0,0
1935,0,-1,0,100547,481822,0,0,549,0,0
1936,0,-1,0,37529,305284,0,1,1770,2,0
1937,0,-1,0,1172,321661,3,1,1650,1,0
1938,0,-1,0,30591,95085,4,1,1984,1,0
1939,0,-1,0,77856,206694,3,0,15,0,0
1940,0,-1,0,16684,433796,1,0,367,0,0
1941,0,-1,0,109608,288085,2,0,408,2,0
1942,0,-1,0,37110,181845,0,0,1873,1,0
1943,0,-1,0,152772,444503,2,0,1561,0,0
1944,0,-1,0,4441,128482,1,0,1937,1,0
1945,0,-1,0,120762,26948,1,0,243,0,0
1946,0,-1,0,192147,323995,2,1,1269,1,0
1947,0,-1,0,41417,99359,1,0,7,0,0
1948,0,-1,0,146192,135588,4,1,858,0,0
1949,0,-1,0,108351,120704,2,1,430,0,0
1950,0,-1,0,12402,243628,1,0,3,0,0
1951,0,-1,0,63695,312264,0,1,132,3,0
1952,0,-1,0,76332,273348,4,1,984,0,0
1953,0,-1,0,48218,12624,1,0,430,0,0
1954,0,-1,0,89610,110405,2,0,28,0,0
1955,0,-1,0,53392,245752,2,0,629,2,0
1956,0,-1,0,165643,282715,0,0,531,2,0
1957,0,-1,0,134099,161676,2,0,96,1,0
1958,0,-1,0,7918,416654,2,0,1634,0,0
1959,0,-1,0,117235,91078,0,1,690,0,0
1960,0,-1,0,79606,204828,4,1,1613,0,0
1961,0,-1,0,36244,443882,2,1,198,0,0
1962,0,-1,0,78808,182588,4,0,20,0,0
1963,0,-1,0,68834,430866,4,0,432,2,0
1964,0,-1,0,104124,199014,4,1,24,1,0
1965,0,-1,0,57873,60536,2,1,209,2,0
1966,0,-1,0,90025,64381,2,1,1382,1,0
1967,0,-1,0,9854,374365,1,1,1663,1,0
1968,0,-1,0,138522,486161,2,1,1274,0,0
1969,0,-1,0,101965,218339,0,1,1481,1,0
1970,0,-1,0,196255,90790,0,0,868,1,0
1971,0,-1,0,59184,486955,3,1,456,3,0
1972,0,-1,0,97521,251179,2,1,401,2,0
1973,0,-1,0,145463,169685,1,1,1300,0,0
1974,0,-1,0,136479,352303,1,0,979,1,0
1975,0,-1,0,54065,92686,0,0,13,2,0
1976,0,-1,0,171387,393099,3,0,685,0,0
1977,0,-1,0,116583,309377,3,1,591,0,0
1978,0,-1,0,121640,335463,2,1,1107,1,0
1979,0,-1,0,24197,324010,4,1,840,2,0
1980,0,-1,0,14990,237405,3,0,1711,0,0
1981,0,-1,0,26486,316008,4,1,500,2,0
1982,0,-1,0,34708,20056,2,0,222,2,0
1983,0,-1,0,114894,39396,1,0,1156,0,0
1984,0,-1,0,56816,114626,4,1,657,1,0
1985,0,-1,0,186484,497496,3,1,1382,2,0
1986,0,-1,0,159125,316664,3,1,678,0,0
1987,0,-1,0,11936,78834,1,0,16,0,0
1988,0,-1,0,22827,183742,3,0,1152,1,0
1989,0,-1,0,123110,318290,4,0,1382,1,0
1990,0,-1,0,168758,132181,1,1,1117,1,0
1991,0,-1,0,142820,477836,4,1,1729,0,0
1992,0,-1,0,115906,268829,3,0,3,0,0
1993,0,-1,0,168953,375359,4,0,319,0,0
1994,0,-1,0,114146,210423,0,0,1291,0,0
1995,0,-1,0,92913,380535,1,1,470,0,0
1996,0,-1,0,25035,371600,3,0,1107,2,0
1997,0,-1,0,168030,236047,2,0,573,2,0
1998,0,-1,0,45701,158810,0,1,1368,0,0
1999,0,-1,0,103256,393635,2,0,1983,0,0
2000,0,-1,0,154414,160939,1,0,1831,0,0
2001,0,-1,0,40795,218093,4,0,1156,1,0
2002,0,-1,0,84871,295209,4,1,1220,2,0
2003,0,-1,0,175167,383523,0,0,946,1,0
2004,0,-1,0,140045,174982,4,1,1018,3,0
2005,0,-1,0,161388,25386,1,0,1,0,0
2006,0,-1,0,32254,348024,1,1,18,0,0
2007,0,-1,0,125670,183880,1,0,1967,1,0
2008,0,-1,0,112577,138285,2,0,552,0,0
2009,0,-1,0,153095,42285,2,1,5,0,0
2010,0,-1,0,54840,320955,1,0,996,0,0
2011,0,-1,0,112794,328030,3,1,1935,1,0
2012,0,-1,0,119660,255152,0,0,1713,0,0
2013,0,-1,0,26364,148360,1,1,422,0,0
2014,0,-1,0,78097,432586,3,1,192,1,0
2015,0,-1,0,24291,318916,2,1,894,0,0
2016,0,-1,0,116822,441825,2,1,1394,1,0
2017,0,-1,0,131112,187767,4,0,413,2,0
2018,0,-1,0,16417,41518,2,0,396,0,0
2019,0,-1,0,88924,439810,1,0,1188,0,0
2020,0,-1,0,24624,322552,2,1,1749,2,0
2021,0,-1,0,70822,452966,4,0,847,0,0
2022,0,-1,0,113950,85707,3,1,586,0,0
2023,0,-1,0,8410,395790,4,0,1071,0,0
2024,0,-1,0,188538,475471,2,0,1116,1,0
2025,0,-1,0,110619,293537,0,1,376,0,0
2026,0,-1,0,110284,449075,4,0,539,0,0
2027,0,-1,0,140134,134422,0,0,1201,0,0
2028,0,-1,0,148239,158139,3,0,1797,1,0
2029,0,-1,0,123693,473818,3,0,82,1,0
2030,0,-1,0,187549,315349,2,1,26,2,0
2031,0,-1,0,134784,90337,1,1,393,3,0
2032,0,-1,0,123768,47973,4,1,532,0,0
2033,0,-1,0,34822,457129,0,1,473,2,0
2034,0,-1,0,44206,254696,4,0,87,0,0
2035,0,-1,0,161249,428694,0,0,842,1,0
2036,0,-1,0,147284,62589,0,1,216,0,0
2037,0,-1,0,180906,217601,2,0,26,3,0
2038,0,-1,0,109929,150792,0,1,1924,0,0
2039,0,-1,0,193603,449847,4,1,24,0,0
2040,0,-1,0,29975,188043,3,1,617,0,0
2041,0,-1,0,199666,483650,2,1,1479,1,0
2042,0,-1,0,52119,228440,2,0,115,0,0
2043,0,-1,0,131274,49059,3,0,14,0,0
2044,0,-1,0,157352,234744,4,1,1767,0,0
2045,0,-1,0,44258,499448,2,1,764,0,0
2046,0,-1,0,115857,281396,1,0,227,0,0
2047,0,-1,0,44394,378311,2,1,1294,0,0
2048,0,-1,0,26335,266457,3,1,1691,1,0
2049,0,-1,0,195483,375662,0,1,1682,0,0
2050,0,-1,0,136898,218195,2,1,1281,0,0
2051,0,-1,0,115148,271544,0,1,1655,0,0
2052,0,-1,0,112236,291974,4,1,1309,0,0
2053,0,-1,0,29490,176669,2,0,1673,0,0
2054,0,-1,0,148826,382831,2,0,544,1,0
2055,0,-1,0,178262,221298,1,1,1083,1,0
2056,0,-1,0,160909,245265,2,0,1334,0,0
2057,0,-1,0,117666,129086,0,0,190,1,0
2058,0,-1,0,162935,109816,2,0,28,1,0
2059,0,-1,0,27398,209375,0,0,1906,0,0
2060,0,-1,0,141537,258865,0,1,982,0,0
2061,0,-1,0,97641,227196,1,0,1532,0,0
2062,0,-1,0,127223,210844,3,1,75,0,0
2063,0,-1,0,36780,38080,2,1,501,2,0
2064,0,-1,0,141437,395165,2,0,1502,0,0
2065,0,-1,0,197670,481400,0,0,1324,1,0
2066,0,-1,0,65282,345174,4,0,1872,0,0
2067,0,-1,0,75057,307376,3,0,1481,2,0
2068,0,-1,0,104108,428204,3,0,1134,1,0
2069,0,-1,0,111371,452927,2,1,843,2,0
2070,0,-1,0,158963,252482,1,1,1950,0,0
2071,0,-1,0,59305,274025,0,1,460,0,0
2072,0,-1,0,48075,344153,3,0,8,3,0
2073,0,-1,0,14142,214231,3,1,306,1,0
2074,0,-1,0,197066,446559,2,0,1099,2,0
2075,0,-1,0,82797,176081,3,0,807,0,0
2076,0,-1,0,35333,217157,2,1,1314,2,0
2077,0,-1,0,115548,101094,0,1,1595,0,0
2078,0,-1,0,138714,13278,4,1,989,1,0
2079,0,-1,0,62083,275730,2,1,1364,0,0
2080,0,-1,0,67018,105656,2,0,13,0,0
2081,0,-1,0,114013,44040,2,1,1395,2,0
2082,0,-1,0,98971,405811,2,1,1305,1,0
2083,0,-1,0,58366,262198,2,1,769,2,0
2084,0,-1,0,7295,400174,1,1,1135,0,0
2085,0,-1,0,41787,116530,1,0,711,0,0
2086,0,-1,0,186021,178770,4,0,808,3,0
2087,0,-1,0,74657,113391,1,1,292,0,0
2088,0,-1,0,181036,317170,1,0,1741,1,0
2089,0,-1,0,22387,40526,3,0,1427,1,0
2090,0,-1,0,109787,256471,1,1,1576,1,0
2091,0,-1,0,26009,298527,4,0,28,0,0
2092,0,-1,0,48301,56148,1,1,415,0,0
2093,0,-1,0,124872,44249,0,1,389,1,0
2094,0,-1,0,151030,270123,0,1,3,1,0
2095,0,-1,0,168517,310549,2,0,1061,0,0
2096,0,-1,0,31364,355566,1,1,1548,1,0
2097,0,-1,0,16521,327672,2,1,1161,1,0
2098,0,-1,0,108054,336646,2,0,1694,0,0
2099,0,-1,0,69927,131219,3,1,16,0,0
2100,0,-1,0,174035,216428,2,1,672,1,0
2101,0,-1,0,30801,453961,0,1,1061,0,0
2102,0,-1,0,93648,261012,4,1,1673,3,0
2103,0,-1,0,180867,432353,2,0,259,0,0
2104,0,-1,0,162628,451952,4,0,28,0,0
2105,0,-1,0,195811,248722,0,0,762,1,0
2106,0,-1,0,51717,407971,1,0,298,0,0
2107,0,-1,0,53014,434642,3,1,702,0,0
2108,0,-1,0,141828,37085,1,1,5,0,0
2109,0,-1,0,93505,317704,0,1,1735,0,0
2110,0,-1,0,10651,254137,4,0,874,1,0
2111,0,-1,0,119998,200088,2,0,16,0,0
2112,0,-1,0,50020,45459,2,0,1748,0,0
2113,0,-1,0,162009,478233,1,0,133,1,0
2114,0,-1,0,173320,140198,3,1,1318,1,0
2115,0,-1,0,176675,10404,3,0,1667,0,0
2116,0,-1,0,129013,26431,3,0,1439,0,0
2117,0,-1,0,135232,491876,2,0,1733,1,0
2118,0,-1,0,141795,88946,3,1,12,2,0
2119,0,-1,0,105791,338476,2,1,975,1,0
2120,0,-1,0,12216,335623,2,1,1905,0,0
2121,0,-1,0,184969,77681,4,1,929,0,0
2122,0,-1,0,49657,100456,0,1,190,0,0
2123,0,-1,0,88063,210979,1,0,1725,1,0
2124,0,-1,0,135367,301841,4,1,99,0,0
2125,0,-1,0,65375,374887,2,0,1170,0,0
2126,0,-1,0,198299,443920,1,0,231,2,0
2127,0,-1,0,190094,16115,3,1,1146,1,0
2128,0,-1,0,29204,469033,1,1,1343,0,0
2129,0,-1,0,183308,486536,2,1,1229,3,0
2130,0,-1,0,100496,287899,0,1,440,1,0
2131,0,-1,0,63825,460887,3,1,427,2,0
2132,0,-1,0,142998,213145,2,1,21,0,0
2133,0,-1,0,106690,438837,4,0,753,0,0
2134,0,-1,0,150110,383795,4,0,1994,0,0
2135,0,-1,0,192978,172567,1,1,1997,0,0
2136,0,-1,0,106219,346424,2,0,400,0,0
2137,0,-1,0,199357,397970,2,0,1916,0,0
2138,0,-1,0,46133,106871,1,0,15,2,0
2139,0,-1,0,38745,80237,2,1,478,0,0
2140,0,-1,0,177960,406352,4,0,5,0,0
2141,0,-1,0,92086,100970,0,1,622,0,0
2142,0,-1,0,196639,29341,1,0,1716,0,0
2143,0,-1,0,88540,451529,0,0,1376,0,0
2144,0,-1,0,199297,283725,0,1,1110,0,0
2145,0,-1,0,143412,42819,1,1,1228,0,0
2146,0,-1,0,195303,131473,3,0,1950,0,0
2147,0,-1,0,26653,171942,1,1,377,0,0
2148,0,-1,0,21156,320689,0,1,1850,2,0
2149,0,-1,0,128899,482014,3,1,1784,1,0
2150,0,-1,0,63929,208407,0,1,1027,2,0
2151,0,-1,0,186924,108454,0,0,1452,0,0
2152,0,-1,0,193559,110092,1,1,8,2,0
2153,0,-1,0,46500,401035,1,0,1721,1,0
2154,0,-1,0,15167,499916,1,1,1368,0,0
2155,0,-1,0,62658,125341,2,1,673,1,0
2156,0,-1,0,95498,497293,3,0,337,2,0
2157,0,-1,0,1979,486051,1,0,590,3,0
2158,0,-1,0,156707,134475,0,1,1467,1,0
2159,0,-1,0,107865,243254,1,0,1799,1,0
2160,0,-1,0,80660,57837,0,1,1639,2,0
2161,0,-1,0,154022,197105,1,1,751,1,0
2162,0,-1,0,166319,423687,4,0,839,1,0
2163,0,-1,0,152867,440680,2,1,546,0,0
2164,0,-1,0,121985,224096,1,1,999,0,0
2165,0,-1,0,82865,194051,2,0,1296,3,0
2166,0,-1,0,67998,361644,4,0,1174,0,0
2167,0,-1,0,132063,336896,0,1,339,0,0
2168,0,-1,0,189443,470576,1,1,134,2,0
2169,0,-1,0,88632,310579,4,0,1614,0,0
2170,0,-1,0,184100,442903,4,0,404,1,0
2171,0,-1,0,158545,196277,0,1,96,0,0
2172,0,-1,0,133773,6364,1,0,21,0,0
2173,0,-1,0,108368,313064,3,1,1923,0,0
2174,0,-1,0,41430,257206,0,1,1620,1,0
2175,0,-1,0,116077,83589,0,1,1365,0,0
2176,0,-1,0,56602,394144,4,0,1,0,0
2177,0,-1,0,38866,382478,1,1,1682,0,0
2178,0,-1,0,4778,496374,2,1,1612,0,0
2179,0,-1,0,9500,199099,2,0,1438,1,0
2180,0,-1,0,4126,477824,2,0,227,1,0
2181,0,-1,0,34065,209707,0,0,1873,0,0
2182,0,-1,0,67906,449618,0,0,1219,0,0
2183,0,-1,0,144869,448772,1,1,1755,0,0
2184,0,-1,0,180794,278520,3,0,21,1,0
2185,0,-1,0,47054,9168,4,1,67,1,0
2186,0,-1,0,130616,329670,0,1,445,0,0
2187,0,-1,0,123424,437071,4,1,869,1,0
2188,0,-1,0,16150,290109,4,1,258,0,0
2189,0,-1,0,3046,303232,0,1,1344,0,0
2190,0,-1,0,107147,208488,0,1,1108,3,0
2191,0,-1,0,196807,441488,3,1,1093,1,0
2192,0,-1,0,6902,96381,4,0,18,3,0
2193,0,-1,0,116043,349997,0,0,75,0,0
2194,0,-1,0,117343,471662,1,1,1719,0,0
2195,0,-1,0,101836,159017,4,0,698,0,0
2196,0,-1,0,151514,499019,4,1,1575,0,0
2197,0,-1,0,29587,437951,4,1,1451,2,0
2198,0,-1,0,54683,248228,1,1,1286,0,0
2199,0,-1,0,27931,197590,4,1,1621,0,0
2200,0,-1,0,172476,404190,1,1,1929,0,0
2201,0,-1,0,165502,301168,2,0,26,0,0
2202,0,-1,0,137766,172428,4,1,2,0,0
2203,0,-1,0,187176,330350,4,1,808,0,0
2204,0,-1,0,2192,199898,1,1,20,0,0
2205,0,-1,0,18462,482729,3,0,627,0,0
2206,0,-1,0,82490,90902,3,0,567,0,0
2207,0,-1,0,101888,138378,4,1,1357,1,0
2208,0,-1,0,154092,386372,1,1,11,0,0
2209,0,-1,0,50608,426007,0,1,949,2,0
2210,0,-1,0,101383,251528,4,0,1152,1,0
2211,0,-1,0,37261,14118,2,0,263,0,0
2212,0,-1,0,51503,196854,0,0,1325,0,0
2213,0,-1,0,13148,99804,1,0,684,0,0
2214,0,-1,0,168357,47646,3,1,23,0,0
2215,0,-1,0,165801,402948,2,1,19,0,0
2216,0,-1,0,80179,112724,0,0,1203,0,0
2217,0,-1,0,40212,140572,1,1,1489,0,0
2218,0,-1,0,41483,95079,1,0,140,2,0
2219,0,-1,0,63519,293807,0,1,1358,2,0
2220,0,-1,0,6562,494619,4,0,1206,0,0
2221,0,-1,0,37765,492424,4,1,534,1,0
2222,0,-1,0,17734,99490,3,0,376,0,0
2223,0,-1,0,30109,177103,3,1,130,0,0
2224,0,-1,0,83467,398463,1,0,1953,2,0
2225,0,-1,0,24553,114993,2,1,811,2,0
2226,0,-1,0,55936,55022,2,0,1370,0,0
2227,0,-1,0,40666,278666,4,0,157,0,0
2228,0,-1,0,13971,122858,2,1,1110,2,0
2229,0,-1,0,127668,228241,3,1,1237,0,0
2230,0,-1,0,38103,471875,0,1,939,0,0
2231,0,-1,0,43882,368708,0,0,546,0,0
2232,0,-1,0,174712,60286,3,0,1116,0,0
2233,0,-1,0,114004,376828,0,0,127,0,0
2234,0,-1,0,168168,239399,2,1,340,0,0
2235,0,-1,0,179982,268503,2,1,290,2,0
2236,0,-1,0,2049,22081,0,1,1580,0,0
2237,0,-1,0,194511,427403,4,1,1037,1,0
2238,0,-1,0,118248,296184,3,0,1738,0,0
2239,0,-1,0,18074,146326,2,0,1173,0,0
2240,0,-1,0,125300,131950,4,1,1464,1,0
2241,0,-1,0,178612,453507,1,1,790,0,0
2242,0,-1,0,136311,34690,0,1,1150,0,0
2243,0,-1,0,56661,49809,2,1,887,0,0
2244,0,-1,0,104408,457732,4,1,881,1,0
2245,0,-1,0,77169,342479,1,1,1553,1,0
2246,0,-1,0,66065,43126,1,1,1466,0,0
2247,0,-1,0,168331,335574,0,0,21,0,0
2248,0,-1,0,128113,269575,0,1,948,1,0
2249,0,-1,0,32761,280157,1,0,921,0,0
2250,0,-1,0,149203,121533,2,0,1993,2,0
2251,0,-1,0,100352,335798,0,0,29,0,0
2252,0,-1,0,21520,477337,0,1,1549,1,0
2253,0,-1,0,129912,378052,0,0,865,0,0
2254,0,-1,0,199824,67833,4,1,1023,0,0
2255,0,-1,0,175899,271410,0,1,22,2,0
2256,0,-1,0,43113,341734,3,0,504,1,0
2257,0,-1,0,23,6905,4,1,1444,3,0
2258,0,-1,0,6968,183837,3,1,476,0,0
2259,0,-1,0,154835,324747,4,0,1769,0,0
2260,0,-1,0,146965,196921,4,1,327,3,0
2261,0,-1,0,151636,215905,4,1,1078,0,0
2262,0,-1,0,193642,214798,4,1,1426,0,0
2263,0,-1,0,55605,373399,1,0,1316,3,0
2264,0,-1,0,43718,246011,0,0,1489,0,0
2265,0,-1,0,78204,333417,1,1,256,0,0
2266,0,-1,0,19602,401592,0,1,233,2,0
2267,0,-1,0,72007,263977,1,1,119,0,0
2268,0,-1,0,85502,37862,2,0,54,1,0
2269,0,-1,0,99792,254748,4,0,256,0,0
2270,0,-1,0,188575,455245,1,0,550,1,0
2271,0,-1,0,54603,277422,3,0,1390,2,0
2272,0,-1,0,121742,245121,3,0,1890,3,0
2273,0,-1,0,66437,163800,0,0,303,0,0
2274,0,-1,0,20523,35965,3,0,21,0,0
2275,0,-1,0,191732,453483,3,1,8,2,0
2276,0,-1,0,108282,9276,3,0,943,0,0
2277,0,-1,0,48220,455892,1,0,629,0,0
2278,0,-1,0,16960,234461,4,1,735,1,0
2279,0,-1,0,29717,120385,2,1,1391,0,0
2280,0,-1,0,23202,237170,4,1,27,1,0
2281,0,-1,0,169336,201027,4,1,606,1,0
2282,0,-1,0,3452,6068,3,1,902,0,0
2283,0,-1,0,109733,297466,0,1,62,1,0
2284,0,-1,0,95562,87500,0,0,4,0,0
2285,0,-1,0,52410,317570,3,1,1979,1,0
2286,0,-1,0,90036,430255,4,0,420,0,0
2287,0,-1,0,169694,277803,4,0,1841,1,0
2288,0,-1,0,76917,96173,3,1,680,0,0
2289,0,-1,0,163661,102357,3,1,1393,0,0
2290,0,-1,0,64890,174074,3,1,109,2,0
2291,0,-1,0,199871,178575,3,1,1610,2,0
2292,0,-1,0,107526,488118,1,1,1792,0,0
2293,0,-1,0,3263,426490,1,1,80,2,0
2294,0,-1,0,170282,51273,4,0,577,0,0
2295,0,-1,0,28172,146925,2,1,1242,1,0
2296,0,-1,0,106087,78550,4,0,413,2,0
2297,0,-1,0,29219,97284,3,1,1096,1,0
2298,0,-1,0,183880,380675,4,1,1984,0,0
2299,0,-1,0,90921,258480,2,0,1365,1,0
2300,0,-1,0,80153,99716,3,0,28,1,0
2301,0,-1,0,109868,158684,0,1,991,0,0
2302,0,-1,0,165139,423988,4,0,617,0,0
2303,0,-1,0,130418,86551,4,0,806,0,0
2304,0,-1,0,40585,366620,4,0,1431,1,0
2305,0,-1,0,138855,134149,1,0,1790,0,0
2306,0,-1,0,3538,212180,1,0,641,0,0
2307,0,-1,0,190967,497671,0,1,823,2,0
2308,0,-1,0,22448,172584,4,0,654,0,0
2309,0,-1,0,137152,234586,0,1,115,1,0
2310,0,-1,0,179581,398814,0,0,305,1,0
2311,0,-1,0,51742,264253,2,1,767,1,0
2312,0,-1,0,116034,460225,3,1,1924,2,0
2313,0,-1,0,117712,464250,0,0,1834,1,0
2314,0,-1,0,156462,21079,2,1,1247,0,0
2315,0,-1,0,109793,350986,4,0,1586,1,0
2316,0,-1,0,142548,150543,0,0,169,1,0
2317,0,-1,0,17650,411418,0,0,1067,1,0
2318,0,-1,0,63830,6997,4,1,343,1,0
2319,0,-1,0,86198,104054,0,1,397,1,0
2320,0,-1,0,28853,88185,2,1,1306,0,0
2321,0,-1,0,173114,73128,4,1,1288,0,0
2322,0,-1,0,164528,202852,2,0,1569,1,0
2323,0,-1,0,95728,305220,0,0,17,1,0
2324,0,-1,0,41660,293353,4,1,1236,0,0
2325,0,-1,0,82031,56873,2,1,72,0,0
2326,0,-1,0,48835,342312,3,0,1161,0,0
2327,0,-1,0,175888,178170,4,1,679,3,0
2328,0,-1,0,78423,251474,1,0,551,0,0
2329,0,-1,0,131269,437118,1,1,26,2,0
2330,0,-1,0,128865,286055,1,1,438,3,0
2331,0,-1,0,176231,120640,1,1,60,1,0
2332,0,-1,0,30318,143999,4,0,152,0,0
2333,0,-1,0,19253,341710,0,1,94,0,0
2334,0,-1,0,169501,47151,4,1,1758,2,0
2335,0,-1,0,98829,410474,2,1,16,0,0
2336,0,-1,0,164437,244596,0,0,886,3,0
2337,0,-1,0,166238,250928,4,1,4,1,0
2338,0,-1,0,40653,246351,1,1,1226,1,0
2339,0,-1,0,108753,386239,3,0,819,2,0
2340,0,-1,0,131422,404399,2,0,1579,0,0
2341,0,-1,0,74090,164685,2,1,1469,0,0
2342,0,-1,0,124570,381817,3,0,3,0,0
2343,0,-1,0,105637,318202,4,1,1239,3,0
2344,0,-1,0,15716,340994,4,0,1919,0,0
2345,0,-1,0,132526,222625,3,1,1129,1,0
2346,0,-1,0,150849,115343,1,0,642,1,0
2347,0,-1,0,65528,72393,3,0,374,0,0
2348,0,-1,0,50612,10526,0,1,1735,0,0
2349,0,-1,0,72306,262746,0,1,1410,0,0
2350,0,-1,0,162148,313831,3,0,1492,0,0
2351,0,-1,0,38052,82343,0,0,1343,0,0
2352,0,-1,0,183133,156533,0,0,1080,1,0
2353,0,-1,0,34574,80654,0,1,1192,0,0
2354,0,-1,0,21921,341640,3,0,436,0,0
2355,0,-1,0,93773,211584,1,0,20,0,0
2356,0,-1,0,95850,357988,4,0,1154,0,0
2357,0,-1,0,14152,101164,1,0,954,1,0
2358,0,-1,0,49491,40609,1,1,738,1,0
2359,0,-1,0,180340,337116,2,0,1538,0,0
2360,0,-1,0,190367,205851,1,1,26,1,0
2361,0,-1,0,177097,204809,0,1,560,0,0
2362,0,-1,0,198032,248815,1,1,941,0,0
2363,0,-1,0,143613,362704,1,0,188,0,0
2364,0,-1,0,118932,328377,2,1,627,0,0
2365,0,-1,0,159103,239057,0,1,838,0,0
2366,0,-1,0,46786,93089,4,1,20,0,0
2367,0,-1,0,21603,451048,0,1,121,2,0
2368,0,-1,0,5101,388268,3,1,482,0,0
2369,0,-1,0,13870,387451,4,0,1095,0,0
2370,0,-1,0,56160,214874,2,0,1757,3,0
2371,0,-1,0,94140,467276,1,1,566,1,0
2372,0,-1,0,35380,77775,2,0,554,0,0
2373,0,-1,0,135548,284827,2,1,738,1,0
2374,0,-1,0,45363,248924,0,0,1808,0,0
2375,0,-1,0,46640,341166,4,1,1458,0,0
2376,0,-1,0,158893,179180,3,1,147,0,0
2377,0,-1,0,96990,427801,3,1,1177,1,0
2378,0,-1,0,30685,398335,1,0,547,1,0
2379,0,-1,0,81726,152980,1,1,978,1,0
2380,0,-1,0,68202,158510,2,0,840,1,0
2381,0,-1,0,83994,365805,4,0,503,0,0
2382,0,-1,0,179057,167590,1,0,759,0,0
2383,0,-1,0,64093,129807,4,1,1814,0,0
2384,0,-1,0,192268,70150,4,1,1593,1,0
2385,0,-1,0,162801,30319,1,0,1076,1,0
2386,0,-1,0,45039,53067,0,1,14,2,0
2387,0,-1,0,163426,47246,4,0,29,1,0
2388,0,-1,0,24299,85025,2,1,23,1,0
2389,0,-1,0,135869,481648,2,0,1620,0,0
2390,0,-1,0,116720,249491,3,1,1581,3,0
2391,0,-1,0,167228,166442,2,1,423,1,0
2392,0,-1,0,33115,95685,3,0,114,1,0
2393,0,-1,0,171913,132602,2,1,22,1,0
2394,0,-1,0,92336,31125,1,0,15,1,0
2395,0,-1,0,36922,231313,3,1,1749,0,0
2396,0,-1,0,53659,240306,3,1,1993,1,0
2397,0,-1,0,87480,414991,3,1,47,3,0
2398,0,-1,0,11622,328989,1,0,1378,0,0
2399,0,-1,0,37452,113677,3,0,1150,2,0
2400,0,-1,0,47505,168994,1,0,1545,0,0
2401,0,-1,0,23031,365160,0,0,697,0,0
2402,0,-1,0,34564,261314,2,0,424,0,0
2403,0,-1,0,87028,22855,3,0,67,2,0
2404,0,-1,0,183577,395211,2,1,26,0,0
2405,0,-1,0,65161,183796,0,0,719,2,0
2406,0,-1,0,116850,116723,2,1,1982,0,0
2407,0,-1,0,74856,144315,0,0,79,3,0
2408,0,-1,0,186137,34247,1,0,982,0,0
2409,0,-1,0,27004,99839,2,0,1943,0,0
2410,0,-1,0,154284,71239,3,1,1203,1,0
2411,0,-1,0,84935,35382,4,1,996,1,0
2412,0,-1,0,101587,196320,2,1,441,2,0
2413,0,-1,0,44034,129839,2,0,1381,2,0
2414,0,-1,0,12243,277388,0,0,18,1,0
2415,0,-1,0,145794,361989,0,0,269,0,0
2416,0,-1,0,121011,468206,4,0,1283,0,0
2417,0,-1,0,96988,258308,0,0,823,0,0
2418,0,-1,0,74642,323197,4,0,1147,1,0
2419,0,-1,0,34493,378510,1,0,10,0,0
2420,0,-1,0,105249,80222,0,0,1357,1,0
2421,0,-1,0,171250,307087,3,1,29,1,0
2422,0,-1,0,40997,182463,2,0,5,0,0
2423,0,-1,0,42384,419897,4,0,8,1,0
2424,0,-1,0,40101,263596,3,1,1352,2,0
2425,0,-1,0,61523,235285,1,1,21,0,0
2426,0,-1,0,141013,213361,2,0,10,2,0
2427,0,-1,0,66402,320463,0,1,936,0,0
2428,0,-1,0,11206,199913,2,0,861,1,0
2429,0,-1,0,151252,124420,0,0,514,0,0
2430,0,-1,0,193110,267800,3,1,958,0,0
2431,0,-1,0,166416,430240,3,0,1675,2,0
2432,0,-1,0,20357,363725,3,1,1750,2,0
2433,0,-1,0,197349,16622,4,0,1506,2,0
2434,0,-1,0,60043,340321,0,1,884,0,0
2435,0,-1,0,8291,135858,1,1,33,0,0
2436,0,-1,0,129992,209412,4,0,1501,0,0
2437,0,-1,0,38166,184478,3,0,1871,0,0
2438,0,-1,0,188380,12709,3,1,27,1,0
2439,0,-1,0,197158,400994,2,1,1203,1,0
2440,0,-1,0,17108,143131,3,0,8,3,0
2441,0,-1,0,59536,106863,2,0,1298,0,0
2442,0,-1,0,101816,484889,0,0,974,2,0
2443,0,-1,0,149041,12912,2,1,1339,1,0
2444,0,-1,0,176265,48751,0,0,207,2,0
2445,0,-1,0,139043,371973,3,1,1211,2,0
2446,0,-1,0,114032,134857,3,1,1218,1,0
2447,0,-1,0,17735,116186,4,0,680,0,0
2448,0,-1,0,91005,493437,1,0,1166,0,0
2449,0,-1,0,140992,238511,0,0,1874,0,0
2450,0,-1,0,96128,266361,0,1,5,3,0
2451,0,-1,0,12872,402411,3,0,213,0,0
2452,0,-1,0,161913,275065,2,0,652,1,0
2453,0,-1,0,13032,15414,4,1,1348,0,0
2454,0,-1,0,168596,163841,2,0,477,0,0
2455,0,-1,0,50235,195316,1,0,1519,0,0
2456,0,-1,0,66629,185955,2,0,1359,0,0
2457,0,-1,0,196889,344730,3,0,234,0,0
2458,0,-1,0,159561,451138,3,0,1567,0,0
2459,0,-1,0,101550,421453,4,0,1161,0,0
2460,0,-1,0,160849,60758,2,1,1826,2,0
2461,0,-1,0,192763,165570,0,1,1072,1,0
2462,0,-1,0,19054,269506,1,1,422,0,0
2463,0,-1,0,174501,282339,1,0,1002,1,0
2464,0,-1,0,169226,116697,3,0,1570,0,0
2465,0,-1,0,37658,139659,3,0,302,1,0
2466,0,-1,0,126900,113687,3,0,36,2,0
2467,0,-1,0,193692,20179,2,0,1937,0,0
2468,0,-1,0,113295,220268,1,1,1584,1,0
2469,0,-1,0,156022,425945,1,0,14,0,0
2470,0,-1,0,184534,11926,4,0,1402,0,0
2471,0,-1,0,88181,267639,2,1,937,0,0
2472,0,-1,0,11148,218328,1,0,1133,2,0
2473,0,-1,0,106154,468000,3,0,13,0,0
2474,0,-1,0,80428,27466,3,0,734,0,0
2475,0,-1,0,900,423649,2,1,581,0,0
2476,0,-1,0,165722,351207,4,1,1482,0,0
2477,0,-1,0,9514,493136,2,1,1280,0,0
2478,0,-1,0,58912,76798,2,0,472,1,0
2479,0,-1,0,130199,23928,1,1,6,1,0
2480,0,-1,0,40844,7296,3,0,929,1,0
2481,0,-1,0,146084,405858,2,0,1941,0,0
2482,0,-1,0,9384,145583,4,0,997,0,0
2483,0,-1,0,146877,33207,3,0,386,0,0
2484,0,-1,0,21755,371659,4,0,1394,0,0
2485,0,-1,0,115403,79301,3,1,602,1,0
2486,0,-1,0,199336,138481,2,1,1071,1,0
2487,0,-1,0,119891,135242,2,1,1503,3,0
2488,0,-1,0,138371,373418,0,0,728,1,0
2489,0,-1,0,1400,186817,1,1,821,0,0
2490,0,-1,0,150740,327530,3,1,91,0,0
2491,0,-1,0,142502,112328,3,1,953,0,0
2492,0,-1,0,78202,160963,2,1,1917,3,0
2493,0,-1,0,4535,87732,1,0,1229,0,0
2494,0,-1,0,53356,351225,1,1,1654,0,0
2495,0,-1,0,55613,485011,2,1,753,2,0
2496,0,-1,0,108376,104315,4,0,10,0,0
2497,0,-1,0,62898,483103,0,1,1733,1,0
2498,0,-1,0,28041,87185,1,1,1511,3,0
2499,0,-1,0,169599,253963,0,0,1165,2,0
2500,0,-1,0,23348,487624,4,1,1751,0,0
2501,0,-1,0,46298,131725,2,0,1082,0,0
2502,0,-1,0,136896,269090,3,1,1349,1,0
2503,0,-1,0,54972,376408,3,0,1289,0,0
2504,0,-1,0,56020,233639,3,1,6,1,0
2505,0,-1,0,4092,427749,4,1,1915,2,0
2506,0,-1,0,73632,92219,3,1,697,0,0
2507,0,-1,0,17718,393462,3,0,1424,0,0
2508,0,-1,0,186687,480033,2,0,1806,3,0
2509,0,-1,0,107487,297021,4,0,534,0,0
2510,0,-1,0,185770,304487,3,0,931,0,0
2511,0,-1,0,190422,409666,1,1,1745,0,0
2512,0,-1,0,159831,177175,1,1,1629,3,0
2513,0,-1,0,11505,284814,1,0,174,0,0
2514,0,-1,0,136954,396961,4,0,1745,1,0
2515,0,-1,0,144595,44893,1,0,29,0,0
2516,0,-1,0,78452,402692,0,0,1688,0,0
2517,0,-1,0,183628,220951,4,0,1696,0,0
2518,0,-1,0,91191,439783,4,1,1150,0,0
2519,0,-1,0,109841,466900,4,1,810,0,0
2520,0,-1,0,184870,238102,4,0,1599,0,0
2521,0,-1,0,55144,8041,4,1,275,1,0
2522,0,-1,0,176657,261888,0,0,25,0,0
2523,0,-1,0,107489,478306,3,0,253,3,0
2524,0,-1,0,136547,41484,3,1,218,0,0
2525,0,-1,0,10430,338395,1,1,24,3,0
2526,0,-1,0,2003,409713,4,1,1125,3,0
2527,0,-1,0,41867,9043,2,1,1628,0,0
2528,0,-1,0,39792,278146,0,1,922,0,0
2529,0,-1,0,78059,277446,2,1,84,0,0
2530,0,-1,0,101397,350156,4,0,505,0,0
2531,0,-1,0,179698,179215,2,0,783,0,0
2532,0,-1,0,182213,385270,2,0,707,0,0
2533,0,-1,0,53287,443471,3,0,1887,1,0
2534,0,-1,0,43509,379819,1,1,1758,0,0
2535,0,-1,0,180831,84450,4,1,8,0,0
2536,0,-1,0,3036,300536,0,1,869,0,0
2537,0,-1,0,149662,119912,2,1,1658,0,0
2538,0,-1,0,155341,141259,4,0,508,0,0
2539,0,-1,0,21765,423602,1,0,512,1,0
2540,0,-1,0,147773,278620,3,1,7,1,0
2541,0,-1,0,56072,335759,3,1,1485,1,0
2542,0,-1,0,130967,55751,3,0,99,0,0
2543,0,-1,0,52300,245446,1,0,1792,0,0
2544,0,-1,0,47807,366267,4,0,968,0,0
2545,0,-1,0,182853,487500,4,0,1016,1,0
2546,0,-1,0,39091,70108,3,1,790,0,0
2547,0,-1,0,192070,429921,2,1,1894,1,0
2548,0,-1,0,77732,280002,0,1,634,0,0
2549,0,-1,0,181517,370660,0,1,1889,0,0
2550,0,-1,0,53215,418230,0,0,521,1,0
2551,0,-1,0,109422,434903,2,1,1550,0,0
2552,0,-1,0,148366,237656,0,1,10,1,0
2553,0,-1,0,84037,324149,2,1,8,3,0
2554,0,-1,0,32626,453542,4,0,927,0,0
2555,0,-1,0,196262,135334,1,1,617,1,0
2556,0,-1,0,155486,291585,4,1,1768,2,0
2557,0,-1,0,60135,493043,4,0,470,0,0
2558,0,-1,0,2268,393339,3,0,958,0,0
2559,0,-1,0,103132,228164,0,1,666,3,0
2560,0,-1,0,37276,427027,3,0,889,0,0
2561,0,-1,0,21638,271575,3,0,1817,0,0
2562,0,-1,0,198416,430261,3,1,754,0,0
2563,0,-1,0,100525,472480,2,1,283,0,0
2564,0,-1,0,94541,498222,4,0,1614,0,0
2565,0,-1,0,14422,260773,0,1,1,1,0
2566,0,-1,0,61577,260547,3,1,1555,0,0
2567,0,-1,0,66155,403413,3,0,27,1,0
2568,0,-1,0,134593,295089,2,0,1772,1,0
2569,0,-1,0,161652,378805,4,1,1589,0,0
2570,0,-1,0,73863,183447,2,0,1963,0,0
2571,0,-1,0,153215,282386,0,1,1484,1,0
2572,0,-1,0,97383,109153,0,1,1397,2,0
2573,0,-1,0,162903,138247,0,0,1386,1,0
2574,0,-1,0,193079,69808,1,1,23,0,0
2575,0,-1,0,36040,327074,3,1,734,0,0
2576,0,-1,0,132124,56088,3,1,1246,0,0
2577,0,-1,0,27420,179629,3,1,795,1,0
2578,0,-1,0,47002,282361,3,0,876,0,0
2579,0,-1,0,119830,256515,4,0,1722,1,0
2580,0,-1,0,114920,440960,0,1,9,0,0
2581,0,-1,0,17256,177284,4,0,379,1,0
2582,0,-1,0,90333,379078,2,0,515,0,0
2583,0,-1,0,69598,53345,1,1,482,0,0
2584,0,-1,0,142638,19495,4,0,682,0,0
2585,0,-1,0,107012,385803,3,1,1640,0,0
2586,0,-1,0,192515,496816,0,1,1689,0,0
2587,0,-1,0,127829,131369,4,0,1918,2,0
2588,0,-1,0,96475,68524,4,0,425,0,0
2589,0,-1,0,170856,349540,3,0,100,1,0
2590,0,-1,0,104688,167580,0,1,1991,0,0
2591,0,-1,0,101910,457454,0,0,683,2,0
2592,0,-1,0,39420,314272,4,1,1285,0,0
2593,0,-1,0,131707,30830,0,0,1285,0,0
2594,0,-1,0,186558,489960,2,1,13,3,0
2595,0,-1,0,74147,178656,2,1,739,0,0
2596,0,-1,0,124846,362191,3,1,28,2,0
2597,0,-1,0,86310,61685,4,0,1931,2,0
2598,0,-1,0,100296,437053,1,0,1679,0,0
2599,0,-1,0,46975,206765,0,0,418,2,0
2600,0,-1,0,144108,476104,3,0,575,3,0
2601,0,-1,0,143034,194985,3,1,1221,0,0
2602,0,-1,0,148629,32877,3,0,1386,1,0
2603,0,-1,0,135963,157328,4,1,1466,2,0
2604,0,-1,0,53240,7855,4,0,308,0,0
2605,0,-1,0,177094,327010,1,1,943,2,0
2606,0,-1,0,84113,106234,3,1,1281,0,0
2607,0,-1,0,180284,451309,1,0,608,2,0
2608,0,-1,0,62279,377626,4,0,681,0,0
2609,0,-1,0,123950,393643,1,0,1650,1,0
2610,0,-1,0,141570,423995,2,1,1313,0,0
2611,0,-1,0,97535,209119,1,0,21,2,0
2612,0,-1,0,133909,494046,4,1,817,2,0
2613,0,-1,0,70311,50423,3,0,1251,1,0
2614,0,-1,0,152442,198468,1,0,24,2,0
2615,0,-1,0,73241,116974,0,1,160,0,0
2616,0,-1,0,124254,390336,0,0,628,0,0
2617,0,-1,0,34449,450491,4,1,1594,1,0
2618,0,-1,0,28001,23928,3,0,1657,0,0
2619,0,-1,0,155743,306728,4,0,720,0,0
2620,0,-1,0,30579,331189,3,0,1002,1,0
2621,0,-1,0,146976,389984,0,0,1285,0,0
2622,0,-1,0,89246,426441,3,1,1284,0,0
2623,0,-1,0,89776,194888,1,1,392,0,0
2624,0,-1,0,45303,293338,1,0,872,0,0
2625,0,-1,0,156663,392910,4,1,1909,0,0
2626,0,-1,0,104072,30171,4,1,116,0,0
2627,0,-1,0,80698,351139,4,0,1318,2,0
2628,0,-1,0,61048,185004,1,1,1753,0,0
2629,0,-1,0,180497,338097,1,1,534,1,0
2630,0,-1,0,72221,243124,2,1,10,0,0
2631,0,-1,0,156852,68503,1,0,256,1,0
2632,0,-1,0,33816,436636,1,0,10,2,0
2633,0,-1,0,24016,299067,4,1,1564,1,0
2634,0,-1,0,164444,384785,4,1,1210,0,0
2635,0,-1,0,87314,212109,3,0,11,0,0
2636,0,-1,0,163200,472381,3,0,1331,1,0
2637,0,-1,0,151290,489113,3,1,1675,3,0
2638,0,-1,0,1976,132943,3,1,1594,1,0
2639,0,-1,0,74474,350568,4,1,1122,0,0
2640,0,-1,0,61604,170561,0,1,21,2,0
2641,0,-1,0,44496,316804,1,0,108,2,0
2642,0,-1,0,83877,264509,4,1,1494,0,0
2643,0,-1,0,3133,47152,1,1,1354,2,0
2644,0,-1,0,74555,130589,2,0,1721,0,0
2645,0,-1,0,32457,201351,3,0,949,2,0
2646,0,-1,0,143274,446555,4,0,27,1,0
2647,0,-1,0,80351,471085,0,0,1139,0,0
2648,0,-1,0,153163,323158,4,1,1140,0,0
2649,0,-1,0,164426,402856,0,0,1819,1,0
2650,0,-1,0,72501,248943,3,1,1954,0,0
2651,0,-1,0,22545,236414,0,0,1748,3,0
2652,0,-1,0,149598,263446,2,1,1054,1,0
2653,0,-1,0,172613,29162,1,1,680,2,0
2654,0,-1,0,152051,357422,3,0,414,0,0
2655,0,-1,0,102502,13172,0,0,232,0,0
2656,0,-1,0,135257,203710,1,1,892,0,0
2657,0,-1,0,186943,289323,2,0,1559,2,0
2658,0,-1,0,175753,93218,0,0,799,1,0
2659,0,-1,0,7004,377267,1,1,1346,0,0
2660,0,-1,0,187235,194882,3,1,1102,1,0
2661,0,-1,0,181338,372482,2,0,310,0,0
2662,0,-1,0,166578,70804,4,0,1071,2,0
2663,0,-1,0,83337,14061,3,1,1763,0,0
2664,0,-1,0,49082,336038,3,1,1998,1,0
2665,0,-1,0,142073,95756,1,0,398,1,0
2666,0,-1,0,98428,108003,4,1,342,0,0
2667,0,-1,0,74099,100219,0,0,446,1,0
2668,0,-1,0,27104,151862,2,1,95,2,0
2669,0,-1,0,17326,59335,1,1,897,3,0
2670,0,-1,0,12489,497934,1,1,887,0,0
2671,0,-1,0,87071,457506,0,1,421,2,0
2672,0,-1,0,49835,404170,4,0,20,0,0
2673,0,-1,0,106088,143588,3,1,643,0,0
2674,0,-1,0,18440,131180,2,1,684,0,0
2675,0,-1,0,77157,283960,2,0,476,0,0
2676,0,-1,0,38629,369758,2,0,587,0,0
2677,0,-1,0,14749,334919,3,0,1461,0,0
2678,0,-1,0,188989,14968,2,1,1108,0,0
2679,0,-1,0,33614,83348,4,0,1226,0,0
2680,0,-1,0,161930,99583,2,0,1628,1,0
2681,0,-1,0,113428,70841,2,1,537,0,0
2682,0,-1,0,66068,431867,4,1,1316,2,0
2683,0,-1,0,197891,221874,2,1,1089,2,0
2684,0,-1,0,45712,467503,0,0,9,1,0
2685,0,-1,0,179395,109480,0,0,18,0,0
2686,0,-1,0,195449,495504,2,1,653,1,0
2687,0,-1,0,73634,179044,4,1,1328,3,0
2688,0,-1,0,105790,409456,4,1,320,0,0
2689,0,-1,0,122999,421367,4,0,1963,0,0
2690,0,-1,0,45653,425187,2,1,1058,3,0
2691,0,-1,0,174175,171470,0,0,330,2,0
2692,0,-1,0,125588,454761,2,1,1773,0,0
2693,0,-1,0,141225,123649,2,0,1674,0,0
2694,0,-1,0,187166,66342,0,0,21,1,0
2695,0,-1,0,94778,480365,0,0,1978,0,0
2696,0,-1,0,8694,166972,4,0,508,1,0
2697,0,-1,0,68545,258062,1,0,1,1,0
2698,0,-1,0,186458,478213,4,1,159,2,0
2699,0,-1,0,10411,242113,0,0,1759,2,0
2700,0,-1,0,28398,135728,2,0,1373,0,0
2701,0,-1,0,144197,396011,0,1,6,1,0
2702,0,-1,0,33187,262307,0,1,773,0,0
2703,0,-1,0,163037,481153,3,0,632,0,0
2704,0,-1,0,23958,275672,0,0,1816,0,0
2705,0,-1,0,28085,340743,3,0,6,0,0
2706,0,-1,0,4299,222373,4,1,213,1,0
2707,0,-1,0,199589,216890,2,1,177,0,0
2708,0,-1,0,163752,432794,3,0,372,0,0
2709,0,-1,0,171760,256302,1,0,847,0,0
2710,0,-1,0,8137,47480,2,1,308,0,0
2711,0,-1,0,46786,164732,1,0,9,0,0
2712,0,-1,0,98346,221567,2,1,344,0,0
2713,0,-1,0,169892,307612,0,1,1775,0,0
2714,0,-1,0,141907,36208,1,1,286,1,0
2715,0,-1,0,69452,22918,2,1,2,1,0
2716,0,-1,0,132390,42314,1,0,816,0,0
2717,0,-1,0,81538,150428,1,0,1014,0,0
2718,0,-1,0,49403,270207,2,1,1950,0,0
2719,0,-1,0,9121,489335,4,0,479,2,0
2720,0,-1,0,95040,229557,2,0,987,0,0
2721,0,-1,0,91004,416226,3,1,1577,1,0
2722,0,-1,0,69274,109301,1,1,139,0,0
2723,0,-1,0,169459,42873,0,0,1754,0,0
2724,0,-1,0,157818,466152,0,0,1572,1,0
2725,0,-1,0,69838,110375,3,0,25,3,0
2726,0,-1,0,1702,284186,1,1,1638,0,0
2727,0,-1,0,28147,491347,0,1,1705,2,0
2728,0,-1,0,91143,171509,2,1,321,0,0
2729,0,-1,0,172353,390149,4,1,30,0,0
2730,0,-1,0,161547,441581,1,0,8,2,0
2731,0,-1,0,29341,317798,1,1,707,1,0
2732,0,-1,0,17680,317210,2,0,58,0,0
2733,0,-1,0,39611,255877,0,1,1337,0,0
2734,0,-1,0,188434,302771,0,1,366,2,0
2735,0,-1,0,178456,354050,0,1,314,0,0
2736,0,-1,0,101262,194915,2,0,851,0,0
2737,0,-1,0,16258,139746,0,0,910,0,0
2738,0,-1,0,30095,261327,3,0,468,0,0
2739,0,-1,0,22362,470674,1,0,705,1,0
2740,0,-1,0,192086,40307,0,0,19,0,0
2741,0,-1,0,73941,118636,0,0,1842,2,0
2742,0,-1,0,104210,411023,0,1,595,2,0
2743,0,-1,0,194082,272435,3,0,8,0,0
2744,0,-1,0,146277,367709,2,0,94,1,0
2745,0,-1,0,179430,61022,2,0,1585,0,0
2746,0,-1,0,498,289903,1,0,1621,2,0
2747,0,-1,0,126234,262475,1,0,1395,0,0
2748,0,-1,0,44957,416711,3,0,1086,2,0
2749,0,-1,0,36797,131578,2,1,422,0,0
2750,0,-1,0,97222,372630,3,0,1355,0,0
2751,0,-1,0,157557,104472,2,0,15,1,0
2752,0,-1,0,145801,138162,0,1,1392,1,0
2753,0,-1,0,179372,74605,1,0,28,0,0
2754,0,-1,0,87164,181637,0,1,495,0,0
2755,0,-1,0,107397,177975,1,0,1187,3,0
2756,0,-1,0,43629,17741,4,0,16,0,0
2757,0,-1,0,52773,282693,4,1,271,2,0
2758,0,-1,0,40943,54372,3,0,26,0,0
2759,0,-1,0,111339,168575,0,0,1919,0,0
2760,0,-1,0,82757,28594,3,1,1390,0,0
2761,0,-1,0,111723,91973,0,0,1455,0,0
2762,0,-1,0,63474,413821,4,0,1557,2,0
2763,0,-1,0,52877,399709,1,0,11,0,0
2764,0,-1,0,135090,281580,0,1,611,0,0
2765,0,-1,0,34039,495812,0,1,126,0,0
2766,0,-1,0,177566,59969,0,1,541,0,0
2767,0,-1,0,130969,322268,4,0,1052,2,0
2768,0,-1,0,86914,181941,1,0,241,1,0
2769,0,-1,0,86394,230457,2,0,115,2,0
2770,0,-1,0,128145,188435,1,1,946,0,0
2771,0,-1,0,55457,275540,1,1,1877,3,0
2772,0,-1,0,188178,424462,2,0,1907,0,0
2773,0,-1,0,64934,224612,2,1,1504,1,0
2774,0,-1,0,141347,214120,3,0,432,0,0
2775,0,-1,0,18421,233721,0,1,548,0,0
2776,0,-1,0,144910,487140,1,0,21,0,0
2777,0,-1,0,693,412462,3,1,632,0,0
2778,0,-1,0,75467,369889,0,1,424,0,0
2779,0,-1,0,164592,380063,1,0,1311,2,0
2780,0,-1,0,30017,466469,0,1,348,0,0
2781,0,-1,0,117781,297454,0,1,1194,0,0
2782,0,-1,0,90452,26567,3,1,1473,1,0
2783,0,-1,0,184206,223455,4,1,541,0,0
2784,0,-1,0,25048,474757,4,1,29,3,0
2785,0,-1,0,102739,98535,4,0,510,1,0
2786,0,-1,0,58856,34040,2,1,704,0,0
2787,0,-1,0,96281,466563,1,1,157,0,0
2788,0,-1,0,174152,290534,1,1,1429,0,0
2789,0,-1,0,94714,170217,0,0,775,0,0
2790,0,-1,0,139326,262991,1,0,1334,0,0
2791,0,-1,0,169091,26196,3,0,27,0,0
2792,0,-1,0,106075,190448,4,0,799,1,0
2793,0,-1,0,132927,469406,3,0,1514,2,0
2794,0,-1,0,105720,340027,1,0,21,0,0
2795,0,-1,0,37445,166120,2,1,356,0,0
2796,0,-1,0,104304,86612,0,0,1387,0,0
2797,0,-1,0,178651,350793,3,1,94,2,0
2798,0,-1,0,167981,172364,0,0,532,0,0
2799,0,-1,0,157753,190617,4,1,550,0,0
2800,0,-1,0,61831,289344,4,1,1698,0,0
2801,0,-1,0,197022,108519,0,1,1,0,0
2802,0,-1,0,59914,119551,1,0,1048,2,0
2803,0,-1,0,41909,302405,1,0,1087,1,0
2804,0,-1,0,95940,154658,3,1,1731,0,0
2805,0,-1,0,23330,123095,0,1,1886,0,0
2806,0,-1,0,124673,73900,0,0,333,0,0
2807,0,-1,0,179673,346844,3,1,1512,1,0
2808,0,-1,0,51125,87257,4,1,495,3,0
2809,0,-1,0,84498,421554,0,1,1137,0,0
2810,0,-1,0,48591,95449,2,1,614,1,0
2811,0,-1,0,136815,262332,2,0,13,0,0
2812,0,-1,0,70051,201041,0,1,17,3,0
2813,0,-1,0,129803,227250,3,1,148,1,0
2814,0,-1,0,55317,133706,0,1,1221,3,0
2815,0,-1,0,42089,72733,3,0,248,2,0
2816,0,-1,0,11286,82721,4,0,182,2,0
2817,0,-1,0,33500,232542,3,1,1752,0,0
2818,0,-1,0,189253,454976,4,0,1130,2,0
2819,0,-1,0,123912,246958,1,1,526,2,0
2820,0,-1,0,45734,66630,3,1,963,1,0
2821,0,-1,0,169781,398327,2,0,1998,1,0
2822,0,-1,0,28701,194915,3,0,60,0,0
2823,0,-1,0,26435,32518,1,0,1054,0,0
2824,0,-1,0,156650,387568,4,1,1270,0,0
2825,0,-1,0,130991,220336,0,1,1791,2,0
2826,0,-1,0,132995,227175,3,0,320,0,0
2827,0,-1,0,36615,281511,3,0,676,0,0
2828,0,-1,0,190084,106167,0,1,752,2,0
2829,0,-1,0,92052,5301,0,0,1608,0,0
2830,0,-1,0,181608,360825,1,1,862,0,0
2831,0,-1,0,151257,282709,4,1,1874,1,0
2832,0,-1,0,191280,481187,3,0,1972,0,0
2833,0,-1,0,166466,235896,3,0,206,3,0
2834,0,-1,0,22019,278901,1,0,1281,2,0
2835,0,-1,0,41307,313604,4,1,784,0,0
2836,0,-1,0,42264,483776,3,1,5,0,0
2837,0,-1,0,10208,81639,3,1,23,2,0
2838,0,-1,0,194564,337384,4,1,198,0,0
2839,0,-1,0,100179,181128,0,0,114,0,0
2840,0,-1,0,108986,418753,3,0,107,0,0
2841,0,-1,0,57989,22587,2,0,1324,1,0
2842,0,-1,0,63644,250423,1,1,754,0,0
2843,0,-1,0,198248,57197,0,1,1715,0,0
2844,0,-1,0,7004,226430,2,0,144,0,0
2845,0,-1,0,41916,78589,3,0,159,1,0
2846,0,-1,0,102319,23147,0,0,23,2,0
2847,0,-1,0,174271,450336,2,1,69,0,0
2848,0,-1,0,45384,217509,1,1,1598,1,0
2849,0,-1,0,23444,442383,1,1,1351,1,0
2850,0,-1,0,162086,367453,3,1,20,2,0
2851,0,-1,0,81304,58426,4,0,1594,0,0
2852,0,-1,0,58024,50465,3,1,119,0,0
2853,0,-1,0,159158,16108,2,1,16,0,0
2854,0,-1,0,87747,247283,4,0,1328,0,0
2855,0,-1,0,160436,456696,2,0,557,0,0
2856,0,-1,0,148909,435062,4,1,6,2,0
2857,0,-1,0,89044,134093,2,0,10,0,0
2858,0,-1,0,168305,14757,2,1,542,2,0
2859,0,-1,0,187762,169891,1,1,225,2,0
2860,0,-1,0,172757,302428,1,0,152,0,0
2861,0,-1,0,146586,460008,4,1,1614,1,0
2862,0,-1,0,9080,168880,3,0,23,3,0
2863,0,-1,0,38040,313584,2,0,1262,0,0
2864,0,-1,0,58225,397931,4,1,291,0,0
2865,0,-1,0,181157,372362,0,1,7,0,0
2866,0,-1,0,55052,235363,1,0,1,1,0
2867,0,-1,0,169629,36433,4,1,1514,0,0
2868,0,-1,0,47214,190151,2,0,1952,0,0
2869,0,-1,0,67110,442761,2,0,5,0,0
2870,0,-1,0,93543,113987,3,0,1142,1,0
2871,0,-1,0,58862,36682,1,1,1096,1,0
2872,0,-1,0,18459,129772,0,0,1025,0,0
2873,0,-1,0,163768,334852,3,1,1606,1,0
2874,0,-1,0,147076,268439,4,1,1605,1,0
2875,0,-1,0,103982,147255,0,1,1736,1,0
2876,0,-1,0,192533,407765,2,1,1596,2,0
2877,0,-1,0,107460,143939,2,1,22,0,0
2878,0,-1,0,14527,219982,2,1,6,0,0
2879,0,-1,0,50944,240118,0,0,1308,3,0
2880,0,-1,0,85846,493151,0,0,1301,0,0
2881,0,-1,0,159831,97651,2,1,199,0,0
2882,0,-1,0,15251,217185,1,0,714,0,0
2883,0,-1,0,176455,211977,4,0,1556,0,0
2884,0,-1,0,83224,436844,2,0,1073,1,0
2885,0,-1,0,126869,414797,0,0,17,1,0
2886,0,-1,0,183627,374544,4,0,410,1,0
2887,0,-1,0,35408,434036,4,1,363,0,0
2888,0,-1,0,83231,417117,3,0,4,0,0
2889,0,-1,0,36223,288000,0,1,1280,1,0
2890,0,-1,0,153100,111951,2,0,1112,0,0
2891,0,-1,0,52824,16281,4,1,24,0,0
2892,0,-1,0,176485,206999,2,0,1501,3,0
2893,0,-1,0,47471,494260,3,1,251,1,0
2894,0,-1,0,76556,49521,0,0,541,2,0
2895,0,-1,0,144874,12173,1,0,1215,1,0
2896,0,-1,0,15276,207373,1,0,1370,3,0
2897,0,-1,0,37174,148072,1,1,473,0,0
2898,0,-1,0,147775,441693,0,0,84,3,0
2899,0,-1,0,165872,124374,3,1,8,0,0
2900,0,-1,0,134566,274607,4,0,1884,0,0
2901,0,-1,0,53310,8580,1,0,814,1,0
2902,0,-1,0,13439,331520,3,1,792,0,0
2903,0,-1,0,49554,443341,3,1,1916,1,0
2904,0,-1,0,66200,467620,1,0,575,1,0
2905,0,-1,0,174982,471626,2,1,1547,0,0
2906,0,-1,0,198768,226192,1,0,1979,0,0
2907,0,-1,0,169916,220831,4,0,6,0,0
2908,0,-1,0,32638,438624,3,1,895,0,0
2909,0,-1,0,182105,62769,3,0,77,0,0
2910,0,-1,0,99183,247230,2,1,1563,0,0
2911,0,-1,0,58802,253580,4,0,1068,0,0
2912,0,-1,0,194111,342462,2,0,1147,3,0
2913,0,-1,0,68963,211055,0,1,15,0,0
2914,0,-1,0,58900,67720,4,1,1783,2,0
2915,0,-1,0,107140,289669,3,1,1194,1,0
2916,0,-1,0,129478,237725,4,0,730,0,0
2917,0,-1,0,87139,252919,1,0,1055,0,0
2918,0,-1,0,121715,263232,1,1,1781,0,0
2919,0,-1,0,131744,128081,3,1,26,3,0
2920,0,-1,0,171565,96195,4,1,29,0,0
2921,0,-1,0,669,328326,1,0,1836,1,0
2922,0,-1,0,92644,473531,3,0,1896,0,0
2923,0,-1,0,56508,292349,0,0,961,0,0
2924,0,-1,0,97021,72532,3,1,1897,0,0
2925,0,-1,0,26258,290200,2,1,8,2,0
2926,0,-1,0,22581,323919,3,0,1561,1,0
2927,0,-1,0,60127,138821,3,0,25,0,0
2928,0,-1,0,60065,125963,0,1,545,0,0
2929,0,-1,0,41922,255756,4,0,601,0,0
2930,0,-1,0,171057,490322,3,1,1019,1,0
2931,0,-1,0,29220,38795,0,0,1153,0,0
2932,0,-1,0,37475,108427,2,0,470,0,0
2933,0,-1,0,67641,389635,2,1,644,1,0
2934,0,-1,0,22064,58860,0,1,1833,3,0
2935,0,-1,0,171745,334613,4,0,650,0,0
2936,0,-1,0,54171,424607,2,1,330,0,0
2937,0,-1,0,140335,333950,2,1,1039,0,0
2938,0,-1,0,99329,297744,1,1,1542,0,0
2939,0,-1,0,69489,291752,0,1,335,0,0
2940,0,-1,0,184591,255214,0,0,80,1,0
2941,0,-1,0,86707,499441,2,1,1494,1,0
2942,0,-1,0,19077,304093,2,0,190,0,0
2943,0,-1,0,189437,30166,1,0,604,0,0
2944,0,-1,0,77025,425232,2,1,10,1,0
2945,0,-1,0,173805,158991,2,0,873,0,0
2946,0,-1,0,157597,284442,4,0,1,0,0
2947,0,-1,0,189670,134878,0,0,395,1,0
2948,0,-1,0,99709,39838,4,1,940,0,0
2949,0,-1,0,5875,304641,2,1,1145,1,0
2950,0,-1,0,49957,211481,4,0,3,0,0
2951,0,-1,0,128726,92917,0,0,231,0,0
2952,0,-1,0,181631,212621,4,0,642,2,0
2953,0,-1,0,60747,114164,1,1,655,0,0
2954,0,-1,0,141896,57620,0,1,25,2,0
2955,0,-1,0,7210,421137,3,0,1789,1,0
2956,0,-1,0,127063,268116,3,1,1684,0,0
2957,0,-1,0,160853,426975,0,0,838,1,0
2958,0,-1,0,129665,471839,1,0,17,2,0
2959,0,-1,0,71579,96987,0,1,298,1,0
2960,0,-1,0,86831,138454,3,1,12,3,0
2961,0,-1,0,95970,97707,3,0,1799,3,0
2962,0,-1,0,154013,373995,1,0,1179,3,0
2963,0,-1,0,140071,45596,1,0,1726,0,0
2964,0,-1,0,23005,400547,2,0,552,2,0
2965,0,-1,0,73874,448095,3,0,72,2,0
2966,0,-1,0,94949,278888,1,1,940,0,0
2967,0,-1,0,30508,356881,2,1,1827,0,0
2968,0,-1,0,83448,405380,2,0,481,0,0
2969,0,-1,0,170216,297919,1,0,1979,0,0
2970,0,-1,0,16448,92854,1,0,1006,0,0
2971,0,-1,0,92067,230799,2,1,1878,0,0
2972,0,-1,0,53938,337985,4,0,767,0,0
2973,0,-1,0,55137,456250,3,0,1,1,0
2974,0,-1,0,169692,347510,4,0,777,3,0
2975,0,-1,0,25052,87087,2,0,882,0,0
2976,0,-1,0,174492,397877,0,0,732,2,0
2977,0,-1,0,3084,141499,0,0,23,1,0
2978,0,-1,0,14375,85065,2,1,272,1,0
2979,0,-1,0,31015,249910,0,0,1699,0,0
2980,0,-1,0,46820,321976,3,1,1335,3,0
2981,0,-1,0,63175,208180,0,1,25,0,0
2982,0,-1,0,190308,490578,1,1,872,0,0
2983,0,-1,0,164707,71603,3,0,1507,0,0
2984,0,-1,0,109305,371028,1,1,14,0,0
2985,0,-1,0,22126,279470,0,1,231,0,0
2986,0,-1,0,83773,75308,0,1,1400,0,0
2987,0,-1,0,32153,86353,3,1,915,0,0
2988,0,-1,0,159230,268916,3,0,1151,2,0
2989,0,-1,0,160967,476331,2,0,16,2,0
2990,0,-1,0,181618,310477,4,0,18,1,0
2991,0,-1,0,60850,318625,4,1,379,2,0
2992,0,-1,0,194402,491845,3,1,23,0,0
2993,0,-1,0,85752,311218,3,0,1676,1,0
2994,0,-1,0,162676,344748,1,1,1694,1,0
2995,0,-1,0,62984,452310,2,1,1538,1,0
2996,0,-1,0,42186,373872,3,1,1017,1,0
2997,0,-1,0,41414,289207,0,0,192,0,0
2998,0,-1,0,135668,271330,1,0,302,1,0
2999,0,-1,0,91266,143268,1,0,997,1,0
3000,0,-1,0,195938,14390,2,0,1455,0,0
3001,0,-1,0,80880,210782,2,0,298,1,0
3002,0,-1,0,38856,431580,1,1,1157,0,0
3003,0,-1,0,125888,393162,3,1,992,0,0
3004,0,-1,0,5963,369078,2,0,990,0,0
3005,0,-1,0,124512,187860,1,0,465,1,0
3006,0,-1,0,104134,367963,1,0,414,0,0
3007,0,-1,0,177575,488084,2,0,150,0,0
3008,0,-1,0,49932,214843,0,0,624,0,0
3009,0,-1,0,75058,84765,0,1,841,0,0
3010,0,-1,0,8831,341130,3,0,586,0,0
3011,0,-1,0,129125,354600,2,1,368,0,0
3012,0,-1,0,90187,150888,4,1,909,1,0
3013,0,-1,0,122917,493187,4,0,1197,0,0
3014,0,-1,0,180787,338596,2,1,4,0,0
3015,0,-1,0,144885,280901,0,1,919,0,0
3016,0,-1,0,147533,248203,1,1,17,2,0
3017,0,-1,0,188109,20236,4,1,581,0,0
3018,0,-1,0,88557,249490,0,1,861,0,0
3019,0,-1,0,155595,471193,2,1,1221,1,0
3020,0,-1,0,52989,48188,2,1,197,0,0
3021,0,-1,0,19773,130659,3,0,12,3,0
3022,0,-1,0,120158,7417,4,0,1302,3,0
3023,0,-1,0,2356,421904,1,1,1684,0,0
3024,0,-1,0,101934,306486,3,1,1265,0,0
3025,0,-1,0,152942,131343,3,1,1062,1,0
3026,0,-1,0,20328,221715,1,1,1165,0,0
3027,0,-1,0,59862,19171,0,0,1376,1,0
3028,0,-1,0,174676,119141,4,0,1206,0,0
3029,0,-1,0,74256,321000,4,1,638,0,0
3030,0,-1,0,118048,313396,3,0,1955,2,0
3031,0,-1,0,148000,21467,3,0,1879,2,0
3032,0,-1,0,111716,184083,0,1,170,0,0
3033,0,-1,0,137900,387114,2,0,1025,0,0
3034,0,-1,0,193686,142107,4,0,10,0,0
3035,0,-1,0,167750,89779,3,0,16,1,0
3036,0,-1,0,139576,161455,4,1,288,0,0
3037,0,-1,0,61204,245337,3,0,1462,2,0
3038,0,-1,0,190817,212788,4,1,1449,0,0
3039,0,-1,0,70122,281551,4,1,3,0,0
3040,0,-1,0,159689,217351,3,1,1041,0,0
3041,0,-1,0,154684,13736,2,0,1661,0,0
3042,0,-1,0,151207,475781,2,0,662,2,0
3043,0,-1,0,46188,203510,2,1,559,0,0
3044,0,-1,0,158421,495870,4,0,1940,0,0
3045,0,-1,0,21085,343078,2,0,279,0,0
3046,0,-1,0,102824,487067,0,0,5,0,0
3047,0,-1,0,17716,328488,3,1,1078,1,0
3048,0,-1,0,121867,323436,4,0,736,0,0
3049,0,-1,0,113901,24066,3,1,1667,3,0
3050,0,-1,0,67427,261557,0,0,283,0,0
3051,0,-1,0,121405,32918,2,0,1986,2,0
3052,0,-1,0,117570,85124,0,1,253,2,0
3053,0,-1,0,82568,64725,0,1,1481,1,0
3054,0,-1,0,21244,39661,2,1,313,0,0
3055,0,-1,0,55558,55213,0,1,84,1,0
3056,0,-1,0,139799,405849,0,1,1870,1,0
3057,0,-1,0,152110,129136,1,0,147,0,0
3058,0,-1,0,27089,150551,3,0,1758,1,0
3059,0,-1,0,72871,333166,4,0,1747,1,0
3060,0,-1,0,185159,225131,4,1,1096,0,0
3061,0,-1,0,128448,300118,4,0,317,2,0
3062,0,-1,0,191595,401097,2,1,1171,0,0
3063,0,-1,0,14666,463645,4,1,1004,0,0
3064,0,-1,0,118792,350344,4,0,1130,0,0
3065,0,-1,0,139904,325080,0,0,8,0,0
3066,0,-1,0,137559,37439,2,1,333,0,0
3067,0,-1,0,35183,455075,3,0,1,1,0
3068,0,-1,0,119722,379773,3,1,1843,2,0
3069,0,-1,0,184118,208899,3,1,843,0,0
3070,0,-1,0,183289,468053,0,1,883,1,0
3071,0,-1,0,73702,91711,0,1,1222,1,0
3072,0,-1,0,88442,197481,1,0,1691,2,0
3073,0,-1,0,159692,239838,1,1,455,0,0
3074,0,-1,0,154389,14060,0,1,787,2,0
3075,0,-1,0,1146,269687,1,1,240,3,0
3076,0,-1,0,22314,135993,1,1,21,1,0
3077,0,-1,0,97244,82099,1,1,554,2,0
3078,0,-1,0,171132,34386,0,0,812,3,0
3079,0,-1,0,102752,77436,1,0,945,0,0
3080,0,-1,0,64684,494455,1,1,1873,0,0
3081,0,-1,0,140395,390551,0,1,846,0,0
3082,0,-1,0,57161,495195,2,1,299,2,0
3083,0,-1,0,17432,455719,0,1,1994,0,0
3084,0,-1,0,182916,485712,3,1,369,0,0
3085,0,-1,0,57578,472771,4,0,1407,0,0
3086,0,-1,0,103982,378202,4,1,1772,1,0
3087,0,-1,0,25892,85825,0,0,770,0,0
3088,0,-1,0,187543,247165,3,1,163,0,0
3089,0,-1,0,13242,82879,0,0,749,0,0
3090,0,-1,0,197805,349827,0,1,28,0,0
3091,0,-1,0,2317,338799,1,1,1914,0,0
3092,0,-1,0,195748,12891,4,1,460,0,0
3093,0,-1,0,67980,178627,1,1,10,2,0
3094,0,-1,0,84746,74206,0,1,1302,2,0
3095,0,-1,0,165951,285186,3,1,342,0,0
3096,0,-1,0,82708,411615,0,0,1532,0,0
3097,0,-1,0,321,57737,3,0,26,0,0
3098,0,-1,0,89214,237581,1,1,894,2,0
3099,0,-1,0,109403,151712,1,0,1175,1,0
3100,0,-1,0,82259,400271,4,1,556,2,0
3101,0,-1,0,123426,478213,3,1,737,2,0
3102,0,-1,0,134660,494384,4,0,1706,0,0
3103,0,-1,0,58943,37230,0,1,1573,0,0
3104,0,-1,0,165224,203102,3,1,651,2,0
3105,0,-1,0,189481,275022,2,0,612,0,0
3106,0,-1,0,125115,318939,3,0,1105,1,0
3107,0,-1,0,47291,151447,2,0,9,0,0
3108,0,-1,0,17381,23402,3,0,1825,1,0
3109,0,-1,0,137446,168922,2,0,1641,0,0
3110,0,-1,0,112158,292291,2,1,1153,0,0
3111,0,-1,0,194394,39795,4,0,1879,1,0
3112,0,-1,0,49195,136958,4,1,1332,1,0
3113,0,-1,0,26992,483701,1,0,1382,3,0
3114,0,-1,0,97540,454520,4,1,655,0,0
3115,0,-1,0,85897,425975,4,0,1917,0,0
3116,0,-1,0,162864,31528,2,0,49,0,0
3117,0,-1,0,103089,57553,3,0,1450,0,0
3118,0,-1,0,175010,26708,0,1,1954,0,0
3119,0,-1,0,186024,367457,1,1,8,1,0
3120,0,-1,0,104863,229891,4,0,1117,2,0
3121,0,-1,0,123940,331174,4,0,1941,2,0
3122,0,-1,0,66679,301200,1,0,1921,1,0
3123,0,-1,0,29625,230871,4,0,1659,0,0
3124,0,-1,0,99782,315447,0,0,800,0,0
3125,0,-1,0,94755,189781,2,1,57,2,0
3126,0,-1,0,5774,479176,1,0,1783,2,0
3127,0,-1,0,16403,154265,1,1,828,0,0
3128,0,-1,0,86985,335856,2,1,1298,3,0
3129,0,-1,0,20680,141223,4,1,218,1,0
3130,0,-1,0,45346,212861,3,1,5,0,0
3131,0,-1,0,73320,444960,2,1,53,0,0
3132,0,-1,0,8423,156259,4,1,1496,0,0
3133,0,-1,0,158473,202285,2,0,962,1,0
3134,0,-1,0,134688,232049,3,0,742,2,0
3135,0,-1,0,97309,8360,1,0,1423,0,0
3136,0,-1,0,159037,5653,3,0,1682,1,0
3137,0,-1,0,5211,180731,1,1,1003,0,0
3138,0,-1,0,67949,411399,2,0,6,0,0
3139,0,-1,0,110461,254121,0,1,1581,0,0
3140,0,-1,0,98815,59346,4,1,1588,3,0
3141,0,-1,0,112362,124205,2,1,1617,0,0
3142,0,-1,0,40043,292752,2,0,3,1,0
3143,0,-1,0,34613,379209,0,1,1259,0,0
3144,0,-1,0,100736,295115,2,0,529,0,0
3145,0,-1,0,48593,85022,1,0,1482,0,0
3146,0,-1,0,89954,495850,2,0,121,0,0
3147,0,-1,0,92207,116369,3,0,748,0,0
3148,0,-1,0,101840,382441,1,1,1742,0,0
3149,0,-1,0,23586,48101,1,1,288,0,0
3150,0,-1,0,166587,164921,0,0,28,2,0
3151,0,-1,0,187766,295224,1,0,480,0,0
3152,0,-1,0,67792,260494,3,0,16,2,0
3153,0,-1,0,80251,310441,2,1,114,1,0
3154,0,-1,0,23390,419139,2,0,919,0,0
3155,0,-1,0,22470,403535,1,0,1584,0,0
3156,0,-1,0,3805,51922,3,1,1128,0,0
3157,0,-1,0,77601,39803,2,1,1521,2,0
3158,0,-1,0,124886,156837,2,1,1029,0,0
3159,0,-1,0,41081,341093,0,0,1187,0,0
3160,0,-1,0,142395,476979,4,0,307,0,0
3161,0,-1,0,34976,329506,2,1,628,0,0
3162,0,-1,0,714,125969,2,0,995,1,0
3163,0,-1,0,129347,163388,2,1,1773,1,0
3164,0,-1,0,188434,317584,3,1,861,0,0
3165,0,-1,0,54234,467693,2,1,1761,0,0
3166,0,-1,0,174253,438022,0,1,23,0,0
3167,0,-1,0,15600,360768,2,1,1711,2,0
3168,0,-1,0,82159,146232,4,1,93,0,0
3169,0,-1,0,150893,31387,0,0,1841,0,0
3170,0,-1,0,178338,15267,0,0,1905,0,0
3171,0,-1,0,3441,49485,3,1,5,0,0
3172,0,-1,0,13467,481115,1,0,1976,1,0
3173,0,-1,0,150271,176679,1,1,575,1,0
3174,0,-1,0,53192,481051,1,1,723,0,0
3175,0,-1,0,161878,361351,0,0,29,0,0
3176,0,-1,0,63799,146034,3,1,710,1,0
3177,0,-1,0,5794,490335,4,0,220,0,0
3178,0,-1,0,115029,345549,2,1,1095,0,0
3179,0,-1,0,6661,186038,0,1,9,1,0
3180,0,-1,0,133520,492376,4,0,1135,0,0
3181,0,-1,0,133200,391541,2,1,397,0,0
3182,0,-1,0,27763,380397,4,0,90,0,0
3183,0,-1,0,131167,321764,1,0,1640,1,0
3184,0,-1,0,31725,197053,3,1,1676,0,0
3185,0,-1,0,130103,312100,3,0,1469,1,0
3186,0,-1,0,144027,290638,0,0,1259,0,0
3187,0,-1,0,192442,261688,4,0,1647,0,0
3188,0,-1,0,104101,231922,4,0,1437,1,0
3189,0,-1,0,67305,34763,1,0,215,0,0
3190,0,-1,0,65351,341663,0,1,1746,1,0
3191,0,-1,0,146524,116437,0,1,102,1,0
3192,0,-1,0,186254,420726,3,1,1390,1,0
3193,0,-1,0,37796,406715,4,0,1849,0,0
3194,0,-1,0,4514,196369,0,0,301,0,0
3195,0,-1,0,175542,273239,4,1,1163,2,0
3196,0,-1,0,183769,493214,4,0,450,0,0
3197,0,-1,0,142643,270067,4,0,1230,1,0
3198,0,-1,0,68944,233390,1,0,856,1,0
3199,0,-1,0,72831,182251,4,0,633,0,0
3200,0,-1,0,103470,164141,3,1,1195,1,0
3201,0,-1,0,30558,244074,1,0,10,1,0
3202,0,-1,0,102330,107288,1,0,1451,0,0
3203,0,-1,0,97173,355326,0,0,86,1,0
3204,0,-1,0,185307,167517,1,0,704,0,0
3205,0,-1,0,99609,155595,2,0,699,0,0
3206,0,-1,0,39387,103075,4,1,1098,0,0
3207,0,-1,0,57233,113573,0,1,8,0,0
3208,0,-1,0,182852,290839,4,1,1942,2,0
3209,0,-1,0,193981,453057,0,0,1268,0,0
3210,0,-1,0,128259,91740,4,1,6,0,0
3211,0,-1,0,112257,9903,1,1,256,0,0
3212,0,-1,0,194552,76498,4,0,787,1,0
3213,0,-1,0,105759,21147,0,0,1328,0,0
3214,0,-1,0,194318,295943,0,0,1783,1,0
3215,0,-1,0,185825,331626,1,1,1997,0,0
3216,0,-1,0,125896,263082,3,0,417,0,0
3217,0,-1,0,171931,320348,3,1,1214,0,0
3218,0,-1,0,135106,264131,1,0,450,1,0
3219,0,-1,0,88603,146464,2,0,599,0,0
3220,0,-1,0,183578,223119,1,1,1332,0,0
3221,0,-1,0,138346,79251,2,0,636,1,0
3222,0,-1,0,79785,78504,4,1,427,0,0
3223,0,-1,0,116760,297473,3,1,1448,0,0
3224,0,-1,0,77891,381344,1,1,1811,1,0
3225,0,-1,0,163205,119938,1,1,4,0,0
3226,0,-1,0,43767,183862,1,1,1030,1,0
3227,0,-1,0,48973,52286,3,1,918,0,0
3228,0,-1,0,109435,213796,1,1,168,2,0
3229,0,-1,0,18650,410861,3,1,690,0,0
3230,0,-1,0,3624,159362,3,0,971,0,0
3231,0,-1,0,90051,465001,2,1,789,0,0
3232,0,-1,0,41681,159772,1,1,585,0,0
3233,0,-1,0,10668,387459,2,0,121,1,0
3234,0,-1,0,161012,52757,2,0,1927,0,0
3235,0,-1,0,139334,283846,3,0,15,1,0
3236,0,-1,0,43361,494560,1,1,482,1,0
3237,0,-1,0,2660,486118,0,0,16,1,0
3238,0,-1,0,81744,222774,3,1,1534,0,0
3239,0,-1,0,91878,426712,1,1,1080,0,0
3240,0,-1,0,193622,85605,2,1,1637,0,0
3241,0,-1,0,176729,384838,3,0,597,0,0
3242,0,-1,0,150493,419786,3,1,457,1,0
3243,0,-1,0,23836,38692,2,0,1165,2,0
3244,0,-1,0,94829,216841,2,0,93,0,0
3245,0,-1,0,96004,259228,1,0,754,0,0
3246,0,-1,0,78451,139005,4,0,28,0,0
3247,0,-1,0,67437,388390,1,1,851,1,0
3248,0,-1,0,117793,419856,1,0,133,0,0
3249,0,-1,0,44696,464753,0,0,1537,1,0
3250,0,-1,0,198243,173306,2,0,1932,0,0
3251,0,-1,0,95706,192318,3,1,233,0,0
3252,0,-1,0,162764,418436,4,0,134,1,0
3253,0,-1,0,17180,73407,2,0,25,0,0
3254,0,-1,0,143919,269429,0,0,1800,0,0
3255,0,-1,0,114693,109842,0,1,1789,1,0
3256,0,-1,0,70469,487488,4,0,885,0,0
3257,0,-1,0,187454,168704,0,0,25,0,0
3258,0,-1,0,169969,278948,0,0,1071,1,0
3259,0,-1,0,118404,444617,3,0,382,1,0
3260,0,-1,0,108204,13808,3,1,448,0,0
3261,0,-1,0,158439,20822,3,0,1130,2,0
3262,0,-1,0,95062,146380,1,0,1075,0,0
3263,0,-1,0,10807,126881,0,1,554,0,0
3264,0,-1,0,36077,189740,4,1,8,0,0
3265,0,-1,0,6172,213168,4,0,13,1,0
3266,0,-1,0,131065,482579,0,0,262,1,0
3267,0,-1,0,39089,34097,3,0,11,0,0
3268,0,-1,0,176216,459541,2,1,26,0,0
3269,0,-1,0,94384,286704,3,0,1623,1,0
3270,0,-1,0,164078,39614,4,1,2,0,0
3271,0,-1,0,197776,481950,2,0,299,0,0
3272,0,-1,0,61867,225024,4,0,1423,0,0
3273,0,-1,0,97533,422740,0,0,603,1,0
3274,0,-1,0,71817,467075,3,0,688,2,0
3275,0,-1,0,188448,69229,0,0,281,2,0
3276,0,-1,0,82584,163880,4,0,1489,0,0
3277,0,-1,0,67897,283356,2,0,176,0,0
3278,0,-1,0,92744,489583,2,0,337,2,0
3279,0,-1,0,190812,21462,4,0,646,0,0
3280,0,-1,0,184475,423999,2,0,25,3,0
3281,0,-1,0,83527,25551,1,1,913,1,0
3282,0,-1,0,158738,105588,3,0,1138,0,0
3283,0,-1,0,22597,125367,0,0,1137,0,0
3284,0,-1,0,99349,80157,3,1,224,1,0
3285,0,-1,0,26529,322109,2,0,378,2,0
3286,0,-1,0,167838,95156,3,0,1619,1,0
3287,0,-1,0,177195,392047,2,0,332,1,0
3288,0,-1,0,88013,392260,1,0,1852,0,0
3289,0,-1,0,24885,121848,3,0,1551,0,0
3290,0,-1,0,84717,275646,1,0,203,1,0
3291,0,-1,0,71763,373143,4,1,1329,0,0
3292,0,-1,0,76058,453077,2,1,582,0,0
3293,0,-1,0,95900,370294,2,0,27,1,0
3294,0,-1,0,87666,415664,1,0,650,0,0
3295,0,-1,0,65151,84959,3,1,1970,1,0
3296,0,-1,0,111462,369375,2,1,1718,0,0
3297,0,-1,0,143860,423337,2,1,16,0,0
3298,0,-1,0,166175,454138,0,0,205,1,0
3299,0,-1,0,130945,492985,4,1,285,1,0
3300,0,-1,0,127053,457359,0,1,607,0,0
3301,0,-1,0,160583,412096,3,0,47,0,0
3302,0,-1,0,103549,249882,1,0,299,0,0
3303,0,-1,0,105290,25703,1,1,1907,1,0
3304,0,-1,0,138418,328696,0,0,443,0,0
3305,0,-1,0,101304,338048,1,0,907,0,0
3306,0,-1,0,49370,82769,1,1,836,1,0
3307,0,-1,0,126872,492093,1,0,1179,0,0
3308,0,-1,0,81802,106725,0,0,761,0,0
3309,0,-1,0,92410,40539,2,0,1060,1,0
3310,0,-1,0,130355,339489,0,0,1534,0,0
3311,0,-1,0,43911,89315,1,0,856,0,0
3312,0,-1,0,73361,198345,2,0,1855,0,0
3313,0,-1,0,43820,268985,2,1,21,0,0
3314,0,-1,0,182006,125954,0,1,494,0,0
3315,0,-1,0,50693,275360,0,0,27,2,0
3316,0,-1,0,7206,264089,3,0,4,0,0
3317,0,-1,0,108896,264517,0,1,1344,2,0
3318,0,-1,0,48804,493919,2,0,19,0,0
3319,0,-1,0,17850,86201,1,0,1080,0,0
3320,0,-1,0,142596,314452,2,1,688,0,0
3321,0,-1,0,46936,187915,4,0,530,0,0
3322,0,-1,0,104823,127133,4,1,1663,0,0
3323,0,-1,0,39279,46486,3,1,55,1,0
3324,0,-1,0,5350,417323,3,0,9,3,0
3325,0,-1,0,91786,74272,0,1,21,1,0
3326,0,-1,0,125008,222234,3,0,1654,0,0
3327,0,-1,0,137975,428137,4,0,1185,2,0
3328,0,-1,0,51949,151807,2,1,1678,0,0
3329,0,-1,0,151216,320234,2,1,42,0,0
3330,0,-1,0,60571,98011,4,1,973,0,0
3331,0,-1,0,182153,412150,0,0,1293,0,0
3332,0,-1,0,108718,292941,2,1,104,2,0
3333,0,-1,0,22864,68170,1,1,597,0,0
3334,0,-1,0,11543,198827,4,0,710,0,0
3335,0,-1,0,197433,143315,3,0,859,0,0
3336,0,-1,0,128653,124526,0,1,3,0,0
3337,0,-1,0,156385,71673,4,0,351,2,0
3338,0,-1,0,119668,220868,3,1,464,0,0
3339,0,-1,0,154178,158487,3,0,1279,2,0
3340,0,-1,0,118545,20079,3,0,783,0,0
3341,0,-1,0,150590,131812,3,1,15,0,0
3342,0,-1,0,122584,398842,3,1,1724,3,0
3343,0,-1,0,87214,233931,4,0,1746,1,0
3344,0,-1,0,180307,136300,2,0,824,1,0
3345,0,-1,0,161807,64742,0,1,1252,0,0
3346,0,-1,0,187713,278599,4,1,2,0,0
3347,0,-1,0,191958,326628,2,1,1761,0,0
3348,0,-1,0,184543,181448,4,1,385,2,0
3349,0,-1,0,156974,375827,1,1,1834,0,0
3350,0,-1,0,125252,147815,2,0,761,3,0
3351,0,-1,0,9449,122530,3,1,262,1,0
3352,0,-1,0,117297,403633,3,0,81,1,0
3353,0,-1,0,160689,376562,2,1,157,0,0
3354,0,-1,0,42562,169175,0,1,755,0,0
3355,0,-1,0,107948,325823,2,1,215,2,0
3356,0,-1,0,189230,15002,3,0,1072,1,0
3357,0,-1,0,177178,296886,1,1,1527,0,0
3358,0,-1,0,126449,262725,1,1,15,0,0
3359,0,-1,0,31067,203501,4,1,1256,1,0
3360,0,-1,0,181694,414013,1,1,710,0,0
3361,0,-1,0,47130,239975,2,1,173,2,0
3362,0,-1,0,30772,480894,4,0,474,0,0
3363,0,-1,0,118163,269640,4,1,1977,0,0
3364,0,-1,0,96685,377369,1,0,9,1,0
3365,0,-1,0,154437,157660,1,1,358,1,0
3366,0,-1,0,74782,352674,1,1,1388,0,0
3367,0,-1,0,137290,238104,0,0,466,0,0
3368,0,-1,0,24241,193738,2,0,1564,0,0
3369,0,-1,0,136000,356571,4,0,1743,0,0
3370,0,-1,0,107819,298109,0,0,1501,2,0
3371,0,-1,0,59147,214747,2,1,942,0,0
3372,0,-1,0,78433,493013,0,0,139,0,0
3373,0,-1,0,106280,91593,0,0,1972,3,0
3374,0,-1,0,139199,358888,3,0,362,1,0
3375,0,-1,0,56788,238071,1,1,1407,0,0
3376,0,-1,0,178820,461615,4,1,1572,0,0
3377,0,-1,0,85512,482232,3,1,1574,0,0
3378,0,-1,0,137997,139155,2,0,1781,0,0
3379,0,-1,0,121210,189362,0,0,170,0,0
3380,0,-1,0,145943,415147,4,1,7,0,0
3381,0,-1,0,80486,365563,0,0,8,0,0
3382,0,-1,0,112771,116345,2,0,12,0,0
3383,0,-1,0,85295,171271,4,1,795,0,0
3384,0,-1,0,122360,240064,1,1,343,2,0
3385,0,-1,0,181435,123412,4,0,983,0,0
3386,0,-1,0,3649,310288,3,0,1008,0,0
3387,0,-1,0,103469,439047,0,0,6,0,0
3388,0,-1,0,101415,402245,3,1,376,0,0
3389,0,-1,0,163726,132735,1,0,234,0,0
3390,0,-1,0,1283,485195,0,0,1200,0,0
3391,0,-1,0,66493,61525,2,0,1389,3,0
3392,0,-1,0,97887,388203,0,0,937,1,0
3393,0,-1,0,22811,442639,0,0,1377,0,0
3394,0,-1,0,37911,133302,3,0,1026,0,0
3395,0,-1,0,110558,444305,1,1,14,1,0
3396,0,-1,0,34888,29386,1,0,552,1,0
3397,0,-1,0,177544,475513,1,1,1255,0,0
3398,0,-1,0,22435,112991,2,0,281,2,0
3399,0,-1,0,163673,453840,2,1,1935,0,0
3400,0,-1,0,30074,448039,1,1,1089,0,0
3401,0,-1,0,6483,116091,2,1,489,0,0
3402,0,-1,0,163797,106531,4,1,1521,0,0
3403,0,-1,0,175206,153309,1,0,1723,0,0
3404,0,-1,0,74598,375332,3,1,62,0,0
3405,0,-1,0,8537,113233,4,0,1420,0,0
3406,0,-1,0,194368,361015,3,0,204,2,0
3407,0,-1,0,72149,159024,4,0,631,0,0
3408,0,-1,0,42699,172184,1,0,20,0,0
3409,0,-1,0,42948,300424,2,0,1845,0,0
3410,0,-1,0,135312,68821,4,0,186,0,0
3411,0,-1,0,36147,379193,3,0,85,1,0
3412,0,-1,0,24563,300360,0,0,1961,2,0
3413,0,-1,0,99626,50169,1,1,1347,0,0
3414,0,-1,0,102587,84809,1,0,1075,0,0
3415,0,-1,0,195446,72016,4,0,216,0,0
3416,0,-1,0,49157,450322,4,0,1132,0,0
3417,0,-1,0,31921,46188,1,1,384,2,0
3418,0,-1,0,17390,412342,1,0,944,0,0
3419,0,-1,0,129016,328418,4,0,891,0,0
3420,0,-1,0,197696,171056,4,0,25,2,0
3421,0,-1,0,77190,493602,1,0,1814,0,0
3422,0,-1,0,59941,287951,0,0,1698,3,0
3423,0,-1,0,96965,96152,3,0,457,1,0
3424,0,-1,0,160589,10472,3,0,1226,0,0
3425,0,-1,0,90285,18953,4,0,785,0,0
3426,0,-1,0,104977,378888,2,1,379,0,0
3427,0,-1,0,72455,346326,1,1,1325,3,0
3428,0,-1,0,199207,364855,1,1,633,0,0
3429,0,-1,0,26899,474210,2,1,20,0,0
3430,0,-1,0,186352,320055,4,1,254,2,0
3431,0,-1,0,65089,479770,1,0,804,2,0
3432,0,-1,0,105966,126426,1,0,1040,2,0
3433,0,-1,0,104048,305907,3,1,1924,1,0
3434,0,-1,0,133830,7892,1,1,25,0,0
3435,0,-1,0,106600,22377,1,1,1355,0,0
3436,0,-1,0,138368,422489,4,1,1265,1,0
3437,0,-1,0,126594,78624,0,0,1758,1,0
3438,0,-1,0,148060,36014,1,0,802,0,0
3439,0,-1,0,48031,365857,3,1,1932,1,0
3440,0,-1,0,142406,321468,3,1,225,0,0
3441,0,-1,0,103269,161930,1,0,1651,2,0
3442,0,-1,0,57823,455375,2,1,13,2,0
3443,0,-1,0,76525,244035,4,0,866,2,0
3444,0,-1,0,74925,190618,4,1,1680,0,0
3445,0,-1,0,136570,89784,4,1,351,1,0
3446,0,-1,0,188339,178764,3,1,405,2,0
3447,0,-1,0,110380,210246,2,0,7,0,0
3448,0,-1,0,148978,456620,3,0,1269,0,0
3449,0,-1,0,187067,272252,1,0,661,0,0
3450,0,-1,0,148520,226437,2,1,745,2,0
3451,0,-1,0,13502,117333,4,0,635,0,0
3452,0,-1,0,61991,475294,0,0,448,1,0
3453,0,-1,0,127057,251900,4,0,25,2,0
3454,0,-1,0,182414,222621,1,1,238,1,0
3455,0,-1,0,104447,450293,1,1,1748,0,0
3456,0,-1,0,172177,144154,4,1,26,0,0
3457,0,-1,0,60918,287886,1,0,408,0,0
3458,0,-1,0,194728,361348,2,0,136,1,0
3459,0,-1,0,5803,257819,4,1,287,0,0
3460,0,-1,0,64748,325948,2,1,1696,0,0
3461,0,-1,0,147486,222587,1,0,1795,0,0
3462,0,-1,0,64411,7788,1,1,632,0,0
3463,0,-1,0,49980,370243,3,0,26,0,0
3464,0,-1,0,155284,251802,4,1,1351,0,0
3465,0,-1,0,122701,485118,2,1,319,0,0
3466,0,-1,0,130932,426787,3,1,493,1,0
3467,0,-1,0,193897,360631,1,0,1328,1,0
3468,0,-1,0,196128,342290,3,0,357,1,0
3469,0,-1,0,138658,388946,4,0,913,1,0
3470,0,-1,0,112807,424780,0,1,16,0,0
3471,0,-1,0,76068,306808,4,0,225,0,0
3472,0,-1,0,79699,289244,1,1,611,1,0
3473,0,-1,0,110856,215348,4,1,1543,0,0
3474,0,-1,0,67678,256174,1,1,1645,0,0
3475,0,-1,0,167641,252854,0,0,976,0,0
3476,0,-1,0,150941,146957,2,0,1765,0,0
3477,0,-1,0,90355,390217,1,1,1376,0,0
3478,0,-1,0,191741,97081,3,0,1060,0,0
3479,0,-1,0,59308,430903,4,1,1206,2,0
3480,0,-1,0,112805,483388,2,1,1301,0,0
3481,0,-1,0,25435,487710,0,1,1131,1,0
3482,0,-1,0,197022,308040,0,1,929,1,0
3483,0,-1,0,127043,225889,4,0,12,0,0
3484,0,-1,0,66197,38570,4,1,781,1,0
3485,0,-1,0,55380,134542,0,0,32,1,0
3486,0,-1,0,69439,259750,3,1,1451,2,0
3487,0,-1,0,179856,449269,3,0,96,1,0
3488,0,-1,0,194350,303146,0,1,304,1,0
3489,0,-1,0,21956,339253,0,0,806,0,0
3490,0,-1,0,57976,74005,2,1,1835,0,0
3491,0,-1,0,185994,349601,2,1,23,0,0
3492,0,-1,0,175084,90581,0,0,1105,0,0
3493,0,-1,0,162749,453895,0,1,222,1,0
3494,0,-1,0,70019,146464,0,1,509,1,0
3495,0,-1,0,89205,278205,2,1,1644,0,0
3496,0,-1,0,99919,109860,4,1,1910,2,0
3497,0,-1,0,159198,41464,0,0,25,0,0
3498,0,-1,0,108106,357773,4,1,35,2,0
3499,0,-1,0,10067,250074,0,1,83,0,0
3500,0,-1,0,100512,13413,2,1,1954,0,0
3501,0,-1,0,199386,398464,0,1,25,0,0
3502,0,-1,0,184170,472816,1,1,1979,1,0
3503,0,-1,0,183136,127122,2,0,1992,0,0
3504,0,-1,0,167661,259541,0,0,1970,2,0
3505,0,-1,0,187193,43806,4,1,24,1,0
3506,0,-1,0,70497,85820,0,1,1004,1,0
3507,0,-1,0,55268,127075,0,0,604,1,0
3508,0,-1,0,35220,248614,2,1,1548,2,0
3509,0,-1,0,92301,58786,2,1,221,0,0
3510,0,-1,0,160922,55140,1,1,499,0,0
3511,0,-1,0,113989,427094,4,0,1575,1,0
3512,0,-1,0,52119,38233,4,1,1,0,0
3513,0,-1,0,36494,393178,0,0,1427,0,0
3514,0,-1,0,13454,153962,3,0,13,0,0
3515,0,-1,0,66832,179196,1,0,1682,0,0
3516,0,-1,0,197640,305431,1,0,1881,0,0
3517,0,-1,0,73757,29777,0,0,1556,1,0
3518,0,-1,0,47039,349056,3,0,150,0,0
3519,0,-1,0,53386,375064,3,1,1811,0,0
3520,0,-1,0,75877,474299,3,1,869,0,0
3521,0,-1,0,144708,357522,3,0,774,0,0
3522,0,-1,0,24470,107964,4,0,1611,1,0
3523,0,-1,0,76565,171605,1,1,26,0,0
3524,0,-1,0,181725,459604,0,1,268,1,0
3525,0,-1,0,58364,130665,2,0,19,1,0
3526,0,-1,0,99820,153823,0,0,130,3,0
3527,0,-1,0,196656,65599,4,0,1318,0,0
3528,0,-1,0,135788,144819,0,0,13,0,0
3529,0,-1,0,43048,394672,0,0,1405,1,0
3530,0,-1,0,68831,362000,0,1,1418,2,0
3531,0,-1,0,130492,409849,1,0,1602,0,0
3532,0,-1,0,6516,116708,2,1,5,1,0
3533,0,-1,0,187960,93531,4,0,721,0,0
3534,0,-1,0,191046,52136,4,0,1175,0,0
3535,0,-1,0,129366,144469,0,1,52,0,0
3536,0,-1,0,161051,82762,4,1,613,0,0
3537,0,-1,0,79368,135670,0,1,1671,2,0
3538,0,-1,0,108539,377906,3,1,907,0,0
3539,0,-1,0,131235,474017,1,1,1705,0,0
3540,0,-1,0,163736,345978,1,0,2,0,0
3541,0,-1,0,149261,129913,3,1,311,3,0
3542,0,-1,0,26103,475258,3,1,1651,0,0
3543,0,-1,0,123354,311244,2,1,2,0,0
3544,0,-1,0,68268,300059,1,1,4,0,0
3545,0,-1,0,198996,371385,2,1,4,3,0
3546,0,-1,0,99232,225625,4,1,1158,0,0
3547,0,-1,0,94110,492346,4,0,671,0,0
3548,0,-1,0,182477,332765,4,0,11,0,0
3549,0,-1,0,66476,7433,0,1,67,1,0
3550,0,-1,0,6845,417720,1,1,1393,0,0
3551,0,-1,0,54216,443005,4,1,678,1,0
3552,0,-1,0,160275,262022,0,1,1583,1,0
3553,0,-1,0,112560,350694,4,0,885,2,0
3554,0,-1,0,34765,464476,4,0,1087,0,0
3555,0,-1,0,194591,289636,4,0,5,0,0
3556,0,-1,0,129801,287616,3,0,601,0,0
3557,0,-1,0,38408,349029,0,1,1,1,0
3558,0,-1,0,139594,262935,1,0,106,1,0
3559,0,-1,0,105109,220409,3,1,501,2,0
3560,0,-1,0,86915,482338,1,0,820,1,0
3561,0,-1,0,98865,91224,0,1,558,0,0
3562,0,-1,0,192809,58739,1,1,320,0,0
3563,0,-1,0,13263,419274,3,0,1734,1,0
3564,0,-1,0,102860,463349,4,0,800,1,0
3565,0,-1,0,31151,121545,0,1,1479,0,0
3566,0,-1,0,86170,446311,1,1,1874,0,0
3567,0,-1,0,104788,43772,2,0,1878,0,0
3568,0,-1,0,90990,490439,3,1,1076,2,0
3569,0,-1,0,193348,190031,3,0,339,0,0
3570,0,-1,0,9543,165945,0,0,15,1,0
3571,0,-1,0,14355,333030,4,0,865,0,0
3572,0,-1,0,6028,481387,2,0,514,3,0
3573,0,-1,0,47287,198200,1,1,499,0,0
3574,0,-1,0,33629,432980,3,1,1479,1,0
3575,0,-1,0,74156,468531,3,0,120,2,0
3576,0,-1,0,192434,172530,2,1,1793,2,0
3577,0,-1,0,131914,166354,0,1,451,0,0
3578,0,-1,0,81380,245793,1,0,730,1,0
3579,0,-1,0,187339,260157,3,1,10,2,0
3580,0,-1,0,10186,286330,3,0,1905,0,0
3581,0,-1,0,84340,309489,3,1,178,2,0
3582,0,-1,0,72164,7044,4,0,649,0,0
3583,0,-1,0,28343,405592,4,0,338,3,0
3584,0,-1,0,65208,455083,3,1,19,0,0
3585,0,-1,0,79316,382250,2,0,471,2,0
3586,0,-1,0,89816,246839,4,0,1727,0,0
3587,0,-1,0,124369,138506,0,1,898,0,0
3588,0,-1,0,32947,180929,2,1,1835,1,0
3589,0,-1,0,176410,483522,3,0,1644,1,0
3590,0,-1,0,80346,170553,0,0,800,0,0
3591,0,-1,0,174768,63527,1,1,1821,0,0
3592,0,-1,0,59576,331942,4,1,284,2,0
3593,0,-1,0,197390,186688,3,1,554,0,0
3594,0,-1,0,48883,281654,2,0,1644,0,0
3595,0,-1,0,89159,483181,3,1,1131,1,0
3596,0,-1,0,99560,240223,4,1,597,0,0
3597,0,-1,0,166040,46674,1,1,291,2,0
3598,0,-1,0,118505,160581,4,0,1284,1,0
3599,0,-1,0,189426,64571,2,1,1547,0,0
3600,0,-1,0,76851,58373,4,0,235,0,0
3601,0,-1,0,11358,56326,4,1,471,0,0
3602,0,-1,0,186298,93905,2,1,13,0,0
3603,0,-1,0,22913,155607,3,0,725,2,0
3604,0,-1,0,24355,381337,2,1,887,0,0
3605,0,-1,0,196520,454427,1,0,59,0,0
3606,0,-1,0,149938,80144,4,0,1978,0,0
3607,0,-1,0,122552,250618,4,0,636,0,0
3608,0,-1,0,74903,290596,4,1,1688,2,0
3609,0,-1,0,40456,242352,3,1,1348,0,0
3610,0,-1,0,115660,261250,4,1,1401,0,0
3611,0,-1,0,93860,260585,0,0,1917,1,0
3612,0,-1,0,14325,176645,1,0,1092,2,0
3613,0,-1,0,184977,393801,3,0,1744,2,0
3614,0,-1,0,193813,72841,2,1,1357,0,0
3615,0,-1,0,43579,478515,2,1,1082,1,0
3616,0,-1,0,33795,355944,4,1,14,0,0
3617,0,-1,0,190398,288839,4,1,130,3,0
3618,0,-1,0,119351,411055,1,0,798,1,0
3619,0,-1,0,100603,489100,0,1,10,1,0
3620,0,-1,0,143860,111933,0,0,114,0,0
3621,0,-1,0,166573,298314,4,0,1013,1,0
3622,0,-1,0,92613,59891,2,1,1876,0,0
3623,0,-1,0,147254,83293,1,1,997,2,0
3624,0,-1,0,51291,465703,3,1,97,0,0
3625,0,-1,0,46423,303041,2,0,818,1,0
3626,0,-1,0,2105,173344,4,0,1753,0,0
3627,0,-1,0,27127,225899,3,0,730,1,0
3628,0,-1,0,62579,303011,3,1,1468,0,0
3629,0,-1,0,17164,260514,0,1,1554,2,0
3630,0,-1,0,179583,364295,4,1,1261,0,0
3631,0,-1,0,167516,399765,0,0,1009,2,0
3632,0,-1,0,55635,394946,4,0,656,3,0
3633,0,-1,0,15427,64079,1,1,1437,3,0
3634,0,-1,0,11617,73447,4,1,483,2,0
3635,0,-1,0,11449,401695,2,0,7,0,0
3636,0,-1,0,188306,59276,2,0,1233,0,0
3637,0,-1,0,105595,465516,1,0,46,2,0
3638,0,-1,0,98344,258207,0,1,26,0,0
3639,0,-1,0,147453,110696,4,0,1995,1,0
3640,0,-1,0,39030,460908,3,0,26,2,0
3641,0,-1,0,170686,291328,3,0,4,2,0
3642,0,-1,0,141459,28273,1,0,1491,0,0
3643,0,-1,0,120733,300965,2,1,561,1,0
3644,0,-1,0,56257,76821,1,0,1866,2,0
3645,0,-1,0,108083,198485,0,0,318,0,0
3646,0,-1,0,151589,61307,0,1,764,0,0
3647,0,-1,0,1542,62251,2,0,386,0,0
3648,0,-1,0,186938,376257,4,0,1315,3,0
3649,0,-1,0,91886,220159,2,1,144,0,0
3650,0,-1,0,197653,74373,3,1,1117,0,0
3651,0,-1,0,78684,195221,4,0,265,1,0
3652,0,-1,0,198878,373803,4,1,1752,0,0
3653,0,-1,0,74276,81509,3,1,13,3,0
3654,0,-1,0,4084,232805,0,0,1441,2,0
3655,0,-1,0,4840,200340,4,1,2,1,0
3656,0,-1,0,96968,97482,4,0,1307,1,0
3657,0,-1,0,143822,135729,3,1,1986,0,0
3658,0,-1,0,147922,304443,4,1,21,2,0
3659,0,-1,0,178336,252621,0,0,1676,0,0
3660,0,-1,0,44872,138927,2,0,662,1,0
3661,0,-1,0,33187,227092,1,0,1281,0,0
3662,0,-1,0,113414,461783,3,1,743,0,0
3663,0,-1,0,164186,160101,2,1,452,0,0
3664,0,-1,0,66375,36952,1,1,954,0,0
3665,0,-1,0,62215,178185,0,1,1908,0,0
3666,0,-1,0,170297,333756,3,0,1660,0,0
3667,0,-1,0,53896,160582,1,0,1903,0,0
3668,0,-1,0,70586,477840,0,0,897,2,0
3669,0,-1,0,171342,140029,0,1,1150,0,0
3670,0,-1,0,181186,408990,1,1,5,0,0
3671,0,-1,0,55170,313180,4,1,19,1,0
3672,0,-1,0,137313,282597,4,1,1062,2,0
3673,0,-1,0,149732,196051,0,0,80,1,0
3674,0,-1,0,51907,446947,0,0,934,1,0
3675,0,-1,0,4071,396036,0,0,703,2,0
3676,0,-1,0,117026,446527,1,0,6,0,0
3677,0,-1,0,110321,308187,3,0,1052,0,0
3678,0,-1,0,111096,97864,4,1,877,1,0
3679,0,-1,0,162404,219307,1,0,708,1,0
3680,0,-1,0,161317,149461,2,0,468,1,0
3681,0,-1,0,51579,145912,2,1,1504,2,0
3682,0,-1,0,173478,378407,1,1,1097,2,0
3683,0,-1,0,5587,190356,1,1,436,3,0
3684,0,-1,0,60693,342418,1,0,1219,2,0
3685,0,-1,0,25332,394859,4,1,17,0,0
3686,0,-1,0,88527,28161,4,1,850,0,0
3687,0,-1,0,103338,272938,4,1,756,0,0
3688,0,-1,0,150425,237462,4,0,526,1,0
3689,0,-1,0,191,386259,1,1,1802,0,0
3690,0,-1,0,168526,100471,3,0,23,0,0
3691,0,-1,0,169622,262504,4,0,857,1,0
3692,0,-1,0,55338,271271,4,1,508,1,0
3693,0,-1,0,76238,376063,1,0,1274,0,0
3694,0,-1,0,52294,444343,3,1,791,0,0
3695,0,-1,0,164551,73470,0,0,1174,0,0
3696,0,-1,0,196978,56488,2,0,47,0,0
3697,0,-1,0,171904,236316,2,1,1257,0,0
3698,0,-1,0,64440,387140,3,0,38,0,0
3699,0,-1,0,118043,380769,0,1,1082,0,0
3700,0,-1,0,187357,199366,1,1,931,0,0
3701,0,-1,0,170008,384905,3,0,1714,0,0
3702,0,-1,0,37545,155443,4,0,1614,1,0
3703,0,-1,0,101489,424940,0,1,617,0,0
3704,0,-1,0,129647,49199,2,0,1981,1,0
3705,0,-1,0,141458,173233,0,1,1992,0,0
3706,0,-1,0,159661,396400,4,1,96,2,0
3707,0,-1,0,74923,337610,1,1,545,0,0
3708,0,-1,0,199180,319339,1,1,1737,1,0
3709,0,-1,0,157969,469833,1,1,168,2,0
3710,0,-1,0,194250,303403,1,0,2,0,0
3711,0,-1,0,196813,310315,4,1,5,0,0
3712,0,-1,0,59408,211911,3,0,1076,0,0
3713,0,-1,0,148405,36218,4,1,861,1,0
3714,0,-1,0,26489,9307,4,0,1271,1,0
3715,0,-1,0,163604,452248,0,1,1782,0,0
3716,0,-1,0,105622,93726,4,1,105,2,0
3717,0,-1,0,105927,197807,4,0,757,0,0
3718,0,-1,0,25440,389827,4,1,1408,0,0
3719,0,-1,0,27154,33119,2,0,1719,0,0
3720,0,-1,0,163569,178647,2,0,1976,1,0
3721,0,-1,0,15227,337837,3,1,863,1,0
3722,0,-1,0,106301,171751,4,1,991,0,0
3723,0,-1,0,164997,117771,4,0,1359,0,0
3724,0,-1,0,66031,424768,3,0,1046,0,0
3725,0,-1,0,181848,146385,3,1,526,1,0
3726,0,-1,0,26160,294100,0,0,2,2,0
3727,0,-1,0,70702,296492,4,0,1884,3,0
3728,0,-1,0,87096,400215,1,1,278,1,0
3729,0,-1,0,144012,33468,2,0,1331,2,0
3730,0,-1,0,74236,304926,3,0,674,2,0
3731,0,-1,0,135299,102174,4,0,1310,0,0
3732,0,-1,0,180253,215284,0,0,1227,1,0
3733,0,-1,0,145216,230216,1,1,1008,0,0
3734,0,-1,0,188398,296309,0,1,754,1,0
3735,0,-1,0,27584,31125,0,0,134,1,0
3736,0,-1,0,88362,249351,3,1,1313,0,0
3737,0,-1,0,8950,210719,4,0,23,3,0
3738,0,-1,0,127866,131248,4,1,213,2,0
3739,0,-1,0,182009,316794,4,0,12,0,0
3740,0,-1,0,179312,362908,0,1,1924,0,0
3741,0,-1,0,117120,305910,2,0,4,2,0
3742,0,-1,0,34091,68528,1,0,1318,0,0
3743,0,-1,0,55629,70134,2,1,146,0,0
3744,0,-1,0,62936,255626,2,0,884,0,0
3745,0,-1,0,93876,465915,1,1,1959,0,0
3746,0,-1,0,170978,427230,3,0,105,0,0
3747,0,-1,0,134519,191377,3,0,278,0,0
3748,0,-1,0,47838,465888,0,0,1686,2,0
3749,0,-1,0,119015,10265,0,1,1605,0,0
3750,0,-1,0,186074,263031,0,1,309,2,0
3751,0,-1,0,41259,463583,4,0,826,0,0
3752,0,-1,0,167576,305627,3,1,1157,0,0
3753,0,-1,0,59792,330970,4,1,1079,0,0
3754,0,-1,0,42699,405222,4,0,615,2,0
3755,0,-1,0,117955,76872,4,1,1563,0,0
3756,0,-1,0,62189,150460,4,1,1853,1,0
3757,0,-1,0,128276,192133,2,1,1937,0,0
3758,0,-1,0,22968,318855,4,1,1901,0,0
3759,0,-1,0,133380,453669,0,1,471,0,0
3760,0,-1,0,12671,324548,0,1,1581,1,0
3761,0,-1,0,37247,6968,2,1,244,0,0
3762,0,-1,0,129175,451239,2,0,663,1,0
3763,0,-1,0,153938,362300,1,0,15,0,0
3764,0,-1,0,16214,417470,0,1,19,2,0
3765,0,-1,0,111642,327789,1,0,27,1,0
3766,0,-1,0,130463,153082,0,0,5,0,0
3767,0,-1,0,56186,441528,1,1,1693,0,0
3768,0,-1,0,37006,198546,2,1,826,2,0
3769,0,-1,0,148809,228917,2,1,95,0,0
3770,0,-1,0,174062,148151,1,0,1314,0,0
3771,0,-1,0,41757,335370,1,1,1137,2,0
3772,0,-1,0,33274,295464,0,0,28,2,0
3773,0,-1,0,158786,136476,1,1,645,0,0
3774,0,-1,0,101299,176994,2,1,679,0,0
3775,0,-1,0,195484,383303,3,1,11,2,0
3776,0,-1,0,146935,185198,4,1,1578,0,0
3777,0,-1,0,182644,235767,3,0,1837,0,0
3778,0,-1,0,92711,343871,4,1,1206,1,0
3779,0,-1,0,97953,235723,3,1,1626,0,0
3780,0,-1,0,133273,397358,3,0,1716,0,0
3781,0,-1,0,30559,194995,2,0,626,0,0
3782,0,-1,0,129444,101642,1,0,18,0,0
3783,0,-1,0,6555,30934,1,0,1939,3,0
3784,0,-1,0,121113,71141,3,1,1157,0,0
3785,0,-1,0,33370,399072,4,0,1069,0,0
3786,0,-1,0,150809,39371,4,0,681,1,0
3787,0,-1,0,87723,352207,2,0,586,0,0
3788,0,-1,0,19931,488930,1,1,1560,2,0
3789,0,-1,0,120337,120153,4,0,699,1,0
3790,0,-1,0,78311,325968,3,0,562,2,0
3791,0,-1,0,30009,182036,3,0,1848,0,0
3792,0,-1,0,138694,467289,1,0,1368,3,0
3793,0,-1,0,126110,225592,3,1,1137,0,0
3794,0,-1,0,116850,166582,3,0,1091,0,0
3795,0,-1,0,127590,281113,3,1,1093,0,0
3796,0,-1,0,2843,95229,0,1,1441,2,0
3797,0,-1,0,179018,52172,4,1,1864,1,0
3798,0,-1,0,192250,197162,3,0,246,0,0
3799,0,-1,0,46463,459949,3,1,139,1,0
3800,0,-1,0,118604,396797,0,0,1803,1,0
3801,0,-1,0,157848,49876,4,0,131,2,0
3802,0,-1,0,12184,219109,0,1,1474,1,0
3803,0,-1,0,181058,146281,0,0,1944,0,0
3804,0,-1,0,24084,322389,2,1,9,0,0
3805,0,-1,0,107988,22785,2,0,365,0,0
3806,0,-1,0,149509,362380,3,1,678,0,0
3807,0,-1,0,40142,20409,2,0,168,3,0
3808,0,-1,0,52896,140332,1,1,1405,0,0
3809,0,-1,0,147509,349826,1,1,1347,0,0
3810,0,-1,0,154496,132366,4,0,1670,0,0
3811,0,-1,0,129245,486764,3,0,1101,2,0
3812,0,-1,0,146622,222831,2,1,307,0,0
3813,0,-1,0,112281,310208,2,0,699,1,0
3814,0,-1,0,124971,13028,1,1,886,1,0
3815,0,-1,0,114726,476684,3,0,1638,0,0
3816,0,-1,0,161796,403954,3,0,1662,0,0
3817,0,-1,0,12100,400024,0,0,18,0,0
3818,0,-1,0,73556,215808,4,1,11,1,0
3819,0,-1,0,151566,334376,4,1,498,0,0
3820,0,-1,0,188748,311042,1,0,1893,0,0
3821,0,-1,0,54449,51907,4,1,494,0,0
3822,0,-1,0,40382,166854,1,0,9,0,0
3823,0,-1,0,44013,357395,0,0,623,0,0
3824,0,-1,0,85239,153236,0,1,891,0,0
3825,0,-1,0,102547,283822,1,0,800,0,0
3826,0,-1,0,50926,186877,0,1,537,1,0
3827,0,-1,0,72258,334912,2,0,1550,0,0
3828,0,-1,0,176777,122424,4,0,408,1,0
3829,0,-1,0,136137,199223,1,1,14,1,0
3830,0,-1,0,4712,369745,3,0,1420,2,0
3831,0,-1,0,109881,178774,0,0,965,0,0
3832,0,-1,0,181648,296534,4,1,51,0,0
3833,0,-1,0,50554,427952,3,1,649,1,0
3834,0,-1,0,167377,196617,0,0,758,0,0
3835,0,-1,0,196232,481742,0,1,1402,0,0
3836,0,-1,0,10767,211678,2,1,22,1,0
3837,0,-1,0,798,37885,3,0,1032,1,0
3838,0,-1,0,191791,106243,3,0,135,2,0
3839,0,-1,0,119958,355311,4,0,285,0,0
3840,0,-1,0,23523,220216,1,1,880,2,0
3841,0,-1,0,34501,440440,0,1,835,0,0
3842,0,-1,0,69015,188612,2,1,1231,2,0
3843,0,-1,0,166600,243176,2,1,642,0,0
3844,0,-1,0,74829,173609,1,0,2,2,0
3845,0,-1,0,184721,275270,2,0,1355,1,0
3846,0,-1,0,150486,454766,3,0,398,0,0
3847,0,-1,0,24850,458602,1,0,615,0,0
3848,0,-1,0,170850,237500,3,0,1901,2,0
3849,0,-1,0,69830,485211,3,1,32,0,0
3850,0,-1,0,90147,95228,3,0,247,0,0
3851,0,-1,0,93746,318927,0,0,57,0,0
3852,0,-1,0,122096,424793,1,0,1469,1,0
3853,0,-1,0,154330,214906,1,1,25,0,0
3854,0,-1,0,137145,400693,0,1,28,2,0
3855,0,-1,0,5083,326979,0,0,922,2,0
3856,0,-1,0,105775,27496,4,0,318,0,0
3857,0,-1,0,169963,438742,1,1,1625,1,0
3858,0,-1,0,116042,107257,4,0,1943,2,0
3859,0,-1,0,133989,332837,4,0,11,0,0
3860,0,-1,0,78376,244498,3,0,10,0,0
3861,0,-1,0,191990,352686,1,1,1248,2,0
3862,0,-1,0,73059,320884,3,0,223,2,0
3863,0,-1,0,99836,10246,3,0,158,0,0
3864,0,-1,0,167257,140910,4,1,93,0,0
3865,0,-1,0,179745,227972,4,0,1409,1,0
3866,0,-1,0,191506,406301,3,0,1648,1,0
3867,0,-1,0,23237,187302,1,1,18,2,0
3868,0,-1,0,102907,231975,2,1,1057,3,0
3869,0,-1,0,159693,156529,3,0,9,0,0
3870,0,-1,0,87612,252014,1,0,8,1,0
3871,0,-1,0,117076,109337,2,0,725,2,0
3872,0,-1,0,154372,408346,4,0,505,2,0
3873,0,-1,0,83719,216371,1,0,385,2,0
3874,0,-1,0,104599,397952,4,1,750,1,0
3875,0,-1,0,129114,132934,0,1,718,0,0
3876,0,-1,0,153535,346797,3,1,1075,0,0
3877,0,-1,0,146639,77748,2,1,846,0,0
3878,0,-1,0,198761,373060,0,1,3,1,0
3879,0,-1,0,8550,33109,1,0,937,3,0
3880,0,-1,0,59299,346276,4,1,908,1,0
3881,0,-1,0,152330,9107,0,1,20,1,0
3882,0,-1,0,112964,278466,2,1,313,1,0
3883,0,-1,0,96196,280203,0,0,111,0,0
3884,0,-1,0,147855,165511,0,0,698,2,0
3885,0,-1,0,59512,223589,1,0,17,0,0
3886,0,-1,0,13207,13532,4,1,1964,0,0
3887,0,-1,0,137100,121265,2,1,881,1,0
3888,0,-1,0,188497,338762,4,1,32,0,0
3889,0,-1,0,76221,406840,4,0,1541,0,0
3890,0,-1,0,101234,91275,3,0,1739,1,0
3891,0,-1,0,163345,47844,2,1,11,0,0
3892,0,-1,0,88872,269686,4,1,260,0,0
3893,0,-1,0,78942,475703,0,1,1431,0,0
3894,0,-1,0,153635,116008,3,1,584,1,0
3895,0,-1,0,41676,464001,1,0,1407,0,0
3896,0,-1,0,177153,23733,4,0,1395,1,0
3897,0,-1,0,181925,434841,3,0,242,1,0
3898,0,-1,0,40528,222359,3,1,1539,0,0
3899,0,-1,0,19444,274208,4,0,1849,3,0
3900,0,-1,0,166714,336532,1,1,818,0,0
3901,0,-1,0,38961,226755,0,0,957,1,0
3902,0,-1,0,188596,118380,0,0,668,1,0
3903,0,-1,0,186740,74847,3,0,255,0,0
3904,0,-1,0,6753,224263,2,1,1286,0,0
3905,0,-1,0,153578,258464,2,0,335,0,0
3906,0,-1,0,73832,393933,0,0,793,0,0
3907,0,-1,0,145724,232689,3,0,1867,0,0
3908,0,-1,0,161134,135752,3,0,495,0,0
3909,0,-1,0,181522,185785,4,1,1773,0,0
3910,0,-1,0,180876,232123,3,1,530,1,0
3911,0,-1,0,119046,311642,2,0,247,0,0
3912,0,-1,0,45488,391891,4,0,1237,0,0
3913,0,-1,0,12851,137887,0,1,722,0,0
3914,0,-1,0,135972,374598,4,1,189,0,0
3915,0,-1,0,184427,453147,0,0,745,0,0
3916,0,-1,0,108073,139997,3,1,883,0,0
3917,0,-1,0,124122,358258,1,0,846,0,0
3918,0,-1,0,196980,131948,2,1,12,2,0
3919,0,-1,0,153125,259053,2,0,794,0,0
3920,0,-1,0,102636,165618,1,1,1351,1,0
3921,0,-1,0,167804,66762,1,1,1897,0,0
3922,0,-1,0,17572,327654,4,1,821,1,0
3923,0,-1,0,78485,183505,0,1,1070,0,0
3924,0,-1,0,135697,120676,3,1,1209,1,0
3925,0,-1,0,58610,89842,3,1,1672,0,0
3926,0,-1,0,1803,109048,3,0,1354,1,0
3927,0,-1,0,167071,52763,3,1,1474,2,0
3928,0,-1,0,60200,276178,1,1,1288,0,0
3929,0,-1,0,110381,278204,1,1,96,1,0
3930,0,-1,0,116831,463448,3,1,1432,2,0
3931,0,-1,0,148462,288398,0,1,924,0,0
3932,0,-1,0,43531,387156,2,1,25,0,0
3933,0,-1,0,40259,19397,1,0,597,0,0
3934,0,-1,0,121180,331320,0,0,156,0,0
3935,0,-1,0,71937,420583,1,1,892,0,0
3936,0,-1,0,183488,91708,1,1,921,2,0
3937,0,-1,0,95674,291285,4,1,1763,3,0
3938,0,-1,0,131803,469915,3,0,44,0,0
3939,0,-1,0,24753,256284,2,0,84,0,0
3940,0,-1,0,13024,72957,3,0,869,1,0
3941,0,-1,0,38480,125361,4,0,936,1,0
3942,0,-1,0,151221,178602,2,0,22,0,0
3943,0,-1,0,56358,160674,1,0,1326,0,0
3944,0,-1,0,16790,485901,2,1,1996,0,0
3945,0,-1,0,45574,309398,1,1,1417,2,0
3946,0,-1,0,186838,266416,3,0,880,0,0
3947,0,-1,0,190941,408293,2,1,539,1,0
3948,0,-1,0,63253,400265,2,1,1337,0,0
3949,0,-1,0,181423,309800,1,0,1833,1,0
3950,0,-1,0,174611,54452,4,0,57,0,0
3951,0,-1,0,104771,390419,1,0,601,0,0
3952,0,-1,0,189065,358066,4,1,759,0,0
3953,0,-1,0,147361,399797,0,0,1036,2,0
3954,0,-1,0,86415,479465,4,0,1948,0,0
3955,0,-1,0,92,401298,4,1,10,0,0
3956,0,-1,0,27016,339106,2,1,338,0,0
3957,0,-1,0,34182,402237,2,1,1032,2,0
3958,0,-1,0,112241,458149,1,1,1351,0,0
3959,0,-1,0,9791,97438,1,1,565,2,0
3960,0,-1,0,72511,493353,2,0,597,2,0
3961,0,-1,0,93419,355414,0,0,27,1,0
3962,0,-1,0,151193,272418,3,1,1298,0,0
3963,0,-1,0,49786,187842,0,1,13,2,0
3964,0,-1,0,64730,445399,4,1,1785,0,0
3965,0,-1,0,90167,250660,2,1,120,0,0
3966,0,-1,0,169259,31157,4,1,450,1,0
3967,0,-1,0,3839,57999,1,0,1746,0,0
3968,0,-1,0,24421,215001,1,1,1337,1,0
3969,0,-1,0,2091,267834,4,0,1803,1,0
3970,0,-1,0,145801,190642,0,1,575,0,0
3971,0,-1,0,102038,85928,3,1,1370,0,0
3972,0,-1,0,96831,492439,1,0,1052,0,0
3973,0,-1,0,143525,99181,2,1,620,2,0
3974,0,-1,0,55317,462644,2,1,178,0,0
3975,0,-1,0,84389,13729,0,0,347,2,0
3976,0,-1,0,119582,331988,0,1,1369,1,0
3977,0,-1,0,111780,412837,1,1,469,1,0
3978,0,-1,0,46745,75503,1,0,1352,1,0
3979,0,-1,0,125075,375085,0,0,16,0,0
3980,0,-1,0,88377,294412,4,0,274,0,0
3981,0,-1,0,128355,226047,3,1,3,0,0
3982,0,-1,0,146401,440858,2,1,5,2,0
3983,0,-1,0,1041,311446,2,1,30,0,0
3984,0,-1,0,88961,92714,2,1,1624,2,0
3985,0,-1,0,132779,187618,1,1,1509,0,0
3986,0,-1,0,131426,118112,1,0,18,0,0
3987,0,-1,0,87605,206484,3,0,238,0,0
3988,0,-1,0,11595,380071,1,0,1370,1,0
3989,0,-1,0,77328,281305,1,0,12,3,0
3990,0,-1,0,140725,326645,4,1,1631,0,0
3991,0,-1,0,175720,266489,1,1,431,2,0
3992,0,-1,0,152314,416349,0,0,1557,0,0
3993,0,-1,0,193992,178926,2,0,1260,3,0
3994,0,-1,0,169663,357636,1,0,1157,0,0
3995,0,-1,0,55559,127278,1,1,1610,0,0
3996,0,-1,0,23726,24742,4,1,1053,0,0
3997,0,-1,0,11765,144627,1,1,1741,0,0
3998,0,-1,0,81854,53224,4,1,7,0,0
3999,0,-1,0,64248,389645,4,1,32,0,0
4000,0,-1,0,85475,151942,0,0,1891,1,0
4001,0,-1,0,175237,436377,3,1,1427,2,0
4002,0,-1,0,134237,388550,0,0,1243,0,0
4003,0,-1,0,156692,234448,4,1,569,0,0
4004,0,-1,0,61540,185441,1,1,2,0,0
4005,0,-1,0,125734,333852,3,0,1090,0,0
4006,0,-1,0,98127,258557,4,1,1225,1,0
4007,0,-1,0,114432,432821,0,1,10,0,0
4008,0,-1,0,63981,272774,1,1,8,3,0
4009,0,-1,0,48524,484346,3,1,815,0,0
4010,0,-1,0,157960,6276,4,1,17,1,0
4011,0,-1,0,66448,146626,2,0,1824,0,0
4012,0,-1,0,132077,152577,0,0,396,0,0
4013,0,-1,0,16529,431010,2,0,847,1,0
4014,0,-1,0,134244,490357,2,1,1108,1,0
4015,0,-1,0,177393,48469,4,1,902,0,0
4016,0,-1,0,26166,129484,1,0,893,1,0
4017,0,-1,0,186572,477611,1,1,1340,1,0
4018,0,-1,0,9562,60880,4,0,1102,0,0
4019,0,-1,0,160920,75186,2,1,1950,1,0
4020,0,-1,0,85735,401549,0,0,1959,0,0
4021,0,-1,0,188288,235459,0,0,24,0,0
4022,0,-1,0,106428,10791,3,0,1599,1,0
4023,0,-1,0,11700,211238,3,1,1214,1,0
4024,0,-1,0,103962,384861,3,1,307,0,0
4025,0,-1,0,163210,304901,3,0,21,0,0
4026,0,-1,0,7010,142568,0,0,5,1,0
4027,0,-1,0,67972,438841,0,1,757,0,0
4028,0,-1,0,84738,140059,2,0,61,1,0
4029,0,-1,0,13890,36640,3,0,1975,0,0
4030,0,-1,0,38065,102188,4,1,1936,0,0
4031,0,-1,0,48178,451334,0,1,1534,2,0
4032,0,-1,0,175667,416324,2,1,88,0,0
4033,0,-1,0,194529,199909,2,1,1729,1,0
4034,0,-1,0,44038,200487,2,1,1101,0,0
4035,0,-1,0,118590,256427,3,0,1571,0,0
4036,0,-1,0,14340,170280,1,0,1690,1,0
4037,0,-1,0,115804,448804,0,1,187,1,0
4038,0,-1,0,134335,404349,2,1,430,3,0
4039,0,-1,0,43315,196159,0,1,25,0,0
4040,0,-1,0,187544,255429,0,1,1960,2,0
4041,0,-1,0,188293,186969,0,1,1098,0,0
4042,0,-1,0,63613,93541,1,1,858,1,0
4043,0,-1,0,111417,478577,1,0,1629,0,0
4044,0,-1,0,168396,192965,0,0,203,1,0
4045,0,-1,0,108967,393752,3,0,557,0,0
4046,0,-1,0,178173,437106,2,1,1206,0,0
4047,0,-1,0,77508,363778,4,1,15,2,0
4048,0,-1,0,39737,481460,0,1,323,0,0
4049,0,-1,0,174639,454739,4,0,4,0,0
4050,0,-1,0,20838,178901,3,1,457,1,0
4051,0,-1,0,119991,142944,0,1,9,0,0
4052,0,-1,0,74073,250952,0,0,45,0,0
4053,0,-1,0,138998,118383,1,1,221,3,0
4054,0,-1,0,28852,493426,1,0,1880,0,0
4055,0,-1,0,156973,486851,2,1,1125,0,0
4056,0,-1,0,107285,65045,4,1,1917,1,0
4057,0,-1,0,54844,367720,2,0,28,1,0
4058,0,-1,0,145596,375955,4,1,83,1,0
4059,0,-1,0,94749,170302,4,1,28,1,0
4060,0,-1,0,29033,349615,1,0,1614,1,0
4061,0,-1,0,76836,53336,4,1,193,0,0
4062,0,-1,0,12722,479309,1,0,817,0,0
4063,0,-1,0,112775,168414,3,1,571,0,0
4064,0,-1,0,50611,376918,0,1,1195,0,0
4065,0,-1,0,103471,11266,0,0,26,2,0
4066,0,-1,0,77023,412530,3,0,1971,0,0
4067,0,-1,0,55614,345645,0,1,395,1,0
4068,0,-1,0,26687,175763,3,0,1507,1,0
4069,0,-1,0,46733,285873,1,1,1899,0,0
4070,0,-1,0,2212,128897,2,0,22,1,0
4071,0,-1,0,126667,329531,2,1,1282,3,0
4072,0,-1,0,302,365405,3,1,12,0,0
4073,0,-1,0,51157,457034,4,1,320,1,0
4074,0,-1,0,46631,329353,0,1,1743,0,0
4075,0,-1,0,142586,450399,2,0,14,0,0
4076,0,-1,0,69552,8118,4,0,900,0,0
4077,0,-1,0,83177,415943,0,0,1807,2,0
4078,0,-1,0,144467,434193,1,1,1527,0,0
4079,0,-1,0,11144,120426,4,1,746,0,0
4080,0,-1,0,92616,342090,0,1,1784,1,0
4081,0,-1,0,6280,235662,3,1,1914,0,0
4082,0,-1,0,66481,318516,0,0,16,3,0
4083,0,-1,0,59611,112172,4,0,1726,1,0
4084,0,-1,0,177922,73109,2,1,706,0,0
4085,0,-1,0,163085,485378,4,0,755,2,0
4086,0,-1,0,194098,374066,1,1,1957,1,0
4087,0,-1,0,20089,374873,4,0,304,0,0
4088,0,-1,0,104205,312858,4,0,735,2,0
4089,0,-1,0,160822,113050,4,0,1956,0,0
4090,0,-1,0,182290,259189,3,0,664,1,0
4091,0,-1,0,183001,88051,0,0,1453,0,0
4092,0,-1,0,54427,202644,0,1,366,1,0
4093,0,-1,0,122861,61018,4,0,2,1,0
4094,0,-1,0,106780,112355,4,0,1678,3,0
4095,0,-1,0,8938,110503,2,1,1492,0,0
4096,0,-1,0,168096,312080,0,1,966,1,0
4097,0,-1,0,116720,263350,2,1,77,1,0
4098,0,-1,0,66188,45751,2,1,18,0,0
4099,0,-1,0,53288,243442,0,0,1584,1,0
4100,0,-1,0,67224,322976,3,0,496,0,0
4101,0,-1,0,147811,149264,4,0,1639,0,0
4102,0,-1,0,110232,16474,1,1,1207,0,0
4103,0,-1,0,67364,380810,0,0,1710,0,0
4104,0,-1,0,174481,170769,0,1,1699,0,0
4105,0,-1,0,153302,238140,3,1,649,0,0
4106,0,-1,0,185442,86289,0,0,1558,1,0
4107,0,-1,0,142384,166885,0,1,282,2,0
4108,0,-1,0,100020,94587,3,1,977,0,0
4109,0,-1,0,16692,456759,3,1,661,1,0
4110,0,-1,0,104388,442045,1,0,655,2,0
4111,0,-1,0,39187,342548,3,1,941,2,0
4112,0,-1,0,62088,159695,0,1,635,0,0
4113,0,-1,0,61283,453077,0,1,874,2,0
4114,0,-1,0,353,221733,1,1,380,0,0
4115,0,-1,0,178848,433061,2,1,1144,0,0
4116,0,-1,0,190764,219756,0,1,642,1,0
4117,0,-1,0,22514,441592,0,1,1661,0,0
4118,0,-1,0,48856,275447,0,1,8,0,0
4119,0,-1,0,39148,109629,4,0,1871,2,0
4120,0,-1,0,38057,471674,3,1,1166,0,0
4121,0,-1,0,168220,15236,0,0,633,2,0
4122,0,-1,0,79102,96781,4,0,1,1,0
4123,0,-1,0,83911,252456,4,1,262,1,0
4124,0,-1,0,162064,321476,2,0,619,0,0
4125,0,-1,0,84101,224497,3,0,148,1,0
4126,0,-1,0,107956,10638,4,1,1290,2,0
4127,0,-1,0,169656,103152,3,0,1764,2,0
4128,0,-1,0,73362,464506,3,0,794,1,0
4129,0,-1,0,57003,493644,1,0,8,0,0
4130,0,-1,0,151303,121527,2,0,615,1,0
4131,0,-1,0,155151,7181,2,1,15,3,0
4132,0,-1,0,164094,223184,2,0,20,1,0
4133,0,-1,0,83242,381801,0,1,1935,0,0
4134,0,-1,0,34696,465846,4,0,1188,1,0
4135,0,-1,0,137244,279440,2,1,110,0,0
4136,0,-1,0,118583,314995,3,1,435,0,0
4137,0,-1,0,66927,416875,3,0,1572,1,0
4138,0,-1,0,178143,121570,1,1,1332,0,0
4139,0,-1,0,9690,395015,4,0,577,0,0
4140,0,-1,0,125612,25675,1,0,2,0,0
4141,0,-1,0,64507,413101,0,1,823,1,0
4142,0,-1,0,147165,428609,1,0,1444,0,0
4143,0,-1,0,58434,210102,1,1,869,0,0
4144,0,-1,0,114541,495535,2,0,831,1,0
4145,0,-1,0,44787,173018,2,0,1503,0,0
4146,0,-1,0,53032,278007,2,1,1248,0,0
4147,0,-1,0,187752,312154,2,0,1763,0,0
4148,0,-1,0,147534,288322,4,1,1516,0,0
4149,0,-1,0,2698,51690,4,0,383,2,0
4150,0,-1,0,98736,414340,0,0,727,0,0
4151,0,-1,0,156883,174514,1,0,214,1,0
4152,0,-1,0,16607,365606,4,0,517,3,0
4153,0,-1,0,133859,431337,4,0,31,0,0
4154,0,-1,0,123716,453739,1,0,272,1,0
4155,0,-1,0,103242,415775,2,0,1593,0,0
4156,0,-1,0,86802,311214,1,0,660,1,0
4157,0,-1,0,134269,131929,0,0,1,0,0
4158,0,-1,0,63459,312151,3,1,1402,3,0
4159,0,-1,0,76393,126264,1,0,1796,1,0
4160,0,-1,0,109342,226873,0,1,977,0,0
4161,0,-1,0,30212,432926,1,1,491,1,0
4162,0,-1,0,76271,181664,0,1,10,0,0
4163,0,-1,0,15862,346070,1,0,892,2,0
4164,0,-1,0,2304,483356,1,1,276,2,0
4165,0,-1,0,166104,379370,2,0,1551,1,0
4166,0,-1,0,102127,188902,4,0,903,0,0
4167,0,-1,0,192930,14112,3,0,386,0,0
4168,0,-1,0,180065,430213,2,1,1926,0,0
4169,0,-1,0,2375,37455,3,0,158,1,0
4170,0,-1,0,50252,339409,3,1,902,3,0
4171,0,-1,0,32431,373336,4,1,1545,0,0
4172,0,-1,0,105901,48814,2,0,1757,3,0
4173,0,-1,0,156391,327176,0,0,1891,0,0
4174,0,-1,0,99945,96099,4,1,265,1,0
4175,0,-1,0,12516,465786,3,0,418,0,0
4176,0,-1,0,102261,468006,3,1,1959,0,0
4177,0,-1,0,6660,304812,0,0,1516,1,0
4178,0,-1,0,184223,196725,1,1,1,0,0
4179,0,-1,0,84083,26814,0,0,6,3,0
4180,0,-1,0,163592,351016,4,0,531,0,0
4181,0,-1,0,162074,240145,0,0,419,0,0
4182,0,-1,0,130516,367345,0,1,1470,2,0
4183,0,-1,0,19353,84120,0,0,732,0,0
4184,0,-1,0,174214,326437,2,1,1140,2,0
4185,0,-1,0,144621,238732,4,1,1188,3,0
4186,0,-1,0,72507,268024,0,1,1408,0,0
4187,0,-1,0,104442,23824,1,0,1023,0,0
4188,0,-1,0,92499,497380,2,0,57,1,0
4189,0,-1,0,167513,29302,1,1,176,2,0
4190,0,-1,0,54418,141512,3,1,509,0,0
4191,0,-1,0,34079,352150,2,1,219,0,0
4192,0,-1,0,157837,481338,0,1,1588,1,0
4193,0,-1,0,186456,300352,3,0,13,0,0
4194,0,-1,0,35142,127193,4,1,1197,1,0
4195,0,-1,0,162025,234787,3,0,1892,1,0
4196,0,-1,0,97894,159967,1,0,1706,0,0
4197,0,-1,0,4041,189789,3,1,519,1,0
4198,0,-1,0,9351,66108,1,0,68,1,0
4199,0,-1,0,133038,457510,3,1,27,0,0
4200,0,-1,0,85164,414826,3,1,396,2,0
4201,0,-1,0,79469,262287,3,0,1944,0,0
4202,0,-1,0,104184,66010,1,1,504,2,0
4203,0,-1,0,3785,288975,0,1,1107,0,0
4204,0,-1,0,162959,40592,2,0,29,0,0
4205,0,-1,0,60700,424071,0,1,1024,1,0
4206,0,-1,0,8907,46622,2,1,813,2,0
4207,0,-1,0,21892,384544,3,1,531,0,0
4208,0,-1,0,124855,147485,2,0,1227,0,0
4209,0,-1,0,177352,358594,4,1,849,0,0
4210,0,-1,0,145264,24888,1,0,635,0,0
4211,0,-1,0,115451,154724,4,1,1623,1,0
4212,0,-1,0,144533,247970,2,1,502,2,0
4213,0,-1,0,98908,350842,0,1,1795,0,0
4214,0,-1,0,86310,316189,1,0,1138,0,0
4215,0,-1,0,199179,29453,4,0,1854,1,0
4216,0,-1,0,23089,343009,2,1,582,1,0
4217,0,-1,0,110743,386731,1,0,1926,0,0
4218,0,-1,0,91301,22946,4,1,302,0,0
4219,0,-1,0,46389,438018,0,0,70,2,0
4220,0,-1,0,26883,446089,1,1,1710,0,0
4221,0,-1,0,109847,395484,1,0,465,0,0
4222,0,-1,0,69857,181226,0,1,853,1,0
4223,0,-1,0,34148,336047,0,1,908,0,0
4224,0,-1,0,183891,120567,2,1,603,0,0
4225,0,-1,0,146831,25676,3,1,913,0,0
4226,0,-1,0,33884,130057,0,0,882,0,0
4227,0,-1,0,135137,454215,4,0,319,1,0
4228,0,-1,0,170350,154341,2,1,1770,2,0
4229,0,-1,0,3145,113661,1,0,1,0,0
4230,0,-1,0,157679,40349,2,0,25,1,0
4231,0,-1,0,115395,118074,1,0,813,2,0
4232,0,-1,0,122469,108102,1,0,5,3,0
4233,0,-1,0,90155,268741,1,1,1349,1,0
4234,0,-1,0,127357,85846,4,0,1735,0,0
4235,0,-1,0,59411,56904,0,1,1772,0,0
4236,0,-1,0,113776,85500,0,1,1777,1,0
4237,0,-1,0,4429,416598,1,0,651,0,0
4238,0,-1,0,176038,75381,0,1,1126,2,0
4239,0,-1,0,93835,214054,0,0,50,0,0
4240,0,-1,0,129447,11930,4,0,1904,2,0
4241,0,-1,0,94303,194305,4,1,19,0,0
4242,0,-1,0,139707,310829,0,0,15,1,0
4243,0,-1,0,102553,345060,1,1,1842,0,0
4244,0,-1,0,41228,264080,4,1,437,0,0
4245,0,-1,0,73459,125393,0,0,22,2,0
4246,0,-1,0,181887,315910,4,0,12,0,0
4247,0,-1,0,65435,29671,4,1,82,0,0
4248,0,-1,0,190360,267482,4,1,127,3,0
4249,0,-1,0,88466,234487,4,1,1785,0,0
4250,0,-1,0,172146,346244,0,1,1882,2,0
4251,0,-1,0,12402,336366,4,1,1744,0,0
4252,0,-1,0,21174,432492,3,0,1607,0,0
4253,0,-1,0,76773,428897,0,0,1979,3,0
4254,0,-1,0,76791,108138,4,0,1104,0,0
4255,0,-1,0,93987,456131,3,1,866,0,0
4256,0,-1,0,18931,215023,3,1,85,2,0
4257,0,-1,0,82549,399074,2,0,39,0,0
4258,0,-1,0,158954,495777,3,0,894,2,0
4259,0,-1,0,42526,18897,2,1,1034,0,0
4260,0,-1,0,76652,429997,1,0,1108,0,0
4261,0,-1,0,173069,277420,3,0,613,0,0
4262,0,-1,0,85571,454889,1,1,1680,1,0
4263,0,-1,0,30216,55815,3,1,1462,2,0
4264,0,-1,0,32429,116592,1,1,1211,1,0
4265,0,-1,0,49000,96663,3,1,562,1,0
4266,0,-1,0,33795,420959,0,1,1758,2,0
4267,0,-1,0,41038,127253,1,1,448,1,0
4268,0,-1,0,114844,422740,2,0,659,1,0
4269,0,-1,0,197200,10500,2,1,1872,0,0
4270,0,-1,0,66466,62023,4,0,832,0,0
4271,0,-1,0,79172,498648,1,1,446,2,0
4272,0,-1,0,146858,114961,3,1,890,0,0
4273,0,-1,0,60761,480880,0,1,273,1,0
4274,0,-1,0,65243,392643,3,0,1893,0,0
4275,0,-1,0,168457,62262,4,0,12,0,0
4276,0,-1,0,131370,359665,0,0,1946,0,0
4277,0,-1,0,128617,69260,2,0,1239,2,0
4278,0,-1,0,32052,412711,1,0,1374,0,0
4279,0,-1,0,35634,436984,3,1,703,0,0
4280,0,-1,0,65735,107553,4,1,32,0,0
4281,0,-1,0,91037,172865,3,1,287,0,0
4282,0,-1,0,69201,27808,3,1,1058,0,0
4283,0,-1,0,139764,381790,0,0,1426,0,0
4284,0,-1,0,162161,181172,0,0,40,1,0
4285,0,-1,0,58238,378496,0,1,286,0,0
4286,0,-1,0,192843,351304,0,0,1667,0,0
4287,0,-1,0,15855,230339,0,0,1331,1,0
4288,0,-1,0,76853,173597,2,0,382,1,0
4289,0,-1,0,182557,242384,0,1,1,0,0
4290,0,-1,0,92773,205579,0,1,1601,0,0
4291,0,-1,0,68857,303516,2,0,24,0,0
4292,0,-1,0,45799,221977,2,1,446,2,0
4293,0,-1,0,35003,151983,0,0,8,2,0
4294,0,-1,0,98685,483632,4,1,513,3,0
4295,0,-1,0,197654,304681,1,0,623,1,0
4296,0,-1,0,22779,250471,3,0,304,1,0
4297,0,-1,0,89190,327901,0,0,1528,3,0
4298,0,-1,0,26125,25234,1,1,1213,0,0
4299,0,-1,0,5868,409776,0,1,8,2,0
4300,0,-1,0,87125,72415,2,0,515,1,0
4301,0,-1,0,58269,29450,0,0,11,0,0
4302,0,-1,0,149240,173888,3,1,1833,0,0
4303,0,-1,0,166990,206828,0,1,755,0,0
4304,0,-1,0,1996,54780,3,1,4,0,0
4305,0,-1,0,55719,76990,0,1,241,1,0
4306,0,-1,0,41886,410816,0,0,14,0,0
4307,0,-1,0,98085,253737,3,1,1581,0,0
4308,0,-1,0,125624,281385,0,0,1178,0,0
4309,0,-1,0,135991,49101,4,1,1179,0,0
4310,0,-1,0,175190,62180,2,1,869,0,0
4311,0,-1,0,173806,103004,0,1,1265,2,0
4312,0,-1,0,65694,429704,1,0,1894,3,0
4313,0,-1,0,190934,144497,2,1,948,0,0
4314,0,-1,0,159706,33887,1,1,1719,0,0
4315,0,-1,0,127050,145286,3,0,97,1,0
4316,0,-1,0,136039,445677,2,0,1151,0,0
4317,0,-1,0,126075,467231,3,1,947,0,0
4318,0,-1,0,192915,186974,0,1,249,0,0
4319,0,-1,0,119587,340966,4,1,10,0,0
4320,0,-1,0,71573,323234,3,1,1800,2,0
4321,0,-1,0,45305,128359,0,1,1839,1,0
4322,0,-1,0,105322,11716,0,0,1099,2,0
4323,0,-1,0,147881,324898,2,0,1540,0,0
4324,0,-1,0,70706,345315,3,0,16,0,0
4325,0,-1,0,108156,49418,1,0,859,2,0
4326,0,-1,0,47179,234099,0,1,1615,0,0
4327,0,-1,0,121934,197083,0,1,784,2,0
4328,0,-1,0,118132,208991,2,0,263,0,0
4329,0,-1,0,15096,486985,3,1,1074,1,0
4330,0,-1,0,116703,169053,2,0,1923,0,0
4331,0,-1,0,58673,24441,3,1,1319,2,0
4332,0,-1,0,36589,458016,1,1,1444,2,0
4333,0,-1,0,12446,434925,2,0,517,2,0
4334,0,-1,0,146097,267640,1,1,24,2,0
4335,0,-1,0,61116,125052,4,0,737,1,0
4336,0,-1,0,18071,211835,1,1,123,1,0
4337,0,-1,0,16723,58735,0,1,1362,3,0
4338,0,-1,0,96366,122288,3,1,1106,1,0
4339,0,-1,0,54103,106422,1,0,1003,2,0
4340,0,-1,0,61826,445358,2,1,11,0,0
4341,0,-1,0,101875,138613,3,0,1545,2,0
4342,0,-1,0,31023,153977,0,1,9,2,0
4343,0,-1,0,81816,81991,0,0,833,0,0
4344,0,-1,0,150228,88187,0,1,20,2,0
4345,0,-1,0,16003,439427,3,1,151,0,0
4346,0,-1,0,191214,143720,1,1,641,1,0
4347,0,-1,0,15667,402555,4,1,220,0,0
4348,0,-1,0,111547,292855,4,0,1839,0,0
4349,0,-1,0,23846,254394,4,0,1970,2,0
4350,0,-1,0,127518,467942,1,0,1170,0,0
4351,0,-1,0,145901,441873,2,0,948,0,0
4352,0,-1,0,102970,126397,3,1,1768,1,0
4353,0,-1,0,64638,417338,0,0,13,0,0
4354,0,-1,0,71417,378468,0,1,946,0,0
4355,0,-1,0,57026,217983,4,1,4,0,0
4356,0,-1,0,175629,450270,3,0,1281,1,0
4357,0,-1,0,171489,476153,0,1,1771,0,0
4358,0,-1,0,126782,367447,3,0,1966,0,0
4359,0,-1,0,115145,47643,0,1,111,0,0
4360,0,-1,0,53964,142395,3,0,1487,1,0
4361,0,-1,0,98816,178595,2,0,1,3,0
4362,0,-1,0,192921,349300,4,1,878,1,0
4363,0,-1,0,44773,101304,2,1,728,0,0
4364,0,-1,0,44071,492311,2,0,480,0,0
4365,0,-1,0,3561,48600,0,1,25,1,0
4366,0,-1,0,93382,169446,3,0,329,3,0
4367,0,-1,0,64516,221643,0,0,1218,0,0
4368,0,-1,0,149788,422982,0,0,11,1,0
4369,0,-1,0,76675,374897,3,1,1974,0,0
4370,0,-1,0,117916,403933,2,0,1911,0,0
4371,0,-1,0,89148,274785,4,1,1772,1,0
4372,0,-1,0,126646,14915,3,1,1263,0,0
4373,0,-1,0,1384,480351,0,0,1650,2,0
4374,0,-1,0,84416,38492,2,1,46,2,0
4375,0,-1,0,33453,330970,1,1,1634,0,0
4376,0,-1,0,106023,248043,1,0,1502,2,0
4377,0,-1,0,124096,136247,2,0,29,1,0
4378,0,-1,0,42060,213543,0,1,815,0,0
4379,0,-1,0,72194,371193,3,1,1273,3,0
4380,0,-1,0,68338,167288,2,1,521,1,0
4381,0,-1,0,30998,413879,0,1,1379,1,0
4382,0,-1,0,129711,266636,3,1,1132,0,0
4383,0,-1,0,99102,426862,2,1,1800,0,0
4384,0,-1,0,139972,495674,2,0,785,0,0
4385,0,-1,0,75302,88188,1,1,14,0,0
4386,0,-1,0,164415,57515,4,0,113,0,0
4387,0,-1,0,12087,167686,3,0,20,0,0
4388,0,-1,0,33358,150277,2,1,13,1,0
4389,0,-1,0,199398,379112,2,0,1652,3,0
4390,0,-1,0,31869,405212,0,1,1827,0,0
4391,0,-1,0,190612,338439,1,0,10,0,0
4392,0,-1,0,45481,446960,4,0,1070,0,0
4393,0,-1,0,37234,311004,4,0,1083,0,0
4394,0,-1,0,60682,190369,1,1,112,0,0
4395,0,-1,0,160573,37318,2,0,1542,1,0
4396,0,-1,0,84149,453998,0,1,848,2,0
4397,0,-1,0,131008,194149,0,0,1097,0,0
4398,0,-1,0,52074,244692,1,1,1397,3,0
4399,0,-1,0,118159,73670,2,0,778,0,0
4400,0,-1,0,92621,339556,0,1,729,0,0
4401,0,-1,0,3515,430638,0,1,349,1,0
4402,0,-1,0,13901,194299,2,1,1244,3,0
4403,0,-1,0,70659,193207,4,1,1528,0,0
4404,0,-1,0,162336,428850,4,0,191,3,0
4405,0,-1,0,169919,211581,2,1,1046,0,0
4406,0,-1,0,17579,262071,4,1,1195,2,0
4407,0,-1,0,56990,499423,2,1,495,1,0
4408,0,-1,0,88487,139995,0,1,511,0,0
4409,0,-1,0,23121,139661,3,0,1989,0,0
4410,0,-1,0,98015,250040,4,0,425,3,0
4411,0,-1,0,128042,146977,4,1,1957,2,0
4412,0,-1,0,25276,451782,1,1,1780,0,0
4413,0,-1,0,154142,469782,4,1,38,0,0
4414,0,-1,0,148100,272442,2,0,2,2,0
4415,0,-1,0,116671,245313,1,0,1607,0,0
4416,0,-1,0,146572,255760,3,1,1551,0,0
4417,0,-1,0,141111,348095,4,1,678,0,0
4418,0,-1,0,12261,206744,0,1,1374,1,0
4419,0,-1,0,116512,106085,0,0,616,2,0
4420,0,-1,0,139783,306860,2,0,9,0,0
4421,0,-1,0,168192,44073,1,0,9,0,0
4422,0,-1,0,143719,49594,4,0,25,1,0
4423,0,-1,0,183106,159549,0,1,199,1,0
4424,0,-1,0,46396,195841,3,0,20,0,0
4425,0,-1,0,72592,243003,2,0,1384,0,0
4426,0,-1,0,87873,87441,3,1,102,0,0
4427,0,-1,0,32942,244928,1,1,659,0,0
4428,0,-1,0,53072,478574,2,0,1510,2,0
4429,0,-1,0,116456,301828,4,1,490,1,0
4430,0,-1,0,126304,404360,1,1,1677,2,0
4431,0,-1,0,169071,103907,4,0,1858,2,0
4432,0,-1,0,120410,74192,4,0,1647,1,0
4433,0,-1,0,161553,103965,4,0,1122,0,0
4434,0,-1,0,2837,200979,3,0,1630,0,0
4435,0,-1,0,105567,186678,3,1,242,0,0
4436,0,-1,0,39116,213202,1,1,14,0,0
4437,0,-1,0,80953,163323,1,1,19,0,0
4438,0,-1,0,34180,243142,3,1,612,0,0
4439,0,-1,0,102320,205430,2,0,785,0,0
4440,0,-1,0,179570,336426,0,1,18,0,0
4441,0,-1,0,4871,294053,4,0,1083,2,0
4442,0,-1,0,159954,199715,3,1,1004,0,0
4443,0,-1,0,180376,6322,1,0,1305,0,0
4444,0,-1,0,151154,16575,1,1,1712,1,0
4445,0,-1,0,49834,9912,4,0,317,0,0
4446,0,-1,0,124136,40321,0,1,833,2,0
4447,0,-1,0,168839,249230,1,1,13,0,0
4448,0,-1,0,138651,169082,1,0,1698,1,0
4449,0,-1,0,74632,45340,0,0,15,1,0
4450,0,-1,0,79471,455643,2,1,299,0,0
4451,0,-1,0,100784,485445,3,0,695,0,0
4452,0,-1,0,48234,101726,3,1,611,0,0
4453,0,-1,0,158422,99617,2,0,219,0,0
4454,0,-1,0,173097,366119,4,0,218,1,0
4455,0,-1,0,9326,116991,1,1,17,2,0
4456,0,-1,0,150706,223078,1,1,1969,0,0
4457,0,-1,0,186714,310487,2,0,1950,1,0
4458,0,-1,0,127482,103919,2,0,15,1,0
4459,0,-1,0,46065,285573,3,1,4,0,0
4460,0,-1,0,40492,159264,0,0,209,0,0
4461,0,-1,0,33441,51973,3,0,1184,0,0
4462,0,-1,0,41878,89795,0,1,169,1,0
4463,0,-1,0,135229,147116,0,0,376,1,0
4464,0,-1,0,116042,444952,1,0,579,0,0
4465,0,-1,0,131345,283262,0,1,24,0,0
4466,0,-1,0,144891,122902,3,0,543,2,0
4467,0,-1,0,51225,468027,0,0,1958,1,0
4468,0,-1,0,93768,191653,2,0,1856,2,0
4469,0,-1,0,89608,40072,0,0,16,1,0
4470,0,-1,0,121740,210255,0,1,156,0,0
4471,0,-1,0,76493,281245,3,0,371,0,0
4472,0,-1,0,790,145736,0,1,1717,0,0
4473,0,-1,0,117279,230355,1,0,27,0,0
4474,0,-1,0,3984,469040,1,1,786,1,0
4475,0,-1,0,139438,16196,4,1,17,2,0
4476,0,-1,0,169044,368817,3,0,233,0,0
4477,0,-1,0,170479,22600,2,1,643,0,0
4478,0,-1,0,50612,473072,0,0,235,1,0
4479,0,-1,0,45929,497339,4,0,585,1,0
4480,0,-1,0,84879,455212,2,0,636,0,0
4481,0,-1,0,21656,277983,4,0,1,0,0
4482,0,-1,0,121836,199179,3,0,1813,0,0
4483,0,-1,0,150001,227499,2,0,958,2,0
4484,0,-1,0,20435,303988,0,1,563,0,0
4485,0,-1,0,156898,44299,0,1,1872,0,0
4486,0,-1,0,34888,134528,2,1,982,0,0
4487,0,-1,0,34695,214436,0,0,1040,1,0
4488,0,-1,0,103708,164641,3,0,695,1,0
4489,0,-1,0,181191,366154,2,1,804,2,0
4490,0,-1,0,188031,227926,3,0,603,1,0
4491,0,-1,0,172784,308137,2,1,233,3,0
4492,0,-1,0,144452,153243,1,0,1826,0,0
4493,0,-1,0,38024,321696,2,1,1350,1,0
4494,0,-1,0,51614,261974,4,1,649,2,0
4495,0,-1,0,149310,60691,3,0,1143,0,0
4496,0,-1,0,141867,408088,1,1,42,2,0
4497,0,-1,0,62951,61246,3,0,309,1,0
4498,0,-1,0,149993,304509,4,1,8,1,0
4499,0,-1,0,124841,389624,1,0,1612,0,0
4500,0,-1,0,115294,216954,2,0,17,1,0
4501,0,-1,0,107628,77550,3,1,1807,0,0
4502,0,-1,0,59394,274574,4,0,16,0,0
4503,0,-1,0,94042,96484,4,1,1657,1,0
4504,0,-1,0,157801,353355,0,0,917,1,0
4505,0,-1,0,187428,338111,3,1,327,0,0
4506,0,-1,0,57061,437698,3,0,668,1,0
4507,0,-1,0,152052,447696,1,1,1104,0,0
4508,0,-1,0,92488,392840,4,1,298,0,0
4509,0,-1,0,62620,182390,2,0,1874,0,0
4510,0,-1,0,182367,112732,0,1,1171,2,0
4511,0,-1,0,53467,356443,1,1,1576,0,0
4512,0,-1,0,153500,54786,1,0,439,1,0
4513,0,-1,0,111243,22241,0,1,1429,0,0
4514,0,-1,0,72552,271485,3,0,1497,1,0
4515,0,-1,0,41265,201606,0,0,24,0,0
4516,0,-1,0,155396,174407,2,1,1630,0,0
4517,0,-1,0,172918,147328,2,0,576,1,0
4518,0,-1,0,75699,217096,2,0,484,1,0
4519,0,-1,0,46440,367194,3,0,180,0,0
4520,0,-1,0,119090,428024,1,1,356,0,0
4521,0,-1,0,12585,177144,1,0,719,0,0
4522,0,-1,0,166256,308658,2,0,1106,2,0
4523,0,-1,0,44788,186277,3,0,475,0,0
4524,0,-1,0,192127,474406,2,1,1868,0,0
4525,0,-1,0,99071,237891,1,1,1727,1,0
4526,0,-1,0,49871,279273,1,0,1986,1,0
4527,0,-1,0,150594,383832,0,0,15,2,0
4528,0,-1,0,119485,170869,2,0,1598,0,0
4529,0,-1,0,86563,381183,0,0,12,1,0
4530,0,-1,0,19010,243730,2,0,769,1,0
4531,0,-1,0,181461,487529,1,0,203,3,0
4532,0,-1,0,49817,358186,3,1,1410,0,0
4533,0,-1,0,41579,388277,1,0,253,0,0
4534,0,-1,0,10184,273981,0,0,1971,0,0
4535,0,-1,0,75532,22710,2,1,1084,1,0
4536,0,-1,0,136070,319724,4,0,1909,0,0
4537,0,-1,0,49807,388279,1,1,1419,0,0
4538,0,-1,0,139051,267405,1,1,129,0,0
4539,0,-1,0,91169,400952,3,0,713,1,0
4540,0,-1,0,130527,205684,0,0,1759,2,0
4541,0,-1,0,110853,477352,2,1,1415,2,0
4542,0,-1,0,87432,380288,0,1,665,0,0
4543,0,-1,0,77906,419133,4,1,21,1,0
4544,0,-1,0,186299,87338,0,0,1365,2,0
4545,0,-1,0,48510,371121,0,1,554,2,0
4546,0,-1,0,11991,80712,3,0,113,0,0
4547,0,-1,0,160031,448114,3,1,1723,0,0
4548,0,-1,0,141664,351903,0,0,1305,0,0
4549,0,-1,0,171165,460610,3,0,743,0,0
4550,0,-1,0,184645,429526,2,0,1219,0,0
4551,0,-1,0,97674,436833,4,0,634,1,0
4552,0,-1,0,94348,444212,3,0,1645,2,0
4553,0,-1,0,154717,123575,2,0,1728,2,0
4554,0,-1,0,135890,322163,3,1,280,0,0
4555,0,-1,0,136716,47941,3,0,1404,0,0
4556,0,-1,0,64293,343271,4,1,110,0,0
4557,0,-1,0,194166,116007,0,0,833,0,0
4558,0,-1,0,116207,267086,0,1,1851,0,0
4559,0,-1,0,194633,94757,0,0,1479,0,0
4560,0,-1,0,141863,357741,0,0,216,3,0
4561,0,-1,0,183679,140369,3,1,16,2,0
4562,0,-1,0,9381,412398,2,1,379,0,0
4563,0,-1,0,58429,126451,2,1,1248,1,0
4564,0,-1,0,145457,481712,3,1,1036,1,0
4565,0,-1,0,111531,464255,4,0,406,1,0
4566,0,-1,0,109194,329093,0,0,1857,2,0
4567,0,-1,0,144018,16023,1,0,1197,0,0
4568,0,-1,0,28836,75420,2,1,1662,1,0
4569,0,-1,0,38163,388031,3,0,81,1,0
4570,0,-1,0,77247,155834,3,0,1282,0,0
4571,0,-1,0,27823,369483,2,1,1968,3,0
4572,0,-1,0,93301,360733,0,0,603,3,0
4573,0,-1,0,116276,138763,2,1,1264,0,0
4574,0,-1,0,40494,32859,3,1,338,1,0
4575,0,-1,0,52640,492540,4,1,1064,2,0
4576,0,-1,0,165952,69614,2,1,895,0,0
4577,0,-1,0,117877,351524,4,1,1164,1,0
4578,0,-1,0,39397,422530,3,1,1602,0,0
4579,0,-1,0,168784,321731,0,0,1934,1,0
4580,0,-1,0,61899,70391,1,1,27,0,0
4581,0,-1,0,191524,400147,1,0,262,1,0
4582,0,-1,0,60807,167466,3,0,514,1,0
4583,0,-1,0,90344,310403,1,0,1206,0,0
4584,0,-1,0,11890,274177,3,1,1135,0,0
4585,0,-1,0,122363,50732,0,1,1372,0,0
4586,0,-1,0,74220,436108,3,1,21,0,0
4587,0,-1,0,4392,296813,1,0,365,0,0
4588,0,-1,0,60531,367300,3,0,7,0,0
4589,0,-1,0,76092,32658,1,1,19,2,0
4590,0,-1,0,12345,36426,1,1,1232,2,0
4591,0,-1,0,149427,247647,0,1,10,1,0
4592,0,-1,0,5717,463065,2,1,656,2,0
4593,0,-1,0,75698,496224,3,0,789,1,0
4594,0,-1,0,102235,346070,2,0,1637,0,0
4595,0,-1,0,121711,297117,2,0,64,0,0
4596,0,-1,0,140868,96634,1,1,390,1,0
4597,0,-1,0,161478,429612,0,1,29,0,0
4598,0,-1,0,92708,96099,4,1,972,1,0
4599,0,-1,0,22662,498191,2,1,7,2,0
4600,0,-1,0,20442,389890,2,0,1604,3,0
4601,0,-1,0,117186,322408,0,0,7,1,0
4602,0,-1,0,67019,273042,1,0,957,3,0
4603,0,-1,0,60729,491548,0,0,17,0,0
4604,0,-1,0,10706,333413,3,1,17,0,0
4605,0,-1,0,26480,440606,0,1,1050,3,0
4606,0,-1,0,90795,144187,0,0,1935,2,0
4607,0,-1,0,83226,256490,4,0,677,0,0
4608,0,-1,0,26298,329061,3,1,78,0,0
4609,0,-1,0,184740,83481,1,1,1404,0,0
4610,0,-1,0,77408,167561,0,0,597,0,0
4611,0,-1,0,124576,336098,4,0,1542,1,0
4612,0,-1,0,128659,153937,0,0,1634,0,0
4613,0,-1,0,36267,71542,1,0,528,1,0
4614,0,-1,0,172500,411695,1,1,1220,0,0
4615,0,-1,0,67903,85610,0,0,575,0,0
4616,0,-1,0,59349,79492,4,0,160,0,0
4617,0,-1,0,198003,5499,2,0,1488,0,0
4618,0,-1,0,61340,101447,0,1,1535,0,0
4619,0,-1,0,146918,236919,1,1,215,0,0
4620,0,-1,0,179035,8978,3,1,1361,1,0
4621,0,-1,0,81698,251252,2,0,1638,0,0
4622,0,-1,0,28086,394912,1,1,1538,0,0
4623,0,-1,0,193623,434821,2,0,19,2,0
4624,0,-1,0,130764,151642,1,1,1505,0,0
4625,0,-1,0,152705,237984,2,1,1174,0,0
4626,0,-1,0,169792,84023,4,0,204,2,0
4627,0,-1,0,180934,87970,4,0,1219,0,0
4628,0,-1,0,145322,465237,2,1,25,2,0
4629,0,-1,0,67373,122781,3,1,1236,0,0
4630,0,-1,0,48242,219138,2,0,107,0,0
4631,0,-1,0,13015,26035,4,0,842,0,0
4632,0,-1,0,134142,378097,2,0,1133,0,0
4633,0,-1,0,25455,471541,2,0,225,0,0
4634,0,-1,0,31666,366073,0,1,1607,1,0
4635,0,-1,0,58396,450978,3,0,22,1,0
4636,0,-1,0,186547,184330,1,1,621,0,0
4637,0,-1,0,177590,458256,2,1,1739,0,0
4638,0,-1,0,5894,35335,2,1,953,0,0
4639,0,-1,0,39047,320260,0,1,117,0,0
4640,0,-1,0,147637,279316,1,0,1389,0,0
4641,0,-1,0,52969,435302,4,1,917,0,0
4642,0,-1,0,86972,453717,4,1,1408,2,0
4643,0,-1,0,153551,460270,4,1,1832,2,0
4644,0,-1,0,57960,155772,0,1,855,3,0
4645,0,-1,0,87781,121959,3,1,23,0,0
4646,0,-1,0,118255,396192,2,0,341,0,0
4647,0,-1,0,21696,352266,2,0,690,0,0
4648,0,-1,0,60817,177202,0,1,907,0,0
4649,0,-1,0,148388,177299,1,0,28,0,0
4650,0,-1,0,197908,146035,3,0,5,1,0
4651,0,-1,0,58616,342872,4,0,1882,3,0
4652,0,-1,0,134888,450197,4,1,275,0,0
4653,0,-1,0,194887,354811,1,0,1097,2,0
4654,0,-1,0,187273,114007,1,1,1109,0,0
4655,0,-1,0,52455,235082,2,0,193,1,0
4656,0,-1,0,190366,449212,4,0,467,0,0
4657,0,-1,0,32134,432854,0,0,285,2,0
4658,0,-1,0,86291,148006,1,1,912,0,0
4659,0,-1,0,86177,427292,2,0,706,0,0
4660,0,-1,0,167154,450500,4,1,1784,2,0
4661,0,-1,0,198362,78392,0,1,159,0,0
4662,0,-1,0,170808,242797,3,0,1669,0,0
4663,0,-1,0,54049,360787,0,1,1127,1,0
4664,0,-1,0,54440,445864,0,0,756,3,0
4665,0,-1,0,162038,260542,3,0,1994,2,0
4666,0,-1,0,78565,289584,0,0,1014,2,0
4667,0,-1,0,128417,132052,0,1,1222,0,0
4668,0,-1,0,51703,112026,1,1,1569,1,0
4669,0,-1,0,57734,10804,3,1,1949,0,0
4670,0,-1,0,5523,463847,3,0,21,0,0
4671,0,-1,0,30328,197233,2,0,15,0,0
4672,0,-1,0,130974,241502,1,1,367,0,0
4673,0,-1,0,191087,467601,0,0,6,1,0
4674,0,-1,0,197024,223365,3,0,1150,0,0
4675,0,-1,0,80795,253732,4,1,791,0,0
4676,0,-1,0,6344,253623,4,1,559,0,0
4677,0,-1,0,26814,190469,0,0,472,0,0
4678,0,-1,0,127376,32247,2,1,82,2,0
4679,0,-1,0,142582,153854,2,0,718,0,0
4680,0,-1,0,80654,480876,0,1,1409,0,0
4681,0,-1,0,177770,347323,2,1,1439,0,0
4682,0,-1,0,8802,228116,0,0,818,0,0
4683,0,-1,0,88640,382939,3,0,962,1,0
4684,0,-1,0,166253,322931,0,1,24,0,0
4685,0,-1,0,37127,294274,4,0,412,0,0
4686,0,-1,0,11778,94263,0,1,21,1,0
4687,0,-1,0,125707,98645,3,0,981,0,0
4688,0,-1,0,165906,431297,2,1,227,1,0
4689,0,-1,0,27115,493942,2,1,388,0,0
4690,0,-1,0,76883,301392,3,1,413,0,0
4691,0,-1,0,199045,35832,4,0,413,1,0
4692,0,-1,0,22147,170698,1,0,331,0,0
4693,0,-1,0,88454,210931,2,1,651,1,0
4694,0,-1,0,95835,356363,0,0,1510,0,0
4695,0,-1,0,145000,163619,0,1,4,1,0
4696,0,-1,0,16194,13614,0,0,1123,1,0
4697,0,-1,0,126328,301976,1,0,1837,1,0
4698,0,-1,0,106681,465050,4,0,1730,0,0
4699,0,-1,0,105234,58101,4,1,240,0,0
4700,0,-1,0,50445,184412,4,0,1491,0,0
4701,0,-1,0,178284,146193,4,1,1510,1,0
4702,0,-1,0,22264,28662,4,0,292,1,0
4703,0,-1,0,30397,445363,0,1,957,0,0
4704,0,-1,0,184289,253638,4,1,1170,0,0
4705,0,-1,0,185031,413644,1,1,135,0,0
4706,0,-1,0,65254,256554,2,1,606,0,0
4707,0,-1,0,91241,65570,1,0,1548,0,0
4708,0,-1,0,45680,107521,4,0,676,0,0
4709,0,-1,0,102232,145793,3,1,1619,0,0
4710,0,-1,0,36925,383711,4,0,11,2,0
4711,0,-1,0,72872,454670,2,1,1993,0,0
4712,0,-1,0,193581,120718,2,0,19,1,0
4713,0,-1,0,125368,83463,3,0,1,0,0
4714,0,-1,0,135090,54035,4,0,183,1,0
4715,0,-1,0,91478,223494,0,1,898,2,0
4716,0,-1,0,133572,346889,4,1,1262,2,0
4717,0,-1,0,141620,412239,4,1,1796,0,0
4718,0,-1,0,143152,373718,4,0,1121,0,0
4719,0,-1,0,89996,412652,0,1,1001,1,0
4720,0,-1,0,66349,389823,2,1,468,0,0
4721,0,-1,0,78269,259012,2,0,1018,0,0
4722,0,-1,0,88785,417473,0,0,1985,0,0
4723,0,-1,0,11907,405900,3,0,391,0,0
4724,0,-1,0,25864,487611,4,0,515,0,0
4725,0,-1,0,73234,290922,4,1,267,1,0
4726,0,-1,0,115704,286866,2,0,1919,0,0
4727,0,-1,0,29040,365507,3,0,22,0,0
4728,0,-1,0,38033,94641,4,1,312,2,0
4729,0,-1,0,106222,217591,4,0,1343,2,0
4730,0,-1,0,161123,443937,2,1,635,1,0
4731,0,-1,0,170657,129368,1,0,1354,2,0
4732,0,-1,0,188854,42597,4,1,914,1,0
4733,0,-1,0,13445,484554,4,0,1965,1,0
4734,0,-1,0,127991,245237,3,0,877,0,0
4735,0,-1,0,171464,218444,1,0,20,1,0
4736,0,-1,0,195928,12856,2,1,805,2,0
4737,0,-1,0,43650,433774,0,1,1629,1,0
4738,0,-1,0,29767,280765,1,1,1278,0,0
4739,0,-1,0,123210,70982,0,0,1401,1,0
4740,0,-1,0,108490,147688,3,0,730,1,0
4741,0,-1,0,102799,130786,0,1,27,1,0
4742,0,-1,0,8353,484015,4,0,1691,1,0
4743,0,-1,0,175700,136462,2,1,205,2,0
4744,0,-1,0,113827,293083,0,0,246,0,0
4745,0,-1,0,115008,481931,4,0,145,0,0
4746,0,-1,0,78962,179581,0,0,1238,0,0
4747,0,-1,0,161381,31356,3,1,781,1,0
4748,0,-1,0,138444,249350,3,0,1673,1,0
4749,0,-1,0,103458,226067,4,0,1518,0,0
4750,0,-1,0,88121,52044,0,0,1873,0,0
4751,0,-1,0,140749,329514,4,0,5,0,0
4752,0,-1,0,42139,54118,3,1,24,0,0
4753,0,-1,0,91750,296472,0,0,675,0,0
4754,0,-1,0,133544,7541,4,0,18,0,0
4755,0,-1,0,117652,490194,4,1,1830,1,0
4756,0,-1,0,10806,414366,0,0,828,0,0
4757,0,-1,0,7524,391918,2,1,1527,1,0
4758,0,-1,0,39565,105436,2,0,783,0,0
4759,0,-1,0,22540,197085,4,1,1404,0,0
4760,0,-1,0,166168,233248,2,0,1243,0,0
4761,0,-1,0,76327,401950,0,1,14,2,0
4762,0,-1,0,147167,429521,0,1,1465,1,0
4763,0,-1,0,62854,272094,3,0,54,0,0
4764,0,-1,0,167954,145283,0,1,1723,1,0
4765,0,-1,0,53084,247132,2,1,1071,0,0
4766,0,-1,0,62046,54796,0,1,1978,1,0
4767,0,-1,0,139531,16243,0,0,1742,0,0
4768,0,-1,0,141863,365952,4,0,101,0,0
4769,0,-1,0,117668,224768,3,0,8,0,0
4770,0,-1,0,49124,10696,4,0,505,0,0
4771,0,-1,0,63790,52546,3,1,1856,0,0
4772,0,-1,0,167359,323530,2,0,1768,0,0
4773,0,-1,0,163159,109259,3,0,1213,1,0
4774,0,-1,0,6494,101984,4,1,1556,2,0
4775,0,-1,0,15557,324573,4,0,1791,0,0
4776,0,-1,0,171581,269320,0,0,1828,0,0
4777,0,-1,0,71195,317394,1,0,973,0,0
4778,0,-1,0,75515,248109,4,1,1793,0,0
4779,0,-1,0,51084,473820,3,1,1160,0,0
4780,0,-1,0,120911,76893,0,0,132,2,0
4781,0,-1,0,169185,331208,2,0,1815,0,0
4782,0,-1,0,81845,129605,0,1,750,1,0
4783,0,-1,0,144834,28067,1,1,394,1,0
4784,0,-1,0,117096,373863,3,1,86,1,0
4785,0,-1,0,130436,206181,4,0,1894,0,0
4786,0,-1,0,186162,35843,3,1,1978,0,0
4787,0,-1,0,41977,323938,1,0,404,0,0
4788,0,-1,0,138086,77870,4,1,1508,0,0
4789,0,-1,0,72894,350546,2,1,1948,2,0
4790,0,-1,0,118709,337405,3,0,16,1,0
4791,0,-1,0,91239,488310,4,0,1769,3,0
4792,0,-1,0,126644,47115,0,1,1474,1,0
4793,0,-1,0,16381,164765,0,0,210,1,0
4794,0,-1,0,184901,168658,4,1,305,1,0
4795,0,-1,0,16863,249491,1,1,22,1,0
4796,0,-1,0,131869,63892,3,1,252,2,0
4797,0,-1,0,114742,90724,4,1,53,0,0
4798,0,-1,0,120915,283728,1,0,1078,3,0
4799,0,-1,0,55576,60147,4,1,515,1,0
4800,0,-1,0,44856,272571,0,0,809,0,0
4801,0,-1,0,52986,95697,4,1,1859,0,0
4802,0,-1,0,100037,284880,1,1,720,2,0
4803,0,-1,0,162858,446007,1,0,129,1,0
4804,0,-1,0,142094,303855,2,0,616,0,0
4805,0,-1,0,59872,436136,0,0,1855,0,0
4806,0,-1,0,147724,154523,4,1,613,0,0
4807,0,-1,0,106150,178555,1,0,675,0,0
4808,0,-1,0,61175,86125,3,1,161,0,0
4809,0,-1,0,189454,237900,1,0,1,0,0
4810,0,-1,0,110847,336292,4,0,505,1,0
4811,0,-1,0,172175,486625,2,0,947,2,0
4812,0,-1,0,113014,319702,0,1,860,1,0
4813,0,-1,0,68474,98770,4,0,1441,0,0
4814,0,-1,0,31072,214207,0,0,1952,0,0
4815,0,-1,0,178941,328893,4,0,3,1,0
4816,0,-1,0,142474,103626,2,0,1259,2,0
4817,0,-1,0,178701,372706,0,1,8,0,0
4818,0,-1,0,108426,401772,3,0,1198,0,0
4819,0,-1,0,176624,72781,4,0,1867,0,0
4820,0,-1,0,190411,425636,2,1,1833,0,0
4821,0,-1,0,82534,342385,3,1,71,0,0
4822,0,-1,0,111448,418237,4,1,368,1,0
4823,0,-1,0,143261,106412,3,0,1936,3,0
4824,0,-1,0,96187,433159,4,0,1779,1,0
4825,0,-1,0,1399,352375,1,1,21,0,0
4826,0,-1,0,117619,105599,3,0,29,1,0
4827,0,-1,0,115226,456086,0,1,121,0,0
4828,0,-1,0,136539,309366,3,0,1502,1,0
4829,0,-1,0,111886,410539,4,0,830,0,0
4830,0,-1,0,42265,404883,1,0,1669,0,0
4831,0,-1,0,63271,80869,0,0,245,1,0
4832,0,-1,0,181513,195088,2,1,467,2,0
4833,0,-1,0,106025,252088,1,0,739,0,0
4834,0,-1,0,51229,201066,1,0,1091,0,0
4835,0,-1,0,44973,429380,1,0,758,0,0
4836,0,-1,0,11834,485917,0,1,927,0,0
4837,0,-1,0,121018,107808,1,0,7,0,0
4838,0,-1,0,188214,437507,3,1,623,1,0
4839,0,-1,0,146650,235812,3,0,1638,2,0
4840,0,-1,0,141476,255734,0,0,1624,3,0
4841,0,-1,0,111752,131972,0,0,1797,2,0
4842,0,-1,0,176850,283191,1,1,37,0,0
4843,0,-1,0,133117,137601,1,1,1925,0,0
4844,0,-1,0,151086,91562,2,0,1731,2,0
4845,0,-1,0,133976,234931,2,0,1466,2,0
4846,0,-1,0,44051,362228,0,1,778,0,0
4847,0,-1,0,136082,421335,2,0,1200,1,0
4848,0,-1,0,172514,93788,1,0,640,0,0
4849,0,-1,0,81048,169320,1,0,1904,1,0
4850,0,-1,0,32804,265768,1,1,402,0,0
4851,0,-1,0,171639,366171,0,1,1755,0,0
4852,0,-1,0,162287,251376,4,0,398,0,0
4853,0,-1,0,148692,476028,3,1,1410,0,0
4854,0,-1,0,43240,292249,3,1,737,1,0
4855,0,-1,0,81518,114163,3,0,822,0,0
4856,0,-1,0,84678,63180,2,1,289,1,0
4857,0,-1,0,70393,98258,0,1,1136,1,0
4858,0,-1,0,116271,399205,0,1,1918,0,0
4859,0,-1,0,37701,379233,4,0,287,0,0
4860,0,-1,0,22767,17757,3,1,234,1,0
4861,0,-1,0,161714,276593,3,0,938,1,0
4862,0,-1,0,92711,162614,0,0,10,0,0
4863,0,-1,0,159930,65468,4,0,27,0,0
4864,0,-1,0,94754,273062,2,0,1616,1,0
4865,0,-1,0,172830,497917,1,1,1632,1,0
4866,0,-1,0,133275,226639,1,1,1812,0,0
4867,0,-1,0,50766,329794,3,0,630,0,0
4868,0,-1,0,82032,243448,1,1,812,0,0
4869,0,-1,0,173005,383282,3,0,914,0,0
4870,0,-1,0,128861,475524,0,1,26,2,0
4871,0,-1,0,147401,7090,0,0,1505,0,0
4872,0,-1,0,128128,393325,3,0,12,0,0
4873,0,-1,0,162078,78514,3,1,7,2,0
4874,0,-1,0,167203,482327,3,0,1890,0,0
4875,0,-1,0,83670,457316,3,0,718,2,0
4876,0,-1,0,179835,55832,3,0,352,0,0
4877,0,-1,0,116492,234615,2,1,1212,2,0
4878,0,-1,0,126036,105690,1,1,258,1,0
4879,0,-1,0,107513,412047,2,1,8,0,0
4880,0,-1,0,144203,135940,1,0,1125,1,0
4881,0,-1,0,193661,410002,1,0,22,3,0
4882,0,-1,0,63595,324729,2,0,388,0,0
4883,0,-1,0,57305,9726,1,0,1316,2,0
4884,0,-1,0,112477,150423,0,0,1671,1,0
4885,0,-1,0,148827,364213,0,1,1008,0,0
4886,0,-1,0,147525,15543,0,0,572,1,0
4887,0,-1,0,134466,69498,3,0,1161,0,0
4888,0,-1,0,56774,437005,2,1,239,0,0
4889,0,-1,0,131910,306805,1,1,1976,1,0
4890,0,-1,0,48653,422432,3,0,376,0,0
4891,0,-1,0,124712,267971,3,0,288,2,0
4892,0,-1,0,9026,239715,0,1,1267,2,0
4893,0,-1,0,146324,226242,0,0,296,0,0
4894,0,-1,0,107071,484460,0,0,1506,1,0
4895,0,-1,0,30657,262198,2,1,1482,2,0
4896,0,-1,0,190928,409490,2,1,361,0,0
4897,0,-1,0,75736,229605,2,0,873,2,0
4898,0,-1,0,40266,338995,2,1,1186,1,0
4899,0,-1,0,57955,9455,0,1,1383,0,0
4900,0,-1,0,122356,30624,1,1,648,2,0
4901,0,-1,0,191829,229626,0,1,356,1,0
4902,0,-1,0,53657,102395,0,0,21,0,0
4903,0,-1,0,33803,38671,4,0,1013,3,0
4904,0,-1,0,120363,133850,0,0,1998,0,0
4905,0,-1,0,195858,483226,3,0,792,3,0
4906,0,-1,0,40009,88148,3,1,1990,2,0
4907,0,-1,0,46095,144256,1,0,527,0,0
4908,0,-1,0,127558,113307,3,1,643,0,0
4909,0,-1,0,142262,474212,0,0,1621,1,0
4910,0,-1,0,15229,280841,0,0,1994,0,0
4911,0,-1,0,2639,367667,4,0,507,2,0
4912,0,-1,0,158315,489056,2,0,668,0,0
4913,0,-1,0,117212,256503,2,1,24,1,0
4914,0,-1,0,4224,12481,3,1,864,0,0
4915,0,-1,0,73430,379269,0,0,22,1,0
4916,0,-1,0,121114,106918,0,1,1129,0,0
4917,0,-1,0,130987,224490,3,0,1706,0,0
4918,0,-1,0,103685,54048,4,0,860,0,0
4919,0,-1,0,45436,159029,3,0,922,2,0
4920,0,-1,0,48645,226630,4,0,1590,1,0
4921,0,-1,0,165547,342563,1,1,403,3,0
4922,0,-1,0,5596,180972,1,0,4,0,0
4923,0,-1,0,65285,428912,0,1,1170,0,0
4924,0,-1,0,117001,413611,0,0,1089,2,0
4925,0,-1,0,41642,195280,1,1,1338,0,0
4926,0,-1,0,99668,74805,2,1,19,0,0
4927,0,-1,0,136230,129899,1,0,116,0,0
4928,0,-1,0,175201,129873,3,0,629,2,0
4929,0,-1,0,2754,264788,1,0,1,1,0
4930,0,-1,0,115051,352011,4,1,16,0,0
4931,0,-1,0,151720,466559,2,0,5,0,0
4932,0,-1,0,93926,83113,4,1,218,1,0
4933,0,-1,0,123683,251165,3,0,748,0,0
4934,0,-1,0,29834,26620,0,0,208,1,0
4935,0,-1,0,182023,315685,0,1,1372,2,0
4936,0,-1,0,161558,469940,3,0,1434,0,0
4937,0,-1,0,53003,434014,1,1,1444,0,0
4938,0,-1,0,111305,445151,2,0,636,1,0
4939,0,-1,0,2941,428935,1,1,883,1,0
4940,0,-1,0,64741,259021,4,0,1220,0,0
4941,0,-1,0,180064,383358,1,0,543,1,0
4942,0,-1,0,93218,236403,1,1,10,1,0
4943,0,-1,0,113397,199960,2,0,308,0,0
4944,0,-1,0,146275,313910,0,1,11,0,0
4945,0,-1,0,128382,393191,2,1,1214,2,0
4946,0,-1,0,32031,36124,2,0,1031,2,0
4947,0,-1,0,142538,107057,3,0,1139,1,0
4948,0,-1,0,196306,372312,1,0,275,0,0
4949,0,-1,0,23373,406355,4,0,1901,0,0
4950,0,-1,0,49357,388928,1,0,2,0,0
4951,0,-1,0,62298,366626,1,1,1621,0,0
4952,0,-1,0,110689,66799,4,1,1558,1,0
4953,0,-1,0,18719,398052,3,0,1368,0,0
4954,0,-1,0,43513,389887,1,0,399,2,0
4955,0,-1,0,175249,107364,1,1,1231,2,0
4956,0,-1,0,74524,24037,3,1,101,1,0
4957,0,-1,0,148352,441399,2,1,716,0,0
4958,0,-1,0,22717,485412,3,1,1528,0,0
4959,0,-1,0,672,434919,2,1,2,0,0
4960,0,-1,0,155810,179941,0,1,1713,0,0
4961,0,-1,0,22852,244205,1,0,1144,1,0
4962,0,-1,0,104777,227528,0,1,344,1,0
4963,0,-1,0,165131,387394,4,0,1485,0,0
4964,0,-1,0,111691,211240,3,1,211,0,0
4965,0,-1,0,49191,224024,1,1,964,0,0
4966,0,-1,0,183292,180168,4,0,1584,0,0
4967,0,-1,0,142110,200413,1,0,395,2,0
4968,0,-1,0,21164,120859,1,0,976,0,0
4969,0,-1,0,113485,441236,0,0,1239,1,0
4970,0,-1,0,115821,68225,3,1,803,1,0
4971,0,-1,0,5658,153026,2,0,1242,1,0
4972,0,-1,0,85541,213921,1,1,1033,0,0
4973,0,-1,0,76824,31565,4,0,1570,0,0
4974,0,-1,0,106033,277790,2,1,577,1,0
4975,0,-1,0,80788,371770,3,1,570,2,0
4976,0,-1,0,183703,172419,2,1,1712,1,0
4977,0,-1,0,78377,28144,1,1,791,0,0
4978,0,-1,0,34956,59586,4,1,378,0,0
4979,0,-1,0,23139,121321,4,0,885,1,0
4980,0,-1,0,73596,174935,0,0,555,3,0
4981,0,-1,0,98282,233392,4,0,1966,1,0
4982,0,-1,0,54670,154907,1,0,78,2,0
4983,0,-1,0,143545,398152,1,0,1482,0,0
4984,0,-1,0,67947,470464,3,1,1871,2,0
4985,0,-1,0,105699,40009,1,1,940,0,0
4986,0,-1,0,95108,351706,4,1,1083,0,0
4987,0,-1,0,58876,101608,2,1,478,1,0
4988,0,-1,0,51528,127331,1,0,892,1,0
4989,0,-1,0,15250,450489,4,0,1490,3,0
4990,0,-1,0,26944,384200,0,1,945,0,0
4991,0,-1,0,60702,196789,2,0,12,0,0
4992,0,-1,0,189300,342395,2,0,854,1,0
4993,0,-1,0,146749,404473,0,0,828,0,0
4994,0,-1,0,194141,441160,1,0,501,0,0
4995,0,-1,0,80012,35461,4,0,190,0,0
4996,0,-1,0,117914,383460,4,0,216,0,0
4997,0,-1,0,95024,96620,3,0,153,1,0
4998,0,-1,0,26944,319828,3,0,1064,0,0
4999,0,-1,0,25055,10287,3,1,148,1,0
5000,0,-1,0,188623,475449,2,1,1696,1,0
5001,0,-1,0,650,275018,1,1,593,0,0
5002,0,-1,0,63829,235618,0,1,1704,1,0
5003,0,-1,0,36354,318834,0,1,1641,1,0
5004,0,-1,0,166238,174200,0,0,1053,0,0
5005,0,-1,0,148514,345327,0,0,734,0,0
5006,0,-1,0,113436,171323,2,1,1705,1,0
5007,0,-1,0,190160,343350,4,0,190,0,0
5008,0,-1,0,43259,476659,2,1,20,1,0
5009,0,-1,0,70533,280764,2,1,26,2,0
5010,0,-1,0,65403,188054,4,0,861,0,0
5011,0,-1,0,69018,5142,1,1,237,1,0
5012,0,-1,0,149336,303568,4,1,562,1,0
5013,0,-1,0,171766,492619,2,0,7,2,0
5014,0,-1,0,186989,296714,2,1,1698,3,0
5015,0,-1,0,199229,108963,3,1,1743,1,0
5016,0,-1,0,150761,488936,0,0,1,0,0
5017,0,-1,0,68889,306988,1,0,282,0,0
5018,0,-1,0,82957,491536,4,1,246,2,0
5019,0,-1,0,181927,68937,1,0,1090,0,0
5020,0,-1,0,99833,209931,0,1,780,0,0
5021,0,-1,0,167171,6346,3,1,1064,1,0
5022,0,-1,0,105469,150361,1,1,1948,0,0
5023,0,-1,0,138455,204340,0,0,430,0,0
5024,0,-1,0,85618,240903,3,0,757,3,0
5025,0,-1,0,154088,410155,4,1,807,1,0
5026,0,-1,0,105902,145936,1,1,463,0,0
5027,0,-1,0,58410,98643,1,0,21,3,0
5028,0,-1,0,134579,340604,1,0,345,3,0
5029,0,-1,0,67610,323358,1,0,28,0,0
5030,0,-1,0,74941,444428,0,1,5,2,0
5031,0,-1,0,20260,300100,3,0,946,0,0
5032,0,-1,0,183530,319784,2,1,601,2,0
5033,0,-1,0,38408,164155,1,0,219,1,0
5034,0,-1,0,149593,167090,0,0,849,0,0
5035,0,-1,0,89917,305459,3,0,885,1,0
5036,0,-1,0,25626,453606,2,1,498,0,0
5037,0,-1,0,142725,314775,0,1,855,2,0
5038,0,-1,0,147068,79059,4,1,28,0,0
5039,0,-1,0,113948,78288,0,0,12,0,0
5040,0,-1,0,65459,293954,1,0,530,0,0
5041,0,-1,0,94119,17637,4,1,1435,1,0
5042,0,-1,0,189207,312909,4,1,1330,0,0
5043,0,-1,0,159466,364332,4,1,1306,1,0
5044,0,-1,0,99043,204599,1,0,873,0,0
5045,0,-1,0,142277,134030,0,1,6,0,0
5046,0,-1,0,95088,491386,2,0,1459,1,0
5047,0,-1,0,47745,154941,4,1,911,1,0
5048,0,-1,0,25643,412929,1,0,1514,1,0
5049,0,-1,0,183987,232113,0,0,996,1,0
5050,0,-1,0,69608,104107,2,0,506,0,0
5051,0,-1,0,190158,378292,3,1,143,0,0
5052,0,-1,0,16537,45609,4,0,429,0,0
5053,0,-1,0,16037,230223,3,1,677,0,0
5054,0,-1,0,114389,263316,2,1,1885,0,0
5055,0,-1,0,192579,414333,0,0,1897,0,0
5056,0,-1,0,105444,273365,1,1,20,0,0
5057,0,-1,0,54181,202131,4,1,1861,0,0
5058,0,-1,0,1581,105905,1,1,1193,0,0
5059,0,-1,0,168727,163067,3,0,1842,0,0
5060,0,-1,0,171444,245552,3,0,18,2,0
5061,0,-1,0,113673,405697,1,1,1608,1,0
5062,0,-1,0,88190,469414,2,0,1380,0,0
5063,0,-1,0,22240,375532,0,1,1328,1,0
5064,0,-1,0,80624,489055,1,1,1471,2,0
5065,0,-1,0,48619,154170,1,0,1635,0,0
5066,0,-1,0,108651,145021,1,0,651,0,0
5067,0,-1,0,7144,355165,4,0,679,1,0
5068,0,-1,0,78844,356549,4,1,1020,0,0
5069,0,-1,0,125178,246121,4,1,419,2,0
5070,0,-1,0,151692,456830,4,0,1645,0,0
5071,0,-1,0,156919,219653,3,0,1927,0,0
5072,0,-1,0,72115,441640,4,0,10,2,0
5073,0,-1,0,97123,203440,0,0,615,0,0
5074,0,-1,0,8872,394149,2,1,18,1,0
5075,0,-1,0,151439,256736,4,1,125,0,0
5076,0,-1,0,160787,349437,4,0,302,1,0
5077,0,-1,0,172617,440781,0,1,1361,2,0
5078,0,-1,0,149648,173034,4,0,1857,0,0
5079,0,-1,0,104064,326765,0,0,402,1,0
5080,0,-1,0,21937,302561,1,0,293,3,0
5081,0,-1,0,17412,125014,1,0,1642,1,0
5082,0,-1,0,196294,356719,2,0,45,0,0
5083,0,-1,0,71434,72057,3,0,1809,0,0
5084,0,-1,0,100507,363958,2,1,605,0,0
5085,0,-1,0,128890,120527,0,0,1411,2,0
5086,0,-1,0,162241,78008,2,1,285,1,0
5087,0,-1,0,159058,185323,2,1,1585,1,0
5088,0,-1,0,167615,244624,1,1,1211,0,0
5089,0,-1,0,104545,271505,2,0,376,1,0
5090,0,-1,0,24164,433803,1,1,730,2,0
5091,0,-1,0,4502,414745,1,1,856,2,0
5092,0,-1,0,183573,137892,4,1,138,1,0
5093,0,-1,0,137479,300830,0,0,101,0,0
5094,0,-1,0,67813,151213,4,1,1215,3,0
5095,0,-1,0,114275,23209,0,0,6,0,0
5096,0,-1,0,193493,99096,2,1,723,0,0
5097,0,-1,0,1078,294802,1,0,1666,2,0
5098,0,-1,0,12410,184383,3,1,293,1,0
5099,0,-1,0,146662,93130,1,0,8,0,0
5100,0,-1,0,61641,71979,2,0,5,0,0
5101,0,-1,0,107623,478864,3,1,518,3,0
5102,0,-1,0,81942,10075,4,0,238,0,0
5103,0,-1,0,153597,153659,3,1,739,0,0
5104,0,-1,0,27797,293018,2,0,1144,3,0
5105,0,-1,0,166468,176792,0,0,1711,0,0
5106,0,-1,0,122599,18663,3,1,1677,0,0
5107,0,-1,0,58902,323513,3,0,1281,0,0
5108,0,-1,0,85460,55253,0,1,37,1,0
5109,0,-1,0,132976,447298,2,0,8,3,0
5110,0,-1,0,195101,18736,2,1,454,2,0
5111,0,-1,0,187726,352567,3,1,13,0,0
5112,0,-1,0,177375,389409,2,1,875,0,0
5113,0,-1,0,24748,271675,3,1,458,0,0
5114,0,-1,0,132147,222755,3,0,1763,1,0
5115,0,-1,0,56477,84578,2,1,1795,1,0
5116,0,-1,0,102753,324880,0,1,138,0,0
5117,0,-1,0,43889,421363,3,1,733,0,0
5118,0,-1,0,90352,53204,2,1,1130,0,0
5119,0,-1,0,97138,314214,3,1,1584,0,0
5120,0,-1,0,104156,237844,2,0,1843,0,0
5121,0,-1,0,139267,207085,4,1,1005,1,0
5122,0,-1,0,108755,487547,2,1,73,1,0
5123,0,-1,0,131637,461756,4,0,1405,1,0
5124,0,-1,0,199469,116604,3,1,29,1,0
5125,0,-1,0,121345,458493,3,0,1129,1,0
5126,0,-1,0,103970,164581,0,1,1328,0,0
5127,0,-1,0,100827,60334,3,0,1454,0,0
5128,0,-1,0,137567,484558,3,0,800,1,0
5129,0,-1,0,69028,165422,2,1,1013,2,0
5130,0,-1,0,71850,414613,2,0,1316,2,0
5131,0,-1,0,68745,200550,0,0,1922,1,0
5132,0,-1,0,132999,45435,3,1,818,0,0
5133,0,-1,0,133543,180938,3,1,12,2,0
5134,0,-1,0,179522,464691,2,0,580,1,0
5135,0,-1,0,197391,328892,0,0,1577,0,0
5136,0,-1,0,96101,194825,3,1,29,0,0
5137,0,-1,0,50598,386357,0,1,743,2,0
5138,0,-1,0,103611,293519,1,0,1457,0,0
5139,0,-1,0,121245,163576,4,0,56,0,0
5140,0,-1,0,95732,195975,0,1,745,0,0
5141,0,-1,0,9109,429430,2,1,631,0,0
5142,0,-1,0,19484,460146,1,0,975,0,0
5143,0,-1,0,12851,121397,3,0,895,1,0
5144,0,-1,0,116809,250367,1,1,114,0,0
5145,0,-1,0,5210,469954,0,1,7,0,0
5146,0,-1,0,130533,54017,4,1,208,0,0
5147,0,-1,0,40999,31102,3,1,1036,3,0
5148,0,-1,0,84997,30333,3,0,1991,0,0
5149,0,-1,0,155517,345616,1,1,1874,2,0
5150,0,-1,0,132500,368691,3,1,1229,1,0
5151,0,-1,0,138785,423971,1,1,13,0,0
5152,0,-1,0,160628,377428,1,1,1329,2,0
5153,0,-1,0,79648,66184,0,1,210,0,0
5154,0,-1,0,32670,407269,4,0,603,0,0
5155,0,-1,0,48889,336500,1,0,1496,0,0
5156,0,-1,0,37139,244624,2,1,738,0,0
5157,0,-1,0,97452,393933,1,1,846,0,0
5158,0,-1,0,63216,422162,1,0,946,1,0
5159,0,-1,0,175622,146747,2,0,298,0,0
5160,0,-1,0,154142,57877,0,1,734,0,0
5161,0,-1,0,93702,11672,4,1,1662,1,0
5162,0,-1,0,59102,284844,4,1,294,0,0
5163,0,-1,0,99753,393483,4,1,1696,2,0
5164,0,-1,0,7356,122858,2,1,9,0,0
5165,0,-1,0,83414,43434,0,0,1497,1,0
5166,0,-1,0,183767,144998,0,0,339,0,0
5167,0,-1,0,184729,185313,1,1,1477,1,0
5168,0,-1,0,14584,345416,1,0,907,1,0
5169,0,-1,0,162653,317711,2,0,261,0,0
5170,0,-1,0,164826,470386,4,1,21,3,0
5171,0,-1,0,34749,245908,0,1,1983,0,0
5172,0,-1,0,125735,296103,0,0,288,0,0
5173,0,-1,0,173851,252135,3,0,1859,0,0
5174,0,-1,0,29549,239919,0,0,416,0,0
5175,0,-1,0,127012,7668,3,0,136,0,0
5176,0,-1,0,144411,259544,4,0,1147,0,0
5177,0,-1,0,7026,455839,2,1,1477,2,0
5178,0,-1,0,40084,124226,0,1,1166,0,0
5179,0,-1,0,160107,53406,4,0,22,0,0
5180,0,-1,0,81940,102469,2,1,1981,1,0
5181,0,-1,0,130022,244040,2,0,1036,3,0
5182,0,-1,0,70448,288206,0,1,675,0,0
5183,0,-1,0,147969,360575,1,0,1753,1,0
5184,0,-1,0,161472,463635,0,0,1747,1,0
5185,0,-1,0,13227,360692,4,0,1459,0,0
5186,0,-1,0,81410,358465,3,1,192,1,0
5187,0,-1,0,40071,222105,0,1,1984,1,0
5188,0,-1,0,87257,464437,1,0,599,2,0
5189,0,-1,0,134132,164685,0,0,711,1,0
5190,0,-1,0,93780,79805,1,1,194,0,0
5191,0,-1,0,11187,371649,0,0,24,1,0
5192,0,-1,0,62593,359386,4,1,1122,1,0
5193,0,-1,0,165418,415531,2,0,277,0,0
5194,0,-1,0,168095,11208,0,1,497,0,0
5195,0,-1,0,180699,8295,2,1,70,0,0
5196,0,-1,0,8355,351862,4,1,583,1,0
5197,0,-1,0,112953,241125,1,1,1597,2,0
5198,0,-1,0,104149,135687,0,0,1628,1,0
5199,0,-1,0,59973,214691,0,1,824,2,0
5200,0,-1,0,99916,158570,1,0,1196,0,0
5201,0,-1,0,142707,163732,0,1,12,0,0
5202,0,-1,0,154513,415846,3,1,1020,1,0
5203,0,-1,0,57528,368606,4,0,1292,0,0
5204,0,-1,0,156821,485912,2,0,1707,0,0
5205,0,-1,0,85217,146213,4,0,3,1,0
5206,0,-1,0,152628,237142,1,0,737,2,0
5207,0,-1,0,158170,269408,0,0,28,3,0
5208,0,-1,0,107840,421604,2,1,1102,0,0
5209,0,-1,0,124355,364865,4,0,704,0,0
5210,0,-1,0,112959,215573,0,1,1007,2,0
5211,0,-1,0,131864,401249,2,0,504,0,0
5212,0,-1,0,164277,499005,0,0,1645,0,0
5213,0,-1,0,133931,406495,1,1,588,1,0
5214,0,-1,0,51563,314040,3,0,45,0,0
5215,0,-1,0,94394,22214,4,1,22,0,0
5216,0,-1,0,4601,238663,4,0,896,0,0
5217,0,-1,0,159188,422137,4,0,708,1,0
5218,0,-1,0,162692,245930,4,0,318,1,0
5219,0,-1,0,123934,124054,3,1,776,0,0
5220,0,-1,0,116005,339530,2,0,1755,0,0
5221,0,-1,0,19418,134606,2,0,761,1,0
5222,0,-1,0,65454,441588,4,0,1913,0,0
5223,0,-1,0,151669,373674,4,0,7,0,0
5224,0,-1,0,19316,433728,1,0,1637,0,0
5225,0,-1,0,38773,224940,4,0,1341,0,0
5226,0,-1,0,94022,315145,0,0,592,1,0
5227,0,-1,0,16594,204966,4,0,138,2,0
5228,0,-1,0,196451,269445,4,1,305,1,0
5229,0,-1,0,188401,155669,2,1,277,1,0
5230,0,-1,0,8984,488989,4,1,561,0,0
5231,0,-1,0,185972,223080,0,1,276,0,0
5232,0,-1,0,34899,90837,3,1,19,2,0
5233,0,-1,0,111216,104462,2,1,293,0,0
5234,0,-1,0,39471,433936,1,0,1096,1,0
5235,0,-1,0,106599,14684,2,1,310,1,0
5236,0,-1,0,65424,172815,1,1,503,1,0
5237,0,-1,0,173869,467118,4,1,1661,0,0
5238,0,-1,0,32380,460070,3,1,65,0,0
5239,0,-1,0,165689,38497,4,1,9,0,0
5240,0,-1,0,103772,332539,2,1,1344,0,0
5241,0,-1,0,147704,144985,3,1,724,1,0
5242,0,-1,0,22145,314215,4,1,933,0,0
5243,0,-1,0,174947,62966,2,0,1558,2,0
5244,0,-1,0,173168,26363,3,1,1562,0,0
5245,0,-1,0,144264,287272,2,0,26,1,0
5246,0,-1,0,174047,43383,0,0,1522,1,0
5247,0,-1,0,178346,412332,0,0,1924,1,0
5248,0,-1,0,75402,263096,4,0,1338,0,0
5249,0,-1,0,88766,359141,0,1,1962,2,0
5250,0,-1,0,48754,481610,0,1,313,3,0
5251,0,-1,0,191375,44564,0,0,570,2,0
5252,0,-1,0,8628,400908,0,1,1480,0,0
5253,0,-1,0,85288,487259,2,1,1800,1,0
5254,0,-1,0,119425,288879,4,1,1744,0,0
5255,0,-1,0,165263,389593,3,1,497,2,0
5256,0,-1,0,88734,368404,3,1,1157,0,0
5257,0,-1,0,13200,146875,3,1,10,1,0
5258,0,-1,0,24389,278534,2,1,989,2,0
5259,0,-1,0,173136,294160,4,1,1091,0,0
5260,0,-1,0,19641,88183,1,0,1385,0,0
5261,0,-1,0,191876,132067,3,1,1755,0,0
5262,0,-1,0,178561,262561,3,1,1421,0,0
5263,0,-1,0,180569,195302,0,0,1041,0,0
5264,0,-1,0,186962,172175,4,0,1684,0,0
5265,0,-1,0,134830,250489,0,1,682,0,0
5266,0,-1,0,175456,258857,0,0,1172,0,0
5267,0,-1,0,151387,25586,0,1,1815,0,0
5268,0,-1,0,108674,359553,1,0,21,2,0
5269,0,-1,0,57957,279825,0,1,426,0,0
5270,0,-1,0,156017,314722,4,0,415,0,0
5271,0,-1,0,162261,101448,2,1,1993,0,0
5272,0,-1,0,9500,351656,0,1,1468,0,0
5273,0,-1,0,47724,42705,0,0,508,0,0
5274,0,-1,0,122479,335229,3,0,1295,0,0
5275,0,-1,0,192597,21366,4,0,1578,3,0
5276,0,-1,0,197191,443179,4,0,1487,0,0
5277,0,-1,0,119394,48864,4,0,1483,1,0
5278,0,-1,0,152275,416639,4,0,233,0,0
5279,0,-1,0,66579,362975,3,1,523,0,0
5280,0,-1,0,127264,192076,2,1,20,0,0
5281,0,-1,0,138659,66926,3,1,225,0,0
5282,0,-1,0,96080,175301,1,1,1644,0,0
5283,0,-1,0,7621,283496,0,0,1535,0,0
5284,0,-1,0,66436,371595,0,0,696,0,0
5285,0,-1,0,119121,272201,1,1,1475,0,0
5286,0,-1,0,122102,87527,4,0,28,2,0
5287,0,-1,0,53542,69921,1,1,1160,0,0
5288,0,-1,0,19728,124724,0,1,218,1,0
5289,0,-1,0,199477,429293,0,1,1125,1,0
5290,0,-1,0,113391,443710,0,1,639,2,0
5291,0,-1,0,67748,364937,2,1,1007,0,0
5292,0,-1,0,145405,97205,0,1,801,0,0
5293,0,-1,0,144032,98728,2,0,619,0,0
5294,0,-1,0,69260,236713,2,1,789,0,0
5295,0,-1,0,151378,499360,4,1,92,0,0
5296,0,-1,0,41021,256476,0,1,63,0,0
5297,0,-1,0,20257,307008,4,0,1671,0,0
5298,0,-1,0,12111,258913,2,0,20,0,0
5299,0,-1,0,61786,409311,3,0,1993,2,0
5300,0,-1,0,109744,315643,4,0,580,1,0
5301,0,-1,0,29139,365944,2,1,10,2,0
5302,0,-1,0,49863,109089,0,0,614,1,0
5303,0,-1,0,44945,208667,0,1,12,0,0
5304,0,-1,0,12152,374035,4,0,500,0,0
5305,0,-1,0,105471,324995,3,0,14,0,0
5306,0,-1,0,14539,88382,0,1,6,1,0
5307,0,-1,0,105056,329331,2,1,12,0,0
5308,0,-1,0,114567,136804,3,0,22,2,0
5309,0,-1,0,13669,86498,4,0,1326,0,0
5310,0,-1,0,153545,357564,3,0,4,1,0
5311,0,-1,0,24059,28142,0,1,349,0,0
5312,0,-1,0,43841,416241,2,1,477,0,0
5313,0,-1,0,14557,344125,2,1,246,1,0
5314,0,-1,0,149214,166999,0,0,157,1,0
5315,0,-1,0,105754,187083,3,1,579,0,0
5316,0,-1,0,142819,370793,1,1,24,1,0
5317,0,-1,0,192088,496177,3,0,363,0,0
5318,0,-1,0,174583,421850,2,1,1271,0,0
5319,0,-1,0,155699,454444,3,1,889,0,0
5320,0,-1,0,132688,305256,4,0,1853,0,0
5321,0,-1,0,6988,145062,0,1,829,0,0
5322,0,-1,0,3944,325419,3,1,855,1,0
5323,0,-1,0,19667,497355,4,1,186,0,0
5324,0,-1,0,164749,118713,4,1,540,0,0
5325,0,-1,0,21155,268215,0,0,16,0,0
5326,0,-1,0,47537,182709,0,0,1580,1,0
5327,0,-1,0,7878,134656,4,0,1997,0,0
5328,0,-1,0,120689,198116,4,1,19,1,0
5329,0,-1,0,135406,109316,2,0,12,0,0
5330,0,-1,0,134893,459023,4,1,1839,0,0
5331,0,-1,0,110386,245559,1,1,1983,0,0
5332,0,-1,0,27873,235463,1,1,1121,1,0
5333,0,-1,0,66352,428688,0,0,1699,2,0
5334,0,-1,0,92821,89625,1,1,871,1,0
5335,0,-1,0,109521,287134,1,0,6,0,0
5336,0,-1,0,49318,455177,0,1,355,0,0
5337,0,-1,0,64154,325286,2,1,8,2,0
5338,0,-1,0,152367,17230,3,0,382,2,0
5339,0,-1,0,197932,39091,2,0,29,0,0
5340,0,-1,0,102964,232748,3,1,1983,2,0
5341,0,-1,0,76680,171969,1,1,1379,2,0
5342,0,-1,0,37453,9518,0,1,1757,0,0
5343,0,-1,0,111741,261552,3,0,19,1,0
5344,0,-1,0,52644,154149,4,0,1680,1,0
5345,0,-1,0,9239,262850,0,0,1148,0,0
5346,0,-1,0,77503,121075,4,1,1290,0,0
5347,0,-1,0,31904,195252,1,0,1159,1,0
5348,0,-1,0,16256,303485,2,1,1165,0,0
5349,0,-1,0,85432,12788,0,1,1839,3,0
5350,0,-1,0,127884,160780,4,0,892,0,0
5351,0,-1,0,127372,65103,1,0,621,1,0
5352,0,-1,0,26963,310631,4,0,1,0,0
5353,0,-1,0,144767,90570,1,1,18,2,0
5354,0,-1,0,48241,304577,2,1,1628,1,0
5355,0,-1,0,82595,366195,2,1,186,0,0
5356,0,-1,0,197864,52357,3,0,381,0,0
5357,0,-1,0,149612,89987,1,0,700,0,0
5358,0,-1,0,95412,203630,2,1,1611,1,0
5359,0,-1,0,22362,134099,3,1,767,0,0
5360,0,-1,0,25775,54429,1,1,1,0,0
5361,0,-1,0,48239,169694,1,0,1332,1,0
5362,0,-1,0,117801,453707,3,1,400,0,0
5363,0,-1,0,177345,360142,2,1,1165,0,0
5364,0,-1,0,154431,247522,3,1,685,1,0
5365,0,-1,0,79757,54305,3,0,582,0,0
5366,0,-1,0,32778,273241,2,1,165,0,0
5367,0,-1,0,62660,147405,2,1,168,0,0
5368,0,-1,0,57344,92482,4,0,14,0,0
5369,0,-1,0,92393,283475,1,1,1052,0,0
5370,0,-1,0,34578,429033,2,0,1716,1,0
5371,0,-1,0,167855,166783,4,1,906,1,0
5372,0,-1,0,8889,295719,2,1,1143,0,0
5373,0,-1,0,46222,23118,2,0,25,0,0
5374,0,-1,0,82170,7239,0,1,445,1,0
5375,0,-1,0,91274,436674,4,0,421,1,0
5376,0,-1,0,31239,486756,3,0,387,0,0
5377,0,-1,0,14258,398846,1,0,2,2,0
5378,0,-1,0,189140,336688,1,1,27,3,0
5379,0,-1,0,107206,135997,2,0,268,0,0
5380,0,-1,0,84299,470206,2,0,1575,0,0
5381,0,-1,0,93980,114837,2,1,1148,0,0
5382,0,-1,0,191065,56194,2,0,395,0,0
5383,0,-1,0,150259,262595,2,0,1812,1,0
5384,0,-1,0,121092,450139,4,0,1285,1,0
5385,0,-1,0,171566,26028,3,1,260,1,0
5386,0,-1,0,22025,238509,0,1,696,0,0
5387,0,-1,0,193383,170235,3,0,1177,1,0
5388,0,-1,0,78426,26680,4,1,1983,2,0
5389,0,-1,0,133693,76492,2,0,421,1,0
5390,0,-1,0,28374,105521,0,1,1935,2,0
5391,0,-1,0,159182,344240,1,1,960,1,0
5392,0,-1,0,37400,121693,3,1,1752,1,0
5393,0,-1,0,72413,477956,4,1,1509,0,0
5394,0,-1,0,192965,227831,3,0,155,0,0
5395,0,-1,0,144808,321905,3,1,28,1,0
5396,0,-1,0,77849,388161,1,1,905,0,0
5397,0,-1,0,8853,380785,1,1,768,2,0
5398,0,-1,0,91979,229613,1,1,949,2,0
5399,0,-1,0,181686,86620,4,0,50,0,0
5400,0,-1,0,176203,125316,3,0,1127,0,0
5401,0,-1,0,128866,412581,2,1,13,0,0
5402,0,-1,0,48497,363775,1,1,1944,0,0
5403,0,-1,0,173163,374298,1,1,986,1,0
5404,0,-1,0,37044,233367,1,0,1559,0,0
5405,0,-1,0,37573,99770,0,1,1751,1,0
5406,0,-1,0,13928,230512,3,1,788,0,0
5407,0,-1,0,169557,209045,3,1,1048,0,0
5408,0,-1,0,19,193623,0,0,308,1,0
5409,0,-1,0,166602,244055,2,1,1809,1,0
5410,0,-1,0,93114,133674,2,1,116,0,0
5411,0,-1,0,26452,332049,1,1,29,0,0
5412,0,-1,0,29450,250342,2,0,543,1,0
5413,0,-1,0,61282,63406,0,0,44,2,0
5414,0,-1,0,174871,478097,0,1,8,2,0
5415,0,-1,0,181826,468716,4,1,1125,0,0
5416,0,-1,0,166641,189010,2,0,17,0,0
5417,0,-1,0,134590,488189,1,1,1371,0,0
5418,0,-1,0,103768,39334,2,1,1066,0,0
5419,0,-1,0,170788,322457,0,1,1168,0,0
5420,0,-1,0,130740,332420,3,1,1680,2,0
5421,0,-1,0,16168,36872,1,1,27,1,0
5422,0,-1,0,151064,25237,1,1,1808,0,0
5423,0,-1,0,174315,371859,3,1,279,3,0
5424,0,-1,0,147467,208138,1,0,315,0,0
5425,0,-1,0,174055,333846,2,1,574,0,0
5426,0,-1,0,96736,76104,0,1,27,1,0
5427,0,-1,0,108385,431294,1,1,1765,2,0
5428,0,-1,0,5553,199859,0,0,1868,3,0
5429,0,-1,0,11783,6220,0,0,1755,0,0
5430,0,-1,0,24003,460569,3,1,145,2,0
5431,0,-1,0,144812,441120,4,1,677,0,0
5432,0,-1,0,176049,438819,3,1,1808,1,0
5433,0,-1,0,119487,132856,1,0,1902,2,0
5434,0,-1,0,66085,445280,1,0,1028,0,0
5435,0,-1,0,67526,376038,0,0,820,0,0
5436,0,-1,0,178116,424994,2,0,1801,1,0
5437,0,-1,0,180194,121771,1,1,78,2,0
5438,0,-1,0,90766,262219,0,1,1745,0,0
5439,0,-1,0,96746,154866,4,0,788,2,0
5440,0,-1,0,14357,416471,2,1,1552,0,0
5441,0,-1,0,47146,147941,1,0,1881,2,0
5442,0,-1,0,6426,405073,1,1,1005,0,0
5443,0,-1,0,41971,152761,1,1,912,2,0
5444,0,-1,0,196339,135476,4,1,1426,2,0
5445,0,-1,0,141963,446909,0,0,758,1,0
5446,0,-1,0,18571,291747,4,1,233,0,0
5447,0,-1,0,163256,81596,1,0,72,2,0
5448,0,-1,0,50735,200004,0,1,1917,0,0
5449,0,-1,0,47459,338438,2,1,181,2,0
5450,0,-1,0,172644,265710,1,1,435,1,0
5451,0,-1,0,90080,447272,4,0,1564,0,0
5452,0,-1,0,157206,474756,2,1,1329,0,0
5453,0,-1,0,72156,210909,0,1,691,0,0
5454,0,-1,0,157095,206295,4,0,1124,0,0
5455,0,-1,0,84908,85921,3,1,95,3,0
5456,0,-1,0,114831,212477,0,1,919,1,0
5457,0,-1,0,45171,247549,3,0,16,1,0
5458,0,-1,0,129324,457639,0,1,2,3,0
5459,0,-1,0,143799,120534,3,0,16,1,0
5460,0,-1,0,19338,191568,4,1,1888,1,0
5461,0,-1,0,82562,134311,1,1,1157,1,0
5462,0,-1,0,143176,221599,3,0,578,0,0
5463,0,-1,0,30350,107150,2,1,431,0,0
5464,0,-1,0,151115,354704,1,0,1103,0,0
5465,0,-1,0,114619,455301,4,1,642,3,0
5466,0,-1,0,144379,171393,1,1,1098,0,0
5467,0,-1,0,43046,205689,0,1,145,0,0
5468,0,-1,0,13246,44422,2,0,27,0,0
5469,0,-1,0,174982,24129,4,0,16,1,0
5470,0,-1,0,27781,461763,1,1,1550,0,0
5471,0,-1,0,22917,46513,2,0,19,1,0
5472,0,-1,0,166514,25676,2,1,1501,0,0
5473,0,-1,0,7982,333250,4,0,1567,0,0
5474,0,-1,0,95840,480909,3,0,1491,0,0
5475,0,-1,0,165516,224059,2,1,313,2,0
5476,0,-1,0,114609,499279,4,1,1898,0,0
5477,0,-1,0,121410,230298,3,0,1498,0,0
5478,0,-1,0,171044,95087,0,0,1843,0,0
5479,0,-1,0,18854,454553,1,0,29,1,0
5480,0,-1,0,59671,71662,3,0,63,1,0
5481,0,-1,0,101252,227057,4,1,381,1,0
5482,0,-1,0,90599,238544,2,0,1321,2,0
5483,0,-1,0,34738,160581,0,0,1924,0,0
5484,0,-1,0,58201,292779,3,1,74,0,0
5485,0,-1,0,12287,256343,0,1,1356,0,0
5486,0,-1,0,54793,16674,3,1,1247,3,0
5487,0,-1,0,14094,449117,4,1,1072,0,0
5488,0,-1,0,40036,455773,1,0,971,1,0
5489,0,-1,0,27030,378126,2,0,197,2,0
5490,0,-1,0,117606,128759,1,1,764,1,0
5491,0,-1,0,104891,74406,0,1,1995,0,0
5492,0,-1,0,101033,387562,0,0,13,2,0
5493,0,-1,0,28728,295361,1,0,1686,0,0
5494,0,-1,0,164952,87963,3,1,264,0,0
5495,0,-1,0,103457,168750,1,1,970,0,0
5496,0,-1,0,66248,229032,3,1,1386,0,0
5497,0,-1,0,4667,106649,1,0,698,0,0
5498,0,-1,0,162514,60124,3,0,525,0,0
5499,0,-1,0,67124,22446,2,0,574,2,0
5500,0,-1,0,184675,44065,4,1,436,0,0
5501,0,-1,0,123117,202747,1,1,359,3,0
5502,0,-1,0,116413,332122,0,1,1450,0,0
5503,0,-1,0,16334,426715,4,0,507,2,0
5504,0,-1,0,58223,297556,3,0,13,1,0
5505,0,-1,0,51544,104641,3,1,25,0,0
5506,0,-1,0,81207,271860,0,1,1187,1,0
5507,0,-1,0,140843,276372,0,1,1959,1,0
5508,0,-1,0,198000,314440,2,0,1038,1,0
5509,0,-1,0,95134,44392,1,0,1737,0,0
5510,0,-1,0,25927,214378,3,1,1290,0,0
5511,0,-1,0,100012,333070,0,0,448,0,0
5512,0,-1,0,79460,331532,3,1,21,0,0
5513,0,-1,0,27722,267201,3,1,88,3,0
5514,0,-1,0,198108,365255,0,1,1481,1,0
5515,0,-1,0,2362,287310,1,0,1822,0,0
5516,0,-1,0,168342,311915,1,0,404,0,0
5517,0,-1,0,28246,244314,0,1,980,2,0
5518,0,-1,0,4832,300200,0,1,5,1,0
5519,0,-1,0,88227,187951,2,0,13,0,0
5520,0,-1,0,3596,23199,3,1,1970,1,0
5521,0,-1,0,11915,374520,3,1,139,0,0
5522,0,-1,0,778,128267,2,1,28,0,0
5523,0,-1,0,187153,329470,1,1,1863,1,0
5524,0,-1,0,98246,39317,4,0,919,2,0
5525,0,-1,0,25620,155954,3,0,5,2,0
5526,0,-1,0,92542,92528,0,1,133,0,0
5527,0,-1,0,103361,368309,4,0,920,0,0
5528,0,-1,0,36488,191079,2,0,542,1,0
5529,0,-1,0,122308,443360,0,1,1418,0,0
5530,0,-1,0,152882,359940,1,1,26,0,0
5531,0,-1,0,143725,491311,3,1,662,0,0
5532,0,-1,0,24280,383145,2,0,294,0,0
5533,0,-1,0,126812,467470,3,1,393,0,0
5534,0,-1,0,170465,121856,4,0,21,3,0
5535,0,-1,0,86736,279258,3,1,26,3,0
5536,0,-1,0,95757,238626,1,1,26,0,0
5537,0,-1,0,58559,137203,2,1,20,2,0
5538,0,-1,0,188218,313592,3,0,3,1,0
5539,0,-1,0,197844,52514,2,0,18,0,0
5540,0,-1,0,193563,293210,0,1,1739,0,0
5541,0,-1,0,30623,54860,4,1,1928,0,0
5542,0,-1,0,199707,186012,3,1,1126,0,0
5543,0,-1,0,193659,246661,1,1,314,0,0
5544,0,-1,0,12710,182251,4,0,1216,2,0
5545,0,-1,0,1660,316598,1,0,1158,1,0
5546,0,-1,0,64984,132893,0,0,1155,0,0
5547,0,-1,0,88742,205602,0,0,1630,1,0
5548,0,-1,0,92558,209832,3,1,698,3,0
5549,0,-1,0,12346,409401,2,0,11,2,0
5550,0,-1,0,18091,380249,2,0,1672,3,0
5551,0,-1,0,96729,181755,1,1,91,0,0
5552,0,-1,0,188831,119284,2,0,20,0,0
5553,0,-1,0,162302,126124,0,0,25,0,0
5554,0,-1,0,129597,48983,2,1,1804,1,0
5555,0,-1,0,144317,319465,2,1,308,0,0
5556,0,-1,0,161553,136226,4,0,28,0,0
5557,0,-1,0,63035,396784,2,1,967,2,0
5558,0,-1,0,21842,386175,2,1,25,0,0
5559,0,-1,0,183679,42587,2,1,686,0,0
5560,0,-1,0,150986,457980,2,0,1239,1,0
5561,0,-1,0,24577,263517,3,1,1277,0,0
5562,0,-1,0,90568,401563,2,1,3,2,0
5563,0,-1,0,8050,450273,2,0,1290,0,0
5564,0,-1,0,125903,80130,2,0,990,0,0
5565,0,-1,0,89904,263452,2,0,1908,2,0
5566,0,-1,0,78080,32967,3,0,626,1,0
5567,0,-1,0,39076,491908,4,1,1029,2,0
5568,0,-1,0,176782,488044,3,0,25,0,0
5569,0,-1,0,71314,92284,0,0,1818,0,0
5570,0,-1,0,148420,303822,2,1,1551,0,0
5571,0,-1,0,104145,228385,2,1,25,2,0
5572,0,-1,0,130407,82971,0,1,1208,0,0
5573,0,-1,0,98635,136574,4,0,373,1,0
5574,0,-1,0,32056,254351,3,0,231,0,0
5575,0,-1,0,61129,195027,2,1,1472,0,0
5576,0,-1,0,184409,209705,2,0,6,2,0
5577,0,-1,0,118788,416368,4,1,816,2,0
5578,0,-1,0,195789,246499,2,0,1104,0,0
5579,0,-1,0,156224,435198,2,1,1304,0,0
5580,0,-1,0,155897,442696,0,1,963,0,0
5581,0,-1,0,33379,284690,1,0,486,2,0
5582,0,-1,0,113150,190673,0,1,1778,2,0
5583,0,-1,0,21959,249054,3,1,1618,0,0
5584,0,-1,0,165361,231423,0,0,5,2,0
5585,0,-1,0,30349,285367,4,1,1379,1,0
5586,0,-1,0,21251,67008,2,1,690,0,0
5587,0,-1,0,4524,41987,0,0,1468,2,0
5588,0,-1,0,46762,307285,1,0,1337,3,0
5589,0,-1,0,33225,353807,2,0,1912,0,0
5590,0,-1,0,107419,331343,4,0,182,2,0
5591,0,-1,0,182827,90679,4,0,19,0,0
5592,0,-1,0,5693,112174,2,0,473,2,0
5593,0,-1,0,23723,135861,1,0,889,0,0
5594,0,-1,0,97117,112048,0,0,1629,1,0
5595,0,-1,0,184363,300575,4,0,837,0,0
5596,0,-1,0,120276,175267,4,0,18,0,0
5597,0,-1,0,41730,263439,0,0,861,1,0
5598,0,-1,0,168324,30511,0,1,1446,0,0
5599,0,-1,0,127701,36631,4,1,1847,0,0
5600,0,-1,0,1742,35390,3,0,1026,0,0
5601,0,-1,0,185582,110251,0,1,294,0,0
5602,0,-1,0,113607,304016,3,0,266,0,0
5603,0,-1,0,2388,216429,4,1,1335,0,0
5604,0,-1,0,94899,333220,4,0,12,0,0
5605,0,-1,0,125533,332465,2,0,730,1,0
5606,0,-1,0,30485,143387,1,0,259,0,0
5607,0,-1,0,74285,287543,3,1,380,2,0
5608,0,-1,0,153529,353226,4,0,1438,0,0
5609,0,-1,0,65181,347114,2,1,616,0,0
5610,0,-1,0,84134,399944,4,1,131,2,0
5611,0,-1,0,141370,141529,2,1,1396,1,0
5612,0,-1,0,183551,346614,3,0,1652,3,0
5613,0,-1,0,164789,348988,2,1,883,1,0
5614,0,-1,0,173802,77370,4,0,1232,0,0
5615,0,-1,0,112385,43863,4,1,1868,0,0
5616,0,-1,0,172149,239543,4,1,1823,0,0
5617,0,-1,0,109382,261560,0,0,16,2,0
5618,0,-1,0,173120,184619,2,1,647,0,0
5619,0,-1,0,110482,58948,0,1,6,0,0
5620,0,-1,0,119190,90959,4,0,1688,0,0
5621,0,-1,0,171318,427819,3,0,802,2,0
5622,0,-1,0,129870,220368,2,0,297,1,0
5623,0,-1,0,6841,121093,4,1,1767,2,0
5624,0,-1,0,116276,77135,1,1,1072,0,0
5625,0,-1,0,147999,197220,0,0,450,1,0
5626,0,-1,0,16103,297674,1,1,567,1,0
5627,0,-1,0,121345,494701,1,1,119,1,0
5628,0,-1,0,174801,420474,2,0,7,1,0
5629,0,-1,0,126564,198051,3,0,925,0,0
5630,0,-1,0,198144,236943,4,0,1901,0,0
5631,0,-1,0,79306,187750,4,0,12,0,0
5632,0,-1,0,30148,340314,4,1,713,3,0
5633,0,-1,0,37806,400442,1,0,5,0,0
5634,0,-1,0,51854,391660,2,0,613,0,0
5635,0,-1,0,110252,18821,4,0,7,1,0
5636,0,-1,0,190676,461673,3,0,698,3,0
5637,0,-1,0,169006,443108,2,0,34,2,0
5638,0,-1,0,172022,309461,3,0,1164,1,0
5639,0,-1,0,191932,341977,4,0,1039,0,0
5640,0,-1,0,139315,165359,0,0,18,0,0
5641,0,-1,0,22563,107914,3,1,745,3,0
5642,0,-1,0,3691,224531,2,0,363,0,0
5643,0,-1,0,170179,17197,2,0,898,1,0
5644,0,-1,0,133616,199235,1,0,182,0,0
5645,0,-1,0,162684,161541,3,1,64,1,0
5646,0,-1,0,170122,388777,4,1,1295,0,0
5647,0,-1,0,74049,85732,3,1,1568,1,0
5648,0,-1,0,41503,37635,2,1,1106,0,0
5649,0,-1,0,79055,264560,2,1,1715,0,0
5650,0,-1,0,49584,434575,0,0,22,0,0
5651,0,-1,0,38342,474504,0,1,912,1,0
5652,0,-1,0,21497,241029,3,0,21,2,0
5653,0,-1,0,9139,150001,4,1,66,1,0
5654,0,-1,0,103211,301343,3,0,1411,2,0
5655,0,-1,0,187134,245281,3,1,1387,0,0
5656,0,-1,0,98330,126645,3,1,1487,1,0
5657,0,-1,0,121988,72875,2,1,1654,0,0
5658,0,-1,0,114733,98922,1,0,4,2,0
5659,0,-1,0,170350,17386,2,0,726,1,0
5660,0,-1,0,87822,109067,4,1,243,2,0
5661,0,-1,0,187056,391827,3,0,695,0,0
5662,0,-1,0,132938,18614,4,1,78,0,0
5663,0,-1,0,167503,122756,2,1,1617,2,0
5664,0,-1,0,70748,198083,2,1,518,0,0
5665,0,-1,0,74869,200895,3,0,616,0,0
5666,0,-1,0,8893,32341,1,1,1028,0,0
5667,0,-1,0,51618,311109,1,0,963,0,0
5668,0,-1,0,134278,157440,0,0,1310,0,0
5669,0,-1,0,126151,417270,1,0,1753,2,0
5670,0,-1,0,488,376125,4,0,1030,0,0
5671,0,-1,0,80443,409488,0,1,1049,3,0
5672,0,-1,0,103314,432691,2,0,851,0,0
5673,0,-1,0,39376,5722,3,0,198,0,0
5674,0,-1,0,97597,243003,4,0,1014,0,0
5675,0,-1,0,176569,382801,4,0,1487,1,0
5676,0,-1,0,126727,184884,1,1,24,0,0
5677,0,-1,0,7242,355824,4,0,879,1,0
5678,0,-1,0,48018,11399,0,1,217,1,0
5679,0,-1,0,28572,205281,3,1,1229,1,0
5680,0,-1,0,48116,265755,3,1,161,1,0
5681,0,-1,0,35808,44028,4,1,941,0,0
5682,0,-1,0,184547,420606,2,1,119,0,0
5683,0,-1,0,125012,499310,4,1,1748,2,0
5684,0,-1,0,199160,456992,3,0,693,2,0
5685,0,-1,0,49499,65801,0,0,215,0,0
5686,0,-1,0,99239,53914,2,0,495,0,0
5687,0,-1,0,9955,37924,2,1,1023,1,0
5688,0,-1,0,130176,288829,0,0,1901,3,0
5689,0,-1,0,45026,292590,1,0,736,0,0
5690,0,-1,0,77730,83575,0,0,1991,0,0
5691,0,-1,0,105832,6760,0,0,635,0,0
5692,0,-1,0,164284,249205,2,1,1195,1,0
5693,0,-1,0,65652,163603,0,0,1629,0,0
5694,0,-1,0,40413,59146,3,0,1099,3,0
5695,0,-1,0,130340,79323,0,1,1036,0,0
5696,0,-1,0,6383,214497,2,1,770,0,0
5697,0,-1,0,171084,296901,2,1,1077,0,0
5698,0,-1,0,37659,494734,4,1,1337,0,0
5699,0,-1,0,180801,369733,3,1,758,1,0
5700,0,-1,0,113382,46140,2,0,402,3,0
5701,0,-1,0,53048,216076,0,0,1940,1,0
5702,0,-1,0,28092,297912,2,1,1094,1,0
5703,0,-1,0,61621,301744,2,0,172,2,0
5704,0,-1,0,67744,172397,3,1,293,1,0
5705,0,-1,0,92689,274069,1,0,1,2,0
5706,0,-1,0,197656,201060,1,0,1011,0,0
5707,0,-1,0,137,476713,1,1,1733,0,0
5708,0,-1,0,75911,122297,4,0,1641,0,0
5709,0,-1,0,69853,268881,1,0,18,0,0
5710,0,-1,0,44567,150738,1,1,23,2,0
5711,0,-1,0,48299,120858,1,1,1572,0,0
5712,0,-1,0,166513,373221,4,0,1710,0,0
5713,0,-1,0,55174,88803,0,1,478,0,0
5714,0,-1,0,198257,493152,3,0,1379,1,0
5715,0,-1,0,161881,49600,3,0,1650,0,0
5716,0,-1,0,40186,86388,1,0,811,1,0
5717,0,-1,0,26190,216193,4,1,105,0,0
5718,0,-1,0,116348,24615,3,0,26,0,0
5719,0,-1,0,100652,380059,0,0,105,0,0
5720,0,-1,0,51519,285500,4,0,901,0,0
5721,0,-1,0,71916,68617,3,1,8,0,0
5722,0,-1,0,112512,89701,2,0,1380,1,0
5723,0,-1,0,177168,77046,2,1,1936,1,0
5724,0,-1,0,95343,107593,0,0,1954,1,0
5725,0,-1,0,171399,81705,0,0,153,2,0
5726,0,-1,0,109418,127044,2,1,495,1,0
5727,0,-1,0,98752,414379,4,1,2,0,0
5728,0,-1,0,71037,458395,4,1,1694,0,0
5729,0,-1,0,67013,170252,1,0,1795,0,0
5730,0,-1,0,115116,173996,1,0,1090,0,0
5731,0,-1,0,30612,106736,1,0,1812,1,0
5732,0,-1,0,46655,148665,0,1,65,1,0
5733,0,-1,0,6959,412697,3,0,1089,0,0
5734,0,-1,0,85154,110711,1,1,1918,0,0
5735,0,-1,0,84335,473578,3,1,4,2,0
5736,0,-1,0,162965,104556,1,0,971,0,0
5737,0,-1,0,94451,50208,3,1,130,2,0
5738,0,-1,0,111745,491035,3,0,1803,0,0
5739,0,-1,0,19732,237401,1,1,907,0,0
5740,0,-1,0,46032,394032,3,0,873,2,0
5741,0,-1,0,48092,190814,1,1,5,0,0
5742,0,-1,0,39754,191919,2,0,1855,0,0
5743,0,-1,0,172864,174489,1,0,530,2,0
5744,0,-1,0,158984,489609,2,1,1905,0,0
5745,0,-1,0,119180,370335,4,1,418,0,0
5746,0,-1,0,94161,21640,2,0,621,2,0
5747,0,-1,0,4809,180452,1,0,1183,0,0
5748,0,-1,0,184480,228562,0,0,275,1,0
5749,0,-1,0,135320,363640,0,0,482,1,0
5750,0,-1,0,9734,327138,1,1,654,0,0
5751,0,-1,0,44550,90239,3,1,14,1,0
5752,0,-1,0,38366,491967,2,1,1036,2,0
5753,0,-1,0,20462,272658,2,1,1539,0,0
5754,0,-1,0,32002,386190,3,1,1324,2,0
5755,0,-1,0,36907,251119,4,1,1296,3,0
5756,0,-1,0,97068,141092,1,1,1109,0,0
5757,0,-1,0,197979,246394,2,1,1404,1,0
5758,0,-1,0,174332,115373,2,0,1897,3,0
5759,0,-1,0,182256,247128,0,1,1306,0,0
5760,0,-1,0,56225,465343,3,1,336,3,0
5761,0,-1,0,145340,189226,2,0,1145,0,0
5762,0,-1,0,84954,204219,3,1,1026,0,0
5763,0,-1,0,154358,233048,2,0,632,0,0
5764,0,-1,0,118408,105317,0,1,681,2,0
5765,0,-1,0,136613,10201,0,1,1301,1,0
5766,0,-1,0,176548,216210,2,1,1707,0,0
5767,0,-1,0,116967,402429,0,1,1544,2,0
5768,0,-1,0,62749,478481,1,0,1022,2,0
5769,0,-1,0,47630,403493,0,0,1704,0,0
5770,0,-1,0,157643,115313,1,0,23,3,0
5771,0,-1,0,108843,85261,1,1,183,0,0
5772,0,-1,0,97342,423050,1,0,1385,2,0
5773,0,-1,0,133254,434828,2,0,1202,0,0
5774,0,-1,0,156813,320980,0,1,1641,0,0
5775,0,-1,0,51,11772,4,1,1985,1,0
5776,0,-1,0,147914,377912,3,1,1189,2,0
5777,0,-1,0,154960,48487,2,0,1254,1,0
5778,0,-1,0,182525,132637,2,0,1,2,0
5779,0,-1,0,17994,183259,3,0,359,0,0
5780,0,-1,0,152719,49768,0,1,9,0,0
5781,0,-1,0,103955,184316,1,0,1938,0,0
5782,0,-1,0,136898,205411,4,1,25,0,0
5783,0,-1,0,156195,435966,4,1,1367,0,0
5784,0,-1,0,132667,189754,2,1,681,0,0
5785,0,-1,0,193358,467647,1,0,1736,1,0
5786,0,-1,0,198201,313564,2,1,466,0,0
5787,0,-1,0,19973,85148,3,0,4,0,0
5788,0,-1,0,39560,125795,2,1,9,2,0
5789,0,-1,0,142640,480523,2,0,1545,1,0
5790,0,-1,0,44102,35618,3,0,1701,0,0
5791,0,-1,0,171254,25893,2,1,379,3,0
5792,0,-1,0,84437,229940,3,0,1510,0,0
5793,0,-1,0,34003,379521,0,1,1286,0,0
5794,0,-1,0,179437,304662,4,0,804,0,0
5795,0,-1,0,58149,166836,2,1,280,1,0
5796,0,-1,0,70751,152218,0,1,476,0,0
5797,0,-1,0,44943,17192,2,1,17,2,0
5798,0,-1,0,47589,143003,1,1,1007,2,0
5799,0,-1,0,155895,380207,2,1,1883,1,0
5800,0,-1,0,186764,386438,1,0,664,0,0
5801,0,-1,0,147069,224433,1,0,427,1,0
5802,0,-1,0,189370,322016,0,1,1871,0,0
5803,0,-1,0,21045,333736,4,1,560,0,0
5804,0,-1,0,139189,350772,1,0,647,0,0
5805,0,-1,0,104618,494575,2,1,1383,0,0
5806,0,-1,0,6768,253520,4,0,1052,1,0
5807,0,-1,0,182122,333438,0,1,525,1,0
5808,0,-1,0,143087,436110,0,0,1638,1,0
5809,0,-1,0,147354,21006,1,1,29,0,0
5810,0,-1,0,51079,169305,0,0,222,0,0
5811,0,-1,0,162327,55116,0,0,1225,0,0
5812,0,-1,0,132477,33789,1,0,846,0,0
5813,0,-1,0,2612,65225,1,1,576,1,0
5814,0,-1,0,191145,126391,3,0,1393,0,0
5815,0,-1,0,58620,496598,1,0,1640,3,0
5816,0,-1,0,102924,265264,0,0,1339,2,0
5817,0,-1,0,7278,144630,3,0,197,1,0
5818,0,-1,0,87082,286993,1,0,851,0,0
5819,0,-1,0,167814,172580,2,0,846,0,0
5820,0,-1,0,54294,11895,4,0,1236,0,0
5821,0,-1,0,5665,499251,3,0,738,1,0
5822,0,-1,0,134349,115198,2,0,1134,1,0
5823,0,-1,0,31767,170662,2,0,495,0,0
5824,0,-1,0,146216,364494,3,0,771,3,0
5825,0,-1,0,127421,249685,3,0,1727,1,0
5826,0,-1,0,7718,197658,2,1,990,0,0
5827,0,-1,0,36982,270324,2,0,925,0,0
5828,0,-1,0,149078,135563,2,1,811,0,0
5829,0,-1,0,84212,359865,0,1,29,0,0
5830,0,-1,0,47507,224625,3,1,325,0,0
5831,0,-1,0,134795,61672,0,0,1952,1,0
5832,0,-1,0,128355,371677,1,0,293,1,0
5833,0,-1,0,165988,305976,3,1,276,0,0
5834,0,-1,0,86715,138534,1,0,1385,0,0
5835,0,-1,0,174615,118766,3,1,1866,0,0
5836,0,-1,0,19173,232942,2,1,21,0,0
5837,0,-1,0,73427,451504,4,1,135,1,0
5838,0,-1,0,96383,267813,4,1,690,0,0
5839,0,-1,0,50038,182829,0,0,1811,1,0
5840,0,-1,0,18126,103316,2,0,820,0,0
5841,0,-1,0,86455,392946,2,1,265,0,0
5842,0,-1,0,151150,327086,1,0,1531,1,0
5843,0,-1,0,65010,175920,2,1,4,1,0
5844,0,-1,0,161034,200078,2,0,1427,1,0
