node_id,is_fraud,ring_id,ring_type,rating,verified_booking,review_length_chars,sentiment_score,days_after_checkin,is_incentivised
0,1,30,2,5,0,76,0.706,1,1
1,1,30,2,5,0,44,0.837,1,1
2,1,30,2,5,0,60,0.715,0,1
3,1,30,2,5,0,125,0.776,0,1
4,1,30,2,5,0,83,0.977,0,1
5,1,30,2,5,1,125,0.807,0,1
6,1,30,2,5,0,103,0.928,1,1
7,1,30,2,5,1,57,0.942,0,1
8,1,30,2,5,1,188,0.704,0,1
9,1,30,2,5,0,136,0.859,2,1
10,1,30,2,5,0,71,0.994,1,1
11,1,30,2,5,0,126,0.938,2,1
12,1,30,2,5,1,68,0.864,0,1
13,1,30,2,5,0,124,0.749,1,1
14,1,30,2,5,0,185,0.984,0,1
15,1,30,2,5,1,42,0.889,1,1
16,1,30,2,5,0,76,0.754,2,1
17,1,30,2,5,1,108,0.801,1,1
18,1,30,2,5,1,167,0.708,0,1
19,1,30,2,5,1,77,0.82,1,1
20,1,30,2,5,0,119,0.723,2,1
21,1,30,2,5,0,44,0.723,2,1
22,1,30,2,5,1,49,0.901,1,1
23,1,30,2,5,0,43,0.814,2,1
24,1,30,2,5,0,87,0.802,1,1
25,1,30,2,5,0,96,0.902,0,1
26,1,30,2,5,0,153,0.982,2,1
27,1,30,2,5,0,181,0.89,1,1
28,1,30,2,5,1,74,0.853,0,1
29,1,30,2,5,1,50,0.938,1,1
30,1,30,2,5,0,56,0.892,2,1
31,1,30,2,5,1,58,0.792,1,1
32,1,30,2,5,0,141,0.934,1,1
33,1,31,2,5,1,49,0.948,1,1
34,1,31,2,5,0,194,0.801,0,1
35,1,31,2,5,0,182,0.735,0,1
36,1,31,2,5,1,166,0.99,2,1
37,1,31,2,5,0,190,0.905,1,1
38,1,31,2,5,0,189,0.937,0,1
39,1,31,2,5,0,177,0.887,0,1
40,1,31,2,5,0,160,0.93,0,1
41,1,31,2,5,1,97,1.0,1,1
42,1,31,2,5,0,180,0.903,1,1
43,1,31,2,5,0,91,0.862,0,1
44,1,31,2,5,0,126,0.806,0,1
45,1,31,2,5,1,73,0.721,2,1
46,1,31,2,5,0,61,0.956,0,1
47,1,31,2,5,0,80,0.961,2,1
48,1,31,2,5,0,64,0.966,1,1
49,1,31,2,5,0,179,0.902,2,1
50,1,31,2,5,0,94,0.884,2,1
51,1,31,2,5,0,120,0.784,2,1
52,1,31,2,5,0,97,0.879,0,1
53,1,31,2,5,0,97,0.74,0,1
54,1,32,2,5,0,65,0.752,2,1
55,1,32,2,5,0,159,0.761,0,1
56,1,32,2,5,1,160,0.942,1,1
57,1,32,2,5,0,119,0.776,2,1
58,1,32,2,5,1,136,0.919,2,1
59,1,33,2,5,0,103,0.922,0,1
60,1,33,2,5,0,187,0.783,1,1
61,1,33,2,5,0,77,0.817,0,1
62,1,33,2,5,0,134,0.896,1,1
63,1,33,2,5,0,82,0.913,0,1
64,1,33,2,5,0,67,0.988,1,1
65,1,33,2,5,1,54,0.733,2,1
66,1,33,2,5,0,80,0.818,0,1
67,1,33,2,5,1,132,0.702,1,1
68,1,33,2,5,0,83,0.845,0,1
69,1,33,2,5,0,101,0.87,1,1
70,1,33,2,5,0,186,0.951,0,1
71,1,33,2,5,1,92,0.869,0,1
72,1,33,2,5,0,97,0.859,2,1
73,1,33,2,5,0,55,0.807,1,1
74,1,33,2,5,0,190,0.994,2,1
75,1,33,2,5,1,146,0.776,1,1
76,1,33,2,5,0,42,0.812,0,1
77,1,33,2,5,0,64,0.702,0,1
78,1,33,2,5,0,127,0.803,0,1
79,1,33,2,5,0,99,0.881,2,1
80,1,33,2,5,0,122,0.732,0,1
81,1,33,2,5,0,114,0.765,2,1
82,1,33,2,5,0,44,0.905,0,1
83,1,33,2,5,0,187,0.98,0,1
84,1,33,2,5,1,181,0.845,0,1
85,1,33,2,5,0,155,0.855,2,1
86,1,33,2,5,1,191,0.919,1,1
87,1,34,2,5,1,156,0.802,1,1
88,1,34,2,5,0,156,0.939,0,1
89,1,34,2,5,1,166,0.954,1,1
90,1,34,2,5,0,111,0.964,1,1
91,1,34,2,5,1,46,0.942,2,1
92,1,34,2,5,0,137,0.976,2,1
93,1,34,2,5,0,42,0.748,2,1
94,1,34,2,5,1,118,0.881,0,1
95,1,34,2,5,0,85,0.892,2,1
96,1,34,2,5,0,135,0.761,0,1
97,1,34,2,5,0,142,0.943,2,1
98,1,34,2,5,1,60,0.863,0,1
99,1,34,2,5,1,63,0.767,1,1
100,1,34,2,5,0,153,0.95,0,1
101,1,35,2,5,0,123,0.886,0,1
102,1,35,2,5,1,198,0.809,2,1
103,1,35,2,5,0,116,0.81,2,1
104,1,35,2,5,0,148,0.763,2,1
105,1,35,2,5,0,50,0.862,2,1
106,1,35,2,5,0,111,0.704,2,1
107,1,35,2,5,0,43,0.959,0,1
108,1,35,2,5,0,68,0.771,2,1
109,1,35,2,5,0,164,0.892,1,1
110,1,35,2,5,1,67,0.747,1,1
111,1,35,2,5,1,78,0.807,1,1
112,1,35,2,5,0,148,0.804,1,1
113,1,35,2,5,1,50,0.991,1,1
114,1,35,2,5,0,126,0.776,2,1
115,1,35,2,5,1,123,0.932,0,1
116,1,35,2,5,0,133,0.735,0,1
117,1,35,2,5,1,154,0.874,0,1
118,1,35,2,5,0,176,0.794,1,1
119,1,35,2,5,0,198,0.712,0,1
120,1,35,2,5,0,115,0.817,1,1
121,1,35,2,5,0,67,0.746,0,1
122,1,35,2,5,0,60,0.858,1,1
123,1,35,2,5,0,84,0.948,0,1
124,1,35,2,5,0,49,0.948,2,1
125,1,35,2,5,0,94,0.968,0,1
126,1,35,2,5,1,106,0.721,2,1
127,1,35,2,5,1,45,0.741,2,1
128,1,35,2,5,1,41,0.89,2,1
129,1,35,2,5,0,133,0.813,1,1
130,1,35,2,5,0,87,0.936,0,1
131,1,35,2,5,0,145,0.972,1,1
132,1,35,2,5,1,44,0.847,0,1
133,1,35,2,5,0,111,0.861,1,1
134,1,35,2,5,0,179,0.911,1,1
135,1,35,2,5,0,143,0.793,2,1
136,1,35,2,5,0,41,0.713,1,1
137,1,35,2,5,0,185,0.743,1,1
138,1,35,2,5,0,164,0.782,0,1
139,1,35,2,5,0,137,0.886,1,1
140,1,35,2,5,0,102,0.705,2,1
141,1,35,2,5,0,190,0.809,2,1
142,1,35,2,5,0,156,0.885,1,1
143,1,35,2,5,0,46,0.933,1,1
144,1,35,2,5,1,187,0.862,0,1
145,1,35,2,5,1,95,0.73,2,1
146,1,35,2,5,0,148,0.774,2,1
147,1,35,2,5,1,59,0.833,1,1
148,1,35,2,5,0,56,0.722,1,1
149,1,35,2,5,1,50,0.806,0,1
150,1,35,2,5,0,159,0.799,1,1
151,1,35,2,5,1,77,0.782,2,1
152,1,35,2,5,0,97,0.887,2,1
153,1,35,2,5,0,136,0.747,2,1
154,1,35,2,5,0,47,0.765,0,1
155,1,35,2,5,1,191,0.796,2,1
156,1,35,2,5,0,184,0.918,0,1
157,1,35,2,5,0,170,0.839,2,1
158,1,36,2,5,0,191,0.788,1,1
159,1,36,2,5,1,135,0.825,0,1
160,1,36,2,5,0,85,0.929,1,1
161,1,36,2,5,0,113,0.922,2,1
162,1,36,2,5,1,159,0.88,2,1
163,1,36,2,5,0,80,0.747,0,1
164,1,36,2,5,0,121,0.704,2,1
165,1,36,2,5,0,52,0.75,0,1
166,1,36,2,5,0,105,0.998,2,1
167,1,36,2,5,1,115,0.875,2,1
168,1,36,2,5,0,189,0.994,0,1
169,1,36,2,5,0,196,0.85,0,1
170,1,36,2,5,1,80,0.779,2,1
171,1,36,2,5,0,41,0.958,1,1
172,1,36,2,5,0,139,0.72,0,1
173,1,36,2,5,0,100,0.924,2,1
174,1,36,2,5,0,163,0.71,1,1
175,1,36,2,5,0,41,0.911,1,1
176,1,36,2,5,1,88,0.911,0,1
177,1,36,2,5,0,195,0.902,1,1
178,1,36,2,5,1,150,0.758,0,1
179,1,36,2,5,0,164,0.898,1,1
180,1,36,2,5,1,133,0.799,2,1
181,1,36,2,5,0,194,0.824,1,1
182,1,36,2,5,0,128,0.874,1,1
183,1,36,2,5,0,130,0.896,1,1
184,1,36,2,5,0,98,0.775,0,1
185,1,36,2,5,0,153,0.749,0,1
186,1,36,2,5,0,169,0.93,2,1
187,1,36,2,5,0,125,0.98,1,1
188,1,36,2,5,0,51,0.784,2,1
189,1,36,2,5,0,118,0.988,0,1
190,1,36,2,5,0,88,0.987,1,1
191,1,36,2,5,1,185,0.799,0,1
192,1,36,2,5,1,61,0.839,2,1
193,1,36,2,5,0,172,0.984,2,1
194,1,36,2,5,0,50,0.954,1,1
195,1,36,2,5,1,116,0.858,0,1
196,1,36,2,5,0,146,0.725,1,1
197,1,36,2,5,1,109,0.837,2,1
198,1,36,2,5,0,197,0.867,2,1
199,1,36,2,5,1,156,0.941,0,1
200,1,36,2,5,1,92,0.772,1,1
201,1,36,2,5,0,172,0.782,0,1
202,1,36,2,5,0,105,0.754,0,1
203,1,36,2,5,1,128,0.744,0,1
204,1,36,2,5,0,129,0.813,0,1
205,1,36,2,5,0,45,0.763,0,1
206,1,36,2,5,0,135,0.99,0,1
207,1,36,2,5,1,63,0.945,0,1
208,1,36,2,5,0,40,0.7,0,1
209,1,36,2,5,0,101,0.788,0,1
210,1,36,2,5,0,50,0.879,0,1
211,1,36,2,5,0,81,0.8,1,1
212,1,36,2,5,0,101,0.739,0,1
213,1,36,2,5,1,167,0.809,1,1
214,1,36,2,5,1,122,0.92,1,1
215,1,36,2,5,0,134,0.801,1,1
216,1,36,2,5,1,111,0.878,2,1
217,1,36,2,5,0,69,0.812,1,1
218,1,36,2,5,1,67,0.713,2,1
219,1,36,2,5,0,127,0.826,0,1
220,1,36,2,5,0,165,0.7,2,1
221,1,37,2,5,0,140,0.876,1,1
222,1,37,2,5,0,43,0.732,0,1
223,1,37,2,5,0,168,0.735,0,1
224,1,37,2,5,0,194,0.823,1,1
225,1,37,2,5,1,78,0.893,1,1
226,1,37,2,5,0,134,0.87,0,1
227,1,37,2,5,0,112,0.868,1,1
228,1,37,2,5,1,58,0.743,1,1
229,1,37,2,5,0,107,0.935,2,1
230,1,37,2,5,0,170,0.925,1,1
231,1,37,2,5,0,139,0.743,2,1
232,1,37,2,5,0,165,0.932,0,1
233,1,37,2,5,0,186,0.741,0,1
234,1,37,2,5,0,85,0.8,2,1
235,1,38,2,5,0,105,0.864,0,1
236,1,38,2,5,0,78,0.803,0,1
237,1,38,2,5,0,48,0.953,1,1
238,1,38,2,5,1,185,0.934,1,1
239,1,38,2,5,1,56,0.718,0,1
240,1,38,2,5,0,42,0.747,1,1
241,1,38,2,5,0,155,0.817,0,1
242,1,38,2,5,0,101,0.732,1,1
243,1,38,2,5,1,74,0.752,0,1
244,1,38,2,5,0,169,0.785,1,1
245,1,38,2,5,0,101,0.731,0,1
246,1,38,2,5,0,130,0.979,1,1
247,1,38,2,5,0,162,0.97,1,1
248,1,38,2,5,0,105,0.966,0,1
249,1,38,2,5,1,179,0.747,1,1
250,1,38,2,5,1,122,0.986,0,1
251,1,38,2,5,0,56,0.766,2,1
252,1,38,2,5,1,120,0.963,1,1
253,1,38,2,5,1,92,0.814,1,1
254,1,38,2,5,1,129,0.891,1,1
255,1,38,2,5,0,48,0.941,2,1
256,1,38,2,5,0,148,0.726,1,1
257,1,38,2,5,0,108,0.824,0,1
258,1,38,2,5,0,87,0.803,1,1
259,1,38,2,5,0,133,0.776,1,1
260,1,38,2,5,1,175,0.782,1,1
261,1,38,2,5,0,57,0.891,0,1
262,1,38,2,5,1,132,0.921,1,1
263,1,38,2,5,0,61,0.859,1,1
264,1,38,2,5,0,133,0.956,0,1
265,1,38,2,5,0,45,0.893,1,1
266,1,38,2,5,0,115,0.811,1,1
267,1,38,2,5,0,104,0.829,1,1
268,1,39,2,5,0,87,0.86,1,1
269,1,39,2,5,0,41,0.992,2,1
270,1,39,2,5,0,72,0.79,0,1
271,1,39,2,5,0,174,0.816,2,1
272,1,39,2,5,0,52,0.787,2,1
273,1,39,2,5,0,169,0.819,1,1
274,1,39,2,5,1,120,0.976,1,1
275,1,39,2,5,0,119,0.742,2,1
276,1,39,2,5,1,57,0.722,2,1
277,1,39,2,5,0,76,0.916,2,1
278,1,39,2,5,0,158,0.979,2,1
279,1,39,2,5,0,86,0.954,0,1
280,1,39,2,5,0,67,0.714,1,1
281,1,39,2,5,0,45,0.714,2,1
282,1,39,2,5,1,111,0.843,2,1
283,1,39,2,5,0,143,0.923,2,1
284,1,39,2,5,0,117,0.793,0,1
285,1,39,2,5,0,90,0.99,1,1
286,1,39,2,5,0,170,0.904,1,1
287,1,40,2,5,0,62,0.909,2,1
288,1,40,2,5,1,192,0.748,1,1
289,1,40,2,5,0,50,0.749,2,1
290,1,40,2,5,0,188,0.833,2,1
291,1,40,2,5,0,55,0.771,2,1
292,1,40,2,5,0,134,0.924,2,1
293,1,40,2,5,0,54,0.745,2,1
294,1,40,2,5,0,199,0.709,0,1
295,1,40,2,5,1,156,0.802,2,1
296,1,40,2,5,1,163,0.835,0,1
297,1,40,2,5,0,75,0.949,0,1
298,1,40,2,5,0,46,0.957,1,1
299,1,40,2,5,0,134,0.864,1,1
300,1,40,2,5,0,83,0.748,0,1
301,1,40,2,5,0,78,0.816,2,1
302,1,40,2,5,0,73,0.954,1,1
303,1,40,2,5,0,192,0.87,0,1
304,1,40,2,5,0,93,0.915,1,1
305,1,40,2,5,0,122,0.733,1,1
306,1,40,2,5,0,170,0.763,0,1
307,1,40,2,5,1,163,0.878,2,1
308,1,40,2,5,1,59,0.912,2,1
309,1,40,2,5,1,135,0.964,0,1
310,1,40,2,5,1,191,0.905,0,1
311,1,40,2,5,0,191,0.808,1,1
312,1,40,2,5,0,64,0.992,0,1
313,1,40,2,5,1,124,0.982,0,1
314,1,40,2,5,0,199,0.754,0,1
315,1,40,2,5,0,94,0.786,1,1
316,1,40,2,5,0,184,0.848,0,1
317,1,40,2,5,0,139,0.743,0,1
318,1,40,2,5,0,96,0.936,2,1
319,1,40,2,5,0,165,0.947,0,1
320,1,40,2,5,0,57,0.726,0,1
321,1,40,2,5,0,91,0.913,1,1
322,1,40,2,5,0,67,0.975,0,1
323,1,40,2,5,1,73,0.972,2,1
324,1,40,2,5,0,76,0.779,0,1
325,1,40,2,5,1,167,0.845,1,1
326,1,40,2,5,0,131,0.926,0,1
327,1,40,2,5,1,195,0.828,2,1
328,1,40,2,5,1,56,0.747,0,1
329,1,40,2,5,0,88,0.764,0,1
330,1,40,2,5,0,55,0.702,1,1
331,1,40,2,5,0,173,0.774,2,1
332,1,40,2,5,0,169,0.84,2,1
333,1,40,2,5,0,61,0.976,0,1
334,1,40,2,5,1,69,0.848,2,1
335,1,40,2,5,0,97,0.917,1,1
336,1,40,2,5,0,100,0.77,1,1
337,1,40,2,5,1,143,0.949,1,1
338,1,40,2,5,0,43,0.771,0,1
339,1,40,2,5,1,119,0.904,0,1
340,1,40,2,5,0,121,0.996,1,1
341,1,40,2,5,0,53,0.766,1,1
342,1,40,2,5,0,100,0.933,0,1
343,1,40,2,5,0,173,0.751,0,1
344,1,40,2,5,1,101,0.922,0,1
345,1,40,2,5,0,52,0.795,2,1
346,1,40,2,5,0,134,0.981,0,1
347,1,40,2,5,1,159,0.719,1,1
348,1,40,2,5,1,170,0.947,0,1
349,1,40,2,5,0,82,0.779,1,1
350,1,40,2,5,0,70,0.794,1,1
351,1,40,2,5,0,184,0.727,1,1
352,1,40,2,5,0,42,0.702,0,1
353,1,40,2,5,0,134,0.928,0,1
354,1,40,2,5,0,41,0.703,0,1
355,1,40,2,5,0,57,0.837,1,1
356,1,41,2,5,1,84,0.744,1,1
357,1,41,2,5,0,177,0.716,0,1
358,1,41,2,5,0,142,0.984,0,1
359,1,41,2,5,1,105,0.797,0,1
360,1,41,2,5,0,125,0.81,1,1
361,1,41,2,5,0,58,0.853,2,1
362,1,41,2,5,0,52,0.936,1,1
363,1,41,2,5,1,132,0.763,2,1
364,1,41,2,5,0,121,0.759,2,1
365,1,41,2,5,0,159,0.885,0,1
366,1,41,2,5,0,70,0.734,1,1
367,1,41,2,5,1,95,0.91,1,1
368,1,41,2,5,0,198,0.93,1,1
369,1,41,2,5,0,91,0.903,0,1
370,1,41,2,5,0,55,0.762,0,1
371,1,41,2,5,1,137,0.966,2,1
372,1,41,2,5,1,171,0.85,1,1
373,1,41,2,5,0,123,0.767,0,1
374,1,41,2,5,0,56,0.926,1,1
375,1,41,2,5,0,184,0.943,2,1
376,1,41,2,5,0,98,0.882,2,1
377,1,41,2,5,1,105,0.837,0,1
378,1,41,2,5,1,137,0.787,1,1
379,1,41,2,5,0,64,0.774,0,1
380,1,41,2,5,0,46,0.929,0,1
381,1,41,2,5,1,178,0.969,0,1
382,1,41,2,5,0,126,0.735,0,1
383,1,41,2,5,0,142,0.995,1,1
384,1,41,2,5,1,134,0.799,1,1
385,1,41,2,5,0,107,0.77,0,1
386,1,41,2,5,0,73,0.894,0,1
387,1,41,2,5,0,42,0.739,0,1
388,1,41,2,5,0,67,0.862,1,1
389,1,41,2,5,0,93,0.759,2,1
390,1,42,2,5,0,99,0.81,0,1
391,1,42,2,5,1,77,0.911,1,1
392,1,42,2,5,0,107,0.884,0,1
393,1,42,2,5,1,55,0.876,0,1
394,1,42,2,5,0,127,0.818,0,1
395,1,42,2,5,0,84,0.721,2,1
396,1,42,2,5,1,158,0.945,2,1
397,1,42,2,5,1,173,0.995,1,1
398,1,42,2,5,0,156,0.7,0,1
399,1,42,2,5,0,87,0.901,0,1
400,1,42,2,5,0,188,0.778,0,1
401,1,42,2,5,0,136,0.794,0,1
402,1,42,2,5,0,56,0.714,0,1
403,1,42,2,5,1,63,0.707,0,1
404,1,42,2,5,0,84,0.923,1,1
405,1,42,2,5,0,56,0.783,2,1
406,1,42,2,5,0,46,0.871,1,1
407,1,42,2,5,0,167,0.953,0,1
408,1,42,2,5,1,96,0.975,1,1
409,1,42,2,5,0,108,0.956,1,1
410,1,42,2,5,1,149,0.794,2,1
411,1,42,2,5,0,180,0.779,0,1
412,1,42,2,5,0,91,0.714,1,1
413,1,42,2,5,1,150,0.873,2,1
414,1,43,2,5,0,104,0.711,1,1
415,1,43,2,5,0,136,0.882,1,1
416,1,43,2,5,1,44,0.836,1,1
417,1,43,2,5,0,145,0.819,1,1
418,1,43,2,5,0,162,0.788,1,1
419,1,43,2,5,0,81,0.932,2,1
420,1,43,2,5,0,182,0.933,0,1
421,1,43,2,5,0,196,0.997,2,1
422,1,43,2,5,0,86,0.913,2,1
423,1,43,2,5,0,122,0.717,1,1
424,1,43,2,5,1,193,0.848,0,1
425,1,43,2,5,0,192,0.876,2,1
426,1,43,2,5,0,142,0.767,1,1
427,1,43,2,5,0,88,0.955,2,1
428,1,43,2,5,0,156,0.839,2,1
429,1,43,2,5,1,102,0.767,1,1
430,1,43,2,5,0,193,0.929,1,1
431,1,43,2,5,0,158,0.727,1,1
432,1,43,2,5,0,117,0.709,0,1
433,1,43,2,5,0,163,0.993,2,1
434,1,43,2,5,1,185,0.92,1,1
435,1,43,2,5,0,77,0.711,1,1
436,1,43,2,5,1,161,0.949,2,1
437,1,43,2,5,0,149,0.93,0,1
438,1,43,2,5,0,63,0.815,2,1
439,1,43,2,5,0,70,0.725,0,1
440,1,43,2,5,1,48,0.863,2,1
441,1,43,2,5,1,158,0.73,0,1
442,1,43,2,5,0,59,0.784,0,1
443,1,43,2,5,0,165,0.977,1,1
444,1,43,2,5,1,186,0.827,1,1
445,1,43,2,5,0,101,0.718,2,1
446,1,43,2,5,0,178,0.995,0,1
447,1,43,2,5,1,46,0.94,2,1
448,1,43,2,5,0,76,0.794,0,1
449,1,43,2,5,1,198,0.905,2,1
450,1,43,2,5,0,130,0.945,2,1
451,1,43,2,5,1,110,0.975,2,1
452,1,43,2,5,0,106,0.726,0,1
453,1,43,2,5,0,157,0.712,2,1
454,1,43,2,5,0,161,0.954,2,1
455,1,43,2,5,0,164,0.721,0,1
456,1,43,2,5,0,85,0.811,0,1
457,1,43,2,5,0,50,0.964,2,1
458,1,43,2,5,0,163,0.78,1,1
459,1,43,2,5,0,120,0.703,1,1
460,1,43,2,5,0,47,0.938,2,1
461,1,43,2,5,1,113,0.822,1,1
462,1,43,2,5,0,91,0.88,1,1
463,1,43,2,5,0,94,0.741,0,1
464,1,43,2,5,1,82,0.97,2,1
465,1,43,2,5,1,196,0.777,0,1
466,1,43,2,5,0,146,0.857,2,1
467,1,43,2,5,0,124,0.805,2,1
468,1,43,2,5,0,120,0.791,2,1
469,1,43,2,5,0,72,0.991,2,1
470,1,43,2,5,0,53,0.787,0,1
471,1,43,2,5,1,168,0.851,2,1
472,1,43,2,5,1,44,0.897,1,1
473,1,43,2,5,0,61,0.886,0,1
474,1,44,2,5,1,171,0.95,1,1
475,1,44,2,5,0,142,0.796,0,1
476,1,44,2,5,0,51,0.842,2,1
477,1,44,2,5,0,79,0.789,2,1
478,1,44,2,5,0,118,0.956,0,1
479,1,44,2,5,0,129,0.933,0,1
480,1,44,2,5,0,175,0.722,1,1
481,1,44,2,5,0,41,0.788,2,1
482,1,44,2,5,0,86,0.882,0,1
483,1,44,2,5,1,170,0.902,0,1
484,1,44,2,5,0,160,0.939,1,1
485,1,44,2,5,0,84,0.842,2,1
486,1,44,2,5,0,184,0.759,2,1
487,1,44,2,5,0,58,0.704,0,1
488,1,44,2,5,0,67,0.922,1,1
489,1,44,2,5,1,112,0.797,2,1
490,1,44,2,5,1,45,0.738,0,1
491,1,44,2,5,0,124,0.821,0,1
492,1,44,2,5,0,57,0.758,1,1
493,1,44,2,5,1,76,0.936,2,1
494,1,44,2,5,0,69,0.747,0,1
495,1,44,2,5,0,83,0.734,1,1
496,1,44,2,5,0,148,0.854,0,1
497,1,44,2,5,0,176,0.808,2,1
498,1,44,2,5,0,64,0.949,0,1
499,1,44,2,5,0,97,0.903,1,1
500,1,44,2,5,1,66,0.78,0,1
501,1,44,2,5,0,60,0.735,1,1
502,1,44,2,5,0,158,0.754,1,1
503,1,44,2,5,0,157,0.99,1,1
504,1,44,2,5,0,171,0.755,1,1
505,1,44,2,5,1,141,0.942,2,1
506,1,44,2,5,0,150,0.906,2,1
507,1,44,2,5,1,190,0.827,2,1
508,1,44,2,5,0,74,0.978,0,1
509,1,44,2,5,0,190,0.724,0,1
510,1,44,2,5,1,165,0.758,2,1
511,1,44,2,5,1,41,0.761,2,1
512,1,45,2,5,0,124,0.77,2,1
513,1,45,2,5,0,69,0.829,1,1
514,1,45,2,5,1,188,0.914,1,1
515,1,45,2,5,0,194,0.982,0,1
516,1,45,2,5,0,155,0.856,1,1
517,1,45,2,5,0,186,0.889,1,1
518,1,45,2,5,1,43,0.73,0,1
519,1,45,2,5,0,56,0.811,1,1
520,1,45,2,5,0,168,0.843,1,1
521,1,45,2,5,0,107,0.839,0,1
522,1,45,2,5,0,88,0.911,0,1
523,1,46,2,5,1,56,0.81,0,1
524,1,46,2,5,0,128,0.897,1,1
525,1,46,2,5,0,103,0.962,1,1
526,1,46,2,5,1,100,0.703,0,1
527,1,46,2,5,1,150,0.713,1,1
528,1,46,2,5,1,118,0.938,1,1
529,1,46,2,5,0,152,0.87,2,1
530,1,46,2,5,0,100,0.83,1,1
531,1,46,2,5,0,142,0.821,1,1
532,1,46,2,5,0,138,0.929,0,1
533,1,46,2,5,0,112,0.959,0,1
534,1,46,2,5,1,123,0.835,2,1
535,1,46,2,5,0,156,0.712,1,1
536,1,46,2,5,1,83,0.91,0,1
537,1,46,2,5,0,146,0.82,1,1
538,1,46,2,5,0,90,0.972,0,1
539,1,46,2,5,0,133,0.962,0,1
540,1,46,2,5,1,120,0.814,0,1
541,1,46,2,5,0,44,0.839,2,1
542,1,46,2,5,0,179,0.834,2,1
543,1,46,2,5,0,127,0.958,0,1
544,1,46,2,5,0,154,0.781,2,1
545,1,46,2,5,1,197,0.993,0,1
546,1,46,2,5,0,59,0.808,0,1
547,1,46,2,5,0,45,0.943,0,1
548,1,46,2,5,0,109,0.921,2,1
549,1,47,2,5,1,45,0.839,1,1
550,1,47,2,5,0,138,0.865,2,1
551,1,47,2,5,1,191,0.738,0,1
552,1,47,2,5,0,53,0.796,2,1
553,1,47,2,5,1,162,0.837,1,1
554,1,47,2,5,0,107,0.896,2,1
555,1,47,2,5,1,67,0.756,2,1
556,1,47,2,5,0,198,0.769,0,1
557,1,47,2,5,0,77,0.937,2,1
558,1,47,2,5,1,136,0.943,2,1
559,1,47,2,5,0,46,0.709,2,1
560,1,47,2,5,1,77,0.724,0,1
561,1,47,2,5,0,179,0.78,0,1
562,1,47,2,5,0,107,0.949,2,1
563,1,48,2,5,0,137,0.923,2,1
564,1,48,2,5,0,188,0.939,2,1
565,1,48,2,5,0,146,0.97,1,1
566,1,48,2,5,0,172,0.975,1,1
567,1,48,2,5,0,169,0.849,2,1
568,1,48,2,5,0,125,0.836,2,1
569,1,48,2,5,1,153,0.889,0,1
570,1,48,2,5,0,192,0.812,2,1
571,1,48,2,5,0,82,0.996,2,1
572,1,48,2,5,0,53,0.938,1,1
573,1,48,2,5,1,170,0.707,2,1
574,1,48,2,5,0,45,0.902,1,1
575,1,48,2,5,0,148,0.805,2,1
576,1,48,2,5,0,175,0.847,2,1
577,1,48,2,5,0,93,0.932,1,1
578,1,48,2,5,1,185,0.991,0,1
579,1,48,2,5,0,154,0.804,1,1
580,1,48,2,5,1,94,0.894,0,1
581,1,48,2,5,0,46,0.91,2,1
582,1,48,2,5,0,137,0.769,1,1
583,1,48,2,5,0,94,0.802,2,1
584,1,48,2,5,1,91,0.947,0,1
585,1,48,2,5,0,77,0.742,1,1
586,1,48,2,5,0,175,0.959,1,1
587,1,48,2,5,0,103,0.776,0,1
588,1,48,2,5,0,148,0.922,2,1
589,1,48,2,5,0,155,0.781,0,1
590,1,48,2,5,0,109,0.758,0,1
591,1,48,2,5,1,152,0.868,2,1
592,1,48,2,5,0,122,0.716,2,1
593,1,48,2,5,0,52,0.716,2,1
594,1,48,2,5,0,164,0.982,0,1
595,1,48,2,5,0,192,0.804,1,1
596,1,48,2,5,0,160,0.793,1,1
597,1,48,2,5,1,179,0.952,1,1
598,1,48,2,5,1,109,0.744,1,1
599,1,48,2,5,1,105,0.96,1,1
600,1,48,2,5,0,83,0.92,1,1
601,1,48,2,5,1,181,0.809,1,1
602,1,48,2,5,1,49,0.922,0,1
603,1,48,2,5,0,114,0.746,2,1
604,1,48,2,5,0,43,0.869,2,1
605,1,48,2,5,0,113,0.911,0,1
606,1,48,2,5,1,70,0.97,2,1
607,1,49,2,5,1,122,0.818,2,1
608,1,49,2,5,1,106,0.833,0,1
609,1,49,2,5,0,130,0.901,2,1
610,1,49,2,5,0,137,0.877,1,1
611,1,49,2,5,0,126,0.89,0,1
612,1,49,2,5,0,188,0.762,0,1
613,1,49,2,5,0,131,0.984,2,1
614,1,49,2,5,1,196,0.849,0,1
615,1,49,2,5,0,182,0.79,2,1
616,1,49,2,5,0,129,0.851,2,1
617,1,49,2,5,1,148,0.893,1,1
618,1,49,2,5,0,100,0.874,1,1
619,1,49,2,5,0,191,0.871,1,1
620,1,49,2,5,0,130,0.717,1,1
621,1,49,2,5,0,154,0.845,1,1
622,1,49,2,5,0,126,0.974,1,1
623,1,49,2,5,0,195,0.745,1,1
624,1,49,2,5,1,51,0.921,1,1
625,1,49,2,5,1,167,0.74,2,1
626,1,49,2,5,0,152,0.979,0,1
627,1,49,2,5,0,178,0.874,0,1
628,1,49,2,5,0,99,0.712,1,1
629,1,49,2,5,0,99,0.995,2,1
630,1,49,2,5,1,117,0.876,1,1
631,1,49,2,5,0,154,0.899,1,1
632,1,49,2,5,0,183,0.739,2,1
633,1,49,2,5,0,193,0.995,1,1
634,1,49,2,5,1,67,0.791,2,1
635,1,49,2,5,1,82,0.83,2,1
636,1,49,2,5,0,159,0.844,2,1
637,1,49,2,5,1,150,0.864,0,1
638,1,49,2,5,1,99,0.793,0,1
639,1,49,2,5,0,185,0.767,1,1
640,1,49,2,5,0,194,0.815,1,1
641,1,49,2,5,1,195,0.77,0,1
642,1,49,2,5,0,56,0.94,1,1
643,1,49,2,5,1,107,0.935,1,1
644,1,49,2,5,0,153,0.873,2,1
645,1,49,2,5,0,113,0.818,0,1
646,1,49,2,5,0,195,0.876,0,1
647,1,49,2,5,0,94,1.0,0,1
648,1,49,2,5,1,66,0.847,2,1
649,1,49,2,5,0,58,0.902,1,1
650,1,49,2,5,1,107,0.937,1,1
651,1,49,2,5,0,179,0.952,1,1
652,1,49,2,5,1,48,0.918,0,1
653,1,49,2,5,0,53,0.716,1,1
654,1,49,2,5,1,166,0.897,1,1
655,1,49,2,5,1,45,0.831,0,1
656,1,49,2,5,1,157,0.833,0,1
657,1,49,2,5,0,57,0.974,0,1
658,1,49,2,5,1,69,0.924,2,1
659,1,49,2,5,0,151,0.979,0,1
660,1,49,2,5,0,107,0.821,0,1
661,1,49,2,5,1,134,0.9,0,1
662,1,49,2,5,0,148,0.846,1,1
663,1,49,2,5,0,48,0.94,0,1
664,1,50,2,5,0,43,0.89,1,1
665,1,50,2,5,0,48,0.993,2,1
666,1,50,2,5,0,50,0.785,0,1
667,1,50,2,5,0,51,0.881,0,1
668,1,50,2,5,0,182,0.832,1,1
669,1,50,2,5,0,63,0.908,2,1
670,1,50,2,5,0,181,1.0,1,1
671,1,50,2,5,0,116,0.889,2,1
672,1,50,2,5,0,86,0.949,2,1
673,1,50,2,5,1,178,0.902,1,1
674,1,50,2,5,0,119,0.823,0,1
675,1,50,2,5,1,50,0.927,0,1
676,1,50,2,5,1,110,0.815,0,1
677,1,50,2,5,0,66,0.816,2,1
678,1,50,2,5,1,128,0.825,1,1
679,1,50,2,5,0,110,0.968,0,1
680,1,50,2,5,0,107,0.977,0,1
681,1,50,2,5,1,97,0.747,1,1
682,1,50,2,5,1,43,0.819,0,1
683,1,50,2,5,0,198,0.851,1,1
684,1,50,2,5,0,196,0.883,1,1
685,1,50,2,5,1,72,0.914,1,1
686,1,50,2,5,0,112,0.959,0,1
687,1,50,2,5,1,99,0.967,2,1
688,1,50,2,5,0,135,0.953,1,1
689,1,50,2,5,0,193,0.929,1,1
690,1,50,2,5,0,152,0.878,0,1
691,1,50,2,5,0,89,0.965,2,1
692,1,50,2,5,1,119,0.738,0,1
693,1,50,2,5,0,79,0.858,2,1
694,1,51,2,5,0,90,0.913,0,1
695,1,51,2,5,0,63,0.968,2,1
696,1,51,2,5,0,92,0.739,2,1
697,1,51,2,5,1,145,0.929,0,1
698,1,51,2,5,0,166,0.824,1,1
699,1,51,2,5,0,47,0.762,0,1
700,1,51,2,5,1,69,0.976,0,1
701,1,51,2,5,0,130,0.825,1,1
702,1,51,2,5,0,182,0.818,2,1
703,1,51,2,5,0,43,0.748,2,1
704,1,51,2,5,1,101,0.822,2,1
705,1,52,2,5,0,188,0.862,1,1
706,1,52,2,5,0,85,0.903,0,1
707,1,52,2,5,1,86,0.931,0,1
708,1,52,2,5,0,62,0.854,2,1
709,1,52,2,5,1,92,0.985,0,1
710,1,52,2,5,0,61,0.853,2,1
711,1,52,2,5,0,152,0.904,1,1
712,1,52,2,5,0,160,0.924,0,1
713,1,52,2,5,1,55,0.743,1,1
714,1,52,2,5,0,42,0.847,1,1
715,1,52,2,5,0,139,0.805,0,1
716,1,52,2,5,1,79,0.882,0,1
717,1,52,2,5,1,88,0.743,2,1
718,1,52,2,5,0,181,0.911,1,1
719,1,52,2,5,0,181,0.754,1,1
720,1,53,2,5,0,89,0.882,0,1
721,1,53,2,5,0,161,0.719,1,1
722,1,53,2,5,0,126,0.878,0,1
723,1,53,2,5,0,121,0.892,1,1
724,1,53,2,5,1,69,0.792,2,1
725,1,53,2,5,0,109,0.726,2,1
726,1,53,2,5,0,181,0.798,1,1
727,1,53,2,5,1,176,0.998,1,1
728,1,53,2,5,1,160,0.984,2,1
729,1,53,2,5,0,150,0.9,1,1
730,1,53,2,5,0,165,0.756,2,1
731,1,53,2,5,0,149,0.951,0,1
732,1,53,2,5,1,92,0.832,1,1
733,1,53,2,5,0,181,0.884,1,1
734,1,53,2,5,0,102,0.87,2,1
735,1,53,2,5,0,116,0.824,0,1
736,1,53,2,5,0,182,0.772,2,1
737,1,53,2,5,0,178,0.904,2,1
738,1,53,2,5,0,171,0.843,1,1
739,1,54,2,5,0,130,0.724,0,1
740,1,54,2,5,0,99,0.777,2,1
741,1,54,2,5,1,156,0.709,1,1
742,1,54,2,5,1,114,0.916,0,1
743,1,54,2,5,0,191,0.767,1,1
744,1,54,2,5,0,94,0.814,2,1
745,1,54,2,5,0,43,0.882,0,1
746,1,54,2,5,0,57,0.877,1,1
747,1,54,2,5,1,175,0.722,2,1
748,1,54,2,5,0,65,0.825,0,1
749,1,54,2,5,0,80,0.781,1,1
750,1,54,2,5,0,50,0.702,1,1
751,1,54,2,5,0,110,0.834,2,1
752,1,54,2,5,1,90,0.718,1,1
753,1,54,2,5,0,182,0.847,2,1
754,1,54,2,5,0,112,0.751,1,1
755,0,-1,0,4,1,528,0.342,13,0
756,0,-1,0,5,1,453,0.08,21,0
757,0,-1,0,5,1,240,0.261,5,0
758,0,-1,0,5,1,574,0.992,4,0
759,0,-1,0,5,1,172,0.51,29,0
760,0,-1,0,5,1,244,-0.02,4,0
761,0,-1,0,4,1,83,0.765,24,0
762,0,-1,0,2,1,435,0.295,25,0
763,0,-1,0,5,1,321,-0.055,9,0
764,0,-1,0,4,1,754,0.566,7,0
765,0,-1,0,5,1,261,0.738,28,0
766,0,-1,0,5,1,652,0.752,17,0
767,0,-1,0,2,1,151,0.612,11,0
768,0,-1,0,3,1,418,0.263,24,0
769,0,-1,0,1,1,151,0.477,19,0
770,0,-1,0,5,1,203,0.674,29,0
771,0,-1,0,4,1,565,0.153,29,0
772,0,-1,0,3,1,506,0.147,21,0
773,0,-1,0,4,1,231,-0.128,11,0
774,0,-1,0,2,1,309,-0.185,24,0
775,0,-1,0,1,1,140,0.86,18,0
776,0,-1,0,5,1,657,0.948,24,0
777,0,-1,0,5,1,651,-0.183,10,0
778,0,-1,0,2,1,506,0.463,9,0
779,0,-1,0,2,1,530,0.146,13,0
780,0,-1,0,5,1,78,0.484,22,0
781,0,-1,0,5,1,311,-0.105,1,0
782,0,-1,0,5,1,482,0.311,28,0
783,0,-1,0,2,1,561,0.663,6,0
784,0,-1,0,4,1,767,0.271,11,0
785,0,-1,0,5,1,717,0.846,20,0
786,0,-1,0,5,1,606,0.375,7,0
787,0,-1,0,4,1,705,0.922,23,0
788,0,-1,0,5,1,727,0.029,16,0
789,0,-1,0,5,1,327,0.56,12,0
790,0,-1,0,5,1,432,0.596,18,0
791,0,-1,0,1,1,555,0.888,22,0
792,0,-1,0,4,1,545,0.499,29,0
793,0,-1,0,5,1,593,0.853,11,0
794,0,-1,0,5,1,426,0.238,2,0
795,0,-1,0,4,1,601,0.143,12,0
796,0,-1,0,4,1,228,0.548,5,0
797,0,-1,0,4,1,166,0.812,23,0
798,0,-1,0,4,1,88,0.287,27,0
799,0,-1,0,4,1,59,0.465,23,0
800,0,-1,0,5,1,434,0.014,9,0
801,0,-1,0,5,1,350,0.419,24,0
802,0,-1,0,2,1,300,0.893,8,0
803,0,-1,0,4,1,312,-0.098,15,0
804,0,-1,0,4,1,382,0.93,9,0
805,0,-1,0,1,1,207,0.455,14,0
806,0,-1,0,5,1,790,0.837,8,0
807,0,-1,0,3,1,86,0.906,10,0
808,0,-1,0,5,1,287,-0.034,28,0
809,0,-1,0,4,1,647,0.076,6,0
810,0,-1,0,3,1,453,0.02,19,0
811,0,-1,0,4,1,68,0.465,14,0
812,0,-1,0,3,1,234,0.823,4,0
813,0,-1,0,5,1,305,0.822,21,0
814,0,-1,0,4,1,179,0.925,2,0
815,0,-1,0,4,1,695,0.527,21,0
816,0,-1,0,5,1,288,0.68,16,0
817,0,-1,0,1,1,369,0.07,20,0
818,0,-1,0,4,1,204,0.35,6,0
819,0,-1,0,5,1,80,0.94,14,0
820,0,-1,0,5,1,466,0.246,4,0
821,0,-1,0,5,1,564,0.818,18,0
822,0,-1,0,5,1,138,0.228,6,0
823,0,-1,0,3,1,771,0.398,15,0
824,0,-1,0,3,1,642,0.467,20,0
825,0,-1,0,2,1,721,0.831,24,0
826,0,-1,0,4,1,431,0.713,14,0
827,0,-1,0,2,1,205,-0.023,1,0
828,0,-1,0,5,1,631,0.497,11,0
829,0,-1,0,5,1,551,0.715,21,0
830,0,-1,0,5,1,614,0.811,29,0
831,0,-1,0,4,1,744,-0.196,18,0
832,0,-1,0,5,1,60,0.993,8,0
833,0,-1,0,4,1,359,0.105,29,0
834,0,-1,0,1,1,372,0.47,14,0
835,0,-1,0,5,1,271,0.497,23,0
836,0,-1,0,5,1,773,0.899,12,0
837,0,-1,0,5,1,286,0.347,10,0
838,0,-1,0,5,1,547,0.586,28,0
839,0,-1,0,5,1,414,0.565,11,0
840,0,-1,0,4,1,153,-0.144,9,0
841,0,-1,0,3,1,520,0.123,14,0
842,0,-1,0,3,1,672,0.331,20,0
843,0,-1,0,4,1,149,0.53,14,0
844,0,-1,0,5,1,427,0.761,11,0
845,0,-1,0,4,1,157,0.591,15,0
846,0,-1,0,4,1,280,0.729,2,0
847,0,-1,0,5,1,364,0.05,15,0
848,0,-1,0,4,1,324,0.109,10,0
849,0,-1,0,5,1,446,0.282,23,0
850,0,-1,0,5,1,58,0.882,22,0
851,0,-1,0,5,1,77,0.618,1,0
852,0,-1,0,3,1,732,0.325,24,0
853,0,-1,0,4,1,299,-0.034,17,0
854,0,-1,0,5,1,208,0.055,6,0
855,0,-1,0,5,1,487,0.545,27,0
856,0,-1,0,5,1,218,0.075,29,0
857,0,-1,0,4,1,762,-0.179,10,0
858,0,-1,0,3,1,125,0.547,2,0
859,0,-1,0,5,1,587,0.31,5,0
860,0,-1,0,5,1,450,0.458,12,0
861,0,-1,0,5,1,279,-0.086,15,0
862,0,-1,0,5,1,401,0.133,29,0
863,0,-1,0,5,1,765,0.962,28,0
864,0,-1,0,3,1,100,0.492,24,0
865,0,-1,0,5,1,395,0.815,10,0
866,0,-1,0,5,1,192,0.893,26,0
867,0,-1,0,5,1,592,0.453,12,0
868,0,-1,0,4,1,310,0.843,25,0
869,0,-1,0,3,1,610,0.245,16,0
870,0,-1,0,3,1,232,-0.074,9,0
871,0,-1,0,5,1,640,0.711,21,0
872,0,-1,0,5,1,437,0.283,2,0
873,0,-1,0,2,1,433,0.406,28,0
874,0,-1,0,4,1,565,0.972,11,0
875,0,-1,0,5,1,569,0.15,20,0
876,0,-1,0,4,1,431,0.369,17,0
877,0,-1,0,2,1,680,0.959,21,0
878,0,-1,0,4,1,382,0.904,15,0
879,0,-1,0,4,1,457,0.576,15,0
880,0,-1,0,3,1,171,0.031,2,0
881,0,-1,0,3,1,144,0.849,27,0
882,0,-1,0,5,1,465,-0.028,25,0
883,0,-1,0,4,1,95,0.048,20,0
884,0,-1,0,5,1,635,0.035,11,0
885,0,-1,0,4,1,557,0.685,15,0
886,0,-1,0,5,1,348,-0.026,8,0
887,0,-1,0,5,1,708,0.016,21,0
888,0,-1,0,4,1,325,0.395,15,0
889,0,-1,0,5,1,698,0.494,29,0
890,0,-1,0,5,1,411,0.74,29,0
891,0,-1,0,5,1,180,0.002,17,0
892,0,-1,0,5,1,432,0.869,3,0
893,0,-1,0,3,1,600,0.855,27,0
894,0,-1,0,2,1,789,0.267,28,0
895,0,-1,0,5,1,618,-0.027,27,0
896,0,-1,0,5,1,699,0.933,14,0
897,0,-1,0,5,1,555,0.588,12,0
898,0,-1,0,3,1,215,-0.004,5,0
899,0,-1,0,4,1,584,0.883,17,0
900,0,-1,0,5,1,264,0.199,20,0
901,0,-1,0,4,1,736,-0.0,23,0
902,0,-1,0,1,1,607,0.229,22,0
903,0,-1,0,4,1,634,0.248,27,0
904,0,-1,0,5,1,331,0.448,25,0
905,0,-1,0,4,1,774,0.927,18,0
906,0,-1,0,5,1,775,-0.063,12,0
907,0,-1,0,5,1,186,0.277,1,0
908,0,-1,0,4,1,698,-0.0,11,0
909,0,-1,0,5,1,378,0.027,20,0
910,0,-1,0,4,1,196,0.704,26,0
911,0,-1,0,4,1,730,0.171,28,0
912,0,-1,0,4,1,612,0.295,21,0
913,0,-1,0,3,1,703,0.288,7,0
914,0,-1,0,5,1,187,0.482,29,0
915,0,-1,0,5,1,693,0.419,2,0
916,0,-1,0,5,1,316,0.192,18,0
917,0,-1,0,4,1,380,0.508,11,0
918,0,-1,0,4,1,163,0.37,1,0
919,0,-1,0,4,1,421,0.158,4,0
920,0,-1,0,4,1,495,0.814,21,0
921,0,-1,0,5,1,789,0.671,19,0
922,0,-1,0,5,1,329,0.631,2,0
923,0,-1,0,5,1,251,0.839,22,0
924,0,-1,0,4,1,562,0.083,12,0
925,0,-1,0,5,1,218,0.121,6,0
926,0,-1,0,3,1,114,0.947,24,0
927,0,-1,0,3,1,457,-0.075,8,0
928,0,-1,0,5,1,470,0.658,25,0
929,0,-1,0,1,1,160,0.266,28,0
930,0,-1,0,3,1,341,-0.058,6,0
931,0,-1,0,5,1,244,0.804,16,0
932,0,-1,0,2,1,446,-0.013,19,0
933,0,-1,0,1,1,50,0.658,26,0
934,0,-1,0,5,1,204,0.2,15,0
935,0,-1,0,5,1,535,0.577,2,0
936,0,-1,0,5,1,654,0.356,24,0
937,0,-1,0,5,1,75,0.566,23,0
938,0,-1,0,4,1,652,0.951,25,0
939,0,-1,0,5,1,55,0.7,11,0
940,0,-1,0,1,1,283,0.431,26,0
941,0,-1,0,4,1,628,0.735,3,0
942,0,-1,0,5,1,652,-0.104,8,0
943,0,-1,0,4,1,311,-0.138,20,0
944,0,-1,0,4,1,709,0.785,16,0
945,0,-1,0,5,1,538,0.911,1,0
946,0,-1,0,5,1,755,0.456,6,0
947,0,-1,0,3,1,677,0.33,24,0
948,0,-1,0,5,1,784,0.932,24,0
949,0,-1,0,5,1,95,0.101,19,0
950,0,-1,0,5,1,172,0.633,6,0
951,0,-1,0,5,1,645,0.182,19,0
952,0,-1,0,5,1,362,0.366,4,0
953,0,-1,0,4,1,100,0.325,8,0
954,0,-1,0,4,1,232,0.613,3,0
955,0,-1,0,5,1,334,0.346,26,0
956,0,-1,0,2,1,385,0.301,15,0
957,0,-1,0,2,1,658,0.907,5,0
958,0,-1,0,5,1,282,-0.042,8,0
959,0,-1,0,3,1,780,0.546,26,0
960,0,-1,0,5,1,410,0.155,14,0
961,0,-1,0,4,1,609,0.653,14,0
962,0,-1,0,4,1,776,0.594,26,0
963,0,-1,0,4,1,128,0.39,29,0
964,0,-1,0,5,1,61,0.418,26,0
965,0,-1,0,5,1,715,-0.187,13,0
966,0,-1,0,5,1,699,0.774,1,0
967,0,-1,0,4,1,707,0.783,8,0
968,0,-1,0,5,1,537,0.947,12,0
969,0,-1,0,5,1,788,-0.028,4,0
970,0,-1,0,4,1,105,0.373,21,0
971,0,-1,0,5,1,739,0.351,6,0
972,0,-1,0,5,1,73,0.228,4,0
973,0,-1,0,3,1,267,0.708,18,0
974,0,-1,0,3,1,795,-0.161,7,0
975,0,-1,0,5,1,354,-0.199,13,0
976,0,-1,0,4,1,94,0.233,23,0
977,0,-1,0,5,1,370,0.913,16,0
978,0,-1,0,5,1,67,0.437,24,0
979,0,-1,0,4,1,440,0.337,23,0
980,0,-1,0,4,1,644,0.981,13,0
981,0,-1,0,4,1,790,0.849,3,0
982,0,-1,0,5,1,526,0.334,12,0
983,0,-1,0,4,1,556,0.232,1,0
984,0,-1,0,3,1,791,0.325,4,0
985,0,-1,0,5,1,172,0.742,2,0
986,0,-1,0,5,1,100,0.986,28,0
987,0,-1,0,4,1,699,0.815,21,0
988,0,-1,0,5,1,625,0.173,4,0
989,0,-1,0,5,1,391,0.682,7,0
990,0,-1,0,5,1,492,0.645,12,0
991,0,-1,0,5,1,708,0.122,7,0
992,0,-1,0,3,1,80,0.858,12,0
993,0,-1,0,5,1,89,0.263,19,0
994,0,-1,0,5,1,426,0.538,22,0
995,0,-1,0,1,1,133,0.833,18,0
996,0,-1,0,5,1,659,-0.14,6,0
997,0,-1,0,1,1,714,0.695,6,0
998,0,-1,0,4,1,582,0.563,18,0
999,0,-1,0,5,1,157,0.09,6,0
1000,0,-1,0,5,1,457,0.698,29,0
1001,0,-1,0,5,1,705,0.916,9,0
1002,0,-1,0,5,1,627,-0.199,8,0
1003,0,-1,0,5,1,459,0.435,8,0
1004,0,-1,0,2,1,409,0.82,22,0
1005,0,-1,0,2,1,201,0.53,24,0
1006,0,-1,0,4,1,574,-0.013,12,0
1007,0,-1,0,4,1,555,0.186,12,0
1008,0,-1,0,2,1,350,0.798,10,0
1009,0,-1,0,5,1,291,0.844,16,0
1010,0,-1,0,5,1,398,-0.149,16,0
1011,0,-1,0,5,1,55,0.278,28,0
1012,0,-1,0,5,1,185,0.101,23,0
1013,0,-1,0,1,1,186,0.403,3,0
1014,0,-1,0,3,1,95,-0.158,14,0
1015,0,-1,0,4,1,138,0.591,26,0
1016,0,-1,0,3,1,772,0.179,29,0
1017,0,-1,0,4,1,487,0.329,12,0
1018,0,-1,0,5,1,651,0.12,2,0
1019,0,-1,0,5,1,626,0.325,17,0
1020,0,-1,0,4,1,704,0.764,1,0
1021,0,-1,0,5,1,300,0.694,20,0
1022,0,-1,0,5,1,312,0.231,4,0
1023,0,-1,0,3,1,501,0.474,17,0
1024,0,-1,0,5,1,226,0.57,26,0
1025,0,-1,0,2,1,323,0.157,9,0
1026,0,-1,0,5,1,697,0.764,20,0
1027,0,-1,0,5,1,138,0.528,21,0
1028,0,-1,0,5,1,709,0.286,10,0
1029,0,-1,0,5,1,299,0.549,11,0
1030,0,-1,0,3,1,381,0.929,16,0
1031,0,-1,0,4,1,538,0.284,8,0
1032,0,-1,0,5,1,578,-0.019,17,0
1033,0,-1,0,5,1,330,0.925,14,0
1034,0,-1,0,2,1,782,0.763,10,0
1035,0,-1,0,5,1,567,0.163,17,0
1036,0,-1,0,5,1,241,0.175,3,0
1037,0,-1,0,4,1,616,0.28,29,0
1038,0,-1,0,4,1,236,0.07,24,0
1039,0,-1,0,5,1,592,-0.132,14,0
1040,0,-1,0,4,1,88,0.352,3,0
1041,0,-1,0,4,1,60,0.656,25,0
1042,0,-1,0,5,1,308,0.606,23,0
1043,0,-1,0,5,1,50,-0.109,6,0
1044,0,-1,0,5,1,703,-0.103,9,0
1045,0,-1,0,5,1,60,0.76,18,0
1046,0,-1,0,5,1,601,-0.008,10,0
1047,0,-1,0,5,1,258,0.094,8,0
1048,0,-1,0,5,1,379,0.948,16,0
1049,0,-1,0,3,1,203,-0.147,13,0
1050,0,-1,0,4,1,722,0.659,2,0
1051,0,-1,0,5,1,379,0.891,16,0
1052,0,-1,0,5,1,308,0.08,9,0
1053,0,-1,0,2,1,547,0.176,14,0
1054,0,-1,0,5,1,703,-0.127,7,0
1055,0,-1,0,4,1,723,-0.019,12,0
1056,0,-1,0,4,1,149,0.062,4,0
1057,0,-1,0,5,1,552,0.973,23,0
1058,0,-1,0,5,1,695,-0.019,17,0
1059,0,-1,0,5,1,408,0.422,17,0
1060,0,-1,0,5,1,123,0.6,28,0
1061,0,-1,0,2,1,172,0.174,26,0
1062,0,-1,0,1,1,385,-0.11,23,0
1063,0,-1,0,4,1,474,0.651,24,0
1064,0,-1,0,5,1,95,0.351,13,0
1065,0,-1,0,2,1,531,0.66,17,0
1066,0,-1,0,5,1,589,-0.112,27,0
1067,0,-1,0,5,1,74,0.419,17,0
1068,0,-1,0,4,1,105,0.974,14,0
1069,0,-1,0,4,1,396,0.354,10,0
1070,0,-1,0,5,1,754,0.197,8,0
1071,0,-1,0,1,1,155,0.814,23,0
1072,0,-1,0,5,1,646,0.952,20,0
1073,0,-1,0,5,1,531,0.465,17,0
1074,0,-1,0,5,1,226,0.242,11,0
1075,0,-1,0,5,1,675,0.941,18,0
1076,0,-1,0,3,1,685,0.207,8,0
1077,0,-1,0,5,1,204,0.325,18,0
1078,0,-1,0,3,1,798,0.556,22,0
1079,0,-1,0,4,1,642,0.964,1,0
1080,0,-1,0,5,1,723,0.81,6,0
1081,0,-1,0,2,1,542,0.285,1,0
1082,0,-1,0,4,1,433,0.57,24,0
1083,0,-1,0,4,1,237,0.189,21,0
1084,0,-1,0,4,1,459,0.228,14,0
1085,0,-1,0,5,1,365,0.249,5,0
1086,0,-1,0,5,1,623,-0.154,20,0
1087,0,-1,0,5,1,181,0.255,20,0
1088,0,-1,0,4,1,619,0.623,10,0
1089,0,-1,0,4,1,564,0.151,19,0
1090,0,-1,0,1,1,583,0.076,25,0
1091,0,-1,0,3,1,713,0.454,21,0
1092,0,-1,0,5,1,617,0.783,27,0
1093,0,-1,0,5,1,487,0.378,10,0
1094,0,-1,0,5,1,238,0.739,21,0
1095,0,-1,0,5,1,771,0.895,29,0
1096,0,-1,0,2,1,146,0.859,1,0
1097,0,-1,0,5,1,646,0.091,18,0
1098,0,-1,0,5,1,576,0.193,25,0
1099,0,-1,0,5,1,268,0.293,24,0
1100,0,-1,0,4,1,391,0.894,19,0
1101,0,-1,0,5,1,690,0.613,13,0
1102,0,-1,0,5,1,150,0.832,19,0
1103,0,-1,0,4,1,476,-0.165,1,0
1104,0,-1,0,5,1,127,0.476,11,0
1105,0,-1,0,2,1,793,0.501,17,0
1106,0,-1,0,5,1,294,0.742,25,0
1107,0,-1,0,2,1,528,0.947,20,0
1108,0,-1,0,4,1,142,0.136,8,0
1109,0,-1,0,3,1,794,0.748,8,0
1110,0,-1,0,5,1,710,0.892,11,0
1111,0,-1,0,5,1,654,0.052,21,0
1112,0,-1,0,5,1,114,0.42,27,0
1113,0,-1,0,5,1,118,0.479,7,0
1114,0,-1,0,4,1,262,0.618,12,0
1115,0,-1,0,5,1,690,0.371,11,0
1116,0,-1,0,3,1,97,0.177,18,0
1117,0,-1,0,5,1,373,-0.134,19,0
1118,0,-1,0,4,1,135,0.221,22,0
1119,0,-1,0,3,1,375,0.595,28,0
1120,0,-1,0,4,1,633,0.055,17,0
1121,0,-1,0,5,1,70,0.591,7,0
1122,0,-1,0,3,1,447,-0.07,15,0
1123,0,-1,0,1,1,290,0.681,28,0
1124,0,-1,0,5,1,519,0.632,5,0
1125,0,-1,0,5,1,504,0.521,16,0
1126,0,-1,0,5,1,337,0.105,27,0
1127,0,-1,0,5,1,564,0.975,15,0
1128,0,-1,0,5,1,161,0.587,13,0
1129,0,-1,0,5,1,407,0.228,3,0
1130,0,-1,0,5,1,166,0.743,20,0
1131,0,-1,0,5,1,52,0.042,23,0
1132,0,-1,0,4,1,637,0.907,16,0
1133,0,-1,0,1,1,519,0.895,9,0
1134,0,-1,0,5,1,370,0.623,13,0
1135,0,-1,0,5,1,667,-0.161,12,0
1136,0,-1,0,5,1,69,0.953,27,0
1137,0,-1,0,1,1,536,0.847,15,0
1138,0,-1,0,3,1,574,0.89,1,0
1139,0,-1,0,4,1,615,0.153,19,0
1140,0,-1,0,5,1,189,0.699,19,0
1141,0,-1,0,5,1,481,-0.02,21,0
1142,0,-1,0,4,1,181,-0.071,23,0
1143,0,-1,0,3,1,381,0.538,2,0
1144,0,-1,0,2,1,386,0.311,19,0
1145,0,-1,0,4,1,146,0.761,13,0
1146,0,-1,0,4,1,281,0.324,20,0
1147,0,-1,0,4,1,599,-0.077,20,0
1148,0,-1,0,5,1,320,-0.111,16,0
1149,0,-1,0,2,1,397,0.284,18,0
1150,0,-1,0,5,1,421,0.421,3,0
1151,0,-1,0,5,1,332,0.455,23,0
1152,0,-1,0,5,1,386,0.45,10,0
1153,0,-1,0,3,1,681,0.339,4,0
1154,0,-1,0,5,1,787,0.335,8,0
1155,0,-1,0,5,1,679,0.147,15,0
1156,0,-1,0,4,1,289,0.625,19,0
1157,0,-1,0,4,1,197,-0.154,24,0
1158,0,-1,0,4,1,187,0.624,11,0
1159,0,-1,0,2,1,580,0.678,26,0
1160,0,-1,0,3,1,292,-0.151,20,0
1161,0,-1,0,5,1,193,0.524,6,0
1162,0,-1,0,4,1,327,0.271,17,0
1163,0,-1,0,5,1,313,0.101,16,0
1164,0,-1,0,4,1,55,0.628,25,0
1165,0,-1,0,4,1,455,0.311,12,0
1166,0,-1,0,3,1,429,0.33,29,0
1167,0,-1,0,2,1,484,0.014,21,0
1168,0,-1,0,5,1,196,-0.192,16,0
1169,0,-1,0,5,1,399,0.385,20,0
1170,0,-1,0,4,1,526,0.652,23,0
1171,0,-1,0,5,1,457,0.474,9,0
1172,0,-1,0,5,1,453,0.9,24,0
1173,0,-1,0,5,1,794,0.987,14,0
1174,0,-1,0,5,1,577,0.924,28,0
1175,0,-1,0,4,1,287,0.503,1,0
1176,0,-1,0,5,1,65,0.152,20,0
1177,0,-1,0,5,1,156,0.365,18,0
1178,0,-1,0,2,1,54,0.828,11,0
1179,0,-1,0,3,1,617,0.469,7,0
1180,0,-1,0,5,1,409,0.967,22,0
1181,0,-1,0,5,1,623,-0.033,19,0
1182,0,-1,0,5,1,538,0.787,2,0
1183,0,-1,0,5,1,82,-0.058,24,0
1184,0,-1,0,4,1,126,-0.142,21,0
1185,0,-1,0,5,1,500,0.818,1,0
1186,0,-1,0,5,1,188,0.342,23,0
1187,0,-1,0,4,1,685,0.015,12,0
1188,0,-1,0,5,1,177,0.34,23,0
1189,0,-1,0,4,1,253,0.367,15,0
1190,0,-1,0,4,1,742,0.232,26,0
1191,0,-1,0,5,1,427,0.861,22,0
1192,0,-1,0,4,1,368,0.865,25,0
1193,0,-1,0,5,1,731,0.438,28,0
1194,0,-1,0,4,1,415,0.871,7,0
1195,0,-1,0,5,1,617,0.055,6,0
1196,0,-1,0,3,1,279,0.277,9,0
1197,0,-1,0,5,1,119,0.23,24,0
1198,0,-1,0,5,1,685,0.342,4,0
1199,0,-1,0,5,1,569,0.406,11,0
1200,0,-1,0,4,1,321,0.52,20,0
1201,0,-1,0,5,1,535,0.456,21,0
1202,0,-1,0,5,1,286,-0.086,21,0
1203,0,-1,0,4,1,484,0.189,26,0
1204,0,-1,0,4,1,298,0.343,8,0
1205,0,-1,0,4,1,659,0.914,11,0
1206,0,-1,0,5,1,286,0.446,25,0
1207,0,-1,0,1,1,185,0.637,18,0
1208,0,-1,0,4,1,606,0.144,21,0
1209,0,-1,0,5,1,566,0.506,13,0
1210,0,-1,0,5,1,734,-0.067,6,0
1211,0,-1,0,5,1,328,0.073,22,0
1212,0,-1,0,5,1,598,0.645,5,0
1213,0,-1,0,5,1,382,0.591,20,0
1214,0,-1,0,1,1,310,0.648,2,0
1215,0,-1,0,4,1,390,0.946,8,0
1216,0,-1,0,5,1,680,0.658,8,0
1217,0,-1,0,3,1,572,0.719,27,0
1218,0,-1,0,2,1,670,-0.184,16,0
1219,0,-1,0,5,1,366,0.097,10,0
1220,0,-1,0,4,1,327,0.311,22,0
1221,0,-1,0,5,1,219,0.553,6,0
1222,0,-1,0,4,1,635,0.438,4,0
1223,0,-1,0,5,1,212,0.955,6,0
1224,0,-1,0,4,1,770,0.334,28,0
1225,0,-1,0,3,1,116,0.789,3,0
1226,0,-1,0,2,1,474,0.604,6,0
1227,0,-1,0,4,1,206,0.762,4,0
1228,0,-1,0,5,1,652,0.389,12,0
1229,0,-1,0,5,1,97,0.847,12,0
1230,0,-1,0,4,1,366,0.849,2,0
1231,0,-1,0,5,1,798,0.188,18,0
1232,0,-1,0,5,1,160,0.643,15,0
1233,0,-1,0,3,1,553,0.535,23,0
1234,0,-1,0,5,1,517,0.144,9,0
1235,0,-1,0,5,1,418,0.159,7,0
1236,0,-1,0,4,1,291,-0.007,17,0
1237,0,-1,0,4,1,771,0.542,29,0
1238,0,-1,0,5,1,363,0.531,19,0
1239,0,-1,0,4,1,433,0.643,14,0
1240,0,-1,0,5,1,622,0.844,22,0
1241,0,-1,0,3,1,65,0.264,8,0
1242,0,-1,0,4,1,371,0.791,21,0
1243,0,-1,0,3,1,731,0.875,2,0
1244,0,-1,0,4,1,343,0.543,21,0
1245,0,-1,0,5,1,703,0.845,27,0
1246,0,-1,0,5,1,607,0.699,6,0
1247,0,-1,0,5,1,421,0.052,15,0
1248,0,-1,0,5,1,210,0.033,22,0
1249,0,-1,0,4,1,498,0.182,3,0
1250,0,-1,0,4,1,697,0.705,7,0
1251,0,-1,0,4,1,661,0.129,2,0
1252,0,-1,0,4,1,779,0.226,15,0
1253,0,-1,0,5,1,639,0.28,8,0
1254,0,-1,0,3,1,616,0.182,10,0
1255,0,-1,0,2,1,179,0.652,16,0
1256,0,-1,0,5,1,290,0.709,29,0
1257,0,-1,0,4,1,796,0.93,22,0
1258,0,-1,0,4,1,701,0.574,21,0
1259,0,-1,0,5,1,454,0.857,20,0
1260,0,-1,0,2,1,165,0.673,27,0
1261,0,-1,0,5,1,424,0.615,17,0
1262,0,-1,0,4,1,721,0.923,20,0
1263,0,-1,0,1,1,203,-0.138,8,0
1264,0,-1,0,4,1,460,-0.04,8,0
1265,0,-1,0,5,1,590,0.768,2,0
1266,0,-1,0,4,1,749,0.412,9,0
1267,0,-1,0,4,1,593,0.052,2,0
1268,0,-1,0,4,1,61,0.95,11,0
1269,0,-1,0,2,1,293,0.225,22,0
1270,0,-1,0,5,1,349,-0.088,28,0
1271,0,-1,0,4,1,653,0.4,3,0
1272,0,-1,0,4,1,339,0.694,27,0
1273,0,-1,0,1,1,456,-0.042,20,0
1274,0,-1,0,2,1,300,0.447,13,0
1275,0,-1,0,5,1,355,0.225,21,0
1276,0,-1,0,4,1,334,0.606,5,0
1277,0,-1,0,4,1,171,0.701,21,0
1278,0,-1,0,4,1,143,0.387,12,0
1279,0,-1,0,5,1,232,0.598,29,0
1280,0,-1,0,5,1,605,0.064,26,0
1281,0,-1,0,4,1,789,0.889,21,0
1282,0,-1,0,2,1,757,0.544,4,0
1283,0,-1,0,5,1,692,0.204,23,0
1284,0,-1,0,4,1,56,0.056,19,0
1285,0,-1,0,4,1,567,0.846,1,0
1286,0,-1,0,4,1,372,0.45,14,0
1287,0,-1,0,3,1,68,-0.115,16,0
1288,0,-1,0,4,1,95,0.669,20,0
1289,0,-1,0,4,1,515,0.357,25,0
1290,0,-1,0,4,1,380,0.81,21,0
1291,0,-1,0,5,1,764,-0.195,18,0
1292,0,-1,0,3,1,618,0.705,7,0
1293,0,-1,0,3,1,284,0.389,6,0
1294,0,-1,0,5,1,490,0.653,8,0
1295,0,-1,0,4,1,646,0.1,25,0
1296,0,-1,0,5,1,704,0.823,20,0
1297,0,-1,0,2,1,642,0.908,24,0
1298,0,-1,0,5,1,535,0.574,11,0
1299,0,-1,0,2,1,136,0.261,27,0
1300,0,-1,0,3,1,546,0.864,26,0
1301,0,-1,0,4,1,557,0.373,15,0
1302,0,-1,0,5,1,489,0.559,5,0
1303,0,-1,0,3,1,611,0.564,17,0
1304,0,-1,0,5,1,207,0.993,13,0
1305,0,-1,0,1,1,394,0.405,24,0
1306,0,-1,0,4,1,180,0.736,17,0
1307,0,-1,0,4,1,537,0.422,8,0
1308,0,-1,0,4,1,99,0.728,13,0
1309,0,-1,0,1,1,280,-0.094,6,0
1310,0,-1,0,4,1,315,0.503,3,0
1311,0,-1,0,4,1,561,0.238,3,0
1312,0,-1,0,5,1,434,0.202,26,0
1313,0,-1,0,5,1,654,0.085,29,0
1314,0,-1,0,4,1,690,0.928,14,0
1315,0,-1,0,4,1,406,0.662,20,0
1316,0,-1,0,1,1,655,0.602,25,0
1317,0,-1,0,5,1,337,0.538,25,0
1318,0,-1,0,4,1,658,0.625,26,0
1319,0,-1,0,3,1,439,0.778,17,0
1320,0,-1,0,1,1,420,-0.104,2,0
1321,0,-1,0,4,1,538,0.213,25,0
1322,0,-1,0,5,1,721,0.723,16,0
1323,0,-1,0,5,1,483,0.082,5,0
1324,0,-1,0,5,1,58,0.251,13,0
1325,0,-1,0,5,1,245,0.314,15,0
1326,0,-1,0,5,1,104,-0.061,18,0
1327,0,-1,0,3,1,442,0.752,24,0
1328,0,-1,0,3,1,605,0.338,14,0
1329,0,-1,0,5,1,524,0.532,4,0
1330,0,-1,0,4,1,322,0.981,13,0
1331,0,-1,0,4,1,461,0.234,28,0
1332,0,-1,0,4,1,296,0.325,15,0
1333,0,-1,0,5,1,744,0.452,10,0
1334,0,-1,0,5,1,105,0.65,1,0
1335,0,-1,0,5,1,583,0.841,18,0
1336,0,-1,0,4,1,570,0.402,27,0
1337,0,-1,0,5,1,174,0.446,9,0
1338,0,-1,0,4,1,197,0.348,18,0
1339,0,-1,0,5,1,75,-0.12,4,0
1340,0,-1,0,4,1,730,-0.085,27,0
1341,0,-1,0,3,1,621,0.913,18,0
1342,0,-1,0,5,1,544,-0.179,7,0
1343,0,-1,0,2,1,631,0.38,6,0
1344,0,-1,0,5,1,399,0.535,17,0
1345,0,-1,0,4,1,436,0.285,15,0
1346,0,-1,0,4,1,713,0.203,27,0
1347,0,-1,0,5,1,361,0.526,3,0
1348,0,-1,0,5,1,583,0.926,18,0
1349,0,-1,0,5,1,310,0.69,28,0
1350,0,-1,0,4,1,339,0.851,24,0
1351,0,-1,0,3,1,587,0.476,8,0
1352,0,-1,0,4,1,370,0.3,4,0
1353,0,-1,0,5,1,85,0.248,22,0
1354,0,-1,0,4,1,330,0.444,17,0
1355,0,-1,0,5,1,188,0.958,3,0
1356,0,-1,0,4,1,719,0.188,10,0
1357,0,-1,0,2,1,163,0.349,1,0
1358,0,-1,0,4,1,355,0.934,28,0
1359,0,-1,0,5,1,433,0.109,14,0
1360,0,-1,0,3,1,495,0.226,25,0
1361,0,-1,0,5,1,635,-0.056,16,0
1362,0,-1,0,4,1,399,-0.195,6,0
1363,0,-1,0,4,1,504,0.619,9,0
1364,0,-1,0,4,1,380,0.306,19,0
1365,0,-1,0,3,1,641,0.005,19,0
1366,0,-1,0,1,1,191,0.818,6,0
1367,0,-1,0,4,1,347,0.504,19,0
1368,0,-1,0,5,1,632,0.199,11,0
1369,0,-1,0,5,1,625,0.065,7,0
1370,0,-1,0,5,1,442,0.549,25,0
1371,0,-1,0,4,1,311,0.438,14,0
1372,0,-1,0,2,1,70,0.581,29,0
1373,0,-1,0,4,1,524,0.429,2,0
1374,0,-1,0,5,1,493,0.56,2,0
1375,0,-1,0,3,1,112,0.447,21,0
1376,0,-1,0,2,1,392,0.424,27,0
1377,0,-1,0,2,1,59,0.92,10,0
1378,0,-1,0,4,1,507,0.181,12,0
1379,0,-1,0,3,1,629,0.591,11,0
1380,0,-1,0,5,1,134,0.724,26,0
1381,0,-1,0,1,1,786,0.898,20,0
1382,0,-1,0,5,1,724,0.568,3,0
1383,0,-1,0,5,1,305,0.375,5,0
1384,0,-1,0,4,1,161,0.098,9,0
1385,0,-1,0,5,1,683,0.763,1,0
1386,0,-1,0,4,1,202,0.832,27,0
1387,0,-1,0,5,1,570,0.162,4,0
1388,0,-1,0,4,1,718,0.555,10,0
1389,0,-1,0,1,1,197,0.809,13,0
1390,0,-1,0,5,1,621,0.795,2,0
1391,0,-1,0,4,1,297,0.85,3,0
1392,0,-1,0,4,1,329,0.298,2,0
1393,0,-1,0,1,1,55,0.471,8,0
1394,0,-1,0,5,1,404,0.564,17,0
1395,0,-1,0,5,1,334,0.136,1,0
1396,0,-1,0,5,1,65,0.272,14,0
1397,0,-1,0,2,1,76,0.314,7,0
1398,0,-1,0,5,1,437,0.669,19,0
1399,0,-1,0,4,1,70,0.241,21,0
1400,0,-1,0,4,1,604,0.037,3,0
1401,0,-1,0,5,1,207,0.342,12,0
1402,0,-1,0,5,1,509,0.753,13,0
1403,0,-1,0,4,1,353,0.763,18,0
1404,0,-1,0,4,1,614,0.975,11,0
1405,0,-1,0,5,1,720,0.732,12,0
1406,0,-1,0,4,1,440,-0.153,8,0
1407,0,-1,0,4,1,229,0.404,20,0
1408,0,-1,0,5,1,472,0.902,29,0
1409,0,-1,0,5,1,94,0.374,3,0
1410,0,-1,0,4,1,50,0.663,25,0
1411,0,-1,0,5,1,361,-0.04,2,0
1412,0,-1,0,5,1,621,0.813,13,0
1413,0,-1,0,4,1,779,0.07,21,0
1414,0,-1,0,5,1,779,0.008,7,0
1415,0,-1,0,5,1,637,-0.101,26,0
1416,0,-1,0,4,1,166,0.265,21,0
1417,0,-1,0,4,1,136,-0.198,14,0
1418,0,-1,0,2,1,586,0.075,5,0
1419,0,-1,0,2,1,737,0.458,8,0
1420,0,-1,0,4,1,324,0.828,15,0
1421,0,-1,0,5,1,503,0.633,14,0
1422,0,-1,0,4,1,428,0.073,28,0
1423,0,-1,0,4,1,554,0.059,10,0
1424,0,-1,0,4,1,720,0.697,18,0
1425,0,-1,0,3,1,121,-0.067,19,0
1426,0,-1,0,5,1,347,0.92,17,0
1427,0,-1,0,4,1,210,-0.001,17,0
1428,0,-1,0,5,1,653,0.831,4,0
1429,0,-1,0,4,1,214,0.993,23,0
1430,0,-1,0,1,1,321,0.918,26,0
1431,0,-1,0,5,1,80,0.285,28,0
1432,0,-1,0,4,1,540,-0.133,23,0
1433,0,-1,0,5,1,211,0.919,26,0
1434,0,-1,0,5,1,589,0.288,16,0
1435,0,-1,0,2,1,603,0.97,23,0
1436,0,-1,0,3,1,535,0.369,4,0
1437,0,-1,0,5,1,620,0.177,18,0
1438,0,-1,0,5,1,66,0.837,17,0
1439,0,-1,0,3,1,776,0.28,19,0
1440,0,-1,0,4,1,512,0.007,19,0
1441,0,-1,0,5,1,722,0.163,25,0
1442,0,-1,0,4,1,360,-0.027,18,0
1443,0,-1,0,4,1,161,0.86,11,0
1444,0,-1,0,4,1,108,0.741,29,0
1445,0,-1,0,4,1,474,0.434,8,0
1446,0,-1,0,2,1,702,0.164,2,0
1447,0,-1,0,5,1,70,0.341,5,0
1448,0,-1,0,4,1,65,0.811,27,0
1449,0,-1,0,4,1,111,0.335,12,0
1450,0,-1,0,4,1,434,0.719,3,0
1451,0,-1,0,5,1,521,0.93,9,0
1452,0,-1,0,4,1,779,0.88,26,0
1453,0,-1,0,5,1,667,0.014,13,0
1454,0,-1,0,3,1,567,0.892,8,0
1455,0,-1,0,5,1,159,0.759,1,0
1456,0,-1,0,4,1,505,0.3,9,0
1457,0,-1,0,5,1,378,0.752,10,0
1458,0,-1,0,4,1,650,0.442,28,0
1459,0,-1,0,5,1,661,0.489,11,0
1460,0,-1,0,5,1,649,0.817,1,0
1461,0,-1,0,4,1,667,0.988,22,0
1462,0,-1,0,5,1,560,0.468,17,0
1463,0,-1,0,5,1,778,-0.04,1,0
1464,0,-1,0,5,1,291,0.803,21,0
1465,0,-1,0,5,1,698,0.885,10,0
1466,0,-1,0,5,1,761,0.465,3,0
1467,0,-1,0,4,1,150,0.662,15,0
1468,0,-1,0,5,1,113,0.976,25,0
1469,0,-1,0,4,1,606,0.063,22,0
1470,0,-1,0,4,1,573,0.754,5,0
1471,0,-1,0,5,1,661,0.082,29,0
1472,0,-1,0,5,1,772,0.356,9,0
1473,0,-1,0,3,1,402,0.833,3,0
1474,0,-1,0,4,1,297,-0.135,16,0
1475,0,-1,0,5,1,347,-0.082,22,0
1476,0,-1,0,5,1,344,0.011,1,0
1477,0,-1,0,5,1,360,0.577,21,0
1478,0,-1,0,4,1,577,-0.157,2,0
1479,0,-1,0,4,1,646,0.872,22,0
1480,0,-1,0,5,1,436,0.715,1,0
1481,0,-1,0,2,1,379,0.391,7,0
1482,0,-1,0,5,1,178,0.876,24,0
1483,0,-1,0,5,1,244,0.787,19,0
1484,0,-1,0,4,1,218,-0.036,20,0
1485,0,-1,0,5,1,264,0.761,19,0
1486,0,-1,0,4,1,323,-0.147,16,0
1487,0,-1,0,5,1,733,0.027,18,0
1488,0,-1,0,5,1,440,0.468,12,0
1489,0,-1,0,5,1,302,0.249,28,0
1490,0,-1,0,5,1,786,0.07,9,0
1491,0,-1,0,4,1,458,-0.006,7,0
1492,0,-1,0,4,1,606,0.973,21,0
1493,0,-1,0,5,1,767,0.374,28,0
1494,0,-1,0,4,1,164,0.039,29,0
1495,0,-1,0,4,1,739,-0.038,1,0
1496,0,-1,0,4,1,685,0.233,7,0
1497,0,-1,0,4,1,660,0.591,16,0
1498,0,-1,0,3,1,87,0.012,10,0
1499,0,-1,0,5,1,469,0.186,24,0
1500,0,-1,0,3,1,596,0.603,21,0
1501,0,-1,0,2,1,738,-0.097,1,0
1502,0,-1,0,5,1,647,-0.095,20,0
1503,0,-1,0,5,1,571,0.964,24,0
1504,0,-1,0,5,1,701,0.106,13,0
1505,0,-1,0,4,1,746,-0.047,10,0
1506,0,-1,0,5,1,728,0.723,18,0
1507,0,-1,0,5,1,258,0.838,22,0
1508,0,-1,0,4,1,315,0.144,5,0
1509,0,-1,0,1,1,213,0.772,1,0
1510,0,-1,0,5,1,258,0.187,24,0
1511,0,-1,0,5,1,270,0.562,14,0
1512,0,-1,0,5,1,257,0.692,27,0
1513,0,-1,0,5,1,506,-0.155,6,0
1514,0,-1,0,5,1,549,0.115,8,0
1515,0,-1,0,4,1,743,0.399,16,0
1516,0,-1,0,4,1,82,0.535,27,0
1517,0,-1,0,5,1,132,0.063,11,0
1518,0,-1,0,2,1,182,0.751,6,0
1519,0,-1,0,3,1,360,0.551,18,0
1520,0,-1,0,4,1,162,-0.11,15,0
1521,0,-1,0,5,1,202,0.719,4,0
1522,0,-1,0,3,1,778,-0.002,8,0
1523,0,-1,0,4,1,163,0.468,28,0
1524,0,-1,0,5,1,654,0.869,12,0
1525,0,-1,0,4,1,261,0.502,4,0
1526,0,-1,0,5,1,594,0.556,8,0
1527,0,-1,0,5,1,656,-0.097,8,0
1528,0,-1,0,5,1,469,0.631,12,0
1529,0,-1,0,2,1,688,0.995,1,0
1530,0,-1,0,3,1,333,0.221,21,0
1531,0,-1,0,5,1,230,0.995,18,0
1532,0,-1,0,2,1,526,0.787,7,0
1533,0,-1,0,4,1,679,0.046,28,0
1534,0,-1,0,5,1,97,0.846,27,0
1535,0,-1,0,4,1,182,0.135,10,0
1536,0,-1,0,5,1,586,0.441,19,0
1537,0,-1,0,5,1,93,0.293,15,0
1538,0,-1,0,4,1,345,0.253,28,0
1539,0,-1,0,5,1,96,0.368,21,0
1540,0,-1,0,5,1,131,0.632,15,0
1541,0,-1,0,2,1,472,0.873,23,0
1542,0,-1,0,4,1,373,0.873,14,0
1543,0,-1,0,4,1,529,0.139,14,0
1544,0,-1,0,5,1,480,-0.118,13,0
1545,0,-1,0,5,1,58,0.874,13,0
1546,0,-1,0,5,1,764,0.136,13,0
1547,0,-1,0,3,1,750,0.481,23,0
1548,0,-1,0,3,1,402,0.343,15,0
1549,0,-1,0,5,1,156,-0.021,12,0
1550,0,-1,0,5,1,95,0.355,1,0
1551,0,-1,0,4,1,478,0.394,1,0
1552,0,-1,0,5,1,725,0.047,11,0
1553,0,-1,0,4,1,305,0.062,2,0
1554,0,-1,0,4,1,578,0.396,26,0
1555,0,-1,0,5,1,344,-0.103,16,0
1556,0,-1,0,5,1,407,0.577,7,0
1557,0,-1,0,5,1,68,0.781,15,0
1558,0,-1,0,3,1,104,0.608,6,0
1559,0,-1,0,4,1,601,0.839,7,0
1560,0,-1,0,5,1,544,0.174,23,0
1561,0,-1,0,3,1,109,0.695,12,0
1562,0,-1,0,2,1,181,0.895,25,0
1563,0,-1,0,5,1,116,-0.063,8,0
1564,0,-1,0,3,1,646,0.133,23,0
1565,0,-1,0,5,1,141,0.623,28,0
1566,0,-1,0,5,1,578,0.664,2,0
1567,0,-1,0,5,1,736,-0.051,5,0
1568,0,-1,0,5,1,702,0.312,17,0
1569,0,-1,0,4,1,203,0.821,25,0
1570,0,-1,0,4,1,124,0.219,6,0
1571,0,-1,0,1,1,552,0.442,21,0
1572,0,-1,0,5,1,208,0.938,17,0
1573,0,-1,0,4,1,352,0.27,6,0
1574,0,-1,0,3,1,68,0.102,12,0
1575,0,-1,0,5,1,283,0.6,9,0
1576,0,-1,0,2,1,383,0.508,8,0
1577,0,-1,0,5,1,763,0.681,4,0
1578,0,-1,0,5,1,267,0.896,28,0
1579,0,-1,0,5,1,573,0.734,4,0
1580,0,-1,0,4,1,99,0.685,24,0
1581,0,-1,0,5,1,774,0.066,27,0
1582,0,-1,0,4,1,401,0.983,19,0
1583,0,-1,0,5,1,367,0.747,24,0
1584,0,-1,0,4,1,115,-0.008,17,0
1585,0,-1,0,5,1,582,0.264,23,0
1586,0,-1,0,3,1,75,0.711,25,0
1587,0,-1,0,5,1,54,0.149,22,0
1588,0,-1,0,5,1,168,-0.074,9,0
1589,0,-1,0,5,1,58,0.73,27,0
1590,0,-1,0,5,1,510,0.113,21,0
1591,0,-1,0,5,1,761,0.618,10,0
1592,0,-1,0,4,1,541,-0.066,14,0
1593,0,-1,0,5,1,666,-0.194,7,0
1594,0,-1,0,5,1,134,0.494,6,0
1595,0,-1,0,5,1,472,0.802,24,0
1596,0,-1,0,3,1,387,0.09,13,0
1597,0,-1,0,4,1,238,0.039,8,0
1598,0,-1,0,5,1,62,0.467,6,0
1599,0,-1,0,4,1,122,0.283,5,0
1600,0,-1,0,1,1,292,-0.029,3,0
1601,0,-1,0,5,1,341,-0.168,26,0
1602,0,-1,0,4,1,257,0.413,20,0
1603,0,-1,0,5,1,301,0.811,19,0
1604,0,-1,0,1,1,417,0.42,4,0
1605,0,-1,0,4,1,528,-0.111,7,0
1606,0,-1,0,5,1,584,-0.049,7,0
1607,0,-1,0,5,1,138,0.73,22,0
1608,0,-1,0,5,1,654,0.02,23,0
1609,0,-1,0,5,1,776,0.889,24,0
1610,0,-1,0,5,1,577,0.046,10,0
1611,0,-1,0,5,1,512,0.717,27,0
1612,0,-1,0,5,1,305,0.709,9,0
1613,0,-1,0,5,1,679,0.889,9,0
1614,0,-1,0,4,1,378,0.234,25,0
1615,0,-1,0,5,1,347,-0.126,4,0
1616,0,-1,0,1,1,280,0.56,2,0
1617,0,-1,0,4,1,164,0.105,7,0
1618,0,-1,0,5,1,723,0.9,7,0
1619,0,-1,0,5,1,398,0.808,22,0
1620,0,-1,0,4,1,345,0.3,22,0
1621,0,-1,0,5,1,323,0.004,13,0
1622,0,-1,0,5,1,510,0.932,22,0
1623,0,-1,0,5,1,115,0.834,2,0
1624,0,-1,0,5,1,57,0.077,24,0
1625,0,-1,0,4,1,305,0.043,19,0
1626,0,-1,0,5,1,635,0.349,10,0
1627,0,-1,0,4,1,779,-0.106,24,0
1628,0,-1,0,5,1,383,-0.044,22,0
1629,0,-1,0,5,1,344,0.043,23,0
1630,0,-1,0,3,1,399,0.192,19,0
1631,0,-1,0,5,1,332,0.401,7,0
1632,0,-1,0,4,1,794,0.132,22,0
1633,0,-1,0,4,1,316,0.739,9,0
1634,0,-1,0,5,1,277,0.84,21,0
1635,0,-1,0,4,1,344,0.035,21,0
1636,0,-1,0,3,1,217,0.539,10,0
1637,0,-1,0,3,1,571,0.35,18,0
1638,0,-1,0,5,1,634,0.897,1,0
1639,0,-1,0,5,1,67,0.407,5,0
1640,0,-1,0,3,1,635,0.988,22,0
1641,0,-1,0,5,1,699,0.577,22,0
1642,0,-1,0,5,1,447,0.282,19,0
1643,0,-1,0,3,1,297,0.991,19,0
1644,0,-1,0,1,1,682,0.713,2,0
1645,0,-1,0,5,1,410,0.251,22,0
1646,0,-1,0,4,1,787,0.752,17,0
1647,0,-1,0,4,1,301,0.314,24,0
1648,0,-1,0,5,1,628,0.961,25,0
1649,0,-1,0,5,1,380,0.111,11,0
1650,0,-1,0,5,1,770,0.926,3,0
1651,0,-1,0,5,1,119,-0.124,21,0
1652,0,-1,0,4,1,151,0.596,11,0
1653,0,-1,0,5,1,208,-0.114,4,0
1654,0,-1,0,5,1,797,-0.107,15,0
1655,0,-1,0,5,1,385,0.342,11,0
1656,0,-1,0,5,1,719,0.362,13,0
1657,0,-1,0,5,1,273,0.045,1,0
1658,0,-1,0,4,1,531,0.008,15,0
1659,0,-1,0,5,1,727,-0.149,13,0
1660,0,-1,0,5,1,218,0.474,2,0
1661,0,-1,0,3,1,285,0.074,17,0
1662,0,-1,0,5,1,239,-0.133,1,0
1663,0,-1,0,3,1,428,0.49,27,0
1664,0,-1,0,5,1,377,0.121,4,0
1665,0,-1,0,1,1,500,0.274,4,0
1666,0,-1,0,5,1,305,-0.106,1,0
1667,0,-1,0,4,1,119,0.984,16,0
1668,0,-1,0,4,1,731,0.862,1,0
1669,0,-1,0,5,1,354,0.049,1,0
1670,0,-1,0,5,1,365,0.864,24,0
1671,0,-1,0,5,1,455,0.409,26,0
1672,0,-1,0,5,1,282,0.882,25,0
1673,0,-1,0,4,1,679,0.901,2,0
1674,0,-1,0,4,1,465,0.023,6,0
1675,0,-1,0,1,1,139,0.916,14,0
1676,0,-1,0,4,1,246,-0.004,9,0
1677,0,-1,0,5,1,447,0.461,1,0
1678,0,-1,0,3,1,553,0.477,26,0
1679,0,-1,0,4,1,325,0.61,26,0
1680,0,-1,0,2,1,396,0.955,11,0
1681,0,-1,0,5,1,609,0.089,26,0
1682,0,-1,0,4,1,571,0.444,16,0
1683,0,-1,0,3,1,500,0.159,20,0
1684,0,-1,0,5,1,616,0.496,28,0
1685,0,-1,0,5,1,799,-0.197,16,0
1686,0,-1,0,1,1,590,-0.1,29,0
1687,0,-1,0,1,1,369,0.08,1,0
1688,0,-1,0,5,1,528,0.062,11,0
1689,0,-1,0,4,1,64,0.481,21,0
1690,0,-1,0,4,1,80,0.69,16,0
1691,0,-1,0,4,1,339,0.96,10,0
1692,0,-1,0,4,1,478,0.754,7,0
1693,0,-1,0,4,1,375,0.733,28,0
1694,0,-1,0,5,1,626,-0.012,13,0
1695,0,-1,0,5,1,628,0.674,22,0
1696,0,-1,0,4,1,534,0.16,10,0
1697,0,-1,0,5,1,716,-0.084,1,0
1698,0,-1,0,3,1,500,0.437,15,0
1699,0,-1,0,5,1,396,0.473,16,0
1700,0,-1,0,5,1,227,0.968,18,0
1701,0,-1,0,4,1,245,0.925,13,0
1702,0,-1,0,2,1,496,0.424,1,0
1703,0,-1,0,4,1,305,0.244,16,0
1704,0,-1,0,3,1,173,0.021,28,0
1705,0,-1,0,4,1,638,0.552,8,0
1706,0,-1,0,5,1,601,0.656,9,0
1707,0,-1,0,5,1,100,0.634,11,0
1708,0,-1,0,3,1,578,0.318,2,0
1709,0,-1,0,4,1,312,0.712,18,0
1710,0,-1,0,5,1,508,-0.099,21,0
1711,0,-1,0,3,1,141,0.699,18,0
1712,0,-1,0,5,1,622,-0.126,27,0
1713,0,-1,0,3,1,156,0.746,9,0
1714,0,-1,0,5,1,721,0.419,1,0
1715,0,-1,0,5,1,238,-0.183,17,0
1716,0,-1,0,4,1,94,0.342,5,0
1717,0,-1,0,5,1,622,0.184,13,0
1718,0,-1,0,2,1,376,0.995,3,0
1719,0,-1,0,4,1,463,0.789,3,0
1720,0,-1,0,5,1,251,-0.11,26,0
1721,0,-1,0,4,1,281,0.382,24,0
1722,0,-1,0,5,1,378,0.895,13,0
1723,0,-1,0,5,1,180,0.122,18,0
1724,0,-1,0,5,1,268,0.493,10,0
1725,0,-1,0,5,1,560,0.355,21,0
1726,0,-1,0,1,1,257,0.155,17,0
1727,0,-1,0,4,1,499,0.382,7,0
1728,0,-1,0,5,1,603,0.307,11,0
1729,0,-1,0,5,1,521,0.385,26,0
1730,0,-1,0,2,1,212,0.841,24,0
1731,0,-1,0,5,1,618,0.229,10,0
1732,0,-1,0,5,1,416,0.512,18,0
1733,0,-1,0,2,1,708,0.148,3,0
1734,0,-1,0,5,1,115,0.129,16,0
1735,0,-1,0,4,1,241,-0.05,26,0
1736,0,-1,0,3,1,96,0.973,2,0
1737,0,-1,0,5,1,558,0.209,24,0
1738,0,-1,0,5,1,519,0.49,13,0
1739,0,-1,0,5,1,279,0.863,15,0
1740,0,-1,0,4,1,765,0.889,19,0
1741,0,-1,0,5,1,489,0.169,13,0
1742,0,-1,0,5,1,335,0.16,27,0
1743,0,-1,0,4,1,337,0.436,7,0
1744,0,-1,0,5,1,461,0.319,6,0
1745,0,-1,0,5,1,337,0.367,15,0
1746,0,-1,0,4,1,493,0.509,24,0
1747,0,-1,0,3,1,199,0.27,3,0
1748,0,-1,0,5,1,677,0.352,9,0
1749,0,-1,0,2,1,217,0.979,9,0
1750,0,-1,0,4,1,601,-0.022,3,0
1751,0,-1,0,5,1,403,-0.109,10,0
1752,0,-1,0,4,1,183,0.121,26,0
1753,0,-1,0,5,1,211,0.55,15,0
1754,0,-1,0,2,1,775,0.762,9,0
1755,0,-1,0,4,1,213,0.268,7,0
1756,0,-1,0,4,1,468,0.632,2,0
1757,0,-1,0,5,1,673,0.626,21,0
1758,0,-1,0,4,1,538,0.868,20,0
1759,0,-1,0,5,1,468,0.588,4,0
1760,0,-1,0,4,1,325,0.964,7,0
1761,0,-1,0,5,1,769,0.486,23,0
1762,0,-1,0,5,1,520,0.612,28,0
1763,0,-1,0,5,1,288,0.867,6,0
1764,0,-1,0,5,1,608,0.568,15,0
1765,0,-1,0,3,1,257,0.123,9,0
1766,0,-1,0,5,1,679,0.922,6,0
1767,0,-1,0,5,1,767,0.145,23,0
1768,0,-1,0,3,1,743,0.851,16,0
1769,0,-1,0,5,1,178,0.256,19,0
1770,0,-1,0,3,1,264,0.085,25,0
1771,0,-1,0,5,1,215,0.287,20,0
1772,0,-1,0,2,1,505,0.093,7,0
1773,0,-1,0,5,1,103,0.86,17,0
1774,0,-1,0,4,1,565,0.488,5,0
1775,0,-1,0,5,1,554,0.997,25,0
1776,0,-1,0,5,1,374,0.282,16,0
1777,0,-1,0,5,1,328,0.033,6,0
1778,0,-1,0,5,1,285,0.523,5,0
1779,0,-1,0,5,1,772,0.008,12,0
1780,0,-1,0,5,1,732,0.716,14,0
1781,0,-1,0,4,1,162,0.881,27,0
1782,0,-1,0,5,1,720,0.607,12,0
1783,0,-1,0,4,1,497,0.363,8,0
1784,0,-1,0,5,1,482,0.007,8,0
1785,0,-1,0,3,1,495,0.811,16,0
1786,0,-1,0,4,1,288,0.614,20,0
1787,0,-1,0,5,1,790,0.483,10,0
1788,0,-1,0,5,1,368,0.076,10,0
1789,0,-1,0,5,1,449,0.437,17,0
1790,0,-1,0,5,1,598,0.415,23,0
1791,0,-1,0,4,1,135,0.334,4,0
1792,0,-1,0,5,1,502,0.456,11,0
1793,0,-1,0,2,1,423,0.088,2,0
1794,0,-1,0,5,1,372,0.142,9,0
1795,0,-1,0,3,1,570,-0.009,26,0
1796,0,-1,0,5,1,628,-0.149,2,0
1797,0,-1,0,4,1,424,0.529,14,0
1798,0,-1,0,4,1,336,0.819,22,0
1799,0,-1,0,4,1,593,0.07,3,0
1800,0,-1,0,5,1,699,0.656,14,0
1801,0,-1,0,4,1,261,0.354,18,0
1802,0,-1,0,1,1,471,0.534,21,0
1803,0,-1,0,5,1,611,-0.184,17,0
1804,0,-1,0,4,1,330,0.924,14,0
1805,0,-1,0,4,1,283,-0.085,27,0
1806,0,-1,0,5,1,449,0.425,13,0
1807,0,-1,0,4,1,392,0.894,15,0
1808,0,-1,0,4,1,715,0.984,5,0
1809,0,-1,0,4,1,697,0.834,13,0
1810,0,-1,0,4,1,587,-0.166,24,0
1811,0,-1,0,5,1,755,0.819,12,0
1812,0,-1,0,4,1,324,0.016,27,0
1813,0,-1,0,1,1,637,0.491,16,0
1814,0,-1,0,5,1,68,0.349,14,0
1815,0,-1,0,4,1,410,0.785,8,0
1816,0,-1,0,5,1,537,0.471,23,0
1817,0,-1,0,5,1,325,-0.046,19,0
1818,0,-1,0,5,1,574,0.129,1,0
1819,0,-1,0,5,1,215,0.937,3,0
1820,0,-1,0,5,1,61,0.671,11,0
1821,0,-1,0,5,1,652,0.818,7,0
1822,0,-1,0,4,1,156,0.77,7,0
1823,0,-1,0,4,1,739,0.676,19,0
1824,0,-1,0,3,1,394,0.543,18,0
1825,0,-1,0,5,1,485,0.99,7,0
1826,0,-1,0,3,1,437,0.921,15,0
1827,0,-1,0,4,1,58,0.591,12,0
1828,0,-1,0,4,1,693,0.758,24,0
1829,0,-1,0,4,1,660,0.528,27,0
1830,0,-1,0,3,1,671,0.835,21,0
1831,0,-1,0,5,1,576,0.5,14,0
1832,0,-1,0,4,1,145,0.091,29,0
1833,0,-1,0,5,1,623,-0.028,15,0
1834,0,-1,0,4,1,430,0.665,5,0
1835,0,-1,0,5,1,660,0.624,5,0
1836,0,-1,0,1,1,627,0.05,20,0
1837,0,-1,0,4,1,601,-0.016,9,0
1838,0,-1,0,5,1,545,-0.094,26,0
1839,0,-1,0,5,1,168,-0.151,28,0
1840,0,-1,0,4,1,590,0.844,20,0
1841,0,-1,0,5,1,491,0.98,17,0
1842,0,-1,0,3,1,273,0.211,11,0
1843,0,-1,0,5,1,299,-0.181,25,0
1844,0,-1,0,5,1,746,0.805,14,0
1845,0,-1,0,5,1,376,0.701,2,0
1846,0,-1,0,5,1,769,0.768,6,0
1847,0,-1,0,5,1,82,0.116,2,0
1848,0,-1,0,5,1,373,0.541,16,0
1849,0,-1,0,3,1,425,0.736,7,0
1850,0,-1,0,2,1,312,0.578,24,0
1851,0,-1,0,5,1,789,0.097,23,0
1852,0,-1,0,4,1,755,0.572,16,0
1853,0,-1,0,5,1,272,0.02,24,0
1854,0,-1,0,5,1,431,0.416,3,0
1855,0,-1,0,4,1,88,0.286,25,0
1856,0,-1,0,4,1,737,0.525,14,0
1857,0,-1,0,2,1,637,0.953,16,0
1858,0,-1,0,4,1,622,0.12,25,0
1859,0,-1,0,2,1,289,0.669,15,0
1860,0,-1,0,4,1,328,-0.021,19,0
1861,0,-1,0,4,1,290,0.463,16,0
1862,0,-1,0,4,1,744,0.577,13,0
1863,0,-1,0,4,1,581,0.675,24,0
1864,0,-1,0,2,1,295,-0.074,5,0
1865,0,-1,0,4,1,748,0.905,12,0
1866,0,-1,0,5,1,495,-0.027,3,0
1867,0,-1,0,1,1,413,0.289,23,0
1868,0,-1,0,4,1,234,0.764,21,0
1869,0,-1,0,2,1,135,-0.153,28,0
1870,0,-1,0,4,1,402,0.583,10,0
1871,0,-1,0,4,1,266,0.994,2,0
1872,0,-1,0,4,1,121,0.625,15,0
1873,0,-1,0,5,1,561,0.231,17,0
1874,0,-1,0,5,1,131,0.859,19,0
1875,0,-1,0,3,1,598,0.732,10,0
1876,0,-1,0,5,1,353,0.291,3,0
1877,0,-1,0,1,1,500,0.324,12,0
1878,0,-1,0,4,1,643,0.334,17,0
1879,0,-1,0,4,1,603,0.995,4,0
1880,0,-1,0,5,1,696,0.192,15,0
1881,0,-1,0,5,1,419,0.273,28,0
1882,0,-1,0,1,1,674,0.348,8,0
1883,0,-1,0,5,1,555,0.691,22,0
1884,0,-1,0,4,1,663,0.994,16,0
1885,0,-1,0,3,1,588,0.842,1,0
1886,0,-1,0,4,1,718,0.687,9,0
1887,0,-1,0,5,1,219,0.356,4,0
1888,0,-1,0,4,1,773,-0.189,19,0
1889,0,-1,0,5,1,113,0.577,21,0
1890,0,-1,0,4,1,528,-0.153,25,0
1891,0,-1,0,5,1,762,-0.045,2,0
1892,0,-1,0,4,1,702,0.741,8,0
1893,0,-1,0,2,1,472,0.592,4,0
1894,0,-1,0,4,1,91,0.959,6,0
1895,0,-1,0,5,1,211,-0.17,28,0
1896,0,-1,0,4,1,785,0.347,27,0
1897,0,-1,0,5,1,633,-0.152,7,0
1898,0,-1,0,4,1,756,0.066,11,0
1899,0,-1,0,4,1,767,0.669,16,0
1900,0,-1,0,2,1,72,0.712,17,0
1901,0,-1,0,5,1,190,0.415,11,0
1902,0,-1,0,5,1,217,0.386,15,0
1903,0,-1,0,5,1,740,0.979,27,0
1904,0,-1,0,3,1,714,0.63,14,0
1905,0,-1,0,5,1,83,0.855,21,0
1906,0,-1,0,4,1,772,0.98,19,0
1907,0,-1,0,4,1,561,0.1,19,0
1908,0,-1,0,5,1,754,0.018,11,0
1909,0,-1,0,5,1,613,0.656,11,0
1910,0,-1,0,4,1,784,0.108,22,0
1911,0,-1,0,3,1,336,0.313,4,0
1912,0,-1,0,5,1,775,0.541,24,0
1913,0,-1,0,4,1,540,0.53,18,0
1914,0,-1,0,4,1,341,0.987,6,0
1915,0,-1,0,5,1,653,0.436,3,0
1916,0,-1,0,3,1,354,0.406,13,0
1917,0,-1,0,5,1,305,0.436,26,0
1918,0,-1,0,5,1,409,-0.074,27,0
1919,0,-1,0,5,1,780,-0.148,27,0
1920,0,-1,0,5,1,221,0.731,28,0
1921,0,-1,0,5,1,738,0.717,25,0
1922,0,-1,0,5,1,702,0.642,29,0
1923,0,-1,0,5,1,542,0.367,3,0
1924,0,-1,0,5,1,770,0.714,15,0
1925,0,-1,0,3,1,580,0.211,26,0
1926,0,-1,0,3,1,162,0.277,29,0
1927,0,-1,0,4,1,701,0.696,23,0
1928,0,-1,0,5,1,344,0.163,19,0
1929,0,-1,0,4,1,170,-0.071,6,0
1930,0,-1,0,3,1,177,0.212,1,0
1931,0,-1,0,4,1,709,-0.15,5,0
1932,0,-1,0,4,1,226,0.506,3,0
1933,0,-1,0,4,1,249,0.296,3,0
1934,0,-1,0,5,1,321,0.91,3,0
1935,0,-1,0,4,1,118,0.557,16,0
1936,0,-1,0,5,1,584,0.172,7,0
1937,0,-1,0,5,1,765,0.046,8,0
1938,0,-1,0,5,1,55,0.739,1,0
1939,0,-1,0,4,1,267,0.157,9,0
1940,0,-1,0,5,1,142,0.919,18,0
1941,0,-1,0,3,1,276,0.38,17,0
1942,0,-1,0,5,1,686,0.631,2,0
1943,0,-1,0,5,1,60,0.37,25,0
1944,0,-1,0,4,1,430,0.017,1,0
1945,0,-1,0,5,1,65,0.307,8,0
1946,0,-1,0,3,1,78,0.009,3,0
1947,0,-1,0,5,1,551,0.881,10,0
1948,0,-1,0,1,1,356,0.53,26,0
1949,0,-1,0,2,1,130,-0.158,16,0
1950,0,-1,0,5,1,83,0.083,27,0
1951,0,-1,0,3,1,630,0.71,27,0
1952,0,-1,0,4,1,313,0.182,24,0
1953,0,-1,0,4,1,152,0.972,14,0
1954,0,-1,0,5,1,577,0.267,12,0
1955,0,-1,0,4,1,130,-0.028,27,0
1956,0,-1,0,4,1,701,-0.124,7,0
1957,0,-1,0,5,1,282,0.067,25,0
1958,0,-1,0,4,1,748,0.288,20,0
1959,0,-1,0,4,1,134,0.597,19,0
1960,0,-1,0,4,1,433,0.656,9,0
1961,0,-1,0,4,1,95,0.052,13,0
1962,0,-1,0,5,1,162,0.198,26,0
1963,0,-1,0,4,1,383,0.206,18,0
1964,0,-1,0,4,1,123,0.161,24,0
1965,0,-1,0,4,1,312,0.062,8,0
1966,0,-1,0,5,1,447,0.682,2,0
1967,0,-1,0,3,1,58,0.248,25,0
1968,0,-1,0,5,1,789,0.354,26,0
1969,0,-1,0,1,1,176,0.688,23,0
1970,0,-1,0,4,1,172,0.717,24,0
1971,0,-1,0,4,1,273,0.974,1,0
1972,0,-1,0,2,1,512,0.237,27,0
1973,0,-1,0,5,1,201,-0.014,6,0
1974,0,-1,0,4,1,176,0.766,2,0
1975,0,-1,0,5,1,759,0.3,21,0
1976,0,-1,0,5,1,211,-0.2,29,0
1977,0,-1,0,4,1,480,-0.116,23,0
1978,0,-1,0,4,1,229,0.982,23,0
1979,0,-1,0,4,1,472,0.155,23,0
1980,0,-1,0,5,1,647,0.711,19,0
1981,0,-1,0,5,1,314,0.019,6,0
1982,0,-1,0,1,1,303,0.618,13,0
1983,0,-1,0,5,1,506,0.265,27,0
1984,0,-1,0,5,1,718,0.616,8,0
1985,0,-1,0,4,1,717,0.162,7,0
1986,0,-1,0,5,1,487,0.079,16,0
1987,0,-1,0,5,1,689,0.346,26,0
1988,0,-1,0,5,1,568,-0.02,13,0
1989,0,-1,0,4,1,394,0.44,18,0
1990,0,-1,0,4,1,510,0.819,1,0
1991,0,-1,0,2,1,371,0.1,21,0
1992,0,-1,0,4,1,308,0.203,3,0
1993,0,-1,0,5,1,332,0.003,8,0
1994,0,-1,0,4,1,428,0.652,13,0
1995,0,-1,0,4,1,152,0.306,12,0
1996,0,-1,0,5,1,85,0.148,23,0
1997,0,-1,0,5,1,660,0.401,20,0
1998,0,-1,0,5,1,204,0.973,16,0
1999,0,-1,0,4,1,397,0.224,2,0
2000,0,-1,0,4,1,771,0.717,23,0
2001,0,-1,0,2,1,461,0.808,14,0
2002,0,-1,0,5,1,520,0.932,9,0
2003,0,-1,0,4,1,112,0.116,29,0
2004,0,-1,0,4,1,791,0.29,20,0
2005,0,-1,0,1,1,68,-0.05,22,0
2006,0,-1,0,5,1,732,0.375,2,0
2007,0,-1,0,5,1,96,0.081,10,0
2008,0,-1,0,5,1,334,0.581,22,0
2009,0,-1,0,4,1,90,-0.039,15,0
2010,0,-1,0,5,1,594,0.804,5,0
2011,0,-1,0,4,1,121,0.484,18,0
2012,0,-1,0,5,1,403,0.02,28,0
2013,0,-1,0,4,1,680,0.98,29,0
2014,0,-1,0,4,1,637,0.394,12,0
2015,0,-1,0,1,1,222,0.486,6,0
2016,0,-1,0,4,1,696,-0.023,10,0
2017,0,-1,0,4,1,308,0.463,27,0
2018,0,-1,0,4,1,291,0.24,7,0
2019,0,-1,0,5,1,60,0.98,28,0
2020,0,-1,0,5,1,601,-0.125,10,0
2021,0,-1,0,5,1,216,0.849,17,0
2022,0,-1,0,4,1,577,0.651,4,0
2023,0,-1,0,4,1,117,0.706,4,0
2024,0,-1,0,4,1,464,0.868,24,0
2025,0,-1,0,1,1,610,0.799,17,0
2026,0,-1,0,4,1,434,0.549,28,0
2027,0,-1,0,3,1,583,0.817,21,0
2028,0,-1,0,1,1,273,0.523,8,0
2029,0,-1,0,5,1,572,0.187,10,0
2030,0,-1,0,4,1,223,0.91,12,0
2031,0,-1,0,3,1,232,0.94,16,0
2032,0,-1,0,5,1,542,-0.112,24,0
2033,0,-1,0,5,1,625,0.716,24,0
2034,0,-1,0,2,1,610,0.586,5,0
2035,0,-1,0,5,1,104,0.509,10,0
2036,0,-1,0,3,1,499,0.885,10,0
2037,0,-1,0,5,1,482,0.297,2,0
2038,0,-1,0,5,1,629,-0.135,14,0
2039,0,-1,0,5,1,723,0.215,27,0
2040,0,-1,0,5,1,498,0.064,11,0
2041,0,-1,0,2,1,548,0.853,3,0
2042,0,-1,0,5,1,746,-0.048,20,0
2043,0,-1,0,2,1,386,0.595,14,0
2044,0,-1,0,4,1,292,0.762,19,0
2045,0,-1,0,4,1,276,0.816,12,0
2046,0,-1,0,5,1,449,-0.028,8,0
2047,0,-1,0,4,1,556,0.763,26,0
2048,0,-1,0,4,1,767,0.465,13,0
2049,0,-1,0,4,1,117,0.212,28,0
2050,0,-1,0,5,1,215,0.423,11,0
2051,0,-1,0,4,1,440,0.831,17,0
2052,0,-1,0,5,1,246,0.616,18,0
2053,0,-1,0,5,1,74,0.269,22,0
2054,0,-1,0,2,1,487,0.642,2,0
2055,0,-1,0,5,1,174,-0.103,6,0
2056,0,-1,0,3,1,604,-0.13,11,0
2057,0,-1,0,4,1,270,0.59,19,0
2058,0,-1,0,5,1,761,0.777,5,0
2059,0,-1,0,5,1,426,0.075,22,0
2060,0,-1,0,4,1,682,0.847,24,0
2061,0,-1,0,4,1,373,-0.047,29,0
2062,0,-1,0,5,1,592,0.506,3,0
2063,0,-1,0,4,1,368,0.127,15,0
2064,0,-1,0,5,1,93,0.877,21,0
2065,0,-1,0,4,1,182,0.524,20,0
2066,0,-1,0,5,1,432,0.764,1,0
2067,0,-1,0,4,1,636,-0.018,9,0
2068,0,-1,0,5,1,592,0.857,1,0
2069,0,-1,0,4,1,794,0.245,21,0
2070,0,-1,0,5,1,83,-0.054,22,0
2071,0,-1,0,1,1,722,0.959,4,0
2072,0,-1,0,1,1,735,0.699,10,0
2073,0,-1,0,5,1,380,0.845,1,0
2074,0,-1,0,4,1,421,-0.158,9,0
2075,0,-1,0,4,1,271,0.816,4,0
2076,0,-1,0,4,1,116,0.018,10,0
2077,0,-1,0,5,1,60,0.329,1,0
2078,0,-1,0,4,1,459,0.662,21,0
2079,0,-1,0,4,1,350,0.965,26,0
2080,0,-1,0,4,1,544,0.319,18,0
2081,0,-1,0,5,1,776,0.429,5,0
2082,0,-1,0,5,1,475,0.084,5,0
2083,0,-1,0,5,1,411,0.608,12,0
2084,0,-1,0,2,1,176,-0.17,9,0
2085,0,-1,0,5,1,735,0.883,14,0
2086,0,-1,0,5,1,136,-0.077,20,0
2087,0,-1,0,5,1,636,0.127,5,0
2088,0,-1,0,1,1,147,0.295,11,0
2089,0,-1,0,5,1,78,0.72,2,0
2090,0,-1,0,3,1,311,0.202,21,0
2091,0,-1,0,4,1,185,0.456,4,0
2092,0,-1,0,3,1,307,0.447,23,0
2093,0,-1,0,4,1,234,0.127,2,0
2094,0,-1,0,5,1,284,0.097,8,0
2095,0,-1,0,5,1,339,0.379,6,0
2096,0,-1,0,4,1,746,0.818,13,0
2097,0,-1,0,5,1,567,0.992,26,0
2098,0,-1,0,5,1,797,0.814,27,0
2099,0,-1,0,5,1,531,0.668,16,0
2100,0,-1,0,4,1,141,0.505,13,0
2101,0,-1,0,4,1,480,0.68,22,0
2102,0,-1,0,5,1,720,0.134,5,0
2103,0,-1,0,4,1,233,0.267,28,0
2104,0,-1,0,5,1,739,0.632,27,0
2105,0,-1,0,5,1,768,0.927,6,0
2106,0,-1,0,5,1,502,0.638,29,0
2107,0,-1,0,1,1,399,0.591,27,0
2108,0,-1,0,4,1,121,0.329,17,0
2109,0,-1,0,3,1,310,0.095,18,0
2110,0,-1,0,5,1,298,0.0,22,0
2111,0,-1,0,5,1,83,-0.121,4,0
2112,0,-1,0,5,1,287,0.801,28,0
2113,0,-1,0,5,1,389,0.398,20,0
2114,0,-1,0,5,1,596,0.842,4,0
2115,0,-1,0,5,1,672,0.519,7,0
2116,0,-1,0,5,1,69,0.248,4,0
2117,0,-1,0,4,1,680,0.623,12,0
2118,0,-1,0,5,1,394,0.289,10,0
2119,0,-1,0,1,1,349,0.801,20,0
2120,0,-1,0,2,1,753,0.638,29,0
2121,0,-1,0,4,1,179,-0.017,1,0
2122,0,-1,0,4,1,615,-0.05,13,0
2123,0,-1,0,4,1,489,0.776,1,0
2124,0,-1,0,3,1,94,0.659,17,0
2125,0,-1,0,5,1,502,0.842,29,0
2126,0,-1,0,4,1,338,0.348,5,0
2127,0,-1,0,4,1,778,0.749,23,0
2128,0,-1,0,4,1,128,-0.007,16,0
2129,0,-1,0,3,1,732,-0.119,5,0
2130,0,-1,0,4,1,346,0.754,24,0
2131,0,-1,0,1,1,314,0.759,23,0
2132,0,-1,0,5,1,366,0.248,18,0
2133,0,-1,0,5,1,482,0.209,10,0
2134,0,-1,0,5,1,637,-0.186,19,0
2135,0,-1,0,3,1,759,0.734,13,0
2136,0,-1,0,4,1,102,0.139,7,0
2137,0,-1,0,5,1,671,-0.165,7,0
2138,0,-1,0,5,1,786,0.976,27,0
2139,0,-1,0,4,1,110,-0.083,9,0
2140,0,-1,0,5,1,663,0.612,3,0
2141,0,-1,0,4,1,464,0.194,27,0
2142,0,-1,0,3,1,389,0.656,28,0
2143,0,-1,0,5,1,774,0.437,26,0
2144,0,-1,0,5,1,623,0.209,9,0
2145,0,-1,0,4,1,342,0.112,26,0
2146,0,-1,0,4,1,424,0.377,2,0
2147,0,-1,0,5,1,799,-0.111,9,0
2148,0,-1,0,4,1,475,0.739,6,0
2149,0,-1,0,5,1,738,0.625,6,0
2150,0,-1,0,5,1,135,0.828,5,0
2151,0,-1,0,5,1,429,0.163,2,0
2152,0,-1,0,5,1,457,0.704,26,0
2153,0,-1,0,3,1,334,0.745,18,0
2154,0,-1,0,3,1,641,0.496,17,0
2155,0,-1,0,5,1,134,0.18,21,0
2156,0,-1,0,5,1,774,0.678,2,0
2157,0,-1,0,1,1,720,0.93,5,0
2158,0,-1,0,3,1,680,0.379,8,0
2159,0,-1,0,5,1,291,0.869,22,0
2160,0,-1,0,5,1,201,-0.186,15,0
2161,0,-1,0,3,1,91,0.116,1,0
2162,0,-1,0,5,1,370,0.037,17,0
2163,0,-1,0,3,1,474,0.363,3,0
2164,0,-1,0,5,1,160,0.131,26,0
2165,0,-1,0,4,1,562,-0.15,17,0
2166,0,-1,0,5,1,533,0.631,17,0
2167,0,-1,0,5,1,474,-0.055,11,0
2168,0,-1,0,2,1,255,0.836,13,0
2169,0,-1,0,5,1,420,-0.136,1,0
2170,0,-1,0,5,1,500,-0.103,28,0
2171,0,-1,0,3,1,116,-0.089,26,0
2172,0,-1,0,2,1,633,0.308,10,0
2173,0,-1,0,5,1,396,0.645,9,0
2174,0,-1,0,5,1,731,0.518,28,0
2175,0,-1,0,4,1,290,-0.084,10,0
2176,0,-1,0,5,1,750,-0.147,23,0
2177,0,-1,0,5,1,490,0.482,22,0
2178,0,-1,0,5,1,435,-0.167,9,0
2179,0,-1,0,5,1,99,0.755,15,0
2180,0,-1,0,5,1,217,0.305,6,0
2181,0,-1,0,5,1,237,-0.142,20,0
2182,0,-1,0,4,1,635,0.684,21,0
2183,0,-1,0,3,1,754,0.263,6,0
2184,0,-1,0,3,1,661,0.89,12,0
2185,0,-1,0,4,1,702,0.831,28,0
2186,0,-1,0,5,1,87,0.675,2,0
2187,0,-1,0,4,1,163,0.661,20,0
2188,0,-1,0,5,1,411,-0.038,14,0
2189,0,-1,0,5,1,663,0.715,13,0
2190,0,-1,0,4,1,60,0.537,29,0
2191,0,-1,0,4,1,216,-0.186,23,0
2192,0,-1,0,2,1,318,0.177,29,0
2193,0,-1,0,5,1,330,0.815,2,0
2194,0,-1,0,4,1,506,0.289,9,0
2195,0,-1,0,5,1,537,0.953,28,0
2196,0,-1,0,5,1,315,-0.198,1,0
2197,0,-1,0,5,1,154,0.38,18,0
2198,0,-1,0,4,1,142,0.966,4,0
2199,0,-1,0,1,1,384,0.859,20,0
2200,0,-1,0,5,1,205,0.333,19,0
2201,0,-1,0,2,1,377,0.443,6,0
2202,0,-1,0,2,1,67,0.621,10,0
2203,0,-1,0,3,1,347,0.342,9,0
2204,0,-1,0,4,1,70,-0.007,1,0
2205,0,-1,0,4,1,316,0.716,22,0
2206,0,-1,0,2,1,382,-0.177,23,0
2207,0,-1,0,5,1,754,0.775,3,0
2208,0,-1,0,4,1,409,0.988,29,0
2209,0,-1,0,5,1,75,0.798,9,0
2210,0,-1,0,2,1,402,0.734,26,0
2211,0,-1,0,5,1,69,-0.061,12,0
2212,0,-1,0,5,1,59,-0.183,13,0
2213,0,-1,0,4,1,582,0.13,10,0
2214,0,-1,0,3,1,673,0.476,22,0
2215,0,-1,0,4,1,181,0.729,23,0
2216,0,-1,0,5,1,149,0.16,24,0
2217,0,-1,0,4,1,477,0.543,16,0
2218,0,-1,0,5,1,544,-0.103,7,0
2219,0,-1,0,5,1,512,0.842,13,0
2220,0,-1,0,3,1,658,0.338,20,0
2221,0,-1,0,5,1,690,0.823,18,0
2222,0,-1,0,5,1,633,0.642,5,0
2223,0,-1,0,5,1,66,-0.163,1,0
2224,0,-1,0,5,1,200,-0.047,3,0
2225,0,-1,0,2,1,720,0.361,18,0
2226,0,-1,0,5,1,757,0.964,9,0
2227,0,-1,0,5,1,791,0.906,2,0
2228,0,-1,0,5,1,707,0.591,19,0
2229,0,-1,0,4,1,411,0.496,21,0
2230,0,-1,0,5,1,547,0.864,5,0
2231,0,-1,0,4,1,256,0.832,22,0
2232,0,-1,0,3,1,255,0.284,15,0
2233,0,-1,0,4,1,159,0.279,18,0
2234,0,-1,0,2,1,553,0.832,29,0
2235,0,-1,0,2,1,209,-0.03,3,0
2236,0,-1,0,2,1,164,0.223,23,0
2237,0,-1,0,5,1,533,0.914,3,0
2238,0,-1,0,2,1,549,0.466,5,0
2239,0,-1,0,4,1,717,0.428,5,0
2240,0,-1,0,5,1,234,0.643,10,0
2241,0,-1,0,4,1,532,0.765,12,0
2242,0,-1,0,5,1,459,0.326,5,0
2243,0,-1,0,5,1,136,0.108,1,0
2244,0,-1,0,4,1,493,0.289,21,0
2245,0,-1,0,3,1,493,0.56,3,0
2246,0,-1,0,5,1,719,0.097,25,0
2247,0,-1,0,4,1,631,0.021,1,0
2248,0,-1,0,1,1,763,0.531,23,0
2249,0,-1,0,5,1,184,0.738,26,0
2250,0,-1,0,5,1,387,0.743,7,0
2251,0,-1,0,4,1,707,0.893,14,0
2252,0,-1,0,5,1,104,0.367,7,0
2253,0,-1,0,2,1,634,0.551,17,0
2254,0,-1,0,5,1,305,0.696,5,0
2255,0,-1,0,3,1,211,0.196,8,0
2256,0,-1,0,3,1,712,-0.028,21,0
2257,0,-1,0,3,1,492,0.009,22,0
2258,0,-1,0,4,1,465,0.773,24,0
2259,0,-1,0,5,1,307,0.352,27,0
2260,0,-1,0,5,1,374,0.26,18,0
2261,0,-1,0,5,1,289,0.48,29,0
2262,0,-1,0,3,1,89,-0.097,7,0
2263,0,-1,0,5,1,451,0.158,25,0
2264,0,-1,0,5,1,553,0.542,7,0
2265,0,-1,0,5,1,584,0.6,8,0
2266,0,-1,0,2,1,712,0.452,20,0
2267,0,-1,0,3,1,679,0.558,15,0
2268,0,-1,0,2,1,576,0.907,22,0
2269,0,-1,0,5,1,414,0.146,23,0
2270,0,-1,0,5,1,592,0.255,17,0
2271,0,-1,0,5,1,272,-0.183,22,0
2272,0,-1,0,5,1,356,0.503,17,0
2273,0,-1,0,2,1,595,0.58,16,0
2274,0,-1,0,5,1,465,0.618,12,0
2275,0,-1,0,5,1,347,0.508,12,0
2276,0,-1,0,2,1,504,0.149,20,0
2277,0,-1,0,5,1,664,0.273,23,0
2278,0,-1,0,5,1,361,0.243,27,0
2279,0,-1,0,4,1,544,0.771,25,0
2280,0,-1,0,5,1,231,0.183,22,0
2281,0,-1,0,5,1,375,-0.093,12,0
2282,0,-1,0,2,1,348,0.312,20,0
2283,0,-1,0,3,1,261,-0.134,17,0
2284,0,-1,0,3,1,429,0.474,2,0
2285,0,-1,0,5,1,387,0.526,22,0
2286,0,-1,0,3,1,217,0.461,19,0
2287,0,-1,0,5,1,670,0.717,5,0
2288,0,-1,0,2,1,632,-0.028,1,0
2289,0,-1,0,5,1,627,0.132,23,0
2290,0,-1,0,5,1,552,0.303,13,0
2291,0,-1,0,4,1,260,-0.03,28,0
2292,0,-1,0,5,1,569,0.488,21,0
2293,0,-1,0,4,1,631,0.344,10,0
2294,0,-1,0,5,1,149,0.153,16,0
2295,0,-1,0,5,1,733,0.355,4,0
2296,0,-1,0,4,1,535,0.347,20,0
2297,0,-1,0,5,1,568,0.177,29,0
2298,0,-1,0,3,1,486,0.593,2,0
2299,0,-1,0,5,1,583,0.4,6,0
2300,0,-1,0,5,1,515,0.759,5,0
2301,0,-1,0,5,1,666,0.003,13,0
2302,0,-1,0,4,1,670,0.073,18,0
2303,0,-1,0,5,1,652,0.565,25,0
2304,0,-1,0,5,1,574,-0.044,26,0
2305,0,-1,0,4,1,598,0.84,17,0
2306,0,-1,0,5,1,112,0.154,24,0
2307,0,-1,0,5,1,152,0.988,6,0
2308,0,-1,0,4,1,343,0.357,1,0
2309,0,-1,0,5,1,618,-0.078,8,0
2310,0,-1,0,5,1,699,-0.176,25,0
2311,0,-1,0,5,1,98,0.321,1,0
2312,0,-1,0,4,1,233,0.418,17,0
2313,0,-1,0,5,1,676,0.761,20,0
2314,0,-1,0,3,1,603,0.896,5,0
2315,0,-1,0,5,1,450,-0.004,29,0
2316,0,-1,0,1,1,308,0.324,12,0
2317,0,-1,0,4,1,492,0.639,21,0
2318,0,-1,0,5,1,408,-0.006,28,0
2319,0,-1,0,2,1,80,0.37,2,0
2320,0,-1,0,4,1,329,0.186,8,0
2321,0,-1,0,5,1,117,0.091,27,0
2322,0,-1,0,5,1,507,0.084,20,0
2323,0,-1,0,1,1,279,-0.096,20,0
2324,0,-1,0,4,1,261,0.673,26,0
2325,0,-1,0,5,1,413,0.317,29,0
2326,0,-1,0,2,1,750,0.701,10,0
2327,0,-1,0,5,1,764,0.636,16,0
2328,0,-1,0,4,1,477,0.844,16,0
2329,0,-1,0,4,1,62,0.447,21,0
2330,0,-1,0,4,1,202,0.95,14,0
2331,0,-1,0,5,1,71,0.705,27,0
2332,0,-1,0,4,1,481,0.285,2,0
2333,0,-1,0,1,1,751,0.724,9,0
2334,0,-1,0,4,1,403,0.93,16,0
2335,0,-1,0,4,1,499,0.025,6,0
2336,0,-1,0,2,1,525,0.901,25,0
2337,0,-1,0,2,1,713,0.181,27,0
2338,0,-1,0,3,1,392,0.292,26,0
2339,0,-1,0,5,1,176,0.543,9,0
2340,0,-1,0,4,1,682,0.312,14,0
2341,0,-1,0,5,1,102,0.012,3,0
2342,0,-1,0,4,1,730,0.81,28,0
2343,0,-1,0,3,1,103,0.119,29,0
2344,0,-1,0,5,1,193,0.105,12,0
2345,0,-1,0,4,1,538,-0.173,15,0
2346,0,-1,0,5,1,385,0.829,6,0
2347,0,-1,0,5,1,283,0.15,3,0
2348,0,-1,0,2,1,163,-0.085,26,0
2349,0,-1,0,4,1,796,0.161,22,0
2350,0,-1,0,4,1,685,0.538,22,0
2351,0,-1,0,4,1,342,0.007,3,0
2352,0,-1,0,4,1,442,0.579,14,0
2353,0,-1,0,5,1,476,0.365,21,0
2354,0,-1,0,5,1,168,0.107,26,0
2355,0,-1,0,5,1,634,0.667,19,0
2356,0,-1,0,5,1,318,-0.143,21,0
2357,0,-1,0,5,1,790,0.163,7,0
2358,0,-1,0,4,1,149,0.518,2,0
2359,0,-1,0,5,1,99,0.738,3,0
2360,0,-1,0,5,1,199,0.613,2,0
2361,0,-1,0,3,1,792,0.468,8,0
2362,0,-1,0,5,1,740,0.903,24,0
2363,0,-1,0,5,1,418,0.937,24,0
2364,0,-1,0,5,1,499,-0.1,3,0
2365,0,-1,0,3,1,474,0.249,20,0
2366,0,-1,0,5,1,134,-0.162,16,0
2367,0,-1,0,5,1,231,0.96,4,0
2368,0,-1,0,5,1,727,0.551,15,0
2369,0,-1,0,4,1,550,0.396,8,0
2370,0,-1,0,5,1,354,0.714,24,0
2371,0,-1,0,5,1,162,0.51,14,0
2372,0,-1,0,2,1,448,0.776,21,0
2373,0,-1,0,5,1,381,0.014,27,0
2374,0,-1,0,4,1,86,0.821,8,0
2375,0,-1,0,1,1,662,0.741,10,0
2376,0,-1,0,3,1,447,0.062,3,0
2377,0,-1,0,5,1,543,0.083,27,0
2378,0,-1,0,5,1,316,-0.022,22,0
2379,0,-1,0,4,1,379,0.136,3,0
2380,0,-1,0,4,1,526,-0.115,1,0
2381,0,-1,0,2,1,56,0.733,4,0
2382,0,-1,0,5,1,276,-0.034,10,0
2383,0,-1,0,3,1,715,-0.086,23,0
2384,0,-1,0,5,1,595,-0.028,11,0
2385,0,-1,0,5,1,767,-0.199,28,0
2386,0,-1,0,2,1,441,0.702,17,0
2387,0,-1,0,4,1,311,0.591,13,0
2388,0,-1,0,5,1,271,-0.033,29,0
2389,0,-1,0,4,1,130,-0.065,14,0
2390,0,-1,0,3,1,122,0.746,29,0
2391,0,-1,0,5,1,330,0.954,21,0
2392,0,-1,0,5,1,96,0.923,25,0
2393,0,-1,0,5,1,507,0.975,25,0
2394,0,-1,0,4,1,339,0.251,25,0
2395,0,-1,0,2,1,494,0.233,9,0
2396,0,-1,0,5,1,792,0.639,27,0
2397,0,-1,0,4,1,764,0.316,14,0
2398,0,-1,0,5,1,302,0.286,13,0
2399,0,-1,0,5,1,499,0.086,25,0
2400,0,-1,0,4,1,112,0.636,28,0
2401,0,-1,0,5,1,691,0.379,11,0
2402,0,-1,0,3,1,87,-0.193,8,0
2403,0,-1,0,5,1,315,0.683,10,0
2404,0,-1,0,5,1,337,0.549,10,0
2405,0,-1,0,5,1,142,0.483,9,0
2406,0,-1,0,5,1,785,-0.148,18,0
2407,0,-1,0,5,1,716,0.442,2,0
2408,0,-1,0,4,1,105,0.778,1,0
2409,0,-1,0,2,1,357,-0.166,26,0
2410,0,-1,0,3,1,221,0.75,19,0
2411,0,-1,0,4,1,772,0.767,4,0
2412,0,-1,0,5,1,696,0.805,6,0
2413,0,-1,0,5,1,560,0.823,18,0
2414,0,-1,0,4,1,341,0.795,1,0
2415,0,-1,0,4,1,535,-0.184,6,0
2416,0,-1,0,4,1,254,0.917,11,0
2417,0,-1,0,3,1,721,-0.014,2,0
2418,0,-1,0,5,1,58,0.425,12,0
2419,0,-1,0,4,1,275,0.762,20,0
2420,0,-1,0,3,1,682,0.242,22,0
2421,0,-1,0,5,1,133,-0.155,25,0
2422,0,-1,0,5,1,351,0.98,26,0
2423,0,-1,0,5,1,792,0.68,5,0
2424,0,-1,0,5,1,398,0.56,29,0
2425,0,-1,0,5,1,87,-0.011,21,0
2426,0,-1,0,4,1,193,0.499,29,0
2427,0,-1,0,5,1,387,0.378,3,0
2428,0,-1,0,5,1,502,-0.04,27,0
2429,0,-1,0,2,1,417,0.23,14,0
2430,0,-1,0,4,1,339,-0.006,29,0
2431,0,-1,0,2,1,708,0.242,8,0
2432,0,-1,0,3,1,182,0.025,15,0
2433,0,-1,0,4,1,647,0.424,13,0
2434,0,-1,0,5,1,789,0.172,1,0
2435,0,-1,0,5,1,254,0.481,19,0
2436,0,-1,0,5,1,789,-0.146,24,0
2437,0,-1,0,5,1,633,0.661,16,0
2438,0,-1,0,3,1,228,0.353,2,0
2439,0,-1,0,4,1,684,-0.123,12,0
2440,0,-1,0,3,1,60,0.344,9,0
2441,0,-1,0,5,1,386,0.252,1,0
2442,0,-1,0,3,1,792,-0.091,13,0
2443,0,-1,0,5,1,444,0.893,20,0
2444,0,-1,0,5,1,666,0.056,11,0
2445,0,-1,0,5,1,423,-0.144,1,0
2446,0,-1,0,4,1,380,0.342,11,0
2447,0,-1,0,2,1,706,0.773,29,0
2448,0,-1,0,4,1,653,0.485,20,0
2449,0,-1,0,4,1,64,-0.133,3,0
2450,0,-1,0,4,1,131,0.467,20,0
2451,0,-1,0,5,1,380,0.065,24,0
2452,0,-1,0,5,1,433,0.913,8,0
2453,0,-1,0,5,1,63,0.937,19,0
2454,0,-1,0,5,1,739,0.992,11,0
2455,0,-1,0,3,1,177,-0.02,11,0
2456,0,-1,0,5,1,395,0.526,26,0
2457,0,-1,0,4,1,719,0.875,23,0
2458,0,-1,0,4,1,535,0.207,20,0
2459,0,-1,0,5,1,507,0.46,1,0
2460,0,-1,0,5,1,462,-0.157,14,0
2461,0,-1,0,4,1,389,0.362,13,0
2462,0,-1,0,5,1,217,0.61,5,0
2463,0,-1,0,5,1,136,-0.115,24,0
2464,0,-1,0,5,1,299,0.216,5,0
2465,0,-1,0,5,1,339,0.022,23,0
2466,0,-1,0,5,1,600,-0.181,16,0
2467,0,-1,0,5,1,665,0.807,29,0
2468,0,-1,0,4,1,438,0.285,7,0
2469,0,-1,0,5,1,155,0.068,29,0
2470,0,-1,0,4,1,439,0.418,3,0
2471,0,-1,0,5,1,266,0.728,23,0
2472,0,-1,0,4,1,734,-0.158,2,0
2473,0,-1,0,4,1,669,0.481,15,0
2474,0,-1,0,5,1,328,0.561,19,0
2475,0,-1,0,4,1,319,0.348,24,0
2476,0,-1,0,1,1,768,0.343,21,0
2477,0,-1,0,4,1,394,0.249,8,0
2478,0,-1,0,4,1,722,0.854,11,0
2479,0,-1,0,4,1,650,0.106,12,0
2480,0,-1,0,3,1,175,0.621,15,0
2481,0,-1,0,5,1,570,0.498,6,0
2482,0,-1,0,2,1,549,0.048,7,0
2483,0,-1,0,5,1,359,0.626,17,0
2484,0,-1,0,5,1,208,0.512,3,0
2485,0,-1,0,4,1,727,0.777,5,0
2486,0,-1,0,3,1,580,-0.161,20,0
2487,0,-1,0,5,1,767,0.011,28,0
2488,0,-1,0,5,1,642,0.143,13,0
2489,0,-1,0,5,1,720,-0.11,29,0
2490,0,-1,0,5,1,200,0.669,18,0
2491,0,-1,0,3,1,63,0.668,18,0
2492,0,-1,0,2,1,527,0.13,3,0
2493,0,-1,0,3,1,452,-0.025,18,0
2494,0,-1,0,5,1,567,0.133,25,0
2495,0,-1,0,5,1,351,0.126,23,0
2496,0,-1,0,3,1,706,0.84,22,0
2497,0,-1,0,3,1,239,0.364,10,0
2498,0,-1,0,4,1,474,0.085,5,0
2499,0,-1,0,5,1,759,-0.084,24,0
2500,0,-1,0,5,1,539,-0.072,1,0
2501,0,-1,0,2,1,680,-0.092,3,0
2502,0,-1,0,5,1,247,0.426,14,0
2503,0,-1,0,5,1,646,0.641,2,0
2504,0,-1,0,4,1,711,0.071,5,0
2505,0,-1,0,5,1,550,0.937,28,0
2506,0,-1,0,5,1,733,0.691,20,0
2507,0,-1,0,4,1,280,0.589,5,0
2508,0,-1,0,4,1,430,-0.074,5,0
2509,0,-1,0,4,1,730,0.177,17,0
2510,0,-1,0,5,1,349,-0.054,13,0
2511,0,-1,0,5,1,222,0.891,5,0
2512,0,-1,0,4,1,410,-0.035,24,0
2513,0,-1,0,5,1,543,0.355,3,0
2514,0,-1,0,5,1,366,0.387,10,0
2515,0,-1,0,4,1,507,0.144,5,0
2516,0,-1,0,4,1,699,0.922,22,0
2517,0,-1,0,5,1,429,0.659,12,0
2518,0,-1,0,5,1,552,0.106,21,0
2519,0,-1,0,5,1,355,0.809,5,0
2520,0,-1,0,5,1,93,0.862,6,0
2521,0,-1,0,3,1,104,0.362,22,0
2522,0,-1,0,4,1,480,0.778,9,0
2523,0,-1,0,5,1,634,0.411,24,0
2524,0,-1,0,5,1,406,-0.022,4,0
2525,0,-1,0,3,1,124,0.657,21,0
2526,0,-1,0,5,1,731,-0.183,13,0
2527,0,-1,0,4,1,247,0.363,4,0
2528,0,-1,0,5,1,93,0.1,8,0
2529,0,-1,0,2,1,211,0.982,3,0
2530,0,-1,0,5,1,406,0.108,6,0
2531,0,-1,0,4,1,407,0.181,7,0
2532,0,-1,0,4,1,247,-0.175,28,0
2533,0,-1,0,5,1,444,-0.074,26,0
2534,0,-1,0,5,1,97,0.516,11,0
2535,0,-1,0,5,1,524,0.51,12,0
2536,0,-1,0,4,1,677,0.871,25,0
2537,0,-1,0,4,1,110,0.426,21,0
2538,0,-1,0,4,1,792,-0.053,23,0
2539,0,-1,0,5,1,250,0.055,24,0
2540,0,-1,0,5,1,199,-0.118,2,0
2541,0,-1,0,5,1,613,0.398,15,0
2542,0,-1,0,4,1,78,0.551,16,0
2543,0,-1,0,5,1,361,0.102,19,0
2544,0,-1,0,3,1,513,0.105,28,0
2545,0,-1,0,4,1,219,0.511,15,0
2546,0,-1,0,5,1,648,0.001,7,0
2547,0,-1,0,5,1,450,-0.054,6,0
2548,0,-1,0,5,1,291,0.524,28,0
2549,0,-1,0,3,1,759,0.352,29,0
2550,0,-1,0,1,1,466,0.611,9,0
2551,0,-1,0,5,1,702,0.754,25,0
2552,0,-1,0,1,1,397,0.225,27,0
2553,0,-1,0,5,1,239,0.324,8,0
2554,0,-1,0,3,1,389,0.697,3,0
2555,0,-1,0,2,1,223,0.96,26,0
2556,0,-1,0,3,1,624,0.752,15,0
2557,0,-1,0,5,1,632,0.419,6,0
2558,0,-1,0,4,1,451,-0.04,21,0
2559,0,-1,0,4,1,438,-0.073,5,0
2560,0,-1,0,5,1,528,0.462,27,0
2561,0,-1,0,5,1,390,0.267,11,0
2562,0,-1,0,1,1,706,0.716,26,0
2563,0,-1,0,4,1,179,-0.07,18,0
2564,0,-1,0,5,1,185,0.294,25,0
2565,0,-1,0,5,1,664,0.249,6,0
2566,0,-1,0,2,1,335,-0.114,16,0
2567,0,-1,0,5,1,116,-0.04,12,0
2568,0,-1,0,2,1,326,-0.069,1,0
2569,0,-1,0,4,1,421,-0.18,20,0
2570,0,-1,0,4,1,460,-0.117,25,0
2571,0,-1,0,5,1,440,-0.047,1,0
2572,0,-1,0,4,1,449,0.701,17,0
2573,0,-1,0,5,1,225,0.964,6,0
2574,0,-1,0,5,1,250,0.177,7,0
2575,0,-1,0,4,1,497,0.204,19,0
2576,0,-1,0,3,1,585,0.006,11,0
2577,0,-1,0,4,1,152,0.576,25,0
2578,0,-1,0,5,1,322,0.9,18,0
2579,0,-1,0,4,1,257,-0.027,13,0
2580,0,-1,0,4,1,631,0.797,13,0
2581,0,-1,0,5,1,585,0.043,4,0
2582,0,-1,0,5,1,627,0.591,28,0
2583,0,-1,0,5,1,411,0.482,17,0
2584,0,-1,0,5,1,533,-0.06,10,0
2585,0,-1,0,4,1,607,0.946,19,0
2586,0,-1,0,4,1,632,-0.153,12,0
2587,0,-1,0,5,1,736,0.903,7,0
2588,0,-1,0,5,1,587,0.089,28,0
2589,0,-1,0,4,1,418,0.965,24,0
2590,0,-1,0,4,1,124,0.274,28,0
2591,0,-1,0,5,1,612,0.238,12,0
2592,0,-1,0,3,1,167,0.82,23,0
2593,0,-1,0,5,1,261,0.201,28,0
2594,0,-1,0,4,1,429,0.928,24,0
2595,0,-1,0,5,1,336,0.144,14,0
2596,0,-1,0,4,1,131,0.827,2,0
2597,0,-1,0,3,1,426,0.125,14,0
2598,0,-1,0,1,1,542,0.947,7,0
2599,0,-1,0,5,1,200,0.051,8,0
2600,0,-1,0,5,1,693,0.05,28,0
2601,0,-1,0,4,1,92,0.154,16,0
2602,0,-1,0,4,1,306,0.246,23,0
2603,0,-1,0,5,1,687,0.365,9,0
2604,0,-1,0,1,1,103,0.155,11,0
2605,0,-1,0,5,1,408,0.169,26,0
2606,0,-1,0,5,1,174,0.463,6,0
2607,0,-1,0,2,1,300,0.362,3,0
2608,0,-1,0,3,1,779,0.051,18,0
2609,0,-1,0,5,1,195,-0.1,28,0
2610,0,-1,0,4,1,162,-0.037,22,0
2611,0,-1,0,4,1,553,-0.167,6,0
2612,0,-1,0,3,1,147,0.575,25,0
2613,0,-1,0,5,1,409,0.721,5,0
2614,0,-1,0,4,1,88,0.438,9,0
2615,0,-1,0,3,1,125,0.946,3,0
2616,0,-1,0,1,1,741,0.46,28,0
2617,0,-1,0,5,1,698,0.391,24,0
2618,0,-1,0,4,1,223,-0.185,26,0
2619,0,-1,0,3,1,735,0.945,2,0
2620,0,-1,0,4,1,187,0.466,3,0
2621,0,-1,0,2,1,154,0.689,26,0
2622,0,-1,0,3,1,151,0.594,1,0
2623,0,-1,0,5,1,131,0.857,12,0
2624,0,-1,0,2,1,172,0.142,3,0
2625,0,-1,0,4,1,693,-0.065,4,0
2626,0,-1,0,2,1,342,0.112,5,0
2627,0,-1,0,5,1,360,0.163,11,0
2628,0,-1,0,3,1,259,0.0,17,0
2629,0,-1,0,3,1,573,0.407,9,0
2630,0,-1,0,2,1,518,0.831,20,0
2631,0,-1,0,4,1,528,0.91,1,0
2632,0,-1,0,3,1,686,0.613,2,0
2633,0,-1,0,2,1,453,0.094,24,0
2634,0,-1,0,4,1,425,0.821,8,0
2635,0,-1,0,1,1,51,0.096,1,0
2636,0,-1,0,5,1,149,-0.182,15,0
2637,0,-1,0,2,1,137,-0.096,7,0
2638,0,-1,0,2,1,274,0.172,13,0
2639,0,-1,0,4,1,247,-0.075,2,0
2640,0,-1,0,4,1,464,0.07,6,0
2641,0,-1,0,5,1,291,0.64,29,0
2642,0,-1,0,5,1,413,0.939,2,0
2643,0,-1,0,5,1,426,0.141,13,0
2644,0,-1,0,5,1,482,0.677,15,0
2645,0,-1,0,5,1,457,0.481,11,0
2646,0,-1,0,5,1,668,0.535,24,0
2647,0,-1,0,4,1,429,0.532,19,0
2648,0,-1,0,1,1,66,0.012,7,0
2649,0,-1,0,5,1,307,0.429,8,0
2650,0,-1,0,5,1,603,0.473,26,0
2651,0,-1,0,4,1,366,0.461,23,0
2652,0,-1,0,3,1,740,-0.193,10,0
2653,0,-1,0,5,1,108,0.509,27,0
2654,0,-1,0,5,1,375,0.969,15,0
2655,0,-1,0,3,1,208,0.572,3,0
2656,0,-1,0,4,1,346,0.062,19,0
2657,0,-1,0,1,1,282,0.759,12,0
2658,0,-1,0,3,1,414,0.405,4,0
2659,0,-1,0,4,1,273,0.205,27,0
2660,0,-1,0,4,1,276,0.74,7,0
2661,0,-1,0,5,1,726,0.75,17,0
2662,0,-1,0,5,1,433,0.499,24,0
2663,0,-1,0,5,1,68,0.145,22,0
2664,0,-1,0,4,1,771,0.782,23,0
2665,0,-1,0,3,1,631,0.749,9,0
2666,0,-1,0,5,1,404,0.077,13,0
2667,0,-1,0,4,1,73,0.708,5,0
2668,0,-1,0,5,1,648,0.58,22,0
2669,0,-1,0,4,1,385,0.163,22,0
2670,0,-1,0,1,1,671,0.609,8,0
2671,0,-1,0,4,1,331,-0.174,6,0
2672,0,-1,0,4,1,555,-0.022,27,0
2673,0,-1,0,4,1,458,0.496,17,0
2674,0,-1,0,5,1,740,0.165,22,0
2675,0,-1,0,4,1,546,-0.11,3,0
2676,0,-1,0,5,1,237,0.641,3,0
2677,0,-1,0,5,1,172,0.136,9,0
2678,0,-1,0,5,1,366,0.764,18,0
2679,0,-1,0,5,1,676,-0.048,9,0
2680,0,-1,0,1,1,484,0.908,14,0
2681,0,-1,0,5,1,301,0.403,2,0
2682,0,-1,0,5,1,562,-0.019,7,0
2683,0,-1,0,4,1,283,0.827,15,0
2684,0,-1,0,5,1,762,-0.023,21,0
2685,0,-1,0,4,1,263,-0.025,21,0
2686,0,-1,0,5,1,437,0.816,25,0
2687,0,-1,0,5,1,475,0.296,4,0
2688,0,-1,0,5,1,411,0.235,15,0
2689,0,-1,0,4,1,75,0.634,4,0
2690,0,-1,0,1,1,776,0.366,12,0
2691,0,-1,0,5,1,349,-0.19,12,0
2692,0,-1,0,3,1,65,0.123,5,0
2693,0,-1,0,3,1,295,0.262,4,0
2694,0,-1,0,5,1,265,0.359,12,0
2695,0,-1,0,5,1,476,-0.122,5,0
2696,0,-1,0,5,1,551,-0.12,25,0
2697,0,-1,0,3,1,203,0.53,20,0
2698,0,-1,0,2,1,593,0.181,23,0
2699,0,-1,0,5,1,759,0.497,19,0
2700,0,-1,0,4,1,338,0.626,21,0
2701,0,-1,0,5,1,362,0.774,15,0
2702,0,-1,0,5,1,716,0.689,26,0
2703,0,-1,0,5,1,429,0.119,21,0
2704,0,-1,0,5,1,779,0.159,8,0
2705,0,-1,0,5,1,450,-0.167,25,0
2706,0,-1,0,5,1,431,0.208,9,0
2707,0,-1,0,4,1,260,0.332,8,0
2708,0,-1,0,5,1,690,0.308,5,0
2709,0,-1,0,5,1,470,0.83,22,0
2710,0,-1,0,5,1,775,0.059,17,0
2711,0,-1,0,3,1,750,-0.096,10,0
2712,0,-1,0,4,1,283,0.139,28,0
2713,0,-1,0,5,1,786,-0.14,8,0
2714,0,-1,0,5,1,113,0.347,10,0
2715,0,-1,0,4,1,517,0.64,3,0
2716,0,-1,0,4,1,292,0.747,8,0
2717,0,-1,0,5,1,467,0.658,17,0
2718,0,-1,0,4,1,342,0.055,9,0
2719,0,-1,0,4,1,367,0.051,4,0
2720,0,-1,0,5,1,684,-0.061,23,0
2721,0,-1,0,5,1,444,0.966,28,0
2722,0,-1,0,2,1,704,-0.101,16,0
2723,0,-1,0,5,1,206,0.028,20,0
2724,0,-1,0,3,1,516,0.348,28,0
2725,0,-1,0,5,1,769,0.958,5,0
2726,0,-1,0,3,1,490,0.587,6,0
2727,0,-1,0,4,1,502,0.396,5,0
2728,0,-1,0,2,1,543,0.639,18,0
2729,0,-1,0,5,1,395,-0.114,14,0
2730,0,-1,0,4,1,678,0.048,11,0
2731,0,-1,0,5,1,409,-0.055,25,0
2732,0,-1,0,3,1,381,0.343,20,0
2733,0,-1,0,5,1,195,0.743,13,0
2734,0,-1,0,5,1,404,0.831,9,0
2735,0,-1,0,4,1,288,0.768,27,0
2736,0,-1,0,5,1,597,0.619,28,0
2737,0,-1,0,2,1,223,-0.088,14,0
2738,0,-1,0,3,1,277,0.721,8,0
2739,0,-1,0,5,1,697,0.713,22,0
2740,0,-1,0,5,1,476,0.786,6,0
2741,0,-1,0,4,1,699,0.164,17,0
2742,0,-1,0,4,1,678,0.825,2,0
2743,0,-1,0,4,1,160,-0.138,6,0
2744,0,-1,0,5,1,793,0.44,23,0
2745,0,-1,0,4,1,435,0.582,13,0
2746,0,-1,0,1,1,329,0.791,17,0
2747,0,-1,0,4,1,668,0.906,13,0
2748,0,-1,0,5,1,350,0.719,12,0
2749,0,-1,0,3,1,149,0.268,11,0
2750,0,-1,0,5,1,481,0.255,28,0
2751,0,-1,0,4,1,370,0.754,29,0
2752,0,-1,0,5,1,629,-0.128,6,0
2753,0,-1,0,4,1,89,0.04,4,0
2754,0,-1,0,5,1,195,-0.112,25,0
2755,0,-1,0,3,1,376,0.758,26,0
2756,0,-1,0,5,1,762,0.761,5,0
2757,0,-1,0,5,1,724,-0.009,5,0
2758,0,-1,0,5,1,256,0.242,9,0
2759,0,-1,0,4,1,704,0.535,8,0
2760,0,-1,0,5,1,431,0.471,28,0
2761,0,-1,0,5,1,774,0.8,8,0
2762,0,-1,0,5,1,717,0.359,13,0
2763,0,-1,0,5,1,287,-0.051,15,0
2764,0,-1,0,5,1,136,0.027,29,0
2765,0,-1,0,4,1,544,0.091,25,0
2766,0,-1,0,3,1,416,0.755,13,0
2767,0,-1,0,5,1,669,0.57,1,0
2768,0,-1,0,4,1,684,0.804,27,0
2769,0,-1,0,4,1,527,0.97,23,0
2770,0,-1,0,5,1,87,0.018,27,0
2771,0,-1,0,5,1,502,0.693,17,0
2772,0,-1,0,5,1,93,0.112,26,0
2773,0,-1,0,5,1,756,0.413,1,0
2774,0,-1,0,5,1,228,0.292,5,0
2775,0,-1,0,5,1,497,0.049,13,0
2776,0,-1,0,5,1,710,0.314,18,0
2777,0,-1,0,5,1,640,0.012,22,0
2778,0,-1,0,5,1,249,0.932,21,0
2779,0,-1,0,4,1,396,0.614,16,0
2780,0,-1,0,2,1,549,0.11,6,0
2781,0,-1,0,4,1,504,0.268,22,0
2782,0,-1,0,4,1,244,0.698,10,0
2783,0,-1,0,5,1,682,0.609,5,0
2784,0,-1,0,5,1,228,0.633,7,0
2785,0,-1,0,5,1,514,0.311,19,0
2786,0,-1,0,5,1,290,0.326,29,0
2787,0,-1,0,5,1,352,-0.065,27,0
2788,0,-1,0,4,1,729,0.927,13,0
2789,0,-1,0,5,1,382,0.282,4,0
2790,0,-1,0,4,1,523,0.392,14,0
2791,0,-1,0,3,1,353,0.377,16,0
2792,0,-1,0,4,1,467,0.773,10,0
2793,0,-1,0,5,1,783,0.073,21,0
2794,0,-1,0,5,1,50,0.22,28,0
2795,0,-1,0,2,1,521,0.257,24,0
2796,0,-1,0,5,1,630,0.786,29,0
2797,0,-1,0,5,1,526,0.382,28,0
2798,0,-1,0,4,1,301,0.271,9,0
2799,0,-1,0,5,1,244,0.802,18,0
2800,0,-1,0,5,1,515,-0.103,29,0
2801,0,-1,0,2,1,459,0.263,22,0
2802,0,-1,0,3,1,432,0.798,6,0
2803,0,-1,0,3,1,76,0.606,12,0
2804,0,-1,0,4,1,793,0.532,8,0
2805,0,-1,0,5,1,656,0.163,9,0
2806,0,-1,0,5,1,134,0.648,13,0
2807,0,-1,0,5,1,345,0.834,12,0
2808,0,-1,0,5,1,229,0.39,11,0
2809,0,-1,0,4,1,770,0.601,6,0
2810,0,-1,0,5,1,282,0.878,25,0
2811,0,-1,0,5,1,159,0.25,13,0
2812,0,-1,0,4,1,417,0.713,26,0
2813,0,-1,0,5,1,740,0.21,28,0
2814,0,-1,0,4,1,662,0.764,12,0
2815,0,-1,0,3,1,237,0.822,24,0
2816,0,-1,0,5,1,462,0.546,9,0
2817,0,-1,0,3,1,163,0.595,3,0
2818,0,-1,0,5,1,351,0.315,17,0
2819,0,-1,0,4,1,300,0.262,3,0
2820,0,-1,0,5,1,107,0.148,3,0
2821,0,-1,0,5,1,309,0.343,20,0
2822,0,-1,0,5,1,569,0.019,13,0
2823,0,-1,0,4,1,410,0.841,13,0
2824,0,-1,0,4,1,429,0.716,3,0
2825,0,-1,0,4,1,775,0.657,15,0
2826,0,-1,0,3,1,161,0.145,28,0
2827,0,-1,0,5,1,617,0.956,23,0
2828,0,-1,0,5,1,140,0.852,3,0
2829,0,-1,0,5,1,200,0.553,5,0
2830,0,-1,0,4,1,500,0.003,10,0
2831,0,-1,0,4,1,71,0.334,22,0
2832,0,-1,0,3,1,610,0.56,5,0
2833,0,-1,0,5,1,63,0.247,7,0
2834,0,-1,0,3,1,699,0.414,7,0
2835,0,-1,0,5,1,130,0.711,16,0
2836,0,-1,0,4,1,112,-0.079,17,0
2837,0,-1,0,4,1,434,0.373,6,0
2838,0,-1,0,4,1,70,-0.134,7,0
2839,0,-1,0,5,1,277,0.667,29,0
2840,0,-1,0,5,1,684,0.455,13,0
2841,0,-1,0,4,1,638,0.847,2,0
2842,0,-1,0,5,1,144,0.004,5,0
2843,0,-1,0,4,1,142,0.153,13,0
2844,0,-1,0,5,1,299,0.753,27,0
2845,0,-1,0,3,1,764,0.996,6,0
2846,0,-1,0,5,1,783,0.24,21,0
2847,0,-1,0,3,1,458,0.876,1,0
2848,0,-1,0,3,1,628,0.253,20,0
2849,0,-1,0,5,1,587,-0.147,9,0
2850,0,-1,0,3,1,513,-0.184,4,0
2851,0,-1,0,5,1,296,0.642,29,0
2852,0,-1,0,3,1,214,0.386,9,0
2853,0,-1,0,5,1,237,0.071,19,0
2854,0,-1,0,5,1,387,0.749,8,0
2855,0,-1,0,5,1,413,0.614,4,0
2856,0,-1,0,5,1,748,0.471,6,0
2857,0,-1,0,5,1,767,-0.171,29,0
2858,0,-1,0,5,1,699,0.197,26,0
2859,0,-1,0,4,1,733,-0.007,26,0
2860,0,-1,0,4,1,294,-0.187,13,0
2861,0,-1,0,5,1,557,0.021,13,0
2862,0,-1,0,5,1,332,0.798,19,0
2863,0,-1,0,2,1,708,0.52,19,0
2864,0,-1,0,1,1,419,0.462,2,0
2865,0,-1,0,1,1,613,-0.184,24,0
2866,0,-1,0,5,1,547,0.916,24,0
2867,0,-1,0,5,1,725,0.966,14,0
2868,0,-1,0,5,1,654,0.981,26,0
2869,0,-1,0,4,1,86,0.805,16,0
2870,0,-1,0,4,1,649,0.985,3,0
2871,0,-1,0,5,1,581,-0.021,26,0
2872,0,-1,0,3,1,344,0.251,2,0
2873,0,-1,0,5,1,462,0.934,3,0
2874,0,-1,0,4,1,533,0.359,8,0
2875,0,-1,0,5,1,183,0.039,19,0
2876,0,-1,0,1,1,664,0.151,21,0
2877,0,-1,0,5,1,307,0.419,26,0
2878,0,-1,0,2,1,475,0.478,1,0
2879,0,-1,0,5,1,434,0.316,20,0
2880,0,-1,0,5,1,255,0.355,14,0
2881,0,-1,0,5,1,92,0.878,19,0
2882,0,-1,0,3,1,650,0.426,21,0
2883,0,-1,0,5,1,271,0.559,10,0
2884,0,-1,0,5,1,567,0.546,19,0
2885,0,-1,0,5,1,134,0.452,1,0
2886,0,-1,0,5,1,138,0.697,13,0
2887,0,-1,0,4,1,365,0.565,19,0
2888,0,-1,0,5,1,537,-0.199,5,0
2889,0,-1,0,3,1,426,0.538,25,0
2890,0,-1,0,4,1,225,0.718,11,0
2891,0,-1,0,5,1,529,0.421,12,0
2892,0,-1,0,5,1,382,0.735,7,0
2893,0,-1,0,5,1,415,0.599,3,0
2894,0,-1,0,5,1,545,0.197,7,0
2895,0,-1,0,5,1,569,0.365,8,0
2896,0,-1,0,2,1,406,0.159,28,0
2897,0,-1,0,2,1,599,0.882,9,0
2898,0,-1,0,5,1,290,0.177,17,0
2899,0,-1,0,4,1,186,-0.145,15,0
2900,0,-1,0,4,1,98,-0.014,15,0
2901,0,-1,0,2,1,236,0.898,13,0
2902,0,-1,0,3,1,446,0.669,1,0
2903,0,-1,0,5,1,233,0.632,26,0
2904,0,-1,0,3,1,707,-0.029,12,0
2905,0,-1,0,5,1,84,0.988,24,0
2906,0,-1,0,4,1,214,-0.033,17,0
2907,0,-1,0,4,1,93,0.309,5,0
2908,0,-1,0,5,1,109,0.535,4,0
2909,0,-1,0,5,1,204,0.218,12,0
2910,0,-1,0,4,1,52,0.389,1,0
2911,0,-1,0,2,1,631,0.321,15,0
2912,0,-1,0,5,1,476,0.183,2,0
2913,0,-1,0,5,1,214,-0.065,17,0
2914,0,-1,0,4,1,652,0.544,12,0
2915,0,-1,0,4,1,208,0.874,20,0
2916,0,-1,0,4,1,92,0.89,14,0
2917,0,-1,0,5,1,532,0.524,25,0
2918,0,-1,0,5,1,598,0.054,24,0
2919,0,-1,0,4,1,717,0.741,7,0
2920,0,-1,0,4,1,562,0.835,13,0
2921,0,-1,0,5,1,397,0.377,1,0
2922,0,-1,0,5,1,501,0.669,7,0
2923,0,-1,0,1,1,549,-0.084,20,0
2924,0,-1,0,5,1,68,0.177,14,0
2925,0,-1,0,5,1,478,0.243,3,0
2926,0,-1,0,4,1,398,0.144,3,0
2927,0,-1,0,5,1,403,0.212,18,0
2928,0,-1,0,4,1,746,0.735,11,0
2929,0,-1,0,1,1,65,0.75,18,0
2930,0,-1,0,4,1,368,0.618,17,0
2931,0,-1,0,4,1,189,0.124,16,0
2932,0,-1,0,5,1,559,0.372,12,0
2933,0,-1,0,5,1,119,-0.09,19,0
2934,0,-1,0,4,1,273,-0.181,1,0
2935,0,-1,0,5,1,354,0.672,18,0
2936,0,-1,0,5,1,646,0.291,8,0
2937,0,-1,0,3,1,557,0.686,24,0
2938,0,-1,0,5,1,199,0.343,23,0
2939,0,-1,0,5,1,52,0.673,6,0
2940,0,-1,0,2,1,650,0.11,21,0
2941,0,-1,0,5,1,204,0.5,19,0
2942,0,-1,0,3,1,719,0.693,7,0
2943,0,-1,0,5,1,552,0.286,15,0
2944,0,-1,0,4,1,375,0.183,21,0
2945,0,-1,0,5,1,305,-0.065,13,0
2946,0,-1,0,5,1,772,-0.187,5,0
2947,0,-1,0,5,1,746,0.884,20,0
2948,0,-1,0,1,1,587,0.958,9,0
2949,0,-1,0,5,1,91,0.761,8,0
2950,0,-1,0,4,1,417,0.409,12,0
2951,0,-1,0,4,1,684,0.995,15,0
2952,0,-1,0,5,1,65,0.206,28,0
2953,0,-1,0,3,1,492,-0.174,4,0
2954,0,-1,0,3,1,113,0.106,26,0
2955,0,-1,0,3,1,793,0.845,7,0
2956,0,-1,0,4,1,167,0.686,28,0
2957,0,-1,0,3,1,224,-0.081,20,0
2958,0,-1,0,5,1,108,0.591,11,0
2959,0,-1,0,2,1,741,0.85,5,0
2960,0,-1,0,2,1,220,0.491,10,0
2961,0,-1,0,4,1,398,0.465,10,0
2962,0,-1,0,1,1,300,0.364,16,0
2963,0,-1,0,4,1,609,0.721,17,0
2964,0,-1,0,4,1,56,0.745,19,0
2965,0,-1,0,5,1,394,0.083,19,0
2966,0,-1,0,4,1,389,0.79,29,0
2967,0,-1,0,5,1,322,0.262,28,0
2968,0,-1,0,5,1,400,0.987,28,0
2969,0,-1,0,5,1,550,0.29,27,0
2970,0,-1,0,5,1,243,0.257,27,0
2971,0,-1,0,5,1,160,0.429,7,0
2972,0,-1,0,4,1,635,0.372,24,0
2973,0,-1,0,4,1,197,0.932,24,0
2974,0,-1,0,5,1,740,0.824,24,0
2975,0,-1,0,4,1,102,0.788,2,0
2976,0,-1,0,4,1,306,0.093,10,0
2977,0,-1,0,5,1,382,0.248,17,0
2978,0,-1,0,4,1,644,0.616,24,0
2979,0,-1,0,5,1,400,0.194,5,0
2980,0,-1,0,3,1,214,-0.13,3,0
2981,0,-1,0,3,1,470,0.794,2,0
2982,0,-1,0,5,1,95,0.376,12,0
2983,0,-1,0,4,1,534,0.032,18,0
2984,0,-1,0,5,1,406,0.713,27,0
2985,0,-1,0,5,1,606,0.103,12,0
2986,0,-1,0,3,1,768,0.117,21,0
2987,0,-1,0,5,1,549,0.621,8,0
2988,0,-1,0,5,1,668,0.148,4,0
2989,0,-1,0,5,1,109,0.243,21,0
2990,0,-1,0,4,1,715,0.044,7,0
2991,0,-1,0,4,1,305,0.685,16,0
2992,0,-1,0,4,1,680,0.061,10,0
2993,0,-1,0,5,1,373,0.361,7,0
2994,0,-1,0,5,1,187,-0.136,21,0
2995,0,-1,0,5,1,364,0.902,7,0
2996,0,-1,0,5,1,576,-0.008,27,0
2997,0,-1,0,4,1,154,0.675,12,0
2998,0,-1,0,5,1,438,0.147,26,0
2999,0,-1,0,5,1,162,0.093,2,0
3000,0,-1,0,5,1,52,0.758,16,0
3001,0,-1,0,2,1,613,-0.079,23,0
3002,0,-1,0,5,1,343,0.499,20,0
3003,0,-1,0,5,1,718,0.314,21,0
3004,0,-1,0,5,1,694,0.43,4,0
3005,0,-1,0,4,1,152,0.928,10,0
3006,0,-1,0,5,1,199,0.094,19,0
3007,0,-1,0,5,1,520,0.413,12,0
3008,0,-1,0,5,1,384,0.969,12,0
3009,0,-1,0,5,1,155,0.734,16,0
3010,0,-1,0,4,1,663,0.552,24,0
3011,0,-1,0,4,1,367,0.98,4,0
3012,0,-1,0,4,1,64,0.518,19,0
3013,0,-1,0,4,1,187,0.588,19,0
3014,0,-1,0,1,1,240,0.71,18,0
3015,0,-1,0,5,1,447,0.426,21,0
3016,0,-1,0,4,1,751,0.086,23,0
3017,0,-1,0,5,1,433,0.761,11,0
3018,0,-1,0,4,1,755,0.048,21,0
3019,0,-1,0,4,1,698,0.614,1,0
3020,0,-1,0,4,1,449,0.087,19,0
3021,0,-1,0,4,1,658,-0.147,7,0
3022,0,-1,0,5,1,611,0.942,4,0
3023,0,-1,0,5,1,755,0.159,17,0
3024,0,-1,0,5,1,150,0.152,29,0
3025,0,-1,0,5,1,733,-0.189,11,0
3026,0,-1,0,2,1,522,0.174,14,0
3027,0,-1,0,4,1,462,0.521,21,0
3028,0,-1,0,5,1,758,0.306,17,0
3029,0,-1,0,4,1,223,-0.156,16,0
3030,0,-1,0,4,1,298,0.784,2,0
3031,0,-1,0,5,1,535,0.162,1,0
3032,0,-1,0,4,1,288,0.293,5,0
3033,0,-1,0,4,1,405,0.521,9,0
3034,0,-1,0,4,1,213,0.334,28,0
3035,0,-1,0,5,1,525,0.228,13,0
3036,0,-1,0,5,1,336,0.344,1,0
3037,0,-1,0,5,1,277,0.609,26,0
3038,0,-1,0,5,1,624,-0.045,17,0
3039,0,-1,0,3,1,410,-0.1,17,0
3040,0,-1,0,2,1,407,0.054,13,0
3041,0,-1,0,5,1,276,0.489,22,0
3042,0,-1,0,4,1,783,0.347,9,0
3043,0,-1,0,5,1,446,0.12,21,0
3044,0,-1,0,4,1,156,0.353,15,0
3045,0,-1,0,5,1,318,0.944,24,0
3046,0,-1,0,5,1,501,0.247,17,0
3047,0,-1,0,4,1,700,0.761,19,0
3048,0,-1,0,5,1,689,0.117,13,0
3049,0,-1,0,4,1,461,0.273,10,0
3050,0,-1,0,5,1,225,0.117,17,0
3051,0,-1,0,5,1,783,-0.126,2,0
3052,0,-1,0,5,1,542,0.434,17,0
3053,0,-1,0,4,1,91,0.167,3,0
3054,0,-1,0,3,1,523,0.681,12,0
3055,0,-1,0,3,1,713,-0.151,10,0
3056,0,-1,0,3,1,470,0.488,25,0
3057,0,-1,0,4,1,529,0.689,11,0
3058,0,-1,0,5,1,469,0.925,4,0
3059,0,-1,0,5,1,721,0.913,14,0
3060,0,-1,0,5,1,361,0.101,27,0
3061,0,-1,0,5,1,524,0.397,22,0
3062,0,-1,0,2,1,70,0.107,23,0
3063,0,-1,0,4,1,499,0.901,29,0
3064,0,-1,0,5,1,612,-0.093,28,0
3065,0,-1,0,5,1,325,0.225,9,0
3066,0,-1,0,5,1,451,-0.116,5,0
3067,0,-1,0,3,1,510,0.516,24,0
3068,0,-1,0,4,1,696,0.288,18,0
3069,0,-1,0,4,1,303,0.596,21,0
3070,0,-1,0,5,1,714,-0.144,14,0
3071,0,-1,0,3,1,560,-0.046,1,0
3072,0,-1,0,5,1,88,0.077,14,0
3073,0,-1,0,5,1,567,0.796,23,0
3074,0,-1,0,2,1,735,0.292,4,0
3075,0,-1,0,5,1,62,0.586,23,0
3076,0,-1,0,4,1,361,0.631,20,0
3077,0,-1,0,1,1,774,-0.115,16,0
3078,0,-1,0,5,1,781,0.704,1,0
3079,0,-1,0,4,1,274,0.134,1,0
3080,0,-1,0,4,1,274,0.142,1,0
3081,0,-1,0,4,1,611,0.073,29,0
3082,0,-1,0,5,1,770,0.777,17,0
3083,0,-1,0,5,1,687,-0.081,28,0
3084,0,-1,0,5,1,110,0.987,18,0
3085,0,-1,0,4,1,231,0.637,17,0
3086,0,-1,0,5,1,95,0.961,28,0
3087,0,-1,0,5,1,259,0.89,12,0
3088,0,-1,0,3,1,148,0.607,9,0
3089,0,-1,0,4,1,742,0.404,3,0
3090,0,-1,0,5,1,391,0.737,24,0
3091,0,-1,0,4,1,179,0.413,25,0
3092,0,-1,0,5,1,484,0.616,9,0
3093,0,-1,0,5,1,399,0.628,8,0
3094,0,-1,0,5,1,734,0.884,2,0
3095,0,-1,0,5,1,624,0.517,10,0
3096,0,-1,0,1,1,381,0.163,6,0
3097,0,-1,0,5,1,743,-0.195,24,0
3098,0,-1,0,5,1,231,-0.004,9,0
3099,0,-1,0,5,1,152,0.136,6,0
3100,0,-1,0,2,1,217,0.879,21,0
3101,0,-1,0,4,1,471,0.961,22,0
3102,0,-1,0,4,1,733,0.682,14,0
3103,0,-1,0,4,1,424,-0.137,10,0
3104,0,-1,0,5,1,491,0.935,25,0
3105,0,-1,0,5,1,620,0.667,26,0
3106,0,-1,0,4,1,224,0.652,5,0
3107,0,-1,0,3,1,178,0.251,13,0
3108,0,-1,0,5,1,297,0.658,8,0
3109,0,-1,0,5,1,189,0.568,14,0
3110,0,-1,0,3,1,761,0.656,16,0
3111,0,-1,0,5,1,593,0.461,14,0
3112,0,-1,0,5,1,360,0.392,8,0
3113,0,-1,0,2,1,516,0.402,6,0
3114,0,-1,0,5,1,312,0.676,24,0
3115,0,-1,0,5,1,366,0.326,21,0
3116,0,-1,0,4,1,778,0.594,26,0
3117,0,-1,0,5,1,264,0.871,18,0
3118,0,-1,0,5,1,454,0.134,29,0
3119,0,-1,0,4,1,703,0.871,28,0
3120,0,-1,0,3,1,730,0.355,7,0
3121,0,-1,0,5,1,553,0.364,20,0
3122,0,-1,0,2,1,697,0.209,3,0
3123,0,-1,0,4,1,300,0.263,9,0
3124,0,-1,0,2,1,324,0.171,27,0
3125,0,-1,0,3,1,355,-0.03,12,0
3126,0,-1,0,4,1,304,-0.085,26,0
3127,0,-1,0,4,1,469,0.22,11,0
3128,0,-1,0,5,1,202,-0.026,26,0
3129,0,-1,0,5,1,227,0.708,22,0
3130,0,-1,0,5,1,446,0.449,25,0
3131,0,-1,0,4,1,274,-0.011,25,0
3132,0,-1,0,5,1,76,0.335,13,0
3133,0,-1,0,1,1,576,0.008,22,0
3134,0,-1,0,4,1,75,0.9,10,0
3135,0,-1,0,3,1,671,0.088,27,0
3136,0,-1,0,1,1,373,0.556,3,0
3137,0,-1,0,4,1,439,-0.129,21,0
3138,0,-1,0,5,1,593,0.744,22,0
3139,0,-1,0,4,1,539,0.479,4,0
3140,0,-1,0,5,1,656,0.016,10,0
3141,0,-1,0,4,1,270,0.366,18,0
3142,0,-1,0,4,1,479,-0.198,7,0
3143,0,-1,0,4,1,314,0.793,21,0
3144,0,-1,0,3,1,737,0.37,25,0
3145,0,-1,0,5,1,432,0.154,27,0
3146,0,-1,0,4,1,596,0.976,5,0
3147,0,-1,0,3,1,326,0.552,24,0
3148,0,-1,0,5,1,608,0.268,18,0
3149,0,-1,0,5,1,56,0.948,10,0
3150,0,-1,0,5,1,668,0.183,25,0
3151,0,-1,0,5,1,347,-0.092,7,0
3152,0,-1,0,5,1,163,0.68,8,0
3153,0,-1,0,5,1,228,0.088,21,0
3154,0,-1,0,3,1,645,0.416,10,0
3155,0,-1,0,5,1,201,0.685,19,0
3156,0,-1,0,4,1,166,-0.096,21,0
3157,0,-1,0,4,1,608,-0.179,23,0
3158,0,-1,0,4,1,67,0.302,1,0
3159,0,-1,0,5,1,736,0.973,3,0
3160,0,-1,0,5,1,398,0.439,17,0
3161,0,-1,0,5,1,465,0.63,20,0
3162,0,-1,0,4,1,185,0.159,27,0
3163,0,-1,0,4,1,778,0.949,19,0
3164,0,-1,0,4,1,648,0.643,19,0
3165,0,-1,0,4,1,597,0.133,19,0
3166,0,-1,0,4,1,275,0.659,21,0
3167,0,-1,0,5,1,87,0.53,18,0
3168,0,-1,0,4,1,297,0.717,24,0
3169,0,-1,0,5,1,718,0.148,26,0
3170,0,-1,0,5,1,287,0.659,23,0
3171,0,-1,0,5,1,267,0.644,23,0
3172,0,-1,0,5,1,613,-0.04,12,0
3173,0,-1,0,4,1,213,0.521,5,0
3174,0,-1,0,5,1,574,0.969,27,0
3175,0,-1,0,5,1,382,0.572,6,0
3176,0,-1,0,5,1,154,0.898,12,0
3177,0,-1,0,4,1,314,0.553,3,0
3178,0,-1,0,5,1,313,0.71,6,0
3179,0,-1,0,5,1,500,0.622,5,0
3180,0,-1,0,5,1,625,0.666,10,0
3181,0,-1,0,4,1,463,0.111,10,0
3182,0,-1,0,2,1,619,0.232,26,0
3183,0,-1,0,4,1,55,-0.174,29,0
3184,0,-1,0,5,1,679,0.386,1,0
3185,0,-1,0,4,1,302,0.736,26,0
3186,0,-1,0,5,1,275,0.035,2,0
3187,0,-1,0,4,1,362,-0.088,5,0
3188,0,-1,0,5,1,143,0.109,16,0
3189,0,-1,0,4,1,567,-0.068,12,0
3190,0,-1,0,4,1,591,0.191,16,0
3191,0,-1,0,5,1,209,0.2,6,0
3192,0,-1,0,5,1,739,0.168,7,0
3193,0,-1,0,4,1,315,0.101,17,0
3194,0,-1,0,4,1,773,0.827,29,0
3195,0,-1,0,3,1,372,0.249,2,0
3196,0,-1,0,5,1,519,-0.059,28,0
3197,0,-1,0,2,1,174,0.319,8,0
3198,0,-1,0,4,1,387,-0.118,22,0
3199,0,-1,0,5,1,508,0.634,23,0
3200,0,-1,0,5,1,735,0.422,13,0
3201,0,-1,0,5,1,125,0.312,23,0
3202,0,-1,0,5,1,87,0.804,5,0
3203,0,-1,0,4,1,694,0.65,3,0
3204,0,-1,0,5,1,448,0.185,4,0
3205,0,-1,0,5,1,496,0.971,5,0
3206,0,-1,0,4,1,139,0.012,8,0
3207,0,-1,0,5,1,446,0.862,10,0
3208,0,-1,0,4,1,226,0.731,24,0
3209,0,-1,0,2,1,588,0.227,5,0
3210,0,-1,0,4,1,314,0.625,14,0
3211,0,-1,0,5,1,661,0.979,24,0
3212,0,-1,0,4,1,729,0.067,23,0
3213,0,-1,0,1,1,708,-0.133,3,0
3214,0,-1,0,5,1,760,0.857,18,0
3215,0,-1,0,5,1,272,0.953,2,0
3216,0,-1,0,5,1,103,0.723,18,0
3217,0,-1,0,5,1,574,-0.19,28,0
3218,0,-1,0,3,1,727,0.342,20,0
3219,0,-1,0,5,1,716,0.728,6,0
3220,0,-1,0,4,1,417,-0.005,27,0
3221,0,-1,0,5,1,265,0.544,2,0
3222,0,-1,0,5,1,170,0.407,25,0
3223,0,-1,0,5,1,58,0.667,16,0
3224,0,-1,0,2,1,698,0.535,24,0
3225,0,-1,0,2,1,780,0.706,23,0
3226,0,-1,0,5,1,447,0.223,12,0
3227,0,-1,0,2,1,341,0.777,6,0
3228,0,-1,0,1,1,670,0.272,18,0
3229,0,-1,0,5,1,778,0.517,21,0
3230,0,-1,0,3,1,697,0.801,1,0
3231,0,-1,0,5,1,673,0.187,9,0
3232,0,-1,0,5,1,541,0.217,12,0
3233,0,-1,0,3,1,666,0.576,23,0
3234,0,-1,0,5,1,613,-0.11,27,0
3235,0,-1,0,5,1,695,0.069,10,0
3236,0,-1,0,5,1,606,0.309,18,0
3237,0,-1,0,5,1,621,0.342,4,0
3238,0,-1,0,3,1,367,-0.148,16,0
3239,0,-1,0,5,1,484,0.483,9,0
3240,0,-1,0,2,1,620,0.759,8,0
3241,0,-1,0,4,1,646,0.826,19,0
3242,0,-1,0,2,1,52,0.904,6,0
3243,0,-1,0,5,1,579,0.187,26,0
3244,0,-1,0,4,1,699,0.965,10,0
3245,0,-1,0,4,1,769,0.922,1,0
3246,0,-1,0,5,1,67,0.18,22,0
3247,0,-1,0,5,1,302,0.494,16,0
3248,0,-1,0,4,1,455,0.176,18,0
3249,0,-1,0,5,1,278,-0.142,19,0
3250,0,-1,0,4,1,320,0.729,14,0
3251,0,-1,0,5,1,242,0.038,25,0
3252,0,-1,0,5,1,108,0.124,5,0
3253,0,-1,0,4,1,331,0.524,26,0
3254,0,-1,0,2,1,795,0.307,23,0
3255,0,-1,0,5,1,557,0.787,12,0
3256,0,-1,0,3,1,752,0.003,11,0
3257,0,-1,0,2,1,514,0.159,28,0
3258,0,-1,0,4,1,242,0.392,2,0
3259,0,-1,0,4,1,768,0.886,16,0
3260,0,-1,0,3,1,83,-0.037,29,0
3261,0,-1,0,5,1,794,0.855,25,0
3262,0,-1,0,2,1,449,0.493,20,0
3263,0,-1,0,5,1,325,0.812,22,0
3264,0,-1,0,1,1,626,0.506,4,0
3265,0,-1,0,5,1,105,0.442,7,0
3266,0,-1,0,5,1,791,-0.067,15,0
3267,0,-1,0,4,1,508,0.779,15,0
3268,0,-1,0,5,1,120,0.126,18,0
3269,0,-1,0,4,1,511,0.111,28,0
3270,0,-1,0,5,1,684,-0.01,16,0
3271,0,-1,0,4,1,166,0.627,2,0
3272,0,-1,0,4,1,423,0.343,6,0
3273,0,-1,0,5,1,356,0.539,14,0
3274,0,-1,0,5,1,301,0.655,2,0
3275,0,-1,0,5,1,577,-0.044,11,0
3276,0,-1,0,5,1,645,0.66,25,0
3277,0,-1,0,4,1,245,0.703,22,0
3278,0,-1,0,4,1,158,0.956,17,0
3279,0,-1,0,3,1,537,0.4,22,0
3280,0,-1,0,4,1,554,0.127,19,0
3281,0,-1,0,5,1,279,0.057,24,0
3282,0,-1,0,4,1,252,0.426,6,0
3283,0,-1,0,5,1,108,0.939,5,0
3284,0,-1,0,4,1,302,0.135,2,0
3285,0,-1,0,5,1,617,0.788,15,0
3286,0,-1,0,4,1,631,0.665,15,0
3287,0,-1,0,3,1,379,0.722,8,0
3288,0,-1,0,5,1,305,0.486,25,0
3289,0,-1,0,4,1,733,0.042,19,0
3290,0,-1,0,5,1,798,0.952,18,0
3291,0,-1,0,3,1,285,-0.165,18,0
3292,0,-1,0,4,1,382,0.237,25,0
3293,0,-1,0,4,1,565,0.234,16,0
3294,0,-1,0,5,1,366,0.587,14,0
3295,0,-1,0,4,1,341,0.686,12,0
3296,0,-1,0,4,1,638,0.814,3,0
3297,0,-1,0,5,1,694,0.462,7,0
3298,0,-1,0,1,1,598,0.03,18,0
3299,0,-1,0,5,1,542,0.701,4,0
3300,0,-1,0,2,1,126,-0.104,6,0
3301,0,-1,0,5,1,352,0.592,19,0
3302,0,-1,0,4,1,233,0.962,2,0
3303,0,-1,0,2,1,549,0.579,12,0
3304,0,-1,0,5,1,294,0.61,26,0
3305,0,-1,0,4,1,366,0.678,26,0
3306,0,-1,0,5,1,598,-0.142,18,0
3307,0,-1,0,5,1,239,0.119,1,0
3308,0,-1,0,5,1,319,0.471,14,0
3309,0,-1,0,4,1,217,0.007,13,0
3310,0,-1,0,4,1,523,0.112,14,0
3311,0,-1,0,5,1,167,0.089,16,0
3312,0,-1,0,4,1,298,0.979,2,0
3313,0,-1,0,4,1,475,0.962,14,0
3314,0,-1,0,5,1,742,0.777,21,0
3315,0,-1,0,5,1,792,0.413,7,0
3316,0,-1,0,4,1,240,0.275,12,0
3317,0,-1,0,5,1,217,0.208,9,0
3318,0,-1,0,5,1,670,0.464,21,0
3319,0,-1,0,4,1,442,0.112,17,0
3320,0,-1,0,4,1,366,0.949,10,0
3321,0,-1,0,3,1,127,0.34,1,0
3322,0,-1,0,5,1,253,0.289,12,0
3323,0,-1,0,5,1,796,0.052,4,0
3324,0,-1,0,5,1,720,0.505,23,0
3325,0,-1,0,5,1,80,0.816,20,0
3326,0,-1,0,4,1,427,0.396,5,0
3327,0,-1,0,2,1,371,0.447,13,0
3328,0,-1,0,4,1,55,0.731,7,0
3329,0,-1,0,5,1,574,0.4,24,0
3330,0,-1,0,4,1,672,0.388,26,0
3331,0,-1,0,4,1,430,-0.165,14,0
3332,0,-1,0,5,1,112,0.705,4,0
3333,0,-1,0,5,1,401,0.561,12,0
3334,0,-1,0,5,1,248,0.513,12,0
3335,0,-1,0,4,1,534,0.701,12,0
3336,0,-1,0,5,1,500,-0.014,8,0
3337,0,-1,0,5,1,430,0.012,1,0
3338,0,-1,0,5,1,654,-0.162,22,0
3339,0,-1,0,4,1,412,0.21,12,0
3340,0,-1,0,5,1,420,0.855,3,0
3341,0,-1,0,3,1,721,0.538,11,0
3342,0,-1,0,5,1,736,0.154,3,0
3343,0,-1,0,4,1,290,0.546,15,0
3344,0,-1,0,4,1,331,0.934,1,0
3345,0,-1,0,5,1,486,0.065,19,0
3346,0,-1,0,4,1,383,-0.193,11,0
3347,0,-1,0,5,1,454,0.362,19,0
3348,0,-1,0,5,1,541,0.629,28,0
3349,0,-1,0,3,1,524,-0.097,27,0
3350,0,-1,0,4,1,614,0.495,8,0
3351,0,-1,0,5,1,776,-0.042,2,0
3352,0,-1,0,5,1,690,0.026,26,0
3353,0,-1,0,5,1,758,0.021,17,0
3354,0,-1,0,4,1,638,0.731,1,0
3355,0,-1,0,4,1,781,0.9,20,0
3356,0,-1,0,4,1,378,0.121,3,0
3357,0,-1,0,4,1,238,0.051,12,0
3358,0,-1,0,5,1,436,0.19,8,0
3359,0,-1,0,4,1,799,-0.043,16,0
3360,0,-1,0,4,1,217,0.37,9,0
3361,0,-1,0,5,1,402,0.851,3,0
3362,0,-1,0,2,1,434,0.219,12,0
3363,0,-1,0,5,1,725,0.235,24,0
3364,0,-1,0,5,1,344,0.589,9,0
3365,0,-1,0,2,1,281,0.174,23,0
3366,0,-1,0,4,1,150,0.363,26,0
3367,0,-1,0,5,1,662,0.855,9,0
3368,0,-1,0,3,1,653,0.696,12,0
3369,0,-1,0,4,1,374,0.611,16,0
3370,0,-1,0,5,1,725,0.104,5,0
3371,0,-1,0,3,1,54,0.597,13,0
3372,0,-1,0,2,1,151,0.152,12,0
3373,0,-1,0,5,1,72,-0.146,2,0
3374,0,-1,0,4,1,581,-0.109,22,0
3375,0,-1,0,4,1,793,0.161,12,0
3376,0,-1,0,5,1,422,-0.03,15,0
3377,0,-1,0,3,1,343,0.277,17,0
3378,0,-1,0,4,1,539,0.803,29,0
3379,0,-1,0,5,1,769,0.366,4,0
3380,0,-1,0,5,1,340,0.087,3,0
3381,0,-1,0,5,1,270,0.656,18,0
3382,0,-1,0,5,1,422,0.737,2,0
3383,0,-1,0,5,1,567,-0.134,18,0
3384,0,-1,0,5,1,711,0.244,12,0
3385,0,-1,0,5,1,240,0.057,15,0
3386,0,-1,0,4,1,60,0.58,14,0
3387,0,-1,0,5,1,63,0.735,16,0
3388,0,-1,0,4,1,649,-0.139,3,0
3389,0,-1,0,5,1,663,0.31,16,0
3390,0,-1,0,4,1,276,0.646,12,0
3391,0,-1,0,4,1,551,0.174,23,0
3392,0,-1,0,4,1,410,0.652,1,0
3393,0,-1,0,4,1,679,0.656,19,0
3394,0,-1,0,5,1,673,0.851,4,0
3395,0,-1,0,5,1,327,0.331,25,0
3396,0,-1,0,5,1,595,0.022,22,0
3397,0,-1,0,4,1,505,-0.18,24,0
3398,0,-1,0,5,1,62,-0.009,10,0
3399,0,-1,0,3,1,305,-0.199,21,0
3400,0,-1,0,3,1,351,0.092,2,0
3401,0,-1,0,5,1,785,0.609,15,0
3402,0,-1,0,1,1,797,-0.086,14,0
3403,0,-1,0,5,1,354,0.269,4,0
3404,0,-1,0,5,1,493,0.531,4,0
3405,0,-1,0,4,1,217,0.99,29,0
3406,0,-1,0,5,1,665,0.646,6,0
3407,0,-1,0,1,1,794,-0.022,2,0
3408,0,-1,0,3,1,546,-0.061,18,0
3409,0,-1,0,5,1,487,0.256,18,0
3410,0,-1,0,4,1,575,-0.01,1,0
3411,0,-1,0,4,1,445,0.056,23,0
3412,0,-1,0,5,1,474,0.693,28,0
3413,0,-1,0,5,1,261,0.246,7,0
3414,0,-1,0,5,1,94,0.399,13,0
3415,0,-1,0,2,1,372,0.881,29,0
3416,0,-1,0,5,1,252,0.393,7,0
3417,0,-1,0,4,1,510,0.166,24,0
3418,0,-1,0,5,1,419,-0.096,19,0
3419,0,-1,0,1,1,208,0.482,22,0
3420,0,-1,0,5,1,51,0.352,17,0
3421,0,-1,0,5,1,734,0.375,7,0
3422,0,-1,0,5,1,391,0.337,15,0
3423,0,-1,0,2,1,548,0.698,28,0
3424,0,-1,0,4,1,603,0.726,27,0
3425,0,-1,0,4,1,396,0.335,23,0
3426,0,-1,0,5,1,294,0.446,6,0
3427,0,-1,0,4,1,210,0.581,29,0
3428,0,-1,0,4,1,605,0.888,20,0
3429,0,-1,0,3,1,403,0.418,7,0
3430,0,-1,0,5,1,529,0.587,12,0
3431,0,-1,0,4,1,269,0.652,12,0
3432,0,-1,0,5,1,359,0.68,3,0
3433,0,-1,0,4,1,794,0.289,20,0
3434,0,-1,0,5,1,793,0.729,26,0
3435,0,-1,0,5,1,707,0.865,4,0
3436,0,-1,0,5,1,645,0.597,26,0
3437,0,-1,0,2,1,672,-0.13,10,0
3438,0,-1,0,5,1,709,0.417,3,0
3439,0,-1,0,4,1,608,-0.045,13,0
3440,0,-1,0,1,1,577,0.57,9,0
3441,0,-1,0,4,1,259,0.358,7,0
3442,0,-1,0,5,1,119,0.979,11,0
3443,0,-1,0,5,1,765,0.956,26,0
3444,0,-1,0,5,1,666,0.571,18,0
3445,0,-1,0,4,1,668,0.465,9,0
3446,0,-1,0,4,1,773,0.644,29,0
3447,0,-1,0,4,1,711,-0.188,18,0
3448,0,-1,0,3,1,258,-0.144,28,0
3449,0,-1,0,3,1,221,0.166,2,0
3450,0,-1,0,4,1,302,0.369,6,0
3451,0,-1,0,3,1,668,0.043,24,0
3452,0,-1,0,5,1,258,0.068,28,0
3453,0,-1,0,3,1,676,0.51,16,0
3454,0,-1,0,4,1,614,0.69,20,0
3455,0,-1,0,4,1,719,0.661,4,0
3456,0,-1,0,5,1,500,-0.194,16,0
3457,0,-1,0,5,1,603,-0.066,13,0
3458,0,-1,0,5,1,304,0.431,21,0
3459,0,-1,0,4,1,145,0.085,28,0
3460,0,-1,0,5,1,361,-0.138,19,0
3461,0,-1,0,5,1,672,0.029,4,0
3462,0,-1,0,5,1,256,0.165,19,0
3463,0,-1,0,4,1,600,0.494,24,0
3464,0,-1,0,5,1,681,-0.114,11,0
3465,0,-1,0,1,1,224,0.458,28,0
3466,0,-1,0,2,1,585,0.41,7,0
3467,0,-1,0,4,1,383,0.506,3,0
3468,0,-1,0,4,1,264,-0.158,15,0
3469,0,-1,0,5,1,99,-0.052,24,0
3470,0,-1,0,5,1,672,0.099,29,0
3471,0,-1,0,5,1,667,0.61,5,0
3472,0,-1,0,5,1,428,0.177,26,0
3473,0,-1,0,5,1,560,0.896,14,0
3474,0,-1,0,5,1,73,-0.144,24,0
3475,0,-1,0,5,1,492,-0.025,20,0
3476,0,-1,0,3,1,270,0.218,6,0
3477,0,-1,0,4,1,793,-0.023,4,0
3478,0,-1,0,4,1,476,0.06,20,0
3479,0,-1,0,4,1,119,0.737,16,0
3480,0,-1,0,5,1,660,0.337,4,0
3481,0,-1,0,5,1,610,0.249,4,0
3482,0,-1,0,5,1,566,0.904,25,0
3483,0,-1,0,5,1,84,-0.116,22,0
3484,0,-1,0,4,1,684,0.515,15,0
3485,0,-1,0,1,1,655,0.494,15,0
3486,0,-1,0,3,1,94,0.096,14,0
3487,0,-1,0,4,1,768,0.229,28,0
3488,0,-1,0,4,1,427,0.503,1,0
3489,0,-1,0,5,1,140,0.346,14,0
3490,0,-1,0,5,1,720,0.218,20,0
3491,0,-1,0,5,1,628,0.09,21,0
3492,0,-1,0,5,1,138,0.7,15,0
3493,0,-1,0,1,1,394,0.921,5,0
3494,0,-1,0,3,1,425,0.931,23,0
3495,0,-1,0,5,1,375,0.775,17,0
3496,0,-1,0,4,1,185,0.723,25,0
3497,0,-1,0,4,1,540,-0.125,2,0
3498,0,-1,0,5,1,719,0.837,3,0
3499,0,-1,0,4,1,61,0.678,27,0
3500,0,-1,0,5,1,786,0.023,14,0
3501,0,-1,0,3,1,139,0.404,27,0
3502,0,-1,0,5,1,585,0.247,17,0
3503,0,-1,0,4,1,259,0.009,29,0
3504,0,-1,0,2,1,116,0.504,16,0
3505,0,-1,0,5,1,594,0.642,10,0
3506,0,-1,0,5,1,215,0.758,17,0
3507,0,-1,0,5,1,568,0.73,12,0
3508,0,-1,0,4,1,539,0.177,6,0
3509,0,-1,0,5,1,294,-0.029,9,0
3510,0,-1,0,5,1,322,0.512,24,0
3511,0,-1,0,2,1,161,-0.059,19,0
3512,0,-1,0,5,1,585,0.494,28,0
3513,0,-1,0,3,1,184,0.048,10,0
3514,0,-1,0,5,1,275,0.9,1,0
3515,0,-1,0,4,1,130,0.349,9,0
3516,0,-1,0,4,1,71,0.738,24,0
3517,0,-1,0,3,1,148,-0.185,21,0
3518,0,-1,0,5,1,357,-0.165,10,0
3519,0,-1,0,5,1,721,0.7,29,0
3520,0,-1,0,4,1,522,0.936,11,0
3521,0,-1,0,4,1,352,0.626,5,0
3522,0,-1,0,5,1,474,-0.178,7,0
3523,0,-1,0,5,1,793,0.512,22,0
3524,0,-1,0,5,1,259,-0.143,12,0
3525,0,-1,0,4,1,574,-0.105,3,0
3526,0,-1,0,5,1,612,0.628,29,0
3527,0,-1,0,5,1,453,0.411,12,0
3528,0,-1,0,3,1,496,0.658,13,0
3529,0,-1,0,4,1,710,0.257,24,0
3530,0,-1,0,3,1,118,0.035,17,0
3531,0,-1,0,5,1,769,-0.118,4,0
3532,0,-1,0,4,1,204,0.228,9,0
3533,0,-1,0,1,1,686,0.724,3,0
3534,0,-1,0,4,1,170,0.126,4,0
3535,0,-1,0,3,1,139,-0.192,19,0
3536,0,-1,0,5,1,654,-0.074,23,0
3537,0,-1,0,4,1,109,-0.037,27,0
3538,0,-1,0,4,1,66,-0.026,17,0
3539,0,-1,0,5,1,677,0.795,22,0
3540,0,-1,0,5,1,66,0.022,14,0
3541,0,-1,0,2,1,183,-0.168,24,0
3542,0,-1,0,5,1,623,-0.192,12,0
3543,0,-1,0,2,1,798,0.164,10,0
3544,0,-1,0,2,1,410,0.496,25,0
3545,0,-1,0,3,1,180,0.793,18,0
3546,0,-1,0,4,1,797,0.941,14,0
3547,0,-1,0,5,1,507,0.42,8,0
3548,0,-1,0,5,1,144,-0.146,2,0
3549,0,-1,0,4,1,364,-0.057,2,0
3550,0,-1,0,4,1,594,0.865,3,0
3551,0,-1,0,3,1,243,0.919,14,0
3552,0,-1,0,5,1,360,0.741,20,0
3553,0,-1,0,5,1,390,0.34,20,0
3554,0,-1,0,4,1,507,0.967,16,0
3555,0,-1,0,5,1,64,0.759,20,0
3556,0,-1,0,4,1,610,0.048,3,0
3557,0,-1,0,5,1,71,0.044,25,0
3558,0,-1,0,5,1,270,0.316,6,0
3559,0,-1,0,5,1,593,0.954,27,0
3560,0,-1,0,1,1,654,0.781,4,0
3561,0,-1,0,4,1,594,0.962,14,0
3562,0,-1,0,4,1,440,0.86,19,0
3563,0,-1,0,4,1,279,0.773,15,0
3564,0,-1,0,5,1,679,0.953,17,0
3565,0,-1,0,4,1,778,0.874,10,0
3566,0,-1,0,5,1,463,0.28,28,0
3567,0,-1,0,4,1,121,-0.111,17,0
3568,0,-1,0,4,1,621,0.065,29,0
3569,0,-1,0,4,1,638,0.652,4,0
3570,0,-1,0,5,1,640,0.49,9,0
3571,0,-1,0,3,1,181,0.548,22,0
3572,0,-1,0,2,1,660,-0.197,12,0
3573,0,-1,0,3,1,716,0.135,6,0
3574,0,-1,0,5,1,70,0.589,22,0
3575,0,-1,0,5,1,272,0.081,4,0
3576,0,-1,0,5,1,418,-0.041,15,0
3577,0,-1,0,4,1,232,-0.029,7,0
3578,0,-1,0,2,1,126,-0.112,9,0
3579,0,-1,0,4,1,154,0.039,19,0
3580,0,-1,0,5,1,100,0.849,19,0
3581,0,-1,0,5,1,494,0.786,28,0
3582,0,-1,0,4,1,375,0.255,26,0
3583,0,-1,0,3,1,221,1.0,18,0
3584,0,-1,0,1,1,539,0.491,16,0
3585,0,-1,0,5,1,109,0.15,14,0
3586,0,-1,0,2,1,298,0.792,4,0
3587,0,-1,0,4,1,575,0.13,27,0
3588,0,-1,0,1,1,62,0.782,21,0
3589,0,-1,0,5,1,486,-0.157,8,0
3590,0,-1,0,5,1,199,0.81,3,0
3591,0,-1,0,5,1,246,0.345,15,0
3592,0,-1,0,4,1,386,0.053,3,0
3593,0,-1,0,1,1,721,0.66,24,0
3594,0,-1,0,2,1,380,0.094,15,0
3595,0,-1,0,5,1,467,0.596,4,0
3596,0,-1,0,4,1,708,0.035,29,0
3597,0,-1,0,3,1,155,0.663,29,0
3598,0,-1,0,4,1,255,0.968,19,0
3599,0,-1,0,5,1,220,0.886,22,0
3600,0,-1,0,2,1,657,0.89,11,0
3601,0,-1,0,5,1,137,0.402,1,0
3602,0,-1,0,4,1,486,0.642,16,0
3603,0,-1,0,5,1,732,0.999,25,0
3604,0,-1,0,4,1,307,-0.184,3,0
3605,0,-1,0,3,1,93,0.005,8,0
3606,0,-1,0,4,1,598,0.526,27,0
3607,0,-1,0,5,1,660,0.006,4,0
3608,0,-1,0,2,1,394,0.127,20,0
3609,0,-1,0,5,1,538,0.904,12,0
3610,0,-1,0,5,1,592,0.841,17,0
3611,0,-1,0,5,1,352,-0.048,14,0
3612,0,-1,0,5,1,348,0.847,5,0
3613,0,-1,0,2,1,454,-0.122,20,0
3614,0,-1,0,2,1,659,0.659,29,0
3615,0,-1,0,5,1,270,0.723,13,0
3616,0,-1,0,4,1,743,0.709,12,0
3617,0,-1,0,5,1,117,-0.124,17,0
3618,0,-1,0,2,1,178,-0.11,5,0
3619,0,-1,0,4,1,101,0.108,3,0
3620,0,-1,0,5,1,111,-0.171,19,0
3621,0,-1,0,4,1,787,0.274,28,0
3622,0,-1,0,2,1,344,0.741,20,0
3623,0,-1,0,3,1,302,0.471,12,0
3624,0,-1,0,4,1,509,-0.144,5,0
3625,0,-1,0,5,1,417,0.37,26,0
3626,0,-1,0,1,1,504,0.994,8,0
3627,0,-1,0,5,1,708,0.839,6,0
3628,0,-1,0,4,1,182,0.514,14,0
3629,0,-1,0,4,1,608,-0.046,16,0
3630,0,-1,0,5,1,789,0.162,22,0
3631,0,-1,0,5,1,751,0.494,27,0
3632,0,-1,0,4,1,317,0.355,5,0
3633,0,-1,0,1,1,340,0.061,25,0
3634,0,-1,0,4,1,711,0.958,10,0
3635,0,-1,0,5,1,617,0.519,5,0
3636,0,-1,0,5,1,452,0.834,13,0
3637,0,-1,0,4,1,101,0.85,10,0
3638,0,-1,0,3,1,127,0.726,1,0
3639,0,-1,0,3,1,328,-0.049,6,0
3640,0,-1,0,5,1,164,0.714,11,0
3641,0,-1,0,3,1,577,0.009,16,0
3642,0,-1,0,5,1,523,-0.113,22,0
3643,0,-1,0,5,1,135,0.64,20,0
3644,0,-1,0,5,1,402,0.251,23,0
3645,0,-1,0,5,1,177,-0.115,26,0
3646,0,-1,0,3,1,335,0.505,5,0
3647,0,-1,0,5,1,298,0.234,22,0
3648,0,-1,0,2,1,466,0.821,28,0
3649,0,-1,0,5,1,618,-0.133,28,0
3650,0,-1,0,1,1,480,-0.196,13,0
3651,0,-1,0,4,1,304,0.884,21,0
3652,0,-1,0,5,1,694,0.723,1,0
3653,0,-1,0,5,1,438,-0.02,16,0
3654,0,-1,0,1,1,466,-0.146,29,0
3655,0,-1,0,3,1,554,0.953,17,0
3656,0,-1,0,4,1,486,-0.139,17,0
3657,0,-1,0,5,1,86,0.626,8,0
3658,0,-1,0,5,1,614,0.41,6,0
3659,0,-1,0,4,1,260,0.327,18,0
3660,0,-1,0,4,1,201,0.243,14,0
3661,0,-1,0,5,1,375,0.017,25,0
3662,0,-1,0,4,1,705,0.383,2,0
3663,0,-1,0,5,1,650,0.177,8,0
3664,0,-1,0,4,1,511,0.05,26,0
3665,0,-1,0,5,1,517,0.367,21,0
3666,0,-1,0,5,1,787,0.822,29,0
3667,0,-1,0,5,1,270,0.063,4,0
3668,0,-1,0,5,1,305,0.812,24,0
3669,0,-1,0,3,1,205,0.751,15,0
3670,0,-1,0,5,1,94,-0.153,14,0
3671,0,-1,0,5,1,320,0.748,24,0
3672,0,-1,0,3,1,576,0.606,25,0
3673,0,-1,0,5,1,242,0.877,7,0
3674,0,-1,0,2,1,243,-0.063,19,0
3675,0,-1,0,3,1,229,-0.055,2,0
3676,0,-1,0,5,1,426,0.339,17,0
3677,0,-1,0,1,1,684,0.547,15,0
3678,0,-1,0,5,1,657,0.673,1,0
3679,0,-1,0,5,1,444,0.677,11,0
3680,0,-1,0,5,1,514,0.751,10,0
3681,0,-1,0,5,1,451,0.37,2,0
3682,0,-1,0,5,1,263,-0.067,7,0
3683,0,-1,0,3,1,657,0.022,16,0
3684,0,-1,0,5,1,554,0.125,28,0
3685,0,-1,0,5,1,82,0.07,28,0
3686,0,-1,0,5,1,187,0.786,26,0
3687,0,-1,0,4,1,117,-0.193,18,0
3688,0,-1,0,5,1,555,-0.188,3,0
3689,0,-1,0,4,1,183,0.186,27,0
3690,0,-1,0,5,1,188,0.055,11,0
3691,0,-1,0,5,1,403,0.213,22,0
3692,0,-1,0,2,1,110,0.514,5,0
3693,0,-1,0,5,1,598,0.255,28,0
3694,0,-1,0,5,1,195,0.205,2,0
3695,0,-1,0,5,1,143,0.371,15,0
3696,0,-1,0,2,1,727,0.244,14,0
3697,0,-1,0,2,1,335,0.19,5,0
3698,0,-1,0,4,1,502,0.659,7,0
3699,0,-1,0,5,1,224,-0.039,8,0
3700,0,-1,0,4,1,351,-0.075,21,0
3701,0,-1,0,5,1,376,-0.109,26,0
3702,0,-1,0,5,1,286,0.967,18,0
3703,0,-1,0,4,1,582,0.996,8,0
3704,0,-1,0,2,1,491,0.87,28,0
3705,0,-1,0,3,1,446,-0.107,5,0
3706,0,-1,0,5,1,82,-0.103,19,0
3707,0,-1,0,3,1,615,0.375,20,0
3708,0,-1,0,4,1,248,0.086,17,0
3709,0,-1,0,5,1,433,-0.169,11,0
3710,0,-1,0,4,1,84,0.297,9,0
3711,0,-1,0,2,1,623,0.198,6,0
3712,0,-1,0,4,1,184,0.79,2,0
3713,0,-1,0,1,1,703,0.889,12,0
3714,0,-1,0,2,1,745,0.48,23,0
3715,0,-1,0,3,1,96,0.331,26,0
3716,0,-1,0,2,1,584,-0.027,17,0
3717,0,-1,0,5,1,50,-0.166,1,0
3718,0,-1,0,3,1,605,0.91,3,0
3719,0,-1,0,4,1,70,0.129,17,0
3720,0,-1,0,3,1,138,-0.147,7,0
3721,0,-1,0,3,1,367,0.344,1,0
3722,0,-1,0,5,1,145,-0.089,6,0
3723,0,-1,0,3,1,192,0.857,28,0
3724,0,-1,0,5,1,95,0.002,12,0
3725,0,-1,0,4,1,52,0.869,14,0
3726,0,-1,0,5,1,415,0.247,6,0
3727,0,-1,0,5,1,406,0.302,10,0
3728,0,-1,0,5,1,123,0.62,24,0
3729,0,-1,0,5,1,380,-0.191,15,0
3730,0,-1,0,5,1,437,0.912,15,0
3731,0,-1,0,3,1,691,0.094,19,0
3732,0,-1,0,5,1,439,0.935,4,0
3733,0,-1,0,5,1,765,0.986,5,0
3734,0,-1,0,4,1,341,0.892,19,0
3735,0,-1,0,2,1,701,-0.171,19,0
3736,0,-1,0,4,1,175,-0.054,16,0
3737,0,-1,0,5,1,714,0.716,20,0
3738,0,-1,0,2,1,395,-0.093,20,0
3739,0,-1,0,5,1,783,-0.044,22,0
3740,0,-1,0,5,1,412,-0.165,25,0
3741,0,-1,0,2,1,562,-0.111,10,0
3742,0,-1,0,5,1,411,-0.101,12,0
3743,0,-1,0,4,1,289,0.377,8,0
3744,0,-1,0,5,1,383,0.619,1,0
3745,0,-1,0,5,1,325,0.631,27,0
3746,0,-1,0,4,1,710,0.921,11,0
3747,0,-1,0,1,1,130,-0.154,28,0
3748,0,-1,0,5,1,725,0.396,9,0
3749,0,-1,0,5,1,621,0.773,12,0
3750,0,-1,0,4,1,458,0.932,4,0
3751,0,-1,0,5,1,151,0.663,15,0
3752,0,-1,0,5,1,607,0.109,25,0
3753,0,-1,0,5,1,648,0.291,24,0
3754,0,-1,0,5,1,740,0.604,3,0
3755,0,-1,0,5,1,54,0.406,1,0
3756,0,-1,0,5,1,407,0.293,20,0
3757,0,-1,0,5,1,288,0.646,27,0
3758,0,-1,0,5,1,561,0.941,12,0
3759,0,-1,0,5,1,384,-0.063,18,0
3760,0,-1,0,5,1,130,0.411,1,0
3761,0,-1,0,4,1,244,0.756,16,0
3762,0,-1,0,3,1,229,0.144,13,0
3763,0,-1,0,4,1,276,0.686,27,0
3764,0,-1,0,5,1,295,0.907,12,0
3765,0,-1,0,4,1,197,0.681,10,0
3766,0,-1,0,4,1,598,0.143,17,0
3767,0,-1,0,3,1,673,0.458,10,0
3768,0,-1,0,3,1,515,0.055,7,0
3769,0,-1,0,5,1,190,0.083,5,0
3770,0,-1,0,5,1,634,0.635,8,0
3771,0,-1,0,5,1,147,0.625,5,0
3772,0,-1,0,5,1,62,0.515,21,0
3773,0,-1,0,4,1,147,0.846,18,0
3774,0,-1,0,4,1,742,0.54,29,0
3775,0,-1,0,3,1,483,0.179,15,0
3776,0,-1,0,4,1,343,0.871,28,0
3777,0,-1,0,4,1,711,0.679,17,0
3778,0,-1,0,5,1,184,0.57,13,0
3779,0,-1,0,5,1,75,0.251,9,0
3780,0,-1,0,3,1,178,0.724,19,0
3781,0,-1,0,4,1,158,0.399,29,0
3782,0,-1,0,2,1,366,0.642,22,0
3783,0,-1,0,5,1,86,0.292,10,0
3784,0,-1,0,5,1,146,-0.191,13,0
3785,0,-1,0,4,1,639,0.721,25,0
3786,0,-1,0,2,1,542,0.652,8,0
3787,0,-1,0,3,1,412,0.194,1,0
3788,0,-1,0,5,1,753,0.163,10,0
3789,0,-1,0,5,1,325,0.326,1,0
3790,0,-1,0,5,1,110,0.527,19,0
3791,0,-1,0,3,1,256,-0.106,29,0
3792,0,-1,0,4,1,380,-0.025,4,0
3793,0,-1,0,4,1,201,0.544,26,0
3794,0,-1,0,5,1,245,0.297,12,0
3795,0,-1,0,5,1,83,-0.147,22,0
3796,0,-1,0,5,1,57,0.355,2,0
3797,0,-1,0,4,1,287,0.447,10,0
3798,0,-1,0,5,1,194,0.388,12,0
3799,0,-1,0,5,1,682,0.02,14,0
3800,0,-1,0,1,1,726,-0.081,17,0
3801,0,-1,0,5,1,223,0.029,18,0
3802,0,-1,0,5,1,576,0.291,1,0
3803,0,-1,0,5,1,141,0.898,12,0
3804,0,-1,0,5,1,193,0.98,8,0
3805,0,-1,0,1,1,417,0.978,20,0
3806,0,-1,0,5,1,548,-0.174,16,0
3807,0,-1,0,5,1,506,0.693,15,0
3808,0,-1,0,4,1,727,0.489,21,0
3809,0,-1,0,4,1,286,0.825,16,0
3810,0,-1,0,5,1,681,0.007,21,0
3811,0,-1,0,5,1,308,0.136,10,0
3812,0,-1,0,2,1,565,0.5,23,0
3813,0,-1,0,5,1,704,0.277,19,0
3814,0,-1,0,5,1,191,0.903,28,0
3815,0,-1,0,5,1,53,0.493,9,0
3816,0,-1,0,5,1,456,0.002,21,0
3817,0,-1,0,4,1,681,0.282,9,0
3818,0,-1,0,4,1,706,0.85,16,0
3819,0,-1,0,3,1,275,0.165,4,0
3820,0,-1,0,4,1,131,0.566,3,0
3821,0,-1,0,4,1,483,0.253,3,0
3822,0,-1,0,5,1,65,-0.182,14,0
3823,0,-1,0,4,1,89,0.601,10,0
3824,0,-1,0,4,1,537,0.492,3,0
3825,0,-1,0,1,1,193,0.723,4,0
3826,0,-1,0,4,1,208,0.963,28,0
3827,0,-1,0,5,1,367,0.798,15,0
3828,0,-1,0,1,1,490,0.29,10,0
3829,0,-1,0,5,1,556,0.573,20,0
3830,0,-1,0,5,1,678,0.933,15,0
3831,0,-1,0,4,1,628,-0.059,24,0
3832,0,-1,0,4,1,330,0.303,5,0
3833,0,-1,0,4,1,320,0.391,10,0
3834,0,-1,0,5,1,589,0.376,7,0
3835,0,-1,0,5,1,119,0.259,5,0
3836,0,-1,0,5,1,124,0.703,4,0
3837,0,-1,0,5,1,77,0.495,11,0
3838,0,-1,0,4,1,393,0.073,23,0
3839,0,-1,0,4,1,206,0.064,16,0
3840,0,-1,0,5,1,524,-0.044,5,0
3841,0,-1,0,4,1,491,0.241,4,0
3842,0,-1,0,5,1,454,0.33,6,0
3843,0,-1,0,4,1,71,0.919,16,0
3844,0,-1,0,5,1,444,-0.096,24,0
3845,0,-1,0,2,1,778,0.682,6,0
3846,0,-1,0,5,1,320,0.372,25,0
3847,0,-1,0,2,1,231,0.074,24,0
3848,0,-1,0,5,1,103,0.276,28,0
3849,0,-1,0,5,1,589,0.93,18,0
3850,0,-1,0,5,1,327,-0.03,3,0
3851,0,-1,0,1,1,703,0.916,10,0
3852,0,-1,0,4,1,602,0.757,8,0
3853,0,-1,0,3,1,585,0.295,28,0
3854,0,-1,0,4,1,114,0.857,12,0
3855,0,-1,0,4,1,291,0.378,17,0
3856,0,-1,0,4,1,293,-0.097,8,0
3857,0,-1,0,2,1,132,-0.165,22,0
3858,0,-1,0,4,1,491,0.468,13,0
3859,0,-1,0,5,1,408,0.664,20,0
3860,0,-1,0,4,1,361,-0.064,26,0
3861,0,-1,0,4,1,669,0.737,3,0
3862,0,-1,0,3,1,556,0.927,15,0
3863,0,-1,0,4,1,139,0.63,5,0
3864,0,-1,0,5,1,270,0.492,27,0
3865,0,-1,0,4,1,180,0.673,29,0
3866,0,-1,0,5,1,137,-0.162,18,0
3867,0,-1,0,5,1,462,0.734,20,0
3868,0,-1,0,5,1,527,-0.05,28,0
3869,0,-1,0,4,1,216,0.042,13,0
3870,0,-1,0,5,1,249,0.13,16,0
3871,0,-1,0,5,1,748,-0.088,10,0
3872,0,-1,0,5,1,74,0.315,9,0
3873,0,-1,0,5,1,549,0.533,11,0
3874,0,-1,0,4,1,169,0.985,29,0
3875,0,-1,0,5,1,384,0.694,2,0
3876,0,-1,0,4,1,196,0.558,28,0
3877,0,-1,0,3,1,325,0.75,27,0
3878,0,-1,0,4,1,194,0.283,11,0
3879,0,-1,0,5,1,104,-0.146,26,0
3880,0,-1,0,4,1,636,0.223,15,0
3881,0,-1,0,1,1,89,0.313,15,0
3882,0,-1,0,4,1,234,0.664,15,0
3883,0,-1,0,5,1,384,0.509,18,0
3884,0,-1,0,5,1,731,-0.021,28,0
3885,0,-1,0,4,1,394,0.989,2,0
3886,0,-1,0,5,1,798,0.678,22,0
3887,0,-1,0,4,1,500,0.815,18,0
3888,0,-1,0,5,1,198,-0.059,25,0
3889,0,-1,0,5,1,303,0.349,12,0
3890,0,-1,0,5,1,313,0.093,27,0
3891,0,-1,0,4,1,107,0.054,16,0
3892,0,-1,0,5,1,395,0.188,13,0
3893,0,-1,0,5,1,170,0.576,10,0
3894,0,-1,0,2,1,469,0.3,28,0
3895,0,-1,0,4,1,74,0.385,8,0
3896,0,-1,0,5,1,389,0.109,2,0
3897,0,-1,0,5,1,627,0.846,7,0
3898,0,-1,0,4,1,734,0.322,27,0
3899,0,-1,0,5,1,175,0.202,18,0
3900,0,-1,0,4,1,790,0.573,24,0
3901,0,-1,0,4,1,79,0.225,13,0
3902,0,-1,0,5,1,469,0.764,8,0
3903,0,-1,0,5,1,192,0.357,25,0
3904,0,-1,0,4,1,563,0.1,18,0
3905,0,-1,0,3,1,704,0.324,2,0
3906,0,-1,0,5,1,362,-0.159,6,0
3907,0,-1,0,4,1,448,0.915,8,0
3908,0,-1,0,3,1,169,0.731,9,0
3909,0,-1,0,5,1,330,0.139,27,0
3910,0,-1,0,5,1,391,0.899,17,0
3911,0,-1,0,5,1,738,0.328,22,0
3912,0,-1,0,5,1,178,0.793,8,0
3913,0,-1,0,4,1,82,0.667,11,0
3914,0,-1,0,3,1,228,0.851,1,0
3915,0,-1,0,5,1,147,0.752,8,0
3916,0,-1,0,5,1,588,0.465,25,0
3917,0,-1,0,4,1,353,-0.182,21,0
3918,0,-1,0,1,1,277,0.613,20,0
3919,0,-1,0,5,1,626,0.366,18,0
3920,0,-1,0,5,1,545,0.145,14,0
3921,0,-1,0,4,1,262,0.789,8,0
3922,0,-1,0,5,1,73,0.79,24,0
3923,0,-1,0,4,1,531,0.576,5,0
3924,0,-1,0,3,1,354,0.435,24,0
3925,0,-1,0,2,1,765,0.345,18,0
3926,0,-1,0,5,1,399,0.24,24,0
3927,0,-1,0,4,1,618,0.065,8,0
3928,0,-1,0,5,1,652,-0.19,15,0
3929,0,-1,0,4,1,312,-0.136,4,0
3930,0,-1,0,2,1,344,0.069,26,0
3931,0,-1,0,5,1,433,0.752,7,0
3932,0,-1,0,1,1,471,0.703,24,0
3933,0,-1,0,1,1,231,0.588,23,0
3934,0,-1,0,4,1,223,0.623,3,0
3935,0,-1,0,4,1,113,0.075,22,0
3936,0,-1,0,5,1,530,0.256,26,0
3937,0,-1,0,5,1,184,0.973,26,0
3938,0,-1,0,5,1,468,0.289,4,0
3939,0,-1,0,1,1,279,0.532,8,0
3940,0,-1,0,2,1,300,0.325,17,0
3941,0,-1,0,4,1,669,-0.142,8,0
3942,0,-1,0,4,1,766,0.471,19,0
3943,0,-1,0,5,1,707,0.343,19,0
3944,0,-1,0,5,1,256,0.028,17,0
3945,0,-1,0,5,1,739,0.792,14,0
3946,0,-1,0,4,1,206,0.049,6,0
3947,0,-1,0,4,1,66,-0.172,12,0
3948,0,-1,0,3,1,96,0.404,3,0
3949,0,-1,0,5,1,179,0.025,26,0
3950,0,-1,0,3,1,667,0.984,27,0
3951,0,-1,0,4,1,285,0.298,6,0
3952,0,-1,0,5,1,619,0.903,4,0
3953,0,-1,0,4,1,316,-0.111,16,0
3954,0,-1,0,4,1,695,0.921,28,0
3955,0,-1,0,4,1,76,0.788,23,0
3956,0,-1,0,4,1,327,0.773,26,0
3957,0,-1,0,5,1,381,-0.039,26,0
3958,0,-1,0,5,1,341,-0.143,6,0
3959,0,-1,0,4,1,74,-0.032,11,0
3960,0,-1,0,5,1,127,-0.172,13,0
3961,0,-1,0,5,1,591,0.479,17,0
3962,0,-1,0,2,1,529,0.216,11,0
3963,0,-1,0,3,1,700,0.88,1,0
3964,0,-1,0,5,1,648,0.18,10,0
3965,0,-1,0,4,1,753,0.909,5,0
3966,0,-1,0,4,1,615,0.808,26,0
3967,0,-1,0,5,1,483,0.018,9,0
3968,0,-1,0,5,1,112,0.308,3,0
3969,0,-1,0,5,1,389,0.752,23,0
3970,0,-1,0,3,1,604,0.076,5,0
3971,0,-1,0,4,1,595,0.856,5,0
3972,0,-1,0,1,1,623,0.45,6,0
3973,0,-1,0,4,1,789,0.92,8,0
3974,0,-1,0,4,1,650,0.768,26,0
3975,0,-1,0,5,1,197,0.19,3,0
3976,0,-1,0,5,1,739,-0.016,12,0
3977,0,-1,0,1,1,354,0.028,26,0
3978,0,-1,0,5,1,657,0.695,23,0
3979,0,-1,0,5,1,419,0.295,1,0
3980,0,-1,0,4,1,341,-0.062,25,0
3981,0,-1,0,4,1,674,0.852,11,0
3982,0,-1,0,5,1,709,0.463,4,0
3983,0,-1,0,5,1,296,0.61,21,0
3984,0,-1,0,5,1,563,0.967,9,0
3985,0,-1,0,3,1,716,0.658,8,0
3986,0,-1,0,3,1,231,0.794,28,0
3987,0,-1,0,5,1,470,0.384,29,0
3988,0,-1,0,5,1,761,0.751,6,0
3989,0,-1,0,3,1,594,0.383,6,0
3990,0,-1,0,4,1,267,0.795,17,0
3991,0,-1,0,5,1,745,0.309,16,0
3992,0,-1,0,5,1,519,0.259,29,0
3993,0,-1,0,4,1,714,0.077,11,0
3994,0,-1,0,4,1,355,0.832,19,0
3995,0,-1,0,5,1,547,0.609,28,0
3996,0,-1,0,4,1,284,0.65,28,0
3997,0,-1,0,3,1,172,0.299,17,0
3998,0,-1,0,5,1,755,0.484,10,0
3999,0,-1,0,5,1,164,0.936,11,0
4000,0,-1,0,5,1,162,0.531,17,0
4001,0,-1,0,5,1,308,0.594,26,0
4002,0,-1,0,5,1,405,-0.069,17,0
4003,0,-1,0,4,1,675,0.27,5,0
4004,0,-1,0,5,1,284,0.293,25,0
4005,0,-1,0,4,1,86,0.514,12,0
4006,0,-1,0,3,1,722,-0.192,23,0
4007,0,-1,0,4,1,717,0.949,3,0
4008,0,-1,0,4,1,107,0.385,6,0
4009,0,-1,0,4,1,734,0.802,2,0
4010,0,-1,0,4,1,336,0.069,9,0
4011,0,-1,0,5,1,659,0.112,9,0
4012,0,-1,0,5,1,155,0.338,23,0
4013,0,-1,0,4,1,415,0.984,21,0
4014,0,-1,0,3,1,425,-0.158,28,0
4015,0,-1,0,5,1,559,-0.129,7,0
4016,0,-1,0,5,1,492,0.752,8,0
4017,0,-1,0,4,1,319,0.751,5,0
4018,0,-1,0,4,1,242,-0.118,14,0
4019,0,-1,0,3,1,479,0.585,13,0
4020,0,-1,0,3,1,684,0.335,12,0
4021,0,-1,0,5,1,769,-0.065,4,0
4022,0,-1,0,4,1,51,0.28,12,0
4023,0,-1,0,5,1,654,0.218,24,0
4024,0,-1,0,4,1,638,0.152,14,0
4025,0,-1,0,5,1,239,0.655,18,0
4026,0,-1,0,5,1,756,0.268,14,0
4027,0,-1,0,5,1,551,0.1,26,0
4028,0,-1,0,4,1,577,0.516,28,0
4029,0,-1,0,4,1,580,0.518,3,0
4030,0,-1,0,5,1,552,0.129,20,0
4031,0,-1,0,5,1,633,0.059,18,0
4032,0,-1,0,3,1,429,0.567,21,0
4033,0,-1,0,4,1,247,0.118,5,0
4034,0,-1,0,4,1,606,0.868,13,0
4035,0,-1,0,5,1,147,0.983,14,0
4036,0,-1,0,4,1,181,0.814,29,0
4037,0,-1,0,4,1,278,-0.198,11,0
4038,0,-1,0,4,1,726,0.057,22,0
4039,0,-1,0,5,1,348,0.304,18,0
4040,0,-1,0,5,1,361,-0.194,17,0
4041,0,-1,0,5,1,478,0.771,29,0
4042,0,-1,0,5,1,572,0.473,18,0
4043,0,-1,0,4,1,335,0.908,10,0
4044,0,-1,0,4,1,641,0.059,2,0
4045,0,-1,0,5,1,392,-0.074,14,0
4046,0,-1,0,5,1,705,0.232,14,0
4047,0,-1,0,5,1,592,0.364,16,0
4048,0,-1,0,2,1,438,0.766,14,0
4049,0,-1,0,5,1,790,0.71,27,0
4050,0,-1,0,5,1,427,0.655,29,0
4051,0,-1,0,4,1,798,0.065,1,0
4052,0,-1,0,5,1,323,0.718,22,0
4053,0,-1,0,2,1,615,0.333,19,0
4054,0,-1,0,5,1,414,0.788,28,0
4055,0,-1,0,3,1,91,0.426,11,0
4056,0,-1,0,3,1,300,0.759,11,0
4057,0,-1,0,3,1,429,0.339,9,0
4058,0,-1,0,4,1,517,0.606,3,0
4059,0,-1,0,4,1,577,-0.145,17,0
4060,0,-1,0,5,1,522,0.069,16,0
4061,0,-1,0,5,1,450,0.054,14,0
4062,0,-1,0,4,1,719,0.526,6,0
4063,0,-1,0,4,1,506,-0.107,14,0
4064,0,-1,0,5,1,622,0.397,21,0
4065,0,-1,0,3,1,291,0.769,5,0
4066,0,-1,0,4,1,677,0.946,8,0
4067,0,-1,0,5,1,449,0.142,24,0
4068,0,-1,0,5,1,718,0.175,12,0
4069,0,-1,0,5,1,766,0.652,13,0
4070,0,-1,0,5,1,560,0.684,3,0
4071,0,-1,0,5,1,622,0.36,13,0
4072,0,-1,0,5,1,241,-0.162,22,0
4073,0,-1,0,5,1,354,0.743,7,0
4074,0,-1,0,4,1,717,0.372,22,0
4075,0,-1,0,5,1,367,-0.043,17,0
4076,0,-1,0,4,1,537,0.471,2,0
4077,0,-1,0,5,1,427,0.021,27,0
4078,0,-1,0,5,1,216,0.029,6,0
4079,0,-1,0,3,1,521,0.705,26,0
4080,0,-1,0,5,1,261,-0.185,18,0
4081,0,-1,0,4,1,785,0.383,6,0
4082,0,-1,0,4,1,658,-0.166,5,0
4083,0,-1,0,5,1,299,-0.101,20,0
4084,0,-1,0,5,1,783,-0.054,6,0
4085,0,-1,0,5,1,486,-0.105,10,0
4086,0,-1,0,4,1,387,0.691,16,0
4087,0,-1,0,4,1,357,0.898,10,0
4088,0,-1,0,5,1,382,0.927,1,0
4089,0,-1,0,4,1,432,0.186,22,0
4090,0,-1,0,1,1,446,0.529,19,0
4091,0,-1,0,5,1,794,0.805,25,0
4092,0,-1,0,5,1,696,0.021,2,0
4093,0,-1,0,5,1,606,0.921,27,0
4094,0,-1,0,3,1,409,0.94,17,0
4095,0,-1,0,5,1,409,0.301,17,0
4096,0,-1,0,5,1,688,0.896,13,0
4097,0,-1,0,5,1,504,-0.184,15,0
4098,0,-1,0,2,1,331,0.326,8,0
4099,0,-1,0,2,1,639,0.883,15,0
4100,0,-1,0,1,1,295,0.797,8,0
4101,0,-1,0,3,1,614,0.458,22,0
4102,0,-1,0,4,1,693,0.87,24,0
4103,0,-1,0,5,1,444,-0.199,19,0
4104,0,-1,0,4,1,502,0.384,13,0
4105,0,-1,0,3,1,308,0.687,26,0
4106,0,-1,0,3,1,424,0.406,18,0
4107,0,-1,0,4,1,673,0.603,8,0
4108,0,-1,0,5,1,624,0.901,20,0
4109,0,-1,0,1,1,286,0.567,14,0
4110,0,-1,0,3,1,398,0.838,3,0
4111,0,-1,0,5,1,777,0.939,6,0
4112,0,-1,0,4,1,379,0.088,27,0
4113,0,-1,0,5,1,661,0.528,17,0
4114,0,-1,0,1,1,557,0.266,13,0
4115,0,-1,0,5,1,540,0.274,27,0
4116,0,-1,0,5,1,637,0.2,25,0
4117,0,-1,0,5,1,632,0.93,20,0
4118,0,-1,0,3,1,123,0.968,8,0
4119,0,-1,0,5,1,542,0.707,21,0
4120,0,-1,0,5,1,206,0.724,26,0
4121,0,-1,0,4,1,395,0.1,16,0
4122,0,-1,0,1,1,422,0.605,4,0
4123,0,-1,0,5,1,345,0.519,13,0
4124,0,-1,0,5,1,688,0.177,8,0
4125,0,-1,0,4,1,683,0.707,27,0
4126,0,-1,0,5,1,243,0.274,9,0
4127,0,-1,0,5,1,280,0.417,14,0
4128,0,-1,0,4,1,221,0.698,25,0
4129,0,-1,0,4,1,330,0.125,14,0
4130,0,-1,0,5,1,505,0.436,17,0
4131,0,-1,0,5,1,691,0.689,5,0
4132,0,-1,0,4,1,489,-0.098,14,0
4133,0,-1,0,4,1,149,-0.128,18,0
4134,0,-1,0,5,1,185,0.986,18,0
4135,0,-1,0,5,1,666,0.959,18,0
4136,0,-1,0,1,1,189,0.351,29,0
4137,0,-1,0,4,1,303,0.011,23,0
4138,0,-1,0,4,1,760,0.343,10,0
4139,0,-1,0,5,1,281,0.056,4,0
4140,0,-1,0,4,1,198,0.436,4,0
4141,0,-1,0,5,1,473,-0.126,18,0
4142,0,-1,0,1,1,515,-0.104,16,0
4143,0,-1,0,5,1,495,0.347,21,0
4144,0,-1,0,5,1,237,-0.062,13,0
4145,0,-1,0,4,1,58,-0.18,24,0
4146,0,-1,0,5,1,712,0.849,13,0
4147,0,-1,0,4,1,701,0.128,14,0
4148,0,-1,0,5,1,182,0.122,8,0
4149,0,-1,0,5,1,505,0.57,16,0
4150,0,-1,0,5,1,127,0.568,9,0
4151,0,-1,0,5,1,678,0.042,6,0
4152,0,-1,0,5,1,696,0.392,19,0
4153,0,-1,0,5,1,291,0.5,18,0
4154,0,-1,0,4,1,121,0.346,10,0
4155,0,-1,0,5,1,614,0.782,19,0
4156,0,-1,0,5,1,164,-0.006,10,0
4157,0,-1,0,3,1,343,-0.075,24,0
4158,0,-1,0,5,1,564,0.461,7,0
4159,0,-1,0,5,1,483,0.335,3,0
4160,0,-1,0,5,1,429,0.111,9,0
4161,0,-1,0,4,1,267,0.817,18,0
4162,0,-1,0,5,1,60,-0.022,9,0
4163,0,-1,0,5,1,480,0.492,6,0
4164,0,-1,0,4,1,166,0.221,24,0
4165,0,-1,0,4,1,783,0.831,12,0
4166,0,-1,0,5,1,784,0.582,11,0
4167,0,-1,0,5,1,528,0.718,22,0
4168,0,-1,0,5,1,723,0.564,24,0
4169,0,-1,0,5,1,595,0.673,10,0
4170,0,-1,0,4,1,200,0.106,26,0
4171,0,-1,0,5,1,674,0.669,3,0
4172,0,-1,0,4,1,315,0.88,26,0
4173,0,-1,0,2,1,249,0.925,17,0
4174,0,-1,0,5,1,144,0.927,6,0
4175,0,-1,0,3,1,364,0.079,21,0
4176,0,-1,0,4,1,788,0.586,1,0
4177,0,-1,0,3,1,605,0.223,19,0
4178,0,-1,0,4,1,483,0.54,26,0
4179,0,-1,0,5,1,588,-0.129,21,0
4180,0,-1,0,3,1,631,0.463,11,0
4181,0,-1,0,4,1,375,0.332,7,0
4182,0,-1,0,4,1,221,0.001,18,0
4183,0,-1,0,3,1,446,0.445,7,0
4184,0,-1,0,5,1,468,0.739,6,0
4185,0,-1,0,4,1,222,-0.15,18,0
4186,0,-1,0,5,1,318,0.906,14,0
4187,0,-1,0,5,1,267,0.907,12,0
4188,0,-1,0,5,1,204,0.94,8,0
4189,0,-1,0,5,1,62,0.934,18,0
4190,0,-1,0,5,1,198,0.375,5,0
4191,0,-1,0,4,1,735,0.281,17,0
4192,0,-1,0,4,1,218,0.486,17,0
4193,0,-1,0,4,1,207,-0.186,3,0
4194,0,-1,0,5,1,128,0.235,21,0
4195,0,-1,0,5,1,585,0.379,2,0
4196,0,-1,0,5,1,542,0.282,16,0
4197,0,-1,0,4,1,694,0.309,26,0
4198,0,-1,0,5,1,787,0.444,7,0
4199,0,-1,0,5,1,520,0.697,14,0
4200,0,-1,0,4,1,456,0.883,14,0
4201,0,-1,0,5,1,139,-0.041,4,0
4202,0,-1,0,4,1,383,0.153,12,0
4203,0,-1,0,4,1,388,0.236,14,0
4204,0,-1,0,5,1,118,0.345,11,0
4205,0,-1,0,4,1,275,0.585,24,0
4206,0,-1,0,4,1,236,-0.04,7,0
4207,0,-1,0,4,1,288,0.155,15,0
4208,0,-1,0,5,1,308,0.203,20,0
4209,0,-1,0,5,1,654,0.394,22,0
4210,0,-1,0,4,1,348,-0.028,4,0
4211,0,-1,0,3,1,790,0.472,17,0
4212,0,-1,0,5,1,320,0.841,16,0
4213,0,-1,0,5,1,272,0.687,26,0
4214,0,-1,0,4,1,294,0.5,9,0
4215,0,-1,0,5,1,309,0.259,23,0
4216,0,-1,0,5,1,447,0.12,29,0
4217,0,-1,0,2,1,195,0.038,8,0
4218,0,-1,0,4,1,467,0.391,18,0
4219,0,-1,0,5,1,517,0.752,3,0
4220,0,-1,0,5,1,589,0.734,20,0
4221,0,-1,0,4,1,132,0.898,13,0
4222,0,-1,0,5,1,682,0.63,15,0
4223,0,-1,0,4,1,760,0.664,21,0
4224,0,-1,0,4,1,404,0.64,26,0
4225,0,-1,0,4,1,55,-0.157,9,0
4226,0,-1,0,4,1,527,0.09,9,0
4227,0,-1,0,5,1,175,0.769,23,0
4228,0,-1,0,4,1,352,0.899,23,0
4229,0,-1,0,2,1,276,0.483,23,0
4230,0,-1,0,5,1,287,0.573,8,0
4231,0,-1,0,4,1,501,-0.069,18,0
4232,0,-1,0,5,1,619,-0.038,6,0
4233,0,-1,0,4,1,234,-0.081,7,0
4234,0,-1,0,5,1,324,-0.195,21,0
4235,0,-1,0,3,1,121,0.015,21,0
4236,0,-1,0,1,1,112,0.625,2,0
4237,0,-1,0,4,1,372,-0.131,13,0
4238,0,-1,0,5,1,79,0.783,15,0
4239,0,-1,0,5,1,610,0.381,25,0
4240,0,-1,0,1,1,641,0.656,28,0
4241,0,-1,0,5,1,452,-0.152,20,0
4242,0,-1,0,3,1,182,-0.071,7,0
4243,0,-1,0,5,1,81,0.894,27,0
4244,0,-1,0,5,1,456,0.977,9,0
4245,0,-1,0,5,1,312,0.942,11,0
4246,0,-1,0,5,1,394,-0.108,9,0
4247,0,-1,0,5,1,481,0.245,4,0
4248,0,-1,0,4,1,147,0.241,22,0
4249,0,-1,0,5,1,196,-0.175,15,0
4250,0,-1,0,3,1,722,0.301,7,0
4251,0,-1,0,2,1,592,0.488,27,0
4252,0,-1,0,4,1,676,0.474,16,0
4253,0,-1,0,5,1,201,0.892,13,0
4254,0,-1,0,4,1,198,0.658,25,0
4255,0,-1,0,5,1,73,0.447,3,0
4256,0,-1,0,3,1,440,0.382,4,0
4257,0,-1,0,2,1,166,0.754,3,0
4258,0,-1,0,5,1,231,0.924,11,0
4259,0,-1,0,5,1,334,0.23,2,0
4260,0,-1,0,1,1,341,0.917,7,0
4261,0,-1,0,3,1,348,0.576,19,0
4262,0,-1,0,5,1,256,0.344,2,0
4263,0,-1,0,4,1,541,0.355,8,0
4264,0,-1,0,5,1,421,0.31,4,0
4265,0,-1,0,4,1,365,0.047,29,0
4266,0,-1,0,4,1,553,0.312,29,0
4267,0,-1,0,4,1,505,0.105,21,0
4268,0,-1,0,4,1,88,0.326,12,0
4269,0,-1,0,5,1,415,0.4,3,0
4270,0,-1,0,4,1,745,-0.082,15,0
4271,0,-1,0,3,1,189,0.748,29,0
4272,0,-1,0,5,1,485,-0.032,12,0
4273,0,-1,0,5,1,656,0.307,22,0
4274,0,-1,0,5,1,300,0.891,3,0
4275,0,-1,0,2,1,115,0.557,9,0
4276,0,-1,0,5,1,359,0.324,4,0
4277,0,-1,0,5,1,425,0.92,26,0
4278,0,-1,0,5,1,696,0.132,7,0
4279,0,-1,0,2,1,74,0.157,23,0
4280,0,-1,0,5,1,371,0.579,12,0
4281,0,-1,0,5,1,261,0.535,10,0
4282,0,-1,0,4,1,244,0.575,17,0
4283,0,-1,0,5,1,167,0.99,1,0
4284,0,-1,0,1,1,65,-0.002,15,0
4285,0,-1,0,4,1,431,0.446,12,0
4286,0,-1,0,5,1,528,0.34,11,0
4287,0,-1,0,5,1,538,0.922,17,0
4288,0,-1,0,4,1,361,0.725,5,0
4289,0,-1,0,2,1,607,0.301,5,0
4290,0,-1,0,4,1,216,0.698,13,0
4291,0,-1,0,3,1,782,-0.184,11,0
4292,0,-1,0,3,1,605,0.353,10,0
4293,0,-1,0,3,1,771,0.613,17,0
4294,0,-1,0,5,1,629,0.635,8,0
4295,0,-1,0,4,1,200,0.605,27,0
4296,0,-1,0,4,1,360,0.413,9,0
4297,0,-1,0,3,1,102,0.488,3,0
4298,0,-1,0,4,1,631,0.85,12,0
4299,0,-1,0,5,1,269,0.328,4,0
4300,0,-1,0,5,1,188,0.085,16,0
4301,0,-1,0,5,1,387,-0.165,24,0
4302,0,-1,0,3,1,519,0.588,10,0
4303,0,-1,0,4,1,504,0.018,25,0
4304,0,-1,0,4,1,459,0.935,4,0
4305,0,-1,0,4,1,686,0.81,23,0
4306,0,-1,0,4,1,207,0.148,17,0
4307,0,-1,0,4,1,370,0.884,12,0
4308,0,-1,0,4,1,263,0.484,1,0
4309,0,-1,0,5,1,297,0.835,18,0
4310,0,-1,0,4,1,439,0.5,21,0
4311,0,-1,0,4,1,77,0.693,14,0
4312,0,-1,0,5,1,472,0.592,27,0
4313,0,-1,0,5,1,336,-0.062,27,0
4314,0,-1,0,3,1,675,0.46,15,0
4315,0,-1,0,4,1,283,0.107,20,0
4316,0,-1,0,5,1,332,0.981,18,0
4317,0,-1,0,3,1,201,0.906,29,0
4318,0,-1,0,4,1,540,0.5,16,0
4319,0,-1,0,5,1,599,0.138,19,0
4320,0,-1,0,2,1,338,0.382,5,0
4321,0,-1,0,4,1,614,0.958,24,0
4322,0,-1,0,4,1,381,0.863,17,0
4323,0,-1,0,5,1,60,0.427,14,0
4324,0,-1,0,5,1,300,0.552,22,0
4325,0,-1,0,4,1,177,0.317,29,0
4326,0,-1,0,5,1,323,0.247,22,0
4327,0,-1,0,4,1,660,0.267,21,0
4328,0,-1,0,5,1,412,0.248,26,0
4329,0,-1,0,4,1,530,0.329,27,0
4330,0,-1,0,4,1,140,0.978,18,0
4331,0,-1,0,2,1,795,0.7,21,0
4332,0,-1,0,5,1,372,0.838,16,0
4333,0,-1,0,4,1,796,0.868,21,0
4334,0,-1,0,5,1,791,0.56,16,0
4335,0,-1,0,5,1,292,0.458,19,0
4336,0,-1,0,5,1,193,0.577,1,0
4337,0,-1,0,5,1,782,0.006,25,0
4338,0,-1,0,5,1,332,0.899,10,0
4339,0,-1,0,5,1,178,-0.063,6,0
4340,0,-1,0,4,1,54,0.316,20,0
4341,0,-1,0,5,1,584,-0.137,14,0
4342,0,-1,0,5,1,511,-0.06,8,0
4343,0,-1,0,5,1,788,0.483,27,0
4344,0,-1,0,5,1,128,0.784,20,0
4345,0,-1,0,5,1,55,-0.061,12,0
4346,0,-1,0,5,1,665,0.88,25,0
4347,0,-1,0,5,1,375,0.973,1,0
4348,0,-1,0,5,1,360,-0.122,20,0
4349,0,-1,0,4,1,791,0.2,13,0
4350,0,-1,0,4,1,747,0.355,29,0
4351,0,-1,0,5,1,252,0.768,25,0
4352,0,-1,0,5,1,775,0.025,2,0
4353,0,-1,0,4,1,544,-0.034,6,0
4354,0,-1,0,3,1,126,0.417,6,0
4355,0,-1,0,4,1,89,0.873,24,0
4356,0,-1,0,4,1,166,0.147,3,0
4357,0,-1,0,5,1,243,0.015,16,0
4358,0,-1,0,4,1,783,0.95,28,0
4359,0,-1,0,2,1,384,0.956,24,0
4360,0,-1,0,5,1,670,-0.105,22,0
4361,0,-1,0,5,1,100,0.47,5,0
4362,0,-1,0,4,1,139,0.604,7,0
4363,0,-1,0,4,1,143,0.426,7,0
4364,0,-1,0,3,1,443,0.822,8,0
4365,0,-1,0,5,1,180,0.532,29,0
4366,0,-1,0,5,1,327,-0.047,15,0
4367,0,-1,0,1,1,760,0.593,18,0
4368,0,-1,0,4,1,719,0.553,3,0
4369,0,-1,0,4,1,356,0.611,17,0
4370,0,-1,0,5,1,259,-0.169,7,0
4371,0,-1,0,5,1,420,-0.004,17,0
4372,0,-1,0,5,1,594,0.497,11,0
4373,0,-1,0,4,1,97,0.894,22,0
4374,0,-1,0,5,1,459,0.196,17,0
4375,0,-1,0,5,1,418,0.531,1,0
4376,0,-1,0,5,1,705,0.759,22,0
4377,0,-1,0,4,1,600,0.163,21,0
4378,0,-1,0,4,1,245,0.343,15,0
4379,0,-1,0,4,1,113,0.829,14,0
4380,0,-1,0,1,1,650,0.518,13,0
4381,0,-1,0,5,1,173,-0.162,7,0
4382,0,-1,0,5,1,546,0.076,10,0
4383,0,-1,0,5,1,327,0.065,9,0
4384,0,-1,0,5,1,692,0.608,29,0
4385,0,-1,0,5,1,665,-0.083,24,0
4386,0,-1,0,4,1,647,0.034,22,0
4387,0,-1,0,3,1,263,0.897,11,0
4388,0,-1,0,4,1,695,0.808,5,0
4389,0,-1,0,5,1,263,0.96,18,0
4390,0,-1,0,5,1,450,0.195,23,0
4391,0,-1,0,4,1,464,0.424,17,0
4392,0,-1,0,2,1,637,0.385,27,0
4393,0,-1,0,4,1,591,0.975,29,0
4394,0,-1,0,5,1,188,-0.028,21,0
4395,0,-1,0,2,1,714,0.52,15,0
4396,0,-1,0,5,1,96,0.924,25,0
4397,0,-1,0,5,1,777,0.834,18,0
4398,0,-1,0,3,1,74,0.852,13,0
4399,0,-1,0,5,1,756,0.606,2,0
4400,0,-1,0,5,1,335,0.912,3,0
4401,0,-1,0,2,1,467,0.236,3,0
4402,0,-1,0,4,1,294,0.45,10,0
4403,0,-1,0,3,1,455,0.865,20,0
4404,0,-1,0,3,1,216,0.704,22,0
4405,0,-1,0,5,1,162,0.655,7,0
4406,0,-1,0,4,1,82,0.547,17,0
4407,0,-1,0,5,1,500,0.944,5,0
4408,0,-1,0,4,1,777,-0.05,11,0
4409,0,-1,0,2,1,670,-0.12,14,0
4410,0,-1,0,5,1,393,-0.076,20,0
4411,0,-1,0,4,1,426,0.81,26,0
4412,0,-1,0,4,1,416,0.265,8,0
4413,0,-1,0,4,1,164,0.028,19,0
4414,0,-1,0,5,1,140,0.957,12,0
4415,0,-1,0,5,1,694,0.541,15,0
4416,0,-1,0,4,1,217,0.705,5,0
4417,0,-1,0,4,1,683,0.24,13,0
4418,0,-1,0,5,1,261,0.928,22,0
4419,0,-1,0,3,1,766,0.357,11,0
4420,0,-1,0,5,1,410,0.15,28,0
4421,0,-1,0,5,1,351,0.015,24,0
4422,0,-1,0,5,1,741,0.741,23,0
4423,0,-1,0,4,1,86,0.464,17,0
4424,0,-1,0,5,1,316,-0.175,24,0
4425,0,-1,0,5,1,464,0.484,2,0
4426,0,-1,0,4,1,514,0.201,23,0
4427,0,-1,0,5,1,594,0.215,21,0
4428,0,-1,0,5,1,183,0.907,3,0
4429,0,-1,0,5,1,548,0.823,26,0
4430,0,-1,0,4,1,528,0.528,3,0
4431,0,-1,0,4,1,256,0.928,6,0
4432,0,-1,0,4,1,715,0.769,17,0
4433,0,-1,0,1,1,768,0.933,18,0
4434,0,-1,0,4,1,522,0.296,9,0
4435,0,-1,0,4,1,275,0.348,17,0
4436,0,-1,0,5,1,730,0.047,20,0
4437,0,-1,0,5,1,415,0.447,3,0
4438,0,-1,0,5,1,692,0.16,7,0
4439,0,-1,0,5,1,419,0.463,3,0
4440,0,-1,0,5,1,523,0.507,19,0
4441,0,-1,0,4,1,713,0.05,28,0
4442,0,-1,0,4,1,691,0.661,4,0
4443,0,-1,0,5,1,117,-0.127,2,0
4444,0,-1,0,4,1,732,0.37,21,0
4445,0,-1,0,5,1,476,-0.186,25,0
4446,0,-1,0,5,1,158,0.198,15,0
4447,0,-1,0,5,1,656,-0.06,9,0
4448,0,-1,0,4,1,298,0.701,17,0
4449,0,-1,0,5,1,249,0.42,23,0
4450,0,-1,0,4,1,470,-0.063,22,0
4451,0,-1,0,4,1,166,0.676,14,0
4452,0,-1,0,4,1,757,0.62,4,0
4453,0,-1,0,5,1,289,-0.096,19,0
4454,0,-1,0,4,1,592,-0.111,22,0
4455,0,-1,0,4,1,330,0.031,6,0
4456,0,-1,0,4,1,77,0.42,25,0
4457,0,-1,0,2,1,324,0.05,14,0
4458,0,-1,0,5,1,118,0.908,23,0
4459,0,-1,0,3,1,263,0.981,26,0
4460,0,-1,0,5,1,252,0.085,28,0
4461,0,-1,0,5,1,798,0.764,14,0
4462,0,-1,0,3,1,418,0.494,11,0
4463,0,-1,0,4,1,390,0.706,27,0
4464,0,-1,0,4,1,487,0.294,25,0
4465,0,-1,0,5,1,305,0.046,5,0
4466,0,-1,0,3,1,567,0.798,3,0
4467,0,-1,0,5,1,376,0.792,2,0
4468,0,-1,0,4,1,192,0.143,17,0
4469,0,-1,0,1,1,715,0.675,9,0
4470,0,-1,0,5,1,215,0.094,16,0
4471,0,-1,0,4,1,260,0.783,1,0
4472,0,-1,0,2,1,590,0.002,17,0
4473,0,-1,0,2,1,550,0.004,13,0
4474,0,-1,0,5,1,278,0.85,3,0
4475,0,-1,0,3,1,598,-0.082,19,0
4476,0,-1,0,4,1,138,0.874,11,0
4477,0,-1,0,4,1,90,-0.039,14,0
4478,0,-1,0,5,1,441,0.274,22,0
4479,0,-1,0,4,1,304,0.09,1,0
4480,0,-1,0,4,1,195,0.684,14,0
4481,0,-1,0,3,1,791,0.357,19,0
4482,0,-1,0,4,1,701,0.74,19,0
4483,0,-1,0,4,1,262,0.223,8,0
4484,0,-1,0,4,1,169,0.518,24,0
4485,0,-1,0,3,1,685,0.777,15,0
4486,0,-1,0,5,1,696,0.182,22,0
4487,0,-1,0,2,1,566,0.439,5,0
4488,0,-1,0,4,1,330,-0.172,23,0
4489,0,-1,0,5,1,292,0.807,19,0
4490,0,-1,0,5,1,744,0.692,1,0
4491,0,-1,0,3,1,584,0.474,7,0
4492,0,-1,0,4,1,576,0.905,10,0
4493,0,-1,0,3,1,774,0.616,24,0
4494,0,-1,0,5,1,412,0.027,15,0
4495,0,-1,0,5,1,514,-0.041,20,0
4496,0,-1,0,5,1,479,0.015,21,0
4497,0,-1,0,4,1,327,0.482,23,0
4498,0,-1,0,4,1,606,0.562,12,0
4499,0,-1,0,2,1,100,-0.033,16,0
4500,0,-1,0,5,1,631,0.921,20,0
4501,0,-1,0,4,1,250,0.328,2,0
4502,0,-1,0,3,1,374,0.111,3,0
4503,0,-1,0,5,1,558,-0.098,14,0
4504,0,-1,0,5,1,195,0.897,26,0
4505,0,-1,0,4,1,237,0.595,14,0
4506,0,-1,0,5,1,556,0.696,21,0
4507,0,-1,0,4,1,785,0.192,8,0
4508,0,-1,0,5,1,784,0.38,4,0
4509,0,-1,0,5,1,187,0.215,10,0
4510,0,-1,0,5,1,295,0.498,28,0
4511,0,-1,0,5,1,443,0.137,25,0
4512,0,-1,0,4,1,81,0.741,10,0
4513,0,-1,0,1,1,59,0.037,5,0
4514,0,-1,0,4,1,688,-0.049,29,0
4515,0,-1,0,5,1,86,0.466,10,0
4516,0,-1,0,5,1,285,0.928,19,0
4517,0,-1,0,4,1,742,0.663,11,0
4518,0,-1,0,3,1,310,0.217,25,0
4519,0,-1,0,5,1,352,0.123,2,0
4520,0,-1,0,4,1,379,0.308,1,0
4521,0,-1,0,4,1,632,0.455,6,0
4522,0,-1,0,4,1,304,0.941,28,0
4523,0,-1,0,5,1,217,-0.155,8,0
4524,0,-1,0,5,1,646,-0.055,20,0
4525,0,-1,0,5,1,743,0.943,9,0
4526,0,-1,0,5,1,616,0.185,23,0
4527,0,-1,0,4,1,759,0.35,21,0
4528,0,-1,0,4,1,654,0.464,19,0
4529,0,-1,0,5,1,402,0.14,21,0
4530,0,-1,0,5,1,743,-0.153,13,0
4531,0,-1,0,4,1,556,0.283,3,0
4532,0,-1,0,4,1,91,-0.16,10,0
4533,0,-1,0,5,1,182,0.783,8,0
4534,0,-1,0,2,1,105,0.24,21,0
4535,0,-1,0,3,1,470,-0.193,15,0
4536,0,-1,0,1,1,373,-0.019,8,0
4537,0,-1,0,5,1,479,0.82,18,0
4538,0,-1,0,2,1,283,0.363,27,0
4539,0,-1,0,4,1,750,0.504,15,0
4540,0,-1,0,5,1,236,0.435,11,0
4541,0,-1,0,5,1,756,0.942,15,0
4542,0,-1,0,1,1,126,0.275,11,0
4543,0,-1,0,5,1,496,0.305,27,0
4544,0,-1,0,2,1,126,0.336,27,0
4545,0,-1,0,4,1,371,0.067,13,0
4546,0,-1,0,5,1,753,0.764,12,0
4547,0,-1,0,3,1,436,0.525,18,0
4548,0,-1,0,5,1,221,-0.078,15,0
4549,0,-1,0,4,1,442,-0.192,19,0
4550,0,-1,0,5,1,710,0.378,22,0
4551,0,-1,0,4,1,61,0.142,13,0
4552,0,-1,0,4,1,206,0.005,7,0
4553,0,-1,0,4,1,468,0.988,22,0
4554,0,-1,0,5,1,365,0.308,14,0
4555,0,-1,0,5,1,569,0.827,9,0
4556,0,-1,0,5,1,304,0.518,4,0
4557,0,-1,0,4,1,286,-0.078,15,0
4558,0,-1,0,4,1,455,0.068,24,0
4559,0,-1,0,4,1,789,0.103,4,0
4560,0,-1,0,2,1,620,0.648,6,0
4561,0,-1,0,5,1,132,0.781,4,0
4562,0,-1,0,2,1,670,0.557,2,0
4563,0,-1,0,5,1,303,0.65,5,0
4564,0,-1,0,5,1,767,0.335,10,0
4565,0,-1,0,5,1,794,0.865,17,0
4566,0,-1,0,4,1,642,0.768,7,0
4567,0,-1,0,5,1,410,0.574,10,0
4568,0,-1,0,5,1,567,0.855,4,0
4569,0,-1,0,2,1,495,0.371,24,0
4570,0,-1,0,5,1,536,0.095,21,0
4571,0,-1,0,5,1,788,0.294,23,0
4572,0,-1,0,5,1,503,0.268,23,0
4573,0,-1,0,2,1,437,0.679,19,0
4574,0,-1,0,4,1,194,0.851,22,0
4575,0,-1,0,3,1,171,0.968,27,0
4576,0,-1,0,5,1,574,0.592,13,0
4577,0,-1,0,5,1,483,0.518,26,0
4578,0,-1,0,5,1,199,0.015,14,0
4579,0,-1,0,5,1,177,0.042,23,0
4580,0,-1,0,5,1,243,0.647,11,0
4581,0,-1,0,5,1,751,-0.179,28,0
4582,0,-1,0,5,1,708,0.103,19,0
4583,0,-1,0,3,1,642,-0.114,22,0
4584,0,-1,0,3,1,637,-0.19,2,0
4585,0,-1,0,3,1,463,0.756,5,0
4586,0,-1,0,4,1,495,0.645,3,0
4587,0,-1,0,5,1,86,0.069,18,0
4588,0,-1,0,1,1,660,-0.014,29,0
4589,0,-1,0,5,1,782,-0.147,11,0
4590,0,-1,0,5,1,86,0.77,21,0
4591,0,-1,0,4,1,771,0.515,29,0
4592,0,-1,0,4,1,234,0.834,9,0
4593,0,-1,0,2,1,231,0.884,24,0
4594,0,-1,0,5,1,714,0.412,5,0
4595,0,-1,0,4,1,644,0.527,25,0
4596,0,-1,0,5,1,698,0.151,19,0
4597,0,-1,0,5,1,648,0.727,10,0
4598,0,-1,0,5,1,385,0.742,17,0
4599,0,-1,0,4,1,229,0.906,29,0
4600,0,-1,0,5,1,67,0.623,15,0
4601,0,-1,0,5,1,736,0.927,10,0
4602,0,-1,0,2,1,88,0.5,19,0
4603,0,-1,0,4,1,331,-0.11,20,0
4604,0,-1,0,5,1,88,-0.181,9,0
4605,0,-1,0,4,1,129,-0.109,25,0
4606,0,-1,0,4,1,632,-0.089,11,0
4607,0,-1,0,5,1,219,0.478,8,0
4608,0,-1,0,5,1,536,0.873,17,0
4609,0,-1,0,4,1,263,0.041,5,0
4610,0,-1,0,5,1,289,0.826,5,0
4611,0,-1,0,5,1,751,0.08,17,0
4612,0,-1,0,4,1,775,0.996,19,0
4613,0,-1,0,3,1,595,0.095,1,0
4614,0,-1,0,5,1,620,0.086,24,0
4615,0,-1,0,5,1,480,0.097,12,0
4616,0,-1,0,5,1,368,0.366,16,0
4617,0,-1,0,4,1,521,0.51,8,0
4618,0,-1,0,4,1,168,0.375,25,0
4619,0,-1,0,5,1,737,0.969,8,0
4620,0,-1,0,5,1,613,0.166,25,0
4621,0,-1,0,5,1,162,0.965,23,0
4622,0,-1,0,4,1,62,0.802,13,0
4623,0,-1,0,5,1,70,0.66,15,0
4624,0,-1,0,4,1,690,0.775,1,0
4625,0,-1,0,2,1,738,0.809,23,0
4626,0,-1,0,5,1,167,0.176,9,0
4627,0,-1,0,2,1,80,0.344,29,0
4628,0,-1,0,3,1,307,0.805,1,0
4629,0,-1,0,5,1,773,0.386,7,0
4630,0,-1,0,1,1,292,-0.023,14,0
4631,0,-1,0,4,1,793,-0.051,1,0
4632,0,-1,0,3,1,98,0.417,8,0
4633,0,-1,0,5,1,211,0.286,15,0
4634,0,-1,0,4,1,486,-0.194,7,0
4635,0,-1,0,4,1,289,0.604,29,0
4636,0,-1,0,5,1,324,0.002,13,0
4637,0,-1,0,4,1,98,-0.088,7,0
4638,0,-1,0,5,1,59,0.484,20,0
4639,0,-1,0,5,1,713,0.411,22,0
4640,0,-1,0,4,1,613,0.725,11,0
4641,0,-1,0,5,1,480,0.524,22,0
4642,0,-1,0,5,1,93,0.501,21,0
4643,0,-1,0,4,1,702,-0.0,28,0
4644,0,-1,0,3,1,264,0.56,19,0
4645,0,-1,0,2,1,433,-0.175,20,0
4646,0,-1,0,5,1,571,0.582,24,0
4647,0,-1,0,5,1,603,0.289,7,0
4648,0,-1,0,3,1,272,-0.057,15,0
4649,0,-1,0,5,1,124,0.955,18,0
4650,0,-1,0,5,1,168,0.094,22,0
4651,0,-1,0,5,1,137,0.324,12,0
4652,0,-1,0,5,1,437,0.714,29,0
4653,0,-1,0,5,1,182,0.741,10,0
4654,0,-1,0,4,1,752,0.015,9,0
4655,0,-1,0,3,1,378,0.789,24,0
4656,0,-1,0,5,1,419,0.258,15,0
4657,0,-1,0,2,1,68,0.318,16,0
4658,0,-1,0,4,1,769,0.127,16,0
4659,0,-1,0,4,1,446,0.362,19,0
4660,0,-1,0,4,1,223,0.882,15,0
4661,0,-1,0,5,1,107,0.67,8,0
4662,0,-1,0,4,1,522,0.268,18,0
4663,0,-1,0,4,1,328,-0.161,7,0
4664,0,-1,0,5,1,617,0.928,4,0
4665,0,-1,0,4,1,481,0.756,25,0
4666,0,-1,0,3,1,297,0.938,21,0
4667,0,-1,0,5,1,452,0.259,25,0
4668,0,-1,0,3,1,462,-0.115,23,0
4669,0,-1,0,5,1,551,-0.04,10,0
4670,0,-1,0,2,1,482,0.889,28,0
4671,0,-1,0,4,1,769,0.076,3,0
4672,0,-1,0,5,1,486,0.955,27,0
4673,0,-1,0,5,1,436,0.244,15,0
4674,0,-1,0,5,1,67,0.712,9,0
4675,0,-1,0,5,1,382,0.797,6,0
4676,0,-1,0,5,1,292,0.862,9,0
4677,0,-1,0,5,1,691,0.657,24,0
4678,0,-1,0,3,1,285,0.424,6,0
4679,0,-1,0,5,1,131,0.323,1,0
4680,0,-1,0,5,1,529,0.563,9,0
4681,0,-1,0,5,1,528,0.417,16,0
4682,0,-1,0,4,1,471,-0.092,14,0
4683,0,-1,0,5,1,392,0.384,15,0
4684,0,-1,0,5,1,745,0.334,28,0
4685,0,-1,0,4,1,520,0.829,25,0
4686,0,-1,0,4,1,455,0.589,22,0
4687,0,-1,0,5,1,779,0.848,26,0
4688,0,-1,0,5,1,654,0.172,12,0
4689,0,-1,0,2,1,72,0.835,4,0
4690,0,-1,0,3,1,204,-0.185,19,0
4691,0,-1,0,4,1,696,0.847,25,0
4692,0,-1,0,5,1,789,0.97,9,0
4693,0,-1,0,5,1,257,0.0,10,0
4694,0,-1,0,3,1,630,0.176,28,0
4695,0,-1,0,1,1,140,0.827,10,0
4696,0,-1,0,4,1,367,0.662,16,0
4697,0,-1,0,5,1,210,0.314,1,0
4698,0,-1,0,5,1,100,0.905,4,0
4699,0,-1,0,3,1,426,-0.04,5,0
4700,0,-1,0,5,1,685,0.889,19,0
4701,0,-1,0,1,1,97,-0.05,11,0
4702,0,-1,0,2,1,774,-0.124,3,0
4703,0,-1,0,4,1,781,0.315,18,0
4704,0,-1,0,5,1,330,0.632,8,0
4705,0,-1,0,4,1,126,-0.045,22,0
4706,0,-1,0,4,1,177,0.058,4,0
4707,0,-1,0,5,1,744,0.084,8,0
4708,0,-1,0,1,1,92,0.786,23,0
4709,0,-1,0,5,1,677,0.5,8,0
4710,0,-1,0,3,1,316,0.42,28,0
4711,0,-1,0,4,1,401,0.651,16,0
4712,0,-1,0,4,1,199,0.944,28,0
4713,0,-1,0,3,1,507,0.715,20,0
4714,0,-1,0,5,1,761,0.926,26,0
4715,0,-1,0,5,1,539,-0.186,27,0
4716,0,-1,0,5,1,511,0.47,28,0
4717,0,-1,0,4,1,65,0.28,21,0
4718,0,-1,0,5,1,333,0.402,5,0
4719,0,-1,0,3,1,658,0.424,22,0
4720,0,-1,0,5,1,188,0.867,3,0
4721,0,-1,0,4,1,413,0.216,17,0
4722,0,-1,0,2,1,475,0.951,26,0
4723,0,-1,0,5,1,763,-0.047,1,0
4724,0,-1,0,5,1,423,0.444,12,0
4725,0,-1,0,2,1,276,0.816,21,0
4726,0,-1,0,5,1,129,-0.058,27,0
4727,0,-1,0,4,1,419,0.732,19,0
4728,0,-1,0,4,1,202,-0.112,15,0
4729,0,-1,0,5,1,671,0.839,2,0
4730,0,-1,0,4,1,434,0.265,12,0
4731,0,-1,0,5,1,56,0.159,17,0
4732,0,-1,0,5,1,736,-0.148,24,0
4733,0,-1,0,1,1,503,0.492,7,0
4734,0,-1,0,4,1,669,0.607,10,0
4735,0,-1,0,5,1,624,0.497,24,0
4736,0,-1,0,3,1,94,0.604,7,0
4737,0,-1,0,4,1,275,0.952,9,0
4738,0,-1,0,5,1,745,0.835,15,0
4739,0,-1,0,5,1,581,0.297,2,0
4740,0,-1,0,3,1,529,0.204,16,0
4741,0,-1,0,4,1,410,-0.056,9,0
4742,0,-1,0,5,1,109,0.216,13,0
4743,0,-1,0,5,1,618,0.414,15,0
4744,0,-1,0,5,1,408,0.658,21,0
4745,0,-1,0,5,1,273,0.136,17,0
4746,0,-1,0,5,1,329,0.287,29,0
4747,0,-1,0,4,1,381,0.695,1,0
4748,0,-1,0,2,1,549,0.147,29,0
4749,0,-1,0,5,1,190,0.7,5,0
4750,0,-1,0,3,1,299,0.337,17,0
4751,0,-1,0,4,1,510,0.873,24,0
4752,0,-1,0,3,1,727,0.958,11,0
4753,0,-1,0,5,1,305,0.509,29,0
4754,0,-1,0,5,1,266,0.53,23,0
4755,0,-1,0,5,1,120,0.82,6,0
4756,0,-1,0,4,1,327,0.679,13,0
4757,0,-1,0,4,1,214,0.508,6,0
4758,0,-1,0,3,1,80,0.419,2,0
4759,0,-1,0,4,1,58,0.822,28,0
4760,0,-1,0,5,1,385,0.977,23,0
4761,0,-1,0,3,1,694,0.756,25,0
4762,0,-1,0,5,1,164,0.809,6,0
4763,0,-1,0,5,1,526,0.317,17,0
4764,0,-1,0,4,1,627,0.416,7,0
4765,0,-1,0,4,1,149,0.337,7,0
4766,0,-1,0,4,1,639,0.997,5,0
4767,0,-1,0,4,1,308,0.336,4,0
4768,0,-1,0,5,1,440,-0.023,12,0
4769,0,-1,0,5,1,341,0.023,18,0
4770,0,-1,0,4,1,361,0.268,9,0
4771,0,-1,0,5,1,259,0.525,2,0
4772,0,-1,0,3,1,658,0.073,22,0
4773,0,-1,0,4,1,50,0.163,13,0
4774,0,-1,0,5,1,572,0.572,6,0
4775,0,-1,0,5,1,379,0.844,13,0
4776,0,-1,0,4,1,267,0.355,10,0
4777,0,-1,0,5,1,371,0.008,25,0
4778,0,-1,0,5,1,302,0.1,18,0
4779,0,-1,0,4,1,115,-0.086,26,0
4780,0,-1,0,4,1,550,0.399,28,0
4781,0,-1,0,5,1,128,0.117,5,0
4782,0,-1,0,2,1,601,-0.154,29,0
4783,0,-1,0,1,1,146,-0.11,13,0
4784,0,-1,0,5,1,206,-0.108,20,0
4785,0,-1,0,2,1,719,0.955,24,0
4786,0,-1,0,3,1,450,0.989,13,0
4787,0,-1,0,4,1,195,0.13,21,0
4788,0,-1,0,5,1,797,0.814,18,0
4789,0,-1,0,4,1,495,0.96,5,0
4790,0,-1,0,4,1,240,0.707,11,0
4791,0,-1,0,5,1,695,0.22,6,0
4792,0,-1,0,4,1,567,0.67,26,0
4793,0,-1,0,5,1,564,0.2,24,0
4794,0,-1,0,5,1,467,-0.143,3,0
4795,0,-1,0,2,1,389,-0.102,14,0
4796,0,-1,0,4,1,485,0.876,15,0
4797,0,-1,0,3,1,210,0.919,14,0
4798,0,-1,0,4,1,272,0.568,5,0
4799,0,-1,0,4,1,329,0.019,22,0
4800,0,-1,0,3,1,533,0.93,13,0
4801,0,-1,0,5,1,54,0.72,24,0
4802,0,-1,0,4,1,172,0.035,3,0
4803,0,-1,0,3,1,682,0.164,14,0
4804,0,-1,0,4,1,466,0.687,26,0
4805,0,-1,0,5,1,709,0.132,6,0
4806,0,-1,0,5,1,405,0.395,7,0
4807,0,-1,0,5,1,580,0.143,13,0
4808,0,-1,0,3,1,559,0.929,4,0
4809,0,-1,0,4,1,610,0.435,21,0
4810,0,-1,0,3,1,724,0.019,13,0
4811,0,-1,0,3,1,128,0.681,20,0
4812,0,-1,0,2,1,394,0.349,18,0
4813,0,-1,0,4,1,600,0.086,19,0
4814,0,-1,0,5,1,317,0.578,13,0
4815,0,-1,0,5,1,680,-0.133,9,0
4816,0,-1,0,4,1,715,0.26,18,0
4817,0,-1,0,4,1,307,-0.005,17,0
4818,0,-1,0,2,1,624,-0.043,23,0
4819,0,-1,0,5,1,293,0.486,1,0
4820,0,-1,0,5,1,373,0.493,9,0
4821,0,-1,0,2,1,237,0.265,18,0
4822,0,-1,0,4,1,183,0.892,11,0
4823,0,-1,0,1,1,726,-0.147,4,0
4824,0,-1,0,1,1,716,-0.149,8,0
4825,0,-1,0,5,1,374,0.918,28,0
4826,0,-1,0,5,1,115,0.303,16,0
4827,0,-1,0,5,1,507,-0.053,26,0
4828,0,-1,0,1,1,200,0.491,14,0
4829,0,-1,0,5,1,709,-0.168,18,0
4830,0,-1,0,1,1,256,-0.027,16,0
4831,0,-1,0,4,1,262,-0.112,20,0
4832,0,-1,0,4,1,700,0.331,27,0
4833,0,-1,0,1,1,514,-0.039,1,0
4834,0,-1,0,1,1,434,0.92,18,0
4835,0,-1,0,3,1,714,-0.19,10,0
4836,0,-1,0,5,1,732,-0.13,28,0
4837,0,-1,0,2,1,179,0.589,14,0
4838,0,-1,0,5,1,738,-0.194,29,0
4839,0,-1,0,1,1,542,0.498,14,0
4840,0,-1,0,4,1,346,0.12,4,0
4841,0,-1,0,5,1,142,0.665,9,0
4842,0,-1,0,5,1,795,-0.196,17,0
4843,0,-1,0,1,1,540,0.285,22,0
4844,0,-1,0,3,1,200,0.561,28,0
4845,0,-1,0,5,1,461,0.649,15,0
4846,0,-1,0,5,1,775,0.037,22,0
4847,0,-1,0,5,1,565,0.883,9,0
4848,0,-1,0,5,1,558,0.419,22,0
4849,0,-1,0,5,1,184,-0.109,21,0
4850,0,-1,0,5,1,183,0.116,25,0
4851,0,-1,0,5,1,547,0.766,8,0
4852,0,-1,0,1,1,662,0.6,17,0
4853,0,-1,0,1,1,502,0.888,9,0
4854,0,-1,0,5,1,320,0.753,2,0
4855,0,-1,0,5,1,145,0.46,18,0
4856,0,-1,0,5,1,169,0.268,15,0
4857,0,-1,0,4,1,257,0.339,8,0
4858,0,-1,0,5,1,314,-0.088,26,0
4859,0,-1,0,5,1,298,0.59,21,0
4860,0,-1,0,4,1,176,0.245,20,0
4861,0,-1,0,4,1,607,0.584,13,0
4862,0,-1,0,5,1,248,0.459,12,0
4863,0,-1,0,2,1,142,-0.15,22,0
4864,0,-1,0,5,1,101,0.428,27,0
4865,0,-1,0,5,1,693,0.27,29,0
4866,0,-1,0,4,1,715,0.836,10,0
4867,0,-1,0,5,1,248,0.01,23,0
4868,0,-1,0,5,1,501,0.899,16,0
4869,0,-1,0,4,1,306,0.883,20,0
4870,0,-1,0,5,1,414,0.518,20,0
4871,0,-1,0,5,1,454,0.919,7,0
4872,0,-1,0,5,1,134,0.682,10,0
4873,0,-1,0,5,1,679,-0.178,29,0
4874,0,-1,0,5,1,773,0.219,26,0
4875,0,-1,0,3,1,668,0.498,3,0
4876,0,-1,0,2,1,136,0.273,9,0
4877,0,-1,0,5,1,260,0.569,29,0
4878,0,-1,0,5,1,463,0.909,27,0
4879,0,-1,0,5,1,439,-0.1,23,0
4880,0,-1,0,3,1,535,0.67,23,0
4881,0,-1,0,5,1,306,0.98,29,0
4882,0,-1,0,4,1,683,0.783,3,0
4883,0,-1,0,5,1,702,0.52,16,0
4884,0,-1,0,4,1,186,-0.164,1,0
4885,0,-1,0,4,1,588,0.028,28,0
4886,0,-1,0,2,1,738,0.784,5,0
4887,0,-1,0,5,1,726,-0.184,17,0
4888,0,-1,0,2,1,210,0.219,27,0
4889,0,-1,0,4,1,680,0.518,8,0
4890,0,-1,0,5,1,374,0.236,27,0
4891,0,-1,0,4,1,248,0.091,5,0
4892,0,-1,0,4,1,618,0.135,11,0
4893,0,-1,0,3,1,140,0.78,9,0
4894,0,-1,0,5,1,418,0.91,20,0
4895,0,-1,0,1,1,303,-0.158,7,0
4896,0,-1,0,4,1,137,0.053,2,0
4897,0,-1,0,5,1,230,-0.14,13,0
4898,0,-1,0,5,1,376,0.798,19,0
4899,0,-1,0,5,1,81,0.721,19,0
4900,0,-1,0,4,1,85,0.317,5,0
4901,0,-1,0,2,1,123,0.671,20,0
4902,0,-1,0,1,1,445,0.745,16,0
4903,0,-1,0,4,1,537,0.26,23,0
4904,0,-1,0,4,1,213,-0.13,7,0
4905,0,-1,0,5,1,654,0.74,9,0
4906,0,-1,0,5,1,690,0.825,19,0
4907,0,-1,0,5,1,131,0.468,12,0
4908,0,-1,0,3,1,244,0.223,7,0
4909,0,-1,0,4,1,600,0.438,29,0
4910,0,-1,0,4,1,191,0.099,7,0
4911,0,-1,0,5,1,137,0.178,23,0
4912,0,-1,0,2,1,413,-0.103,17,0
4913,0,-1,0,5,1,243,0.247,20,0
4914,0,-1,0,5,1,262,-0.136,19,0
4915,0,-1,0,5,1,192,0.806,13,0
4916,0,-1,0,5,1,376,0.11,12,0
4917,0,-1,0,5,1,363,0.224,23,0
4918,0,-1,0,5,1,369,-0.013,29,0
4919,0,-1,0,1,1,487,0.425,26,0
4920,0,-1,0,4,1,91,0.177,10,0
4921,0,-1,0,4,1,632,0.154,22,0
4922,0,-1,0,5,1,344,-0.018,14,0
4923,0,-1,0,5,1,327,0.541,12,0
4924,0,-1,0,5,1,200,0.3,8,0
4925,0,-1,0,5,1,55,0.579,21,0
4926,0,-1,0,4,1,137,0.156,6,0
4927,0,-1,0,5,1,474,0.443,26,0
4928,0,-1,0,1,1,324,0.909,28,0
4929,0,-1,0,5,1,169,0.321,25,0
4930,0,-1,0,5,1,243,0.448,5,0
4931,0,-1,0,5,1,741,0.936,16,0
4932,0,-1,0,5,1,126,0.252,15,0
4933,0,-1,0,4,1,313,0.482,6,0
4934,0,-1,0,5,1,555,0.048,9,0
4935,0,-1,0,3,1,302,0.579,28,0
4936,0,-1,0,5,1,722,0.504,22,0
4937,0,-1,0,5,1,250,0.766,9,0
4938,0,-1,0,3,1,469,0.881,24,0
4939,0,-1,0,5,1,144,0.871,3,0
4940,0,-1,0,4,1,601,0.873,21,0
4941,0,-1,0,5,1,524,0.144,26,0
4942,0,-1,0,5,1,468,0.152,9,0
4943,0,-1,0,4,1,57,-0.136,28,0
4944,0,-1,0,5,1,572,0.365,24,0
4945,0,-1,0,5,1,277,0.253,9,0
4946,0,-1,0,5,1,564,0.55,7,0
4947,0,-1,0,5,1,712,0.422,19,0
4948,0,-1,0,5,1,582,0.976,11,0
4949,0,-1,0,3,1,381,0.723,14,0
4950,0,-1,0,5,1,597,-0.015,6,0
4951,0,-1,0,4,1,606,0.451,13,0
4952,0,-1,0,5,1,622,0.62,12,0
4953,0,-1,0,5,1,590,0.066,2,0
4954,0,-1,0,5,1,428,0.933,24,0
4955,0,-1,0,2,1,609,0.466,25,0
4956,0,-1,0,5,1,243,0.47,25,0
4957,0,-1,0,1,1,284,0.741,21,0
4958,0,-1,0,4,1,521,0.84,24,0
4959,0,-1,0,4,1,554,0.13,19,0
4960,0,-1,0,5,1,504,-0.197,6,0
4961,0,-1,0,4,1,160,-0.088,27,0
4962,0,-1,0,2,1,778,0.296,19,0
4963,0,-1,0,1,1,420,0.142,27,0
4964,0,-1,0,5,1,143,0.711,14,0
4965,0,-1,0,5,1,432,0.253,5,0
4966,0,-1,0,4,1,132,-0.083,6,0
4967,0,-1,0,5,1,275,0.508,20,0
4968,0,-1,0,5,1,138,0.628,21,0
4969,0,-1,0,5,1,268,0.211,5,0
4970,0,-1,0,4,1,559,-0.169,12,0
4971,0,-1,0,4,1,57,0.202,23,0
4972,0,-1,0,5,1,532,0.068,11,0
4973,0,-1,0,5,1,372,0.094,21,0
4974,0,-1,0,5,1,566,0.785,24,0
4975,0,-1,0,5,1,614,0.825,21,0
4976,0,-1,0,5,1,781,0.063,20,0
4977,0,-1,0,5,1,177,-0.049,27,0
4978,0,-1,0,4,1,355,0.439,6,0
4979,0,-1,0,2,1,114,0.405,8,0
4980,0,-1,0,5,1,723,-0.083,13,0
4981,0,-1,0,5,1,368,-0.005,9,0
4982,0,-1,0,4,1,734,0.517,28,0
4983,0,-1,0,5,1,268,-0.17,21,0
4984,0,-1,0,4,1,77,0.092,5,0
4985,0,-1,0,5,1,474,0.753,23,0
4986,0,-1,0,5,1,206,0.471,28,0
4987,0,-1,0,2,1,50,-0.029,10,0
4988,0,-1,0,4,1,69,0.343,22,0
4989,0,-1,0,4,1,615,0.079,27,0
4990,0,-1,0,4,1,320,0.296,17,0
4991,0,-1,0,4,1,381,0.507,8,0
4992,0,-1,0,4,1,152,0.544,15,0
4993,0,-1,0,4,1,316,0.934,1,0
4994,0,-1,0,5,1,730,0.246,3,0
4995,0,-1,0,5,1,568,0.778,6,0
4996,0,-1,0,1,1,362,0.75,29,0
4997,0,-1,0,5,1,679,-0.022,19,0
4998,0,-1,0,4,1,50,0.59,8,0
4999,0,-1,0,5,1,256,0.919,1,0
5000,0,-1,0,2,1,719,0.871,9,0
5001,0,-1,0,4,1,150,-0.071,28,0
5002,0,-1,0,4,1,319,-0.052,13,0
5003,0,-1,0,4,1,588,0.533,21,0
5004,0,-1,0,4,1,330,0.085,2,0
5005,0,-1,0,4,1,79,0.953,20,0
5006,0,-1,0,4,1,545,0.922,10,0
5007,0,-1,0,5,1,445,0.851,23,0
5008,0,-1,0,4,1,358,0.547,4,0
5009,0,-1,0,2,1,120,0.017,21,0
5010,0,-1,0,5,1,633,-0.063,19,0
5011,0,-1,0,5,1,767,0.928,12,0
5012,0,-1,0,3,1,312,-0.004,5,0
5013,0,-1,0,5,1,111,-0.119,17,0
5014,0,-1,0,4,1,173,0.391,17,0
5015,0,-1,0,5,1,550,0.587,5,0
5016,0,-1,0,5,1,313,0.005,14,0
5017,0,-1,0,3,1,527,0.084,22,0
5018,0,-1,0,5,1,104,0.5,11,0
5019,0,-1,0,5,1,545,0.803,29,0
5020,0,-1,0,5,1,408,0.511,27,0
5021,0,-1,0,1,1,573,-0.08,12,0
5022,0,-1,0,4,1,380,0.586,10,0
5023,0,-1,0,5,1,290,-0.105,21,0
5024,0,-1,0,3,1,127,-0.034,20,0
5025,0,-1,0,5,1,650,0.458,16,0
5026,0,-1,0,4,1,109,0.524,22,0
5027,0,-1,0,4,1,656,0.955,11,0
5028,0,-1,0,2,1,542,0.215,12,0
5029,0,-1,0,5,1,551,-0.015,18,0
5030,0,-1,0,5,1,498,0.441,21,0
5031,0,-1,0,5,1,376,0.448,18,0
5032,0,-1,0,5,1,459,0.659,17,0
5033,0,-1,0,4,1,92,-0.15,11,0
5034,0,-1,0,4,1,128,0.049,25,0
5035,0,-1,0,4,1,503,0.507,23,0
5036,0,-1,0,5,1,707,-0.062,10,0
5037,0,-1,0,5,1,324,0.06,14,0
5038,0,-1,0,1,1,390,0.973,15,0
5039,0,-1,0,4,1,505,0.703,28,0
5040,0,-1,0,5,1,627,0.97,29,0
5041,0,-1,0,5,1,320,0.538,19,0
5042,0,-1,0,4,1,395,-0.107,11,0
5043,0,-1,0,3,1,627,0.868,5,0
5044,0,-1,0,4,1,388,0.53,8,0
5045,0,-1,0,5,1,152,-0.081,21,0
5046,0,-1,0,1,1,233,0.186,26,0
5047,0,-1,0,2,1,333,0.305,14,0
5048,0,-1,0,5,1,726,0.731,25,0
5049,0,-1,0,5,1,514,0.101,7,0
5050,0,-1,0,3,1,372,0.367,12,0
5051,0,-1,0,5,1,269,0.627,20,0
5052,0,-1,0,4,1,522,0.659,7,0
5053,0,-1,0,4,1,127,0.132,18,0
5054,0,-1,0,3,1,190,0.176,16,0
5055,0,-1,0,4,1,259,0.067,14,0
5056,0,-1,0,3,1,610,0.258,7,0
5057,0,-1,0,5,1,472,0.185,3,0
5058,0,-1,0,2,1,304,-0.004,17,0
5059,0,-1,0,5,1,308,-0.092,29,0
5060,0,-1,0,5,1,278,0.673,20,0
5061,0,-1,0,2,1,196,0.719,25,0
5062,0,-1,0,5,1,263,0.723,9,0
5063,0,-1,0,5,1,419,0.638,14,0
5064,0,-1,0,2,1,50,0.453,14,0
5065,0,-1,0,4,1,671,0.739,5,0
5066,0,-1,0,5,1,491,0.668,13,0
5067,0,-1,0,2,1,321,-0.105,3,0
5068,0,-1,0,4,1,95,0.443,19,0
5069,0,-1,0,5,1,257,0.167,4,0
5070,0,-1,0,5,1,449,0.732,23,0
5071,0,-1,0,4,1,156,0.58,19,0
5072,0,-1,0,4,1,371,0.415,3,0
5073,0,-1,0,4,1,382,-0.141,12,0
5074,0,-1,0,2,1,608,0.136,7,0
5075,0,-1,0,2,1,266,0.403,5,0
5076,0,-1,0,1,1,519,-0.141,3,0
5077,0,-1,0,3,1,559,0.552,10,0
5078,0,-1,0,2,1,171,0.026,4,0
5079,0,-1,0,4,1,416,0.593,11,0
5080,0,-1,0,3,1,101,0.745,4,0
5081,0,-1,0,3,1,586,0.564,13,0
5082,0,-1,0,4,1,221,0.096,25,0
5083,0,-1,0,5,1,715,-0.11,3,0
5084,0,-1,0,4,1,65,0.711,11,0
5085,0,-1,0,5,1,234,-0.029,4,0
5086,0,-1,0,4,1,793,0.762,16,0
5087,0,-1,0,4,1,527,0.837,24,0
5088,0,-1,0,5,1,607,-0.131,12,0
5089,0,-1,0,5,1,438,0.112,18,0
5090,0,-1,0,4,1,255,0.582,7,0
5091,0,-1,0,2,1,364,0.879,24,0
5092,0,-1,0,5,1,674,0.239,7,0
5093,0,-1,0,1,1,72,0.94,27,0
5094,0,-1,0,3,1,316,-0.172,11,0
5095,0,-1,0,5,1,704,0.964,27,0
5096,0,-1,0,5,1,639,0.057,29,0
5097,0,-1,0,5,1,154,0.038,7,0
5098,0,-1,0,5,1,177,0.661,8,0
5099,0,-1,0,1,1,111,0.329,27,0
5100,0,-1,0,5,1,759,0.312,16,0
5101,0,-1,0,4,1,280,0.497,4,0
5102,0,-1,0,1,1,553,0.447,8,0
5103,0,-1,0,5,1,519,0.074,14,0
5104,0,-1,0,5,1,778,0.268,26,0
5105,0,-1,0,5,1,695,-0.015,23,0
5106,0,-1,0,4,1,107,0.464,22,0
5107,0,-1,0,5,1,243,0.165,24,0
5108,0,-1,0,3,1,121,0.551,16,0
5109,0,-1,0,5,1,255,0.118,25,0
5110,0,-1,0,3,1,403,0.131,14,0
5111,0,-1,0,3,1,508,0.735,15,0
5112,0,-1,0,4,1,141,0.826,11,0
5113,0,-1,0,4,1,521,0.735,9,0
5114,0,-1,0,5,1,300,0.964,7,0
5115,0,-1,0,4,1,117,0.901,23,0
5116,0,-1,0,4,1,373,0.811,25,0
5117,0,-1,0,5,1,590,0.164,18,0
5118,0,-1,0,3,1,474,0.369,15,0
5119,0,-1,0,5,1,577,0.767,7,0
5120,0,-1,0,3,1,624,-0.016,10,0
5121,0,-1,0,1,1,454,0.595,17,0
5122,0,-1,0,4,1,649,0.206,13,0
5123,0,-1,0,5,1,444,0.6,28,0
5124,0,-1,0,1,1,752,0.675,14,0
5125,0,-1,0,1,1,237,0.05,2,0
5126,0,-1,0,2,1,163,0.368,25,0
5127,0,-1,0,2,1,113,0.125,3,0
5128,0,-1,0,5,1,783,0.525,20,0
5129,0,-1,0,5,1,163,0.357,7,0
5130,0,-1,0,3,1,285,0.461,15,0
5131,0,-1,0,4,1,759,0.442,21,0
5132,0,-1,0,3,1,142,0.218,2,0
5133,0,-1,0,5,1,656,0.601,11,0
5134,0,-1,0,3,1,137,-0.188,10,0
5135,0,-1,0,5,1,120,0.424,5,0
5136,0,-1,0,4,1,768,0.381,2,0
5137,0,-1,0,5,1,399,0.727,19,0
5138,0,-1,0,5,1,294,0.987,10,0
5139,0,-1,0,5,1,278,0.008,1,0
5140,0,-1,0,5,1,758,0.764,13,0
5141,0,-1,0,4,1,619,0.187,19,0
5142,0,-1,0,5,1,291,0.136,26,0
5143,0,-1,0,5,1,75,0.476,6,0
5144,0,-1,0,2,1,117,0.231,19,0
5145,0,-1,0,5,1,486,0.436,22,0
5146,0,-1,0,5,1,367,0.436,28,0
5147,0,-1,0,5,1,341,0.342,25,0
5148,0,-1,0,4,1,724,0.417,23,0
5149,0,-1,0,2,1,195,0.937,1,0
5150,0,-1,0,4,1,67,0.75,14,0
5151,0,-1,0,2,1,218,0.883,10,0
5152,0,-1,0,4,1,686,0.695,10,0
5153,0,-1,0,5,1,313,0.327,3,0
5154,0,-1,0,5,1,738,0.082,5,0
5155,0,-1,0,4,1,557,0.533,10,0
5156,0,-1,0,2,1,127,0.463,13,0
5157,0,-1,0,5,1,444,-0.19,14,0
5158,0,-1,0,5,1,69,0.702,8,0
5159,0,-1,0,5,1,731,0.578,5,0
5160,0,-1,0,2,1,119,0.536,1,0
5161,0,-1,0,5,1,583,-0.124,1,0
5162,0,-1,0,5,1,633,0.698,22,0
5163,0,-1,0,4,1,194,0.175,25,0
5164,0,-1,0,5,1,113,-0.028,27,0
5165,0,-1,0,3,1,97,0.274,2,0
5166,0,-1,0,4,1,370,-0.004,13,0
5167,0,-1,0,5,1,494,0.288,24,0
5168,0,-1,0,3,1,311,-0.138,2,0
5169,0,-1,0,4,1,65,0.654,7,0
5170,0,-1,0,5,1,614,0.741,2,0
5171,0,-1,0,2,1,660,0.996,1,0
5172,0,-1,0,4,1,76,0.429,24,0
5173,0,-1,0,5,1,543,0.467,5,0
5174,0,-1,0,3,1,542,0.017,3,0
5175,0,-1,0,5,1,358,0.351,8,0
5176,0,-1,0,4,1,79,0.92,23,0
5177,0,-1,0,3,1,758,0.939,11,0
5178,0,-1,0,5,1,577,0.881,18,0
5179,0,-1,0,4,1,78,0.393,8,0
5180,0,-1,0,4,1,276,0.163,28,0
5181,0,-1,0,5,1,678,0.232,5,0
5182,0,-1,0,5,1,697,0.476,4,0
5183,0,-1,0,5,1,581,-0.1,18,0
5184,0,-1,0,4,1,484,0.23,7,0
5185,0,-1,0,5,1,469,0.666,17,0
5186,0,-1,0,5,1,401,0.957,17,0
5187,0,-1,0,5,1,151,0.832,19,0
5188,0,-1,0,5,1,179,0.486,12,0
5189,0,-1,0,5,1,627,0.053,25,0
5190,0,-1,0,4,1,545,0.119,24,0
5191,0,-1,0,5,1,112,0.886,17,0
5192,0,-1,0,3,1,80,0.405,2,0
5193,0,-1,0,4,1,447,0.278,5,0
5194,0,-1,0,4,1,148,-0.025,25,0
5195,0,-1,0,5,1,744,-0.07,19,0
5196,0,-1,0,5,1,577,-0.098,10,0
5197,0,-1,0,4,1,722,0.613,19,0
5198,0,-1,0,5,1,592,0.013,9,0
5199,0,-1,0,3,1,98,0.117,20,0
5200,0,-1,0,4,1,688,0.506,3,0
5201,0,-1,0,1,1,453,0.839,18,0
5202,0,-1,0,5,1,518,0.298,22,0
5203,0,-1,0,5,1,265,0.163,28,0
5204,0,-1,0,4,1,613,0.315,27,0
5205,0,-1,0,4,1,304,0.105,9,0
5206,0,-1,0,5,1,434,0.336,11,0
5207,0,-1,0,5,1,418,0.97,15,0
5208,0,-1,0,3,1,344,0.711,2,0
5209,0,-1,0,5,1,775,0.438,5,0
5210,0,-1,0,5,1,272,0.601,15,0
5211,0,-1,0,2,1,58,0.631,26,0
5212,0,-1,0,2,1,634,0.533,29,0
5213,0,-1,0,5,1,257,0.939,28,0
5214,0,-1,0,4,1,698,0.267,28,0
5215,0,-1,0,4,1,363,0.759,8,0
5216,0,-1,0,4,1,545,0.288,16,0
5217,0,-1,0,5,1,199,0.617,1,0
5218,0,-1,0,4,1,484,0.863,5,0
5219,0,-1,0,5,1,405,0.473,24,0
5220,0,-1,0,3,1,782,0.537,28,0
5221,0,-1,0,5,1,277,0.728,29,0
5222,0,-1,0,4,1,456,0.142,8,0
5223,0,-1,0,5,1,630,0.298,2,0
5224,0,-1,0,4,1,744,-0.076,17,0
5225,0,-1,0,3,1,413,0.127,19,0
5226,0,-1,0,5,1,683,0.978,22,0
5227,0,-1,0,4,1,83,0.341,24,0
5228,0,-1,0,4,1,391,0.221,17,0
5229,0,-1,0,5,1,409,0.147,11,0
5230,0,-1,0,3,1,775,0.893,3,0
5231,0,-1,0,5,1,691,0.697,29,0
5232,0,-1,0,4,1,115,-0.141,14,0
5233,0,-1,0,5,1,586,0.379,15,0
5234,0,-1,0,5,1,750,0.769,2,0
5235,0,-1,0,5,1,552,0.445,25,0
5236,0,-1,0,4,1,553,0.073,18,0
5237,0,-1,0,4,1,420,0.438,20,0
5238,0,-1,0,4,1,92,-0.107,15,0
5239,0,-1,0,5,1,127,-0.09,25,0
5240,0,-1,0,4,1,704,-0.127,26,0
5241,0,-1,0,4,1,126,0.199,10,0
5242,0,-1,0,5,1,693,0.263,16,0
5243,0,-1,0,4,1,511,0.21,18,0
5244,0,-1,0,4,1,343,0.582,3,0
5245,0,-1,0,3,1,545,0.704,11,0
5246,0,-1,0,5,1,791,0.514,8,0
5247,0,-1,0,5,1,570,0.132,16,0
5248,0,-1,0,3,1,125,0.837,17,0
5249,0,-1,0,4,1,362,0.321,11,0
5250,0,-1,0,4,1,547,-0.162,20,0
5251,0,-1,0,4,1,795,0.951,17,0
5252,0,-1,0,3,1,80,-0.126,17,0
5253,0,-1,0,5,1,100,0.541,11,0
5254,0,-1,0,2,1,713,0.477,14,0
5255,0,-1,0,5,1,223,0.406,27,0
5256,0,-1,0,3,1,59,0.711,10,0
5257,0,-1,0,4,1,116,-0.097,22,0
5258,0,-1,0,1,1,506,0.952,11,0
5259,0,-1,0,2,1,577,0.551,17,0
5260,0,-1,0,5,1,499,-0.064,29,0
5261,0,-1,0,4,1,129,0.53,28,0
5262,0,-1,0,5,1,603,0.392,21,0
5263,0,-1,0,5,1,231,0.529,16,0
5264,0,-1,0,4,1,94,0.841,3,0
5265,0,-1,0,4,1,625,0.261,23,0
5266,0,-1,0,5,1,683,-0.076,20,0
5267,0,-1,0,3,1,363,-0.187,26,0
5268,0,-1,0,5,1,383,0.419,22,0
5269,0,-1,0,5,1,789,-0.168,11,0
5270,0,-1,0,5,1,119,0.834,12,0
5271,0,-1,0,4,1,740,0.587,5,0
5272,0,-1,0,5,1,192,0.611,7,0
5273,0,-1,0,5,1,414,0.885,11,0
5274,0,-1,0,5,1,256,0.504,8,0
5275,0,-1,0,4,1,489,0.308,28,0
5276,0,-1,0,5,1,411,0.083,12,0
5277,0,-1,0,3,1,498,0.748,11,0
5278,0,-1,0,2,1,196,0.734,14,0
5279,0,-1,0,4,1,238,0.787,22,0
5280,0,-1,0,5,1,636,-0.004,21,0
5281,0,-1,0,5,1,729,0.304,29,0
5282,0,-1,0,5,1,72,-0.199,28,0
5283,0,-1,0,5,1,303,0.376,3,0
5284,0,-1,0,3,1,720,-0.01,22,0
5285,0,-1,0,4,1,85,-0.02,21,0
5286,0,-1,0,2,1,540,0.664,13,0
5287,0,-1,0,2,1,724,-0.141,6,0
5288,0,-1,0,5,1,296,-0.046,13,0
5289,0,-1,0,5,1,84,0.521,13,0
5290,0,-1,0,5,1,348,0.614,15,0
5291,0,-1,0,5,1,709,0.665,8,0
5292,0,-1,0,5,1,350,0.934,17,0
5293,0,-1,0,4,1,52,0.862,24,0
5294,0,-1,0,5,1,384,0.314,12,0
5295,0,-1,0,5,1,667,0.805,2,0
5296,0,-1,0,5,1,365,-0.011,10,0
5297,0,-1,0,1,1,587,0.831,15,0
5298,0,-1,0,3,1,683,-0.121,21,0
5299,0,-1,0,4,1,417,0.808,17,0
5300,0,-1,0,5,1,300,0.527,23,0
5301,0,-1,0,3,1,762,0.043,20,0
5302,0,-1,0,1,1,665,1.0,21,0
5303,0,-1,0,1,1,797,0.566,15,0
5304,0,-1,0,4,1,761,0.512,8,0
5305,0,-1,0,4,1,518,0.141,1,0
5306,0,-1,0,2,1,518,0.49,7,0
5307,0,-1,0,4,1,599,0.69,11,0
5308,0,-1,0,4,1,272,0.83,16,0
5309,0,-1,0,5,1,163,0.539,26,0
5310,0,-1,0,5,1,713,0.444,7,0
5311,0,-1,0,5,1,117,0.107,1,0
5312,0,-1,0,5,1,621,0.174,12,0
5313,0,-1,0,5,1,323,0.166,2,0
5314,0,-1,0,5,1,695,0.368,29,0
5315,0,-1,0,5,1,154,0.176,7,0
5316,0,-1,0,5,1,55,0.322,13,0
5317,0,-1,0,5,1,154,0.08,24,0
5318,0,-1,0,5,1,137,0.28,21,0
5319,0,-1,0,1,1,729,0.157,15,0
5320,0,-1,0,4,1,475,0.913,7,0
5321,0,-1,0,5,1,772,0.765,8,0
5322,0,-1,0,5,1,473,0.845,16,0
5323,0,-1,0,2,1,495,0.781,8,0
5324,0,-1,0,5,1,569,0.729,26,0
5325,0,-1,0,4,1,667,-0.039,19,0
5326,0,-1,0,5,1,470,0.138,19,0
5327,0,-1,0,1,1,318,-0.059,1,0
5328,0,-1,0,4,1,301,0.933,6,0
5329,0,-1,0,2,1,112,0.602,5,0
5330,0,-1,0,5,1,147,-0.086,11,0
5331,0,-1,0,5,1,759,0.22,29,0
5332,0,-1,0,4,1,127,0.12,10,0
5333,0,-1,0,4,1,519,0.364,8,0
5334,0,-1,0,5,1,384,0.803,15,0
5335,0,-1,0,5,1,340,0.94,3,0
5336,0,-1,0,5,1,637,0.326,1,0
5337,0,-1,0,4,1,230,0.088,3,0
5338,0,-1,0,5,1,432,0.846,16,0
5339,0,-1,0,5,1,445,0.252,26,0
5340,0,-1,0,4,1,376,0.405,11,0
5341,0,-1,0,5,1,233,0.339,29,0
5342,0,-1,0,5,1,123,0.613,17,0
5343,0,-1,0,5,1,769,0.366,24,0
5344,0,-1,0,5,1,507,0.037,16,0
5345,0,-1,0,5,1,375,0.859,24,0
5346,0,-1,0,3,1,252,0.308,7,0
5347,0,-1,0,5,1,53,-0.072,9,0
5348,0,-1,0,5,1,142,0.646,21,0
5349,0,-1,0,5,1,386,0.72,20,0
5350,0,-1,0,4,1,193,0.85,23,0
5351,0,-1,0,5,1,307,0.06,11,0
5352,0,-1,0,5,1,797,0.204,14,0
5353,0,-1,0,5,1,147,0.553,8,0
5354,0,-1,0,5,1,174,0.477,14,0
5355,0,-1,0,3,1,158,0.517,29,0
5356,0,-1,0,5,1,615,0.779,13,0
5357,0,-1,0,4,1,747,0.538,17,0
5358,0,-1,0,5,1,301,-0.121,24,0
5359,0,-1,0,5,1,560,0.024,26,0
5360,0,-1,0,5,1,373,0.373,15,0
5361,0,-1,0,4,1,722,0.896,25,0
5362,0,-1,0,4,1,478,0.586,9,0
5363,0,-1,0,5,1,495,0.207,6,0
5364,0,-1,0,4,1,786,0.583,15,0
5365,0,-1,0,5,1,604,0.326,16,0
5366,0,-1,0,4,1,139,-0.086,16,0
5367,0,-1,0,5,1,79,0.824,24,0
5368,0,-1,0,4,1,416,0.557,2,0
5369,0,-1,0,3,1,162,0.891,9,0
5370,0,-1,0,3,1,345,0.567,12,0
5371,0,-1,0,5,1,663,0.333,20,0
5372,0,-1,0,4,1,134,0.906,1,0
5373,0,-1,0,2,1,131,0.807,25,0
5374,0,-1,0,5,1,178,-0.056,24,0
5375,0,-1,0,4,1,458,-0.065,10,0
5376,0,-1,0,5,1,162,0.818,9,0
5377,0,-1,0,3,1,566,0.187,14,0
5378,0,-1,0,5,1,327,-0.049,9,0
5379,0,-1,0,3,1,414,0.28,2,0
5380,0,-1,0,5,1,588,0.719,7,0
5381,0,-1,0,4,1,379,0.798,24,0
5382,0,-1,0,5,1,55,0.852,14,0
5383,0,-1,0,4,1,640,0.658,13,0
5384,0,-1,0,4,1,514,0.978,17,0
5385,0,-1,0,5,1,676,0.158,23,0
5386,0,-1,0,5,1,772,0.961,26,0
5387,0,-1,0,4,1,434,0.219,18,0
5388,0,-1,0,4,1,378,0.735,27,0
5389,0,-1,0,4,1,499,0.484,10,0
5390,0,-1,0,5,1,577,0.136,8,0
5391,0,-1,0,5,1,414,0.848,24,0
5392,0,-1,0,5,1,154,0.199,2,0
5393,0,-1,0,3,1,469,0.619,8,0
5394,0,-1,0,2,1,83,0.864,18,0
5395,0,-1,0,3,1,290,-0.129,28,0
5396,0,-1,0,1,1,178,0.431,28,0
5397,0,-1,0,5,1,388,0.443,14,0
5398,0,-1,0,3,1,642,0.493,26,0
5399,0,-1,0,4,1,709,0.747,14,0
5400,0,-1,0,4,1,700,0.594,6,0
5401,0,-1,0,4,1,283,0.857,27,0
5402,0,-1,0,4,1,342,0.16,8,0
5403,0,-1,0,3,1,579,0.096,10,0
5404,0,-1,0,5,1,733,0.703,17,0
5405,0,-1,0,5,1,764,0.266,24,0
5406,0,-1,0,5,1,641,0.886,17,0
5407,0,-1,0,5,1,573,-0.01,16,0
5408,0,-1,0,4,1,103,0.603,9,0
5409,0,-1,0,1,1,769,0.248,12,0
5410,0,-1,0,4,1,785,0.645,15,0
5411,0,-1,0,2,1,703,0.324,17,0
5412,0,-1,0,5,1,515,0.885,25,0
5413,0,-1,0,5,1,134,0.594,8,0
5414,0,-1,0,5,1,793,0.365,5,0
5415,0,-1,0,5,1,80,-0.042,7,0
5416,0,-1,0,5,1,74,0.455,26,0
5417,0,-1,0,5,1,83,-0.138,25,0
5418,0,-1,0,4,1,426,0.648,25,0
5419,0,-1,0,4,1,553,-0.137,24,0
5420,0,-1,0,5,1,625,0.445,16,0
5421,0,-1,0,4,1,58,0.697,14,0
5422,0,-1,0,5,1,335,0.1,15,0
5423,0,-1,0,5,1,796,0.966,22,0
5424,0,-1,0,5,1,546,0.72,5,0
5425,0,-1,0,4,1,194,-0.085,7,0
5426,0,-1,0,5,1,366,-0.089,29,0
5427,0,-1,0,5,1,272,0.912,1,0
5428,0,-1,0,5,1,264,0.44,22,0
5429,0,-1,0,4,1,126,0.186,2,0
5430,0,-1,0,5,1,656,0.698,6,0
5431,0,-1,0,4,1,797,0.863,28,0
5432,0,-1,0,5,1,135,0.189,5,0
5433,0,-1,0,5,1,148,0.796,15,0
5434,0,-1,0,5,1,330,0.346,5,0
5435,0,-1,0,4,1,508,0.569,29,0
5436,0,-1,0,5,1,593,0.329,19,0
5437,0,-1,0,4,1,71,0.799,12,0
5438,0,-1,0,5,1,173,0.518,22,0
5439,0,-1,0,5,1,427,-0.069,2,0
5440,0,-1,0,5,1,118,-0.063,17,0
5441,0,-1,0,5,1,150,0.458,14,0
5442,0,-1,0,2,1,197,0.756,1,0
5443,0,-1,0,3,1,474,0.501,26,0
5444,0,-1,0,4,1,88,-0.114,29,0
5445,0,-1,0,4,1,162,0.459,28,0
5446,0,-1,0,1,1,354,0.919,25,0
5447,0,-1,0,3,1,405,0.617,10,0
5448,0,-1,0,5,1,508,0.226,28,0
5449,0,-1,0,5,1,107,0.345,28,0
5450,0,-1,0,3,1,649,0.273,21,0
5451,0,-1,0,3,1,614,0.691,18,0
5452,0,-1,0,5,1,114,0.736,15,0
5453,0,-1,0,5,1,81,0.361,15,0
5454,0,-1,0,1,1,332,0.397,14,0
5455,0,-1,0,4,1,676,-0.132,28,0
5456,0,-1,0,4,1,64,0.107,24,0
5457,0,-1,0,5,1,583,0.111,24,0
5458,0,-1,0,4,1,686,0.64,24,0
5459,0,-1,0,4,1,289,0.769,23,0
5460,0,-1,0,4,1,123,0.752,18,0
5461,0,-1,0,5,1,98,-0.079,9,0
5462,0,-1,0,4,1,661,-0.182,25,0
5463,0,-1,0,4,1,447,0.403,24,0
5464,0,-1,0,5,1,170,0.365,9,0
5465,0,-1,0,5,1,80,0.632,9,0
5466,0,-1,0,2,1,273,0.702,26,0
5467,0,-1,0,5,1,603,0.649,18,0
5468,0,-1,0,4,1,57,0.88,27,0
5469,0,-1,0,5,1,568,0.939,15,0
5470,0,-1,0,5,1,120,0.127,28,0
5471,0,-1,0,5,1,205,0.301,8,0
5472,0,-1,0,5,1,296,0.342,8,0
5473,0,-1,0,4,1,289,0.485,11,0
5474,0,-1,0,4,1,89,0.347,8,0
5475,0,-1,0,5,1,337,0.65,19,0
5476,0,-1,0,5,1,590,-0.027,22,0
5477,0,-1,0,5,1,585,0.282,25,0
5478,0,-1,0,4,1,247,0.502,1,0
5479,0,-1,0,5,1,690,0.843,19,0
5480,0,-1,0,5,1,93,0.664,13,0
5481,0,-1,0,5,1,208,0.914,28,0
5482,0,-1,0,5,1,603,-0.061,13,0
5483,0,-1,0,5,1,164,-0.03,19,0
5484,0,-1,0,3,1,702,0.726,15,0
5485,0,-1,0,5,1,786,-0.007,6,0
5486,0,-1,0,3,1,70,0.179,15,0
5487,0,-1,0,5,1,795,0.141,17,0
5488,0,-1,0,4,1,668,0.429,6,0
5489,0,-1,0,5,1,453,0.045,16,0
5490,0,-1,0,3,1,389,-0.036,23,0
5491,0,-1,0,5,1,146,0.702,7,0
5492,0,-1,0,1,1,154,0.979,29,0
5493,0,-1,0,5,1,289,0.869,29,0
5494,0,-1,0,5,1,660,0.236,21,0
5495,0,-1,0,5,1,718,0.29,27,0
5496,0,-1,0,5,1,671,0.629,12,0
5497,0,-1,0,2,1,764,0.244,6,0
5498,0,-1,0,5,1,598,0.705,19,0
5499,0,-1,0,5,1,162,0.038,14,0
5500,0,-1,0,3,1,139,0.539,10,0
5501,0,-1,0,4,1,371,0.614,18,0
5502,0,-1,0,4,1,408,0.016,29,0
5503,0,-1,0,4,1,478,-0.042,10,0
5504,0,-1,0,3,1,703,0.346,20,0
5505,0,-1,0,5,1,628,0.84,19,0
5506,0,-1,0,4,1,290,-0.115,26,0
5507,0,-1,0,5,1,148,0.841,18,0
5508,0,-1,0,5,1,364,0.093,17,0
5509,0,-1,0,3,1,748,0.183,6,0
5510,0,-1,0,1,1,215,0.871,17,0
5511,0,-1,0,3,1,638,0.714,21,0
5512,0,-1,0,5,1,452,0.753,9,0
5513,0,-1,0,5,1,531,0.666,23,0
5514,0,-1,0,4,1,232,0.679,9,0
5515,0,-1,0,4,1,696,0.751,29,0
5516,0,-1,0,5,1,649,0.542,8,0
5517,0,-1,0,5,1,615,-0.007,18,0
5518,0,-1,0,5,1,118,0.965,29,0
5519,0,-1,0,3,1,423,0.525,7,0
5520,0,-1,0,4,1,759,0.378,24,0
5521,0,-1,0,4,1,725,0.298,19,0
5522,0,-1,0,4,1,249,0.546,24,0
5523,0,-1,0,5,1,60,0.726,8,0
5524,0,-1,0,4,1,340,0.779,17,0
5525,0,-1,0,4,1,206,0.327,19,0
5526,0,-1,0,4,1,434,-0.118,17,0
5527,0,-1,0,4,1,624,0.945,10,0
5528,0,-1,0,4,1,756,-0.097,12,0
5529,0,-1,0,4,1,657,0.254,27,0
5530,0,-1,0,1,1,332,0.37,15,0
5531,0,-1,0,4,1,186,0.339,26,0
5532,0,-1,0,4,1,476,0.491,3,0
5533,0,-1,0,5,1,489,0.607,26,0
5534,0,-1,0,3,1,445,0.629,11,0
5535,0,-1,0,5,1,587,0.55,26,0
5536,0,-1,0,1,1,517,0.715,13,0
5537,0,-1,0,4,1,669,0.262,22,0
5538,0,-1,0,3,1,261,0.153,19,0
5539,0,-1,0,4,1,204,0.452,12,0
5540,0,-1,0,3,1,499,0.589,6,0
5541,0,-1,0,2,1,245,0.013,17,0
5542,0,-1,0,5,1,548,0.682,15,0
5543,0,-1,0,5,1,408,0.052,4,0
5544,0,-1,0,5,1,93,0.706,18,0
5545,0,-1,0,4,1,626,0.413,17,0
5546,0,-1,0,5,1,693,0.863,23,0
5547,0,-1,0,5,1,98,0.192,6,0
5548,0,-1,0,4,1,306,0.375,26,0
5549,0,-1,0,4,1,257,0.958,11,0
5550,0,-1,0,4,1,620,0.478,27,0
5551,0,-1,0,4,1,366,0.342,20,0
5552,0,-1,0,5,1,356,0.866,21,0
5553,0,-1,0,4,1,701,0.463,25,0
5554,0,-1,0,5,1,756,0.211,24,0
5555,0,-1,0,5,1,433,-0.028,8,0
5556,0,-1,0,4,1,792,0.146,20,0
5557,0,-1,0,5,1,683,0.613,18,0
5558,0,-1,0,4,1,284,0.145,25,0
5559,0,-1,0,4,1,732,0.451,28,0
5560,0,-1,0,5,1,471,0.203,20,0
5561,0,-1,0,5,1,758,0.656,21,0
5562,0,-1,0,1,1,371,-0.139,18,0
5563,0,-1,0,5,1,426,-0.026,9,0
5564,0,-1,0,3,1,616,0.795,19,0
5565,0,-1,0,5,1,266,0.063,24,0
5566,0,-1,0,4,1,144,0.779,19,0
5567,0,-1,0,4,1,463,0.954,22,0
5568,0,-1,0,5,1,456,0.562,5,0
5569,0,-1,0,5,1,195,0.618,16,0
5570,0,-1,0,3,1,717,0.098,16,0
5571,0,-1,0,5,1,151,0.06,23,0
5572,0,-1,0,5,1,259,-0.167,6,0
5573,0,-1,0,4,1,275,0.566,13,0
5574,0,-1,0,4,1,301,0.969,23,0
5575,0,-1,0,5,1,257,0.746,23,0
5576,0,-1,0,2,1,365,0.09,2,0
5577,0,-1,0,4,1,74,0.775,1,0
5578,0,-1,0,4,1,598,0.604,19,0
5579,0,-1,0,3,1,562,0.391,3,0
5580,0,-1,0,5,1,624,-0.032,26,0
5581,0,-1,0,5,1,579,0.782,17,0
5582,0,-1,0,5,1,71,0.394,10,0
5583,0,-1,0,4,1,687,0.882,14,0
5584,0,-1,0,4,1,571,0.97,14,0
5585,0,-1,0,3,1,518,0.964,20,0
5586,0,-1,0,5,1,568,0.904,2,0
5587,0,-1,0,5,1,490,0.583,20,0
5588,0,-1,0,2,1,501,0.312,16,0
5589,0,-1,0,1,1,280,0.673,13,0
5590,0,-1,0,3,1,783,0.171,9,0
5591,0,-1,0,5,1,364,0.734,7,0
5592,0,-1,0,4,1,619,-0.046,18,0
5593,0,-1,0,5,1,240,0.762,4,0
5594,0,-1,0,4,1,714,-0.069,6,0
5595,0,-1,0,4,1,665,0.701,1,0
5596,0,-1,0,3,1,418,0.985,17,0
5597,0,-1,0,5,1,582,0.491,2,0
5598,0,-1,0,3,1,236,0.505,14,0
5599,0,-1,0,3,1,588,0.667,25,0
5600,0,-1,0,4,1,565,0.74,6,0
5601,0,-1,0,4,1,314,0.425,22,0
5602,0,-1,0,4,1,234,0.223,11,0
5603,0,-1,0,5,1,572,0.419,7,0
5604,0,-1,0,5,1,402,0.025,20,0
5605,0,-1,0,5,1,470,0.824,23,0
5606,0,-1,0,3,1,720,0.393,7,0
5607,0,-1,0,4,1,415,0.875,21,0
5608,0,-1,0,3,1,552,0.049,29,0
5609,0,-1,0,5,1,716,-0.064,8,0
5610,0,-1,0,4,1,303,-0.031,14,0
5611,0,-1,0,5,1,71,0.987,11,0
5612,0,-1,0,5,1,529,0.827,28,0
5613,0,-1,0,4,1,604,-0.162,7,0
5614,0,-1,0,5,1,150,0.509,24,0
5615,0,-1,0,5,1,350,0.325,9,0
5616,0,-1,0,5,1,669,-0.048,23,0
5617,0,-1,0,5,1,382,0.754,3,0
5618,0,-1,0,4,1,68,0.899,25,0
5619,0,-1,0,5,1,308,0.446,6,0
5620,0,-1,0,5,1,454,0.273,6,0
5621,0,-1,0,5,1,190,-0.081,19,0
5622,0,-1,0,5,1,666,0.321,20,0
5623,0,-1,0,5,1,428,0.089,12,0
5624,0,-1,0,5,1,174,-0.197,10,0
5625,0,-1,0,5,1,572,0.584,22,0
5626,0,-1,0,5,1,253,0.173,22,0
5627,0,-1,0,5,1,667,0.49,14,0
5628,0,-1,0,5,1,331,0.854,9,0
5629,0,-1,0,4,1,342,0.881,15,0
5630,0,-1,0,5,1,588,0.888,14,0
5631,0,-1,0,5,1,772,0.563,2,0
5632,0,-1,0,5,1,517,0.101,29,0
5633,0,-1,0,5,1,381,0.105,23,0
5634,0,-1,0,4,1,378,0.99,26,0
5635,0,-1,0,5,1,245,0.39,12,0
5636,0,-1,0,5,1,111,0.314,2,0
5637,0,-1,0,5,1,91,0.839,4,0
5638,0,-1,0,5,1,291,0.886,18,0
5639,0,-1,0,4,1,146,0.742,10,0
5640,0,-1,0,4,1,260,-0.013,10,0
5641,0,-1,0,3,1,517,0.524,17,0
5642,0,-1,0,5,1,642,0.858,18,0
5643,0,-1,0,5,1,495,0.239,7,0
5644,0,-1,0,5,1,126,0.176,1,0
5645,0,-1,0,5,1,732,0.44,15,0
5646,0,-1,0,5,1,662,0.345,20,0
5647,0,-1,0,4,1,204,0.157,24,0
5648,0,-1,0,2,1,585,-0.118,26,0
5649,0,-1,0,3,1,249,0.554,13,0
5650,0,-1,0,4,1,278,0.666,25,0
5651,0,-1,0,5,1,662,0.009,2,0
5652,0,-1,0,5,1,79,0.11,28,0
5653,0,-1,0,5,1,592,0.477,10,0
5654,0,-1,0,5,1,222,-0.026,15,0
5655,0,-1,0,3,1,434,0.163,4,0
5656,0,-1,0,3,1,616,0.425,25,0
5657,0,-1,0,5,1,343,0.09,12,0
5658,0,-1,0,5,1,647,0.129,4,0
5659,0,-1,0,2,1,776,0.995,24,0
5660,0,-1,0,5,1,94,0.572,14,0
5661,0,-1,0,5,1,484,0.432,18,0
5662,0,-1,0,5,1,172,0.396,19,0
5663,0,-1,0,3,1,155,0.825,4,0
5664,0,-1,0,5,1,72,-0.113,16,0
5665,0,-1,0,5,1,785,0.31,13,0
5666,0,-1,0,5,1,688,0.193,11,0
5667,0,-1,0,5,1,485,0.155,8,0
5668,0,-1,0,3,1,633,0.612,5,0
5669,0,-1,0,5,1,296,0.977,5,0
5670,0,-1,0,5,1,414,0.897,22,0
5671,0,-1,0,4,1,739,0.075,12,0
5672,0,-1,0,4,1,108,0.301,13,0
5673,0,-1,0,5,1,771,-0.186,20,0
5674,0,-1,0,4,1,563,0.898,14,0
5675,0,-1,0,5,1,454,0.798,11,0
5676,0,-1,0,5,1,762,0.179,25,0
5677,0,-1,0,5,1,160,-0.098,2,0
5678,0,-1,0,3,1,56,-0.149,4,0
5679,0,-1,0,5,1,743,0.002,11,0
5680,0,-1,0,5,1,788,0.747,17,0
5681,0,-1,0,5,1,592,0.197,20,0
5682,0,-1,0,5,1,156,0.176,6,0
5683,0,-1,0,4,1,289,0.918,27,0
5684,0,-1,0,4,1,374,0.905,4,0
5685,0,-1,0,5,1,484,0.221,10,0
5686,0,-1,0,5,1,190,0.157,13,0
5687,0,-1,0,5,1,162,-0.024,10,0
5688,0,-1,0,5,1,254,0.881,22,0
5689,0,-1,0,5,1,715,-0.121,8,0
5690,0,-1,0,5,1,514,-0.038,21,0
5691,0,-1,0,4,1,145,0.68,16,0
5692,0,-1,0,2,1,63,0.936,6,0
5693,0,-1,0,4,1,107,0.823,20,0
5694,0,-1,0,5,1,395,0.664,20,0
5695,0,-1,0,4,1,417,0.057,28,0
5696,0,-1,0,5,1,507,0.101,6,0
5697,0,-1,0,4,1,559,0.249,28,0
5698,0,-1,0,5,1,312,-0.094,9,0
5699,0,-1,0,2,1,760,0.052,14,0
5700,0,-1,0,1,1,317,0.201,15,0
5701,0,-1,0,4,1,556,0.245,11,0
5702,0,-1,0,5,1,684,0.831,25,0
5703,0,-1,0,4,1,415,0.884,11,0
5704,0,-1,0,5,1,484,0.722,14,0
5705,0,-1,0,5,1,246,0.395,8,0
5706,0,-1,0,4,1,788,0.446,20,0
5707,0,-1,0,4,1,498,-0.05,6,0
5708,0,-1,0,5,1,256,-0.079,18,0
5709,0,-1,0,2,1,485,0.204,25,0
5710,0,-1,0,1,1,378,0.289,22,0
5711,0,-1,0,2,1,192,0.153,16,0
5712,0,-1,0,5,1,78,0.827,16,0
5713,0,-1,0,5,1,224,0.612,12,0
5714,0,-1,0,5,1,294,-0.145,3,0
5715,0,-1,0,5,1,148,0.785,27,0
5716,0,-1,0,4,1,515,0.931,17,0
5717,0,-1,0,5,1,405,0.929,23,0
5718,0,-1,0,4,1,450,0.118,27,0
5719,0,-1,0,5,1,772,0.266,15,0
5720,0,-1,0,5,1,646,0.784,23,0
5721,0,-1,0,5,1,314,0.902,4,0
5722,0,-1,0,4,1,481,0.9,9,0
5723,0,-1,0,5,1,270,-0.142,13,0
5724,0,-1,0,5,1,688,0.89,26,0
5725,0,-1,0,5,1,189,0.681,20,0
5726,0,-1,0,1,1,497,0.293,26,0
5727,0,-1,0,5,1,709,0.074,24,0
5728,0,-1,0,4,1,543,0.47,6,0
5729,0,-1,0,2,1,313,0.501,1,0
5730,0,-1,0,4,1,470,0.467,21,0
5731,0,-1,0,3,1,783,0.926,9,0
5732,0,-1,0,3,1,286,0.272,11,0
5733,0,-1,0,5,1,525,0.101,2,0
5734,0,-1,0,2,1,536,0.406,1,0
5735,0,-1,0,5,1,360,0.601,29,0
5736,0,-1,0,1,1,513,0.655,15,0
5737,0,-1,0,3,1,394,0.992,4,0
5738,0,-1,0,3,1,499,0.43,8,0
5739,0,-1,0,4,1,260,0.596,5,0
5740,0,-1,0,3,1,156,-0.178,13,0
5741,0,-1,0,5,1,354,-0.156,19,0
5742,0,-1,0,5,1,517,-0.148,15,0
5743,0,-1,0,4,1,730,0.649,14,0
5744,0,-1,0,3,1,451,0.713,18,0
5745,0,-1,0,5,1,637,0.481,24,0
5746,0,-1,0,3,1,470,0.415,11,0
5747,0,-1,0,5,1,661,0.015,1,0
5748,0,-1,0,4,1,395,0.208,5,0
5749,0,-1,0,2,1,327,0.685,25,0
5750,0,-1,0,5,1,62,0.087,2,0
5751,0,-1,0,4,1,71,0.549,25,0
5752,0,-1,0,4,1,251,-0.1,10,0
5753,0,-1,0,5,1,300,0.013,13,0
5754,0,-1,0,3,1,691,-0.111,5,0
5755,0,-1,0,5,1,476,0.272,20,0
5756,0,-1,0,5,1,157,0.986,1,0
5757,0,-1,0,2,1,195,0.619,2,0
5758,0,-1,0,1,1,696,0.254,29,0
5759,0,-1,0,4,1,731,0.132,2,0
5760,0,-1,0,3,1,211,0.576,26,0
5761,0,-1,0,5,1,400,-0.136,27,0
5762,0,-1,0,5,1,53,0.947,5,0
5763,0,-1,0,2,1,702,0.774,14,0
5764,0,-1,0,5,1,196,0.617,27,0
5765,0,-1,0,4,1,113,0.629,12,0
5766,0,-1,0,5,1,792,0.613,5,0
5767,0,-1,0,4,1,314,0.477,14,0
5768,0,-1,0,4,1,721,0.785,15,0
5769,0,-1,0,3,1,695,0.68,19,0
5770,0,-1,0,4,1,437,0.159,8,0
5771,0,-1,0,4,1,284,0.905,7,0
5772,0,-1,0,1,1,388,-0.009,22,0
5773,0,-1,0,5,1,563,0.373,13,0
5774,0,-1,0,5,1,120,0.593,17,0
5775,0,-1,0,5,1,176,0.408,11,0
5776,0,-1,0,4,1,311,0.499,4,0
5777,0,-1,0,5,1,361,-0.033,10,0
5778,0,-1,0,4,1,473,0.604,18,0
5779,0,-1,0,3,1,320,0.067,6,0
5780,0,-1,0,5,1,351,0.675,2,0
5781,0,-1,0,5,1,180,0.017,13,0
5782,0,-1,0,4,1,114,0.29,13,0
5783,0,-1,0,5,1,392,0.86,24,0
5784,0,-1,0,4,1,764,0.164,25,0
5785,0,-1,0,3,1,753,0.417,12,0
5786,0,-1,0,4,1,242,0.25,17,0
5787,0,-1,0,4,1,645,0.55,10,0
5788,0,-1,0,3,1,150,0.07,18,0
5789,0,-1,0,4,1,429,0.474,18,0
5790,0,-1,0,4,1,100,0.423,3,0
5791,0,-1,0,4,1,678,0.866,19,0
5792,0,-1,0,4,1,277,0.155,15,0
5793,0,-1,0,5,1,378,0.859,15,0
5794,0,-1,0,4,1,604,-0.095,2,0
5795,0,-1,0,5,1,788,0.048,25,0
5796,0,-1,0,4,1,602,0.59,13,0
5797,0,-1,0,5,1,732,0.007,21,0
5798,0,-1,0,5,1,358,0.37,20,0
5799,0,-1,0,5,1,762,0.189,21,0
5800,0,-1,0,5,1,313,0.673,5,0
5801,0,-1,0,5,1,716,-0.128,15,0
5802,0,-1,0,5,1,246,0.589,29,0
5803,0,-1,0,4,1,799,0.958,28,0
5804,0,-1,0,5,1,551,0.071,2,0
5805,0,-1,0,5,1,185,-0.149,11,0
5806,0,-1,0,4,1,290,-0.055,22,0
5807,0,-1,0,4,1,722,0.237,18,0
5808,0,-1,0,2,1,277,0.073,8,0
5809,0,-1,0,5,1,111,0.471,24,0
5810,0,-1,0,4,1,622,0.052,4,0
5811,0,-1,0,4,1,374,0.308,19,0
5812,0,-1,0,5,1,693,0.945,27,0
5813,0,-1,0,4,1,498,0.972,21,0
5814,0,-1,0,4,1,200,0.403,3,0
5815,0,-1,0,5,1,782,-0.054,18,0
5816,0,-1,0,3,1,586,0.621,2,0
5817,0,-1,0,4,1,453,0.456,22,0
5818,0,-1,0,4,1,498,-0.09,28,0
5819,0,-1,0,5,1,636,0.963,23,0
5820,0,-1,0,5,1,139,0.946,12,0
5821,0,-1,0,5,1,133,0.078,5,0
5822,0,-1,0,4,1,82,-0.047,9,0
5823,0,-1,0,5,1,506,0.058,29,0
5824,0,-1,0,5,1,739,0.368,13,0
5825,0,-1,0,5,1,508,0.378,4,0
5826,0,-1,0,4,1,663,0.906,27,0
5827,0,-1,0,4,1,376,-0.106,6,0
5828,0,-1,0,1,1,197,0.896,17,0
5829,0,-1,0,5,1,645,-0.082,27,0
5830,0,-1,0,4,1,498,0.288,16,0
5831,0,-1,0,5,1,733,-0.049,5,0
5832,0,-1,0,4,1,81,-0.109,3,0
5833,0,-1,0,5,1,563,-0.119,1,0
5834,0,-1,0,1,1,598,0.272,5,0
5835,0,-1,0,3,1,114,0.456,6,0
5836,0,-1,0,4,1,453,0.474,25,0
5837,0,-1,0,3,1,564,0.987,2,0
5838,0,-1,0,4,1,452,0.687,1,0
5839,0,-1,0,5,1,718,0.658,29,0
5840,0,-1,0,5,1,298,0.033,3,0
5841,0,-1,0,4,1,681,-0.151,11,0
5842,0,-1,0,4,1,513,0.942,28,0
5843,0,-1,0,5,1,503,0.499,7,0
5844,0,-1,0,5,1,571,0.018,17,0
5845,0,-1,0,5,1,61,0.99,2,0
5846,0,-1,0,5,1,272,-0.043,28,0
5847,0,-1,0,5,1,670,-0.163,9,0
5848,0,-1,0,5,1,716,0.516,5,0
5849,0,-1,0,3,1,142,0.017,7,0
5850,0,-1,0,2,1,549,0.688,3,0
5851,0,-1,0,5,1,589,0.714,22,0
5852,0,-1,0,4,1,488,0.807,27,0
5853,0,-1,0,4,1,456,0.038,3,0
5854,0,-1,0,4,1,525,0.679,7,0
5855,0,-1,0,4,1,274,0.377,8,0
5856,0,-1,0,5,1,717,0.625,15,0
5857,0,-1,0,4,1,764,0.1,25,0
5858,0,-1,0,5,1,795,0.999,14,0
5859,0,-1,0,5,1,696,0.117,3,0
5860,0,-1,0,4,1,477,0.845,28,0
5861,0,-1,0,5,1,239,0.859,1,0
5862,0,-1,0,5,1,749,-0.139,20,0
5863,0,-1,0,5,1,275,0.867,12,0
5864,0,-1,0,4,1,574,0.527,28,0
5865,0,-1,0,4,1,714,0.641,26,0
5866,0,-1,0,4,1,798,0.843,27,0
5867,0,-1,0,5,1,610,-0.109,20,0
5868,0,-1,0,5,1,648,0.041,2,0
5869,0,-1,0,2,1,749,0.482,29,0
5870,0,-1,0,5,1,544,-0.022,28,0
5871,0,-1,0,5,1,704,0.697,28,0
5872,0,-1,0,5,1,418,0.571,9,0
5873,0,-1,0,5,1,67,0.203,15,0
5874,0,-1,0,5,1,314,0.507,9,0
5875,0,-1,0,5,1,245,0.119,22,0
5876,0,-1,0,4,1,402,0.769,12,0
5877,0,-1,0,5,1,437,0.347,22,0
5878,0,-1,0,5,1,313,0.941,4,0
5879,0,-1,0,3,1,67,0.244,21,0
5880,0,-1,0,5,1,137,0.483,29,0
5881,0,-1,0,1,1,303,0.997,7,0
5882,0,-1,0,5,1,638,0.914,2,0
5883,0,-1,0,4,1,754,0.911,19,0
5884,0,-1,0,5,1,745,0.357,26,0
5885,0,-1,0,4,1,299,0.755,1,0
5886,0,-1,0,4,1,490,0.497,17,0
5887,0,-1,0,5,1,687,0.716,4,0
5888,0,-1,0,4,1,409,0.807,18,0
5889,0,-1,0,5,1,448,0.795,7,0
5890,0,-1,0,4,1,706,0.605,27,0
5891,0,-1,0,5,1,232,-0.138,6,0
5892,0,-1,0,5,1,772,0.824,22,0
5893,0,-1,0,4,1,149,-0.087,25,0
5894,0,-1,0,2,1,766,0.589,7,0
5895,0,-1,0,3,1,267,0.609,19,0
5896,0,-1,0,5,1,603,0.33,2,0
5897,0,-1,0,4,1,655,0.321,1,0
5898,0,-1,0,5,1,367,0.356,23,0
5899,0,-1,0,5,1,650,0.8,19,0
5900,0,-1,0,3,1,616,0.98,7,0
5901,0,-1,0,3,1,683,0.835,20,0
5902,0,-1,0,2,1,68,0.872,24,0
5903,0,-1,0,3,1,159,0.298,24,0
5904,0,-1,0,4,1,358,0.946,20,0
5905,0,-1,0,2,1,512,-0.012,9,0
5906,0,-1,0,4,1,593,0.138,7,0
5907,0,-1,0,5,1,606,0.999,11,0
5908,0,-1,0,5,1,561,0.219,11,0
5909,0,-1,0,5,1,305,0.682,2,0
5910,0,-1,0,5,1,259,0.48,3,0
5911,0,-1,0,5,1,482,0.172,19,0
5912,0,-1,0,4,1,274,0.794,26,0
5913,0,-1,0,5,1,102,0.699,12,0
5914,0,-1,0,4,1,205,0.917,22,0
5915,0,-1,0,5,1,194,-0.115,6,0
5916,0,-1,0,4,1,542,0.049,16,0
5917,0,-1,0,2,1,300,0.283,29,0
5918,0,-1,0,5,1,213,-0.077,12,0
5919,0,-1,0,5,1,388,0.873,23,0
5920,0,-1,0,5,1,574,0.765,5,0
5921,0,-1,0,5,1,715,0.035,6,0
5922,0,-1,0,2,1,451,0.324,8,0
5923,0,-1,0,5,1,518,0.957,14,0
5924,0,-1,0,5,1,707,0.997,21,0
5925,0,-1,0,5,1,704,0.041,18,0
5926,0,-1,0,5,1,145,-0.037,10,0
5927,0,-1,0,5,1,235,0.37,20,0
5928,0,-1,0,4,1,677,0.913,9,0
5929,0,-1,0,5,1,222,0.754,9,0
5930,0,-1,0,5,1,411,0.771,3,0
5931,0,-1,0,3,1,319,0.556,25,0
5932,0,-1,0,1,1,567,0.918,14,0
5933,0,-1,0,2,1,634,0.165,28,0
5934,0,-1,0,4,1,252,0.066,6,0
5935,0,-1,0,5,1,617,0.701,20,0
5936,0,-1,0,5,1,283,-0.068,4,0
5937,0,-1,0,5,1,257,0.71,5,0
5938,0,-1,0,5,1,666,0.24,20,0
5939,0,-1,0,5,1,220,0.613,4,0
5940,0,-1,0,4,1,226,0.546,12,0
5941,0,-1,0,5,1,661,0.001,21,0
5942,0,-1,0,4,1,319,0.84,19,0
5943,0,-1,0,4,1,796,0.861,11,0
5944,0,-1,0,5,1,400,0.867,3,0
5945,0,-1,0,5,1,302,-0.044,27,0
5946,0,-1,0,2,1,307,0.78,28,0
5947,0,-1,0,4,1,160,0.951,3,0
5948,0,-1,0,5,1,135,0.601,21,0
5949,0,-1,0,5,1,85,0.557,7,0
5950,0,-1,0,4,1,666,0.53,28,0
5951,0,-1,0,5,1,65,0.482,24,0
5952,0,-1,0,5,1,311,0.858,25,0
5953,0,-1,0,5,1,304,-0.087,13,0
5954,0,-1,0,5,1,347,0.83,9,0
5955,0,-1,0,5,1,108,0.864,25,0
5956,0,-1,0,5,1,616,0.637,29,0
5957,0,-1,0,4,1,733,0.355,19,0
5958,0,-1,0,4,1,621,0.341,1,0
5959,0,-1,0,4,1,280,0.086,17,0
5960,0,-1,0,2,1,209,0.71,19,0
5961,0,-1,0,3,1,130,0.225,26,0
5962,0,-1,0,5,1,350,0.506,15,0
5963,0,-1,0,5,1,714,0.175,6,0
5964,0,-1,0,4,1,189,0.362,28,0
5965,0,-1,0,2,1,139,0.219,28,0
5966,0,-1,0,4,1,670,0.49,20,0
5967,0,-1,0,3,1,719,0.659,4,0
5968,0,-1,0,5,1,620,0.785,12,0
5969,0,-1,0,4,1,751,0.454,4,0
5970,0,-1,0,5,1,202,0.676,9,0
5971,0,-1,0,1,1,797,0.945,25,0
5972,0,-1,0,5,1,447,-0.026,22,0
5973,0,-1,0,1,1,501,0.409,6,0
5974,0,-1,0,4,1,404,0.973,26,0
5975,0,-1,0,5,1,472,0.458,18,0
5976,0,-1,0,5,1,223,0.649,11,0
5977,0,-1,0,5,1,336,0.177,16,0
5978,0,-1,0,5,1,530,-0.169,14,0
5979,0,-1,0,4,1,760,-0.013,22,0
5980,0,-1,0,4,1,489,0.797,15,0
5981,0,-1,0,5,1,419,0.829,25,0
5982,0,-1,0,5,1,626,0.991,14,0
5983,0,-1,0,5,1,220,0.254,5,0
5984,0,-1,0,5,1,388,-0.169,27,0
5985,0,-1,0,4,1,92,0.511,6,0
5986,0,-1,0,4,1,420,0.155,4,0
5987,0,-1,0,5,1,317,-0.052,5,0
5988,0,-1,0,5,1,770,0.438,23,0
5989,0,-1,0,2,1,566,0.221,3,0
5990,0,-1,0,2,1,533,0.255,20,0
5991,0,-1,0,5,1,388,0.011,5,0
5992,0,-1,0,4,1,687,0.701,20,0
5993,0,-1,0,5,1,720,0.419,20,0
5994,0,-1,0,5,1,763,0.793,15,0
5995,0,-1,0,5,1,598,0.362,16,0
5996,0,-1,0,5,1,207,-0.024,5,0
5997,0,-1,0,4,1,128,0.899,17,0
5998,0,-1,0,3,1,113,0.46,4,0
5999,0,-1,0,4,1,257,0.749,17,0
6000,0,-1,0,4,1,733,0.169,3,0
6001,0,-1,0,2,1,653,0.608,15,0
6002,0,-1,0,4,1,793,-0.003,13,0
6003,0,-1,0,3,1,746,0.412,2,0
6004,0,-1,0,4,1,700,0.462,15,0
6005,0,-1,0,5,1,274,0.422,14,0
6006,0,-1,0,4,1,445,0.241,22,0
6007,0,-1,0,5,1,256,0.055,11,0
6008,0,-1,0,5,1,713,0.49,10,0
6009,0,-1,0,1,1,80,-0.098,2,0
6010,0,-1,0,5,1,760,0.6,22,0
6011,0,-1,0,2,1,414,0.801,22,0
6012,0,-1,0,5,1,118,0.357,5,0
6013,0,-1,0,3,1,113,0.804,11,0
6014,0,-1,0,5,1,652,0.133,11,0
6015,0,-1,0,4,1,325,0.294,1,0
6016,0,-1,0,5,1,644,0.417,14,0
6017,0,-1,0,1,1,493,0.943,16,0
6018,0,-1,0,4,1,706,-0.08,27,0
6019,0,-1,0,4,1,255,0.24,16,0
6020,0,-1,0,5,1,359,0.386,25,0
6021,0,-1,0,4,1,343,0.855,4,0
6022,0,-1,0,4,1,310,0.319,4,0
6023,0,-1,0,4,1,300,0.475,10,0
6024,0,-1,0,5,1,368,0.828,9,0
6025,0,-1,0,2,1,350,0.869,11,0
6026,0,-1,0,5,1,201,0.408,14,0
6027,0,-1,0,5,1,191,0.261,22,0
6028,0,-1,0,5,1,384,-0.078,3,0
6029,0,-1,0,3,1,421,-0.032,17,0
6030,0,-1,0,4,1,415,0.577,7,0
6031,0,-1,0,3,1,411,0.832,25,0
6032,0,-1,0,5,1,90,0.98,20,0
6033,0,-1,0,3,1,165,0.533,28,0
6034,0,-1,0,3,1,798,0.655,13,0
6035,0,-1,0,5,1,328,-0.028,2,0
6036,0,-1,0,4,1,741,0.859,27,0
6037,0,-1,0,5,1,734,0.766,24,0
6038,0,-1,0,3,1,396,0.966,11,0
6039,0,-1,0,4,1,237,-0.071,7,0
6040,0,-1,0,5,1,712,0.647,5,0
6041,0,-1,0,4,1,212,0.665,21,0
6042,0,-1,0,5,1,535,0.554,20,0
6043,0,-1,0,5,1,102,-0.048,29,0
6044,0,-1,0,5,1,119,0.083,16,0
6045,0,-1,0,4,1,485,0.097,2,0
6046,0,-1,0,3,1,777,0.745,25,0
6047,0,-1,0,5,1,168,0.295,27,0
6048,0,-1,0,5,1,406,0.263,3,0
6049,0,-1,0,4,1,190,0.212,4,0
6050,0,-1,0,4,1,585,-0.124,6,0
6051,0,-1,0,4,1,273,0.664,23,0
6052,0,-1,0,5,1,346,0.708,1,0
6053,0,-1,0,5,1,694,-0.02,6,0
6054,0,-1,0,4,1,589,0.744,23,0
6055,0,-1,0,5,1,70,0.156,14,0
6056,0,-1,0,5,1,639,0.694,6,0
6057,0,-1,0,5,1,722,0.444,21,0
6058,0,-1,0,5,1,132,0.301,4,0
6059,0,-1,0,4,1,416,0.511,28,0
6060,0,-1,0,5,1,682,-0.043,27,0
6061,0,-1,0,5,1,687,-0.071,10,0
6062,0,-1,0,4,1,703,0.81,8,0
6063,0,-1,0,4,1,144,-0.128,25,0
6064,0,-1,0,5,1,214,-0.011,16,0
6065,0,-1,0,4,1,696,0.168,15,0
6066,0,-1,0,4,1,389,0.261,19,0
6067,0,-1,0,5,1,508,0.605,15,0
6068,0,-1,0,2,1,617,-0.113,25,0
6069,0,-1,0,5,1,694,0.642,24,0
6070,0,-1,0,3,1,656,0.044,1,0
6071,0,-1,0,5,1,420,-0.189,4,0
6072,0,-1,0,4,1,584,0.59,25,0
6073,0,-1,0,4,1,584,0.036,25,0
6074,0,-1,0,5,1,382,0.624,2,0
6075,0,-1,0,5,1,689,0.571,4,0
6076,0,-1,0,4,1,516,0.623,19,0
6077,0,-1,0,5,1,556,-0.1,3,0
6078,0,-1,0,5,1,236,0.369,23,0
6079,0,-1,0,4,1,373,0.537,3,0
6080,0,-1,0,5,1,405,0.167,6,0
6081,0,-1,0,5,1,594,0.081,5,0
6082,0,-1,0,3,1,283,0.793,12,0
6083,0,-1,0,5,1,372,0.199,15,0
6084,0,-1,0,5,1,336,0.448,27,0
6085,0,-1,0,5,1,535,0.781,4,0
6086,0,-1,0,4,1,331,0.534,8,0
6087,0,-1,0,4,1,77,-0.127,2,0
6088,0,-1,0,5,1,767,0.05,21,0
6089,0,-1,0,5,1,617,-0.169,14,0
6090,0,-1,0,5,1,374,0.475,14,0
6091,0,-1,0,3,1,561,-0.064,11,0
6092,0,-1,0,5,1,124,0.374,8,0
6093,0,-1,0,5,1,428,0.863,22,0
6094,0,-1,0,5,1,450,0.697,12,0
6095,0,-1,0,3,1,130,0.184,2,0
6096,0,-1,0,5,1,526,-0.189,15,0
6097,0,-1,0,5,1,482,-0.184,1,0
6098,0,-1,0,5,1,55,0.183,25,0
6099,0,-1,0,4,1,398,-0.116,5,0
6100,0,-1,0,5,1,395,0.745,19,0
6101,0,-1,0,4,1,608,-0.149,19,0
6102,0,-1,0,5,1,500,0.354,22,0
6103,0,-1,0,5,1,268,-0.054,18,0
6104,0,-1,0,5,1,698,0.423,27,0
6105,0,-1,0,5,1,202,-0.054,9,0
6106,0,-1,0,5,1,763,0.752,13,0
6107,0,-1,0,4,1,157,0.473,26,0
6108,0,-1,0,1,1,196,-0.185,23,0
6109,0,-1,0,5,1,93,0.963,27,0
6110,0,-1,0,4,1,738,0.207,24,0
6111,0,-1,0,4,1,791,0.6,23,0
6112,0,-1,0,5,1,130,0.128,7,0
6113,0,-1,0,5,1,375,0.594,26,0
6114,0,-1,0,5,1,454,-0.194,23,0
6115,0,-1,0,5,1,588,0.492,2,0
6116,0,-1,0,5,1,77,-0.186,7,0
6117,0,-1,0,4,1,623,0.961,29,0
6118,0,-1,0,5,1,521,0.438,5,0
6119,0,-1,0,4,1,191,0.04,11,0
6120,0,-1,0,4,1,604,0.93,14,0
6121,0,-1,0,5,1,115,0.85,5,0
6122,0,-1,0,4,1,116,0.782,13,0
6123,0,-1,0,5,1,269,0.118,26,0
6124,0,-1,0,2,1,474,0.525,15,0
6125,0,-1,0,5,1,589,0.163,5,0
6126,0,-1,0,5,1,621,-0.003,4,0
6127,0,-1,0,5,1,689,0.403,29,0
6128,0,-1,0,3,1,277,0.286,12,0
6129,0,-1,0,5,1,685,0.793,21,0
6130,0,-1,0,5,1,213,0.339,4,0
6131,0,-1,0,5,1,304,0.45,21,0
6132,0,-1,0,1,1,310,0.777,25,0
6133,0,-1,0,4,1,189,0.061,6,0
6134,0,-1,0,3,1,98,0.358,27,0
6135,0,-1,0,3,1,692,0.637,22,0
6136,0,-1,0,1,1,749,0.049,26,0
6137,0,-1,0,4,1,549,0.054,29,0
6138,0,-1,0,3,1,105,0.583,4,0
6139,0,-1,0,5,1,752,0.928,8,0
6140,0,-1,0,2,1,209,-0.104,28,0
6141,0,-1,0,4,1,694,0.38,15,0
6142,0,-1,0,5,1,498,0.71,1,0
6143,0,-1,0,4,1,98,-0.175,14,0
6144,0,-1,0,5,1,409,0.186,15,0
6145,0,-1,0,5,1,194,-0.199,9,0
6146,0,-1,0,5,1,320,0.248,13,0
6147,0,-1,0,5,1,534,0.781,9,0
6148,0,-1,0,5,1,447,-0.072,12,0
6149,0,-1,0,5,1,662,0.446,7,0
6150,0,-1,0,2,1,258,0.411,24,0
6151,0,-1,0,4,1,494,0.372,13,0
6152,0,-1,0,4,1,75,0.811,8,0
6153,0,-1,0,5,1,612,-0.038,7,0
6154,0,-1,0,4,1,627,0.265,7,0
6155,0,-1,0,5,1,276,0.48,3,0
6156,0,-1,0,5,1,103,0.492,6,0
6157,0,-1,0,5,1,600,0.008,28,0
6158,0,-1,0,5,1,393,0.474,4,0
6159,0,-1,0,4,1,555,0.065,18,0
6160,0,-1,0,3,1,555,0.107,19,0
6161,0,-1,0,4,1,617,0.122,23,0
6162,0,-1,0,4,1,490,0.212,29,0
6163,0,-1,0,4,1,764,0.95,22,0
6164,0,-1,0,3,1,384,0.785,8,0
6165,0,-1,0,5,1,198,0.773,22,0
6166,0,-1,0,4,1,635,0.339,6,0
6167,0,-1,0,5,1,705,0.15,27,0
6168,0,-1,0,5,1,74,0.756,23,0
6169,0,-1,0,2,1,301,-0.032,15,0
6170,0,-1,0,3,1,280,0.137,3,0
6171,0,-1,0,4,1,729,0.099,27,0
6172,0,-1,0,5,1,719,0.65,23,0
6173,0,-1,0,5,1,356,0.568,23,0
6174,0,-1,0,5,1,475,0.116,10,0
6175,0,-1,0,2,1,456,-0.191,21,0
6176,0,-1,0,5,1,572,0.171,15,0
6177,0,-1,0,5,1,344,0.425,9,0
6178,0,-1,0,5,1,383,-0.055,2,0
6179,0,-1,0,4,1,185,0.904,10,0
6180,0,-1,0,5,1,235,0.822,19,0
6181,0,-1,0,5,1,581,0.2,16,0
6182,0,-1,0,4,1,354,-0.192,16,0
6183,0,-1,0,4,1,200,-0.139,8,0
6184,0,-1,0,4,1,203,0.367,10,0
6185,0,-1,0,5,1,722,0.702,11,0
6186,0,-1,0,4,1,789,0.272,9,0
6187,0,-1,0,5,1,249,0.65,22,0
6188,0,-1,0,4,1,268,0.931,9,0
6189,0,-1,0,4,1,405,0.34,14,0
6190,0,-1,0,5,1,769,0.677,6,0
6191,0,-1,0,5,1,739,-0.05,25,0
6192,0,-1,0,2,1,744,0.291,15,0
6193,0,-1,0,3,1,320,0.281,22,0
6194,0,-1,0,5,1,413,-0.084,19,0
6195,0,-1,0,4,1,117,0.928,12,0
6196,0,-1,0,5,1,697,0.663,3,0
6197,0,-1,0,4,1,771,0.383,1,0
6198,0,-1,0,3,1,106,0.816,24,0
6199,0,-1,0,4,1,149,0.261,9,0
6200,0,-1,0,5,1,255,0.232,8,0
6201,0,-1,0,5,1,350,0.08,18,0
6202,0,-1,0,5,1,533,-0.146,17,0
6203,0,-1,0,4,1,560,0.856,4,0
6204,0,-1,0,4,1,592,0.636,5,0
6205,0,-1,0,5,1,302,0.433,15,0
6206,0,-1,0,5,1,103,0.2,14,0
6207,0,-1,0,4,1,394,0.1,6,0
6208,0,-1,0,5,1,553,0.244,26,0
6209,0,-1,0,5,1,57,0.726,23,0
6210,0,-1,0,4,1,511,0.372,16,0
6211,0,-1,0,3,1,785,-0.138,2,0
6212,0,-1,0,5,1,751,0.552,11,0
6213,0,-1,0,4,1,646,0.129,7,0
6214,0,-1,0,5,1,114,0.66,20,0
6215,0,-1,0,3,1,297,0.124,8,0
6216,0,-1,0,5,1,672,0.893,18,0
6217,0,-1,0,1,1,537,0.347,23,0
6218,0,-1,0,5,1,735,0.981,27,0
6219,0,-1,0,3,1,449,0.769,18,0
6220,0,-1,0,4,1,766,0.416,18,0
6221,0,-1,0,3,1,789,0.793,19,0
6222,0,-1,0,5,1,763,-0.123,13,0
6223,0,-1,0,5,1,781,0.199,24,0
6224,0,-1,0,4,1,558,0.552,10,0
6225,0,-1,0,3,1,175,0.407,11,0
6226,0,-1,0,4,1,691,-0.199,4,0
6227,0,-1,0,1,1,517,0.386,9,0
6228,0,-1,0,5,1,516,0.629,14,0
6229,0,-1,0,5,1,661,0.312,29,0
6230,0,-1,0,5,1,265,0.764,20,0
6231,0,-1,0,5,1,102,-0.035,14,0
6232,0,-1,0,5,1,85,0.663,11,0
6233,0,-1,0,5,1,735,0.96,23,0
6234,0,-1,0,4,1,274,0.974,22,0
6235,0,-1,0,5,1,698,-0.17,16,0
6236,0,-1,0,4,1,602,0.254,13,0
6237,0,-1,0,4,1,519,0.584,11,0
6238,0,-1,0,5,1,63,0.418,15,0
6239,0,-1,0,5,1,360,0.913,27,0
6240,0,-1,0,3,1,232,0.824,11,0
6241,0,-1,0,5,1,323,0.545,7,0
6242,0,-1,0,5,1,51,0.508,11,0
6243,0,-1,0,4,1,313,0.638,10,0
6244,0,-1,0,5,1,734,0.843,19,0
6245,0,-1,0,5,1,712,0.57,6,0
6246,0,-1,0,4,1,140,0.595,19,0
6247,0,-1,0,4,1,647,-0.016,8,0
6248,0,-1,0,3,1,63,0.227,13,0
6249,0,-1,0,5,1,202,0.527,29,0
6250,0,-1,0,5,1,642,0.267,28,0
6251,0,-1,0,5,1,195,0.731,9,0
6252,0,-1,0,5,1,726,-0.067,25,0
6253,0,-1,0,2,1,456,-0.198,16,0
6254,0,-1,0,5,1,491,0.717,24,0
6255,0,-1,0,4,1,410,-0.064,2,0
6256,0,-1,0,5,1,570,0.098,28,0
6257,0,-1,0,2,1,280,-0.007,3,0
6258,0,-1,0,5,1,218,-0.162,18,0
6259,0,-1,0,3,1,334,0.353,2,0
6260,0,-1,0,4,1,187,0.801,21,0
6261,0,-1,0,5,1,284,0.497,29,0
6262,0,-1,0,4,1,261,0.763,24,0
6263,0,-1,0,4,1,432,-0.178,17,0
6264,0,-1,0,5,1,695,-0.141,25,0
6265,0,-1,0,5,1,483,0.066,10,0
6266,0,-1,0,1,1,382,0.367,26,0
6267,0,-1,0,3,1,52,0.918,10,0
6268,0,-1,0,5,1,628,0.421,15,0
6269,0,-1,0,4,1,784,-0.115,4,0
6270,0,-1,0,2,1,420,0.23,25,0
6271,0,-1,0,5,1,567,0.678,8,0
6272,0,-1,0,5,1,376,0.305,5,0
6273,0,-1,0,4,1,62,0.752,3,0
6274,0,-1,0,4,1,543,0.098,6,0
6275,0,-1,0,4,1,243,0.382,17,0
6276,0,-1,0,2,1,672,0.007,6,0
6277,0,-1,0,4,1,734,0.11,27,0
6278,0,-1,0,4,1,76,0.039,11,0
6279,0,-1,0,5,1,515,0.888,6,0
6280,0,-1,0,5,1,379,0.854,16,0
6281,0,-1,0,4,1,597,0.868,2,0
6282,0,-1,0,5,1,115,-0.033,14,0
6283,0,-1,0,5,1,665,0.156,27,0
6284,0,-1,0,4,1,608,-0.068,5,0
6285,0,-1,0,5,1,390,0.609,22,0
6286,0,-1,0,5,1,121,0.924,13,0
6287,0,-1,0,4,1,327,-0.041,18,0
6288,0,-1,0,5,1,208,0.99,3,0
6289,0,-1,0,4,1,616,0.692,22,0
6290,0,-1,0,4,1,683,-0.125,27,0
6291,0,-1,0,4,1,479,0.499,16,0
6292,0,-1,0,1,1,707,0.114,19,0
6293,0,-1,0,5,1,490,0.327,8,0
6294,0,-1,0,5,1,159,0.501,6,0
6295,0,-1,0,1,1,468,-0.131,1,0
6296,0,-1,0,4,1,591,0.722,15,0
6297,0,-1,0,5,1,106,0.115,23,0
6298,0,-1,0,1,1,721,-0.091,25,0
6299,0,-1,0,5,1,391,-0.166,24,0
6300,0,-1,0,5,1,599,0.135,23,0
6301,0,-1,0,4,1,762,-0.144,26,0
6302,0,-1,0,5,1,289,0.613,24,0
6303,0,-1,0,5,1,309,-0.055,14,0
6304,0,-1,0,4,1,684,0.186,20,0
6305,0,-1,0,5,1,582,0.13,5,0
6306,0,-1,0,4,1,176,0.923,18,0
6307,0,-1,0,5,1,256,0.507,28,0
6308,0,-1,0,5,1,782,0.754,21,0
6309,0,-1,0,5,1,717,-0.084,27,0
6310,0,-1,0,5,1,127,0.249,5,0
6311,0,-1,0,5,1,687,0.645,23,0
6312,0,-1,0,5,1,84,0.736,21,0
6313,0,-1,0,4,1,611,0.386,27,0
6314,0,-1,0,5,1,186,-0.011,23,0
6315,0,-1,0,2,1,557,-0.115,1,0
6316,0,-1,0,3,1,429,0.105,28,0
6317,0,-1,0,4,1,409,0.279,1,0
6318,0,-1,0,4,1,69,-0.017,15,0
6319,0,-1,0,5,1,241,0.407,1,0
6320,0,-1,0,4,1,188,0.762,28,0
6321,0,-1,0,5,1,443,0.89,26,0
6322,0,-1,0,4,1,317,0.388,8,0
6323,0,-1,0,5,1,493,0.211,12,0
6324,0,-1,0,5,1,782,0.451,29,0
6325,0,-1,0,5,1,97,0.695,16,0
6326,0,-1,0,5,1,244,0.358,5,0
6327,0,-1,0,5,1,539,0.254,17,0
6328,0,-1,0,3,1,474,0.694,13,0
6329,0,-1,0,5,1,545,0.122,3,0
6330,0,-1,0,4,1,620,0.645,29,0
6331,0,-1,0,4,1,707,0.683,8,0
6332,0,-1,0,5,1,163,-0.138,28,0
6333,0,-1,0,4,1,635,0.633,26,0
6334,0,-1,0,4,1,575,0.766,2,0
6335,0,-1,0,4,1,740,0.104,21,0
6336,0,-1,0,5,1,226,0.776,3,0
6337,0,-1,0,4,1,188,0.639,5,0
6338,0,-1,0,5,1,727,0.301,29,0
6339,0,-1,0,4,1,750,0.502,22,0
6340,0,-1,0,5,1,191,0.261,29,0
6341,0,-1,0,5,1,617,0.977,25,0
6342,0,-1,0,3,1,167,0.648,8,0
6343,0,-1,0,4,1,81,0.735,19,0
6344,0,-1,0,5,1,655,0.572,15,0
6345,0,-1,0,4,1,100,0.588,18,0
6346,0,-1,0,4,1,401,-0.049,5,0
6347,0,-1,0,5,1,488,0.394,1,0
6348,0,-1,0,5,1,739,0.882,22,0
6349,0,-1,0,3,1,646,-0.142,19,0
6350,0,-1,0,2,1,344,0.839,3,0
6351,0,-1,0,5,1,696,0.976,29,0
6352,0,-1,0,5,1,331,-0.173,8,0
6353,0,-1,0,5,1,631,0.638,14,0
6354,0,-1,0,4,1,83,0.457,24,0
6355,0,-1,0,5,1,238,0.084,15,0
6356,0,-1,0,4,1,479,-0.056,9,0
6357,0,-1,0,5,1,355,0.972,9,0
6358,0,-1,0,5,1,645,0.795,25,0
6359,0,-1,0,4,1,348,0.998,7,0
6360,0,-1,0,4,1,98,0.766,22,0
6361,0,-1,0,5,1,404,0.282,26,0
6362,0,-1,0,5,1,296,0.465,6,0
6363,0,-1,0,4,1,695,0.186,10,0
6364,0,-1,0,3,1,464,-0.105,18,0
6365,0,-1,0,5,1,784,0.597,15,0
6366,0,-1,0,5,1,384,-0.001,6,0
6367,0,-1,0,3,1,57,0.913,12,0
6368,0,-1,0,5,1,744,0.778,11,0
6369,0,-1,0,5,1,734,-0.084,20,0
6370,0,-1,0,5,1,762,0.945,5,0
6371,0,-1,0,5,1,96,0.491,21,0
6372,0,-1,0,4,1,581,0.039,14,0
6373,0,-1,0,5,1,238,0.034,10,0
6374,0,-1,0,4,1,287,0.148,2,0
6375,0,-1,0,5,1,84,0.979,19,0
6376,0,-1,0,5,1,63,0.261,9,0
6377,0,-1,0,4,1,196,-0.013,24,0
6378,0,-1,0,5,1,432,-0.168,10,0
6379,0,-1,0,5,1,397,0.206,28,0
6380,0,-1,0,5,1,393,0.149,3,0
6381,0,-1,0,4,1,110,-0.097,3,0
6382,0,-1,0,4,1,654,0.273,7,0
6383,0,-1,0,5,1,487,0.939,29,0
6384,0,-1,0,5,1,754,-0.014,1,0
6385,0,-1,0,4,1,180,0.178,3,0
6386,0,-1,0,5,1,183,0.656,29,0
6387,0,-1,0,2,1,100,0.191,25,0
6388,0,-1,0,4,1,639,0.843,10,0
6389,0,-1,0,5,1,608,0.681,12,0
6390,0,-1,0,4,1,655,0.486,25,0
6391,0,-1,0,4,1,82,-0.041,3,0
6392,0,-1,0,3,1,467,0.609,7,0
6393,0,-1,0,5,1,55,0.663,29,0
6394,0,-1,0,5,1,597,0.157,26,0
6395,0,-1,0,4,1,212,0.508,17,0
6396,0,-1,0,4,1,666,0.835,22,0
6397,0,-1,0,2,1,293,-0.166,9,0
6398,0,-1,0,5,1,212,0.377,15,0
6399,0,-1,0,5,1,311,0.912,4,0
6400,0,-1,0,3,1,773,0.493,19,0
6401,0,-1,0,5,1,187,0.786,7,0
6402,0,-1,0,5,1,529,0.615,6,0
6403,0,-1,0,3,1,55,0.782,6,0
6404,0,-1,0,4,1,225,0.678,18,0
6405,0,-1,0,3,1,722,-0.024,23,0
6406,0,-1,0,2,1,749,0.858,28,0
6407,0,-1,0,3,1,692,0.443,10,0
6408,0,-1,0,5,1,167,0.886,18,0
6409,0,-1,0,4,1,186,0.837,20,0
6410,0,-1,0,4,1,450,0.942,7,0
6411,0,-1,0,4,1,684,0.909,8,0
6412,0,-1,0,5,1,199,0.217,24,0
6413,0,-1,0,3,1,300,0.258,18,0
6414,0,-1,0,1,1,622,0.904,10,0
6415,0,-1,0,4,1,308,0.458,19,0
6416,0,-1,0,4,1,230,-0.168,19,0
6417,0,-1,0,5,1,156,0.317,13,0
6418,0,-1,0,5,1,789,0.301,7,0
6419,0,-1,0,4,1,307,0.28,2,0
6420,0,-1,0,5,1,649,0.811,17,0
6421,0,-1,0,5,1,473,0.891,16,0
6422,0,-1,0,3,1,156,0.855,8,0
6423,0,-1,0,5,1,610,0.771,12,0
6424,0,-1,0,4,1,83,0.355,24,0
6425,0,-1,0,5,1,521,-0.076,7,0
6426,0,-1,0,3,1,111,0.243,7,0
6427,0,-1,0,4,1,735,0.991,25,0
6428,0,-1,0,1,1,409,0.726,7,0
6429,0,-1,0,4,1,329,0.801,2,0
6430,0,-1,0,3,1,791,-0.057,28,0
6431,0,-1,0,5,1,398,0.559,24,0
6432,0,-1,0,5,1,574,0.332,29,0
6433,0,-1,0,5,1,718,0.131,5,0
6434,0,-1,0,4,1,611,0.916,15,0
6435,0,-1,0,4,1,395,0.271,21,0
6436,0,-1,0,4,1,624,0.422,27,0
6437,0,-1,0,3,1,202,0.132,24,0
6438,0,-1,0,4,1,691,0.683,16,0
6439,0,-1,0,3,1,239,-0.178,10,0
6440,0,-1,0,1,1,506,0.291,23,0
6441,0,-1,0,5,1,368,0.762,20,0
6442,0,-1,0,5,1,723,0.904,8,0
6443,0,-1,0,1,1,430,0.317,24,0
6444,0,-1,0,5,1,252,-0.01,4,0
6445,0,-1,0,5,1,457,0.95,29,0
6446,0,-1,0,4,1,117,0.318,6,0
6447,0,-1,0,3,1,439,0.166,27,0
6448,0,-1,0,5,1,730,0.101,14,0
6449,0,-1,0,5,1,778,0.991,3,0
6450,0,-1,0,5,1,87,0.865,12,0
6451,0,-1,0,5,1,701,0.909,24,0
6452,0,-1,0,2,1,362,0.61,10,0
6453,0,-1,0,5,1,181,0.112,20,0
6454,0,-1,0,5,1,311,-0.116,1,0
6455,0,-1,0,4,1,495,-0.115,4,0
6456,0,-1,0,5,1,607,0.075,9,0
6457,0,-1,0,5,1,265,0.947,3,0
6458,0,-1,0,4,1,84,-0.036,23,0
6459,0,-1,0,4,1,169,0.919,14,0
6460,0,-1,0,5,1,700,0.156,1,0
6461,0,-1,0,5,1,326,-0.138,5,0
6462,0,-1,0,5,1,760,-0.123,12,0
6463,0,-1,0,5,1,63,-0.083,22,0
6464,0,-1,0,5,1,528,0.666,8,0
6465,0,-1,0,4,1,292,0.042,23,0
6466,0,-1,0,4,1,66,0.132,19,0
6467,0,-1,0,5,1,163,0.149,23,0
6468,0,-1,0,4,1,774,0.238,11,0
6469,0,-1,0,3,1,191,0.583,9,0
6470,0,-1,0,5,1,429,0.09,3,0
6471,0,-1,0,5,1,760,0.401,19,0
6472,0,-1,0,4,1,93,0.413,18,0
6473,0,-1,0,5,1,605,0.511,21,0
6474,0,-1,0,5,1,140,-0.048,8,0
6475,0,-1,0,2,1,427,0.94,11,0
6476,0,-1,0,4,1,143,0.47,25,0
6477,0,-1,0,5,1,477,0.599,23,0
6478,0,-1,0,5,1,533,0.63,13,0
6479,0,-1,0,5,1,203,-0.154,14,0
6480,0,-1,0,3,1,209,0.856,3,0
6481,0,-1,0,4,1,345,0.647,15,0
6482,0,-1,0,2,1,182,0.965,2,0
6483,0,-1,0,4,1,105,0.619,10,0
6484,0,-1,0,5,1,458,-0.022,4,0
6485,0,-1,0,4,1,727,-0.139,4,0
6486,0,-1,0,4,1,760,0.217,19,0
6487,0,-1,0,4,1,160,-0.049,19,0
6488,0,-1,0,5,1,354,0.292,13,0
6489,0,-1,0,5,1,65,0.863,17,0
6490,0,-1,0,4,1,654,0.355,5,0
6491,0,-1,0,5,1,353,0.92,20,0
6492,0,-1,0,5,1,656,0.286,29,0
6493,0,-1,0,5,1,93,0.358,12,0
6494,0,-1,0,4,1,736,0.181,22,0
6495,0,-1,0,5,1,465,0.894,25,0
6496,0,-1,0,4,1,750,0.76,21,0
6497,0,-1,0,5,1,547,0.924,20,0
6498,0,-1,0,3,1,422,0.681,6,0
6499,0,-1,0,2,1,712,0.174,2,0
6500,0,-1,0,5,1,292,0.368,26,0
6501,0,-1,0,4,1,107,0.244,11,0
6502,0,-1,0,5,1,295,0.051,23,0
6503,0,-1,0,4,1,226,-0.04,6,0
6504,0,-1,0,5,1,404,0.098,6,0
6505,0,-1,0,5,1,60,-0.128,25,0
6506,0,-1,0,5,1,62,0.864,29,0
6507,0,-1,0,4,1,411,0.391,21,0
6508,0,-1,0,4,1,253,0.864,20,0
6509,0,-1,0,3,1,712,-0.103,7,0
6510,0,-1,0,5,1,627,0.063,26,0
6511,0,-1,0,4,1,296,0.501,6,0
6512,0,-1,0,5,1,257,0.538,9,0
6513,0,-1,0,5,1,249,-0.076,1,0
6514,0,-1,0,4,1,349,-0.175,5,0
6515,0,-1,0,4,1,603,0.261,29,0
6516,0,-1,0,5,1,237,-0.177,2,0
6517,0,-1,0,5,1,323,0.734,10,0
6518,0,-1,0,5,1,607,0.769,10,0
6519,0,-1,0,4,1,614,0.393,25,0
6520,0,-1,0,4,1,739,-0.181,27,0
6521,0,-1,0,3,1,179,0.798,4,0
6522,0,-1,0,3,1,485,-0.091,11,0
6523,0,-1,0,4,1,390,0.506,18,0
6524,0,-1,0,4,1,303,0.462,8,0
6525,0,-1,0,1,1,582,-0.189,21,0
6526,0,-1,0,5,1,698,-0.059,3,0
6527,0,-1,0,4,1,216,0.27,19,0
6528,0,-1,0,1,1,434,0.685,25,0
6529,0,-1,0,5,1,707,0.427,8,0
6530,0,-1,0,3,1,368,0.181,25,0
6531,0,-1,0,5,1,728,0.221,18,0
6532,0,-1,0,4,1,674,-0.189,12,0
6533,0,-1,0,4,1,61,0.459,19,0
6534,0,-1,0,5,1,245,0.76,12,0
6535,0,-1,0,4,1,238,0.16,23,0
6536,0,-1,0,4,1,366,-0.186,16,0
6537,0,-1,0,4,1,195,0.619,3,0
6538,0,-1,0,5,1,539,-0.062,8,0
6539,0,-1,0,4,1,82,0.246,27,0
6540,0,-1,0,2,1,260,-0.026,24,0
6541,0,-1,0,4,1,129,-0.172,7,0
6542,0,-1,0,5,1,316,0.579,2,0
6543,0,-1,0,4,1,644,0.282,15,0
6544,0,-1,0,5,1,467,0.735,25,0
6545,0,-1,0,2,1,168,0.511,27,0
6546,0,-1,0,4,1,209,0.135,22,0
6547,0,-1,0,5,1,442,0.861,5,0
6548,0,-1,0,5,1,102,0.379,1,0
6549,0,-1,0,5,1,330,0.866,3,0
6550,0,-1,0,5,1,359,0.037,10,0
6551,0,-1,0,3,1,254,0.435,16,0
6552,0,-1,0,4,1,159,0.054,23,0
6553,0,-1,0,4,1,93,0.552,25,0
6554,0,-1,0,5,1,605,0.082,16,0
6555,0,-1,0,5,1,691,0.211,15,0
6556,0,-1,0,1,1,449,0.109,1,0
6557,0,-1,0,2,1,402,0.87,11,0
6558,0,-1,0,4,1,750,0.867,11,0
6559,0,-1,0,5,1,235,0.506,8,0
6560,0,-1,0,1,1,310,-0.102,22,0
6561,0,-1,0,5,1,562,0.576,8,0
6562,0,-1,0,4,1,611,0.686,24,0
6563,0,-1,0,5,1,364,0.679,15,0
6564,0,-1,0,5,1,447,0.333,20,0
6565,0,-1,0,5,1,426,-0.172,12,0
6566,0,-1,0,4,1,619,0.429,14,0
6567,0,-1,0,5,1,600,0.332,8,0
6568,0,-1,0,5,1,411,0.592,17,0
6569,0,-1,0,1,1,492,-0.039,13,0
6570,0,-1,0,5,1,233,0.83,27,0
6571,0,-1,0,5,1,137,0.553,4,0
6572,0,-1,0,5,1,594,-0.124,25,0
6573,0,-1,0,5,1,201,-0.019,29,0
6574,0,-1,0,5,1,437,0.87,15,0
6575,0,-1,0,5,1,575,-0.073,4,0
6576,0,-1,0,2,1,681,0.228,6,0
6577,0,-1,0,5,1,113,-0.182,15,0
6578,0,-1,0,4,1,452,0.215,21,0
6579,0,-1,0,5,1,497,0.413,4,0
6580,0,-1,0,2,1,720,0.867,3,0
6581,0,-1,0,5,1,69,0.654,5,0
6582,0,-1,0,5,1,359,0.451,21,0
6583,0,-1,0,5,1,348,0.758,27,0
6584,0,-1,0,4,1,441,0.006,15,0
6585,0,-1,0,1,1,407,-0.163,12,0
6586,0,-1,0,5,1,104,0.12,6,0
6587,0,-1,0,3,1,576,0.462,13,0
6588,0,-1,0,5,1,489,0.181,5,0
6589,0,-1,0,1,1,652,0.657,25,0
6590,0,-1,0,5,1,679,0.894,29,0
6591,0,-1,0,5,1,152,0.383,6,0
6592,0,-1,0,3,1,555,0.127,15,0
6593,0,-1,0,5,1,143,0.554,4,0
6594,0,-1,0,5,1,427,0.712,12,0
6595,0,-1,0,5,1,199,0.378,3,0
6596,0,-1,0,4,1,650,0.534,19,0
6597,0,-1,0,4,1,154,0.24,26,0
6598,0,-1,0,4,1,103,0.787,23,0
6599,0,-1,0,1,1,648,0.074,25,0
6600,0,-1,0,4,1,734,0.257,3,0
6601,0,-1,0,5,1,655,0.657,19,0
6602,0,-1,0,1,1,545,0.198,15,0
6603,0,-1,0,4,1,753,0.906,13,0
6604,0,-1,0,4,1,454,-0.133,18,0
6605,0,-1,0,4,1,508,0.66,13,0
6606,0,-1,0,4,1,430,0.803,22,0
6607,0,-1,0,1,1,680,-0.04,22,0
6608,0,-1,0,5,1,411,0.945,9,0
6609,0,-1,0,5,1,65,0.854,5,0
6610,0,-1,0,5,1,192,0.107,9,0
6611,0,-1,0,5,1,433,0.13,29,0
6612,0,-1,0,5,1,649,0.736,14,0
6613,0,-1,0,5,1,106,0.786,2,0
6614,0,-1,0,5,1,563,0.199,14,0
6615,0,-1,0,5,1,306,0.184,28,0
6616,0,-1,0,5,1,112,0.576,25,0
6617,0,-1,0,4,1,582,0.276,21,0
6618,0,-1,0,5,1,166,0.458,19,0
6619,0,-1,0,4,1,242,0.639,16,0
6620,0,-1,0,5,1,574,0.48,21,0
6621,0,-1,0,4,1,385,0.726,10,0
6622,0,-1,0,5,1,77,0.271,23,0
6623,0,-1,0,4,1,508,0.745,16,0
6624,0,-1,0,5,1,292,0.282,5,0
6625,0,-1,0,4,1,478,0.779,6,0
6626,0,-1,0,5,1,384,0.826,20,0
6627,0,-1,0,3,1,154,0.13,23,0
6628,0,-1,0,5,1,110,0.571,7,0
6629,0,-1,0,4,1,433,-0.026,3,0
6630,0,-1,0,5,1,723,0.703,26,0
6631,0,-1,0,5,1,604,0.685,23,0
6632,0,-1,0,5,1,59,-0.03,29,0
6633,0,-1,0,4,1,95,0.837,16,0
6634,0,-1,0,4,1,146,0.9,21,0
6635,0,-1,0,3,1,447,0.187,8,0
6636,0,-1,0,3,1,77,0.435,18,0
6637,0,-1,0,5,1,202,0.421,10,0
6638,0,-1,0,5,1,473,-0.138,25,0
6639,0,-1,0,5,1,346,0.098,20,0
6640,0,-1,0,4,1,215,0.638,24,0
6641,0,-1,0,5,1,547,0.532,18,0
6642,0,-1,0,5,1,495,0.383,16,0
6643,0,-1,0,5,1,142,0.608,27,0
6644,0,-1,0,4,1,556,-0.077,9,0
6645,0,-1,0,2,1,116,0.442,12,0
6646,0,-1,0,5,1,775,0.601,19,0
6647,0,-1,0,5,1,209,0.603,28,0
6648,0,-1,0,5,1,333,0.738,11,0
6649,0,-1,0,5,1,460,0.329,8,0
6650,0,-1,0,2,1,369,0.937,27,0
6651,0,-1,0,4,1,636,0.898,22,0
6652,0,-1,0,5,1,76,0.878,20,0
6653,0,-1,0,5,1,251,0.306,9,0
6654,0,-1,0,5,1,185,0.377,17,0
6655,0,-1,0,5,1,432,0.39,25,0
6656,0,-1,0,5,1,466,-0.027,28,0
6657,0,-1,0,1,1,431,0.894,17,0
6658,0,-1,0,4,1,508,0.987,6,0
6659,0,-1,0,2,1,752,0.808,23,0
6660,0,-1,0,5,1,89,0.938,21,0
6661,0,-1,0,2,1,245,-0.106,6,0
6662,0,-1,0,5,1,634,0.376,8,0
6663,0,-1,0,2,1,429,0.704,26,0
6664,0,-1,0,4,1,707,0.603,22,0
6665,0,-1,0,4,1,55,-0.11,12,0
6666,0,-1,0,4,1,280,0.981,20,0
6667,0,-1,0,5,1,558,0.935,5,0
6668,0,-1,0,4,1,155,0.259,26,0
6669,0,-1,0,5,1,545,0.966,28,0
6670,0,-1,0,4,1,791,0.942,13,0
6671,0,-1,0,1,1,624,0.617,15,0
6672,0,-1,0,4,1,286,0.937,3,0
6673,0,-1,0,5,1,721,0.765,25,0
6674,0,-1,0,4,1,472,0.371,4,0
6675,0,-1,0,5,1,81,0.198,7,0
6676,0,-1,0,5,1,251,0.852,5,0
6677,0,-1,0,4,1,695,0.623,5,0
6678,0,-1,0,4,1,280,0.488,22,0
6679,0,-1,0,4,1,618,0.103,16,0
6680,0,-1,0,1,1,564,-0.012,26,0
6681,0,-1,0,4,1,583,0.312,9,0
6682,0,-1,0,5,1,200,0.44,9,0
6683,0,-1,0,4,1,363,0.305,5,0
6684,0,-1,0,5,1,93,-0.072,19,0
6685,0,-1,0,5,1,690,-0.007,19,0
6686,0,-1,0,3,1,768,0.029,14,0
6687,0,-1,0,5,1,55,-0.088,3,0
6688,0,-1,0,5,1,268,0.617,24,0
6689,0,-1,0,5,1,172,0.045,26,0
6690,0,-1,0,3,1,781,0.894,25,0
6691,0,-1,0,3,1,61,0.253,11,0
6692,0,-1,0,2,1,707,-0.107,12,0
6693,0,-1,0,4,1,673,-0.02,27,0
6694,0,-1,0,3,1,616,0.581,4,0
6695,0,-1,0,2,1,428,0.862,19,0
6696,0,-1,0,3,1,335,0.953,17,0
6697,0,-1,0,3,1,154,0.112,2,0
6698,0,-1,0,5,1,400,0.41,17,0
6699,0,-1,0,5,1,315,0.501,23,0
6700,0,-1,0,5,1,687,0.241,27,0
6701,0,-1,0,4,1,217,0.321,16,0
6702,0,-1,0,4,1,374,0.055,29,0
6703,0,-1,0,5,1,760,0.874,13,0
6704,0,-1,0,5,1,549,0.373,9,0
6705,0,-1,0,5,1,66,-0.044,27,0
6706,0,-1,0,5,1,324,0.241,24,0
6707,0,-1,0,4,1,106,-0.089,28,0
6708,0,-1,0,5,1,710,-0.017,18,0
6709,0,-1,0,5,1,184,0.656,12,0
6710,0,-1,0,4,1,451,-0.072,23,0
6711,0,-1,0,5,1,611,0.902,12,0
6712,0,-1,0,5,1,693,0.931,29,0
6713,0,-1,0,5,1,490,0.427,28,0
6714,0,-1,0,5,1,677,-0.061,23,0
6715,0,-1,0,5,1,117,0.718,27,0
6716,0,-1,0,5,1,735,-0.006,22,0
6717,0,-1,0,5,1,369,-0.172,17,0
6718,0,-1,0,2,1,367,0.036,29,0
6719,0,-1,0,5,1,73,0.384,20,0
6720,0,-1,0,5,1,382,0.169,5,0
6721,0,-1,0,5,1,286,-0.011,2,0
6722,0,-1,0,5,1,696,0.444,22,0
6723,0,-1,0,4,1,401,0.074,1,0
6724,0,-1,0,2,1,128,0.708,6,0
6725,0,-1,0,4,1,710,0.976,13,0
6726,0,-1,0,4,1,59,0.243,28,0
6727,0,-1,0,5,1,756,-0.163,17,0
6728,0,-1,0,3,1,112,0.766,27,0
6729,0,-1,0,5,1,682,0.004,20,0
6730,0,-1,0,5,1,427,0.644,18,0
6731,0,-1,0,5,1,441,0.206,4,0
6732,0,-1,0,5,1,744,0.445,6,0
6733,0,-1,0,4,1,328,0.654,1,0
6734,0,-1,0,5,1,441,-0.198,7,0
6735,0,-1,0,5,1,85,0.262,27,0
6736,0,-1,0,4,1,334,0.52,23,0
6737,0,-1,0,2,1,444,0.673,20,0
6738,0,-1,0,5,1,361,0.408,1,0
6739,0,-1,0,5,1,147,0.056,9,0
6740,0,-1,0,4,1,585,0.004,1,0
6741,0,-1,0,4,1,199,-0.026,13,0
6742,0,-1,0,4,1,760,-0.073,5,0
6743,0,-1,0,5,1,795,0.747,10,0
6744,0,-1,0,5,1,708,0.793,6,0
6745,0,-1,0,4,1,64,-0.127,20,0
6746,0,-1,0,4,1,457,0.044,10,0
6747,0,-1,0,1,1,396,-0.032,7,0
6748,0,-1,0,5,1,376,0.77,28,0
6749,0,-1,0,5,1,296,0.503,14,0
6750,0,-1,0,4,1,256,0.126,25,0
6751,0,-1,0,5,1,119,0.714,6,0
6752,0,-1,0,4,1,61,0.402,13,0
6753,0,-1,0,2,1,212,0.066,25,0
6754,0,-1,0,3,1,399,0.24,16,0
6755,0,-1,0,4,1,657,0.172,28,0
6756,0,-1,0,3,1,118,-0.144,24,0
6757,0,-1,0,5,1,746,0.557,1,0
6758,0,-1,0,5,1,796,-0.06,27,0
6759,0,-1,0,5,1,437,0.653,9,0
6760,0,-1,0,5,1,403,0.668,17,0
6761,0,-1,0,4,1,140,0.93,17,0
6762,0,-1,0,4,1,656,0.891,10,0
6763,0,-1,0,5,1,750,0.019,6,0
6764,0,-1,0,4,1,559,0.616,1,0
6765,0,-1,0,4,1,222,0.779,9,0
6766,0,-1,0,3,1,282,0.749,7,0
6767,0,-1,0,4,1,220,0.946,26,0
6768,0,-1,0,3,1,235,-0.033,12,0
6769,0,-1,0,5,1,638,0.213,21,0
6770,0,-1,0,5,1,221,0.723,18,0
6771,0,-1,0,4,1,145,0.192,2,0
6772,0,-1,0,5,1,615,0.568,23,0
6773,0,-1,0,5,1,572,0.199,22,0
6774,0,-1,0,5,1,700,0.133,16,0
6775,0,-1,0,2,1,718,0.055,7,0
6776,0,-1,0,4,1,372,0.847,18,0
6777,0,-1,0,5,1,592,0.856,16,0
6778,0,-1,0,4,1,466,-0.023,12,0
6779,0,-1,0,5,1,465,0.455,19,0
6780,0,-1,0,5,1,377,0.247,8,0
6781,0,-1,0,5,1,104,0.273,23,0
6782,0,-1,0,5,1,347,0.366,26,0
6783,0,-1,0,5,1,754,0.913,20,0
6784,0,-1,0,5,1,290,0.227,3,0
6785,0,-1,0,5,1,127,0.193,23,0
6786,0,-1,0,5,1,568,0.672,15,0
6787,0,-1,0,4,1,539,-0.043,1,0
6788,0,-1,0,2,1,691,0.194,10,0
6789,0,-1,0,5,1,256,0.375,16,0
6790,0,-1,0,3,1,399,-0.016,29,0
6791,0,-1,0,4,1,340,-0.132,11,0
6792,0,-1,0,3,1,361,0.72,22,0
6793,0,-1,0,3,1,768,0.849,23,0
6794,0,-1,0,5,1,598,0.744,22,0
6795,0,-1,0,4,1,255,-0.138,23,0
6796,0,-1,0,5,1,469,0.666,11,0
6797,0,-1,0,4,1,591,0.644,6,0
6798,0,-1,0,4,1,672,0.057,26,0
6799,0,-1,0,4,1,320,0.012,18,0
6800,0,-1,0,5,1,340,0.493,29,0
6801,0,-1,0,3,1,199,0.947,17,0
6802,0,-1,0,5,1,173,0.293,11,0
6803,0,-1,0,5,1,554,0.374,18,0
6804,0,-1,0,5,1,602,0.169,5,0
6805,0,-1,0,5,1,434,0.686,14,0
6806,0,-1,0,5,1,241,-0.165,20,0
6807,0,-1,0,3,1,163,0.609,5,0
6808,0,-1,0,4,1,545,0.983,27,0
6809,0,-1,0,5,1,147,0.491,27,0
6810,0,-1,0,5,1,69,0.357,20,0
6811,0,-1,0,4,1,199,0.589,5,0
6812,0,-1,0,5,1,639,-0.028,8,0
6813,0,-1,0,5,1,232,0.337,9,0
6814,0,-1,0,2,1,364,-0.143,1,0
6815,0,-1,0,5,1,624,0.213,18,0
6816,0,-1,0,5,1,495,0.445,3,0
6817,0,-1,0,4,1,182,0.575,19,0
6818,0,-1,0,4,1,659,0.004,1,0
6819,0,-1,0,5,1,238,0.773,26,0
6820,0,-1,0,5,1,760,0.18,23,0
6821,0,-1,0,5,1,688,0.101,7,0
6822,0,-1,0,2,1,768,0.246,16,0
6823,0,-1,0,4,1,224,0.231,29,0
6824,0,-1,0,4,1,229,0.377,6,0
6825,0,-1,0,5,1,391,0.046,13,0
6826,0,-1,0,1,1,64,0.484,17,0
6827,0,-1,0,5,1,358,0.467,16,0
6828,0,-1,0,5,1,86,0.685,21,0
6829,0,-1,0,5,1,221,0.327,10,0
6830,0,-1,0,5,1,332,0.102,29,0
6831,0,-1,0,5,1,559,0.298,27,0
6832,0,-1,0,4,1,680,-0.162,16,0
6833,0,-1,0,4,1,690,0.937,29,0
6834,0,-1,0,5,1,395,0.281,1,0
6835,0,-1,0,5,1,167,0.489,2,0
6836,0,-1,0,3,1,562,0.169,4,0
6837,0,-1,0,2,1,727,-0.194,7,0
6838,0,-1,0,4,1,431,0.579,19,0
6839,0,-1,0,4,1,101,0.751,12,0
6840,0,-1,0,1,1,56,0.461,26,0
6841,0,-1,0,5,1,157,0.992,25,0
6842,0,-1,0,5,1,761,0.127,24,0
6843,0,-1,0,5,1,726,0.569,25,0
6844,0,-1,0,3,1,586,0.992,29,0
6845,0,-1,0,4,1,337,-0.177,28,0
6846,0,-1,0,5,1,425,-0.164,13,0
6847,0,-1,0,5,1,397,0.481,6,0
6848,0,-1,0,2,1,184,0.674,11,0
6849,0,-1,0,5,1,694,0.833,14,0
6850,0,-1,0,2,1,730,0.642,3,0
6851,0,-1,0,5,1,473,0.63,22,0
6852,0,-1,0,3,1,295,0.526,24,0
6853,0,-1,0,5,1,578,-0.06,12,0
6854,0,-1,0,4,1,393,0.736,23,0
6855,0,-1,0,4,1,445,-0.187,16,0
6856,0,-1,0,4,1,574,0.17,15,0
6857,0,-1,0,3,1,332,0.713,3,0
6858,0,-1,0,5,1,694,0.629,19,0
6859,0,-1,0,4,1,629,-0.01,26,0
6860,0,-1,0,5,1,139,0.603,13,0
6861,0,-1,0,3,1,402,0.852,19,0
6862,0,-1,0,4,1,126,0.037,7,0
6863,0,-1,0,1,1,691,0.689,24,0
6864,0,-1,0,4,1,90,0.289,13,0
6865,0,-1,0,5,1,699,0.425,29,0
6866,0,-1,0,5,1,66,0.801,22,0
6867,0,-1,0,5,1,520,-0.112,3,0
6868,0,-1,0,5,1,63,0.818,17,0
6869,0,-1,0,5,1,799,0.155,3,0
6870,0,-1,0,5,1,244,0.617,24,0
6871,0,-1,0,5,1,123,0.526,11,0
6872,0,-1,0,5,1,679,-0.098,11,0
6873,0,-1,0,5,1,777,0.062,16,0
6874,0,-1,0,5,1,586,0.737,23,0
6875,0,-1,0,5,1,391,0.68,21,0
6876,0,-1,0,5,1,764,0.184,5,0
6877,0,-1,0,1,1,528,0.38,5,0
6878,0,-1,0,4,1,661,-0.117,25,0
6879,0,-1,0,4,1,179,0.043,26,0
6880,0,-1,0,1,1,194,0.37,21,0
6881,0,-1,0,3,1,250,0.119,25,0
6882,0,-1,0,4,1,381,0.775,20,0
6883,0,-1,0,5,1,599,0.766,27,0
6884,0,-1,0,5,1,555,0.639,18,0
6885,0,-1,0,5,1,325,0.968,17,0
6886,0,-1,0,5,1,658,0.291,16,0
6887,0,-1,0,4,1,749,-0.128,5,0
6888,0,-1,0,5,1,479,0.313,15,0
6889,0,-1,0,4,1,717,0.59,27,0
6890,0,-1,0,5,1,473,0.881,24,0
6891,0,-1,0,2,1,452,0.256,25,0
6892,0,-1,0,4,1,333,-0.077,8,0
6893,0,-1,0,5,1,349,0.772,24,0
6894,0,-1,0,4,1,347,0.98,27,0
6895,0,-1,0,5,1,738,0.474,1,0
6896,0,-1,0,4,1,686,0.095,29,0
6897,0,-1,0,4,1,357,0.0,4,0
6898,0,-1,0,5,1,79,0.732,21,0
6899,0,-1,0,5,1,200,0.673,2,0
6900,0,-1,0,4,1,254,0.055,15,0
6901,0,-1,0,4,1,449,-0.133,10,0
6902,0,-1,0,5,1,612,0.566,20,0
6903,0,-1,0,3,1,113,0.117,12,0
6904,0,-1,0,5,1,496,0.631,23,0
6905,0,-1,0,5,1,733,0.251,25,0
6906,0,-1,0,5,1,455,0.275,25,0
6907,0,-1,0,5,1,615,0.882,22,0
6908,0,-1,0,5,1,61,0.832,20,0
6909,0,-1,0,4,1,684,0.873,11,0
6910,0,-1,0,5,1,705,0.327,20,0
6911,0,-1,0,5,1,560,0.438,14,0
6912,0,-1,0,1,1,104,-0.115,4,0
6913,0,-1,0,4,1,788,0.504,4,0
6914,0,-1,0,3,1,334,0.657,24,0
6915,0,-1,0,5,1,634,0.74,11,0
6916,0,-1,0,4,1,279,0.935,23,0
6917,0,-1,0,3,1,171,0.931,1,0
6918,0,-1,0,5,1,630,0.121,20,0
6919,0,-1,0,5,1,751,-0.048,22,0
6920,0,-1,0,4,1,284,0.724,24,0
6921,0,-1,0,4,1,796,0.684,21,0
6922,0,-1,0,5,1,311,0.432,6,0
6923,0,-1,0,4,1,508,0.492,23,0
6924,0,-1,0,4,1,568,0.83,16,0
6925,0,-1,0,5,1,340,-0.199,5,0
6926,0,-1,0,2,1,663,0.673,9,0
6927,0,-1,0,5,1,708,0.185,12,0
6928,0,-1,0,5,1,157,0.604,2,0
6929,0,-1,0,4,1,608,0.176,10,0
6930,0,-1,0,4,1,154,0.31,7,0
6931,0,-1,0,4,1,146,-0.136,19,0
6932,0,-1,0,5,1,60,0.901,24,0
6933,0,-1,0,5,1,256,0.744,2,0
6934,0,-1,0,4,1,549,0.911,28,0
6935,0,-1,0,5,1,576,0.047,23,0
6936,0,-1,0,5,1,203,-0.06,29,0
6937,0,-1,0,5,1,343,0.119,26,0
6938,0,-1,0,2,1,400,0.842,17,0
6939,0,-1,0,5,1,781,0.559,2,0
6940,0,-1,0,4,1,397,0.049,3,0
6941,0,-1,0,5,1,709,0.541,19,0
6942,0,-1,0,5,1,320,0.444,28,0
6943,0,-1,0,5,1,634,-0.121,23,0
6944,0,-1,0,5,1,789,-0.036,7,0
6945,0,-1,0,5,1,626,-0.099,24,0
6946,0,-1,0,5,1,291,0.841,16,0
6947,0,-1,0,5,1,461,-0.166,22,0
6948,0,-1,0,5,1,648,0.817,3,0
6949,0,-1,0,3,1,596,0.122,12,0
6950,0,-1,0,4,1,78,0.967,4,0
6951,0,-1,0,3,1,706,0.242,27,0
6952,0,-1,0,1,1,194,0.812,14,0
6953,0,-1,0,4,1,624,-0.148,24,0
6954,0,-1,0,5,1,586,0.787,12,0
6955,0,-1,0,3,1,148,0.926,28,0
6956,0,-1,0,5,1,700,0.52,2,0
6957,0,-1,0,1,1,648,-0.059,16,0
6958,0,-1,0,5,1,505,0.279,25,0
6959,0,-1,0,4,1,759,0.542,11,0
6960,0,-1,0,5,1,532,0.505,10,0
6961,0,-1,0,4,1,238,0.484,29,0
6962,0,-1,0,4,1,644,0.861,10,0
6963,0,-1,0,2,1,613,0.119,9,0
6964,0,-1,0,3,1,319,0.66,9,0
6965,0,-1,0,4,1,75,0.542,2,0
6966,0,-1,0,4,1,484,0.006,8,0
6967,0,-1,0,4,1,140,-0.024,16,0
6968,0,-1,0,5,1,123,-0.092,22,0
6969,0,-1,0,5,1,650,0.422,5,0
6970,0,-1,0,3,1,785,0.023,29,0
6971,0,-1,0,5,1,398,0.341,15,0
6972,0,-1,0,5,1,297,0.021,18,0
6973,0,-1,0,5,1,221,0.392,29,0
6974,0,-1,0,4,1,381,0.31,15,0
6975,0,-1,0,5,1,251,0.077,14,0
6976,0,-1,0,1,1,408,0.622,27,0
6977,0,-1,0,4,1,136,0.509,14,0
6978,0,-1,0,5,1,559,0.592,11,0
6979,0,-1,0,2,1,631,0.15,20,0
6980,0,-1,0,5,1,251,0.485,14,0
6981,0,-1,0,5,1,652,-0.191,17,0
6982,0,-1,0,4,1,592,0.754,26,0
6983,0,-1,0,4,1,394,-0.101,19,0
6984,0,-1,0,5,1,280,0.833,23,0
6985,0,-1,0,4,1,598,0.446,8,0
6986,0,-1,0,5,1,449,0.161,15,0
6987,0,-1,0,5,1,559,0.969,22,0
6988,0,-1,0,5,1,278,0.116,3,0
6989,0,-1,0,4,1,797,0.741,6,0
6990,0,-1,0,4,1,437,0.957,6,0
6991,0,-1,0,4,1,628,0.82,20,0
6992,0,-1,0,5,1,570,-0.106,23,0
6993,0,-1,0,4,1,193,0.595,5,0
6994,0,-1,0,4,1,149,0.12,22,0
6995,0,-1,0,3,1,701,0.433,29,0
6996,0,-1,0,5,1,174,0.96,7,0
6997,0,-1,0,5,1,372,0.317,7,0
6998,0,-1,0,5,1,572,0.114,12,0
6999,0,-1,0,3,1,766,0.474,11,0
7000,0,-1,0,4,1,510,0.364,22,0
7001,0,-1,0,4,1,559,0.658,29,0
7002,0,-1,0,5,1,495,0.127,20,0
7003,0,-1,0,5,1,391,0.924,14,0
7004,0,-1,0,4,1,399,0.984,20,0
7005,0,-1,0,3,1,486,0.285,15,0
7006,0,-1,0,5,1,453,0.451,23,0
7007,0,-1,0,3,1,55,0.722,11,0
7008,0,-1,0,4,1,248,0.675,14,0
7009,0,-1,0,4,1,616,-0.116,3,0
7010,0,-1,0,4,1,325,0.592,22,0
7011,0,-1,0,5,1,564,0.201,28,0
7012,0,-1,0,5,1,446,0.12,12,0
7013,0,-1,0,4,1,634,-0.065,16,0
7014,0,-1,0,5,1,515,0.109,25,0
7015,0,-1,0,5,1,106,0.038,15,0
7016,0,-1,0,4,1,671,0.196,16,0
7017,0,-1,0,4,1,291,0.366,25,0
7018,0,-1,0,4,1,358,0.097,1,0
7019,0,-1,0,5,1,354,0.208,4,0
7020,0,-1,0,4,1,279,0.341,9,0
7021,0,-1,0,4,1,127,0.833,24,0
7022,0,-1,0,5,1,579,0.356,10,0
7023,0,-1,0,5,1,686,0.597,11,0
7024,0,-1,0,5,1,645,0.88,8,0
7025,0,-1,0,5,1,683,0.301,4,0
7026,0,-1,0,4,1,209,0.332,7,0
7027,0,-1,0,4,1,135,0.011,21,0
7028,0,-1,0,1,1,159,-0.114,2,0
7029,0,-1,0,5,1,409,0.68,5,0
7030,0,-1,0,5,1,605,0.722,4,0
7031,0,-1,0,4,1,513,-0.074,18,0
7032,0,-1,0,5,1,567,0.366,25,0
7033,0,-1,0,5,1,660,0.396,3,0
7034,0,-1,0,5,1,455,-0.146,8,0
7035,0,-1,0,4,1,294,0.255,14,0
7036,0,-1,0,5,1,704,0.152,9,0
7037,0,-1,0,5,1,221,0.475,11,0
7038,0,-1,0,5,1,448,0.155,11,0
7039,0,-1,0,3,1,544,0.622,15,0
7040,0,-1,0,5,1,624,0.83,17,0
7041,0,-1,0,2,1,621,0.902,15,0
7042,0,-1,0,5,1,329,0.92,14,0
7043,0,-1,0,4,1,625,0.479,19,0
7044,0,-1,0,5,1,540,0.31,16,0
7045,0,-1,0,5,1,515,0.511,2,0
7046,0,-1,0,5,1,71,0.841,14,0
7047,0,-1,0,5,1,63,0.297,21,0
7048,0,-1,0,5,1,112,0.46,18,0
7049,0,-1,0,5,1,778,0.521,18,0
7050,0,-1,0,1,1,55,0.593,16,0
7051,0,-1,0,5,1,595,-0.197,5,0
7052,0,-1,0,5,1,767,0.693,28,0
7053,0,-1,0,5,1,64,0.543,21,0
7054,0,-1,0,5,1,678,0.067,19,0
7055,0,-1,0,5,1,462,-0.008,8,0
7056,0,-1,0,2,1,87,0.023,21,0
7057,0,-1,0,3,1,729,0.5,5,0
7058,0,-1,0,1,1,567,0.648,13,0
7059,0,-1,0,4,1,661,0.512,17,0
7060,0,-1,0,4,1,212,0.083,3,0
7061,0,-1,0,4,1,336,0.168,20,0
7062,0,-1,0,5,1,456,0.859,10,0
7063,0,-1,0,4,1,85,0.014,5,0
7064,0,-1,0,5,1,417,-0.041,27,0
7065,0,-1,0,3,1,205,0.633,14,0
7066,0,-1,0,4,1,636,0.765,14,0
7067,0,-1,0,5,1,277,0.503,13,0
7068,0,-1,0,4,1,442,0.013,9,0
7069,0,-1,0,5,1,421,0.448,29,0
7070,0,-1,0,5,1,144,-0.076,2,0
7071,0,-1,0,5,1,799,-0.158,18,0
7072,0,-1,0,5,1,120,0.059,11,0
7073,0,-1,0,4,1,91,0.168,6,0
7074,0,-1,0,5,1,785,0.722,6,0
7075,0,-1,0,4,1,591,0.748,19,0
7076,0,-1,0,5,1,216,-0.125,1,0
7077,0,-1,0,5,1,709,0.072,8,0
7078,0,-1,0,5,1,190,0.827,16,0
7079,0,-1,0,5,1,149,0.228,2,0
7080,0,-1,0,4,1,190,0.657,15,0
7081,0,-1,0,4,1,657,0.395,8,0
7082,0,-1,0,5,1,752,0.514,15,0
7083,0,-1,0,5,1,237,0.392,11,0
7084,0,-1,0,3,1,758,0.768,15,0
7085,0,-1,0,4,1,193,0.782,17,0
7086,0,-1,0,2,1,595,0.561,26,0
7087,0,-1,0,4,1,499,0.721,19,0
7088,0,-1,0,5,1,299,0.102,29,0
7089,0,-1,0,5,1,216,0.942,2,0
7090,0,-1,0,4,1,680,0.049,21,0
7091,0,-1,0,5,1,491,0.417,23,0
7092,0,-1,0,4,1,441,-0.068,5,0
7093,0,-1,0,2,1,427,0.465,6,0
7094,0,-1,0,3,1,475,0.34,2,0
7095,0,-1,0,3,1,702,-0.017,26,0
7096,0,-1,0,5,1,342,0.534,16,0
7097,0,-1,0,4,1,346,0.408,23,0
7098,0,-1,0,4,1,422,0.873,11,0
7099,0,-1,0,5,1,589,-0.012,12,0
7100,0,-1,0,5,1,787,0.589,8,0
7101,0,-1,0,4,1,113,-0.089,16,0
7102,0,-1,0,5,1,426,0.747,29,0
7103,0,-1,0,5,1,138,-0.017,17,0
7104,0,-1,0,5,1,729,0.705,19,0
7105,0,-1,0,5,1,588,0.484,28,0
7106,0,-1,0,2,1,607,0.975,11,0
7107,0,-1,0,5,1,249,-0.138,28,0
7108,0,-1,0,5,1,581,0.033,27,0
7109,0,-1,0,4,1,687,0.112,23,0
7110,0,-1,0,4,1,194,0.952,17,0
7111,0,-1,0,4,1,798,0.866,17,0
7112,0,-1,0,1,1,643,0.483,7,0
7113,0,-1,0,5,1,689,0.815,28,0
7114,0,-1,0,5,1,119,-0.077,20,0
7115,0,-1,0,5,1,239,0.01,25,0
7116,0,-1,0,4,1,765,0.514,25,0
7117,0,-1,0,5,1,276,0.296,28,0
7118,0,-1,0,5,1,414,0.919,5,0
7119,0,-1,0,3,1,365,-0.093,10,0
7120,0,-1,0,4,1,704,0.84,2,0
7121,0,-1,0,5,1,725,0.532,22,0
7122,0,-1,0,4,1,432,-0.154,26,0
7123,0,-1,0,5,1,592,-0.187,4,0
7124,0,-1,0,2,1,411,0.696,3,0
7125,0,-1,0,4,1,560,0.453,7,0
7126,0,-1,0,4,1,296,0.717,20,0
7127,0,-1,0,5,1,79,0.415,22,0
7128,0,-1,0,5,1,100,0.49,27,0
7129,0,-1,0,2,1,763,0.849,10,0
7130,0,-1,0,5,1,585,0.318,17,0
7131,0,-1,0,2,1,527,0.603,9,0
7132,0,-1,0,5,1,180,-0.195,11,0
7133,0,-1,0,4,1,683,0.571,5,0
7134,0,-1,0,3,1,255,0.396,11,0
7135,0,-1,0,5,1,196,-0.098,14,0
7136,0,-1,0,1,1,509,0.508,6,0
7137,0,-1,0,3,1,465,0.022,2,0
7138,0,-1,0,4,1,418,0.99,28,0
7139,0,-1,0,4,1,740,0.664,20,0
7140,0,-1,0,5,1,319,-0.04,28,0
7141,0,-1,0,4,1,121,0.065,4,0
7142,0,-1,0,3,1,331,0.768,20,0
7143,0,-1,0,1,1,610,-0.195,4,0
7144,0,-1,0,3,1,175,0.54,23,0
7145,0,-1,0,1,1,590,0.741,10,0
7146,0,-1,0,4,1,740,0.688,26,0
7147,0,-1,0,3,1,255,-0.024,14,0
7148,0,-1,0,3,1,784,0.754,16,0
7149,0,-1,0,4,1,646,0.484,18,0
7150,0,-1,0,5,1,535,0.995,19,0
7151,0,-1,0,5,1,461,0.396,6,0
7152,0,-1,0,5,1,510,-0.073,29,0
7153,0,-1,0,5,1,327,0.22,21,0
7154,0,-1,0,5,1,181,0.881,26,0
7155,0,-1,0,4,1,358,0.286,29,0
7156,0,-1,0,5,1,149,0.552,7,0
7157,0,-1,0,2,1,754,0.039,3,0
7158,0,-1,0,5,1,267,0.61,7,0
7159,0,-1,0,3,1,106,-0.078,6,0
7160,0,-1,0,3,1,535,0.639,25,0
7161,0,-1,0,4,1,720,0.677,25,0
7162,0,-1,0,5,1,335,-0.168,29,0
7163,0,-1,0,4,1,374,0.248,24,0
7164,0,-1,0,4,1,457,0.394,20,0
7165,0,-1,0,4,1,73,-0.043,14,0
7166,0,-1,0,1,1,238,0.77,7,0
7167,0,-1,0,2,1,295,0.564,4,0
7168,0,-1,0,5,1,629,0.467,7,0
7169,0,-1,0,3,1,555,0.997,9,0
7170,0,-1,0,2,1,370,0.469,16,0
7171,0,-1,0,2,1,647,0.712,12,0
7172,0,-1,0,2,1,633,0.876,7,0
7173,0,-1,0,5,1,366,0.868,29,0
7174,0,-1,0,3,1,445,0.533,29,0
7175,0,-1,0,5,1,489,-0.147,27,0
7176,0,-1,0,4,1,452,0.927,25,0
7177,0,-1,0,1,1,295,-0.109,3,0
7178,0,-1,0,4,1,288,0.915,4,0
7179,0,-1,0,5,1,417,-0.179,5,0
7180,0,-1,0,5,1,439,-0.116,8,0
7181,0,-1,0,4,1,135,-0.001,9,0
7182,0,-1,0,4,1,589,0.683,24,0
7183,0,-1,0,4,1,190,0.975,23,0
7184,0,-1,0,4,1,731,0.607,18,0
7185,0,-1,0,5,1,53,-0.177,5,0
7186,0,-1,0,5,1,137,0.49,6,0
7187,0,-1,0,5,1,601,0.455,24,0
7188,0,-1,0,3,1,355,-0.016,13,0
7189,0,-1,0,5,1,492,0.857,7,0
7190,0,-1,0,3,1,519,0.211,2,0
7191,0,-1,0,4,1,578,0.675,29,0
7192,0,-1,0,2,1,697,0.516,26,0
7193,0,-1,0,5,1,722,0.684,7,0
7194,0,-1,0,4,1,604,0.595,14,0
7195,0,-1,0,5,1,340,-0.177,28,0
7196,0,-1,0,4,1,529,0.078,21,0
7197,0,-1,0,5,1,784,0.919,17,0
7198,0,-1,0,5,1,642,0.173,13,0
7199,0,-1,0,5,1,307,0.941,17,0
7200,0,-1,0,4,1,534,0.079,26,0
7201,0,-1,0,5,1,101,0.141,19,0
7202,0,-1,0,4,1,518,0.368,23,0
7203,0,-1,0,4,1,376,0.057,5,0
7204,0,-1,0,3,1,151,0.947,6,0
7205,0,-1,0,3,1,446,0.542,13,0
7206,0,-1,0,4,1,334,-0.068,19,0
7207,0,-1,0,4,1,590,0.668,13,0
7208,0,-1,0,5,1,203,0.154,3,0
7209,0,-1,0,5,1,531,0.2,26,0
7210,0,-1,0,5,1,77,0.532,24,0
7211,0,-1,0,5,1,395,-0.151,23,0
7212,0,-1,0,4,1,327,0.261,17,0
7213,0,-1,0,5,1,157,-0.197,9,0
7214,0,-1,0,4,1,516,0.81,26,0
7215,0,-1,0,5,1,588,-0.156,9,0
7216,0,-1,0,5,1,576,-0.058,2,0
7217,0,-1,0,5,1,706,0.29,22,0
7218,0,-1,0,5,1,650,0.248,20,0
7219,0,-1,0,1,1,726,-0.123,22,0
7220,0,-1,0,5,1,183,0.018,20,0
7221,0,-1,0,4,1,612,0.489,24,0
7222,0,-1,0,5,1,616,0.279,21,0
7223,0,-1,0,4,1,377,0.9,24,0
7224,0,-1,0,4,1,424,0.562,21,0
7225,0,-1,0,5,1,641,0.849,16,0
7226,0,-1,0,4,1,441,0.304,19,0
7227,0,-1,0,1,1,538,0.316,25,0
7228,0,-1,0,5,1,570,0.661,10,0
7229,0,-1,0,2,1,608,0.537,4,0
7230,0,-1,0,5,1,237,-0.094,2,0
7231,0,-1,0,5,1,147,0.172,19,0
7232,0,-1,0,1,1,107,-0.162,6,0
7233,0,-1,0,4,1,723,0.927,7,0
7234,0,-1,0,4,1,588,0.117,7,0
7235,0,-1,0,2,1,545,-0.104,23,0
7236,0,-1,0,5,1,499,0.169,16,0
7237,0,-1,0,5,1,597,0.961,7,0
7238,0,-1,0,2,1,210,0.742,8,0
7239,0,-1,0,5,1,160,0.927,16,0
7240,0,-1,0,5,1,705,0.621,25,0
7241,0,-1,0,4,1,227,-0.154,4,0
7242,0,-1,0,5,1,614,0.329,17,0
7243,0,-1,0,5,1,624,0.846,6,0
7244,0,-1,0,5,1,69,0.998,14,0
7245,0,-1,0,4,1,604,0.387,23,0
7246,0,-1,0,4,1,365,0.183,13,0
7247,0,-1,0,3,1,57,0.909,25,0
7248,0,-1,0,5,1,529,0.589,27,0
7249,0,-1,0,5,1,109,-0.126,14,0
7250,0,-1,0,4,1,749,0.835,26,0
7251,0,-1,0,3,1,373,0.894,14,0
7252,0,-1,0,5,1,578,0.985,1,0
7253,0,-1,0,5,1,240,-0.022,18,0
7254,0,-1,0,5,1,749,0.197,2,0
7255,0,-1,0,3,1,368,-0.001,14,0
7256,0,-1,0,5,1,561,0.972,19,0
7257,0,-1,0,4,1,196,-0.155,3,0
7258,0,-1,0,5,1,430,0.02,8,0
7259,0,-1,0,5,1,410,0.572,26,0
7260,0,-1,0,4,1,364,0.448,1,0
7261,0,-1,0,3,1,576,0.287,17,0
7262,0,-1,0,5,1,220,0.247,27,0
7263,0,-1,0,4,1,68,0.974,18,0
7264,0,-1,0,5,1,596,0.55,14,0
7265,0,-1,0,4,1,107,0.775,20,0
7266,0,-1,0,4,1,98,0.664,23,0
7267,0,-1,0,5,1,156,0.283,24,0
7268,0,-1,0,5,1,107,0.924,12,0
7269,0,-1,0,5,1,697,0.272,8,0
7270,0,-1,0,3,1,284,0.32,20,0
7271,0,-1,0,5,1,74,0.973,23,0
7272,0,-1,0,4,1,171,0.855,20,0
7273,0,-1,0,5,1,88,0.33,12,0
7274,0,-1,0,4,1,236,0.562,14,0
7275,0,-1,0,5,1,339,0.432,24,0
7276,0,-1,0,5,1,189,0.637,28,0
7277,0,-1,0,5,1,483,-0.108,5,0
7278,0,-1,0,5,1,480,0.085,21,0
7279,0,-1,0,5,1,711,0.972,21,0
7280,0,-1,0,5,1,116,-0.141,2,0
7281,0,-1,0,5,1,251,0.745,14,0
7282,0,-1,0,1,1,517,0.078,18,0
7283,0,-1,0,5,1,377,0.822,21,0
7284,0,-1,0,5,1,263,0.838,1,0
7285,0,-1,0,4,1,691,0.591,11,0
7286,0,-1,0,4,1,607,-0.195,17,0
7287,0,-1,0,4,1,760,0.633,15,0
7288,0,-1,0,5,1,125,0.278,13,0
7289,0,-1,0,5,1,593,0.479,25,0
7290,0,-1,0,3,1,352,0.849,1,0
7291,0,-1,0,5,1,564,0.443,8,0
7292,0,-1,0,5,1,150,0.509,9,0
7293,0,-1,0,4,1,289,0.897,2,0
7294,0,-1,0,5,1,239,0.11,21,0
7295,0,-1,0,2,1,275,0.598,4,0
7296,0,-1,0,5,1,646,-0.179,4,0
7297,0,-1,0,5,1,187,0.801,2,0
7298,0,-1,0,5,1,462,0.751,20,0
7299,0,-1,0,4,1,100,0.668,14,0
7300,0,-1,0,4,1,418,0.583,9,0
7301,0,-1,0,4,1,62,0.717,11,0
7302,0,-1,0,2,1,368,0.747,6,0
7303,0,-1,0,5,1,594,0.627,29,0
7304,0,-1,0,5,1,674,0.472,6,0
7305,0,-1,0,5,1,62,0.886,17,0
7306,0,-1,0,4,1,657,-0.026,21,0
7307,0,-1,0,2,1,649,0.191,19,0
7308,0,-1,0,5,1,107,0.005,13,0
7309,0,-1,0,5,1,140,-0.04,22,0
7310,0,-1,0,5,1,596,-0.102,14,0
7311,0,-1,0,5,1,274,0.052,18,0
7312,0,-1,0,5,1,128,0.159,6,0
7313,0,-1,0,5,1,183,-0.033,27,0
7314,0,-1,0,5,1,714,0.836,4,0
7315,0,-1,0,5,1,715,0.268,6,0
7316,0,-1,0,4,1,324,0.076,5,0
7317,0,-1,0,4,1,515,0.321,1,0
7318,0,-1,0,4,1,348,0.78,16,0
7319,0,-1,0,5,1,120,0.557,21,0
7320,0,-1,0,5,1,445,-0.101,14,0
7321,0,-1,0,4,1,365,0.881,27,0
7322,0,-1,0,5,1,512,-0.048,9,0
7323,0,-1,0,5,1,317,0.899,24,0
7324,0,-1,0,4,1,677,0.124,2,0
7325,0,-1,0,4,1,602,0.051,19,0
7326,0,-1,0,5,1,55,0.77,7,0
7327,0,-1,0,5,1,728,0.851,1,0
7328,0,-1,0,5,1,437,0.278,6,0
7329,0,-1,0,3,1,699,0.159,1,0
7330,0,-1,0,2,1,286,-0.046,15,0
7331,0,-1,0,5,1,114,0.768,27,0
7332,0,-1,0,2,1,176,0.616,29,0
7333,0,-1,0,5,1,758,-0.123,24,0
7334,0,-1,0,4,1,614,0.626,10,0
7335,0,-1,0,5,1,787,0.144,7,0
7336,0,-1,0,5,1,697,0.71,7,0
7337,0,-1,0,4,1,358,0.693,10,0
7338,0,-1,0,4,1,591,-0.077,13,0
7339,0,-1,0,5,1,399,0.971,4,0
7340,0,-1,0,5,1,785,0.208,2,0
7341,0,-1,0,5,1,380,0.935,26,0
7342,0,-1,0,5,1,709,0.727,28,0
7343,0,-1,0,4,1,750,0.851,9,0
7344,0,-1,0,3,1,619,0.445,15,0
7345,0,-1,0,5,1,650,0.216,7,0
7346,0,-1,0,4,1,521,0.026,18,0
7347,0,-1,0,5,1,347,-0.018,1,0
7348,0,-1,0,4,1,337,0.202,16,0
7349,0,-1,0,1,1,109,0.442,21,0
7350,0,-1,0,4,1,342,0.835,26,0
7351,0,-1,0,3,1,428,0.817,6,0
7352,0,-1,0,5,1,352,-0.043,5,0
7353,0,-1,0,2,1,397,0.788,19,0
7354,0,-1,0,5,1,610,-0.179,14,0
7355,0,-1,0,5,1,290,-0.037,10,0
7356,0,-1,0,4,1,74,0.563,28,0
7357,0,-1,0,5,1,370,0.02,11,0
7358,0,-1,0,5,1,165,0.399,14,0
7359,0,-1,0,5,1,791,0.472,6,0
7360,0,-1,0,5,1,660,0.575,3,0
7361,0,-1,0,5,1,158,0.241,14,0
7362,0,-1,0,4,1,781,0.084,18,0
7363,0,-1,0,5,1,238,0.015,11,0
7364,0,-1,0,5,1,766,-0.099,24,0
7365,0,-1,0,1,1,145,0.902,12,0
7366,0,-1,0,5,1,310,-0.079,1,0
7367,0,-1,0,5,1,406,0.484,7,0
7368,0,-1,0,5,1,617,0.587,5,0
7369,0,-1,0,5,1,445,0.047,18,0
7370,0,-1,0,4,1,311,0.51,10,0
7371,0,-1,0,2,1,378,0.484,1,0
7372,0,-1,0,5,1,566,0.593,22,0
7373,0,-1,0,2,1,363,-0.091,1,0
7374,0,-1,0,5,1,388,0.542,5,0
7375,0,-1,0,5,1,357,0.165,25,0
7376,0,-1,0,4,1,75,0.162,16,0
7377,0,-1,0,5,1,453,0.966,10,0
7378,0,-1,0,3,1,84,0.61,28,0
7379,0,-1,0,5,1,254,0.257,5,0
7380,0,-1,0,4,1,51,0.395,22,0
7381,0,-1,0,5,1,691,0.628,16,0
7382,0,-1,0,4,1,285,0.12,25,0
7383,0,-1,0,3,1,423,0.124,8,0
7384,0,-1,0,3,1,314,0.837,25,0
7385,0,-1,0,5,1,386,0.857,1,0
7386,0,-1,0,4,1,300,0.195,27,0
7387,0,-1,0,5,1,541,0.072,24,0
7388,0,-1,0,5,1,227,0.414,1,0
7389,0,-1,0,4,1,772,0.124,13,0
7390,0,-1,0,4,1,626,0.147,13,0
7391,0,-1,0,5,1,510,0.117,21,0
7392,0,-1,0,3,1,328,-0.191,17,0
7393,0,-1,0,4,1,55,0.897,28,0
7394,0,-1,0,3,1,154,0.045,4,0
7395,0,-1,0,5,1,252,-0.146,18,0
7396,0,-1,0,5,1,670,0.786,26,0
7397,0,-1,0,4,1,376,0.254,27,0
7398,0,-1,0,5,1,726,0.574,24,0
7399,0,-1,0,5,1,703,0.059,10,0
7400,0,-1,0,5,1,402,-0.121,7,0
7401,0,-1,0,4,1,734,0.219,17,0
7402,0,-1,0,5,1,142,0.535,4,0
7403,0,-1,0,5,1,683,0.89,26,0
7404,0,-1,0,3,1,155,0.091,12,0
7405,0,-1,0,5,1,509,0.353,23,0
7406,0,-1,0,5,1,72,0.197,28,0
7407,0,-1,0,5,1,348,-0.142,21,0
7408,0,-1,0,3,1,735,0.511,6,0
7409,0,-1,0,4,1,606,0.206,2,0
7410,0,-1,0,4,1,138,-0.122,24,0
7411,0,-1,0,5,1,506,0.413,9,0
7412,0,-1,0,5,1,587,0.82,13,0
7413,0,-1,0,3,1,502,0.841,6,0
7414,0,-1,0,4,1,274,0.421,11,0
7415,0,-1,0,1,1,641,0.702,21,0
7416,0,-1,0,4,1,237,0.872,12,0
7417,0,-1,0,1,1,492,0.64,5,0
7418,0,-1,0,4,1,296,0.193,26,0
7419,0,-1,0,3,1,213,0.2,13,0
7420,0,-1,0,5,1,798,-0.134,9,0
7421,0,-1,0,3,1,633,-0.12,20,0
7422,0,-1,0,5,1,58,0.739,15,0
7423,0,-1,0,5,1,752,0.483,16,0
7424,0,-1,0,4,1,113,0.395,13,0
7425,0,-1,0,3,1,523,0.129,5,0
7426,0,-1,0,4,1,679,0.267,28,0
7427,0,-1,0,5,1,290,0.064,13,0
7428,0,-1,0,5,1,660,0.509,25,0
7429,0,-1,0,3,1,80,0.854,25,0
7430,0,-1,0,2,1,634,0.638,5,0
7431,0,-1,0,4,1,651,0.313,19,0
7432,0,-1,0,5,1,228,-0.052,11,0
7433,0,-1,0,4,1,488,0.524,13,0
7434,0,-1,0,5,1,748,0.182,29,0
7435,0,-1,0,5,1,213,0.043,4,0
7436,0,-1,0,5,1,504,0.86,28,0
7437,0,-1,0,4,1,430,0.756,24,0
7438,0,-1,0,5,1,420,0.146,4,0
7439,0,-1,0,5,1,470,0.28,1,0
7440,0,-1,0,4,1,523,0.374,14,0
7441,0,-1,0,5,1,193,0.024,8,0
7442,0,-1,0,4,1,763,0.329,21,0
7443,0,-1,0,5,1,528,-0.199,6,0
7444,0,-1,0,3,1,614,-0.148,9,0
7445,0,-1,0,5,1,610,0.341,14,0
7446,0,-1,0,3,1,77,0.923,14,0
7447,0,-1,0,4,1,304,-0.167,15,0
7448,0,-1,0,4,1,294,0.235,15,0
7449,0,-1,0,5,1,745,0.877,24,0
7450,0,-1,0,1,1,514,-0.073,15,0
7451,0,-1,0,4,1,434,0.951,5,0
7452,0,-1,0,5,1,712,0.747,25,0
7453,0,-1,0,3,1,627,0.976,10,0
7454,0,-1,0,5,1,348,0.041,28,0
7455,0,-1,0,5,1,612,0.352,17,0
7456,0,-1,0,5,1,194,0.227,19,0
7457,0,-1,0,5,1,341,0.262,14,0
7458,0,-1,0,5,1,252,0.469,18,0
7459,0,-1,0,5,1,437,-0.115,2,0
7460,0,-1,0,1,1,665,0.817,16,0
7461,0,-1,0,5,1,677,0.645,26,0
7462,0,-1,0,5,1,660,-0.161,5,0
7463,0,-1,0,3,1,520,-0.032,26,0
7464,0,-1,0,5,1,792,-0.045,20,0
7465,0,-1,0,5,1,546,0.028,14,0
7466,0,-1,0,5,1,422,-0.076,24,0
7467,0,-1,0,4,1,390,0.322,23,0
7468,0,-1,0,5,1,584,0.704,13,0
7469,0,-1,0,5,1,194,0.315,24,0
7470,0,-1,0,5,1,79,0.879,16,0
7471,0,-1,0,3,1,536,0.97,6,0
7472,0,-1,0,5,1,447,0.985,28,0
7473,0,-1,0,5,1,634,0.557,25,0
7474,0,-1,0,5,1,577,-0.01,9,0
7475,0,-1,0,5,1,258,0.946,29,0
7476,0,-1,0,3,1,94,0.217,18,0
7477,0,-1,0,4,1,376,0.292,29,0
7478,0,-1,0,5,1,314,0.829,14,0
7479,0,-1,0,2,1,497,0.708,26,0
7480,0,-1,0,5,1,484,0.681,18,0
7481,0,-1,0,4,1,743,-0.078,9,0
7482,0,-1,0,2,1,222,0.131,16,0
7483,0,-1,0,5,1,160,0.854,14,0
7484,0,-1,0,4,1,343,0.905,11,0
7485,0,-1,0,1,1,595,0.235,16,0
7486,0,-1,0,4,1,475,0.075,11,0
7487,0,-1,0,5,1,508,0.766,5,0
7488,0,-1,0,5,1,392,0.216,12,0
7489,0,-1,0,4,1,667,0.277,13,0
7490,0,-1,0,2,1,441,0.178,16,0
7491,0,-1,0,5,1,435,-0.19,19,0
7492,0,-1,0,4,1,537,0.404,26,0
7493,0,-1,0,5,1,763,0.904,21,0
7494,0,-1,0,5,1,611,0.172,11,0
7495,0,-1,0,2,1,154,-0.12,10,0
7496,0,-1,0,5,1,102,0.017,4,0
7497,0,-1,0,4,1,517,-0.069,21,0
7498,0,-1,0,4,1,224,-0.115,12,0
7499,0,-1,0,4,1,167,0.73,1,0
7500,0,-1,0,1,1,671,0.688,22,0
7501,0,-1,0,5,1,368,0.232,17,0
7502,0,-1,0,5,1,269,-0.097,7,0
7503,0,-1,0,5,1,268,0.209,20,0
7504,0,-1,0,5,1,157,0.388,7,0
7505,0,-1,0,4,1,600,0.917,10,0
7506,0,-1,0,5,1,596,0.611,5,0
7507,0,-1,0,5,1,440,0.638,11,0
7508,0,-1,0,1,1,695,0.638,28,0
7509,0,-1,0,5,1,756,0.984,13,0
7510,0,-1,0,5,1,649,0.093,21,0
7511,0,-1,0,5,1,399,0.447,4,0
7512,0,-1,0,5,1,265,0.048,6,0
7513,0,-1,0,5,1,154,0.072,16,0
7514,0,-1,0,5,1,246,0.408,6,0
7515,0,-1,0,4,1,623,0.168,14,0
7516,0,-1,0,3,1,71,0.607,10,0
7517,0,-1,0,5,1,148,-0.129,9,0
7518,0,-1,0,5,1,274,0.42,2,0
7519,0,-1,0,4,1,481,-0.173,14,0
7520,0,-1,0,5,1,565,-0.129,8,0
7521,0,-1,0,5,1,583,0.793,7,0
7522,0,-1,0,5,1,561,0.989,9,0
7523,0,-1,0,4,1,687,0.199,3,0
7524,0,-1,0,4,1,331,0.503,21,0
7525,0,-1,0,5,1,715,-0.101,18,0
7526,0,-1,0,5,1,575,0.573,7,0
7527,0,-1,0,4,1,442,0.076,13,0
7528,0,-1,0,4,1,531,0.424,20,0
7529,0,-1,0,2,1,614,0.586,7,0
7530,0,-1,0,5,1,582,0.189,4,0
7531,0,-1,0,5,1,119,0.349,29,0
7532,0,-1,0,5,1,292,0.252,2,0
7533,0,-1,0,4,1,247,0.451,18,0
7534,0,-1,0,5,1,206,0.666,21,0
7535,0,-1,0,5,1,604,0.591,18,0
7536,0,-1,0,5,1,205,0.26,1,0
7537,0,-1,0,3,1,612,0.777,12,0
7538,0,-1,0,2,1,505,0.593,22,0
7539,0,-1,0,4,1,503,0.199,11,0
7540,0,-1,0,5,1,503,0.412,8,0
7541,0,-1,0,3,1,432,0.936,21,0
7542,0,-1,0,3,1,174,0.224,26,0
7543,0,-1,0,5,1,194,0.816,24,0
7544,0,-1,0,3,1,248,-0.004,22,0
7545,0,-1,0,5,1,673,0.895,1,0
7546,0,-1,0,5,1,280,0.316,10,0
7547,0,-1,0,5,1,547,0.468,12,0
7548,0,-1,0,5,1,335,0.792,22,0
7549,0,-1,0,4,1,174,0.901,13,0
7550,0,-1,0,3,1,318,0.717,10,0
7551,0,-1,0,4,1,468,0.291,9,0
7552,0,-1,0,3,1,387,0.13,26,0
7553,0,-1,0,4,1,329,0.008,17,0
7554,0,-1,0,4,1,474,0.879,23,0
7555,0,-1,0,5,1,528,0.795,17,0
7556,0,-1,0,5,1,739,-0.137,9,0
7557,0,-1,0,4,1,377,0.978,11,0
7558,0,-1,0,5,1,110,0.973,1,0
7559,0,-1,0,5,1,405,0.527,25,0
7560,0,-1,0,5,1,356,0.6,5,0
7561,0,-1,0,5,1,262,0.991,3,0
7562,0,-1,0,4,1,574,0.741,26,0
7563,0,-1,0,4,1,641,0.106,19,0
7564,0,-1,0,1,1,668,0.849,1,0
7565,0,-1,0,5,1,439,0.215,26,0
7566,0,-1,0,5,1,714,0.056,2,0
7567,0,-1,0,4,1,378,0.564,11,0
7568,0,-1,0,5,1,593,0.328,22,0
7569,0,-1,0,5,1,298,0.241,2,0
7570,0,-1,0,5,1,507,0.549,15,0
7571,0,-1,0,5,1,268,0.943,7,0
7572,0,-1,0,4,1,361,0.757,9,0
7573,0,-1,0,5,1,375,0.248,18,0
7574,0,-1,0,4,1,696,0.248,12,0
7575,0,-1,0,4,1,51,0.691,27,0
7576,0,-1,0,5,1,224,-0.144,29,0
7577,0,-1,0,4,1,153,0.673,25,0
7578,0,-1,0,4,1,711,0.239,3,0
7579,0,-1,0,5,1,254,0.2,23,0
7580,0,-1,0,4,1,651,-0.191,1,0
7581,0,-1,0,2,1,92,0.977,13,0
7582,0,-1,0,5,1,318,0.42,11,0
7583,0,-1,0,5,1,452,0.497,21,0
7584,0,-1,0,4,1,727,-0.133,2,0
7585,0,-1,0,5,1,679,0.868,1,0
7586,0,-1,0,5,1,449,0.621,15,0
7587,0,-1,0,5,1,157,0.553,7,0
7588,0,-1,0,3,1,280,0.534,20,0
7589,0,-1,0,4,1,533,0.402,4,0
7590,0,-1,0,2,1,98,0.347,24,0
7591,0,-1,0,5,1,491,-0.126,19,0
7592,0,-1,0,5,1,298,0.309,2,0
7593,0,-1,0,4,1,366,0.756,11,0
7594,0,-1,0,5,1,249,0.375,19,0
7595,0,-1,0,5,1,62,0.799,1,0
7596,0,-1,0,2,1,399,0.737,28,0
7597,0,-1,0,4,1,444,0.177,10,0
7598,0,-1,0,1,1,642,0.316,3,0
7599,0,-1,0,1,1,540,-0.185,24,0
7600,0,-1,0,4,1,229,0.79,10,0
7601,0,-1,0,3,1,568,0.73,2,0
7602,0,-1,0,5,1,387,0.176,21,0
7603,0,-1,0,5,1,431,-0.135,6,0
7604,0,-1,0,5,1,121,0.139,4,0
7605,0,-1,0,4,1,114,0.428,22,0
7606,0,-1,0,3,1,378,-0.063,23,0
7607,0,-1,0,5,1,342,0.353,15,0
7608,0,-1,0,1,1,254,0.125,15,0
7609,0,-1,0,2,1,324,0.404,7,0
7610,0,-1,0,5,1,476,0.337,16,0
7611,0,-1,0,4,1,565,-0.071,2,0
7612,0,-1,0,4,1,363,0.412,7,0
7613,0,-1,0,5,1,550,0.187,25,0
7614,0,-1,0,4,1,732,-0.09,9,0
7615,0,-1,0,5,1,455,0.615,29,0
7616,0,-1,0,5,1,713,0.578,8,0
7617,0,-1,0,4,1,642,0.222,25,0
7618,0,-1,0,4,1,635,0.894,10,0
7619,0,-1,0,5,1,74,-0.05,4,0
7620,0,-1,0,5,1,383,0.597,15,0
7621,0,-1,0,5,1,510,0.123,24,0
7622,0,-1,0,2,1,425,0.667,6,0
7623,0,-1,0,5,1,378,0.213,9,0
7624,0,-1,0,2,1,509,0.393,2,0
7625,0,-1,0,4,1,524,0.624,8,0
7626,0,-1,0,4,1,563,-0.03,27,0
7627,0,-1,0,3,1,447,0.93,14,0
7628,0,-1,0,4,1,188,0.976,4,0
7629,0,-1,0,5,1,710,0.33,18,0
7630,0,-1,0,5,1,617,0.269,27,0
7631,0,-1,0,1,1,377,0.279,3,0
7632,0,-1,0,2,1,738,0.145,20,0
7633,0,-1,0,4,1,771,0.693,6,0
7634,0,-1,0,4,1,185,0.514,2,0
7635,0,-1,0,5,1,545,0.626,7,0
7636,0,-1,0,5,1,662,0.605,10,0
7637,0,-1,0,5,1,371,0.709,25,0
7638,0,-1,0,5,1,635,0.371,3,0
7639,0,-1,0,4,1,50,0.876,22,0
7640,0,-1,0,5,1,156,-0.141,26,0
7641,0,-1,0,5,1,115,0.797,21,0
7642,0,-1,0,5,1,715,0.973,4,0
7643,0,-1,0,5,1,123,0.473,9,0
7644,0,-1,0,1,1,308,0.595,10,0
7645,0,-1,0,3,1,532,0.337,7,0
7646,0,-1,0,4,1,179,0.426,21,0
7647,0,-1,0,4,1,316,-0.035,3,0
7648,0,-1,0,3,1,124,0.244,13,0
7649,0,-1,0,5,1,252,0.903,21,0
7650,0,-1,0,5,1,93,0.24,26,0
7651,0,-1,0,5,1,256,0.645,18,0
7652,0,-1,0,3,1,248,0.793,4,0
7653,0,-1,0,4,1,369,0.367,2,0
7654,0,-1,0,5,1,479,-0.197,6,0
7655,0,-1,0,4,1,448,0.32,7,0
7656,0,-1,0,4,1,288,0.126,8,0
7657,0,-1,0,3,1,532,0.96,9,0
7658,0,-1,0,5,1,144,0.887,14,0
7659,0,-1,0,5,1,136,0.588,6,0
7660,0,-1,0,4,1,464,0.792,12,0
7661,0,-1,0,5,1,794,0.196,19,0
7662,0,-1,0,5,1,455,0.595,3,0
7663,0,-1,0,5,1,599,0.692,19,0
7664,0,-1,0,4,1,220,0.124,1,0
7665,0,-1,0,4,1,338,0.871,22,0
7666,0,-1,0,5,1,526,0.066,15,0
7667,0,-1,0,2,1,380,0.565,21,0
7668,0,-1,0,2,1,108,0.195,9,0
7669,0,-1,0,1,1,582,-0.134,21,0
7670,0,-1,0,2,1,707,0.931,29,0
7671,0,-1,0,5,1,86,0.294,11,0
7672,0,-1,0,3,1,709,0.522,7,0
7673,0,-1,0,5,1,122,0.448,18,0
7674,0,-1,0,5,1,446,0.641,11,0
7675,0,-1,0,5,1,644,0.295,9,0
7676,0,-1,0,4,1,354,0.201,18,0
7677,0,-1,0,5,1,410,0.212,22,0
7678,0,-1,0,5,1,143,-0.189,23,0
7679,0,-1,0,4,1,65,0.411,28,0
7680,0,-1,0,4,1,317,-0.095,11,0
7681,0,-1,0,4,1,99,0.602,2,0
7682,0,-1,0,5,1,580,-0.003,12,0
7683,0,-1,0,3,1,308,0.195,4,0
7684,0,-1,0,5,1,744,0.053,15,0
7685,0,-1,0,4,1,307,0.8,14,0
7686,0,-1,0,5,1,707,-0.079,11,0
7687,0,-1,0,4,1,275,0.76,3,0
7688,0,-1,0,5,1,606,0.723,28,0
7689,0,-1,0,5,1,768,0.797,7,0
7690,0,-1,0,5,1,463,0.082,19,0
7691,0,-1,0,5,1,175,0.422,26,0
7692,0,-1,0,2,1,585,-0.182,24,0
7693,0,-1,0,4,1,683,0.889,6,0
7694,0,-1,0,5,1,264,0.649,17,0
7695,0,-1,0,4,1,314,0.643,15,0
7696,0,-1,0,5,1,294,0.52,10,0
7697,0,-1,0,4,1,693,0.169,18,0
7698,0,-1,0,5,1,485,0.172,23,0
7699,0,-1,0,4,1,224,0.992,1,0
7700,0,-1,0,4,1,712,0.14,24,0
7701,0,-1,0,5,1,759,0.972,2,0
7702,0,-1,0,1,1,608,0.734,16,0
7703,0,-1,0,5,1,402,0.443,13,0
7704,0,-1,0,5,1,159,-0.048,21,0
7705,0,-1,0,4,1,178,0.828,18,0
7706,0,-1,0,4,1,744,0.227,16,0
7707,0,-1,0,5,1,100,0.379,26,0
7708,0,-1,0,4,1,720,0.161,23,0
7709,0,-1,0,5,1,572,0.158,4,0
7710,0,-1,0,5,1,483,0.292,13,0
7711,0,-1,0,4,1,510,0.162,15,0
7712,0,-1,0,4,1,570,0.448,24,0
7713,0,-1,0,4,1,163,0.219,14,0
7714,0,-1,0,5,1,255,0.098,2,0
7715,0,-1,0,5,1,235,0.2,28,0
7716,0,-1,0,2,1,401,-0.177,29,0
7717,0,-1,0,4,1,519,0.18,8,0
7718,0,-1,0,5,1,709,-0.098,29,0
7719,0,-1,0,3,1,196,0.088,18,0
7720,0,-1,0,2,1,402,0.567,15,0
7721,0,-1,0,2,1,520,-0.181,13,0
7722,0,-1,0,5,1,605,0.913,24,0
7723,0,-1,0,1,1,238,0.539,4,0
7724,0,-1,0,2,1,585,0.147,19,0
7725,0,-1,0,5,1,457,-0.099,19,0
7726,0,-1,0,5,1,200,0.002,17,0
7727,0,-1,0,5,1,365,-0.114,1,0
7728,0,-1,0,4,1,109,0.233,18,0
7729,0,-1,0,5,1,149,0.647,1,0
7730,0,-1,0,5,1,544,0.174,22,0
7731,0,-1,0,4,1,470,0.957,11,0
7732,0,-1,0,4,1,451,0.486,19,0
7733,0,-1,0,5,1,525,0.196,23,0
7734,0,-1,0,5,1,711,0.497,8,0
7735,0,-1,0,5,1,301,-0.061,14,0
7736,0,-1,0,4,1,188,0.934,17,0
7737,0,-1,0,5,1,767,0.076,20,0
7738,0,-1,0,3,1,455,0.502,18,0
7739,0,-1,0,5,1,172,0.494,13,0
7740,0,-1,0,5,1,553,0.963,6,0
7741,0,-1,0,5,1,507,-0.16,16,0
7742,0,-1,0,5,1,271,0.899,20,0
7743,0,-1,0,4,1,756,0.187,1,0
7744,0,-1,0,4,1,304,0.676,17,0
7745,0,-1,0,5,1,314,0.481,26,0
7746,0,-1,0,5,1,249,0.583,6,0
7747,0,-1,0,4,1,324,0.79,16,0
7748,0,-1,0,5,1,726,-0.199,7,0
7749,0,-1,0,4,1,537,0.393,18,0
7750,0,-1,0,1,1,201,0.083,25,0
7751,0,-1,0,1,1,397,0.905,26,0
7752,0,-1,0,1,1,407,-0.045,26,0
7753,0,-1,0,1,1,145,0.818,29,0
7754,0,-1,0,5,1,743,0.265,12,0
7755,0,-1,0,5,1,235,0.999,6,0
7756,0,-1,0,2,1,778,0.777,27,0
7757,0,-1,0,2,1,487,0.484,20,0
7758,0,-1,0,5,1,330,0.884,4,0
7759,0,-1,0,5,1,707,0.25,26,0
7760,0,-1,0,3,1,662,-0.117,18,0
7761,0,-1,0,5,1,148,0.895,2,0
7762,0,-1,0,5,1,573,-0.131,19,0
7763,0,-1,0,3,1,55,0.177,2,0
7764,0,-1,0,5,1,310,0.454,7,0
7765,0,-1,0,4,1,201,0.904,13,0
7766,0,-1,0,5,1,522,0.035,1,0
7767,0,-1,0,5,1,287,0.57,2,0
7768,0,-1,0,5,1,104,0.622,15,0
7769,0,-1,0,5,1,233,-0.005,21,0
7770,0,-1,0,5,1,391,-0.125,3,0
7771,0,-1,0,1,1,246,-0.139,29,0
7772,0,-1,0,5,1,660,0.583,16,0
7773,0,-1,0,5,1,67,0.548,11,0
7774,0,-1,0,5,1,317,0.923,25,0
7775,0,-1,0,5,1,715,-0.066,20,0
7776,0,-1,0,4,1,483,0.93,21,0
7777,0,-1,0,4,1,193,0.029,7,0
7778,0,-1,0,4,1,472,-0.112,2,0
7779,0,-1,0,5,1,494,0.695,12,0
7780,0,-1,0,5,1,63,0.334,3,0
7781,0,-1,0,4,1,554,0.246,14,0
7782,0,-1,0,4,1,601,0.992,9,0
7783,0,-1,0,4,1,184,0.594,26,0
7784,0,-1,0,5,1,85,0.912,2,0
7785,0,-1,0,5,1,760,0.42,26,0
7786,0,-1,0,4,1,415,-0.151,24,0
7787,0,-1,0,5,1,213,0.444,25,0
7788,0,-1,0,3,1,560,0.982,3,0
7789,0,-1,0,5,1,615,0.062,19,0
7790,0,-1,0,4,1,336,-0.125,15,0
7791,0,-1,0,5,1,675,0.317,26,0
7792,0,-1,0,5,1,765,0.72,16,0
7793,0,-1,0,5,1,94,-0.063,22,0
7794,0,-1,0,5,1,286,-0.13,14,0
7795,0,-1,0,4,1,778,0.152,29,0
7796,0,-1,0,5,1,460,0.48,4,0
7797,0,-1,0,5,1,208,0.465,16,0
