node_id,is_fraud,ring_id,ring_type,account_age_days,booking_count_30d,cancellation_rate,chargeback_count,distinct_device_count,distinct_ip_count,country_code,is_loyalty_member,avg_booking_value_usd,referral_count,velocity_score
0,1,0,1,23,18,0.77,17,3,1,642,0,1128.74,0,35.99
1,1,0,1,23,10,0.759,4,3,1,156,0,751.51,0,22.72
2,1,0,1,27,6,0.776,3,3,1,642,0,965.87,0,19.8
3,1,0,1,15,12,0.68,7,3,1,642,0,345.45,0,23.03
4,1,0,1,4,11,0.945,16,3,1,156,0,1165.24,0,47.6
5,1,0,1,25,5,0.698,3,3,1,356,0,756.91,0,22.62
6,1,1,1,3,34,0.626,5,1,1,804,0,570.69,0,35.9
7,1,1,1,16,6,0.733,12,1,1,642,0,426.19,0,39.72
8,1,1,1,17,10,0.805,4,1,1,840,0,439.68,0,17.65
9,1,1,1,41,11,0.631,5,1,1,156,0,1051.31,0,20.56
10,1,1,1,30,9,0.861,10,1,1,642,0,1086.33,0,40.7
11,1,1,1,23,12,0.982,19,1,1,804,0,509.87,0,40.78
12,1,1,1,3,6,0.891,3,1,1,840,0,517.66,0,32.46
13,1,1,1,14,6,0.888,19,1,1,804,0,1063.98,0,34.04
14,1,1,1,19,12,0.695,8,1,1,804,0,903.65,0,29.59
15,1,1,1,32,8,0.965,7,1,1,804,0,955.07,0,17.68
16,1,1,1,10,10,0.685,12,1,1,156,0,601.16,0,37.93
17,1,2,1,37,21,0.925,19,1,2,156,0,1003.29,0,22.22
18,1,2,1,27,8,0.785,4,1,2,642,0,852.68,0,16.9
19,1,2,1,14,10,0.904,3,1,2,804,0,403.0,0,36.76
20,1,2,1,22,7,0.764,15,1,2,804,0,966.08,0,38.6
21,1,2,1,38,6,0.854,13,1,2,356,0,707.63,0,31.88
22,1,2,1,10,5,0.605,16,1,2,156,0,438.06,0,35.96
23,1,2,1,20,10,0.897,19,1,2,642,0,958.88,0,41.3
24,1,2,1,10,11,0.976,3,1,2,156,0,393.47,0,23.41
25,1,2,1,30,13,0.658,9,1,2,156,0,353.69,0,29.17
26,1,2,1,26,14,0.628,14,1,2,804,0,1130.55,0,16.86
27,1,2,1,39,6,0.729,3,1,2,642,0,1097.54,0,41.84
28,1,2,1,18,8,0.844,13,1,2,804,0,928.11,0,18.62
29,1,2,1,18,14,0.623,4,1,2,356,0,995.05,0,21.9
30,1,2,1,5,4,0.998,10,1,2,642,0,851.28,0,33.15
31,1,2,1,4,10,0.753,9,1,2,156,0,431.27,0,20.11
32,1,2,1,14,4,0.961,18,1,2,156,0,521.38,0,48.94
33,1,2,1,20,8,0.977,14,1,2,642,0,778.25,0,37.98
34,1,2,1,1,8,0.745,4,1,2,804,0,462.56,0,35.57
35,1,2,1,18,10,0.771,6,1,2,356,0,514.43,0,47.26
36,1,2,1,24,11,0.683,11,1,2,804,0,832.55,0,38.92
37,1,3,1,38,28,0.911,8,3,2,156,0,404.73,0,23.65
38,1,3,1,35,6,0.839,3,3,2,156,0,888.14,0,34.9
39,1,3,1,23,9,0.899,19,3,2,356,0,594.65,0,18.63
40,1,3,1,11,14,0.817,7,3,2,156,0,897.76,0,26.3
41,1,3,1,27,5,0.9,9,3,2,642,0,596.36,0,17.09
42,1,3,1,7,13,0.918,4,3,2,356,0,729.18,0,24.64
43,1,3,1,29,5,0.641,15,3,2,156,0,540.94,0,31.53
44,1,3,1,9,14,0.805,7,3,2,840,0,922.55,0,41.3
45,1,3,1,36,11,0.668,18,3,2,840,0,822.86,0,44.53
46,1,3,1,36,10,0.888,10,3,2,804,0,415.42,0,18.76
47,1,3,1,1,14,0.677,7,3,2,642,0,1086.93,0,16.72
48,1,4,1,21,13,0.771,12,4,2,356,0,337.81,0,36.62
49,1,4,1,11,6,0.973,7,4,2,642,0,334.24,0,17.71
50,1,4,1,2,7,0.89,7,4,2,356,0,1158.86,0,20.17
51,1,4,1,12,8,0.806,6,4,2,156,0,1059.21,0,28.61
52,1,4,1,8,9,0.922,5,4,2,356,0,370.33,0,41.23
53,1,4,1,24,11,0.754,3,4,2,642,0,1007.99,0,31.89
54,1,4,1,14,5,0.658,17,4,2,840,0,553.35,0,23.52
55,1,4,1,34,7,0.794,13,4,2,840,0,620.86,0,19.58
56,1,4,1,42,13,0.679,17,4,2,642,0,874.36,0,34.69
57,1,4,1,3,14,0.94,5,4,2,840,0,416.21,0,19.15
58,1,4,1,24,9,0.704,16,4,2,356,0,678.27,0,28.71
59,1,4,1,6,8,0.652,8,4,2,156,0,1192.61,0,20.5
60,1,4,1,2,7,0.999,3,4,2,156,0,1175.79,0,37.86
61,1,4,1,43,13,0.956,6,4,2,642,0,485.19,0,48.02
62,1,4,1,6,12,0.823,16,4,2,156,0,376.09,0,29.67
63,1,4,1,40,11,0.682,19,4,2,642,0,1013.76,0,45.25
64,1,4,1,18,9,0.844,18,4,2,156,0,502.76,0,31.32
65,1,4,1,29,7,0.72,6,4,2,840,0,657.45,0,23.53
66,1,4,1,4,6,0.683,5,4,2,642,0,432.5,0,23.59
67,1,4,1,18,5,0.709,16,4,2,156,0,631.65,0,27.91
68,1,5,1,37,34,0.994,9,4,3,804,0,552.49,0,27.99
69,1,5,1,23,11,0.986,10,4,3,356,0,1005.35,0,38.03
70,1,5,1,27,11,0.988,3,4,3,804,0,568.92,0,47.2
71,1,5,1,14,6,0.656,17,4,3,840,0,965.14,0,29.22
72,1,5,1,42,5,0.822,13,4,3,804,0,671.09,0,42.37
73,1,5,1,27,13,0.992,11,4,3,156,0,883.78,0,20.33
74,1,5,1,35,11,0.962,3,4,3,642,0,679.21,0,30.2
75,1,5,1,29,7,0.849,3,4,3,642,0,639.56,0,26.78
76,1,6,1,35,24,0.801,19,1,1,356,0,536.27,0,43.22
77,1,6,1,38,4,0.638,16,1,1,642,0,607.93,0,38.05
78,1,6,1,37,6,0.795,11,1,1,642,0,625.54,0,21.5
79,1,7,1,40,25,0.955,13,1,3,356,0,453.64,0,41.4
80,1,7,1,29,8,0.876,8,1,3,356,0,757.98,0,16.89
81,1,7,1,16,8,0.883,11,1,3,156,0,352.35,0,42.7
82,1,7,1,36,14,0.689,17,1,3,840,0,300.62,0,34.52
83,1,7,1,34,4,0.756,8,1,3,642,0,514.84,0,31.71
84,1,7,1,31,4,0.799,3,1,3,356,0,715.34,0,28.82
85,1,7,1,25,7,0.856,11,1,3,804,0,598.98,0,35.47
86,1,7,1,25,12,0.778,7,1,3,156,0,345.81,0,29.14
87,1,7,1,41,10,0.95,10,1,3,642,0,1094.03,0,18.98
88,1,7,1,13,8,0.78,3,1,3,840,0,511.72,0,39.79
89,1,7,1,39,8,0.766,9,1,3,356,0,1087.3,0,29.9
90,1,7,1,10,6,0.769,19,1,3,804,0,331.47,0,21.24
91,1,7,1,2,11,0.626,10,1,3,840,0,686.28,0,44.02
92,1,8,1,32,21,0.65,14,2,2,156,0,1108.25,0,40.84
93,1,8,1,30,7,0.879,9,2,2,840,0,301.19,0,18.29
94,1,8,1,2,8,0.909,16,2,2,840,0,928.44,0,28.01
95,1,9,1,9,39,0.789,7,2,1,840,0,392.77,0,47.49
96,1,9,1,30,13,0.909,10,2,1,840,0,864.99,0,47.34
97,1,9,1,33,5,0.713,12,2,1,804,0,852.07,0,27.59
98,1,9,1,29,8,0.915,10,2,1,156,0,957.87,0,25.01
99,1,9,1,1,12,0.731,13,2,1,156,0,559.68,0,43.61
100,1,9,1,27,12,0.727,12,2,1,356,0,878.2,0,40.21
101,1,9,1,20,13,0.634,18,2,1,642,0,483.69,0,42.27
102,1,9,1,42,6,0.897,5,2,1,840,0,546.7,0,41.12
103,1,9,1,14,4,0.933,19,2,1,840,0,989.72,0,23.69
104,1,9,1,16,10,0.871,3,2,1,642,0,362.34,0,36.23
105,1,9,1,38,12,0.639,9,2,1,356,0,1104.35,0,29.86
106,1,9,1,43,13,0.767,12,2,1,840,0,1130.83,0,32.13
107,1,9,1,2,10,0.689,14,2,1,642,0,523.65,0,43.62
108,1,9,1,39,8,0.728,5,2,1,356,0,555.05,0,23.22
109,1,9,1,42,7,0.773,8,2,1,356,0,437.76,0,25.66
110,1,10,1,43,24,0.818,16,4,3,840,0,752.75,0,37.6
111,1,10,1,28,4,0.955,3,4,3,804,0,862.39,0,34.97
112,1,10,1,29,5,0.685,14,4,3,642,0,816.23,0,48.5
113,1,10,1,20,6,0.745,6,4,3,840,0,1155.71,0,48.65
114,1,10,1,13,11,0.869,9,4,3,642,0,1061.45,0,16.94
115,1,10,1,37,8,0.912,13,4,3,156,0,901.19,0,37.61
116,1,10,1,23,14,0.817,8,4,3,156,0,581.99,0,41.08
117,1,10,1,39,10,0.674,17,4,3,840,0,1078.38,0,49.18
118,1,10,1,27,7,0.731,8,4,3,840,0,1133.22,0,26.03
119,1,10,1,15,11,0.896,7,4,3,156,0,1157.97,0,16.28
120,1,11,1,30,38,0.918,15,4,1,156,0,518.54,0,19.92
121,1,11,1,1,5,0.864,10,4,1,156,0,788.55,0,15.52
122,1,11,1,17,14,0.733,7,4,1,356,0,1097.95,0,19.02
123,1,11,1,27,5,0.741,7,4,1,804,0,936.8,0,17.08
124,1,11,1,31,10,0.644,11,4,1,156,0,377.1,0,36.06
125,1,11,1,18,11,0.947,12,4,1,156,0,350.23,0,48.69
126,1,11,1,20,9,0.996,8,4,1,156,0,823.87,0,31.15
127,1,11,1,24,4,0.601,15,4,1,356,0,734.52,0,37.51
128,1,12,1,8,25,0.847,6,2,3,642,0,1069.29,0,26.15
129,1,12,1,39,6,0.909,14,2,3,156,0,826.09,0,46.65
130,1,12,1,44,10,0.841,4,2,3,840,0,577.28,0,15.04
131,1,12,1,6,12,0.816,11,2,3,642,0,538.81,0,24.67
132,1,12,1,11,4,0.798,12,2,3,642,0,741.4,0,15.45
133,1,13,1,31,21,0.891,3,3,2,840,0,587.06,0,33.09
134,1,13,1,20,9,0.951,9,3,2,642,0,399.45,0,42.99
135,1,13,1,12,8,0.972,4,3,2,840,0,581.56,0,21.7
136,1,13,1,41,5,0.693,11,3,2,804,0,389.93,0,38.27
137,1,13,1,20,4,0.635,15,3,2,156,0,858.81,0,45.2
138,1,13,1,29,5,0.713,10,3,2,840,0,977.65,0,34.88
139,1,13,1,24,12,0.864,10,3,2,804,0,504.41,0,17.93
140,1,13,1,44,10,0.921,7,3,2,804,0,863.24,0,32.4
141,1,13,1,11,9,0.96,8,3,2,642,0,946.3,0,30.61
142,1,13,1,2,13,0.98,13,3,2,156,0,654.08,0,17.83
143,1,13,1,20,9,0.946,3,3,2,804,0,479.35,0,29.32
144,1,13,1,12,11,0.955,8,3,2,804,0,1163.82,0,21.33
145,1,13,1,12,8,0.966,4,3,2,804,0,917.89,0,38.89
146,1,13,1,35,11,0.866,14,3,2,642,0,875.37,0,35.0
147,1,13,1,24,8,0.629,12,3,2,156,0,1033.17,0,21.06
148,1,14,1,40,26,0.986,10,4,2,840,0,1197.6,0,39.61
149,1,14,1,10,7,0.68,14,4,2,804,0,427.05,0,32.39
150,1,14,1,14,7,0.969,11,4,2,356,0,581.75,0,46.0
151,1,14,1,16,4,1.0,7,4,2,156,0,1073.8,0,18.0
152,1,14,1,13,7,0.833,10,4,2,804,0,811.18,0,46.37
153,1,14,1,37,8,0.962,10,4,2,840,0,937.98,0,31.11
154,1,14,1,34,13,0.702,8,4,2,356,0,431.41,0,17.08
155,1,15,1,12,23,0.679,11,3,1,804,0,367.42,0,16.3
156,1,15,1,40,9,0.717,3,3,1,840,0,668.65,0,45.85
157,1,15,1,15,4,0.946,16,3,1,156,0,1029.01,0,49.34
158,1,15,1,15,10,0.671,9,3,1,804,0,934.51,0,26.6
159,1,15,1,17,12,0.767,5,3,1,642,0,625.91,0,32.35
160,1,15,1,24,11,0.982,4,3,1,804,0,400.78,0,27.91
161,1,15,1,6,6,0.758,14,3,1,156,0,1027.93,0,30.11
162,1,15,1,40,8,0.845,15,3,1,840,0,824.31,0,18.6
163,1,16,1,30,13,0.824,11,3,3,356,0,325.14,0,41.03
164,1,16,1,19,4,0.836,16,3,3,642,0,815.02,0,34.51
165,1,16,1,22,13,0.721,14,3,3,642,0,918.2,0,46.79
166,1,17,1,13,18,0.683,9,4,3,356,0,991.64,0,42.78
167,1,17,1,6,5,0.604,4,4,3,356,0,1074.51,0,24.38
168,1,17,1,44,14,0.985,14,4,3,156,0,430.59,0,20.37
169,1,17,1,26,8,0.815,3,4,3,804,0,1171.94,0,46.23
170,1,17,1,3,7,0.666,16,4,3,804,0,861.23,0,44.09
171,1,17,1,31,6,0.998,18,4,3,840,0,1077.9,0,28.49
172,1,17,1,41,8,0.888,19,4,3,840,0,1082.09,0,41.03
173,1,17,1,37,5,0.968,7,4,3,156,0,470.54,0,35.72
174,1,17,1,23,11,0.703,9,4,3,804,0,623.28,0,36.25
175,1,17,1,26,10,0.698,18,4,3,156,0,1116.02,0,46.04
176,1,17,1,16,12,0.696,8,4,3,356,0,942.23,0,25.04
177,1,17,1,14,12,0.633,5,4,3,840,0,622.12,0,43.47
178,1,17,1,1,13,0.96,12,4,3,840,0,805.22,0,38.73
179,1,17,1,21,10,0.952,17,4,3,804,0,585.44,0,48.58
180,1,17,1,10,9,0.936,12,4,3,840,0,1046.41,0,47.26
181,1,18,1,41,34,0.918,15,4,2,642,0,738.95,0,46.51
182,1,18,1,2,12,0.896,3,4,2,156,0,841.88,0,49.17
183,1,18,1,22,5,0.608,8,4,2,356,0,584.34,0,21.39
184,1,18,1,35,6,0.685,19,4,2,804,0,565.94,0,36.94
185,1,18,1,29,13,0.859,3,4,2,156,0,1007.23,0,18.19
186,1,18,1,16,13,0.601,18,4,2,156,0,384.31,0,43.35
187,1,18,1,7,5,0.79,19,4,2,356,0,513.38,0,21.21
188,1,18,1,7,6,0.677,4,4,2,156,0,909.8,0,48.98
189,1,18,1,21,14,0.805,8,4,2,642,0,829.67,0,31.86
190,1,18,1,27,11,0.91,11,4,2,804,0,480.55,0,15.61
191,1,18,1,21,7,0.737,10,4,2,804,0,527.57,0,29.33
192,1,18,1,10,10,0.627,8,4,2,356,0,490.83,0,46.24
193,1,18,1,17,12,1.0,5,4,2,840,0,1046.82,0,22.44
194,1,19,1,23,20,0.813,16,4,1,804,0,627.61,0,47.2
195,1,19,1,21,12,0.855,14,4,1,156,0,503.43,0,41.22
196,1,19,1,29,13,0.842,8,4,1,840,0,385.02,0,17.5
197,1,19,1,38,11,0.751,15,4,1,840,0,660.95,0,48.71
198,1,19,1,37,12,0.851,3,4,1,642,0,978.34,0,47.41
199,1,19,1,16,5,0.814,5,4,1,156,0,1092.4,0,48.78
200,1,19,1,3,11,0.657,7,4,1,156,0,874.09,0,35.82
201,1,19,1,6,10,0.905,7,4,1,804,0,711.32,0,17.08
202,1,19,1,12,6,0.775,4,4,1,356,0,1038.68,0,41.07
203,1,20,1,16,31,0.872,19,1,1,804,0,508.55,0,16.98
204,1,20,1,31,14,0.877,16,1,1,156,0,757.7,0,22.59
205,1,20,1,26,4,0.886,19,1,1,356,0,1013.92,0,40.75
206,1,20,1,10,10,0.692,10,1,1,804,0,1087.45,0,38.46
207,1,20,1,39,7,0.777,3,1,1,804,0,721.98,0,31.24
208,1,20,1,14,4,0.796,7,1,1,356,0,576.88,0,40.84
209,1,20,1,11,7,0.736,18,1,1,356,0,1142.72,0,24.38
210,1,20,1,27,11,0.893,14,1,1,156,0,890.13,0,40.73
211,1,20,1,23,10,0.98,7,1,1,156,0,1023.78,0,44.12
212,1,20,1,28,7,0.994,4,1,1,840,0,314.1,0,32.5
213,1,20,1,2,14,0.666,6,1,1,840,0,492.08,0,18.5
214,1,20,1,7,4,0.716,11,1,1,804,0,310.4,0,47.05
215,1,21,1,36,33,0.866,3,2,1,156,0,947.26,0,39.77
216,1,21,1,36,13,0.924,5,2,1,642,0,934.53,0,38.63
217,1,21,1,19,8,0.872,3,2,1,356,0,759.64,0,37.7
218,1,21,1,31,10,0.733,9,2,1,356,0,501.23,0,21.42
219,1,21,1,27,10,0.929,6,2,1,840,0,621.2,0,33.37
220,1,21,1,39,10,0.927,5,2,1,804,0,1143.29,0,38.44
221,1,21,1,8,5,0.664,6,2,1,804,0,1014.05,0,43.87
222,1,21,1,1,8,0.685,11,2,1,840,0,913.88,0,45.46
223,1,21,1,32,13,0.639,5,2,1,642,0,1019.89,0,24.62
224,1,21,1,4,8,0.721,5,2,1,156,0,1077.21,0,46.43
225,1,22,1,18,15,0.835,16,1,1,156,0,943.47,0,35.28
226,1,22,1,30,12,0.916,13,1,1,156,0,1111.49,0,29.52
227,1,22,1,3,11,0.687,9,1,1,840,0,774.36,0,17.82
228,1,22,1,18,9,0.956,16,1,1,840,0,1132.02,0,16.26
229,1,22,1,35,13,0.882,5,1,1,156,0,821.17,0,15.82
230,1,22,1,38,14,0.608,12,1,1,642,0,383.77,0,38.49
231,1,22,1,11,7,0.831,17,1,1,840,0,595.74,0,35.01
232,1,23,1,38,17,0.938,10,3,3,642,0,350.03,0,39.96
233,1,23,1,22,4,0.612,16,3,3,156,0,345.66,0,29.52
234,1,23,1,26,6,0.764,14,3,3,642,0,972.68,0,33.59
235,1,23,1,4,6,0.658,14,3,3,804,0,500.96,0,35.79
236,1,23,1,1,7,0.722,13,3,3,356,0,343.55,0,27.39
237,1,23,1,11,10,0.805,17,3,3,356,0,884.3,0,26.5
238,1,23,1,21,13,0.791,14,3,3,804,0,422.92,0,16.31
239,1,23,1,35,5,0.851,3,3,3,356,0,438.29,0,32.7
240,1,23,1,5,6,0.947,5,3,3,156,0,1104.17,0,45.74
241,1,23,1,16,12,0.774,5,3,3,840,0,532.03,0,38.78
242,1,23,1,11,6,0.997,19,3,3,840,0,348.95,0,40.5
243,1,23,1,43,13,0.799,8,3,3,840,0,1052.14,0,22.95
244,1,23,1,15,6,0.824,16,3,3,840,0,1145.62,0,44.94
245,1,23,1,38,13,0.838,19,3,3,804,0,400.36,0,40.96
246,1,23,1,35,10,0.827,4,3,3,642,0,1133.12,0,22.54
247,1,23,1,30,11,0.882,14,3,3,840,0,611.91,0,18.96
248,1,23,1,40,9,0.688,17,3,3,642,0,450.77,0,36.45
249,1,23,1,36,4,0.845,9,3,3,804,0,1034.48,0,26.57
250,1,24,1,37,26,0.943,12,3,2,642,0,1105.54,0,28.03
251,1,24,1,8,7,0.629,13,3,2,356,0,865.26,0,15.36
252,1,24,1,11,10,0.873,13,3,2,642,0,933.05,0,20.41
253,1,24,1,35,8,0.978,4,3,2,804,0,453.62,0,17.11
254,1,25,1,14,35,0.968,6,3,2,356,0,650.43,0,35.36
255,1,25,1,33,6,0.981,8,3,2,642,0,428.33,0,37.52
256,1,25,1,37,13,0.838,17,3,2,840,0,859.03,0,36.62
257,1,25,1,16,4,0.754,9,3,2,804,0,917.93,0,19.13
258,1,25,1,32,5,0.884,9,3,2,642,0,939.03,0,26.77
259,1,25,1,44,6,0.616,3,3,2,156,0,837.97,0,29.53
260,1,25,1,19,12,0.889,7,3,2,642,0,663.4,0,27.58
261,1,25,1,20,11,0.849,10,3,2,356,0,909.42,0,30.74
262,1,25,1,22,12,0.795,15,3,2,840,0,457.69,0,16.76
263,1,25,1,31,11,0.875,18,3,2,840,0,1117.01,0,27.88
264,1,25,1,44,12,0.895,4,3,2,156,0,731.42,0,16.69
265,1,25,1,37,7,0.644,17,3,2,356,0,914.27,0,31.95
266,1,25,1,4,5,0.945,18,3,2,356,0,1007.95,0,48.91
267,1,25,1,38,10,0.81,16,3,2,804,0,448.05,0,18.55
268,1,25,1,15,11,0.933,16,3,2,642,0,1014.51,0,28.95
269,1,26,1,26,27,0.923,16,3,2,804,0,502.15,0,29.46
270,1,26,1,23,14,0.662,19,3,2,356,0,355.81,0,28.41
271,1,26,1,38,8,0.796,15,3,2,804,0,1159.99,0,16.08
272,1,26,1,41,11,0.942,16,3,2,840,0,333.06,0,25.42
273,1,26,1,38,10,0.911,10,3,2,356,0,942.85,0,29.56
274,1,26,1,26,10,0.83,9,3,2,840,0,823.47,0,27.7
275,1,26,1,26,14,0.899,16,3,2,642,0,740.04,0,44.43
276,1,27,1,39,17,0.916,12,4,2,840,0,745.35,0,36.16
277,1,27,1,4,14,0.805,11,4,2,156,0,450.27,0,37.34
278,1,27,1,31,9,0.663,8,4,2,840,0,833.27,0,16.53
279,1,27,1,27,4,0.874,14,4,2,356,0,324.08,0,17.66
280,1,27,1,17,9,0.879,7,4,2,840,0,1194.5,0,15.38
281,1,27,1,27,10,0.936,14,4,2,156,0,403.18,0,47.99
282,1,28,1,11,9,0.843,13,2,1,356,0,1109.5,0,34.35
283,1,28,1,40,9,0.7,15,2,1,804,0,408.11,0,49.44
284,1,28,1,15,5,0.727,11,2,1,156,0,1197.43,0,47.53
285,1,28,1,26,4,1.0,11,2,1,642,0,1131.21,0,38.63
286,1,28,1,42,6,0.606,6,2,1,840,0,1196.67,0,26.78
287,1,28,1,2,12,0.942,5,2,1,356,0,856.86,0,32.1
288,1,28,1,28,12,0.819,17,2,1,804,0,981.59,0,18.68
289,1,28,1,44,14,0.898,15,2,1,804,0,752.37,0,28.08
290,1,28,1,38,12,0.916,16,2,1,642,0,508.46,0,25.12
291,1,28,1,13,5,0.911,16,2,1,642,0,785.53,0,20.37
292,1,28,1,7,14,0.74,11,2,1,840,0,982.46,0,32.64
293,1,28,1,23,14,0.772,4,2,1,840,0,1039.5,0,30.07
294,1,28,1,42,4,0.77,5,2,1,642,0,1060.44,0,41.3
295,1,28,1,15,7,0.904,12,2,1,804,0,717.85,0,41.53
296,1,28,1,8,9,0.984,5,2,1,804,0,370.54,0,32.97
297,1,28,1,10,6,0.689,16,2,1,642,0,1062.04,0,29.13
298,1,28,1,6,9,0.893,11,2,1,356,0,538.18,0,34.02
299,1,28,1,39,7,0.856,11,2,1,840,0,1002.08,0,30.0
300,1,28,1,19,7,0.996,4,2,1,356,0,792.21,0,43.34
301,1,28,1,18,4,0.804,3,2,1,642,0,667.18,0,31.53
302,1,29,1,7,20,0.968,13,1,3,356,0,840.31,0,20.02
303,1,29,1,5,11,0.874,10,1,3,642,0,532.19,0,23.92
304,1,29,1,23,11,0.706,12,1,3,356,0,922.0,0,42.48
305,1,29,1,40,11,0.783,8,1,3,356,0,601.1,0,28.19
306,1,29,1,43,5,0.847,14,1,3,356,0,1040.86,0,18.68
307,1,29,1,28,8,0.634,18,1,3,356,0,1030.67,0,49.89
308,1,29,1,42,11,0.788,18,1,3,356,0,338.64,0,21.91
309,1,29,1,21,5,0.841,16,1,3,156,0,445.87,0,19.32
310,1,29,1,6,14,0.784,9,1,3,642,0,1044.41,0,31.15
311,1,29,1,10,8,0.656,6,1,3,840,0,1082.03,0,43.18
312,1,29,1,9,6,0.835,6,1,3,804,0,444.95,0,41.65
313,1,29,1,13,4,0.982,17,1,3,804,0,666.88,0,34.03
314,1,29,1,21,4,0.762,16,1,3,642,0,588.82,0,49.32
315,1,29,1,37,14,0.977,14,1,3,356,0,743.7,0,41.76
316,1,29,1,12,10,0.763,5,1,3,804,0,474.44,0,17.13
317,1,29,1,2,14,0.871,12,1,3,642,0,979.27,0,15.86
318,1,30,2,5,1,0.0,0,1,1,156,0,0.0,0,0.77
319,1,30,2,9,1,0.0,0,1,1,156,0,0.0,0,1.33
320,1,30,2,5,2,0.0,0,1,1,156,0,0.0,0,3.41
321,1,30,2,12,1,0.0,0,1,1,356,0,0.0,0,2.66
322,1,30,2,4,2,0.0,0,1,1,840,0,0.0,0,4.7
323,1,30,2,12,0,0.0,0,1,1,156,0,0.0,0,2.84
324,1,30,2,4,2,0.0,0,1,1,356,0,0.0,0,3.65
325,1,30,2,5,0,0.0,0,1,1,356,0,0.0,0,0.69
326,1,30,2,7,1,0.0,0,1,1,156,0,0.0,0,2.59
327,1,30,2,3,1,0.0,0,1,1,356,0,0.0,0,2.22
328,1,30,2,9,2,0.0,0,1,1,840,0,0.0,0,0.3
329,1,30,2,22,10,0.961,0,1,2,156,0,172.27,0,27.75
330,1,30,2,27,17,0.913,3,2,2,156,0,123.97,0,21.44
331,1,30,2,24,9,0.826,1,1,2,840,0,77.11,0,15.98
332,1,30,2,26,16,0.845,1,2,1,840,0,129.53,0,30.2
333,1,30,2,17,6,0.993,2,1,1,276,0,129.44,0,26.11
334,1,30,2,10,13,0.738,1,2,1,840,0,127.17,0,29.21
335,1,30,2,5,11,0.768,4,2,1,276,0,102.96,0,10.26
336,1,30,2,23,7,0.899,4,2,1,156,0,111.08,0,20.34
337,1,30,2,18,11,0.885,3,1,2,840,0,253.31,0,17.67
338,1,31,2,14,1,0.0,0,1,1,840,0,0.0,0,1.83
339,1,31,2,7,1,0.0,0,1,1,156,0,0.0,0,1.68
340,1,31,2,9,1,0.0,0,1,1,840,0,0.0,0,4.16
341,1,31,2,4,2,0.0,0,1,1,840,0,0.0,0,3.4
342,1,31,2,7,2,0.0,0,1,1,840,0,0.0,0,2.19
343,1,31,2,7,2,0.0,0,1,1,356,0,0.0,0,2.75
344,1,31,2,10,0,0.0,0,1,1,356,0,0.0,0,1.23
345,1,31,2,3,12,0.784,4,1,2,156,0,152.56,0,35.34
346,1,31,2,7,13,0.781,0,1,2,156,0,216.45,0,29.02
347,1,31,2,3,16,0.957,4,2,2,276,0,201.05,0,35.11
348,1,31,2,26,8,0.806,1,1,1,156,0,82.09,0,35.79
349,1,31,2,24,14,0.842,2,1,2,156,0,274.88,0,21.88
350,1,32,2,19,1,0.0,0,1,1,356,0,0.0,0,4.94
351,1,32,2,15,2,0.0,0,1,1,156,0,0.0,0,3.61
352,1,32,2,8,2,0.0,0,1,1,840,0,0.0,0,3.77
353,1,32,2,9,0,0.0,0,1,1,356,0,0.0,0,1.36
354,1,32,2,4,2,0.0,0,1,1,156,0,0.0,0,1.37
355,1,32,2,9,5,0.962,0,2,2,840,0,200.81,0,25.49
356,1,32,2,15,7,0.739,2,2,2,276,0,157.27,0,17.13
357,1,32,2,13,11,0.701,4,1,2,840,0,267.57,0,38.43
358,1,32,2,15,7,0.893,0,2,1,156,0,54.35,0,37.66
359,1,32,2,6,15,0.853,4,2,1,840,0,72.58,0,23.02
360,1,32,2,1,15,0.704,0,2,1,276,0,154.34,0,24.29
361,1,32,2,10,10,0.816,2,1,2,840,0,150.72,0,23.43
362,1,32,2,9,8,0.862,3,2,2,276,0,65.94,0,20.15
363,1,32,2,16,8,0.818,4,2,2,156,0,152.39,0,14.42
364,1,33,2,8,0,0.0,0,1,1,840,0,0.0,0,0.95
365,1,33,2,2,1,0.0,0,1,1,840,0,0.0,0,3.09
366,1,33,2,3,1,0.0,0,1,1,356,0,0.0,0,2.41
367,1,33,2,11,1,0.0,0,1,1,840,0,0.0,0,4.68
368,1,33,2,10,2,0.0,0,1,1,356,0,0.0,0,1.32
369,1,33,2,18,0,0.0,0,1,1,356,0,0.0,0,4.62
370,1,33,2,6,2,0.0,0,1,1,356,0,0.0,0,2.23
371,1,33,2,8,0,0.0,0,1,1,356,0,0.0,0,4.53
372,1,33,2,10,1,0.0,0,1,1,840,0,0.0,0,1.47
373,1,33,2,13,0,0.0,0,1,1,156,0,0.0,0,0.84
374,1,33,2,14,1,0.0,0,1,1,156,0,0.0,0,1.91
375,1,33,2,9,2,0.0,0,1,1,840,0,0.0,0,0.18
376,1,33,2,16,1,0.0,0,1,1,356,0,0.0,0,1.04
377,1,33,2,17,1,0.0,0,1,1,356,0,0.0,0,3.19
378,1,33,2,1,12,0.794,0,2,1,156,0,290.71,0,20.56
379,1,33,2,15,8,0.964,1,2,2,276,0,218.32,0,30.37
380,1,33,2,28,7,0.957,4,1,1,156,0,164.33,0,31.56
381,1,33,2,28,19,0.809,0,1,1,840,0,180.65,0,15.99
382,1,33,2,7,18,0.941,0,1,1,156,0,195.74,0,21.89
383,1,33,2,4,16,0.893,3,2,1,156,0,73.23,0,31.32
384,1,33,2,6,11,0.904,2,2,1,840,0,194.2,0,27.9
385,1,34,2,18,0,0.0,0,1,1,356,0,0.0,0,0.29
386,1,34,2,13,0,0.0,0,1,1,156,0,0.0,0,1.97
387,1,34,2,1,0,0.0,0,1,1,840,0,0.0,0,0.59
388,1,34,2,14,0,0.0,0,1,1,840,0,0.0,0,4.12
389,1,34,2,13,0,0.0,0,1,1,840,0,0.0,0,3.9
390,1,34,2,18,2,0.0,0,1,1,356,0,0.0,0,1.4
391,1,34,2,2,1,0.0,0,1,1,356,0,0.0,0,3.19
392,1,34,2,17,15,0.972,1,1,2,156,0,251.37,0,21.22
393,1,34,2,6,12,0.849,3,1,1,156,0,207.45,0,33.4
394,1,34,2,25,10,0.978,3,2,2,276,0,108.57,0,32.04
395,1,34,2,15,13,0.727,0,2,1,276,0,133.44,0,20.73
396,1,34,2,18,9,0.825,3,1,2,840,0,250.4,0,32.56
397,1,34,2,12,7,0.897,3,2,1,156,0,286.61,0,22.24
398,1,34,2,12,15,0.7,3,2,1,156,0,194.06,0,32.85
399,1,34,2,23,13,0.989,2,2,1,276,0,122.69,0,24.46
400,1,34,2,5,19,0.946,0,1,1,156,0,181.66,0,19.1
401,1,35,2,7,2,0.0,0,1,1,356,0,0.0,0,1.57
402,1,35,2,8,2,0.0,0,1,1,156,0,0.0,0,2.13
403,1,35,2,17,2,0.0,0,1,1,356,0,0.0,0,3.79
404,1,35,2,9,2,0.0,0,1,1,840,0,0.0,0,0.87
405,1,35,2,2,1,0.0,0,1,1,356,0,0.0,0,1.96
406,1,35,2,1,1,0.0,0,1,1,840,0,0.0,0,4.84
407,1,35,2,11,0,0.0,0,1,1,840,0,0.0,0,1.54
408,1,35,2,16,2,0.0,0,1,1,156,0,0.0,0,4.59
409,1,35,2,14,1,0.0,0,1,1,840,0,0.0,0,3.71
410,1,35,2,2,0,0.0,0,1,1,840,0,0.0,0,4.13
411,1,35,2,18,2,0.0,0,1,1,356,0,0.0,0,4.15
412,1,35,2,6,1,0.0,0,1,1,840,0,0.0,0,1.73
413,1,35,2,13,1,0.0,0,1,1,840,0,0.0,0,2.12
414,1,35,2,12,1,0.0,0,1,1,156,0,0.0,0,1.74
415,1,35,2,18,0,0.0,0,1,1,356,0,0.0,0,2.58
416,1,35,2,12,0,0.0,0,1,1,356,0,0.0,0,2.5
417,1,35,2,18,0,0.0,0,1,1,156,0,0.0,0,3.48
418,1,35,2,8,0,0.0,0,1,1,356,0,0.0,0,1.52
419,1,35,2,6,2,0.0,0,1,1,156,0,0.0,0,3.58
420,1,35,2,8,18,0.926,2,2,1,840,0,114.97,0,39.74
421,1,35,2,14,19,0.731,1,1,1,840,0,129.82,0,23.01
422,1,35,2,21,13,0.879,1,2,2,840,0,179.8,0,39.4
423,1,35,2,8,15,0.741,3,2,1,156,0,133.42,0,16.26
424,1,36,2,6,1,0.0,0,1,1,840,0,0.0,0,3.26
425,1,36,2,18,2,0.0,0,1,1,840,0,0.0,0,4.42
426,1,36,2,10,0,0.0,0,1,1,156,0,0.0,0,2.08
427,1,36,2,4,0,0.0,0,1,1,840,0,0.0,0,3.84
428,1,36,2,12,1,0.0,0,1,1,840,0,0.0,0,4.89
429,1,36,2,14,1,0.0,0,1,1,156,0,0.0,0,2.37
430,1,36,2,10,1,0.0,0,1,1,156,0,0.0,0,1.11
431,1,36,2,4,1,0.0,0,1,1,356,0,0.0,0,0.08
432,1,36,2,9,2,0.0,0,1,1,156,0,0.0,0,0.69
433,1,36,2,11,2,0.0,0,1,1,840,0,0.0,0,0.6
434,1,36,2,17,0,0.0,0,1,1,840,0,0.0,0,0.85
435,1,36,2,4,0,0.0,0,1,1,156,0,0.0,0,0.32
436,1,36,2,2,0,0.0,0,1,1,840,0,0.0,0,0.55
437,1,36,2,7,0,0.0,0,1,1,356,0,0.0,0,4.89
438,1,36,2,9,1,0.0,0,1,1,356,0,0.0,0,2.92
439,1,36,2,4,2,0.0,0,1,1,156,0,0.0,0,0.3
440,1,36,2,8,2,0.0,0,1,1,840,0,0.0,0,3.3
441,1,36,2,7,2,0.0,0,1,1,156,0,0.0,0,2.74
442,1,36,2,13,2,0.0,0,1,1,356,0,0.0,0,0.4
443,1,36,2,5,2,0.0,0,1,1,156,0,0.0,0,3.96
444,1,36,2,18,0,0.0,0,1,1,840,0,0.0,0,2.13
445,1,36,2,23,9,0.855,2,2,2,156,0,199.85,0,18.46
446,1,36,2,22,15,0.783,0,2,2,156,0,240.65,0,39.81
447,1,36,2,14,17,0.881,2,1,2,840,0,275.08,0,18.82
448,1,37,2,10,0,0.0,0,1,1,356,0,0.0,0,1.54
449,1,37,2,16,2,0.0,0,1,1,356,0,0.0,0,1.2
450,1,37,2,4,1,0.0,0,1,1,356,0,0.0,0,0.13
451,1,37,2,10,1,0.0,0,1,1,840,0,0.0,0,2.73
452,1,37,2,11,1,0.0,0,1,1,156,0,0.0,0,1.34
453,1,37,2,3,2,0.0,0,1,1,156,0,0.0,0,3.46
454,1,37,2,13,1,0.0,0,1,1,840,0,0.0,0,4.67
455,1,37,2,1,2,0.0,0,1,1,156,0,0.0,0,4.42
456,1,37,2,17,2,0.0,0,1,1,840,0,0.0,0,3.06
457,1,37,2,19,1,0.0,0,1,1,356,0,0.0,0,1.13
458,1,37,2,14,0,0.0,0,1,1,156,0,0.0,0,4.15
459,1,37,2,10,1,0.0,0,1,1,156,0,0.0,0,1.54
460,1,37,2,11,2,0.0,0,1,1,840,0,0.0,0,0.87
461,1,37,2,9,2,0.0,0,1,1,356,0,0.0,0,4.01
462,1,37,2,29,17,0.894,0,1,2,276,0,107.43,0,17.72
463,1,37,2,18,14,0.832,2,1,2,156,0,238.64,0,25.1
464,1,37,2,20,11,0.994,0,2,1,156,0,67.2,0,19.53
465,1,37,2,1,13,0.975,2,1,1,840,0,115.11,0,16.57
466,1,37,2,7,17,0.721,3,1,2,156,0,105.81,0,24.5
467,1,37,2,23,12,0.743,0,2,1,840,0,220.23,0,25.6
468,1,37,2,29,11,0.928,1,2,1,840,0,139.1,0,30.14
469,1,38,2,8,0,0.0,0,1,1,156,0,0.0,0,3.48
470,1,38,2,6,1,0.0,0,1,1,840,0,0.0,0,3.68
471,1,38,2,17,2,0.0,0,1,1,356,0,0.0,0,1.02
472,1,38,2,13,1,0.0,0,1,1,356,0,0.0,0,3.26
473,1,38,2,19,0,0.0,0,1,1,840,0,0.0,0,1.17
474,1,38,2,18,0,0.0,0,1,1,156,0,0.0,0,2.4
475,1,38,2,14,0,0.0,0,1,1,840,0,0.0,0,2.75
476,1,38,2,16,0,0.0,0,1,1,356,0,0.0,0,2.81
477,1,38,2,7,1,0.0,0,1,1,356,0,0.0,0,4.62
478,1,38,2,11,1,0.0,0,1,1,356,0,0.0,0,2.84
479,1,38,2,8,0,0.0,0,1,1,356,0,0.0,0,3.71
480,1,38,2,17,17,0.771,4,2,1,156,0,176.0,0,31.4
481,1,38,2,17,6,0.946,3,1,1,840,0,216.76,0,12.39
482,1,38,2,16,8,0.748,3,2,1,840,0,88.0,0,35.49
483,1,38,2,26,11,0.8,0,2,2,840,0,201.24,0,26.8
484,1,39,2,6,1,0.0,0,1,1,840,0,0.0,0,0.2
485,1,39,2,11,0,0.0,0,1,1,156,0,0.0,0,3.75
486,1,39,2,1,0,0.0,0,1,1,840,0,0.0,0,3.56
487,1,39,2,6,0,0.0,0,1,1,840,0,0.0,0,4.38
488,1,39,2,15,1,0.0,0,1,1,156,0,0.0,0,3.96
489,1,39,2,3,1,0.0,0,1,1,356,0,0.0,0,4.47
490,1,39,2,14,0,0.0,0,1,1,840,0,0.0,0,3.25
491,1,39,2,6,2,0.0,0,1,1,156,0,0.0,0,0.73
492,1,39,2,2,1,0.0,0,1,1,356,0,0.0,0,2.46
493,1,39,2,9,1,0.0,0,1,1,356,0,0.0,0,0.82
494,1,39,2,10,0,0.0,0,1,1,356,0,0.0,0,4.59
495,1,39,2,1,2,0.0,0,1,1,156,0,0.0,0,0.87
496,1,39,2,16,2,0.0,0,1,1,156,0,0.0,0,4.15
497,1,39,2,3,1,0.0,0,1,1,356,0,0.0,0,0.46
498,1,39,2,18,0,0.0,0,1,1,156,0,0.0,0,3.5
499,1,39,2,11,1,0.0,0,1,1,156,0,0.0,0,2.7
500,1,39,2,16,1,0.0,0,1,1,840,0,0.0,0,4.61
501,1,39,2,2,1,0.0,0,1,1,840,0,0.0,0,4.22
502,1,39,2,2,2,0.0,0,1,1,156,0,0.0,0,0.48
503,1,39,2,1,16,0.771,2,1,1,156,0,110.5,0,30.3
504,1,39,2,12,15,0.911,2,2,1,276,0,256.16,0,19.63
505,1,39,2,17,12,0.775,3,2,1,156,0,271.41,0,27.02
506,1,39,2,25,9,0.848,0,1,2,156,0,191.69,0,30.5
507,1,39,2,26,17,0.736,3,1,1,276,0,113.71,0,26.16
508,1,39,2,19,14,0.703,3,2,1,156,0,108.09,0,12.59
509,1,39,2,12,19,0.785,3,1,2,840,0,130.14,0,24.94
510,1,39,2,1,9,0.73,4,2,1,156,0,79.73,0,18.05
511,1,39,2,16,12,0.882,4,2,1,840,0,142.34,0,22.02
512,1,39,2,3,15,0.955,2,2,2,276,0,149.92,0,12.37
513,1,40,2,8,1,0.0,0,1,1,840,0,0.0,0,3.74
514,1,40,2,18,0,0.0,0,1,1,156,0,0.0,0,4.02
515,1,40,2,18,0,0.0,0,1,1,356,0,0.0,0,0.36
516,1,40,2,5,0,0.0,0,1,1,356,0,0.0,0,4.47
517,1,40,2,6,2,0.0,0,1,1,840,0,0.0,0,4.1
518,1,40,2,5,2,0.0,0,1,1,840,0,0.0,0,4.3
519,1,40,2,13,0,0.0,0,1,1,840,0,0.0,0,1.46
520,1,40,2,10,2,0.0,0,1,1,840,0,0.0,0,1.25
521,1,40,2,3,0,0.0,0,1,1,356,0,0.0,0,0.12
522,1,40,2,3,0,0.0,0,1,1,840,0,0.0,0,0.23
523,1,40,2,16,1,0.0,0,1,1,156,0,0.0,0,3.79
524,1,40,2,19,0,0.0,0,1,1,156,0,0.0,0,1.15
525,1,40,2,1,1,0.0,0,1,1,840,0,0.0,0,1.26
526,1,40,2,8,0,0.0,0,1,1,156,0,0.0,0,4.96
527,1,40,2,1,2,0.0,0,1,1,356,0,0.0,0,0.71
528,1,40,2,9,2,0.0,0,1,1,840,0,0.0,0,2.66
529,1,40,2,18,0,0.0,0,1,1,156,0,0.0,0,4.59
530,1,40,2,14,1,0.0,0,1,1,156,0,0.0,0,3.3
531,1,40,2,14,2,0.0,0,1,1,356,0,0.0,0,2.3
532,1,40,2,14,0,0.0,0,1,1,356,0,0.0,0,1.13
533,1,40,2,10,1,0.0,0,1,1,840,0,0.0,0,1.42
534,1,40,2,1,2,0.0,0,1,1,156,0,0.0,0,1.84
535,1,40,2,9,0,0.0,0,1,1,356,0,0.0,0,0.42
536,1,40,2,1,14,0.975,4,2,2,276,0,245.03,0,32.04
537,1,40,2,19,17,0.756,0,2,1,276,0,177.4,0,31.56
538,1,40,2,29,5,0.893,2,1,2,156,0,60.98,0,39.19
539,1,40,2,7,9,0.962,0,2,1,156,0,206.4,0,31.13
540,1,41,2,16,2,0.0,0,1,1,840,0,0.0,0,4.06
541,1,41,2,4,2,0.0,0,1,1,356,0,0.0,0,2.65
542,1,41,2,8,0,0.0,0,1,1,156,0,0.0,0,1.71
543,1,41,2,7,2,0.0,0,1,1,840,0,0.0,0,2.99
544,1,41,2,8,0,0.0,0,1,1,356,0,0.0,0,0.03
545,1,41,2,9,2,0.0,0,1,1,840,0,0.0,0,4.14
546,1,41,2,9,2,0.0,0,1,1,156,0,0.0,0,2.14
547,1,41,2,5,2,0.0,0,1,1,840,0,0.0,0,1.78
548,1,41,2,17,2,0.0,0,1,1,156,0,0.0,0,0.69
549,1,41,2,18,2,0.0,0,1,1,840,0,0.0,0,2.89
550,1,41,2,12,1,0.0,0,1,1,156,0,0.0,0,4.02
551,1,41,2,19,2,0.0,0,1,1,840,0,0.0,0,1.36
552,1,41,2,15,0,0.0,0,1,1,840,0,0.0,0,4.07
553,1,41,2,9,2,0.0,0,1,1,356,0,0.0,0,3.08
554,1,41,2,6,0,0.0,0,1,1,156,0,0.0,0,2.62
555,1,41,2,1,2,0.0,0,1,1,840,0,0.0,0,4.18
556,1,41,2,9,0,0.0,0,1,1,840,0,0.0,0,4.07
557,1,41,2,5,12,0.955,0,2,2,156,0,231.87,0,14.3
558,1,41,2,5,12,0.831,3,1,1,840,0,264.83,0,39.51
559,1,41,2,11,14,0.76,4,1,1,840,0,255.48,0,33.36
560,1,41,2,4,6,0.982,3,1,1,276,0,293.4,0,31.25
561,1,41,2,13,8,0.723,0,1,2,156,0,220.0,0,34.46
562,1,41,2,21,18,0.741,0,2,2,276,0,225.57,0,32.36
563,1,41,2,10,5,0.954,3,2,2,840,0,207.41,0,14.1
564,1,41,2,7,16,0.717,2,2,1,156,0,173.46,0,34.69
565,1,41,2,23,11,0.892,1,2,1,276,0,145.61,0,39.09
566,1,41,2,20,13,0.887,2,2,2,840,0,265.45,0,32.28
567,1,42,2,13,1,0.0,0,1,1,356,0,0.0,0,0.17
568,1,42,2,15,0,0.0,0,1,1,356,0,0.0,0,0.59
569,1,42,2,4,1,0.0,0,1,1,156,0,0.0,0,3.2
570,1,42,2,1,1,0.0,0,1,1,156,0,0.0,0,1.09
571,1,42,2,16,0,0.0,0,1,1,356,0,0.0,0,0.81
572,1,42,2,5,0,0.0,0,1,1,356,0,0.0,0,4.49
573,1,42,2,16,0,0.0,0,1,1,356,0,0.0,0,2.61
574,1,42,2,4,1,0.0,0,1,1,356,0,0.0,0,0.07
575,1,42,2,5,0,0.0,0,1,1,356,0,0.0,0,0.49
576,1,42,2,8,2,0.0,0,1,1,356,0,0.0,0,2.17
577,1,42,2,10,1,0.0,0,1,1,356,0,0.0,0,1.67
578,1,42,2,4,1,0.0,0,1,1,840,0,0.0,0,3.77
579,1,42,2,28,8,0.762,0,1,2,840,0,62.44,0,31.6
580,1,42,2,4,9,0.704,3,1,1,276,0,64.01,0,21.32
581,1,42,2,7,18,0.775,3,1,1,840,0,145.74,0,15.52
582,1,42,2,9,17,0.861,3,1,2,156,0,86.84,0,13.38
583,1,43,2,16,0,0.0,0,1,1,356,0,0.0,0,4.39
584,1,43,2,12,1,0.0,0,1,1,840,0,0.0,0,1.81
585,1,43,2,1,1,0.0,0,1,1,156,0,0.0,0,1.54
586,1,43,2,2,2,0.0,0,1,1,840,0,0.0,0,0.54
587,1,43,2,7,2,0.0,0,1,1,840,0,0.0,0,0.16
588,1,43,2,12,1,0.0,0,1,1,156,0,0.0,0,4.37
589,1,43,2,15,1,0.0,0,1,1,840,0,0.0,0,0.66
590,1,43,2,18,1,0.0,0,1,1,156,0,0.0,0,1.65
591,1,43,2,2,1,0.0,0,1,1,840,0,0.0,0,2.61
592,1,43,2,16,1,0.0,0,1,1,840,0,0.0,0,0.05
593,1,43,2,4,0,0.0,0,1,1,156,0,0.0,0,0.24
594,1,43,2,4,1,0.0,0,1,1,356,0,0.0,0,1.97
595,1,43,2,16,2,0.0,0,1,1,840,0,0.0,0,0.38
596,1,43,2,13,2,0.0,0,1,1,840,0,0.0,0,3.13
597,1,43,2,18,1,0.0,0,1,1,356,0,0.0,0,1.78
598,1,43,2,9,2,0.0,0,1,1,356,0,0.0,0,2.82
599,1,43,2,15,2,0.0,0,1,1,840,0,0.0,0,2.8
600,1,43,2,7,2,0.0,0,1,1,840,0,0.0,0,3.54
601,1,43,2,13,2,0.0,0,1,1,356,0,0.0,0,4.07
602,1,43,2,18,2,0.0,0,1,1,356,0,0.0,0,2.52
603,1,43,2,13,11,0.974,1,1,2,276,0,153.11,0,27.84
604,1,43,2,24,13,0.792,4,1,2,840,0,231.96,0,39.07
605,1,43,2,3,9,0.779,2,2,2,276,0,193.22,0,22.6
606,1,43,2,19,12,0.736,1,1,2,276,0,129.57,0,27.17
607,1,43,2,14,5,0.987,1,1,1,840,0,101.42,0,25.98
608,1,43,2,26,17,0.704,2,1,2,840,0,170.28,0,15.76
609,1,43,2,6,17,0.75,3,2,1,840,0,69.11,0,26.87
610,1,44,2,16,0,0.0,0,1,1,356,0,0.0,0,3.33
611,1,44,2,13,1,0.0,0,1,1,356,0,0.0,0,1.19
612,1,44,2,3,1,0.0,0,1,1,840,0,0.0,0,1.48
613,1,44,2,5,1,0.0,0,1,1,356,0,0.0,0,1.38
614,1,44,2,9,1,0.0,0,1,1,840,0,0.0,0,4.38
615,1,44,2,15,2,0.0,0,1,1,840,0,0.0,0,0.62
616,1,44,2,17,2,0.0,0,1,1,156,0,0.0,0,4.67
617,1,44,2,19,1,0.0,0,1,1,356,0,0.0,0,4.79
618,1,44,2,4,1,0.0,0,1,1,156,0,0.0,0,4.06
619,1,44,2,4,0,0.0,0,1,1,356,0,0.0,0,3.56
620,1,44,2,10,1,0.0,0,1,1,156,0,0.0,0,2.73
621,1,44,2,13,2,0.0,0,1,1,840,0,0.0,0,4.66
622,1,44,2,13,2,0.0,0,1,1,356,0,0.0,0,3.82
623,1,44,2,2,1,0.0,0,1,1,840,0,0.0,0,3.49
624,1,44,2,7,1,0.0,0,1,1,356,0,0.0,0,2.27
625,1,44,2,12,0,0.0,0,1,1,156,0,0.0,0,2.47
626,1,44,2,5,0,0.0,0,1,1,156,0,0.0,0,3.28
627,1,44,2,3,1,0.0,0,1,1,156,0,0.0,0,2.12
628,1,44,2,9,1,0.0,0,1,1,840,0,0.0,0,3.49
629,1,44,2,14,5,0.864,1,2,1,840,0,152.18,0,17.12
630,1,44,2,4,8,0.861,1,1,2,840,0,247.92,0,10.47
631,1,44,2,29,9,0.976,0,2,1,276,0,208.8,0,21.29
632,1,45,2,6,0,0.0,0,1,1,840,0,0.0,0,2.31
633,1,45,2,11,0,0.0,0,1,1,356,0,0.0,0,4.92
634,1,45,2,2,0,0.0,0,1,1,356,0,0.0,0,2.24
635,1,45,2,15,1,0.0,0,1,1,840,0,0.0,0,4.36
636,1,45,2,16,1,0.0,0,1,1,156,0,0.0,0,3.86
637,1,45,2,10,2,0.0,0,1,1,356,0,0.0,0,1.6
638,1,45,2,17,1,0.0,0,1,1,156,0,0.0,0,0.95
639,1,45,2,1,0,0.0,0,1,1,356,0,0.0,0,4.36
640,1,45,2,15,0,0.0,0,1,1,840,0,0.0,0,3.58
641,1,45,2,13,0,0.0,0,1,1,840,0,0.0,0,2.9
642,1,45,2,10,1,0.0,0,1,1,840,0,0.0,0,0.82
643,1,45,2,13,18,0.926,2,1,1,156,0,212.68,0,30.41
644,1,45,2,6,12,0.985,3,2,1,276,0,284.77,0,25.77
645,1,45,2,2,11,0.956,0,2,2,156,0,194.97,0,30.57
646,1,45,2,24,15,0.714,4,1,2,276,0,179.41,0,17.99
647,1,45,2,21,18,0.998,2,1,1,840,0,201.09,0,37.11
648,1,46,2,19,2,0.0,0,1,1,156,0,0.0,0,4.81
649,1,46,2,15,1,0.0,0,1,1,356,0,0.0,0,4.54
650,1,46,2,15,2,0.0,0,1,1,840,0,0.0,0,1.38
651,1,46,2,19,1,0.0,0,1,1,356,0,0.0,0,4.26
652,1,46,2,10,0,0.0,0,1,1,356,0,0.0,0,4.49
653,1,46,2,10,1,0.0,0,1,1,156,0,0.0,0,1.98
654,1,46,2,9,2,0.0,0,1,1,156,0,0.0,0,3.86
655,1,46,2,13,1,0.0,0,1,1,840,0,0.0,0,3.97
656,1,46,2,19,2,0.0,0,1,1,840,0,0.0,0,1.19
657,1,46,2,8,1,0.0,0,1,1,840,0,0.0,0,3.56
658,1,46,2,15,0,0.0,0,1,1,840,0,0.0,0,2.48
659,1,46,2,5,1,0.0,0,1,1,840,0,0.0,0,3.35
660,1,46,2,6,0,0.0,0,1,1,356,0,0.0,0,1.53
661,1,46,2,23,14,0.85,4,2,1,276,0,96.73,0,34.88
662,1,46,2,16,14,0.906,0,2,1,840,0,55.71,0,33.55
663,1,46,2,12,19,0.964,4,2,2,840,0,80.9,0,15.34
664,1,46,2,17,16,0.734,4,1,2,276,0,226.36,0,14.61
665,1,46,2,8,16,0.896,1,2,1,276,0,69.93,0,33.13
666,1,46,2,1,16,0.831,2,1,2,156,0,211.69,0,39.64
667,1,46,2,23,7,0.905,1,2,2,276,0,183.25,0,39.26
668,1,46,2,9,7,0.812,3,1,1,156,0,159.36,0,38.97
669,1,46,2,16,19,0.758,3,1,1,840,0,66.67,0,14.05
670,1,47,2,12,2,0.0,0,1,1,356,0,0.0,0,2.18
671,1,47,2,8,0,0.0,0,1,1,840,0,0.0,0,4.79
672,1,47,2,17,0,0.0,0,1,1,356,0,0.0,0,1.5
673,1,47,2,14,0,0.0,0,1,1,156,0,0.0,0,0.07
674,1,47,2,6,1,0.0,0,1,1,356,0,0.0,0,3.3
675,1,47,2,18,1,0.0,0,1,1,840,0,0.0,0,3.35
676,1,47,2,8,1,0.0,0,1,1,156,0,0.0,0,1.77
677,1,47,2,13,15,0.759,1,1,2,156,0,135.66,0,22.9
678,1,47,2,7,15,0.911,2,2,2,156,0,218.84,0,14.7
679,1,47,2,26,9,0.939,1,1,1,840,0,139.08,0,12.12
680,1,47,2,22,16,0.733,4,2,2,276,0,194.07,0,39.35
681,1,47,2,18,17,0.982,0,1,2,840,0,231.41,0,35.46
682,1,47,2,10,14,0.789,0,1,1,276,0,117.32,0,33.64
683,1,47,2,6,19,0.838,0,2,2,156,0,298.49,0,30.08
684,1,48,2,14,2,0.0,0,1,1,156,0,0.0,0,0.58
685,1,48,2,18,2,0.0,0,1,1,156,0,0.0,0,2.07
686,1,48,2,15,1,0.0,0,1,1,840,0,0.0,0,2.69
687,1,48,2,10,0,0.0,0,1,1,840,0,0.0,0,1.81
688,1,48,2,9,0,0.0,0,1,1,356,0,0.0,0,1.98
689,1,48,2,6,0,0.0,0,1,1,156,0,0.0,0,1.77
690,1,48,2,16,1,0.0,0,1,1,356,0,0.0,0,1.9
691,1,48,2,10,0,0.0,0,1,1,840,0,0.0,0,4.94
692,1,48,2,10,1,0.0,0,1,1,356,0,0.0,0,1.59
693,1,48,2,14,2,0.0,0,1,1,356,0,0.0,0,0.08
694,1,48,2,10,0,0.0,0,1,1,356,0,0.0,0,3.09
695,1,48,2,9,2,0.0,0,1,1,156,0,0.0,0,2.29
696,1,48,2,15,0,0.0,0,1,1,840,0,0.0,0,3.58
697,1,48,2,7,0,0.0,0,1,1,840,0,0.0,0,3.57
698,1,48,2,17,0,0.0,0,1,1,840,0,0.0,0,4.2
699,1,48,2,3,0,0.0,0,1,1,156,0,0.0,0,2.6
700,1,48,2,8,1,0.0,0,1,1,356,0,0.0,0,2.78
701,1,48,2,13,1,0.0,0,1,1,356,0,0.0,0,3.66
702,1,48,2,2,0,0.0,0,1,1,356,0,0.0,0,1.29
703,1,48,2,2,0,0.0,0,1,1,840,0,0.0,0,0.89
704,1,48,2,8,2,0.0,0,1,1,840,0,0.0,0,3.22
705,1,48,2,16,0,0.0,0,1,1,356,0,0.0,0,0.99
706,1,48,2,14,18,0.988,2,1,1,840,0,243.5,0,19.58
707,1,48,2,1,15,0.93,0,2,2,840,0,213.97,0,28.37
708,1,48,2,1,13,0.791,2,1,2,156,0,170.64,0,15.81
709,1,49,2,10,1,0.0,0,1,1,840,0,0.0,0,4.06
710,1,49,2,2,0,0.0,0,1,1,156,0,0.0,0,3.79
711,1,49,2,17,0,0.0,0,1,1,840,0,0.0,0,0.08
712,1,49,2,16,1,0.0,0,1,1,156,0,0.0,0,3.65
713,1,49,2,6,1,0.0,0,1,1,840,0,0.0,0,4.19
714,1,49,2,18,2,0.0,0,1,1,356,0,0.0,0,4.06
715,1,49,2,5,1,0.0,0,1,1,356,0,0.0,0,3.85
716,1,49,2,17,1,0.0,0,1,1,356,0,0.0,0,2.78
717,1,49,2,8,2,0.0,0,1,1,840,0,0.0,0,1.16
718,1,49,2,4,0,0.0,0,1,1,356,0,0.0,0,1.52
719,1,49,2,13,0,0.0,0,1,1,156,0,0.0,0,3.55
720,1,49,2,18,0,0.0,0,1,1,156,0,0.0,0,4.7
721,1,49,2,6,0,0.0,0,1,1,356,0,0.0,0,0.61
722,1,49,2,14,0,0.0,0,1,1,840,0,0.0,0,2.17
723,1,49,2,17,0,0.0,0,1,1,156,0,0.0,0,3.5
724,1,49,2,13,0,0.0,0,1,1,156,0,0.0,0,3.05
725,1,49,2,7,0,0.0,0,1,1,840,0,0.0,0,3.65
726,1,49,2,14,2,0.0,0,1,1,840,0,0.0,0,0.67
727,1,49,2,19,1,0.0,0,1,1,156,0,0.0,0,1.87
728,1,49,2,18,17,0.915,4,2,2,276,0,93.36,0,37.37
729,1,49,2,21,6,0.912,0,1,1,156,0,125.22,0,16.36
730,1,49,2,7,11,0.906,1,2,1,276,0,124.64,0,28.38
731,1,49,2,15,5,0.996,0,1,2,156,0,164.92,0,26.81
732,1,49,2,4,18,0.806,0,1,1,840,0,89.33,0,34.79
733,1,49,2,10,19,0.762,4,2,1,156,0,294.12,0,24.55
734,1,49,2,24,17,0.999,1,2,1,276,0,290.16,0,29.65
735,1,49,2,24,12,0.97,1,1,1,276,0,274.94,0,14.59
736,1,49,2,25,5,0.778,4,1,2,156,0,234.96,0,10.9
737,1,49,2,27,8,0.825,3,2,1,156,0,252.69,0,35.25
738,1,49,2,21,19,0.781,2,1,2,276,0,100.57,0,25.55
739,1,50,2,2,0,0.0,0,1,1,156,0,0.0,0,0.05
740,1,50,2,8,0,0.0,0,1,1,840,0,0.0,0,4.23
741,1,50,2,7,0,0.0,0,1,1,840,0,0.0,0,3.99
742,1,50,2,16,0,0.0,0,1,1,356,0,0.0,0,2.7
743,1,50,2,5,1,0.0,0,1,1,156,0,0.0,0,2.71
744,1,50,2,15,1,0.0,0,1,1,156,0,0.0,0,3.27
745,1,50,2,14,1,0.0,0,1,1,156,0,0.0,0,2.67
746,1,50,2,11,1,0.0,0,1,1,156,0,0.0,0,3.02
747,1,50,2,7,0,0.0,0,1,1,156,0,0.0,0,1.48
748,1,50,2,9,0,0.0,0,1,1,840,0,0.0,0,3.81
749,1,50,2,19,15,0.757,0,2,1,276,0,125.52,0,15.0
750,1,50,2,3,13,0.732,1,1,1,156,0,275.14,0,19.82
751,1,50,2,19,6,0.846,4,2,2,156,0,224.8,0,34.55
752,1,50,2,20,12,0.747,2,2,2,840,0,137.33,0,37.88
753,1,50,2,4,10,0.87,0,2,1,276,0,228.19,0,14.41
754,1,50,2,14,14,0.715,2,1,1,840,0,270.0,0,19.67
755,1,50,2,8,6,0.846,2,2,1,840,0,204.44,0,21.11
756,1,51,2,2,0,0.0,0,1,1,356,0,0.0,0,3.81
757,1,51,2,7,1,0.0,0,1,1,156,0,0.0,0,3.8
758,1,51,2,16,1,0.0,0,1,1,840,0,0.0,0,1.28
759,1,51,2,16,0,0.0,0,1,1,156,0,0.0,0,0.17
760,1,51,2,10,0,0.0,0,1,1,156,0,0.0,0,1.24
761,1,51,2,3,2,0.0,0,1,1,356,0,0.0,0,2.07
762,1,51,2,18,0,0.0,0,1,1,156,0,0.0,0,0.78
763,1,51,2,11,2,0.0,0,1,1,840,0,0.0,0,0.59
764,1,51,2,5,1,0.0,0,1,1,840,0,0.0,0,1.91
765,1,51,2,8,0,0.0,0,1,1,356,0,0.0,0,3.44
766,1,51,2,17,1,0.0,0,1,1,156,0,0.0,0,0.77
767,1,51,2,17,8,0.857,1,1,1,276,0,248.58,0,34.03
768,1,51,2,20,12,0.735,2,2,1,840,0,128.59,0,22.55
769,1,51,2,18,10,0.967,1,1,1,156,0,239.78,0,27.7
770,1,51,2,23,13,0.993,0,1,1,276,0,259.57,0,17.78
771,1,51,2,27,15,0.936,4,1,1,276,0,65.14,0,17.95
772,1,51,2,5,7,0.991,2,1,1,276,0,62.75,0,26.31
773,1,51,2,6,11,0.905,2,2,1,276,0,299.15,0,24.65
774,1,52,2,14,2,0.0,0,1,1,356,0,0.0,0,0.4
775,1,52,2,12,1,0.0,0,1,1,840,0,0.0,0,4.81
776,1,52,2,11,1,0.0,0,1,1,356,0,0.0,0,0.05
777,1,52,2,7,1,0.0,0,1,1,156,0,0.0,0,1.87
778,1,52,2,8,2,0.0,0,1,1,356,0,0.0,0,2.01
779,1,52,2,21,16,0.824,3,1,2,276,0,133.25,0,30.17
780,1,52,2,4,8,0.898,4,2,1,276,0,115.22,0,33.07
781,1,52,2,5,9,0.838,2,2,1,156,0,276.45,0,32.21
782,1,52,2,17,6,0.81,3,2,1,840,0,109.93,0,13.91
783,1,53,2,2,0,0.0,0,1,1,840,0,0.0,0,3.34
784,1,53,2,14,0,0.0,0,1,1,840,0,0.0,0,3.65
785,1,53,2,11,2,0.0,0,1,1,840,0,0.0,0,2.48
786,1,53,2,5,0,0.0,0,1,1,840,0,0.0,0,2.6
787,1,53,2,19,1,0.0,0,1,1,356,0,0.0,0,4.79
788,1,53,2,9,0,0.0,0,1,1,356,0,0.0,0,1.23
789,1,53,2,11,0,0.0,0,1,1,840,0,0.0,0,1.03
790,1,53,2,11,2,0.0,0,1,1,156,0,0.0,0,2.21
791,1,53,2,7,1,0.0,0,1,1,840,0,0.0,0,0.52
792,1,53,2,18,1,0.0,0,1,1,840,0,0.0,0,4.16
793,1,53,2,19,1,0.0,0,1,1,840,0,0.0,0,0.69
794,1,53,2,1,0,0.0,0,1,1,356,0,0.0,0,2.47
795,1,53,2,10,1,0.0,0,1,1,356,0,0.0,0,3.22
796,1,53,2,17,2,0.0,0,1,1,156,0,0.0,0,0.29
797,1,53,2,1,1,0.0,0,1,1,156,0,0.0,0,4.44
798,1,53,2,18,1,0.0,0,1,1,840,0,0.0,0,2.41
799,1,53,2,4,1,0.0,0,1,1,156,0,0.0,0,3.66
800,1,53,2,18,1,0.0,0,1,1,356,0,0.0,0,2.65
801,1,53,2,15,0,0.0,0,1,1,156,0,0.0,0,3.13
802,1,53,2,5,11,0.708,3,2,1,156,0,84.39,0,17.84
803,1,53,2,28,19,0.959,4,1,1,840,0,266.81,0,15.08
804,1,53,2,10,14,0.761,1,2,2,840,0,220.39,0,33.12
805,1,53,2,2,7,0.785,0,2,1,156,0,156.49,0,16.51
806,1,53,2,16,16,0.968,1,2,1,156,0,93.27,0,31.83
807,1,53,2,18,12,0.973,3,2,2,840,0,199.29,0,18.98
808,1,53,2,5,15,0.903,1,1,2,840,0,75.6,0,39.08
809,1,54,2,17,2,0.0,0,1,1,356,0,0.0,0,0.41
810,1,54,2,9,2,0.0,0,1,1,156,0,0.0,0,4.27
811,1,54,2,10,0,0.0,0,1,1,840,0,0.0,0,2.14
812,1,54,2,10,1,0.0,0,1,1,356,0,0.0,0,3.26
813,1,54,2,7,2,0.0,0,1,1,840,0,0.0,0,1.15
814,1,54,2,7,2,0.0,0,1,1,356,0,0.0,0,4.5
815,1,54,2,8,2,0.0,0,1,1,356,0,0.0,0,1.11
816,1,54,2,10,2,0.0,0,1,1,156,0,0.0,0,0.2
817,1,54,2,16,12,0.794,1,1,2,276,0,138.88,0,16.48
818,1,54,2,9,17,0.931,3,1,2,276,0,143.65,0,39.2
819,1,54,2,10,6,0.751,4,2,2,276,0,175.55,0,11.29
820,1,54,2,11,17,0.872,3,1,1,840,0,151.24,0,37.62
821,1,54,2,29,17,0.893,3,1,1,276,0,129.9,0,35.16
822,1,54,2,9,16,0.966,3,1,2,276,0,167.58,0,30.35
823,1,54,2,8,13,0.719,4,1,2,156,0,93.1,0,21.19
824,1,55,3,1457,10,0.772,3,9,5,840,1,922.13,0,27.01
825,1,55,3,1878,7,0.709,2,3,7,250,1,1299.81,0,44.33
826,1,55,3,1646,16,0.655,3,7,10,250,1,652.74,0,29.33
827,1,55,3,385,17,0.677,9,9,12,840,1,596.64,0,32.23
828,1,55,3,1942,21,0.662,3,9,12,840,1,467.26,0,24.06
829,1,55,3,968,21,0.734,4,3,13,826,1,786.74,0,43.91
830,1,55,3,978,20,0.564,3,3,5,156,1,1947.02,0,29.25
831,1,55,3,1361,22,0.856,9,7,10,840,1,1801.63,0,47.0
832,1,55,3,591,17,0.61,6,5,5,250,1,921.24,0,33.32
833,1,55,3,1515,15,0.68,5,3,9,250,1,1846.46,0,47.71
834,1,55,3,1837,23,0.611,5,4,4,276,1,1691.34,0,35.31
835,1,55,3,509,22,0.85,4,6,14,276,1,1337.38,0,43.78
836,1,55,3,1875,6,0.824,7,9,4,840,1,1700.18,0,46.94
837,1,55,3,1054,7,0.573,5,4,14,250,1,1031.22,0,34.68
838,1,55,3,757,9,0.764,2,4,4,826,1,1893.15,0,21.42
839,1,55,3,745,9,0.644,7,5,6,156,1,1101.48,0,35.17
840,1,55,3,507,24,0.513,4,8,10,156,1,1847.55,0,44.72
841,1,55,3,232,24,0.531,8,8,6,276,1,1706.38,0,26.43
842,1,55,3,1559,15,0.822,8,3,4,276,1,425.7,0,23.62
843,1,55,3,1992,10,0.597,6,9,12,276,1,1567.64,0,46.67
844,1,55,3,762,10,0.628,2,6,4,276,1,1877.83,0,30.56
845,1,56,3,1608,8,0.796,9,6,11,156,1,1117.46,0,28.04
846,1,56,3,1652,8,0.586,9,6,5,250,1,1141.2,0,34.71
847,1,56,3,967,9,0.542,6,5,11,250,1,1480.33,0,26.32
848,1,56,3,1386,10,0.693,3,6,7,840,1,475.31,0,45.59
849,1,56,3,1879,22,0.533,6,6,8,840,1,1859.01,0,27.05
850,1,56,3,285,22,0.508,2,3,8,826,1,1755.23,0,29.22
851,1,56,3,869,14,0.692,8,4,4,276,1,1714.77,0,49.66
852,1,56,3,456,21,0.686,4,7,14,250,1,879.6,0,38.66
853,1,56,3,1581,10,0.594,9,5,12,276,1,1699.92,0,39.51
854,1,56,3,314,9,0.652,9,7,7,826,1,1140.33,0,33.01
855,1,56,3,924,15,0.847,8,9,10,156,1,1885.88,0,40.15
856,1,56,3,715,15,0.762,6,9,14,826,1,1631.88,0,36.1
857,1,56,3,1837,5,0.614,8,3,5,840,1,451.23,0,35.65
858,1,56,3,1584,17,0.887,3,8,10,276,1,1415.55,0,32.18
859,1,57,3,1670,21,0.608,2,6,9,840,1,1533.39,0,30.65
860,1,57,3,1056,19,0.677,5,5,13,276,1,1090.82,0,26.66
861,1,57,3,599,20,0.7,9,4,4,250,1,599.23,0,32.54
862,1,57,3,1361,17,0.721,2,9,13,840,1,556.47,0,38.97
863,1,57,3,1369,22,0.686,4,8,5,156,1,428.43,0,41.29
864,1,57,3,925,15,0.773,2,6,14,840,1,1456.71,0,20.16
865,1,57,3,336,14,0.807,7,7,11,826,1,1404.14,0,41.99
866,1,57,3,1525,16,0.586,7,6,13,276,1,481.96,0,41.8
867,1,57,3,280,15,0.736,4,9,4,156,1,421.06,0,26.26
868,1,57,3,936,12,0.781,6,3,7,250,1,809.74,0,25.73
869,1,57,3,310,9,0.762,3,3,14,840,1,1155.49,0,30.4
870,1,57,3,914,15,0.74,5,9,10,840,1,955.4,0,32.63
871,1,57,3,244,9,0.52,7,6,10,276,1,1445.78,0,26.39
872,1,57,3,1372,5,0.698,3,5,14,826,1,1577.25,0,38.84
873,1,57,3,1071,23,0.757,4,4,7,156,1,1252.88,0,46.45
874,1,57,3,1780,6,0.848,3,7,8,840,1,863.58,0,25.83
875,1,57,3,1550,14,0.663,2,3,7,826,1,1391.66,0,41.51
876,1,57,3,1975,8,0.561,3,3,7,250,1,1944.59,0,46.75
877,1,57,3,1089,17,0.668,9,6,14,826,1,1132.74,0,48.5
878,1,57,3,620,7,0.527,3,6,12,250,1,969.62,0,47.58
879,1,57,3,891,21,0.698,6,3,10,156,1,874.53,0,32.09
880,1,57,3,426,19,0.813,9,6,5,156,1,1678.57,0,34.32
881,1,57,3,222,14,0.507,9,4,6,156,1,1362.21,0,43.77
882,1,57,3,1412,24,0.895,6,6,14,156,1,413.82,0,20.47
883,1,57,3,1679,23,0.537,7,6,9,826,1,1143.33,0,34.36
884,1,58,3,1753,21,0.531,2,3,5,250,1,1534.45,0,35.97
885,1,58,3,1822,9,0.578,4,9,12,156,1,1665.45,0,49.49
886,1,58,3,700,23,0.773,5,6,12,156,1,1314.97,0,42.37
887,1,58,3,596,23,0.81,9,3,14,156,1,1880.3,0,35.39
888,1,58,3,720,24,0.786,5,8,11,826,1,490.53,0,45.26
889,1,58,3,1050,12,0.564,8,8,4,826,1,1763.73,0,35.48
890,1,58,3,1219,17,0.801,2,9,14,826,1,722.65,0,47.6
891,1,58,3,1560,19,0.664,2,5,9,276,1,1440.99,0,44.92
892,1,58,3,671,24,0.768,4,7,7,826,1,1002.59,0,49.41
893,1,58,3,1133,15,0.601,7,9,7,156,1,751.79,0,25.85
894,1,58,3,473,18,0.892,7,8,5,250,1,1558.42,0,46.02
895,1,58,3,1368,23,0.72,8,7,9,250,1,1218.88,0,39.25
896,1,58,3,621,15,0.715,7,8,9,156,1,1818.51,0,47.97
897,1,58,3,1398,18,0.748,4,4,14,250,1,1245.44,0,31.27
898,1,58,3,359,15,0.57,8,5,14,826,1,1255.9,0,40.14
899,1,58,3,232,19,0.639,5,6,13,250,1,588.43,0,38.76
900,1,58,3,1870,12,0.817,9,9,4,826,1,1936.59,0,38.86
901,1,58,3,1338,6,0.747,9,6,8,840,1,731.83,0,22.74
902,1,58,3,309,16,0.733,9,5,7,826,1,581.85,0,42.55
903,1,58,3,1159,10,0.64,2,6,4,840,1,1045.53,0,41.81
904,1,58,3,822,13,0.792,4,5,11,276,1,847.44,0,32.54
905,1,58,3,524,14,0.552,8,7,5,250,1,868.42,0,47.59
906,1,58,3,602,6,0.513,3,7,11,156,1,1871.45,0,48.0
907,1,58,3,626,19,0.831,6,3,8,276,1,710.22,0,45.73
908,1,58,3,1638,22,0.691,2,9,9,276,1,1337.77,0,44.6
909,1,58,3,1885,22,0.792,7,7,5,156,1,954.79,0,45.94
910,1,58,3,1600,17,0.608,8,5,14,156,1,547.61,0,25.44
911,1,58,3,264,10,0.799,5,8,6,826,1,911.73,0,34.42
912,1,59,3,1990,10,0.634,8,3,8,826,1,1897.29,0,31.8
913,1,59,3,1351,21,0.628,6,5,7,250,1,591.29,0,37.64
914,1,59,3,1767,15,0.783,4,9,9,826,1,1484.37,0,23.43
915,1,59,3,1107,18,0.586,6,8,4,156,1,1061.77,0,20.97
916,1,59,3,816,15,0.581,5,4,9,276,1,1651.52,0,45.59
917,1,59,3,527,18,0.563,2,9,8,276,1,664.88,0,37.25
918,1,59,3,1945,20,0.515,3,3,5,250,1,498.22,0,33.6
919,1,59,3,687,9,0.582,5,5,13,826,1,1744.76,0,41.05
920,1,59,3,904,10,0.708,4,5,12,156,1,962.48,0,42.1
921,1,59,3,1569,15,0.572,7,6,13,826,1,1465.56,0,49.73
922,1,59,3,1394,10,0.71,5,9,4,826,1,1345.15,0,23.02
923,1,59,3,1648,18,0.507,4,9,14,250,1,1319.31,0,20.47
924,1,59,3,233,24,0.658,2,3,8,276,1,706.65,0,34.96
925,1,59,3,666,24,0.731,5,4,14,250,1,603.73,0,36.68
926,1,59,3,1941,12,0.743,8,8,8,250,1,1259.56,0,43.99
927,1,60,3,1785,12,0.878,4,4,7,276,1,1362.7,0,36.3
928,1,60,3,1411,10,0.622,4,7,5,250,1,1184.87,0,46.38
929,1,60,3,1267,18,0.553,6,4,8,250,1,1414.89,0,44.29
930,1,60,3,1026,19,0.871,6,8,5,276,1,1061.55,0,44.88
931,1,60,3,1584,17,0.807,8,9,14,840,1,1702.44,0,37.92
932,1,60,3,968,10,0.55,5,6,10,840,1,997.61,0,37.06
933,1,60,3,996,20,0.796,7,6,8,826,1,1356.78,0,41.61
934,1,60,3,894,14,0.542,2,8,5,156,1,1350.49,0,25.1
935,1,60,3,399,23,0.682,9,9,13,826,1,857.47,0,37.08
936,1,60,3,894,17,0.58,8,6,5,826,1,1423.18,0,38.88
937,1,60,3,232,12,0.88,2,8,6,250,1,579.67,0,48.26
938,1,60,3,1801,12,0.637,4,7,9,250,1,1475.75,0,45.72
939,1,60,3,296,13,0.732,2,8,4,276,1,839.14,0,27.96
940,1,60,3,556,12,0.795,9,4,10,250,1,1315.68,0,23.12
941,1,60,3,514,9,0.671,8,3,14,276,1,1705.91,0,24.91
942,1,60,3,877,6,0.632,2,4,9,250,1,1273.44,0,23.89
943,1,60,3,734,24,0.633,6,5,6,156,1,1739.18,0,25.9
944,1,60,3,999,6,0.581,3,6,13,276,1,1292.12,0,41.86
945,1,60,3,1974,24,0.641,2,3,13,250,1,1569.02,0,22.04
946,1,61,3,1247,14,0.891,5,4,4,840,1,735.7,0,30.55
947,1,61,3,235,8,0.607,7,7,5,156,1,465.3,0,31.62
948,1,61,3,1346,18,0.518,6,5,6,250,1,840.23,0,35.89
949,1,61,3,1662,18,0.579,8,9,14,156,1,1497.45,0,40.41
950,1,61,3,329,22,0.776,4,3,8,156,1,1600.1,0,47.23
951,1,61,3,212,21,0.836,9,8,14,276,1,1398.26,0,45.73
952,1,61,3,648,16,0.628,7,7,4,250,1,812.77,0,34.57
953,1,61,3,1509,13,0.718,2,3,5,276,1,1054.83,0,36.04
954,1,61,3,1080,9,0.831,8,3,7,826,1,1520.2,0,29.11
955,1,61,3,995,23,0.536,2,6,6,156,1,1037.31,0,22.04
956,1,61,3,448,17,0.768,9,7,10,826,1,750.78,0,49.3
957,1,61,3,896,15,0.631,7,6,14,826,1,1169.52,0,36.66
958,1,61,3,678,21,0.745,8,4,5,250,1,919.11,0,39.25
959,1,61,3,1060,22,0.63,7,8,5,840,1,617.93,0,33.79
960,1,61,3,1042,15,0.896,5,7,10,276,1,1492.7,0,46.17
961,1,61,3,1018,18,0.799,8,7,9,840,1,896.95,0,26.47
962,1,61,3,724,15,0.688,3,6,7,826,1,1412.29,0,25.55
963,1,61,3,1942,13,0.82,8,4,14,250,1,1121.52,0,21.81
964,1,61,3,1424,8,0.828,2,4,13,826,1,1724.54,0,36.57
965,1,61,3,1097,5,0.559,6,7,11,156,1,1123.19,0,21.0
966,1,61,3,1180,14,0.835,5,8,5,276,1,1666.32,0,31.73
967,1,62,3,1399,6,0.724,6,4,12,276,1,1107.36,0,35.54
968,1,62,3,1458,9,0.55,2,4,14,826,1,1833.24,0,28.28
969,1,62,3,603,13,0.512,9,6,6,250,1,946.84,0,31.67
970,1,62,3,1673,21,0.77,6,7,8,826,1,1586.96,0,46.85
971,1,62,3,1411,10,0.698,8,9,11,250,1,1733.14,0,43.38
972,1,62,3,1134,20,0.878,7,4,4,840,1,622.62,0,30.12
973,1,62,3,1507,12,0.745,4,6,10,156,1,1216.59,0,43.99
974,1,62,3,1461,7,0.798,5,7,13,276,1,1188.71,0,43.21
975,1,63,3,1667,6,0.731,6,7,12,276,1,1217.02,0,23.86
976,1,63,3,521,13,0.696,3,6,6,156,1,1976.97,0,42.95
977,1,63,3,394,16,0.683,8,4,5,840,1,845.5,0,30.63
978,1,63,3,1801,9,0.512,7,5,13,250,1,921.39,0,35.71
979,1,63,3,1943,23,0.812,4,5,14,156,1,871.58,0,30.39
980,1,63,3,1557,12,0.892,2,6,4,156,1,1845.01,0,42.55
981,1,63,3,1562,11,0.792,5,7,9,826,1,1682.91,0,45.13
982,1,64,3,478,24,0.727,6,9,14,250,1,1786.23,0,46.05
983,1,64,3,1012,19,0.774,6,9,7,826,1,475.36,0,26.55
984,1,64,3,1242,8,0.646,2,7,4,156,1,481.57,0,46.16
985,1,64,3,1986,5,0.56,2,7,6,826,1,1211.26,0,48.55
986,1,64,3,1339,15,0.586,7,9,6,276,1,799.47,0,41.72
987,1,64,3,344,11,0.793,5,7,5,276,1,720.01,0,32.62
988,1,64,3,449,16,0.604,9,9,5,840,1,1812.68,0,42.78
989,1,64,3,434,15,0.775,4,7,11,826,1,750.3,0,48.04
990,1,64,3,1538,7,0.545,7,4,14,276,1,1893.12,0,27.17
991,1,64,3,560,19,0.802,3,5,10,156,1,1202.32,0,37.58
992,1,64,3,1125,22,0.701,3,9,11,156,1,774.23,0,40.11
993,1,64,3,628,12,0.868,6,8,5,840,1,1844.72,0,26.68
994,1,64,3,704,13,0.765,8,9,7,840,1,1027.91,0,31.41
995,1,64,3,1627,15,0.853,8,9,4,826,1,461.45,0,43.28
996,1,64,3,385,15,0.779,7,6,8,826,1,1099.31,0,30.38
997,1,64,3,1891,6,0.6,9,4,6,276,1,851.44,0,36.01
998,1,64,3,1379,14,0.697,7,8,13,826,1,1583.11,0,41.99
999,1,64,3,1933,22,0.509,7,9,11,250,1,1123.64,0,40.21
1000,1,64,3,1610,20,0.809,9,9,12,276,1,909.72,0,38.01
1001,1,64,3,1249,12,0.818,6,4,7,156,1,1508.28,0,38.42
1002,1,64,3,1754,13,0.772,8,5,10,250,1,1535.45,0,41.5
1003,1,64,3,557,8,0.805,7,5,14,840,1,777.8,0,32.67
1004,1,64,3,1362,14,0.898,5,7,5,250,1,1054.63,0,45.92
1005,1,64,3,1567,11,0.553,2,7,4,156,1,1046.83,0,43.39
1006,1,65,3,641,23,0.896,5,3,6,276,1,1637.7,0,44.69
1007,1,65,3,409,12,0.762,8,4,7,276,1,878.58,0,20.12
1008,1,65,3,1752,19,0.564,8,3,6,840,1,1401.18,0,49.57
1009,1,65,3,1659,24,0.744,3,7,10,840,1,1099.33,0,46.54
1010,1,65,3,1974,15,0.502,3,9,5,250,1,1435.71,0,33.17
1011,1,65,3,1119,6,0.71,7,5,11,250,1,736.48,0,45.67
1012,1,65,3,1716,7,0.617,2,5,5,826,1,747.89,0,41.06
1013,1,65,3,878,15,0.862,4,8,12,840,1,767.62,0,46.63
1014,1,65,3,1579,8,0.602,4,7,8,840,1,716.05,0,22.18
1015,1,65,3,1767,24,0.698,7,3,10,826,1,1649.77,0,32.23
1016,1,65,3,862,20,0.523,7,4,5,250,1,1971.58,0,28.32
1017,1,65,3,1564,7,0.883,2,6,11,156,1,521.68,0,28.89
1018,1,65,3,813,21,0.661,2,9,10,826,1,823.87,0,20.23
1019,1,65,3,1904,17,0.579,7,6,5,826,1,1117.49,0,29.07
1020,1,65,3,1765,24,0.889,9,5,11,250,1,1722.56,0,29.82
1021,1,65,3,1050,21,0.835,6,6,5,826,1,1208.01,0,40.32
1022,1,66,3,768,15,0.754,9,5,14,840,1,1282.88,0,32.41
1023,1,66,3,1488,15,0.847,2,8,14,156,1,855.25,0,36.88
1024,1,66,3,1747,15,0.746,8,8,5,250,1,877.29,0,39.72
1025,1,66,3,559,10,0.548,6,4,9,840,1,465.13,0,32.4
1026,1,66,3,1522,10,0.841,6,7,12,276,1,1376.54,0,33.25
1027,1,66,3,777,12,0.563,3,4,10,276,1,536.21,0,27.99
1028,1,66,3,812,9,0.796,5,5,11,840,1,663.81,0,29.66
1029,1,66,3,768,24,0.87,6,3,13,840,1,1264.34,0,21.12
1030,1,66,3,1812,10,0.582,6,5,14,156,1,1362.51,0,43.7
1031,1,66,3,1657,22,0.579,2,3,12,156,1,1520.92,0,44.62
1032,1,66,3,560,17,0.82,6,4,9,156,1,1511.29,0,21.43
1033,1,66,3,1148,5,0.875,6,4,4,250,1,954.46,0,40.06
1034,1,66,3,881,20,0.674,9,4,4,250,1,599.84,0,39.12
1035,1,66,3,1731,24,0.811,6,6,11,156,1,1947.35,0,21.09
1036,1,66,3,1440,8,0.776,7,4,11,156,1,1815.88,0,22.27
1037,1,66,3,1440,10,0.791,7,8,12,156,1,956.12,0,43.13
1038,1,66,3,215,18,0.548,5,4,8,156,1,1736.62,0,30.86
1039,1,66,3,644,6,0.845,4,8,14,826,1,1606.8,0,30.5
1040,1,67,3,1172,20,0.625,3,6,10,276,1,400.88,0,30.62
1041,1,67,3,1303,13,0.572,4,4,9,156,1,1283.52,0,22.49
1042,1,67,3,939,15,0.73,3,6,5,826,1,1491.77,0,39.52
1043,1,67,3,1212,16,0.74,5,6,7,156,1,1451.59,0,24.28
1044,1,67,3,1700,24,0.742,3,3,4,840,1,1578.32,0,41.95
1045,1,67,3,995,14,0.69,4,9,14,250,1,1012.61,0,39.6
1046,1,67,3,1784,7,0.512,5,7,4,826,1,868.71,0,36.01
1047,1,67,3,631,17,0.704,8,4,9,276,1,1258.92,0,31.51
1048,1,67,3,233,15,0.763,7,9,7,826,1,641.13,0,26.28
1049,1,67,3,723,19,0.708,5,8,5,840,1,916.62,0,37.93
1050,1,67,3,990,22,0.784,9,5,11,826,1,770.49,0,26.72
1051,1,67,3,627,7,0.765,5,9,4,826,1,891.72,0,32.56
1052,1,67,3,1395,6,0.604,2,5,7,826,1,1874.35,0,32.11
1053,1,67,3,1240,22,0.58,7,8,4,276,1,656.0,0,20.37
1054,1,67,3,1894,6,0.523,3,9,8,276,1,1400.12,0,44.86
1055,1,67,3,447,22,0.653,2,6,12,156,1,1094.85,0,27.05
1056,1,67,3,1863,11,0.836,5,3,4,826,1,947.03,0,24.43
1057,1,67,3,1613,18,0.657,9,8,4,276,1,1003.68,0,38.79
1058,1,67,3,1290,19,0.798,6,7,13,826,1,1553.55,0,29.84
1059,1,67,3,1076,22,0.829,4,6,7,276,1,1349.48,0,34.38
1060,1,67,3,1806,10,0.676,7,8,6,250,1,1470.61,0,36.42
1061,1,67,3,1640,10,0.655,5,4,9,826,1,1018.86,0,29.85
1062,1,67,3,737,10,0.792,4,4,4,276,1,1586.52,0,34.13
1063,1,68,3,914,5,0.845,7,9,7,250,1,1402.14,0,20.78
1064,1,68,3,379,14,0.566,9,7,9,156,1,1292.18,0,25.9
1065,1,68,3,1675,15,0.817,8,6,14,250,1,1579.15,0,33.5
1066,1,68,3,1246,17,0.633,2,5,11,250,1,1119.4,0,33.85
1067,1,68,3,1656,21,0.816,7,9,9,840,1,775.16,0,49.22
1068,1,68,3,288,7,0.708,7,6,10,250,1,1786.89,0,37.36
1069,1,68,3,1573,21,0.591,8,6,6,826,1,1696.22,0,45.07
1070,1,68,3,685,23,0.583,7,9,12,276,1,900.42,0,46.85
1071,1,68,3,1721,16,0.611,6,4,7,276,1,411.68,0,27.44
1072,1,68,3,520,10,0.702,9,5,10,250,1,637.74,0,36.38
1073,1,68,3,898,8,0.628,5,8,6,840,1,1502.72,0,24.47
1074,1,68,3,968,9,0.588,2,8,14,250,1,858.06,0,48.41
1075,1,68,3,1796,16,0.663,8,3,10,840,1,607.93,0,47.06
1076,1,68,3,1642,13,0.738,8,9,14,826,1,1362.53,0,20.47
1077,1,68,3,1811,21,0.594,4,4,10,250,1,434.14,0,31.72
1078,1,68,3,1458,14,0.551,5,7,9,156,1,1353.98,0,41.05
1079,1,68,3,863,15,0.555,2,4,12,156,1,1593.41,0,25.3
1080,1,68,3,1726,11,0.596,4,3,11,250,1,1852.14,0,44.98
1081,1,68,3,977,20,0.617,9,8,14,840,1,600.02,0,27.08
1082,1,68,3,434,20,0.733,2,6,8,156,1,1069.56,0,38.92
1083,1,68,3,1096,20,0.757,4,8,12,276,1,845.19,0,22.12
1084,1,68,3,208,22,0.852,6,3,13,840,1,1148.69,0,43.95
1085,1,68,3,906,11,0.587,2,4,6,826,1,1096.31,0,34.15
1086,1,68,3,1022,14,0.632,8,7,14,276,1,621.36,0,29.52
1087,1,68,3,929,20,0.78,8,9,9,276,1,1107.42,0,43.84
1088,1,69,3,1433,20,0.754,9,7,6,156,1,1559.52,0,29.05
1089,1,69,3,302,21,0.766,6,5,7,826,1,1623.57,0,46.35
1090,1,69,3,866,23,0.518,5,4,6,276,1,432.73,0,44.32
1091,1,69,3,725,20,0.728,7,4,5,826,1,1710.85,0,22.83
1092,1,69,3,293,14,0.539,2,5,9,840,1,1641.49,0,35.67
1093,1,69,3,1109,19,0.663,6,5,12,826,1,535.62,0,45.79
1094,1,69,3,1598,8,0.733,6,8,7,250,1,1560.61,0,38.1
1095,1,69,3,1245,24,0.843,6,4,8,826,1,1168.32,0,47.78
1096,1,69,3,982,21,0.879,2,4,5,250,1,1545.13,0,37.61
1097,1,69,3,748,7,0.622,8,8,13,276,1,1775.31,0,48.47
1098,1,69,3,1529,12,0.71,5,6,7,840,1,1698.79,0,47.39
1099,1,69,3,1290,16,0.895,8,3,8,276,1,1934.38,0,30.44
1100,1,69,3,1422,11,0.554,2,9,6,826,1,1443.72,0,41.69
1101,1,69,3,1882,11,0.753,4,5,11,840,1,1586.22,0,37.68
1102,1,69,3,449,6,0.731,4,9,5,840,1,830.8,0,38.78
1103,1,69,3,1448,23,0.815,4,4,14,156,1,1347.63,0,34.59
1104,1,69,3,622,16,0.861,3,5,4,156,1,1678.32,0,20.04
1105,1,69,3,1994,22,0.748,4,3,6,826,1,1106.38,0,43.81
1106,1,69,3,1492,23,0.8,7,3,14,250,1,1653.4,0,38.11
1107,1,69,3,828,19,0.844,4,8,11,840,1,610.39,0,23.21
1108,1,70,3,421,10,0.631,2,7,5,276,1,571.19,0,39.06
1109,1,70,3,1459,10,0.875,4,9,9,826,1,1366.0,0,26.43
1110,1,70,3,1836,13,0.893,8,4,12,156,1,1879.46,0,46.58
1111,1,70,3,318,8,0.591,5,3,4,826,1,669.85,0,41.44
1112,1,70,3,210,23,0.592,6,4,11,276,1,1138.74,0,31.57
1113,1,70,3,1387,13,0.546,5,3,5,276,1,696.47,0,45.04
1114,1,71,3,1626,11,0.631,4,7,12,826,1,1357.7,0,22.05
1115,1,71,3,1809,12,0.864,3,5,5,250,1,1079.57,0,27.03
1116,1,71,3,1034,6,0.681,2,5,12,276,1,466.72,0,28.87
1117,1,71,3,1623,15,0.867,3,3,4,840,1,809.01,0,42.53
1118,1,71,3,1175,6,0.875,8,8,9,276,1,720.64,0,21.21
1119,1,71,3,610,22,0.716,4,6,14,840,1,1702.67,0,32.37
1120,1,71,3,1851,23,0.607,4,9,14,156,1,1870.2,0,48.06
1121,1,71,3,559,23,0.61,7,8,13,840,1,600.37,0,26.78
1122,1,71,3,757,14,0.554,4,5,12,840,1,1646.03,0,48.59
1123,1,71,3,1067,12,0.815,3,9,6,156,1,1667.7,0,24.58
1124,1,71,3,1315,7,0.853,4,9,13,826,1,694.16,0,32.03
1125,1,71,3,835,13,0.739,9,7,14,250,1,667.2,0,22.7
1126,1,71,3,454,15,0.54,6,9,11,156,1,1183.08,0,39.91
1127,1,71,3,220,10,0.705,4,5,11,250,1,521.95,0,33.76
1128,1,71,3,1773,10,0.612,6,3,14,840,1,1853.09,0,40.86
1129,1,71,3,1884,12,0.538,3,7,4,826,1,513.62,0,30.62
1130,1,71,3,1415,21,0.867,4,8,7,250,1,1854.1,0,26.06
1131,1,72,3,1988,22,0.722,8,9,9,250,1,1361.39,0,30.18
1132,1,72,3,1577,6,0.504,9,4,10,276,1,1804.2,0,26.49
1133,1,72,3,1410,5,0.86,2,6,7,826,1,1222.05,0,47.36
1134,1,72,3,216,6,0.799,9,4,10,840,1,937.02,0,49.9
1135,1,72,3,334,10,0.597,8,8,6,276,1,629.42,0,38.66
1136,1,72,3,508,7,0.662,2,4,13,276,1,1321.73,0,48.02
1137,1,72,3,1411,11,0.826,2,8,10,826,1,1801.74,0,36.27
1138,1,72,3,1588,15,0.775,3,9,4,840,1,426.3,0,41.16
1139,1,72,3,1863,24,0.812,3,6,10,156,1,1780.27,0,37.48
1140,1,72,3,466,19,0.69,9,9,12,156,1,1138.48,0,22.7
1141,1,72,3,303,10,0.668,5,6,7,840,1,1175.96,0,23.03
1142,1,72,3,529,11,0.666,6,8,11,276,1,1895.43,0,25.08
1143,1,72,3,891,14,0.541,7,8,8,826,1,1982.05,0,35.54
1144,1,72,3,1774,5,0.716,3,7,13,250,1,1261.66,0,40.09
1145,1,72,3,655,17,0.845,5,5,11,250,1,1017.19,0,36.42
1146,1,72,3,1393,19,0.875,5,3,8,840,1,1790.34,0,29.98
1147,1,72,3,1188,5,0.541,8,5,9,250,1,1247.07,0,42.83
1148,1,72,3,389,17,0.6,6,9,13,826,1,1814.72,0,42.43
1149,1,72,3,294,6,0.605,2,9,9,250,1,568.56,0,30.45
1150,1,73,3,871,11,0.651,3,3,10,156,1,1142.34,0,37.19
1151,1,73,3,225,11,0.622,3,3,14,276,1,769.93,0,42.6
1152,1,73,3,580,13,0.728,9,6,7,840,1,622.1,0,24.56
1153,1,73,3,969,5,0.665,9,4,9,156,1,1450.16,0,26.22
1154,1,73,3,1457,24,0.844,8,5,7,156,1,666.21,0,29.14
1155,1,73,3,253,11,0.559,4,4,13,276,1,1368.46,0,27.62
1156,1,73,3,1444,17,0.59,5,8,8,840,1,981.42,0,42.17
1157,1,73,3,424,6,0.753,6,4,14,156,1,1792.03,0,30.75
1158,1,73,3,910,15,0.558,6,3,4,250,1,617.04,0,33.17
1159,1,73,3,668,14,0.789,6,4,11,840,1,1929.87,0,25.91
1160,1,73,3,1292,14,0.628,2,4,5,826,1,745.61,0,38.81
1161,1,73,3,869,16,0.703,7,5,12,826,1,1840.87,0,47.78
1162,1,73,3,1873,13,0.791,2,7,4,250,1,521.63,0,44.89
1163,1,73,3,1351,10,0.823,2,5,13,276,1,1237.55,0,34.75
1164,1,73,3,734,16,0.712,7,9,10,250,1,1454.08,0,49.09
1165,1,73,3,510,13,0.802,3,4,7,826,1,987.56,0,31.03
1166,1,73,3,1441,5,0.537,2,4,11,156,1,1769.72,0,29.33
1167,1,73,3,509,12,0.686,6,3,11,840,1,869.57,0,28.21
1168,1,73,3,1705,19,0.553,7,9,5,156,1,1927.35,0,28.56
1169,1,73,3,1726,20,0.779,3,4,12,826,1,1946.49,0,49.64
1170,1,73,3,888,5,0.81,2,9,13,250,1,1903.42,0,36.44
1171,1,73,3,1100,12,0.678,5,8,6,276,1,915.66,0,20.46
1172,1,73,3,1553,18,0.587,9,4,5,826,1,960.65,0,46.28
1173,1,73,3,447,15,0.682,2,6,9,250,1,1511.43,0,48.37
1174,1,73,3,1696,16,0.739,2,9,14,156,1,597.32,0,38.23
1175,1,73,3,1566,16,0.548,6,4,9,250,1,1982.05,0,40.82
1176,1,73,3,1345,8,0.511,9,7,7,276,1,1056.19,0,32.9
1177,1,73,3,792,7,0.898,7,9,5,826,1,1116.07,0,22.55
1178,1,74,3,803,20,0.712,3,8,11,840,1,478.26,0,42.58
1179,1,74,3,1356,20,0.67,4,4,9,156,1,1020.9,0,22.09
1180,1,74,3,903,21,0.637,7,7,9,826,1,1785.3,0,47.63
1181,1,74,3,1135,24,0.668,8,9,8,826,1,1526.16,0,43.31
1182,1,74,3,1761,21,0.645,9,9,6,156,1,1335.78,0,34.0
1183,1,74,3,975,24,0.751,6,4,4,276,1,620.13,0,31.6
1184,1,74,3,1143,21,0.691,7,7,6,826,1,728.64,0,28.44
1185,1,74,3,900,16,0.582,3,3,14,826,1,514.68,0,25.92
1186,1,74,3,796,21,0.879,6,6,5,250,1,752.24,0,30.3
1187,1,74,3,937,22,0.503,6,9,5,156,1,1631.23,0,46.1
1188,1,74,3,1210,9,0.573,4,8,4,156,1,1226.92,0,44.06
1189,1,74,3,809,8,0.892,7,3,14,250,1,1748.41,0,20.63
1190,1,74,3,986,23,0.54,3,9,6,156,1,1312.99,0,32.99
1191,1,74,3,889,8,0.692,8,3,10,826,1,526.51,0,43.51
1192,1,74,3,623,10,0.539,2,5,11,826,1,454.46,0,20.69
1193,1,74,3,1781,5,0.747,7,3,9,276,1,672.19,0,47.18
1194,1,74,3,1812,23,0.641,9,5,5,276,1,703.95,0,27.98
1195,1,74,3,464,9,0.813,8,4,4,276,1,1769.93,0,46.98
1196,1,74,3,1408,13,0.738,3,9,13,826,1,509.1,0,30.03
1197,1,74,3,634,7,0.614,9,4,6,840,1,1466.35,0,36.35
1198,1,74,3,502,21,0.573,8,7,11,250,1,1808.09,0,28.07
1199,1,74,3,259,18,0.553,3,5,12,276,1,1575.57,0,27.04
1200,1,74,3,1238,8,0.8,8,7,10,156,1,1808.45,0,20.3
1201,1,74,3,1819,11,0.703,2,8,12,826,1,1346.16,0,47.35
1202,1,74,3,299,19,0.547,3,3,8,840,1,1297.86,0,32.25
1203,1,74,3,1196,24,0.693,7,6,7,156,1,580.89,0,37.92
1204,1,74,3,639,7,0.631,9,7,7,276,1,1783.65,0,24.9
1205,1,74,3,848,6,0.686,4,3,6,276,1,1696.8,0,22.93
1206,1,74,3,1564,6,0.785,9,7,8,826,1,1459.0,0,42.37
1207,1,75,3,922,19,0.858,7,7,13,250,1,1407.18,0,35.98
1208,1,75,3,1264,22,0.64,4,4,6,826,1,1739.78,0,26.33
1209,1,75,3,754,6,0.531,7,4,10,826,1,550.02,0,27.59
1210,1,75,3,1065,6,0.843,8,7,8,840,1,731.66,0,26.85
1211,1,75,3,1094,20,0.85,8,6,5,826,1,640.15,0,33.37
1212,1,75,3,956,14,0.872,4,5,14,276,1,1386.24,0,24.37
1213,1,75,3,1394,19,0.771,4,3,5,840,1,450.31,0,23.37
1214,1,75,3,308,9,0.896,6,9,14,156,1,1966.83,0,42.64
1215,1,75,3,1749,10,0.841,6,3,9,276,1,1143.45,0,38.02
1216,1,75,3,523,18,0.676,2,5,12,250,1,423.95,0,37.75
1217,1,76,3,1445,14,0.625,7,7,10,826,1,566.2,0,44.22
1218,1,76,3,801,13,0.722,2,6,8,276,1,1957.66,0,45.66
1219,1,76,3,1375,7,0.87,6,4,7,826,1,1700.07,0,42.22
1220,1,76,3,349,22,0.525,9,7,12,826,1,1634.87,0,40.46
1221,1,76,3,637,17,0.663,7,5,13,826,1,847.26,0,21.08
1222,1,76,3,1193,14,0.845,2,8,4,826,1,1243.77,0,27.04
1223,1,76,3,1593,19,0.526,4,4,5,156,1,1826.26,0,36.03
1224,1,76,3,1136,9,0.545,4,8,6,276,1,1178.69,0,42.86
1225,1,76,3,1878,17,0.56,2,7,4,156,1,953.85,0,22.37
1226,1,76,3,732,14,0.819,2,4,5,156,1,1060.18,0,33.64
1227,1,76,3,1456,19,0.568,9,3,9,156,1,920.96,0,29.55
1228,1,76,3,1769,5,0.586,2,9,4,276,1,525.67,0,28.79
1229,1,76,3,1984,9,0.655,6,6,10,840,1,1855.43,0,20.07
1230,1,76,3,1144,19,0.577,7,3,7,276,1,1587.21,0,34.93
1231,1,76,3,909,8,0.883,3,7,13,826,1,1317.89,0,49.49
1232,1,76,3,427,15,0.501,8,8,9,840,1,1890.08,0,45.82
1233,1,76,3,754,7,0.896,5,4,10,826,1,1169.35,0,35.64
1234,1,76,3,754,8,0.664,3,7,7,250,1,961.29,0,40.08
1235,1,77,3,749,7,0.61,5,9,11,250,1,1048.4,0,24.04
1236,1,77,3,327,21,0.592,8,7,4,156,1,1405.51,0,31.02
1237,1,77,3,1029,18,0.568,4,8,12,156,1,1647.86,0,22.33
1238,1,77,3,1304,15,0.744,4,7,5,276,1,1630.82,0,47.18
1239,1,77,3,1066,10,0.563,5,6,10,156,1,1005.23,0,38.99
1240,1,77,3,677,10,0.759,7,9,6,840,1,1236.41,0,29.16
1241,1,77,3,1934,23,0.702,5,3,8,826,1,984.91,0,30.6
1242,1,77,3,1629,24,0.89,3,5,12,840,1,1545.27,0,27.56
1243,1,77,3,764,6,0.887,5,7,9,250,1,1649.71,0,26.54
1244,1,77,3,1621,19,0.719,9,3,5,840,1,635.9,0,44.31
1245,1,77,3,582,24,0.757,3,8,8,826,1,1688.71,0,31.72
1246,1,77,3,299,22,0.768,6,3,8,250,1,508.49,0,24.48
1247,1,77,3,915,10,0.815,6,8,14,276,1,599.07,0,33.96
1248,1,77,3,665,10,0.779,2,7,8,826,1,1773.07,0,27.58
1249,1,77,3,453,6,0.717,5,3,10,826,1,1309.46,0,21.79
1250,1,77,3,1260,20,0.768,2,3,12,250,1,1289.7,0,25.65
1251,1,77,3,1925,5,0.588,9,5,7,826,1,1001.28,0,20.61
1252,1,77,3,835,14,0.584,4,3,12,156,1,1953.54,0,49.72
1253,1,77,3,548,6,0.66,4,6,12,826,1,877.61,0,46.19
1254,1,77,3,942,13,0.788,4,4,10,840,1,1846.46,0,41.0
1255,1,77,3,1068,22,0.734,3,5,12,250,1,1441.07,0,42.59
1256,1,77,3,643,23,0.612,7,9,12,826,1,692.67,0,28.41
1257,1,78,3,1235,22,0.563,2,8,9,826,1,1268.45,0,25.53
1258,1,78,3,623,5,0.815,3,9,5,276,1,1657.71,0,28.29
1259,1,78,3,1160,8,0.899,3,8,13,250,1,1644.9,0,29.69
1260,1,78,3,484,16,0.509,4,9,7,276,1,1727.58,0,25.41
1261,1,78,3,1261,5,0.892,5,8,9,250,1,1981.11,0,33.32
1262,1,78,3,676,10,0.54,5,6,9,156,1,476.21,0,46.9
1263,1,78,3,1699,20,0.839,3,7,13,276,1,1653.65,0,21.18
1264,1,78,3,1809,16,0.899,3,3,4,840,1,751.44,0,48.13
1265,1,78,3,1991,11,0.753,6,8,11,826,1,1294.6,0,39.04
1266,1,78,3,974,5,0.71,3,8,4,840,1,1907.36,0,45.29
1267,1,79,3,1250,6,0.614,8,4,5,276,1,1628.68,0,33.44
1268,1,79,3,1472,18,0.604,5,4,5,250,1,1712.5,0,38.4
1269,1,79,3,1692,17,0.72,6,3,8,826,1,691.04,0,23.25
1270,1,79,3,321,11,0.72,3,4,8,276,1,1891.57,0,34.54
1271,1,79,3,1997,17,0.806,3,9,12,826,1,962.53,0,41.64
1272,1,79,3,581,8,0.668,6,5,8,276,1,1353.54,0,43.05
1273,1,79,3,243,11,0.691,8,8,4,156,1,452.95,0,22.32
1274,1,79,3,1620,23,0.629,3,4,13,840,1,1196.51,0,47.74
1275,1,79,3,313,19,0.79,6,5,9,276,1,1592.91,0,41.66
1276,1,79,3,913,6,0.53,3,5,12,826,1,794.82,0,37.56
1277,1,79,3,1139,19,0.73,4,7,4,840,1,1799.55,0,30.46
1278,1,79,3,1289,20,0.638,2,8,6,826,1,995.24,0,40.42
1279,1,79,3,1373,6,0.864,3,3,9,840,1,1603.36,0,46.81
1280,1,79,3,1114,10,0.753,7,8,4,276,1,1911.27,0,24.85
1281,1,79,3,726,12,0.866,9,7,13,840,1,1236.3,0,30.98
1282,1,79,3,949,14,0.832,7,9,5,826,1,541.18,0,30.13
1283,1,79,3,796,22,0.604,7,6,9,250,1,1981.88,0,45.5
1284,1,79,3,693,14,0.877,4,9,7,840,1,845.55,0,28.98
1285,1,79,3,1779,19,0.751,7,8,9,250,1,1821.13,0,23.27
1286,1,79,3,756,15,0.755,5,3,4,840,1,531.86,0,37.85
1287,1,79,3,1431,22,0.858,9,3,14,276,1,794.66,0,36.35
1288,1,79,3,516,15,0.747,8,3,7,250,1,554.88,0,31.89
1289,1,79,3,1656,24,0.7,6,4,5,826,1,1885.99,0,27.87
1290,1,79,3,1240,15,0.642,8,3,4,840,1,1246.13,0,47.57
1291,1,79,3,948,16,0.669,4,4,13,156,1,1215.85,0,20.43
1292,1,79,3,1741,13,0.713,9,3,9,840,1,1174.49,0,32.28
1293,1,79,3,1702,18,0.502,2,4,8,840,1,1945.19,0,44.09
1294,1,79,3,1710,6,0.682,8,4,12,840,1,1230.68,0,30.94
1295,0,-1,0,709,4,0.0,0,2,2,156,0,314.51,0,2.06
1296,0,-1,0,1087,8,0.25,0,1,2,392,1,452.35,0,2.69
1297,0,-1,0,1461,1,0.0,0,1,3,410,0,1003.03,0,0.25
1298,0,-1,0,1013,3,0.0,0,4,4,356,0,753.58,0,1.08
1299,0,-1,0,209,2,0.5,0,1,3,528,0,399.51,0,3.49
1300,0,-1,0,338,2,0.0,0,2,3,724,0,459.4,0,2.16
1301,0,-1,0,371,2,0.5,0,2,2,840,1,284.34,0,1.97
1302,0,-1,0,1477,3,0.0,0,1,3,380,1,136.76,0,0.74
1303,0,-1,0,144,2,0.5,0,1,1,380,0,463.64,0,5.07
1304,0,-1,0,1291,3,0.0,0,1,2,826,1,429.08,0,0.85
1305,0,-1,0,2,3,0.0,0,1,1,840,1,309.98,0,50
1306,0,-1,0,1673,3,0.0,0,2,4,276,1,1112.66,0,0.65
1307,0,-1,0,385,1,0.0,0,1,1,76,1,422.07,0,0.95
1308,0,-1,0,1131,2,0.0,0,4,6,410,0,2974.57,0,0.65
1309,0,-1,0,25,1,0.0,0,2,2,156,0,766.21,0,14.6
1310,0,-1,0,1440,2,0.0,0,2,3,724,0,166.63,0,0.51
1311,0,-1,0,56,3,0.0,0,1,3,724,1,482.41,0,19.55
1312,0,-1,0,1836,4,0.5,0,1,1,156,1,99.93,0,0.8
1313,0,-1,0,1925,3,0.333,0,1,1,276,0,602.38,0,0.57
1314,0,-1,0,1869,2,0.0,0,2,3,410,1,2000.31,0,0.39
1315,0,-1,0,1455,3,0.333,0,1,3,392,1,169.86,0,0.75
1316,0,-1,0,1118,7,0.143,0,1,2,410,1,328.98,0,2.29
1317,0,-1,0,646,1,0.0,0,3,5,528,0,95.79,0,0.57
1318,0,-1,0,1727,4,0.0,0,1,3,250,0,610.95,0,0.85
1319,0,-1,0,255,10,0.1,0,1,2,840,1,194.79,0,14.31
1320,0,-1,0,640,1,0.0,0,1,3,276,1,914.9,0,0.57
1321,0,-1,0,1412,6,0.0,0,1,2,840,1,568.47,0,1.55
1322,0,-1,0,2,3,0.667,0,1,1,250,0,539.28,0,50
1323,0,-1,0,722,1,0.0,0,1,3,36,0,1258.26,0,0.51
1324,0,-1,0,1788,1,0.0,0,1,3,124,1,436.05,0,0.2
1325,0,-1,0,127,2,0.5,0,1,1,484,1,1522.2,0,5.75
1326,0,-1,0,23,1,0.0,0,1,1,826,1,135.19,0,15.87
1327,0,-1,0,320,4,0.0,0,2,3,156,0,1820.44,0,4.56
1328,0,-1,0,103,4,0.25,0,1,1,276,0,2178.69,0,14.17
1329,0,-1,0,43,1,0.0,0,1,1,392,0,1668.73,0,8.49
1330,0,-1,0,758,2,0.0,0,1,2,156,1,297.23,0,0.96
1331,0,-1,0,26,3,0.0,0,2,3,156,1,480.66,0,42.12
1332,0,-1,0,170,3,0.333,0,4,5,156,1,384.91,0,6.44
1333,0,-1,0,1334,1,0.0,0,3,4,840,1,635.19,0,0.27
1334,0,-1,0,78,1,0.0,0,1,3,250,1,324.6,0,4.68
1335,0,-1,0,752,1,0.0,0,1,2,76,1,1303.58,0,0.49
1336,0,-1,0,148,2,0.0,0,1,3,410,0,1092.92,0,4.93
1337,0,-1,0,1836,2,0.0,0,1,1,76,0,793.9,0,0.4
1338,0,-1,0,1217,3,0.0,0,1,1,156,1,154.02,0,0.9
1339,0,-1,0,1197,2,0.0,0,1,2,528,1,363.06,0,0.61
1340,0,-1,0,19,1,1.0,0,1,1,724,0,525.68,0,19.21
1341,0,-1,0,1427,1,0.0,0,3,3,156,1,427.67,0,0.26
1342,0,-1,0,244,1,1.0,0,1,3,724,1,374.36,0,1.5
1343,0,-1,0,775,1,0.0,0,1,1,392,0,948.9,0,0.47
1344,0,-1,0,6,4,0.5,0,2,4,724,1,679.75,0,50
1345,0,-1,0,25,4,0.5,0,3,3,840,1,799.74,0,50
1346,0,-1,0,560,6,0.5,0,1,3,36,0,578.8,0,3.91
1347,0,-1,0,1667,3,0.333,0,1,2,156,1,797.31,0,0.66
1348,0,-1,0,1219,1,0.0,0,3,4,528,0,449.81,0,0.3
1349,0,-1,0,1,2,0.0,0,1,3,840,0,290.46,0,50
1350,0,-1,0,1696,3,0.333,0,1,1,840,1,2490.49,0,0.65
1351,0,-1,0,1009,1,0.0,0,2,4,840,1,1341.07,0,0.36
1352,0,-1,0,7,4,0.25,0,1,1,250,1,156.07,0,50
1353,0,-1,0,1107,2,0.0,0,1,1,840,0,185.05,0,0.66
1354,0,-1,0,51,1,0.0,0,2,2,826,0,89.14,0,7.16
1355,0,-1,0,1233,1,1.0,0,1,2,276,1,523.26,0,0.3
1356,0,-1,0,1974,1,1.0,0,1,2,276,0,592.49,0,0.18
1357,0,-1,0,1792,3,0.0,0,1,2,250,0,275.19,0,0.61
1358,0,-1,0,836,5,0.2,0,1,3,36,0,734.24,0,2.18
1359,0,-1,0,10,2,0.5,0,1,2,724,1,356.51,0,50
1360,0,-1,0,1646,1,0.0,0,1,1,840,1,455.08,0,0.22
1361,0,-1,0,359,3,0.0,0,1,1,840,0,141.06,0,3.05
1362,0,-1,0,519,2,0.0,0,3,3,276,0,227.47,0,1.41
1363,0,-1,0,1909,1,0.0,0,2,2,840,1,277.67,0,0.19
1364,0,-1,0,2,7,0.571,0,2,2,36,1,663.26,0,50
1365,0,-1,0,181,2,0.0,0,1,1,156,1,331.42,0,4.03
1366,0,-1,0,1928,2,0.0,0,1,1,276,0,473.09,0,0.38
1367,0,-1,0,460,1,0.0,0,1,3,156,1,595.09,0,0.79
1368,0,-1,0,449,3,0.333,0,1,2,826,0,293.76,0,2.44
1369,0,-1,0,765,1,0.0,0,3,3,250,0,357.05,0,0.48
1370,0,-1,0,1753,2,0.0,0,2,3,250,0,1023.79,0,0.42
1371,0,-1,0,20,4,0.0,0,2,2,156,0,566.42,0,50
1372,0,-1,0,1998,2,0.0,0,3,5,36,0,414.69,0,0.37
1373,0,-1,0,1942,2,0.0,0,4,5,276,1,304.48,0,0.38
1374,0,-1,0,15,2,0.0,0,1,2,124,0,982.38,0,48.67
1375,0,-1,0,23,1,0.0,0,1,2,156,1,334.75,0,15.87
1376,0,-1,0,134,1,0.0,0,1,3,124,0,407.71,0,2.72
1377,0,-1,0,380,4,0.0,0,1,1,484,1,308.9,0,3.84
1378,0,-1,0,1300,1,0.0,0,1,2,356,1,148.51,0,0.28
1379,0,-1,0,1556,3,0.0,0,1,1,156,0,307.33,0,0.7
1380,0,-1,0,873,2,0.0,0,2,4,156,1,308.65,0,0.84
1381,0,-1,0,599,4,0.5,0,1,3,250,1,955.35,0,2.44
1382,0,-1,0,1958,3,0.333,0,3,3,410,1,222.78,0,0.56
1383,0,-1,0,581,3,0.667,0,1,2,410,1,768.71,0,1.88
1384,0,-1,0,1465,1,0.0,0,1,3,36,1,692.87,0,0.25
1385,0,-1,0,562,1,0.0,0,1,1,276,0,578.31,0,0.65
1386,0,-1,0,1176,1,0.0,0,4,5,840,1,1321.74,0,0.31
1387,0,-1,0,412,1,0.0,0,1,3,156,1,929.04,0,0.89
1388,0,-1,0,949,4,0.0,0,2,4,840,0,183.36,0,1.54
1389,0,-1,0,22,4,0.25,0,2,4,156,0,393.96,0,50
1390,0,-1,0,1476,4,0.25,0,1,2,392,1,608.14,0,0.99
1391,0,-1,0,76,11,0.182,0,2,2,840,1,1222.95,0,50
1392,0,-1,0,1825,4,0.25,0,1,1,76,0,1154.69,0,0.8
1393,0,-1,0,1689,1,0.0,0,1,3,840,1,311.54,0,0.22
1394,0,-1,0,1462,3,0.333,0,1,2,840,0,1984.13,0,0.75
1395,0,-1,0,1645,2,0.5,0,1,1,156,1,973.23,0,0.44
1396,0,-1,0,505,5,0.4,0,2,2,250,0,586.06,0,3.61
1397,0,-1,0,544,1,0.0,0,1,2,840,0,213.4,0,0.67
1398,0,-1,0,1420,4,0.0,0,1,3,276,1,788.46,0,1.03
1399,0,-1,0,1460,1,0.0,0,1,3,250,1,159.34,0,0.25
1400,0,-1,0,102,1,0.0,0,1,1,840,0,505.9,0,3.58
1401,0,-1,0,791,5,0.2,0,4,5,410,1,1007.67,0,2.31
1402,0,-1,0,13,2,0.0,0,1,3,156,1,304.13,0,50
1403,0,-1,0,453,6,0.0,0,1,1,840,1,523.39,0,4.83
1404,0,-1,0,540,1,0.0,0,2,3,392,0,334.97,0,0.68
1405,0,-1,0,1378,8,0.125,0,2,3,124,1,773.95,0,2.12
1406,0,-1,0,464,2,0.0,0,2,2,156,1,1046.37,0,1.57
1407,0,-1,0,7,1,0.0,0,1,3,528,0,594.34,0,50
1408,0,-1,0,467,5,0.4,0,3,4,156,1,357.29,0,3.91
1409,0,-1,0,589,3,0.0,0,1,3,276,0,842.34,0,1.86
1410,0,-1,0,168,2,0.0,0,4,6,356,0,623.88,0,4.35
1411,0,-1,0,109,1,0.0,0,2,3,156,1,566.21,0,3.35
1412,0,-1,0,28,6,0.0,0,1,1,380,0,395.88,0,50
1413,0,-1,0,800,2,0.5,0,1,2,484,1,1034.28,0,0.91
1414,0,-1,0,705,1,0.0,0,4,5,156,1,542.37,0,0.52
1415,0,-1,0,667,4,0.0,0,1,1,156,1,563.98,0,2.19
1416,0,-1,0,1655,1,0.0,0,1,1,276,1,719.54,0,0.22
1417,0,-1,0,675,1,0.0,0,1,3,276,1,172.85,0,0.54
1418,0,-1,0,1729,1,1.0,0,2,4,36,0,781.72,0,0.21
1419,0,-1,0,1472,3,0.0,0,2,4,76,0,265.59,0,0.74
1420,0,-1,0,10,4,0.25,0,1,3,156,1,100.19,0,50
1421,0,-1,0,1153,1,0.0,0,1,3,356,0,972.45,0,0.32
1422,0,-1,0,1539,2,1.0,0,2,4,156,0,637.08,0,0.47
1423,0,-1,0,1685,1,0.0,0,1,1,840,1,221.56,0,0.22
1424,0,-1,0,1106,7,0.143,0,1,3,840,1,72.99,0,2.31
1425,0,-1,0,1303,4,0.25,0,1,1,528,1,947.43,0,1.12
1426,0,-1,0,23,3,0.333,0,1,1,840,1,406.65,0,47.61
1427,0,-1,0,519,1,0.0,0,1,1,156,1,385.79,0,0.7
1428,0,-1,0,99,6,0.0,0,1,1,124,1,671.49,0,22.12
1429,0,-1,0,556,2,0.0,0,1,3,276,1,1233.73,0,1.31
1430,0,-1,0,3,6,0.0,0,2,4,156,1,399.51,0,50
1431,0,-1,0,1832,4,0.5,0,2,4,484,1,833.4,0,0.8
1432,0,-1,0,316,1,0.0,0,1,3,276,1,477.22,0,1.16
1433,0,-1,0,358,3,0.333,0,2,3,840,1,299.91,0,3.06
1434,0,-1,0,929,3,0.333,0,1,2,392,1,371.64,0,1.18
1435,0,-1,0,16,5,0.6,0,1,3,840,1,146.4,0,50
1436,0,-1,0,374,1,0.0,0,1,2,156,0,444.37,0,0.98
1437,0,-1,0,143,1,0.0,0,4,4,156,0,272.56,0,2.55
1438,0,-1,0,14,1,0.0,0,4,4,276,1,314.36,0,26.07
1439,0,-1,0,1511,1,0.0,0,1,2,276,1,238.47,0,0.24
1440,0,-1,0,192,1,0.0,0,1,1,250,1,80.39,0,1.9
1441,0,-1,0,1960,3,0.333,0,1,2,276,0,626.4,0,0.56
1442,0,-1,0,1222,1,0.0,0,2,4,392,0,269.13,0,0.3
1443,0,-1,0,583,1,0.0,0,1,3,124,0,231.27,0,0.63
1444,0,-1,0,1266,4,0.0,0,1,1,250,1,588.16,0,1.15
1445,0,-1,0,1862,3,0.333,0,1,3,156,1,186.47,0,0.59
1446,0,-1,0,22,1,0.0,0,1,1,36,0,321.37,0,16.59
1447,0,-1,0,1520,3,0.333,0,2,4,826,0,140.28,0,0.72
1448,0,-1,0,716,7,0.0,0,1,2,840,1,320.54,0,3.57
1449,0,-1,0,1509,6,0.167,0,2,3,156,1,1242.84,0,1.45
1450,0,-1,0,596,1,1.0,0,2,4,36,1,233.51,0,0.61
1451,0,-1,0,651,2,0.0,0,1,2,484,1,250.97,0,1.12
1452,0,-1,0,1729,5,0.2,0,1,1,840,1,188.04,0,1.06
1453,0,-1,0,704,2,0.5,0,2,2,724,0,551.81,0,1.04
1454,0,-1,0,1475,2,1.0,0,1,1,276,1,567.05,0,0.49
1455,0,-1,0,3,5,0.0,0,4,4,392,1,667.84,0,50
1456,0,-1,0,467,3,0.0,0,1,3,840,0,267.88,0,2.34
1457,0,-1,0,24,1,0.0,0,1,2,840,1,1314.4,0,15.21
1458,0,-1,0,14,2,0.0,0,2,4,840,1,447.24,0,50
1459,0,-1,0,22,3,0.333,0,1,2,276,0,608.42,0,49.77
1460,0,-1,0,1865,1,0.0,0,2,3,840,0,1344.07,0,0.2
1461,0,-1,0,2,2,0.5,0,2,2,276,0,275.63,0,50
1462,0,-1,0,1828,2,0.0,0,1,2,410,0,855.27,0,0.4
1463,0,-1,0,65,4,0.25,0,3,3,156,0,1139.91,0,22.46
1464,0,-1,0,14,4,0.5,0,1,2,724,0,432.03,0,50
1465,0,-1,0,14,5,0.2,0,3,5,276,1,307.9,0,50
1466,0,-1,0,733,5,0.2,0,2,4,840,0,712.22,0,2.49
1467,0,-1,0,479,1,0.0,0,2,2,392,1,416.58,0,0.76
1468,0,-1,0,1325,1,0.0,0,1,3,124,0,370.32,0,0.28
1469,0,-1,0,530,3,0.333,0,1,1,826,0,460.94,0,2.07
1470,0,-1,0,1731,2,0.5,0,2,4,826,1,730.69,0,0.42
1471,0,-1,0,508,8,0.0,0,1,3,276,1,838.29,0,5.75
1472,0,-1,0,120,2,0.0,0,1,3,156,1,308.5,0,6.08
1473,0,-1,0,454,2,0.5,0,1,1,410,0,781.02,0,1.61
1474,0,-1,0,266,2,0.5,0,4,4,156,1,611.65,0,2.74
1475,0,-1,0,239,1,0.0,0,1,2,410,0,344.7,0,1.53
1476,0,-1,0,325,2,0.0,0,2,4,276,1,302.18,0,2.25
1477,0,-1,0,1150,7,0.286,0,1,2,840,1,364.14,0,2.22
1478,0,-1,0,153,1,0.0,0,1,3,156,0,339.16,0,2.39
1479,0,-1,0,1208,4,0.25,0,2,2,840,0,182.52,0,1.21
1480,0,-1,0,1759,1,0.0,0,2,3,250,0,414.0,0,0.21
1481,0,-1,0,16,1,0.0,0,2,3,840,1,180.46,0,22.81
1482,0,-1,0,940,2,0.0,0,3,4,276,1,568.25,0,0.78
1483,0,-1,0,717,2,0.5,0,3,5,156,0,333.97,0,1.02
1484,0,-1,0,1894,1,1.0,0,1,1,156,1,93.32,0,0.19
1485,0,-1,0,1547,1,1.0,0,3,3,250,1,531.02,0,0.24
1486,0,-1,0,301,2,0.0,0,1,1,826,1,302.9,0,2.43
1487,0,-1,0,529,3,0.0,0,1,3,156,1,334.51,0,2.07
1488,0,-1,0,545,4,0.25,0,2,4,528,1,922.18,0,2.68
1489,0,-1,0,426,8,0.5,0,2,3,76,1,786.85,0,6.85
1490,0,-1,0,403,1,0.0,0,4,5,156,1,176.47,0,0.91
1491,0,-1,0,1806,4,0.0,0,1,2,840,1,309.06,0,0.81
1492,0,-1,0,8,1,0.0,0,1,1,528,0,562.09,0,45.62
1493,0,-1,0,1387,2,0.0,0,1,3,840,1,1056.19,0,0.53
1494,0,-1,0,1,2,0.0,0,1,3,840,0,215.86,0,50
1495,0,-1,0,21,7,0.143,0,1,3,410,1,314.79,0,50
1496,0,-1,0,308,4,0.0,0,3,3,840,1,618.37,0,4.74
1497,0,-1,0,1444,2,0.0,0,1,2,826,1,540.34,0,0.51
1498,0,-1,0,291,2,0.0,0,1,1,840,1,948.46,0,2.51
1499,0,-1,0,1892,6,0.167,0,1,2,124,1,278.83,0,1.16
1500,0,-1,0,351,9,0.444,0,1,2,156,1,607.46,0,9.36
1501,0,-1,0,287,3,1.0,0,3,3,840,1,886.91,0,3.82
1502,0,-1,0,8,1,0.0,0,2,3,840,0,516.64,0,45.62
1503,0,-1,0,8,4,0.0,0,4,6,156,1,706.25,0,50
1504,0,-1,0,449,5,0.0,0,1,2,724,1,291.67,0,4.06
1505,0,-1,0,1080,3,0.0,0,1,1,840,0,648.88,0,1.01
1506,0,-1,0,1381,3,0.0,0,2,3,826,1,265.5,0,0.79
1507,0,-1,0,1849,4,0.25,0,2,2,250,0,315.34,0,0.79
1508,0,-1,0,1904,7,0.143,0,1,3,840,1,167.17,0,1.34
1509,0,-1,0,647,3,0.333,0,1,3,156,0,702.67,0,1.69
1510,0,-1,0,18,1,0.0,0,1,1,250,1,54.24,0,20.28
1511,0,-1,0,313,6,0.167,0,2,4,380,0,189.19,0,7.0
1512,0,-1,0,207,2,0.0,0,1,2,484,1,1462.53,0,3.53
1513,0,-1,0,707,2,0.0,0,2,3,36,0,217.04,0,1.03
1514,0,-1,0,243,3,0.0,0,1,3,392,1,630.59,0,4.51
1515,0,-1,0,1275,1,0.0,0,3,3,840,1,411.65,0,0.29
1516,0,-1,0,1206,2,0.0,0,1,3,156,1,551.79,0,0.61
1517,0,-1,0,1218,2,0.0,0,2,4,826,1,293.98,0,0.6
1518,0,-1,0,572,9,0.0,0,1,1,156,1,500.06,0,5.74
1519,0,-1,0,1890,3,0.333,0,1,1,392,1,556.81,0,0.58
1520,0,-1,0,25,2,0.0,0,3,5,528,1,660.97,0,29.2
1521,0,-1,0,1190,1,0.0,0,1,1,840,1,731.78,0,0.31
1522,0,-1,0,55,1,0.0,0,1,1,156,1,437.97,0,6.64
1523,0,-1,0,863,3,0.667,0,1,2,840,0,318.06,0,1.27
1524,0,-1,0,18,3,0.333,0,3,4,250,0,258.12,0,50
1525,0,-1,0,1516,1,0.0,0,1,1,36,0,517.85,0,0.24
1526,0,-1,0,941,5,0.0,0,1,2,276,1,293.71,0,1.94
1527,0,-1,0,9,3,0.0,0,1,1,840,0,551.25,0,50
1528,0,-1,0,1470,3,0.333,0,2,2,36,1,275.71,0,0.74
1529,0,-1,0,3,3,0.333,0,1,1,840,1,543.88,0,50
1530,0,-1,0,638,1,1.0,0,1,1,826,1,565.53,0,0.57
1531,0,-1,0,188,1,0.0,0,1,1,724,1,904.87,0,1.94
1532,0,-1,0,473,1,0.0,0,3,5,250,1,157.92,0,0.77
1533,0,-1,0,1747,6,0.0,0,3,5,840,0,408.9,0,1.25
1534,0,-1,0,1366,1,1.0,0,1,2,528,1,291.18,0,0.27
1535,0,-1,0,580,2,0.0,0,2,2,840,1,146.97,0,1.26
1536,0,-1,0,5,1,0.0,0,1,2,36,1,2317.08,0,50
1537,0,-1,0,1,1,0.0,0,2,3,392,0,540.75,0,50
1538,0,-1,0,744,2,0.0,0,3,3,840,0,297.43,0,0.98
1539,0,-1,0,1881,7,0.286,0,2,3,484,1,751.52,0,1.36
1540,0,-1,0,761,1,0.0,0,1,3,826,1,630.37,0,0.48
1541,0,-1,0,1654,1,0.0,0,2,2,250,1,196.45,0,0.22
1542,0,-1,0,1379,2,0.5,0,2,3,840,0,333.38,0,0.53
1543,0,-1,0,898,1,0.0,0,1,2,356,0,1407.26,0,0.41
1544,0,-1,0,1577,2,0.0,0,1,3,826,1,596.16,0,0.46
1545,0,-1,0,1355,2,0.0,0,2,3,276,1,234.76,0,0.54
1546,0,-1,0,1154,1,0.0,0,1,2,156,1,440.64,0,0.32
1547,0,-1,0,67,1,0.0,0,2,2,276,0,198.72,0,5.45
1548,0,-1,0,1959,2,0.0,0,1,2,840,0,285.22,0,0.37
1549,0,-1,0,215,10,0.2,0,1,3,840,1,575.41,0,16.98
1550,0,-1,0,1047,4,0.0,0,3,5,36,1,526.52,0,1.39
1551,0,-1,0,840,4,0.5,0,3,5,156,0,250.22,0,1.74
1552,0,-1,0,889,1,1.0,0,3,3,826,1,167.8,0,0.41
1553,0,-1,0,628,5,0.0,0,4,4,840,1,428.2,0,2.91
1554,0,-1,0,291,1,0.0,0,1,1,276,1,856.96,0,1.25
1555,0,-1,0,1975,3,0.0,0,2,4,528,1,411.42,0,0.55
1556,0,-1,0,1130,3,0.333,0,1,3,250,0,366.71,0,0.97
1557,0,-1,0,1072,6,0.333,0,3,3,156,1,292.02,0,2.04
1558,0,-1,0,1043,6,0.333,0,1,2,840,1,345.49,0,2.1
1559,0,-1,0,1494,1,0.0,0,1,1,156,0,414.94,0,0.24
1560,0,-1,0,458,2,0.0,0,1,3,156,1,257.69,0,1.59
1561,0,-1,0,570,3,0.0,0,1,3,392,1,335.45,0,1.92
1562,0,-1,0,1332,1,0.0,0,2,2,528,1,393.32,0,0.27
1563,0,-1,0,187,3,0.333,0,2,3,840,0,911.63,0,5.86
1564,0,-1,0,1575,1,1.0,0,1,3,250,0,326.02,0,0.23
1565,0,-1,0,1676,3,0.333,0,1,3,840,1,399.13,0,0.65
1566,0,-1,0,1738,6,0.167,0,1,1,392,0,580.22,0,1.26
1567,0,-1,0,1174,1,0.0,0,1,3,124,0,351.0,0,0.31
1568,0,-1,0,1967,2,0.5,0,3,5,250,1,393.65,0,0.37
1569,0,-1,0,768,2,0.0,0,1,1,156,1,2470.84,0,0.95
1570,0,-1,0,1076,7,0.286,0,1,1,124,1,408.37,0,2.37
1571,0,-1,0,1793,1,1.0,0,4,6,156,1,3311.25,0,0.2
1572,0,-1,0,424,1,1.0,0,1,2,840,0,108.12,0,0.86
1573,0,-1,0,99,6,0.0,0,1,1,392,1,1508.31,0,22.12
1574,0,-1,0,1523,4,0.5,0,2,3,380,1,460.61,0,0.96
1575,0,-1,0,185,2,0.0,0,1,1,276,0,518.51,0,3.95
1576,0,-1,0,1093,4,0.0,0,1,2,840,0,191.62,0,1.34
1577,0,-1,0,346,4,0.25,0,2,4,276,1,1244.5,0,4.22
1578,0,-1,0,1190,4,0.0,0,1,2,840,1,531.25,0,1.23
1579,0,-1,0,26,2,0.0,0,2,2,36,1,172.39,0,28.08
1580,0,-1,0,1695,1,0.0,0,4,5,156,0,479.55,0,0.22
1581,0,-1,0,296,1,0.0,0,2,4,528,1,1222.0,0,1.23
1582,0,-1,0,1521,4,0.25,0,2,2,840,1,236.3,0,0.96
1583,0,-1,0,1782,1,0.0,0,1,2,392,1,184.33,0,0.2
1584,0,-1,0,1743,4,0.25,0,1,1,250,0,746.32,0,0.84
1585,0,-1,0,501,3,0.0,0,1,2,380,0,539.51,0,2.19
1586,0,-1,0,1262,3,0.0,0,1,1,250,0,1671.79,0,0.87
1587,0,-1,0,1724,6,0.167,0,2,3,840,1,2083.54,0,1.27
1588,0,-1,0,1105,2,0.0,0,1,3,410,1,393.6,0,0.66
1589,0,-1,0,855,1,0.0,0,2,4,36,0,504.04,0,0.43
1590,0,-1,0,29,5,0.4,0,1,3,250,1,414.76,0,50
1591,0,-1,0,1562,1,1.0,0,2,2,250,1,300.33,0,0.23
1592,0,-1,0,774,4,0.0,0,3,3,528,0,250.99,0,1.89
1593,0,-1,0,568,1,0.0,0,1,1,840,0,416.7,0,0.64
1594,0,-1,0,1040,1,0.0,0,1,2,276,0,498.08,0,0.35
1595,0,-1,0,196,3,0.667,0,1,2,250,1,194.24,0,5.59
1596,0,-1,0,1820,1,1.0,0,1,1,250,1,206.42,0,0.2
1597,0,-1,0,673,1,0.0,0,2,4,76,1,268.93,0,0.54
1598,0,-1,0,1585,9,0.0,0,3,3,276,1,382.04,0,2.07
1599,0,-1,0,1579,11,0.091,0,3,4,76,1,271.29,0,2.54
1600,0,-1,0,28,3,0.0,0,1,3,724,1,824.12,0,39.11
1601,0,-1,0,1565,4,0.5,0,2,4,724,1,360.87,0,0.93
1602,0,-1,0,934,3,0.0,0,2,4,156,0,117.34,0,1.17
1603,0,-1,0,589,1,0.0,0,1,2,156,1,184.18,0,0.62
1604,0,-1,0,20,5,0.2,0,4,5,156,1,653.6,0,50
1605,0,-1,0,25,1,0.0,0,1,3,36,1,2480.27,0,14.6
1606,0,-1,0,1181,3,0.333,0,2,2,826,0,88.16,0,0.93
1607,0,-1,0,32,5,0.0,0,1,1,250,0,143.38,0,50
1608,0,-1,0,1554,3,0.667,0,2,2,826,1,486.67,0,0.7
1609,0,-1,0,1810,2,0.0,0,1,2,380,0,283.21,0,0.4
1610,0,-1,0,1926,2,0.0,0,2,3,124,1,797.35,0,0.38
1611,0,-1,0,1582,8,0.25,0,4,5,840,1,269.89,0,1.85
1612,0,-1,0,489,1,0.0,0,1,1,840,0,933.44,0,0.75
1613,0,-1,0,732,1,0.0,0,1,3,156,1,2660.06,0,0.5
1614,0,-1,0,1688,1,0.0,0,2,2,826,1,246.42,0,0.22
1615,0,-1,0,18,3,0.0,0,1,2,156,1,1147.96,0,50
1616,0,-1,0,18,2,0.5,0,2,2,156,0,152.8,0,40.56
1617,0,-1,0,1263,1,0.0,0,1,2,392,0,273.67,0,0.29
1618,0,-1,0,1218,1,0.0,0,1,1,250,1,256.22,0,0.3
1619,0,-1,0,25,2,0.0,0,2,2,410,1,261.87,0,29.2
1620,0,-1,0,1197,7,0.143,0,3,4,840,1,213.52,0,2.13
1621,0,-1,0,1789,2,0.5,0,2,2,826,0,469.98,0,0.41
1622,0,-1,0,1696,3,0.667,0,1,2,484,0,2481.79,0,0.65
1623,0,-1,0,599,11,0.364,0,1,3,156,1,492.02,0,6.7
1624,0,-1,0,443,10,0.2,0,2,2,36,1,173.19,0,8.24
1625,0,-1,0,1724,1,0.0,0,1,2,484,0,360.89,0,0.21
1626,0,-1,0,1170,3,0.0,0,1,3,250,0,353.11,0,0.94
1627,0,-1,0,851,2,0.5,0,4,5,156,1,199.52,0,0.86
1628,0,-1,0,1497,1,0.0,0,1,3,380,1,229.73,0,0.24
1629,0,-1,0,1185,1,1.0,0,4,4,276,0,414.79,0,0.31
1630,0,-1,0,1056,1,0.0,0,1,2,724,0,487.57,0,0.35
1631,0,-1,0,1828,1,0.0,0,1,3,840,1,380.63,0,0.2
1632,0,-1,0,16,1,0.0,0,1,3,392,1,490.52,0,22.81
1633,0,-1,0,102,3,0.0,0,2,3,484,0,1490.87,0,10.74
1634,0,-1,0,1730,2,0.0,0,2,4,76,1,1068.34,0,0.42
1635,0,-1,0,298,4,0.0,0,2,4,840,0,1058.17,0,4.9
1636,0,-1,0,1549,6,0.0,0,1,2,840,0,177.18,0,1.41
1637,0,-1,0,1309,1,0.0,0,1,2,484,1,150.21,0,0.28
1638,0,-1,0,29,2,0.5,0,1,1,826,0,335.8,0,25.17
1639,0,-1,0,5,3,0.0,0,4,6,380,1,531.8,0,50
1640,0,-1,0,3,1,0.0,0,2,2,156,0,99.86,0,50
1641,0,-1,0,1633,5,0.2,0,1,1,250,0,594.7,0,1.12
1642,0,-1,0,1539,2,0.5,0,1,2,410,1,494.19,0,0.47
1643,0,-1,0,841,2,0.0,0,2,3,156,0,383.88,0,0.87
1644,0,-1,0,783,4,0.5,0,1,1,250,1,387.69,0,1.86
1645,0,-1,0,1158,3,0.333,0,1,1,124,0,396.52,0,0.95
1646,0,-1,0,1480,3,0.333,0,2,4,840,1,217.6,0,0.74
1647,0,-1,0,1351,4,0.25,0,2,2,380,1,176.9,0,1.08
1648,0,-1,0,1992,2,0.5,0,1,1,840,1,283.06,0,0.37
1649,0,-1,0,414,3,0.0,0,1,3,484,0,121.89,0,2.64
1650,0,-1,0,1296,1,1.0,0,1,1,76,1,258.4,0,0.28
1651,0,-1,0,938,1,0.0,0,3,4,392,1,285.07,0,0.39
1652,0,-1,0,1195,2,0.0,0,2,3,484,1,256.01,0,0.61
1653,0,-1,0,118,4,0.25,0,3,3,276,0,410.0,0,12.37
1654,0,-1,0,1830,3,0.0,0,1,2,276,0,897.28,0,0.6
1655,0,-1,0,776,2,0.0,0,1,1,826,1,391.95,0,0.94
1656,0,-1,0,616,2,0.0,0,1,3,840,1,552.44,0,1.19
1657,0,-1,0,304,3,0.0,0,1,2,76,0,480.54,0,3.6
1658,0,-1,0,4,1,0.0,0,2,3,410,0,764.45,0,50
1659,0,-1,0,1128,3,0.0,0,2,3,156,0,206.68,0,0.97
1660,0,-1,0,1119,7,0.143,0,1,1,410,1,568.86,0,2.28
1661,0,-1,0,60,3,0.333,0,1,3,276,0,426.9,0,18.25
1662,0,-1,0,325,7,0.0,0,3,3,250,1,303.88,0,7.86
1663,0,-1,0,1304,1,1.0,0,1,3,410,0,282.37,0,0.28
1664,0,-1,0,990,2,0.0,0,1,2,840,1,207.09,0,0.74
1665,0,-1,0,1776,1,0.0,0,1,1,250,0,478.32,0,0.21
1666,0,-1,0,1686,2,0.0,0,2,3,156,1,371.96,0,0.43
1667,0,-1,0,1370,3,0.333,0,2,3,156,0,219.76,0,0.8
1668,0,-1,0,188,2,0.0,0,2,4,840,1,280.09,0,3.88
1669,0,-1,0,510,4,0.25,0,1,1,156,1,164.55,0,2.86
1670,0,-1,0,1827,1,0.0,0,2,3,250,1,1713.7,0,0.2
1671,0,-1,0,1868,2,0.0,0,1,1,826,0,140.36,0,0.39
1672,0,-1,0,1618,1,1.0,0,1,1,840,1,887.07,0,0.23
1673,0,-1,0,1853,8,0.25,0,1,3,826,1,550.54,0,1.58
1674,0,-1,0,1088,1,0.0,0,1,3,356,0,268.91,0,0.34
1675,0,-1,0,21,3,0.333,0,1,2,124,1,391.07,0,50
1676,0,-1,0,221,3,0.333,0,1,2,840,1,206.96,0,4.95
1677,0,-1,0,131,4,0.75,0,1,3,276,1,528.88,0,11.15
1678,0,-1,0,375,2,0.0,0,2,3,76,0,4770.2,0,1.95
1679,0,-1,0,93,9,0.333,0,1,3,528,1,136.49,0,35.32
1680,0,-1,0,358,3,0.0,0,2,2,410,1,458.9,0,3.06
1681,0,-1,0,1581,1,0.0,0,3,5,76,0,1712.52,0,0.23
1682,0,-1,0,1012,2,0.5,0,1,2,250,1,309.91,0,0.72
1683,0,-1,0,12,1,0.0,0,1,1,410,0,315.46,0,30.42
1684,0,-1,0,750,2,0.5,0,3,4,484,1,1723.57,0,0.97
1685,0,-1,0,55,6,0.667,0,2,4,724,1,788.06,0,39.82
1686,0,-1,0,698,1,0.0,0,1,2,840,0,431.68,0,0.52
1687,0,-1,0,17,2,0.0,0,4,6,840,1,269.66,0,42.94
1688,0,-1,0,679,5,0.4,0,1,2,124,1,739.07,0,2.69
1689,0,-1,0,105,3,0.0,0,3,4,724,1,1112.34,0,10.43
1690,0,-1,0,906,1,1.0,0,2,2,392,1,425.54,0,0.4
1691,0,-1,0,402,8,0.125,0,4,6,840,1,349.33,0,7.26
1692,0,-1,0,1908,7,0.0,0,1,3,76,1,183.29,0,1.34
1693,0,-1,0,28,1,0.0,0,1,1,156,1,314.12,0,13.04
1694,0,-1,0,634,1,0.0,0,1,3,840,0,204.34,0,0.58
1695,0,-1,0,8,2,0.0,0,3,4,156,1,570.55,0,50
1696,0,-1,0,441,1,0.0,0,2,3,124,1,316.01,0,0.83
1697,0,-1,0,40,1,0.0,0,2,3,250,0,545.39,0,9.12
1698,0,-1,0,1154,2,0.5,0,1,1,840,0,453.85,0,0.63
1699,0,-1,0,762,3,0.333,0,2,2,250,0,300.71,0,1.44
1700,0,-1,0,137,5,0.0,0,2,4,250,1,227.7,0,13.32
1701,0,-1,0,1493,1,0.0,0,3,4,356,0,264.4,0,0.24
1702,0,-1,0,593,4,0.5,0,2,3,392,1,383.14,0,2.46
1703,0,-1,0,1269,1,0.0,0,4,6,156,0,189.87,0,0.29
1704,0,-1,0,1065,3,0.0,0,3,4,484,0,469.18,0,1.03
1705,0,-1,0,1700,3,0.667,0,1,1,124,1,586.52,0,0.64
1706,0,-1,0,21,4,0.0,0,1,2,840,0,236.74,0,50
1707,0,-1,0,375,3,0.0,0,1,2,392,1,482.14,0,2.92
1708,0,-1,0,1745,2,0.0,0,4,4,484,0,654.47,0,0.42
1709,0,-1,0,1140,6,0.167,0,2,4,76,1,257.76,0,1.92
1710,0,-1,0,372,1,0.0,0,2,2,76,1,790.88,0,0.98
1711,0,-1,0,997,3,0.0,0,2,3,724,1,614.99,0,1.1
1712,0,-1,0,233,1,0.0,0,4,6,156,1,891.81,0,1.57
1713,0,-1,0,1334,4,0.0,0,1,3,276,1,525.58,0,1.09
1714,0,-1,0,764,1,0.0,0,1,3,156,0,393.96,0,0.48
1715,0,-1,0,4,1,0.0,0,1,1,156,0,237.99,0,50
1716,0,-1,0,237,6,0.167,0,1,1,276,0,667.56,0,9.24
1717,0,-1,0,1582,3,0.667,0,3,5,484,1,238.83,0,0.69
1718,0,-1,0,1923,3,0.667,0,1,2,156,0,574.96,0,0.57
1719,0,-1,0,1839,1,0.0,0,1,2,156,0,268.37,0,0.2
1720,0,-1,0,942,3,0.0,0,1,2,826,0,810.2,0,1.16
1721,0,-1,0,13,4,0.25,0,3,3,276,1,624.82,0,50
1722,0,-1,0,143,1,0.0,0,2,4,484,1,1421.01,0,2.55
1723,0,-1,0,1338,1,0.0,0,1,1,724,1,196.89,0,0.27
1724,0,-1,0,597,1,0.0,0,2,2,156,1,313.98,0,0.61
1725,0,-1,0,1832,3,0.0,0,3,5,528,1,531.88,0,0.6
1726,0,-1,0,1972,5,0.2,0,4,4,156,1,2242.6,0,0.93
1727,0,-1,0,61,2,0.0,0,2,2,156,0,405.17,0,11.97
1728,0,-1,0,570,2,0.5,0,1,1,392,1,879.94,0,1.28
1729,0,-1,0,1564,4,0.0,0,2,2,124,1,315.61,0,0.93
1730,0,-1,0,12,3,0.333,0,1,3,356,1,823.69,0,50
1731,0,-1,0,440,2,0.0,0,4,5,250,1,1065.06,0,1.66
1732,0,-1,0,36,2,0.0,0,1,2,826,1,2527.22,0,20.28
1733,0,-1,0,1393,1,0.0,0,1,3,156,0,550.97,0,0.26
1734,0,-1,0,1969,4,0.25,0,1,1,36,1,454.25,0,0.74
1735,0,-1,0,1369,2,0.0,0,1,3,156,0,409.13,0,0.53
1736,0,-1,0,332,1,0.0,0,1,2,250,0,189.57,0,1.1
1737,0,-1,0,1615,3,0.0,0,1,2,826,1,695.91,0,0.68
1738,0,-1,0,482,1,0.0,0,3,5,156,1,367.07,0,0.76
1739,0,-1,0,161,3,0.0,0,1,3,156,1,2643.44,0,6.8
1740,0,-1,0,748,1,1.0,0,1,2,410,1,367.08,0,0.49
1741,0,-1,0,621,5,0.0,0,3,3,156,1,438.97,0,2.94
1742,0,-1,0,182,1,1.0,0,1,3,840,1,1075.2,0,2.01
1743,0,-1,0,1194,4,1.0,0,2,2,124,0,332.28,0,1.22
1744,0,-1,0,1221,3,0.0,0,1,2,36,0,366.38,0,0.9
1745,0,-1,0,820,7,0.143,0,2,4,410,1,197.57,0,3.12
1746,0,-1,0,1248,1,1.0,0,4,4,156,1,362.79,0,0.29
1747,0,-1,0,517,4,0.0,0,2,2,276,1,1167.12,0,2.82
1748,0,-1,0,6,6,0.167,0,1,1,356,0,344.77,0,50
1749,0,-1,0,1344,1,0.0,0,1,1,356,0,265.17,0,0.27
1750,0,-1,0,1997,1,0.0,0,3,5,76,1,512.53,0,0.18
1751,0,-1,0,948,1,0.0,0,2,2,276,0,351.19,0,0.39
1752,0,-1,0,889,4,0.5,0,1,3,276,0,640.43,0,1.64
1753,0,-1,0,335,4,0.0,0,1,1,840,1,226.05,0,4.36
1754,0,-1,0,501,1,0.0,0,1,3,528,1,206.87,0,0.73
1755,0,-1,0,1971,1,0.0,0,3,5,276,1,480.96,0,0.19
1756,0,-1,0,1811,4,0.5,0,1,1,76,1,624.66,0,0.81
1757,0,-1,0,1570,2,0.5,0,1,1,392,0,313.02,0,0.46
1758,0,-1,0,1059,2,0.0,0,1,2,250,0,559.43,0,0.69
1759,0,-1,0,814,3,0.333,0,4,5,156,1,511.05,0,1.35
1760,0,-1,0,1034,3,0.0,0,1,2,826,0,702.69,0,1.06
1761,0,-1,0,1068,1,0.0,0,1,3,124,0,495.93,0,0.34
1762,0,-1,0,1851,2,0.0,0,2,2,410,1,845.15,0,0.39
1763,0,-1,0,1187,2,0.5,0,2,4,124,1,361.87,0,0.61
1764,0,-1,0,1770,1,0.0,0,1,3,356,1,337.92,0,0.21
1765,0,-1,0,421,2,0.5,0,2,2,250,1,226.84,0,1.73
1766,0,-1,0,1570,1,0.0,0,1,1,36,1,845.65,0,0.23
1767,0,-1,0,1094,6,0.5,0,2,3,724,1,673.16,0,2.0
1768,0,-1,0,160,1,1.0,0,1,1,840,1,316.31,0,2.28
1769,0,-1,0,1542,1,0.0,0,2,4,840,0,229.38,0,0.24
1770,0,-1,0,1899,3,0.0,0,1,3,380,1,201.72,0,0.58
1771,0,-1,0,1329,1,0.0,0,3,4,840,1,1580.48,0,0.27
1772,0,-1,0,1896,4,0.25,0,2,2,276,1,1168.89,0,0.77
1773,0,-1,0,528,1,0.0,0,1,3,156,0,428.03,0,0.69
1774,0,-1,0,1331,3,0.333,0,2,3,156,0,241.54,0,0.82
1775,0,-1,0,1355,2,0.5,0,2,2,826,1,949.23,0,0.54
1776,0,-1,0,991,4,0.0,0,2,3,36,1,591.59,0,1.47
1777,0,-1,0,1518,7,0.0,0,2,3,36,1,102.45,0,1.68
1778,0,-1,0,191,1,0.0,0,2,2,36,1,1575.1,0,1.91
1779,0,-1,0,602,3,0.333,0,1,2,36,0,306.1,0,1.82
1780,0,-1,0,1753,2,0.5,0,1,3,380,1,189.01,0,0.42
1781,0,-1,0,1685,1,0.0,0,1,1,124,1,458.94,0,0.22
1782,0,-1,0,2,1,0.0,0,1,2,156,1,1386.0,0,50
1783,0,-1,0,1741,2,0.0,0,4,4,392,1,205.12,0,0.42
1784,0,-1,0,1889,1,0.0,0,1,3,826,0,253.4,0,0.19
1785,0,-1,0,215,1,0.0,0,2,4,826,1,439.95,0,1.7
1786,0,-1,0,1361,1,0.0,0,2,3,840,1,160.84,0,0.27
1787,0,-1,0,287,4,0.25,0,4,4,276,1,413.82,0,5.09
1788,0,-1,0,979,3,0.0,0,1,3,826,0,375.77,0,1.12
1789,0,-1,0,1837,2,0.0,0,1,3,840,1,1227.62,0,0.4
1790,0,-1,0,615,8,0.125,0,3,3,276,1,424.35,0,4.75
1791,0,-1,0,355,2,0.0,0,3,4,380,1,723.08,0,2.06
1792,0,-1,0,743,5,0.0,0,1,1,410,1,533.57,0,2.46
1793,0,-1,0,1360,3,0.0,0,2,4,76,1,284.6,0,0.81
1794,0,-1,0,1221,2,0.0,0,4,6,840,1,408.66,0,0.6
1795,0,-1,0,1475,3,0.333,0,2,4,36,0,534.73,0,0.74
1796,0,-1,0,679,3,0.0,0,1,3,380,1,748.12,0,1.61
1797,0,-1,0,1800,2,0.5,0,1,3,276,0,429.25,0,0.41
1798,0,-1,0,633,1,0.0,0,1,2,840,1,158.68,0,0.58
1799,0,-1,0,15,6,0.0,0,1,1,276,1,1426.68,0,50
1800,0,-1,0,163,4,0.0,0,1,3,840,0,529.69,0,8.96
1801,0,-1,0,1290,4,0.0,0,2,3,392,0,286.1,0,1.13
1802,0,-1,0,722,3,0.0,0,3,4,356,0,131.75,0,1.52
1803,0,-1,0,240,1,0.0,0,1,1,392,1,263.43,0,1.52
1804,0,-1,0,639,3,0.0,0,4,6,36,0,257.44,0,1.71
1805,0,-1,0,1003,3,0.0,0,2,4,124,1,423.5,0,1.09
1806,0,-1,0,216,2,0.0,0,1,2,840,0,1585.65,0,3.38
1807,0,-1,0,1887,10,0.0,0,1,3,156,1,643.32,0,1.93
1808,0,-1,0,1982,2,0.0,0,2,4,250,0,107.52,0,0.37
1809,0,-1,0,26,1,1.0,0,2,3,826,1,186.76,0,14.04
1810,0,-1,0,1397,1,0.0,0,2,2,124,1,411.9,0,0.26
1811,0,-1,0,1141,1,0.0,0,2,3,276,1,438.93,0,0.32
1812,0,-1,0,1318,1,1.0,0,1,2,392,0,423.46,0,0.28
1813,0,-1,0,292,6,0.333,0,1,2,156,1,260.18,0,7.5
1814,0,-1,0,1167,2,0.0,0,2,3,156,1,680.57,0,0.63
1815,0,-1,0,1740,3,0.0,0,2,4,356,1,800.45,0,0.63
1816,0,-1,0,12,3,0.333,0,2,4,276,1,432.46,0,50
1817,0,-1,0,1626,1,0.0,0,4,4,36,0,1660.32,0,0.22
1818,0,-1,0,1943,2,0.5,0,2,4,124,1,383.51,0,0.38
1819,0,-1,0,352,1,0.0,0,2,2,156,0,75.26,0,1.04
1820,0,-1,0,764,3,0.667,0,4,4,156,1,182.08,0,1.43
1821,0,-1,0,387,2,0.0,0,1,3,840,0,444.82,0,1.89
1822,0,-1,0,765,3,0.333,0,1,1,840,1,709.9,0,1.43
1823,0,-1,0,81,1,0.0,0,1,2,392,1,1036.62,0,4.51
1824,0,-1,0,773,5,0.0,0,1,1,156,0,357.74,0,2.36
1825,0,-1,0,1272,2,1.0,0,3,5,410,1,239.58,0,0.57
1826,0,-1,0,626,3,0.333,0,1,1,392,0,404.35,0,1.75
1827,0,-1,0,979,1,1.0,0,2,4,484,0,187.47,0,0.37
1828,0,-1,0,332,2,0.5,0,2,2,826,1,863.43,0,2.2
1829,0,-1,0,50,3,0.0,0,1,2,76,1,1271.71,0,21.9
1830,0,-1,0,1032,1,0.0,0,4,6,250,1,355.98,0,0.35
1831,0,-1,0,1847,1,0.0,0,1,3,484,1,1968.57,0,0.2
1832,0,-1,0,737,1,0.0,0,1,2,156,1,280.1,0,0.5
1833,0,-1,0,697,3,0.0,0,1,2,724,1,228.25,0,1.57
1834,0,-1,0,19,1,0.0,0,1,2,356,1,405.27,0,19.21
1835,0,-1,0,1885,2,0.5,0,1,2,76,0,109.61,0,0.39
1836,0,-1,0,1390,2,0.0,0,1,3,840,0,574.02,0,0.53
1837,0,-1,0,153,1,0.0,0,1,3,724,1,749.43,0,2.39
1838,0,-1,0,442,1,1.0,0,1,3,840,1,1090.5,0,0.83
1839,0,-1,0,1492,2,0.0,0,1,3,826,1,517.98,0,0.49
1840,0,-1,0,904,2,0.0,0,1,1,76,1,812.06,0,0.81
1841,0,-1,0,1078,3,0.333,0,1,2,840,0,158.08,0,1.02
1842,0,-1,0,362,9,0.222,0,1,2,380,0,370.42,0,9.07
1843,0,-1,0,1197,1,0.0,0,2,3,392,1,512.52,0,0.3
1844,0,-1,0,1401,6,0.167,0,2,3,724,1,707.16,0,1.56
1845,0,-1,0,995,1,0.0,0,2,2,276,1,405.2,0,0.37
1846,0,-1,0,1120,2,0.5,0,1,3,724,1,1052.25,0,0.65
1847,0,-1,0,749,3,0.0,0,1,2,840,1,515.83,0,1.46
1848,0,-1,0,1972,3,0.333,0,1,3,840,1,347.64,0,0.56
1849,0,-1,0,387,3,0.333,0,2,2,840,1,227.73,0,2.83
1850,0,-1,0,612,4,0.25,0,2,4,76,0,660.03,0,2.39
1851,0,-1,0,20,3,0.0,0,1,2,840,1,1632.39,0,50
1852,0,-1,0,1719,2,0.0,0,2,4,528,1,220.83,0,0.42
1853,0,-1,0,565,3,0.667,0,1,2,392,1,681.98,0,1.94
1854,0,-1,0,346,1,0.0,0,1,2,156,0,173.79,0,1.05
1855,0,-1,0,1202,4,0.0,0,3,3,76,0,580.97,0,1.21
1856,0,-1,0,337,1,0.0,0,1,2,840,0,250.81,0,1.08
1857,0,-1,0,559,2,0.5,0,1,3,840,0,1578.72,0,1.31
1858,0,-1,0,860,3,0.333,0,1,3,124,0,770.64,0,1.27
1859,0,-1,0,1945,3,0.0,0,1,1,250,1,466.18,0,0.56
1860,0,-1,0,481,4,0.5,0,2,3,276,0,663.6,0,3.04
1861,0,-1,0,504,1,0.0,0,2,4,840,1,245.12,0,0.72
1862,0,-1,0,1757,3,0.333,0,2,3,724,1,177.48,0,0.62
1863,0,-1,0,623,1,0.0,0,1,2,156,0,482.48,0,0.59
1864,0,-1,0,1609,1,0.0,0,2,3,380,0,1128.69,0,0.23
1865,0,-1,0,444,3,0.0,0,2,2,392,0,515.85,0,2.47
1866,0,-1,0,1776,3,0.333,0,2,4,156,1,418.19,0,0.62
1867,0,-1,0,358,1,0.0,0,1,1,840,0,424.91,0,1.02
1868,0,-1,0,1528,1,0.0,0,1,1,276,0,510.55,0,0.24
1869,0,-1,0,17,1,0.0,0,4,5,840,0,1295.79,0,21.47
1870,0,-1,0,1762,2,0.5,0,3,4,380,0,318.91,0,0.41
1871,0,-1,0,934,4,0.25,0,1,1,840,1,1468.87,0,1.56
1872,0,-1,0,1,3,0.333,0,3,3,156,0,287.62,0,50
1873,0,-1,0,12,1,0.0,0,1,1,840,0,159.85,0,30.42
1874,0,-1,0,20,3,0.0,0,1,3,840,0,309.88,0,50
1875,0,-1,0,130,2,0.5,0,1,1,76,0,139.87,0,5.62
1876,0,-1,0,1789,2,0.0,0,1,1,156,0,434.66,0,0.41
1877,0,-1,0,1740,4,0.0,0,1,2,380,1,554.94,0,0.84
1878,0,-1,0,540,1,0.0,0,1,3,76,1,281.99,0,0.68
1879,0,-1,0,753,11,0.273,0,1,1,840,1,566.42,0,5.33
1880,0,-1,0,1502,2,0.0,0,3,5,124,1,537.36,0,0.49
1881,0,-1,0,1960,1,0.0,0,1,3,76,0,338.75,0,0.19
1882,0,-1,0,372,4,0.25,0,3,4,76,1,320.97,0,3.92
1883,0,-1,0,1882,3,0.0,0,1,1,156,0,906.07,0,0.58
1884,0,-1,0,1820,4,0.0,0,2,2,276,0,617.96,0,0.8
1885,0,-1,0,383,3,0.0,0,4,4,826,0,388.08,0,2.86
1886,0,-1,0,580,5,0.2,0,1,2,156,1,403.57,0,3.15
1887,0,-1,0,1024,2,0.5,0,1,3,724,0,430.78,0,0.71
1888,0,-1,0,1008,4,0.25,0,1,2,410,0,664.38,0,1.45
1889,0,-1,0,1496,2,0.0,0,1,1,156,1,283.67,0,0.49
1890,0,-1,0,148,1,0.0,0,2,3,250,1,203.89,0,2.47
1891,0,-1,0,1450,2,0.5,0,1,1,392,0,297.91,0,0.5
1892,0,-1,0,1195,1,0.0,0,1,2,392,1,414.46,0,0.31
1893,0,-1,0,900,1,0.0,0,1,1,528,1,316.71,0,0.41
1894,0,-1,0,304,1,0.0,0,2,4,156,1,671.06,0,1.2
1895,0,-1,0,1260,2,0.0,0,4,4,840,0,897.47,0,0.58
1896,0,-1,0,17,3,0.0,0,2,2,840,1,590.64,0,50
1897,0,-1,0,127,1,0.0,0,1,2,276,0,160.04,0,2.87
1898,0,-1,0,1138,4,0.25,0,2,2,250,1,162.38,0,1.28
1899,0,-1,0,130,1,1.0,0,1,1,392,0,780.38,0,2.81
1900,0,-1,0,4,4,0.5,0,2,4,826,1,388.23,0,50
1901,0,-1,0,1246,2,0.5,0,1,3,840,0,293.54,0,0.59
1902,0,-1,0,1481,3,0.333,0,4,4,124,0,632.55,0,0.74
1903,0,-1,0,1928,1,0.0,0,1,2,124,1,260.33,0,0.19
1904,0,-1,0,578,2,0.0,0,1,1,840,1,568.34,0,1.26
1905,0,-1,0,1778,4,0.5,0,1,3,124,1,948.64,0,0.82
1906,0,-1,0,1579,3,0.0,0,4,4,528,1,406.47,0,0.69
1907,0,-1,0,1038,4,0.0,0,1,1,156,1,812.21,0,1.41
1908,0,-1,0,25,1,0.0,0,2,2,840,0,400.13,0,14.6
1909,0,-1,0,1289,1,0.0,0,2,2,156,0,1342.35,0,0.28
1910,0,-1,0,779,3,0.0,0,1,3,276,0,432.54,0,1.41
1911,0,-1,0,1662,2,0.0,0,2,3,36,0,926.6,0,0.44
1912,0,-1,0,1087,2,0.0,0,1,1,124,0,638.6,0,0.67
1913,0,-1,0,1613,3,0.333,0,1,1,356,1,578.61,0,0.68
1914,0,-1,0,1359,3,0.333,0,2,2,840,1,87.13,0,0.81
1915,0,-1,0,19,1,0.0,0,1,1,840,1,293.68,0,19.21
1916,0,-1,0,265,1,0.0,0,2,2,840,0,353.12,0,1.38
1917,0,-1,0,1163,2,0.0,0,2,2,250,1,556.76,0,0.63
1918,0,-1,0,1187,3,0.0,0,2,2,392,1,344.2,0,0.92
1919,0,-1,0,619,4,0.25,0,1,2,36,1,404.49,0,2.36
1920,0,-1,0,469,2,0.0,0,1,3,840,1,788.93,0,1.56
1921,0,-1,0,8,6,0.5,0,1,2,276,0,71.66,0,50
1922,0,-1,0,767,3,0.0,0,1,1,380,1,872.64,0,1.43
1923,0,-1,0,1002,5,0.0,0,3,3,840,1,309.14,0,1.82
1924,0,-1,0,1005,2,0.0,0,1,1,840,1,314.09,0,0.73
1925,0,-1,0,1231,1,1.0,0,4,5,356,0,96.85,0,0.3
1926,0,-1,0,370,4,0.0,0,1,1,156,1,612.27,0,3.95
1927,0,-1,0,980,5,0.0,0,3,5,250,0,1265.04,0,1.86
1928,0,-1,0,201,2,0.5,0,1,3,840,1,2237.39,0,3.63
1929,0,-1,0,535,1,0.0,0,1,3,528,0,296.45,0,0.68
1930,0,-1,0,1600,3,0.0,0,1,1,276,1,298.4,0,0.68
1931,0,-1,0,10,2,0.0,0,1,3,124,0,263.06,0,50
1932,0,-1,0,200,1,0.0,0,1,2,826,1,375.62,0,1.82
1933,0,-1,0,913,1,0.0,0,1,2,276,0,145.29,0,0.4
1934,0,-1,0,207,3,0.333,0,3,4,392,1,708.08,0,5.29
1935,0,-1,0,140,2,0.0,0,1,1,392,1,270.35,0,5.21
1936,0,-1,0,1476,1,1.0,0,4,4,528,0,666.96,0,0.25
1937,0,-1,0,29,1,1.0,0,3,5,156,1,331.23,0,12.59
1938,0,-1,0,1805,2,0.0,0,1,3,840,0,571.13,0,0.4
1939,0,-1,0,1723,1,0.0,0,4,5,840,0,189.75,0,0.21
1940,0,-1,0,25,3,0.333,0,3,5,840,0,1502.23,0,43.8
1941,0,-1,0,192,4,0.25,0,1,1,36,1,227.93,0,7.6
1942,0,-1,0,13,3,0.333,0,2,4,840,0,175.83,0,50
1943,0,-1,0,1348,3,0.0,0,1,2,156,1,396.05,0,0.81
1944,0,-1,0,13,2,0.0,0,2,2,250,0,636.96,0,50
1945,0,-1,0,38,1,0.0,0,1,1,840,0,644.47,0,9.61
1946,0,-1,0,1613,3,0.0,0,1,3,380,1,771.31,0,0.68
1947,0,-1,0,1882,1,0.0,0,3,3,156,1,95.19,0,0.19
1948,0,-1,0,676,5,0.0,0,1,2,840,1,336.55,0,2.7
1949,0,-1,0,1605,1,0.0,0,1,2,826,1,500.39,0,0.23
1950,0,-1,0,9,2,0.5,0,2,4,156,1,316.37,0,50
1951,0,-1,0,1718,5,0.4,0,3,4,826,0,917.36,0,1.06
1952,0,-1,0,1508,2,0.5,0,2,2,356,0,523.14,0,0.48
1953,0,-1,0,483,4,0.0,0,2,3,156,1,770.33,0,3.02
1954,0,-1,0,1635,2,0.0,0,1,2,840,1,515.22,0,0.45
1955,0,-1,0,1200,2,0.0,0,1,3,124,1,245.71,0,0.61
1956,0,-1,0,155,1,0.0,0,2,4,156,1,542.42,0,2.35
1957,0,-1,0,17,2,0.0,0,1,1,276,0,604.41,0,42.94
1958,0,-1,0,470,2,0.0,0,1,3,250,1,119.55,0,1.55
1959,0,-1,0,67,2,1.0,0,1,3,36,0,353.39,0,10.9
1960,0,-1,0,1629,7,0.286,0,1,2,250,1,439.86,0,1.57
1961,0,-1,0,161,1,0.0,0,2,3,276,1,352.29,0,2.27
1962,0,-1,0,921,7,0.143,0,3,5,156,1,252.36,0,2.77
1963,0,-1,0,1968,1,0.0,0,3,4,156,0,253.68,0,0.19
1964,0,-1,0,1196,1,0.0,0,1,1,380,1,516.98,0,0.31
1965,0,-1,0,350,7,0.0,0,3,5,76,0,639.01,0,7.3
1966,0,-1,0,715,1,1.0,0,1,2,826,0,1592.54,0,0.51
1967,0,-1,0,1895,3,0.0,0,1,2,156,0,600.39,0,0.58
1968,0,-1,0,423,1,0.0,0,1,3,410,1,924.51,0,0.86
1969,0,-1,0,868,10,0.0,0,1,3,528,1,1200.81,0,4.21
1970,0,-1,0,41,1,0.0,0,1,1,410,1,260.33,0,8.9
1971,0,-1,0,1007,5,0.0,0,2,2,276,0,139.95,0,1.81
1972,0,-1,0,427,4,0.0,0,1,2,840,1,583.27,0,3.42
1973,0,-1,0,2,3,0.0,0,1,1,36,1,365.76,0,50
1974,0,-1,0,1084,4,0.25,0,1,2,76,0,202.98,0,1.35
1975,0,-1,0,929,2,0.5,0,1,1,724,1,204.3,0,0.79
1976,0,-1,0,1386,2,0.0,0,1,2,528,1,404.32,0,0.53
1977,0,-1,0,1493,4,0.0,0,3,5,124,0,2374.67,0,0.98
1978,0,-1,0,1824,1,0.0,0,1,1,156,1,701.36,0,0.2
1979,0,-1,0,406,1,0.0,0,1,1,380,1,402.24,0,0.9
1980,0,-1,0,27,3,0.0,0,1,1,840,1,667.98,0,40.56
1981,0,-1,0,694,2,0.5,0,3,3,840,1,331.47,0,1.05
1982,0,-1,0,1675,2,0.0,0,2,4,76,1,341.82,0,0.44
1983,0,-1,0,1729,4,0.0,0,1,2,392,1,194.06,0,0.84
1984,0,-1,0,1633,3,0.0,0,3,5,356,1,648.21,0,0.67
1985,0,-1,0,100,2,0.5,0,1,3,840,1,219.52,0,7.3
1986,0,-1,0,170,5,0.2,0,1,1,156,0,402.71,0,10.74
1987,0,-1,0,928,4,0.25,0,2,3,826,0,1072.6,0,1.57
1988,0,-1,0,1895,1,0.0,0,3,4,156,0,130.22,0,0.19
1989,0,-1,0,781,2,1.0,0,3,5,826,1,505.71,0,0.93
1990,0,-1,0,1847,1,1.0,0,1,3,124,1,270.65,0,0.2
1991,0,-1,0,1994,2,0.5,0,1,2,156,1,503.2,0,0.37
1992,0,-1,0,881,4,0.5,0,1,1,826,0,457.92,0,1.66
1993,0,-1,0,13,2,0.0,0,1,3,840,1,350.4,0,50
1994,0,-1,0,1437,2,0.5,0,2,2,840,1,1114.95,0,0.51
1995,0,-1,0,1806,1,1.0,0,1,2,826,1,1600.75,0,0.2
1996,0,-1,0,851,1,0.0,0,2,4,156,1,796.86,0,0.43
1997,0,-1,0,913,1,0.0,0,1,1,156,0,342.31,0,0.4
1998,0,-1,0,798,2,0.0,0,1,2,356,1,503.09,0,0.91
1999,0,-1,0,1964,3,0.0,0,1,1,276,1,284.96,0,0.56
2000,0,-1,0,1115,1,0.0,0,4,5,392,0,166.14,0,0.33
2001,0,-1,0,1042,5,0.2,0,1,2,484,1,443.45,0,1.75
2002,0,-1,0,1431,2,0.0,0,1,3,840,0,1081.16,0,0.51
2003,0,-1,0,1181,3,0.0,0,3,3,724,0,333.5,0,0.93
2004,0,-1,0,381,1,0.0,0,1,2,826,1,1259.34,0,0.96
2005,0,-1,0,1746,1,0.0,0,1,3,156,0,370.44,0,0.21
2006,0,-1,0,419,1,0.0,0,1,3,484,0,655.7,0,0.87
2007,0,-1,0,650,2,0.5,0,1,3,840,0,533.12,0,1.12
2008,0,-1,0,891,3,0.0,0,1,2,156,0,240.18,0,1.23
2009,0,-1,0,692,2,0.5,0,2,3,156,0,852.63,0,1.05
2010,0,-1,0,622,1,0.0,0,1,3,840,0,221.62,0,0.59
2011,0,-1,0,406,5,0.0,0,2,4,392,1,165.65,0,4.5
2012,0,-1,0,708,2,0.5,0,1,3,156,1,1341.55,0,1.03
2013,0,-1,0,1157,2,0.0,0,2,4,250,1,479.07,0,0.63
2014,0,-1,0,1631,3,0.0,0,4,6,840,0,1942.68,0,0.67
2015,0,-1,0,17,3,0.333,0,1,1,528,0,500.91,0,50
2016,0,-1,0,231,1,0.0,0,1,3,276,1,1168.81,0,1.58
2017,0,-1,0,784,1,0.0,0,1,2,250,0,608.5,0,0.47
2018,0,-1,0,1163,4,0.25,0,1,1,124,1,1064.21,0,1.26
2019,0,-1,0,885,3,0.0,0,1,3,840,1,296.95,0,1.24
2020,0,-1,0,1285,2,0.5,0,1,1,156,0,1305.21,0,0.57
2021,0,-1,0,126,1,0.0,0,1,1,840,0,297.58,0,2.9
2022,0,-1,0,938,2,0.5,0,2,4,36,1,386.26,0,0.78
2023,0,-1,0,227,2,0.0,0,1,3,250,0,361.11,0,3.22
2024,0,-1,0,1001,3,0.0,0,3,3,840,0,78.18,0,1.09
2025,0,-1,0,332,8,0.125,0,1,2,826,1,236.37,0,8.8
2026,0,-1,0,295,1,0.0,0,2,3,826,1,207.1,0,1.24
2027,0,-1,0,1279,4,0.5,0,1,3,36,1,802.82,0,1.14
2028,0,-1,0,667,7,0.143,0,1,2,250,1,513.69,0,3.83
2029,0,-1,0,684,2,0.0,0,1,2,826,1,766.64,0,1.07
2030,0,-1,0,1357,4,0.5,0,1,1,156,1,701.23,0,1.08
2031,0,-1,0,556,3,0.333,0,1,3,36,0,1079.12,0,1.97
2032,0,-1,0,1960,1,1.0,0,2,3,276,0,486.27,0,0.19
2033,0,-1,0,490,2,0.5,0,1,2,124,0,188.52,0,1.49
2034,0,-1,0,18,4,0.0,0,1,1,36,1,98.74,0,50
2035,0,-1,0,1861,4,0.25,0,2,3,356,1,477.88,0,0.78
2036,0,-1,0,29,3,0.333,0,1,2,826,0,422.42,0,37.76
2037,0,-1,0,324,1,0.0,0,2,2,276,1,456.51,0,1.13
2038,0,-1,0,62,1,0.0,0,2,3,250,1,249.42,0,5.89
2039,0,-1,0,395,2,0.0,0,2,2,826,0,163.38,0,1.85
2040,0,-1,0,930,1,0.0,0,1,3,826,1,309.97,0,0.39
2041,0,-1,0,10,2,0.0,0,1,3,410,1,807.53,0,50
2042,0,-1,0,1048,1,0.0,0,4,5,410,1,493.86,0,0.35
2043,0,-1,0,811,1,0.0,0,1,2,826,0,861.74,0,0.45
2044,0,-1,0,136,3,0.0,0,1,1,276,1,751.39,0,8.05
2045,0,-1,0,351,1,0.0,0,2,3,528,0,473.83,0,1.04
2046,0,-1,0,1335,3,0.667,0,1,2,380,1,3072.75,0,0.82
2047,0,-1,0,594,1,0.0,0,1,3,156,1,535.45,0,0.61
2048,0,-1,0,1939,3,0.0,0,1,1,840,0,644.41,0,0.56
2049,0,-1,0,1560,2,0.5,0,1,1,840,0,1332.4,0,0.47
2050,0,-1,0,729,4,0.5,0,1,1,250,0,465.46,0,2.0
2051,0,-1,0,1408,8,0.125,0,2,2,276,1,430.93,0,2.07
2052,0,-1,0,1124,3,1.0,0,1,1,840,1,381.91,0,0.97
2053,0,-1,0,10,2,0.0,0,3,3,356,1,290.43,0,50
2054,0,-1,0,598,1,0.0,0,4,5,250,1,233.88,0,0.61
2055,0,-1,0,248,2,1.0,0,3,3,826,1,420.66,0,2.94
2056,0,-1,0,1187,3,0.333,0,1,3,76,1,211.48,0,0.92
2057,0,-1,0,1321,2,0.0,0,3,5,356,0,1255.71,0,0.55
2058,0,-1,0,1583,5,0.0,0,1,3,250,1,607.3,0,1.15
2059,0,-1,0,1774,3,0.0,0,1,1,124,1,1371.56,0,0.62
2060,0,-1,0,1542,9,0.0,0,1,1,840,1,359.6,0,2.13
2061,0,-1,0,1975,1,0.0,0,1,3,250,1,475.2,0,0.18
2062,0,-1,0,956,1,0.0,0,1,2,840,0,370.79,0,0.38
2063,0,-1,0,584,2,0.0,0,2,4,410,0,449.08,0,1.25
2064,0,-1,0,1469,5,0.0,0,1,3,156,1,53.66,0,1.24
2065,0,-1,0,193,3,0.0,0,2,4,840,0,835.01,0,5.67
2066,0,-1,0,983,2,0.0,0,1,1,156,0,763.83,0,0.74
2067,0,-1,0,11,1,0.0,0,1,3,840,0,1229.83,0,33.18
2068,0,-1,0,134,2,0.0,0,2,2,356,0,494.19,0,5.45
2069,0,-1,0,557,3,0.0,0,2,4,356,1,280.52,0,1.97
2070,0,-1,0,525,2,0.0,0,2,3,156,1,370.67,0,1.39
2071,0,-1,0,1100,2,0.5,0,1,1,124,0,385.38,0,0.66
2072,0,-1,0,23,1,0.0,0,1,2,840,0,242.73,0,15.87
2073,0,-1,0,599,4,0.25,0,1,2,826,1,293.69,0,2.44
2074,0,-1,0,704,2,0.0,0,4,6,826,1,379.4,0,1.04
2075,0,-1,0,188,8,0.25,0,1,2,156,1,350.62,0,15.53
2076,0,-1,0,16,7,0.0,0,2,4,124,1,689.59,0,50
2077,0,-1,0,1,8,0.125,0,2,4,250,1,1034.95,0,50
2078,0,-1,0,533,3,0.333,0,2,3,156,0,260.05,0,2.05
2079,0,-1,0,1759,5,0.4,0,1,2,392,0,984.2,0,1.04
2080,0,-1,0,234,4,0.0,0,1,1,76,1,1161.63,0,6.24
2081,0,-1,0,1859,1,0.0,0,2,4,840,0,157.54,0,0.2
2082,0,-1,0,6,2,0.0,0,1,1,124,1,2507.45,0,50
2083,0,-1,0,1614,6,0.0,0,1,2,156,1,815.76,0,1.36
2084,0,-1,0,1761,2,0.5,0,1,3,840,0,1459.4,0,0.41
2085,0,-1,0,28,3,0.0,0,1,1,840,1,181.48,0,39.11
2086,0,-1,0,22,3,0.667,0,2,4,840,0,306.53,0,49.77
2087,0,-1,0,1205,2,0.0,0,2,2,76,0,280.84,0,0.61
2088,0,-1,0,18,2,0.0,0,1,2,156,0,2238.2,0,40.56
2089,0,-1,0,147,7,0.143,0,1,3,392,1,120.33,0,17.38
2090,0,-1,0,14,1,0.0,0,2,4,156,0,627.57,0,26.07
2091,0,-1,0,637,3,0.0,0,1,3,156,0,314.92,0,1.72
2092,0,-1,0,1597,1,0.0,0,1,1,840,1,126.63,0,0.23
2093,0,-1,0,23,2,0.0,0,2,4,156,1,144.75,0,31.74
2094,0,-1,0,799,1,0.0,0,2,3,156,0,171.04,0,0.46
2095,0,-1,0,1416,5,0.0,0,4,4,36,0,354.27,0,1.29
2096,0,-1,0,1624,2,0.0,0,1,2,410,0,594.0,0,0.45
2097,0,-1,0,896,2,0.0,0,1,3,840,1,395.03,0,0.81
2098,0,-1,0,848,6,0.0,0,1,1,392,1,357.67,0,2.58
2099,0,-1,0,1730,1,0.0,0,2,2,826,1,578.71,0,0.21
2100,0,-1,0,6,6,0.0,0,1,1,840,1,214.22,0,50
2101,0,-1,0,868,1,1.0,0,1,3,250,0,810.1,0,0.42
2102,0,-1,0,308,3,0.0,0,2,4,276,1,243.73,0,3.56
2103,0,-1,0,48,1,0.0,0,1,3,76,0,847.06,0,7.6
2104,0,-1,0,140,1,0.0,0,1,2,276,0,878.83,0,2.61
2105,0,-1,0,967,2,0.5,0,1,1,156,0,129.45,0,0.75
2106,0,-1,0,1634,2,0.0,0,1,3,156,0,1295.93,0,0.45
2107,0,-1,0,901,4,0.25,0,1,1,124,1,175.31,0,1.62
2108,0,-1,0,1144,1,1.0,0,2,3,250,1,823.15,0,0.32
2109,0,-1,0,702,1,0.0,0,4,4,826,1,799.27,0,0.52
2110,0,-1,0,856,1,0.0,0,1,2,250,1,1572.27,0,0.43
2111,0,-1,0,496,2,0.5,0,1,1,840,0,85.5,0,1.47
2112,0,-1,0,585,4,0.25,0,2,2,356,0,664.07,0,2.5
2113,0,-1,0,252,2,0.0,0,1,3,156,1,326.73,0,2.9
2114,0,-1,0,1497,1,1.0,0,1,2,356,1,1502.96,0,0.24
2115,0,-1,0,835,2,0.0,0,1,3,380,0,341.13,0,0.87
2116,0,-1,0,1000,4,0.25,0,2,2,826,1,584.29,0,1.46
2117,0,-1,0,52,2,0.0,0,1,2,356,0,314.35,0,14.04
2118,0,-1,0,1456,8,0.0,0,4,5,250,1,396.86,0,2.01
2119,0,-1,0,1890,1,0.0,0,1,3,156,0,202.95,0,0.19
2120,0,-1,0,716,3,0.0,0,1,3,156,1,377.73,0,1.53
2121,0,-1,0,794,1,0.0,0,3,5,36,1,482.12,0,0.46
2122,0,-1,0,1338,1,0.0,0,3,3,156,1,1246.98,0,0.27
2123,0,-1,0,1762,1,0.0,0,1,2,840,0,583.24,0,0.21
2124,0,-1,0,635,3,0.0,0,1,1,36,1,549.95,0,1.72
2125,0,-1,0,374,4,0.0,0,1,2,410,0,969.87,0,3.9
2126,0,-1,0,745,5,0.4,0,1,3,156,1,2359.17,0,2.45
2127,0,-1,0,1116,3,0.0,0,1,1,410,1,279.16,0,0.98
2128,0,-1,0,1447,4,0.5,0,1,2,276,0,1287.08,0,1.01
2129,0,-1,0,1493,5,0.2,0,1,3,276,1,191.79,0,1.22
2130,0,-1,0,1416,1,1.0,0,1,1,826,0,634.34,0,0.26
2131,0,-1,0,1181,2,0.0,0,1,2,840,0,385.02,0,0.62
2132,0,-1,0,279,3,0.333,0,3,3,840,0,967.83,0,3.92
2133,0,-1,0,1808,2,0.0,0,4,4,250,0,307.96,0,0.4
2134,0,-1,0,1247,1,0.0,0,2,3,276,1,906.58,0,0.29
2135,0,-1,0,1078,2,0.5,0,2,3,840,1,978.08,0,0.68
2136,0,-1,0,1801,2,0.0,0,2,2,156,0,584.32,0,0.41
2137,0,-1,0,261,1,0.0,0,1,2,276,1,288.51,0,1.4
2138,0,-1,0,612,2,0.0,0,1,3,410,0,482.68,0,1.19
2139,0,-1,0,870,1,0.0,0,1,3,826,0,242.34,0,0.42
2140,0,-1,0,1626,2,0.0,0,1,3,840,1,654.3,0,0.45
2141,0,-1,0,1173,1,0.0,0,2,3,380,0,569.35,0,0.31
2142,0,-1,0,20,1,0.0,0,2,3,380,1,248.34,0,18.25
2143,0,-1,0,1414,8,0.5,0,2,3,276,1,505.77,0,2.07
2144,0,-1,0,566,3,0.0,0,1,2,826,0,939.24,0,1.93
2145,0,-1,0,1047,3,0.0,0,2,2,392,1,708.23,0,1.05
2146,0,-1,0,1665,2,0.0,0,2,2,840,0,613.97,0,0.44
2147,0,-1,0,1394,2,0.0,0,2,2,276,1,456.27,0,0.52
2148,0,-1,0,466,1,0.0,0,3,3,840,1,1035.08,0,0.78
2149,0,-1,0,952,2,0.5,0,2,2,250,1,546.44,0,0.77
2150,0,-1,0,1918,5,0.0,0,1,2,124,1,286.94,0,0.95
2151,0,-1,0,66,4,0.0,0,1,3,250,1,1978.35,0,22.12
2152,0,-1,0,1522,1,0.0,0,1,3,124,1,561.46,0,0.24
2153,0,-1,0,918,3,0.0,0,1,2,840,1,387.31,0,1.19
2154,0,-1,0,615,2,0.5,0,1,2,826,1,320.45,0,1.19
2155,0,-1,0,1837,3,0.0,0,2,3,250,1,244.22,0,0.6
2156,0,-1,0,498,1,0.0,0,1,1,826,1,247.02,0,0.73
2157,0,-1,0,1307,5,0.2,0,1,3,840,1,132.4,0,1.4
2158,0,-1,0,675,6,0.167,0,2,3,826,0,130.38,0,3.24
2159,0,-1,0,91,2,0.5,0,1,3,276,0,478.32,0,8.02
2160,0,-1,0,1669,1,0.0,0,2,2,724,0,326.45,0,0.22
2161,0,-1,0,1112,9,0.222,0,1,1,392,1,194.04,0,2.95
2162,0,-1,0,1495,1,0.0,0,1,2,840,1,287.34,0,0.24
2163,0,-1,0,1831,7,0.286,0,1,2,826,1,1230.32,0,1.4
2164,0,-1,0,1060,4,0.0,0,1,1,380,0,270.89,0,1.38
2165,0,-1,0,1703,3,0.0,0,1,2,380,0,559.36,0,0.64
2166,0,-1,0,155,3,0.0,0,1,1,156,1,237.27,0,7.06
2167,0,-1,0,1534,1,0.0,0,2,2,250,1,699.74,0,0.24
2168,0,-1,0,912,1,1.0,0,1,3,840,0,996.38,0,0.4
2169,0,-1,0,21,5,0.0,0,1,3,826,1,1677.62,0,50
2170,0,-1,0,1860,8,0.375,0,1,2,380,1,1009.61,0,1.57
2171,0,-1,0,1800,6,0.333,0,1,1,156,1,575.44,0,1.22
2172,0,-1,0,1137,1,0.0,0,2,3,724,1,471.75,0,0.32
2173,0,-1,0,1109,5,0.4,0,1,3,250,1,954.94,0,1.65
2174,0,-1,0,1523,1,0.0,0,1,1,156,0,381.47,0,0.24
2175,0,-1,0,1945,1,0.0,0,1,1,250,0,1228.7,0,0.19
2176,0,-1,0,1010,3,0.0,0,1,2,156,1,497.26,0,1.08
2177,0,-1,0,180,7,0.143,0,4,6,276,1,288.92,0,14.19
2178,0,-1,0,20,4,0.25,0,2,3,250,1,575.0,0,50
2179,0,-1,0,271,2,0.0,0,2,2,76,1,202.41,0,2.69
2180,0,-1,0,164,1,1.0,0,1,1,484,0,394.75,0,2.23
2181,0,-1,0,273,3,0.0,0,1,1,392,0,234.97,0,4.01
2182,0,-1,0,8,2,0.0,0,1,1,380,0,830.93,0,50
2183,0,-1,0,573,3,0.333,0,2,2,392,1,546.06,0,1.91
2184,0,-1,0,491,5,0.2,0,2,3,392,0,188.05,0,3.72
2185,0,-1,0,1207,1,0.0,0,1,3,826,0,304.46,0,0.3
2186,0,-1,0,142,5,0.4,0,2,2,250,1,142.63,0,12.85
2187,0,-1,0,712,1,0.0,0,1,3,156,1,263.49,0,0.51
2188,0,-1,0,1850,2,1.0,0,1,1,276,1,200.43,0,0.39
2189,0,-1,0,1432,1,0.0,0,1,3,156,1,597.66,0,0.25
2190,0,-1,0,1026,3,0.0,0,2,4,36,0,284.93,0,1.07
2191,0,-1,0,10,7,0.143,0,2,2,156,1,354.01,0,50
2192,0,-1,0,201,8,0.125,0,2,4,156,1,1242.17,0,14.53
2193,0,-1,0,12,3,0.0,0,1,1,840,1,168.65,0,50
2194,0,-1,0,589,1,0.0,0,2,2,156,1,360.6,0,0.62
2195,0,-1,0,1910,3,0.0,0,2,3,36,0,303.97,0,0.57
2196,0,-1,0,1494,1,0.0,0,1,1,250,1,354.31,0,0.24
2197,0,-1,0,828,2,0.5,0,3,4,156,1,362.61,0,0.88
2198,0,-1,0,1606,5,0.2,0,1,1,826,1,792.9,0,1.14
2199,0,-1,0,412,1,0.0,0,1,3,356,0,556.01,0,0.89
2200,0,-1,0,1586,9,0.222,0,1,1,410,1,121.57,0,2.07
2201,0,-1,0,659,3,0.0,0,2,3,156,1,349.09,0,1.66
2202,0,-1,0,988,3,0.0,0,3,3,124,0,144.87,0,1.11
2203,0,-1,0,155,1,1.0,0,1,3,276,1,379.11,0,2.35
2204,0,-1,0,1416,1,0.0,0,2,4,840,1,222.72,0,0.26
2205,0,-1,0,187,5,0.4,0,3,3,36,1,259.2,0,9.76
2206,0,-1,0,125,5,0.2,0,2,2,156,1,630.1,0,14.6
2207,0,-1,0,1598,4,0.0,0,1,2,36,0,189.06,0,0.91
2208,0,-1,0,1984,1,1.0,0,2,4,276,0,237.39,0,0.18
2209,0,-1,0,1207,6,0.333,0,1,2,156,1,506.45,0,1.81
2210,0,-1,0,1740,3,0.333,0,1,2,392,1,420.27,0,0.63
2211,0,-1,0,28,2,0.0,0,3,3,410,0,1100.33,0,26.07
2212,0,-1,0,611,1,0.0,0,3,4,156,1,257.38,0,0.6
2213,0,-1,0,1176,1,0.0,0,1,2,840,1,300.63,0,0.31
2214,0,-1,0,1816,3,0.333,0,1,1,156,0,106.71,0,0.6
2215,0,-1,0,1509,2,0.0,0,1,1,392,0,1118.03,0,0.48
2216,0,-1,0,1559,3,0.667,0,2,2,840,1,385.1,0,0.7
2217,0,-1,0,570,3,0.0,0,3,5,124,1,595.57,0,1.92
2218,0,-1,0,851,4,0.0,0,2,4,276,1,317.13,0,1.72
2219,0,-1,0,1620,12,0.083,0,3,5,356,1,586.72,0,2.7
2220,0,-1,0,759,1,0.0,0,1,1,356,1,385.08,0,0.48
2221,0,-1,0,294,2,0.0,0,1,1,410,0,216.35,0,2.48
2222,0,-1,0,156,6,0.5,0,2,3,410,1,108.21,0,14.04
2223,0,-1,0,834,2,0.5,0,1,1,840,1,194.33,0,0.88
2224,0,-1,0,224,3,0.333,0,2,2,276,0,561.49,0,4.89
2225,0,-1,0,26,1,0.0,0,1,3,36,1,472.57,0,14.04
2226,0,-1,0,1509,1,0.0,0,2,2,124,1,287.92,0,0.24
2227,0,-1,0,787,5,0.0,0,1,3,124,0,262.25,0,2.32
2228,0,-1,0,998,1,0.0,0,1,3,840,1,734.03,0,0.37
2229,0,-1,0,1410,1,0.0,0,1,2,36,1,6685.33,0,0.26
2230,0,-1,0,793,2,0.5,0,2,2,156,0,338.56,0,0.92
2231,0,-1,0,14,4,0.0,0,1,1,840,1,472.57,0,50
2232,0,-1,0,592,5,0.2,0,4,5,156,0,331.13,0,3.08
2233,0,-1,0,1689,1,0.0,0,2,2,826,1,243.45,0,0.22
2234,0,-1,0,756,4,0.75,0,1,2,276,1,1336.76,0,1.93
2235,0,-1,0,686,2,0.0,0,1,2,840,1,682.08,0,1.06
2236,0,-1,0,1581,1,1.0,0,4,5,840,1,918.91,0,0.23
2237,0,-1,0,1319,2,0.0,0,1,3,826,0,597.93,0,0.55
2238,0,-1,0,661,4,0.0,0,2,2,36,0,205.22,0,2.21
2239,0,-1,0,194,4,0.75,0,1,3,724,0,277.72,0,7.53
2240,0,-1,0,1786,3,0.0,0,2,3,410,1,2604.07,0,0.61
2241,0,-1,0,1953,2,0.5,0,1,2,156,1,282.26,0,0.37
2242,0,-1,0,1716,2,0.0,0,1,1,840,0,506.32,0,0.43
2243,0,-1,0,8,1,0.0,0,1,3,840,1,680.84,0,45.62
2244,0,-1,0,21,1,0.0,0,1,3,250,1,304.9,0,17.38
2245,0,-1,0,34,3,0.667,0,4,4,724,1,309.1,0,32.21
2246,0,-1,0,499,4,0.5,0,1,1,250,1,152.22,0,2.93
2247,0,-1,0,12,1,0.0,0,1,2,356,1,171.72,0,30.42
2248,0,-1,0,495,4,0.0,0,1,3,250,1,325.64,0,2.95
2249,0,-1,0,18,2,0.0,0,1,2,840,1,174.54,0,40.56
2250,0,-1,0,937,2,0.0,0,2,3,356,1,368.09,0,0.78
2251,0,-1,0,1579,1,0.0,0,1,1,410,0,406.39,0,0.23
2252,0,-1,0,733,3,0.0,0,1,1,36,1,1226.57,0,1.49
2253,0,-1,0,1825,3,0.0,0,1,2,124,1,133.95,0,0.6
2254,0,-1,0,805,1,1.0,0,1,1,124,1,545.6,0,0.45
2255,0,-1,0,1663,1,0.0,0,2,3,76,1,778.04,0,0.22
2256,0,-1,0,1937,1,0.0,0,1,3,840,0,1658.66,0,0.19
2257,0,-1,0,9,4,0.25,0,1,1,840,0,429.82,0,50
2258,0,-1,0,811,9,0.333,0,1,3,356,1,841.93,0,4.05
2259,0,-1,0,154,2,0.0,0,1,2,392,1,1812.88,0,4.74
2260,0,-1,0,12,1,0.0,0,2,3,840,1,301.69,0,30.42
2261,0,-1,0,326,5,0.0,0,1,2,356,1,508.49,0,5.6
2262,0,-1,0,12,5,0.2,0,4,4,380,1,930.38,0,50
2263,0,-1,0,1062,2,0.0,0,2,4,156,1,355.75,0,0.69
2264,0,-1,0,1640,3,0.0,0,1,1,840,1,713.21,0,0.67
2265,0,-1,0,21,6,0.5,0,1,1,156,1,252.21,0,50
2266,0,-1,0,1230,1,0.0,0,2,2,392,1,180.06,0,0.3
2267,0,-1,0,707,1,1.0,0,1,1,156,1,150.62,0,0.52
2268,0,-1,0,761,2,0.0,0,2,3,276,0,317.45,0,0.96
2269,0,-1,0,274,1,0.0,0,1,1,250,1,504.27,0,1.33
2270,0,-1,0,1092,5,0.2,0,1,3,156,1,171.57,0,1.67
2271,0,-1,0,895,3,0.0,0,1,2,36,1,330.12,0,1.22
2272,0,-1,0,1532,3,0.0,0,1,3,276,1,550.09,0,0.71
2273,0,-1,0,27,3,0.0,0,1,1,840,1,499.55,0,40.56
2274,0,-1,0,21,2,0.0,0,2,3,392,0,785.96,0,34.76
2275,0,-1,0,951,1,1.0,0,1,1,124,0,574.56,0,0.38
2276,0,-1,0,1031,2,0.0,0,2,3,840,1,230.0,0,0.71
2277,0,-1,0,959,3,0.0,0,4,5,36,1,130.32,0,1.14
2278,0,-1,0,13,2,0.0,0,1,1,156,1,164.19,0,50
2279,0,-1,0,1241,4,0.5,0,1,1,724,1,3248.45,0,1.18
2280,0,-1,0,250,8,0.125,0,1,3,840,1,494.52,0,11.68
2281,0,-1,0,875,1,0.0,0,1,1,840,0,524.9,0,0.42
2282,0,-1,0,1753,1,0.0,0,2,2,840,0,482.47,0,0.21
2283,0,-1,0,18,1,1.0,0,1,1,826,0,267.22,0,20.28
2284,0,-1,0,677,2,0.0,0,2,4,840,1,200.53,0,1.08
2285,0,-1,0,1065,1,0.0,0,1,1,76,1,218.62,0,0.34
2286,0,-1,0,348,3,0.0,0,1,1,410,1,210.02,0,3.15
2287,0,-1,0,375,1,0.0,0,1,3,276,1,1691.29,0,0.97
2288,0,-1,0,177,1,0.0,0,1,2,36,0,582.67,0,2.06
2289,0,-1,0,1871,1,0.0,0,1,3,156,0,191.03,0,0.2
2290,0,-1,0,1323,1,0.0,0,1,1,826,1,650.18,0,0.28
2291,0,-1,0,1671,5,0.2,0,1,3,392,1,622.91,0,1.09
2292,0,-1,0,941,1,1.0,0,1,1,276,0,265.26,0,0.39
2293,0,-1,0,621,3,0.667,0,2,2,392,0,1012.61,0,1.76
2294,0,-1,0,178,2,0.0,0,1,1,276,0,120.43,0,4.1
2295,0,-1,0,998,2,0.0,0,2,2,840,1,1812.23,0,0.73
2296,0,-1,0,1411,1,0.0,0,1,3,156,0,276.65,0,0.26
2297,0,-1,0,1875,5,0.2,0,1,3,36,1,355.93,0,0.97
2298,0,-1,0,194,1,1.0,0,3,3,410,0,136.04,0,1.88
2299,0,-1,0,48,1,1.0,0,3,5,724,1,908.33,0,7.6
2300,0,-1,0,265,2,0.5,0,1,2,250,1,145.75,0,2.75
2301,0,-1,0,74,1,0.0,0,1,3,156,1,1075.68,0,4.93
2302,0,-1,0,1711,4,0.5,0,1,1,356,1,443.01,0,0.85
2303,0,-1,0,1380,5,0.4,0,1,1,380,0,235.26,0,1.32
2304,0,-1,0,219,2,0.0,0,1,1,410,1,496.82,0,3.33
2305,0,-1,0,1701,3,0.0,0,3,4,484,0,640.34,0,0.64
2306,0,-1,0,1465,1,0.0,0,3,3,276,0,858.65,0,0.25
2307,0,-1,0,594,1,0.0,0,2,4,826,0,135.82,0,0.61
2308,0,-1,0,1716,6,0.167,0,3,4,36,0,852.24,0,1.28
2309,0,-1,0,439,6,0.333,0,2,3,380,0,287.36,0,4.99
2310,0,-1,0,1048,1,0.0,0,2,4,840,0,272.55,0,0.35
2311,0,-1,0,1960,10,0.1,0,1,2,276,1,491.38,0,1.86
2312,0,-1,0,358,3,0.333,0,3,3,276,1,463.72,0,3.06
2313,0,-1,0,246,3,0.0,0,1,3,528,0,352.64,0,4.45
2314,0,-1,0,1634,2,0.0,0,2,3,840,0,211.06,0,0.45
2315,0,-1,0,1364,1,1.0,0,1,3,76,1,1632.85,0,0.27
2316,0,-1,0,714,1,0.0,0,2,3,356,1,335.58,0,0.51
2317,0,-1,0,1179,1,0.0,0,1,1,156,0,227.87,0,0.31
2318,0,-1,0,495,2,0.0,0,2,4,250,0,169.98,0,1.47
2319,0,-1,0,1209,3,0.0,0,2,2,724,1,540.15,0,0.91
2320,0,-1,0,1410,7,0.286,0,3,3,380,1,568.2,0,1.81
2321,0,-1,0,531,4,0.0,0,1,2,76,1,416.26,0,2.75
2322,0,-1,0,258,2,0.5,0,1,3,156,1,702.78,0,2.83
2323,0,-1,0,1545,3,0.0,0,1,3,156,0,558.01,0,0.71
2324,0,-1,0,246,2,0.0,0,1,3,392,1,107.46,0,2.97
2325,0,-1,0,1238,1,0.0,0,3,5,156,1,558.94,0,0.29
2326,0,-1,0,631,1,0.0,0,3,4,36,0,412.68,0,0.58
2327,0,-1,0,28,3,0.333,0,2,4,156,0,846.68,0,39.11
2328,0,-1,0,4,3,0.333,0,1,3,76,0,240.83,0,50
2329,0,-1,0,160,2,0.0,0,3,5,276,1,383.03,0,4.56
2330,0,-1,0,1375,2,0.5,0,1,3,156,0,400.15,0,0.53
2331,0,-1,0,806,1,1.0,0,3,5,250,1,115.93,0,0.45
2332,0,-1,0,7,1,0.0,0,1,1,840,0,517.68,0,50
2333,0,-1,0,820,1,0.0,0,1,2,156,0,530.22,0,0.45
2334,0,-1,0,976,1,0.0,0,3,3,410,0,386.6,0,0.37
2335,0,-1,0,553,2,0.5,0,1,3,826,1,481.35,0,1.32
2336,0,-1,0,24,4,0.5,0,1,3,392,1,715.53,0,50
2337,0,-1,0,1400,3,0.0,0,2,2,156,0,338.72,0,0.78
2338,0,-1,0,1841,6,0.333,0,1,2,156,0,382.4,0,1.19
2339,0,-1,0,1974,3,0.0,0,1,2,36,1,740.62,0,0.55
2340,0,-1,0,1324,4,0.0,0,1,2,124,1,1262.94,0,1.1
2341,0,-1,0,613,1,0.0,0,3,3,356,1,1197.7,0,0.6
2342,0,-1,0,1611,4,0.25,0,1,1,392,0,385.0,0,0.91
2343,0,-1,0,502,1,1.0,0,1,2,124,0,401.53,0,0.73
2344,0,-1,0,1479,2,0.0,0,1,2,840,1,560.02,0,0.49
2345,0,-1,0,1163,9,0.111,0,1,3,724,1,269.47,0,2.82
2346,0,-1,0,72,1,0.0,0,1,1,840,0,654.58,0,5.07
2347,0,-1,0,1048,3,0.0,0,1,2,528,0,152.42,0,1.04
2348,0,-1,0,1815,1,0.0,0,2,4,276,1,121.22,0,0.2
2349,0,-1,0,1942,1,0.0,0,4,6,250,1,904.9,0,0.19
2350,0,-1,0,240,1,1.0,0,4,6,156,0,746.76,0,1.52
2351,0,-1,0,796,3,0.0,0,1,2,36,0,266.26,0,1.38
2352,0,-1,0,1216,2,0.0,0,1,1,124,0,1307.9,0,0.6
2353,0,-1,0,1340,3,0.333,0,1,2,840,0,788.76,0,0.82
2354,0,-1,0,1089,1,0.0,0,1,1,392,0,306.98,0,0.34
2355,0,-1,0,245,4,0.25,0,1,1,484,0,840.05,0,5.96
2356,0,-1,0,636,1,0.0,0,1,1,356,1,359.52,0,0.57
2357,0,-1,0,443,4,0.0,0,1,2,826,1,476.76,0,3.3
2358,0,-1,0,22,1,1.0,0,1,3,840,0,850.85,0,16.59
2359,0,-1,0,1847,4,0.25,0,1,3,724,1,422.48,0,0.79
2360,0,-1,0,1431,3,0.333,0,1,2,826,1,472.92,0,0.77
2361,0,-1,0,334,2,0.0,0,3,4,840,1,345.11,0,2.19
2362,0,-1,0,157,3,0.667,0,1,2,156,1,579.48,0,6.97
2363,0,-1,0,542,6,0.167,0,1,3,250,1,434.31,0,4.04
2364,0,-1,0,1169,3,0.0,0,1,1,826,1,285.91,0,0.94
2365,0,-1,0,13,1,0.0,0,2,4,250,1,415.4,0,28.08
2366,0,-1,0,969,1,0.0,0,1,3,356,1,393.24,0,0.38
2367,0,-1,0,1772,1,1.0,0,4,4,250,0,205.19,0,0.21
2368,0,-1,0,1928,11,0.091,0,2,2,840,1,1183.78,0,2.08
2369,0,-1,0,1920,1,0.0,0,1,3,484,1,281.31,0,0.19
2370,0,-1,0,967,2,1.0,0,1,2,276,1,947.59,0,0.75
2371,0,-1,0,1415,3,0.333,0,1,2,724,0,462.46,0,0.77
2372,0,-1,0,198,3,0.0,0,1,3,276,1,268.81,0,5.53
2373,0,-1,0,1390,4,0.0,0,2,4,276,0,376.68,0,1.05
2374,0,-1,0,1587,3,0.0,0,1,2,392,1,1898.5,0,0.69
2375,0,-1,0,1655,3,0.0,0,1,3,840,1,602.13,0,0.66
2376,0,-1,0,602,2,0.0,0,1,2,36,1,194.34,0,1.21
2377,0,-1,0,652,1,0.0,0,1,2,380,1,396.78,0,0.56
2378,0,-1,0,157,6,0.0,0,1,1,840,1,151.15,0,13.95
2379,0,-1,0,25,2,0.0,0,1,2,156,1,648.58,0,29.2
2380,0,-1,0,1182,4,0.25,0,1,1,156,1,132.08,0,1.24
2381,0,-1,0,792,1,0.0,0,1,1,36,0,101.85,0,0.46
2382,0,-1,0,22,3,0.0,0,3,3,356,1,613.91,0,49.77
2383,0,-1,0,1552,2,1.0,0,1,1,840,1,257.11,0,0.47
2384,0,-1,0,801,7,0.286,0,1,1,840,1,781.67,0,3.19
2385,0,-1,0,1670,1,0.0,0,1,2,156,0,370.71,0,0.22
2386,0,-1,0,1350,6,0.0,0,3,4,250,1,448.23,0,1.62
2387,0,-1,0,1236,1,0.0,0,3,4,380,0,1361.13,0,0.3
2388,0,-1,0,275,1,0.0,0,1,3,156,0,488.94,0,1.33
2389,0,-1,0,641,1,0.0,0,1,2,276,1,306.32,0,0.57
2390,0,-1,0,179,8,0.125,0,2,3,156,1,184.22,0,16.31
2391,0,-1,0,779,2,0.0,0,1,1,840,1,343.32,0,0.94
2392,0,-1,0,1385,1,1.0,0,3,4,392,1,367.23,0,0.26
2393,0,-1,0,1677,1,0.0,0,2,3,484,0,822.62,0,0.22
2394,0,-1,0,1710,4,0.0,0,3,3,156,0,643.76,0,0.85
2395,0,-1,0,1307,3,0.0,0,1,1,826,0,250.5,0,0.84
2396,0,-1,0,256,1,0.0,0,1,2,826,0,513.04,0,1.43
2397,0,-1,0,675,2,0.5,0,1,1,484,1,576.41,0,1.08
2398,0,-1,0,1627,1,0.0,0,1,3,840,0,257.42,0,0.22
2399,0,-1,0,1451,4,0.0,0,2,2,276,0,162.44,0,1.01
2400,0,-1,0,16,1,0.0,0,1,3,840,1,319.32,0,22.81
2401,0,-1,0,723,3,0.667,0,4,6,124,0,532.21,0,1.51
2402,0,-1,0,822,1,0.0,0,1,3,840,1,311.19,0,0.44
2403,0,-1,0,275,1,0.0,0,1,3,840,0,481.05,0,1.33
2404,0,-1,0,602,2,0.5,0,1,2,276,0,536.8,0,1.21
2405,0,-1,0,1024,1,0.0,0,1,2,250,1,1432.17,0,0.36
2406,0,-1,0,10,1,0.0,0,1,2,484,1,169.55,0,36.5
2407,0,-1,0,1642,2,0.0,0,1,3,356,1,410.27,0,0.44
2408,0,-1,0,23,3,0.333,0,2,3,250,1,537.06,0,47.61
2409,0,-1,0,1104,1,0.0,0,3,5,392,1,473.59,0,0.33
2410,0,-1,0,1495,1,0.0,0,2,2,76,0,782.93,0,0.24
2411,0,-1,0,1056,1,0.0,0,2,2,36,1,154.69,0,0.35
2412,0,-1,0,1908,3,0.333,0,2,4,276,1,406.44,0,0.57
2413,0,-1,0,784,4,0.0,0,1,1,250,0,967.9,0,1.86
2414,0,-1,0,1177,1,0.0,0,1,2,826,1,142.45,0,0.31
2415,0,-1,0,6,2,0.5,0,1,2,276,1,827.91,0,50
2416,0,-1,0,741,7,0.143,0,3,4,392,1,822.63,0,3.45
2417,0,-1,0,137,4,0.25,0,3,5,840,0,167.5,0,10.66
2418,0,-1,0,580,3,0.0,0,1,3,276,0,411.86,0,1.89
2419,0,-1,0,595,1,0.0,0,1,3,156,1,303.33,0,0.61
2420,0,-1,0,8,2,0.0,0,1,3,724,1,650.84,0,50
2421,0,-1,0,1826,3,0.0,0,3,4,124,1,637.69,0,0.6
2422,0,-1,0,1388,4,0.25,0,1,2,276,0,366.56,0,1.05
2423,0,-1,0,1604,2,0.5,0,1,3,356,0,1290.63,0,0.46
2424,0,-1,0,501,5,0.2,0,1,3,124,0,167.09,0,3.64
2425,0,-1,0,16,5,0.2,0,1,2,156,1,732.29,0,50
2426,0,-1,0,23,3,0.0,0,1,2,826,1,662.06,0,47.61
2427,0,-1,0,1697,1,0.0,0,1,2,156,1,453.57,0,0.22
2428,0,-1,0,7,7,0.143,0,1,1,156,1,1500.48,0,50
2429,0,-1,0,1865,1,0.0,0,2,4,276,1,161.94,0,0.2
2430,0,-1,0,1125,2,0.0,0,2,3,156,0,142.47,0,0.65
2431,0,-1,0,442,1,0.0,0,2,4,156,0,847.12,0,0.83
2432,0,-1,0,1546,7,0.286,0,3,3,276,1,1606.51,0,1.65
2433,0,-1,0,529,1,0.0,0,2,2,392,0,870.42,0,0.69
2434,0,-1,0,852,5,0.4,0,4,4,36,1,889.17,0,2.14
2435,0,-1,0,21,1,0.0,0,2,2,276,1,243.53,0,17.38
2436,0,-1,0,4,3,0.333,0,1,2,840,0,81.8,0,50
2437,0,-1,0,751,1,1.0,0,1,1,484,0,1488.11,0,0.49
2438,0,-1,0,668,1,0.0,0,1,3,76,0,246.23,0,0.55
2439,0,-1,0,738,1,0.0,0,3,3,380,0,2179.37,0,0.49
2440,0,-1,0,1132,2,0.0,0,1,3,392,0,457.44,0,0.64
2441,0,-1,0,701,4,0.0,0,3,3,724,1,153.72,0,2.08
2442,0,-1,0,323,1,0.0,0,2,2,826,1,351.1,0,1.13
2443,0,-1,0,232,5,0.4,0,2,4,250,1,84.95,0,7.87
2444,0,-1,0,900,1,0.0,0,1,3,484,0,133.07,0,0.41
2445,0,-1,0,291,2,1.0,0,1,3,826,0,519.07,0,2.51
2446,0,-1,0,818,6,0.167,0,1,2,156,1,1395.55,0,2.68
2447,0,-1,0,1748,2,0.0,0,1,3,826,0,632.16,0,0.42
2448,0,-1,0,1265,7,0.143,0,2,4,840,1,624.99,0,2.02
2449,0,-1,0,75,1,1.0,0,1,2,826,1,181.54,0,4.87
2450,0,-1,0,1338,3,0.0,0,1,3,156,0,1030.51,0,0.82
2451,0,-1,0,792,2,0.0,0,2,4,156,0,481.42,0,0.92
2452,0,-1,0,392,2,0.5,0,2,2,156,0,369.42,0,1.86
2453,0,-1,0,1142,1,0.0,0,1,1,156,0,551.31,0,0.32
2454,0,-1,0,1,1,0.0,0,1,1,356,0,565.59,0,50
2455,0,-1,0,21,1,0.0,0,1,2,276,1,414.97,0,17.38
2456,0,-1,0,1033,3,0.0,0,1,2,276,1,182.85,0,1.06
2457,0,-1,0,579,6,0.167,0,1,3,840,1,566.92,0,3.78
2458,0,-1,0,27,5,0.4,0,1,1,826,1,367.84,0,50
2459,0,-1,0,830,1,0.0,0,1,1,528,1,1011.36,0,0.44
2460,0,-1,0,1238,2,0.5,0,1,2,840,1,442.98,0,0.59
2461,0,-1,0,3,1,0.0,0,1,3,156,1,2081.29,0,50
2462,0,-1,0,1794,2,0.0,0,4,5,276,1,295.63,0,0.41
2463,0,-1,0,787,2,0.0,0,3,4,156,0,295.37,0,0.93
2464,0,-1,0,1859,1,0.0,0,3,5,826,1,243.98,0,0.2
2465,0,-1,0,20,2,0.0,0,3,4,840,1,153.37,0,36.5
2466,0,-1,0,1478,4,0.0,0,2,4,276,1,561.51,0,0.99
2467,0,-1,0,1000,5,0.4,0,3,5,156,1,223.97,0,1.82
2468,0,-1,0,1406,1,0.0,0,1,1,840,0,622.76,0,0.26
2469,0,-1,0,1417,1,0.0,0,1,1,36,0,568.9,0,0.26
2470,0,-1,0,616,4,0.25,0,1,2,250,0,354.62,0,2.37
2471,0,-1,0,766,3,0.333,0,2,3,410,1,378.52,0,1.43
2472,0,-1,0,1867,1,0.0,0,1,1,76,0,361.29,0,0.2
2473,0,-1,0,1070,3,0.0,0,2,4,840,1,1212.8,0,1.02
2474,0,-1,0,18,1,0.0,0,1,3,276,0,788.2,0,20.28
2475,0,-1,0,9,3,0.333,0,4,4,156,1,361.04,0,50
2476,0,-1,0,1244,1,0.0,0,1,1,528,1,1419.12,0,0.29
2477,0,-1,0,1080,1,1.0,0,1,3,124,0,175.07,0,0.34
2478,0,-1,0,167,1,0.0,0,1,1,484,1,795.76,0,2.19
2479,0,-1,0,1964,6,0.0,0,1,3,276,1,621.9,0,1.12
2480,0,-1,0,388,2,0.5,0,1,2,76,0,118.99,0,1.88
2481,0,-1,0,578,2,0.0,0,1,2,380,0,176.14,0,1.26
2482,0,-1,0,8,1,1.0,0,1,2,826,0,434.07,0,45.62
2483,0,-1,0,910,1,1.0,0,2,3,36,0,1073.32,0,0.4
2484,0,-1,0,1526,2,0.5,0,1,1,840,1,158.66,0,0.48
2485,0,-1,0,1400,3,0.0,0,2,4,826,1,334.03,0,0.78
2486,0,-1,0,998,2,0.5,0,2,2,356,0,397.54,0,0.73
2487,0,-1,0,1785,6,0.167,0,2,3,410,1,486.41,0,1.23
2488,0,-1,0,1644,3,0.0,0,1,1,250,0,291.17,0,0.67
2489,0,-1,0,1234,5,0.4,0,1,1,840,0,237.0,0,1.48
2490,0,-1,0,1359,3,0.0,0,3,3,356,0,727.28,0,0.81
2491,0,-1,0,539,2,0.0,0,2,2,410,1,162.91,0,1.35
2492,0,-1,0,1618,7,0.0,0,1,2,156,0,376.98,0,1.58
2493,0,-1,0,1527,2,0.0,0,1,3,250,0,320.89,0,0.48
2494,0,-1,0,1016,2,0.5,0,2,4,826,1,172.0,0,0.72
2495,0,-1,0,748,1,0.0,0,1,3,724,0,614.99,0,0.49
2496,0,-1,0,13,6,0.0,0,3,3,840,0,1132.14,0,50
2497,0,-1,0,1844,3,0.0,0,1,1,410,1,478.17,0,0.59
2498,0,-1,0,3,3,0.333,0,3,5,392,1,73.09,0,50
2499,0,-1,0,1003,2,0.5,0,2,2,840,0,537.73,0,0.73
2500,0,-1,0,1521,4,0.25,0,2,3,156,1,286.83,0,0.96
2501,0,-1,0,1684,2,0.5,0,1,1,380,0,408.7,0,0.43
2502,0,-1,0,137,3,0.0,0,1,3,156,0,694.84,0,7.99
2503,0,-1,0,1326,1,1.0,0,1,2,410,1,467.59,0,0.28
2504,0,-1,0,1326,3,0.0,0,1,3,156,1,389.45,0,0.83
2505,0,-1,0,29,4,0.25,0,1,3,156,0,3179.47,0,50
2506,0,-1,0,1983,1,0.0,0,3,3,840,0,557.38,0,0.18
2507,0,-1,0,282,4,0.0,0,3,4,724,0,879.15,0,5.18
2508,0,-1,0,1488,1,1.0,0,1,3,156,1,220.35,0,0.25
2509,0,-1,0,765,2,0.0,0,1,1,76,1,788.31,0,0.95
2510,0,-1,0,7,3,0.333,0,1,3,392,1,1082.81,0,50
2511,0,-1,0,798,2,0.5,0,1,3,826,1,504.05,0,0.91
2512,0,-1,0,368,1,0.0,0,2,2,156,1,1610.46,0,0.99
2513,0,-1,0,579,3,0.0,0,2,3,76,1,2390.09,0,1.89
2514,0,-1,0,344,2,0.0,0,1,2,840,1,105.97,0,2.12
2515,0,-1,0,16,3,0.333,0,1,3,484,1,778.86,0,50
2516,0,-1,0,936,1,0.0,0,1,2,156,0,792.98,0,0.39
2517,0,-1,0,347,2,0.0,0,3,5,528,1,960.98,0,2.1
2518,0,-1,0,1621,1,0.0,0,1,1,250,1,323.91,0,0.23
2519,0,-1,0,577,2,0.0,0,1,2,826,1,1058.05,0,1.27
2520,0,-1,0,1750,2,1.0,0,1,1,156,1,223.4,0,0.42
2521,0,-1,0,1726,3,0.667,0,1,2,410,0,856.69,0,0.63
2522,0,-1,0,1142,2,0.0,0,2,3,156,0,1107.51,0,0.64
2523,0,-1,0,1576,1,0.0,0,1,1,840,1,760.04,0,0.23
2524,0,-1,0,369,4,0.0,0,1,2,156,1,577.77,0,3.96
2525,0,-1,0,888,1,0.0,0,1,3,124,1,791.24,0,0.41
2526,0,-1,0,14,1,0.0,0,2,4,356,1,684.86,0,26.07
2527,0,-1,0,1603,2,0.5,0,1,2,840,1,337.4,0,0.46
2528,0,-1,0,1293,1,0.0,0,1,3,410,0,853.06,0,0.28
2529,0,-1,0,405,1,0.0,0,1,3,826,0,771.16,0,0.9
2530,0,-1,0,788,4,0.0,0,1,3,840,1,393.78,0,1.85
2531,0,-1,0,1756,1,0.0,0,2,2,276,1,2222.9,0,0.21
2532,0,-1,0,1773,3,0.0,0,3,4,392,1,551.05,0,0.62
2533,0,-1,0,957,3,0.333,0,3,5,156,0,286.66,0,1.14
2534,0,-1,0,881,1,0.0,0,4,4,826,1,304.77,0,0.41
2535,0,-1,0,24,8,0.25,0,1,3,840,1,667.27,0,50
2536,0,-1,0,789,2,0.0,0,3,5,840,0,475.94,0,0.93
2537,0,-1,0,19,9,0.0,0,1,1,528,1,367.45,0,50
2538,0,-1,0,867,3,0.333,0,1,1,156,0,288.34,0,1.26
2539,0,-1,0,1147,4,0.0,0,1,2,826,0,426.56,0,1.27
2540,0,-1,0,113,3,0.0,0,1,3,840,1,2034.55,0,9.69
2541,0,-1,0,1314,2,0.5,0,1,1,392,1,530.23,0,0.56
2542,0,-1,0,1204,4,0.25,0,2,2,156,0,149.0,0,1.21
2543,0,-1,0,1280,2,0.0,0,1,1,392,0,994.33,0,0.57
2544,0,-1,0,1035,1,0.0,0,1,2,484,1,1035.91,0,0.35
2545,0,-1,0,1911,1,1.0,0,3,4,156,0,925.91,0,0.19
2546,0,-1,0,1613,3,0.0,0,1,3,156,0,314.59,0,0.68
2547,0,-1,0,131,5,0.2,0,1,1,36,0,769.02,0,13.93
2548,0,-1,0,92,2,0.5,0,1,1,380,0,826.02,0,7.93
2549,0,-1,0,10,5,0.0,0,1,1,276,0,896.39,0,50
2550,0,-1,0,608,2,0.0,0,1,2,156,0,1525.15,0,1.2
2551,0,-1,0,822,4,0.25,0,3,4,276,0,196.52,0,1.78
2552,0,-1,0,969,6,0.167,0,1,2,76,1,413.81,0,2.26
2553,0,-1,0,173,1,0.0,0,3,4,276,0,679.63,0,2.11
2554,0,-1,0,1370,4,0.0,0,1,3,156,1,916.74,0,1.07
2555,0,-1,0,709,1,1.0,0,1,2,840,1,639.8,0,0.51
2556,0,-1,0,675,2,0.0,0,1,3,392,1,153.72,0,1.08
2557,0,-1,0,1992,1,0.0,0,2,3,840,0,591.27,0,0.18
2558,0,-1,0,1727,2,1.0,0,2,4,76,1,758.96,0,0.42
2559,0,-1,0,292,1,0.0,0,2,2,410,0,1500.36,0,1.25
2560,0,-1,0,512,3,0.667,0,1,2,840,0,477.38,0,2.14
2561,0,-1,0,617,1,0.0,0,1,1,392,1,408.58,0,0.59
2562,0,-1,0,1764,3,0.0,0,1,2,380,0,1892.89,0,0.62
2563,0,-1,0,1222,6,0.167,0,1,2,156,0,346.56,0,1.79
2564,0,-1,0,1388,1,1.0,0,2,4,124,0,157.07,0,0.26
2565,0,-1,0,15,2,0.0,0,4,6,156,1,263.31,0,48.67
2566,0,-1,0,181,2,0.0,0,1,2,840,1,1033.03,0,4.03
2567,0,-1,0,1250,2,0.5,0,1,3,840,1,210.6,0,0.58
2568,0,-1,0,317,5,0.4,0,1,1,156,1,871.34,0,5.76
2569,0,-1,0,1928,2,0.0,0,1,1,724,0,669.02,0,0.38
2570,0,-1,0,399,2,0.0,0,1,2,356,1,393.29,0,1.83
2571,0,-1,0,1869,2,0.0,0,1,2,724,0,164.34,0,0.39
2572,0,-1,0,1560,1,0.0,0,2,4,826,0,220.39,0,0.23
2573,0,-1,0,1112,1,1.0,0,2,4,380,0,646.96,0,0.33
2574,0,-1,0,752,3,0.0,0,1,1,276,1,123.82,0,1.46
2575,0,-1,0,997,3,0.0,0,1,3,410,0,392.04,0,1.1
2576,0,-1,0,1582,2,1.0,0,1,2,840,1,273.41,0,0.46
2577,0,-1,0,1873,3,0.0,0,2,4,840,1,158.36,0,0.58
2578,0,-1,0,623,2,0.5,0,1,2,826,1,351.89,0,1.17
2579,0,-1,0,825,1,0.0,0,1,1,276,0,848.63,0,0.44
2580,0,-1,0,1237,3,0.0,0,1,2,826,0,105.22,0,0.89
2581,0,-1,0,1408,1,1.0,0,1,2,36,1,1960.53,0,0.26
2582,0,-1,0,4,1,0.0,0,1,1,156,1,574.38,0,50
2583,0,-1,0,1852,4,0.0,0,1,3,392,0,1414.27,0,0.79
2584,0,-1,0,1669,8,0.375,0,1,3,156,1,805.37,0,1.75
2585,0,-1,0,299,1,0.0,0,1,1,840,1,405.82,0,1.22
2586,0,-1,0,924,9,0.0,0,1,1,36,1,2181.14,0,3.56
2587,0,-1,0,1876,2,0.0,0,2,2,528,1,215.06,0,0.39
2588,0,-1,0,363,1,0.0,0,4,5,840,1,399.32,0,1.01
2589,0,-1,0,629,6,0.333,0,2,3,156,1,451.03,0,3.48
2590,0,-1,0,1373,5,0.2,0,1,2,156,1,564.26,0,1.33
2591,0,-1,0,437,1,0.0,0,1,2,124,1,554.2,0,0.84
2592,0,-1,0,651,3,0.0,0,1,2,276,0,552.95,0,1.68
2593,0,-1,0,416,1,1.0,0,2,4,76,0,173.79,0,0.88
2594,0,-1,0,10,1,0.0,0,1,3,528,0,236.42,0,36.5
2595,0,-1,0,11,4,0.25,0,1,2,156,1,267.58,0,50
2596,0,-1,0,828,4,0.0,0,1,3,840,1,980.86,0,1.76
2597,0,-1,0,1082,2,0.0,0,1,2,276,0,997.3,0,0.67
2598,0,-1,0,763,1,1.0,0,2,2,484,1,1924.79,0,0.48
2599,0,-1,0,788,1,1.0,0,2,3,156,1,135.25,0,0.46
2600,0,-1,0,498,1,0.0,0,2,4,826,0,475.29,0,0.73
2601,0,-1,0,28,8,0.125,0,2,3,840,1,318.59,0,50
2602,0,-1,0,1433,2,0.0,0,2,2,392,1,272.49,0,0.51
2603,0,-1,0,595,1,0.0,0,1,1,76,1,110.23,0,0.61
2604,0,-1,0,1432,2,0.5,0,1,3,840,1,456.74,0,0.51
2605,0,-1,0,1035,1,1.0,0,1,3,840,1,543.61,0,0.35
2606,0,-1,0,470,4,0.0,0,1,2,840,1,356.44,0,3.11
2607,0,-1,0,1373,3,0.333,0,1,2,840,0,1305.97,0,0.8
2608,0,-1,0,1514,6,0.333,0,2,4,76,1,551.59,0,1.45
2609,0,-1,0,410,1,1.0,0,2,3,528,1,1186.38,0,0.89
2610,0,-1,0,1267,2,1.0,0,1,1,250,1,238.67,0,0.58
2611,0,-1,0,567,2,0.0,0,1,2,528,1,314.47,0,1.29
2612,0,-1,0,3,1,0.0,0,1,1,156,1,268.37,0,50
2613,0,-1,0,482,3,0.333,0,3,5,276,0,719.31,0,2.27
2614,0,-1,0,1456,8,0.0,0,2,2,840,1,1352.81,0,2.01
2615,0,-1,0,1983,1,0.0,0,1,2,410,1,403.79,0,0.18
2616,0,-1,0,953,3,0.333,0,1,2,250,1,404.69,0,1.15
2617,0,-1,0,1331,3,0.0,0,1,3,356,1,897.43,0,0.82
2618,0,-1,0,10,1,0.0,0,2,2,156,0,311.22,0,36.5
2619,0,-1,0,233,1,0.0,0,1,1,484,1,463.2,0,1.57
2620,0,-1,0,13,3,0.0,0,1,1,826,1,396.36,0,50
2621,0,-1,0,977,4,0.25,0,4,5,250,0,239.78,0,1.49
2622,0,-1,0,25,2,0.5,0,3,5,840,1,335.9,0,29.2
2623,0,-1,0,1800,2,0.5,0,1,2,724,1,395.35,0,0.41
2624,0,-1,0,23,3,0.333,0,1,1,156,0,3197.76,0,47.61
2625,0,-1,0,12,3,0.0,0,2,4,840,1,451.86,0,50
2626,0,-1,0,1760,3,0.0,0,3,4,156,0,1152.36,0,0.62
2627,0,-1,0,1034,1,0.0,0,1,1,156,0,1365.69,0,0.35
2628,0,-1,0,14,6,0.167,0,1,2,250,1,309.52,0,50
2629,0,-1,0,1201,3,0.333,0,2,2,484,1,1076.26,0,0.91
2630,0,-1,0,115,2,0.0,0,2,2,36,0,772.23,0,6.35
2631,0,-1,0,573,1,0.0,0,1,2,76,1,636.62,0,0.64
2632,0,-1,0,1662,3,0.333,0,1,2,484,1,173.98,0,0.66
2633,0,-1,0,261,2,0.0,0,1,1,840,1,464.95,0,2.8
2634,0,-1,0,497,1,0.0,0,1,2,840,1,479.95,0,0.73
2635,0,-1,0,509,4,0.0,0,1,1,840,1,489.61,0,2.87
2636,0,-1,0,1608,2,0.0,0,1,3,124,0,332.14,0,0.45
2637,0,-1,0,346,1,0.0,0,2,3,250,1,269.43,0,1.05
2638,0,-1,0,435,5,0.2,0,1,3,840,1,874.52,0,4.2
2639,0,-1,0,1815,4,0.0,0,1,2,156,1,1154.21,0,0.8
2640,0,-1,0,295,2,0.5,0,3,4,356,0,465.52,0,2.47
2641,0,-1,0,281,5,0.4,0,1,3,392,1,905.32,0,6.49
2642,0,-1,0,1460,2,0.0,0,1,1,276,1,183.89,0,0.5
2643,0,-1,0,1882,2,0.0,0,1,2,250,0,541.68,0,0.39
2644,0,-1,0,1625,2,0.5,0,1,3,826,0,340.4,0,0.45
2645,0,-1,0,1856,4,0.5,0,1,3,250,0,2308.79,0,0.79
2646,0,-1,0,28,1,0.0,0,2,3,528,0,387.31,0,13.04
2647,0,-1,0,1273,2,0.0,0,3,3,276,1,133.44,0,0.57
2648,0,-1,0,787,1,0.0,0,1,3,410,1,458.58,0,0.46
2649,0,-1,0,1447,2,0.0,0,2,4,840,0,585.05,0,0.5
2650,0,-1,0,28,2,0.0,0,1,1,392,1,1266.25,0,26.07
2651,0,-1,0,88,3,0.0,0,3,5,392,1,203.62,0,12.44
2652,0,-1,0,1989,3,0.333,0,1,1,840,1,220.36,0,0.55
2653,0,-1,0,384,1,0.0,0,2,3,840,1,1389.06,0,0.95
2654,0,-1,0,1944,3,0.667,0,3,4,410,1,727.17,0,0.56
2655,0,-1,0,148,1,1.0,0,1,3,124,1,469.59,0,2.47
2656,0,-1,0,1890,4,0.25,0,2,4,276,0,94.03,0,0.77
2657,0,-1,0,1948,1,0.0,0,2,4,276,1,806.56,0,0.19
2658,0,-1,0,1039,2,0.0,0,1,2,840,1,611.71,0,0.7
2659,0,-1,0,29,3,0.333,0,2,3,76,1,370.49,0,37.76
2660,0,-1,0,1153,2,0.0,0,1,2,724,1,588.91,0,0.63
2661,0,-1,0,395,1,0.0,0,1,3,840,1,353.29,0,0.92
2662,0,-1,0,269,6,0.167,0,2,3,156,1,213.67,0,8.14
2663,0,-1,0,6,1,0.0,0,1,1,356,0,607.88,0,50
2664,0,-1,0,8,1,1.0,0,2,3,276,1,436.35,0,45.62
2665,0,-1,0,234,1,0.0,0,1,3,826,0,222.97,0,1.56
2666,0,-1,0,28,1,0.0,0,1,1,392,0,174.56,0,13.04
2667,0,-1,0,430,5,0.0,0,1,2,156,1,127.39,0,4.24
2668,0,-1,0,46,4,0.0,0,1,3,410,0,248.95,0,31.74
2669,0,-1,0,371,1,0.0,0,1,1,156,0,1518.5,0,0.98
2670,0,-1,0,1361,5,0.2,0,1,1,156,1,671.94,0,1.34
2671,0,-1,0,274,2,1.0,0,1,3,840,0,348.88,0,2.66
2672,0,-1,0,2,1,0.0,0,2,4,156,0,246.61,0,50
2673,0,-1,0,62,3,0.0,0,4,4,156,0,2086.35,0,17.66
2674,0,-1,0,1535,2,0.0,0,1,1,76,0,243.39,0,0.48
2675,0,-1,0,601,3,0.0,0,1,2,840,1,1494.79,0,1.82
2676,0,-1,0,29,1,0.0,0,1,3,276,1,448.98,0,12.59
2677,0,-1,0,1719,1,0.0,0,3,3,840,1,712.99,0,0.21
2678,0,-1,0,1102,2,0.0,0,1,3,276,0,677.64,0,0.66
2679,0,-1,0,1976,3,0.0,0,1,1,410,0,593.24,0,0.55
2680,0,-1,0,7,1,0.0,0,2,3,840,1,171.13,0,50
2681,0,-1,0,7,7,0.0,0,1,1,840,1,455.56,0,50
2682,0,-1,0,398,3,0.667,0,4,6,380,0,979.58,0,2.75
2683,0,-1,0,1460,9,0.0,0,1,2,356,1,124.51,0,2.25
2684,0,-1,0,1410,3,0.333,0,1,2,380,1,425.67,0,0.78
2685,0,-1,0,214,2,0.0,0,1,3,410,1,208.23,0,3.41
2686,0,-1,0,805,1,0.0,0,1,2,124,1,180.39,0,0.45
2687,0,-1,0,19,1,1.0,0,1,3,156,0,96.29,0,19.21
2688,0,-1,0,24,1,0.0,0,2,2,826,0,2062.13,0,15.21
2689,0,-1,0,26,2,0.0,0,1,1,356,0,357.61,0,28.08
2690,0,-1,0,263,4,0.5,0,4,5,840,0,593.6,0,5.55
2691,0,-1,0,1570,1,0.0,0,2,2,484,1,277.11,0,0.23
2692,0,-1,0,860,3,0.0,0,1,3,356,0,395.5,0,1.27
2693,0,-1,0,11,8,0.5,0,1,2,36,1,1944.46,0,50
2694,0,-1,0,1,2,0.5,0,3,3,276,1,336.27,0,50
2695,0,-1,0,501,3,0.333,0,1,2,250,1,131.31,0,2.19
2696,0,-1,0,1977,2,0.0,0,1,3,76,1,326.4,0,0.37
2697,0,-1,0,587,1,0.0,0,3,4,250,1,356.43,0,0.62
2698,0,-1,0,263,1,0.0,0,1,2,276,1,291.98,0,1.39
2699,0,-1,0,13,2,0.0,0,3,4,484,0,643.07,0,50
2700,0,-1,0,1021,1,0.0,0,1,3,724,1,1362.65,0,0.36
2701,0,-1,0,470,1,0.0,0,2,2,724,1,160.32,0,0.78
2702,0,-1,0,442,2,0.0,0,1,2,840,0,1170.74,0,1.65
2703,0,-1,0,481,1,1.0,0,1,3,250,1,699.96,0,0.76
2704,0,-1,0,462,4,0.0,0,1,1,840,1,310.01,0,3.16
2705,0,-1,0,643,3,0.0,0,1,1,356,1,350.17,0,1.7
2706,0,-1,0,1127,1,0.0,0,1,2,826,1,396.02,0,0.32
2707,0,-1,0,1126,7,0.143,0,1,3,840,1,693.03,0,2.27
2708,0,-1,0,640,1,0.0,0,1,3,124,1,241.86,0,0.57
2709,0,-1,0,1743,1,0.0,0,2,2,156,1,559.11,0,0.21
2710,0,-1,0,1003,1,0.0,0,2,3,392,0,243.55,0,0.36
2711,0,-1,0,1402,1,0.0,0,3,4,826,1,1320.46,0,0.26
2712,0,-1,0,1066,2,0.5,0,1,2,380,0,610.69,0,0.68
2713,0,-1,0,1523,3,0.0,0,1,2,380,0,265.53,0,0.72
2714,0,-1,0,6,4,0.25,0,1,3,840,1,709.92,0,50
2715,0,-1,0,3,1,0.0,0,3,3,840,1,731.3,0,50
2716,0,-1,0,1314,5,0.0,0,1,3,826,1,1101.83,0,1.39
2717,0,-1,0,1772,6,0.0,0,2,4,356,0,801.7,0,1.24
2718,0,-1,0,494,4,0.0,0,1,3,276,1,628.35,0,2.96
2719,0,-1,0,1686,2,0.0,0,3,4,840,1,501.54,0,0.43
2720,0,-1,0,2,2,0.0,0,1,1,356,0,344.54,0,50
2721,0,-1,0,1273,2,0.0,0,1,1,156,1,213.75,0,0.57
2722,0,-1,0,1970,7,0.143,0,4,5,356,1,234.05,0,1.3
2723,0,-1,0,1703,1,0.0,0,2,2,392,1,814.56,0,0.21
2724,0,-1,0,1709,2,0.5,0,1,1,276,1,960.25,0,0.43
2725,0,-1,0,11,2,0.0,0,4,5,124,1,835.24,0,50
2726,0,-1,0,5,5,0.4,0,1,2,276,0,683.45,0,50
2727,0,-1,0,1072,1,0.0,0,2,2,250,1,507.93,0,0.34
2728,0,-1,0,352,3,0.0,0,1,2,36,1,252.37,0,3.11
2729,0,-1,0,966,1,0.0,0,1,1,840,0,1242.5,0,0.38
2730,0,-1,0,1613,7,0.0,0,2,2,840,1,381.41,0,1.58
2731,0,-1,0,1583,5,0.0,0,1,3,156,1,413.74,0,1.15
2732,0,-1,0,1585,4,0.0,0,1,3,124,1,364.93,0,0.92
2733,0,-1,0,3,5,0.2,0,1,1,528,1,259.97,0,50
2734,0,-1,0,980,1,0.0,0,3,4,826,0,1031.52,0,0.37
2735,0,-1,0,1409,3,0.667,0,1,2,250,0,390.67,0,0.78
2736,0,-1,0,1863,1,0.0,0,4,4,392,0,749.79,0,0.2
2737,0,-1,0,565,3,0.0,0,1,2,724,0,447.91,0,1.94
2738,0,-1,0,188,2,0.0,0,1,3,392,1,117.14,0,3.88
2739,0,-1,0,171,4,0.25,0,1,2,826,1,430.96,0,8.54
2740,0,-1,0,895,2,0.0,0,1,3,840,1,1683.97,0,0.82
2741,0,-1,0,1620,3,0.333,0,2,2,392,1,1756.32,0,0.68
2742,0,-1,0,851,2,0.5,0,3,5,36,1,338.78,0,0.86
2743,0,-1,0,460,1,0.0,0,1,1,840,1,1872.76,0,0.79
2744,0,-1,0,19,1,0.0,0,1,1,276,1,316.79,0,19.21
2745,0,-1,0,925,4,0.0,0,1,1,724,1,972.04,0,1.58
2746,0,-1,0,1509,4,0.0,0,3,4,840,1,709.38,0,0.97
2747,0,-1,0,776,2,0.0,0,1,3,356,0,536.95,0,0.94
2748,0,-1,0,6,3,0.0,0,1,3,724,0,367.42,0,50
2749,0,-1,0,536,1,0.0,0,2,3,484,1,1602.98,0,0.68
2750,0,-1,0,725,3,0.0,0,1,2,276,0,304.01,0,1.51
2751,0,-1,0,959,4,0.25,0,1,2,156,0,475.83,0,1.52
2752,0,-1,0,770,9,0.111,0,2,2,76,1,193.86,0,4.27
2753,0,-1,0,1584,1,0.0,0,3,5,276,0,1014.04,0,0.23
2754,0,-1,0,651,4,0.25,0,2,3,250,1,131.32,0,2.24
2755,0,-1,0,631,1,0.0,0,1,2,840,1,206.62,0,0.58
2756,0,-1,0,1664,1,0.0,0,2,2,724,1,532.07,0,0.22
2757,0,-1,0,959,1,0.0,0,1,1,250,0,1454.94,0,0.38
2758,0,-1,0,1882,2,0.5,0,2,4,250,0,173.44,0,0.39
2759,0,-1,0,1616,4,0.25,0,3,4,826,1,695.25,0,0.9
2760,0,-1,0,47,2,0.5,0,2,2,124,0,406.73,0,15.53
2761,0,-1,0,266,2,0.0,0,1,2,410,0,546.61,0,2.74
2762,0,-1,0,1378,3,0.333,0,1,2,76,0,855.85,0,0.79
2763,0,-1,0,555,2,0.0,0,1,1,826,0,291.57,0,1.32
2764,0,-1,0,17,2,0.0,0,1,3,124,0,249.46,0,42.94
2765,0,-1,0,1720,2,0.5,0,2,3,840,0,394.37,0,0.42
2766,0,-1,0,700,5,0.0,0,4,5,840,1,556.97,0,2.61
2767,0,-1,0,232,1,0.0,0,2,4,392,1,327.53,0,1.57
2768,0,-1,0,1613,3,0.0,0,1,1,840,0,561.51,0,0.68
2769,0,-1,0,260,4,0.25,0,3,5,392,0,552.81,0,5.62
2770,0,-1,0,29,2,0.0,0,1,2,826,1,944.51,0,25.17
2771,0,-1,0,1310,1,0.0,0,1,3,826,0,2087.59,0,0.28
2772,0,-1,0,351,1,0.0,0,1,3,156,0,1025.87,0,1.04
2773,0,-1,0,187,3,0.333,0,4,5,276,1,462.39,0,5.86
2774,0,-1,0,91,6,0.167,0,1,1,840,1,350.44,0,24.07
2775,0,-1,0,12,5,0.2,0,1,1,484,1,330.7,0,50
2776,0,-1,0,1464,3,0.0,0,2,3,826,1,437.86,0,0.75
2777,0,-1,0,676,1,1.0,0,1,1,392,0,466.37,0,0.54
2778,0,-1,0,1555,1,0.0,0,1,3,276,1,2482.81,0,0.23
2779,0,-1,0,609,4,0.25,0,2,4,410,1,585.2,0,2.4
2780,0,-1,0,1969,7,0.286,0,2,3,484,1,734.24,0,1.3
2781,0,-1,0,1645,2,0.0,0,2,2,840,1,101.56,0,0.44
2782,0,-1,0,1007,4,0.5,0,1,1,840,0,68.61,0,1.45
2783,0,-1,0,1950,2,0.0,0,1,2,276,0,541.08,0,0.37
2784,0,-1,0,413,4,0.25,0,1,2,392,1,558.02,0,3.54
2785,0,-1,0,711,2,0.0,0,2,3,276,1,1661.57,0,1.03
2786,0,-1,0,167,2,0.0,0,1,3,840,0,333.65,0,4.37
2787,0,-1,0,979,1,1.0,0,1,1,840,0,239.92,0,0.37
2788,0,-1,0,760,3,0.0,0,2,4,392,0,222.07,0,1.44
2789,0,-1,0,974,2,0.0,0,2,3,392,0,1466.18,0,0.75
2790,0,-1,0,6,6,0.333,0,1,1,156,1,92.2,0,50
2791,0,-1,0,575,2,0.0,0,4,4,156,0,279.31,0,1.27
2792,0,-1,0,22,3,0.0,0,1,2,840,1,226.06,0,49.77
2793,0,-1,0,9,2,0.0,0,1,2,528,1,581.56,0,50
2794,0,-1,0,819,11,0.182,0,1,1,826,1,1818.84,0,4.9
2795,0,-1,0,769,2,0.0,0,1,3,250,1,1143.84,0,0.95
2796,0,-1,0,360,3,0.667,0,1,2,250,1,808.27,0,3.04
2797,0,-1,0,22,6,0.5,0,1,2,826,1,541.09,0,50
2798,0,-1,0,970,3,0.333,0,1,1,250,1,588.03,0,1.13
2799,0,-1,0,1324,1,0.0,0,2,2,410,0,368.53,0,0.28
2800,0,-1,0,300,10,0.1,0,3,4,724,1,687.67,0,12.17
2801,0,-1,0,1423,1,0.0,0,1,2,250,1,314.0,0,0.26
2802,0,-1,0,1775,1,0.0,0,4,5,840,1,340.46,0,0.21
2803,0,-1,0,1418,1,0.0,0,1,1,410,1,216.21,0,0.26
2804,0,-1,0,296,4,0.25,0,1,1,250,1,506.98,0,4.93
2805,0,-1,0,27,3,0.667,0,1,2,356,0,287.04,0,40.56
2806,0,-1,0,412,1,1.0,0,1,1,156,1,134.78,0,0.89
2807,0,-1,0,50,1,1.0,0,1,1,826,1,545.31,0,7.3
2808,0,-1,0,1569,3,0.333,0,1,3,76,0,236.25,0,0.7
2809,0,-1,0,766,1,0.0,0,1,3,124,1,274.5,0,0.48
2810,0,-1,0,912,3,0.0,0,3,3,826,1,181.94,0,1.2
2811,0,-1,0,444,2,0.0,0,1,1,276,1,1336.85,0,1.64
2812,0,-1,0,8,6,0.0,0,2,4,250,1,294.14,0,50
2813,0,-1,0,46,5,0.0,0,1,3,528,1,657.16,0,39.67
2814,0,-1,0,1566,2,0.0,0,1,2,840,1,230.73,0,0.47
2815,0,-1,0,553,1,0.0,0,2,2,250,1,5709.17,0,0.66
2816,0,-1,0,1777,2,0.5,0,4,5,276,0,440.89,0,0.41
2817,0,-1,0,815,4,0.5,0,1,1,124,1,354.68,0,1.79
2818,0,-1,0,1967,1,0.0,0,1,2,276,0,1205.63,0,0.19
2819,0,-1,0,12,4,0.0,0,1,3,826,1,2393.41,0,50
2820,0,-1,0,16,2,0.0,0,1,3,356,0,558.65,0,45.62
2821,0,-1,0,130,2,0.5,0,2,2,36,1,1875.98,0,5.62
2822,0,-1,0,59,2,0.5,0,1,3,250,0,832.7,0,12.37
2823,0,-1,0,854,1,1.0,0,1,3,392,0,531.86,0,0.43
2824,0,-1,0,189,2,0.5,0,1,3,724,1,701.18,0,3.86
2825,0,-1,0,1017,2,0.5,0,1,3,356,1,179.26,0,0.72
2826,0,-1,0,6,3,0.0,0,1,2,250,0,2709.66,0,50
2827,0,-1,0,1174,2,0.5,0,1,2,276,0,1627.99,0,0.62
2828,0,-1,0,668,3,0.0,0,1,1,250,0,209.28,0,1.64
2829,0,-1,0,1278,4,0.25,0,1,2,276,1,248.16,0,1.14
2830,0,-1,0,483,3,0.667,0,1,1,76,0,479.23,0,2.27
2831,0,-1,0,3,4,0.0,0,2,4,528,0,1218.38,0,50
2832,0,-1,0,1010,4,0.25,0,3,4,356,0,339.89,0,1.45
2833,0,-1,0,1305,1,0.0,0,1,3,156,0,1556.61,0,0.28
2834,0,-1,0,9,3,0.0,0,1,1,156,0,504.38,0,50
2835,0,-1,0,1066,1,0.0,0,1,3,276,0,351.11,0,0.34
2836,0,-1,0,547,2,0.0,0,1,2,826,1,261.08,0,1.33
2837,0,-1,0,514,1,0.0,0,3,3,276,1,273.92,0,0.71
2838,0,-1,0,1388,2,1.0,0,1,2,356,0,315.32,0,0.53
2839,0,-1,0,938,2,0.0,0,1,2,124,1,178.57,0,0.78
2840,0,-1,0,1709,3,0.0,0,1,3,124,0,203.78,0,0.64
2841,0,-1,0,640,4,0.0,0,1,1,124,1,779.05,0,2.28
2842,0,-1,0,1903,1,1.0,0,1,3,124,1,373.1,0,0.19
2843,0,-1,0,1660,1,0.0,0,1,3,840,0,375.11,0,0.22
2844,0,-1,0,565,1,0.0,0,2,4,156,0,445.47,0,0.65
2845,0,-1,0,999,2,0.0,0,1,2,156,0,297.06,0,0.73
2846,0,-1,0,1589,2,0.5,0,2,3,826,1,225.76,0,0.46
2847,0,-1,0,1091,1,0.0,0,1,3,276,1,211.28,0,0.33
2848,0,-1,0,1427,1,0.0,0,1,3,156,1,436.15,0,0.26
2849,0,-1,0,1485,2,0.5,0,1,2,840,0,447.69,0,0.49
2850,0,-1,0,1022,6,0.0,0,1,3,156,1,633.58,0,2.14
2851,0,-1,0,553,2,0.0,0,1,3,392,1,412.16,0,1.32
2852,0,-1,0,8,6,0.0,0,1,1,156,0,830.45,0,50
2853,0,-1,0,1896,2,0.5,0,2,2,826,1,797.82,0,0.39
2854,0,-1,0,1452,4,0.0,0,1,2,826,1,342.45,0,1.01
2855,0,-1,0,277,3,0.333,0,1,3,250,0,403.27,0,3.95
2856,0,-1,0,610,3,0.333,0,1,3,826,1,128.27,0,1.8
2857,0,-1,0,905,3,0.667,0,1,3,826,1,331.59,0,1.21
2858,0,-1,0,1550,2,0.5,0,1,1,840,1,230.99,0,0.47
2859,0,-1,0,941,1,0.0,0,1,1,528,1,2122.89,0,0.39
2860,0,-1,0,1372,1,0.0,0,1,1,840,0,863.83,0,0.27
2861,0,-1,0,1467,5,0.2,0,1,1,356,1,910.66,0,1.24
2862,0,-1,0,577,2,0.0,0,2,2,724,0,240.49,0,1.27
2863,0,-1,0,29,4,0.25,0,1,2,156,0,382.3,0,50
2864,0,-1,0,2,4,0.25,0,2,4,276,1,369.88,0,50
2865,0,-1,0,1246,2,0.0,0,1,3,276,0,241.58,0,0.59
2866,0,-1,0,206,7,0.143,0,1,2,724,1,426.83,0,12.4
2867,0,-1,0,28,3,0.0,0,1,2,76,1,223.58,0,39.11
2868,0,-1,0,1426,7,0.143,0,1,3,724,1,562.08,0,1.79
2869,0,-1,0,1922,3,0.333,0,1,2,840,1,161.85,0,0.57
2870,0,-1,0,205,2,0.0,0,3,4,156,1,29.22,0,3.56
2871,0,-1,0,991,1,0.0,0,3,5,826,1,219.46,0,0.37
2872,0,-1,0,1123,1,0.0,0,1,2,840,0,608.13,0,0.33
2873,0,-1,0,216,3,0.333,0,2,2,840,0,100.58,0,5.07
2874,0,-1,0,1746,3,0.0,0,1,2,156,0,337.11,0,0.63
2875,0,-1,0,410,1,0.0,0,2,3,392,1,766.83,0,0.89
2876,0,-1,0,891,7,0.143,0,2,3,826,1,604.79,0,2.87
2877,0,-1,0,944,5,0.6,0,1,2,76,1,305.16,0,1.93
2878,0,-1,0,1330,5,0.2,0,1,3,36,0,292.46,0,1.37
2879,0,-1,0,8,2,0.0,0,3,4,276,0,546.21,0,50
2880,0,-1,0,1985,1,1.0,0,2,3,124,1,768.0,0,0.18
2881,0,-1,0,766,1,0.0,0,1,1,528,0,318.17,0,0.48
2882,0,-1,0,1060,2,0.5,0,1,3,410,1,915.12,0,0.69
2883,0,-1,0,973,7,0.143,0,1,2,276,1,343.88,0,2.63
2884,0,-1,0,119,1,0.0,0,4,4,724,0,263.47,0,3.07
2885,0,-1,0,1765,1,1.0,0,1,3,276,1,555.69,0,0.21
2886,0,-1,0,5,6,0.333,0,1,2,840,1,162.0,0,50
2887,0,-1,0,616,1,0.0,0,1,3,36,0,118.59,0,0.59
2888,0,-1,0,456,2,0.0,0,1,1,276,0,645.34,0,1.6
2889,0,-1,0,692,1,0.0,0,1,1,826,1,252.77,0,0.53
2890,0,-1,0,22,3,0.0,0,2,3,156,0,982.6,0,49.77
2891,0,-1,0,612,2,0.0,0,1,1,36,1,771.41,0,1.19
2892,0,-1,0,1188,1,0.0,0,1,2,392,0,593.82,0,0.31
2893,0,-1,0,5,1,1.0,0,2,3,276,0,352.42,0,50
2894,0,-1,0,262,1,1.0,0,1,1,156,0,404.07,0,1.39
2895,0,-1,0,1168,5,0.0,0,3,3,156,0,242.57,0,1.56
2896,0,-1,0,24,1,0.0,0,1,3,840,0,454.6,0,15.21
2897,0,-1,0,16,3,0.0,0,1,2,840,1,338.47,0,50
2898,0,-1,0,1529,2,0.0,0,1,3,250,1,389.45,0,0.48
2899,0,-1,0,1333,2,0.0,0,3,3,156,0,134.59,0,0.55
2900,0,-1,0,14,8,0.0,0,4,5,356,1,1058.47,0,50
2901,0,-1,0,1377,2,0.5,0,2,4,276,1,180.12,0,0.53
2902,0,-1,0,910,8,0.5,0,1,3,276,1,189.6,0,3.21
2903,0,-1,0,1294,3,0.667,0,1,2,840,1,106.81,0,0.85
2904,0,-1,0,1544,2,0.5,0,3,5,410,1,205.43,0,0.47
2905,0,-1,0,9,2,0.5,0,1,2,356,1,579.23,0,50
2906,0,-1,0,1884,1,0.0,0,1,1,276,1,1036.26,0,0.19
2907,0,-1,0,1495,2,0.0,0,2,3,156,1,642.87,0,0.49
2908,0,-1,0,1572,9,0.222,0,1,2,840,1,333.43,0,2.09
2909,0,-1,0,19,1,1.0,0,1,1,36,1,362.01,0,19.21
2910,0,-1,0,214,4,0.0,0,1,2,156,1,696.72,0,6.82
2911,0,-1,0,451,1,0.0,0,1,1,76,0,914.51,0,0.81
2912,0,-1,0,1784,4,0.0,0,1,1,840,1,275.85,0,0.82
2913,0,-1,0,1807,1,0.0,0,1,1,36,0,140.41,0,0.2
2914,0,-1,0,376,2,0.5,0,1,1,410,1,843.18,0,1.94
2915,0,-1,0,1053,1,0.0,0,1,2,124,0,582.94,0,0.35
2916,0,-1,0,1425,1,0.0,0,1,1,250,1,675.95,0,0.26
2917,0,-1,0,1125,5,0.0,0,3,5,36,0,431.51,0,1.62
2918,0,-1,0,302,7,0.0,0,1,2,484,1,510.09,0,8.46
2919,0,-1,0,1174,1,1.0,0,1,2,840,1,650.23,0,0.31
2920,0,-1,0,228,5,0.0,0,3,4,392,0,554.79,0,8.0
2921,0,-1,0,1126,2,0.0,0,1,1,36,1,894.72,0,0.65
2922,0,-1,0,859,1,0.0,0,2,2,156,1,355.98,0,0.42
2923,0,-1,0,661,2,0.5,0,3,5,250,0,333.24,0,1.1
2924,0,-1,0,6,1,0.0,0,1,1,124,1,260.7,0,50
2925,0,-1,0,1901,1,0.0,0,2,2,484,1,1024.24,0,0.19
2926,0,-1,0,547,1,0.0,0,1,1,356,1,697.54,0,0.67
2927,0,-1,0,237,2,0.0,0,1,1,76,0,2304.76,0,3.08
2928,0,-1,0,531,3,0.0,0,4,6,250,0,990.05,0,2.06
2929,0,-1,0,824,3,0.0,0,2,3,124,1,426.6,0,1.33
2930,0,-1,0,253,1,0.0,0,1,2,840,1,1539.61,0,1.44
2931,0,-1,0,167,1,0.0,0,1,1,724,0,326.52,0,2.19
2932,0,-1,0,436,3,0.0,0,1,2,826,0,246.32,0,2.51
2933,0,-1,0,20,1,0.0,0,1,1,380,0,316.84,0,18.25
2934,0,-1,0,1278,3,0.0,0,2,2,124,1,399.53,0,0.86
2935,0,-1,0,13,6,0.333,0,4,5,840,1,551.39,0,50
2936,0,-1,0,440,1,0.0,0,2,3,840,0,299.21,0,0.83
2937,0,-1,0,382,1,0.0,0,1,3,276,0,1609.66,0,0.96
2938,0,-1,0,1667,6,0.333,0,1,2,250,1,693.09,0,1.31
2939,0,-1,0,908,2,0.0,0,1,3,76,0,236.05,0,0.8
2940,0,-1,0,1249,3,0.0,0,1,1,840,1,632.85,0,0.88
2941,0,-1,0,1707,1,0.0,0,1,1,156,0,1062.73,0,0.21
2942,0,-1,0,724,1,1.0,0,2,4,826,1,223.87,0,0.5
2943,0,-1,0,8,1,1.0,0,2,3,276,0,1238.49,0,45.62
2944,0,-1,0,617,1,0.0,0,1,1,840,1,751.07,0,0.59
2945,0,-1,0,1533,1,0.0,0,1,1,356,1,304.04,0,0.24
2946,0,-1,0,1675,1,0.0,0,2,4,250,1,346.25,0,0.22
2947,0,-1,0,298,2,0.0,0,2,3,36,1,153.18,0,2.45
2948,0,-1,0,955,2,0.0,0,1,2,156,1,263.11,0,0.76
2949,0,-1,0,1959,10,0.2,0,1,2,156,1,316.87,0,1.86
2950,0,-1,0,572,5,0.6,0,1,1,840,1,362.42,0,3.19
2951,0,-1,0,21,1,0.0,0,1,2,124,0,2028.22,0,17.38
2952,0,-1,0,697,2,0.5,0,3,3,724,0,847.4,0,1.05
2953,0,-1,0,308,3,0.0,0,1,2,250,1,121.33,0,3.56
2954,0,-1,0,1763,2,0.0,0,1,2,826,1,533.64,0,0.41
2955,0,-1,0,1436,2,0.5,0,1,1,276,0,479.89,0,0.51
2956,0,-1,0,1309,2,0.0,0,2,3,392,1,261.05,0,0.56
2957,0,-1,0,1631,1,1.0,0,1,2,528,1,381.73,0,0.22
2958,0,-1,0,1573,4,0.0,0,1,3,356,0,675.31,0,0.93
2959,0,-1,0,345,2,0.0,0,4,6,840,1,868.63,0,2.12
2960,0,-1,0,1926,1,0.0,0,2,3,36,1,259.04,0,0.19
2961,0,-1,0,1169,4,0.0,0,1,2,392,1,274.67,0,1.25
2962,0,-1,0,814,1,0.0,0,3,4,156,1,1081.06,0,0.45
2963,0,-1,0,705,2,0.5,0,2,4,484,1,1816.68,0,1.04
2964,0,-1,0,356,4,0.0,0,1,2,826,1,638.45,0,4.1
2965,0,-1,0,1396,2,0.0,0,1,2,840,0,495.84,0,0.52
2966,0,-1,0,16,2,0.5,0,1,1,276,1,250.15,0,45.62
2967,0,-1,0,515,8,0.125,0,1,3,156,1,99.22,0,5.67
2968,0,-1,0,94,1,0.0,0,1,1,36,1,477.77,0,3.88
2969,0,-1,0,1474,1,0.0,0,1,2,356,0,296.92,0,0.25
2970,0,-1,0,416,2,0.5,0,2,3,356,0,612.58,0,1.75
2971,0,-1,0,6,1,0.0,0,1,1,276,0,1216.32,0,50
2972,0,-1,0,217,7,0.143,0,1,1,410,1,2545.24,0,11.77
2973,0,-1,0,1394,3,0.333,0,1,2,826,1,261.99,0,0.79
2974,0,-1,0,4,1,0.0,0,1,1,156,1,774.35,0,50
2975,0,-1,0,1738,1,0.0,0,1,1,276,0,906.41,0,0.21
2976,0,-1,0,1933,3,0.0,0,1,2,410,1,329.55,0,0.57
2977,0,-1,0,264,1,0.0,0,1,3,156,0,530.2,0,1.38
2978,0,-1,0,952,1,0.0,0,1,2,840,1,134.77,0,0.38
2979,0,-1,0,1390,1,0.0,0,2,2,484,1,1347.6,0,0.26
2980,0,-1,0,1500,4,0.0,0,1,2,276,1,858.78,0,0.97
2981,0,-1,0,1755,2,0.0,0,4,4,250,1,220.54,0,0.42
2982,0,-1,0,1269,2,0.0,0,1,2,392,1,1344.87,0,0.58
2983,0,-1,0,219,7,0.143,0,3,3,724,1,422.39,0,11.67
2984,0,-1,0,1060,1,0.0,0,1,1,410,0,419.22,0,0.34
2985,0,-1,0,1073,2,0.0,0,1,3,156,0,369.21,0,0.68
2986,0,-1,0,513,2,0.0,0,1,3,840,0,502.12,0,1.42
2987,0,-1,0,331,1,0.0,0,1,3,724,0,330.76,0,1.1
2988,0,-1,0,1744,6,0.5,0,2,2,724,1,49.87,0,1.26
2989,0,-1,0,711,2,0.0,0,1,2,276,0,469.98,0,1.03
2990,0,-1,0,21,2,0.0,0,1,2,392,0,300.32,0,34.76
2991,0,-1,0,1108,1,1.0,0,4,6,840,0,529.95,0,0.33
2992,0,-1,0,1436,8,0.375,0,3,3,840,1,266.21,0,2.03
2993,0,-1,0,714,2,0.0,0,2,3,826,1,1460.93,0,1.02
2994,0,-1,0,1810,2,0.5,0,2,4,410,0,693.94,0,0.4
2995,0,-1,0,1621,2,0.0,0,1,1,840,0,30.53,0,0.45
2996,0,-1,0,474,4,0.5,0,2,4,840,1,733.5,0,3.08
2997,0,-1,0,41,1,1.0,0,2,3,840,0,331.58,0,8.9
2998,0,-1,0,793,2,0.0,0,1,2,724,1,712.73,0,0.92
2999,0,-1,0,541,7,0.286,0,3,4,156,1,154.38,0,4.72
3000,0,-1,0,279,6,0.167,0,1,1,276,0,1356.57,0,7.85
3001,0,-1,0,1838,3,0.0,0,1,3,250,1,298.03,0,0.6
3002,0,-1,0,1876,1,0.0,0,1,1,840,0,314.94,0,0.19
3003,0,-1,0,1329,2,0.0,0,1,3,276,0,346.2,0,0.55
3004,0,-1,0,1924,7,0.143,0,3,4,36,1,368.7,0,1.33
3005,0,-1,0,1368,2,0.0,0,1,2,156,0,568.56,0,0.53
3006,0,-1,0,1018,4,0.25,0,2,2,356,0,1939.12,0,1.43
3007,0,-1,0,97,1,0.0,0,1,2,276,1,772.59,0,3.76
3008,0,-1,0,8,2,0.0,0,1,1,826,1,391.07,0,50
3009,0,-1,0,12,2,0.0,0,1,1,840,0,133.44,0,50
3010,0,-1,0,18,1,0.0,0,1,3,392,1,664.01,0,20.28
3011,0,-1,0,585,6,0.167,0,3,4,840,1,183.61,0,3.74
3012,0,-1,0,1119,1,0.0,0,1,3,124,1,1643.11,0,0.33
3013,0,-1,0,1546,2,0.5,0,1,3,36,1,284.03,0,0.47
3014,0,-1,0,1831,1,0.0,0,1,2,156,1,321.79,0,0.2
3015,0,-1,0,435,2,0.0,0,1,1,124,0,227.63,0,1.68
3016,0,-1,0,1574,1,0.0,0,1,1,840,1,735.1,0,0.23
3017,0,-1,0,433,1,1.0,0,2,4,826,1,459.24,0,0.84
3018,0,-1,0,1547,1,0.0,0,2,2,124,1,296.2,0,0.24
3019,0,-1,0,10,1,0.0,0,1,3,156,0,759.01,0,36.5
3020,0,-1,0,1859,1,0.0,0,1,2,840,1,400.54,0,0.2
3021,0,-1,0,1508,4,0.0,0,1,3,156,1,259.0,0,0.97
3022,0,-1,0,61,2,0.0,0,1,2,410,0,234.44,0,11.97
3023,0,-1,0,1784,5,0.2,0,1,3,124,0,365.93,0,1.02
3024,0,-1,0,854,1,0.0,0,1,1,840,0,753.17,0,0.43
3025,0,-1,0,1093,4,0.0,0,2,4,840,0,526.81,0,1.34
3026,0,-1,0,1718,1,0.0,0,1,3,392,1,971.68,0,0.21
3027,0,-1,0,1974,1,0.0,0,2,4,840,0,338.04,0,0.18
3028,0,-1,0,17,1,0.0,0,1,3,840,0,173.24,0,21.47
3029,0,-1,0,649,3,0.0,0,1,2,826,0,276.57,0,1.69
3030,0,-1,0,9,4,0.5,0,3,3,356,0,700.46,0,50
3031,0,-1,0,179,1,0.0,0,3,3,156,0,454.17,0,2.04
3032,0,-1,0,1914,2,0.5,0,1,1,410,0,96.18,0,0.38
3033,0,-1,0,151,4,0.0,0,1,1,484,1,661.77,0,9.67
3034,0,-1,0,23,1,0.0,0,1,3,156,0,442.42,0,15.87
3035,0,-1,0,690,2,0.0,0,1,2,840,1,1385.97,0,1.06
3036,0,-1,0,1715,6,0.167,0,2,3,840,1,555.49,0,1.28
3037,0,-1,0,572,6,0.167,0,2,4,826,1,375.05,0,3.83
3038,0,-1,0,2,2,0.0,0,1,1,484,0,266.14,0,50
3039,0,-1,0,699,1,0.0,0,2,3,840,1,539.09,0,0.52
3040,0,-1,0,1556,3,0.333,0,1,3,826,0,244.39,0,0.7
3041,0,-1,0,1384,4,0.0,0,3,3,392,1,193.86,0,1.05
3042,0,-1,0,741,1,0.0,0,3,4,356,1,799.33,0,0.49
3043,0,-1,0,53,8,0.0,0,1,3,156,1,375.25,0,50
3044,0,-1,0,1797,4,0.0,0,1,1,826,1,419.29,0,0.81
3045,0,-1,0,949,2,0.5,0,2,3,826,0,687.89,0,0.77
3046,0,-1,0,1564,2,0.0,0,1,1,124,1,69.06,0,0.47
3047,0,-1,0,449,3,0.0,0,3,5,410,0,249.65,0,2.44
3048,0,-1,0,1180,4,0.25,0,3,5,392,1,660.59,0,1.24
3049,0,-1,0,420,4,0.0,0,1,3,156,0,350.05,0,3.48
3050,0,-1,0,11,6,0.167,0,1,1,76,1,142.3,0,50
3051,0,-1,0,1181,4,0.25,0,1,2,840,1,251.44,0,1.24
3052,0,-1,0,897,5,0.2,0,3,4,76,0,466.32,0,2.03
3053,0,-1,0,1222,3,0.0,0,1,2,840,1,401.71,0,0.9
3054,0,-1,0,170,3,0.0,0,1,2,124,1,308.79,0,6.44
3055,0,-1,0,423,4,0.0,0,1,3,156,1,340.31,0,3.45
3056,0,-1,0,83,2,0.0,0,2,3,36,1,326.12,0,8.8
3057,0,-1,0,1408,1,1.0,0,4,5,840,0,677.96,0,0.26
3058,0,-1,0,196,2,0.0,0,1,3,528,0,132.29,0,3.72
3059,0,-1,0,1724,2,0.5,0,2,3,276,0,251.24,0,0.42
3060,0,-1,0,517,9,0.333,0,2,3,250,1,200.42,0,6.35
3061,0,-1,0,883,2,0.0,0,1,1,76,0,320.4,0,0.83
3062,0,-1,0,1871,2,0.0,0,2,4,528,0,1462.58,0,0.39
3063,0,-1,0,1106,8,0.25,0,2,3,124,1,1058.89,0,2.64
3064,0,-1,0,599,3,0.0,0,1,2,276,1,302.3,0,1.83
3065,0,-1,0,577,8,0.25,0,2,3,276,1,370.9,0,5.06
3066,0,-1,0,830,3,0.333,0,1,1,484,1,672.39,0,1.32
3067,0,-1,0,1345,5,0.0,0,2,2,250,0,384.67,0,1.36
3068,0,-1,0,17,2,0.5,0,2,2,356,1,242.68,0,42.94
3069,0,-1,0,10,2,0.0,0,2,3,156,1,676.04,0,50
3070,0,-1,0,1779,4,0.25,0,3,4,380,0,395.49,0,0.82
3071,0,-1,0,641,4,0.25,0,1,3,156,0,650.01,0,2.28
3072,0,-1,0,382,1,0.0,0,2,3,36,1,146.85,0,0.96
3073,0,-1,0,27,1,1.0,0,4,6,826,0,222.8,0,13.52
3074,0,-1,0,14,3,0.0,0,3,4,156,0,749.77,0,50
3075,0,-1,0,588,3,0.0,0,1,3,826,1,287.08,0,1.86
3076,0,-1,0,671,1,0.0,0,2,4,276,1,723.79,0,0.54
3077,0,-1,0,159,2,0.0,0,1,2,356,1,1583.23,0,4.59
3078,0,-1,0,1751,4,0.0,0,1,1,840,1,487.76,0,0.83
3079,0,-1,0,547,6,0.167,0,1,2,392,1,622.54,0,4.0
3080,0,-1,0,11,3,0.333,0,1,2,156,1,1423.27,0,50
3081,0,-1,0,21,5,0.2,0,1,3,356,1,858.33,0,50
3082,0,-1,0,1288,3,0.0,0,1,3,250,0,387.04,0,0.85
3083,0,-1,0,1732,4,0.25,0,2,4,250,1,100.48,0,0.84
3084,0,-1,0,7,4,0.0,0,1,2,156,1,265.24,0,50
3085,0,-1,0,2,1,1.0,0,2,3,840,1,545.69,0,50
3086,0,-1,0,1740,2,0.5,0,3,3,724,1,374.53,0,0.42
3087,0,-1,0,12,1,0.0,0,1,3,840,0,569.83,0,30.42
3088,0,-1,0,237,1,1.0,0,4,4,840,1,841.47,0,1.54
3089,0,-1,0,1073,1,0.0,0,1,2,156,0,279.4,0,0.34
3090,0,-1,0,570,7,0.143,0,1,3,410,1,129.34,0,4.48
3091,0,-1,0,188,4,0.25,0,1,2,484,1,518.9,0,7.77
3092,0,-1,0,1271,3,0.0,0,4,5,156,0,362.93,0,0.86
3093,0,-1,0,1978,1,0.0,0,2,3,36,1,702.03,0,0.18
3094,0,-1,0,1898,2,0.0,0,1,2,356,1,188.47,0,0.38
3095,0,-1,0,1432,2,0.0,0,2,2,124,1,361.92,0,0.51
3096,0,-1,0,543,3,0.333,0,1,1,250,1,849.87,0,2.02
3097,0,-1,0,569,2,0.0,0,1,1,276,1,949.63,0,1.28
3098,0,-1,0,105,1,0.0,0,1,3,36,1,190.3,0,3.48
3099,0,-1,0,399,9,0.333,0,1,2,410,1,270.43,0,8.23
3100,0,-1,0,829,2,0.0,0,1,1,392,1,380.44,0,0.88
3101,0,-1,0,6,2,0.5,0,2,3,826,0,468.51,0,50
3102,0,-1,0,22,2,0.5,0,3,5,124,0,281.39,0,33.18
3103,0,-1,0,1595,1,0.0,0,2,3,356,0,807.92,0,0.23
3104,0,-1,0,790,2,0.0,0,1,2,826,1,247.68,0,0.92
3105,0,-1,0,187,2,0.5,0,1,1,724,1,357.16,0,3.9
3106,0,-1,0,1915,2,0.0,0,1,3,276,0,548.07,0,0.38
3107,0,-1,0,292,2,0.0,0,1,1,840,1,806.95,0,2.5
3108,0,-1,0,1428,1,0.0,0,2,3,840,1,304.6,0,0.26
3109,0,-1,0,12,3,0.333,0,2,4,528,0,471.91,0,50
3110,0,-1,0,10,1,0.0,0,1,2,250,1,785.49,0,36.5
3111,0,-1,0,1083,10,0.4,0,2,3,276,1,1204.3,0,3.37
3112,0,-1,0,779,2,0.5,0,3,5,484,0,320.44,0,0.94
3113,0,-1,0,681,3,0.0,0,2,4,156,1,501.37,0,1.61
3114,0,-1,0,1696,9,0.333,0,1,3,840,1,378.14,0,1.94
3115,0,-1,0,769,6,0.0,0,2,2,156,1,982.42,0,2.85
3116,0,-1,0,1251,3,0.0,0,1,3,840,1,2274.77,0,0.88
3117,0,-1,0,1401,7,0.143,0,1,3,528,1,594.0,0,1.82
3118,0,-1,0,604,1,0.0,0,1,1,528,0,331.28,0,0.6
3119,0,-1,0,545,1,0.0,0,1,3,156,1,472.7,0,0.67
3120,0,-1,0,18,1,0.0,0,3,5,840,0,505.72,0,20.28
3121,0,-1,0,157,3,0.333,0,3,3,156,1,443.16,0,6.97
3122,0,-1,0,1526,2,0.0,0,1,2,484,1,298.31,0,0.48
3123,0,-1,0,340,6,0.167,0,2,4,380,1,846.22,0,6.44
3124,0,-1,0,1735,2,0.5,0,2,2,826,1,341.21,0,0.42
3125,0,-1,0,7,1,1.0,0,2,3,840,0,442.63,0,50
3126,0,-1,0,386,3,0.0,0,2,2,156,0,191.12,0,2.84
3127,0,-1,0,1019,4,0.25,0,1,2,392,0,301.08,0,1.43
3128,0,-1,0,815,2,0.5,0,1,2,724,0,806.59,0,0.9
3129,0,-1,0,13,1,0.0,0,3,5,156,0,1063.63,0,28.08
3130,0,-1,0,3,1,0.0,0,1,1,276,0,110.34,0,50
3131,0,-1,0,1818,4,0.25,0,1,3,380,1,181.05,0,0.8
3132,0,-1,0,1546,1,0.0,0,1,1,124,0,224.66,0,0.24
3133,0,-1,0,922,3,0.333,0,1,2,76,0,132.45,0,1.19
3134,0,-1,0,413,2,0.5,0,1,1,250,1,481.24,0,1.77
3135,0,-1,0,1729,4,0.0,0,2,3,840,0,728.16,0,0.84
3136,0,-1,0,915,2,0.0,0,2,2,380,1,519.31,0,0.8
3137,0,-1,0,1142,4,0.0,0,1,2,36,0,288.24,0,1.28
3138,0,-1,0,3,1,0.0,0,1,1,124,0,1357.68,0,50
3139,0,-1,0,27,1,0.0,0,3,5,156,0,272.03,0,13.52
3140,0,-1,0,1747,3,0.0,0,1,2,76,0,219.93,0,0.63
3141,0,-1,0,466,1,0.0,0,2,3,392,0,1632.63,0,0.78
3142,0,-1,0,1610,2,0.5,0,1,1,528,1,230.48,0,0.45
3143,0,-1,0,253,5,0.2,0,2,3,840,0,696.47,0,7.21
3144,0,-1,0,211,3,0.333,0,2,2,528,0,231.14,0,5.19
3145,0,-1,0,206,9,0.222,0,2,2,826,1,323.49,0,15.95
3146,0,-1,0,1847,2,0.0,0,1,1,36,0,500.36,0,0.4
3147,0,-1,0,1675,4,0.0,0,2,3,840,0,111.41,0,0.87
3148,0,-1,0,246,2,0.5,0,1,3,276,1,240.87,0,2.97
3149,0,-1,0,239,2,0.0,0,2,2,124,0,373.99,0,3.05
3150,0,-1,0,1071,3,0.0,0,1,3,156,0,644.78,0,1.02
3151,0,-1,0,707,5,0.2,0,2,3,156,1,248.22,0,2.58
3152,0,-1,0,1538,8,0.25,0,2,2,840,1,519.43,0,1.9
3153,0,-1,0,671,1,0.0,0,1,3,840,0,466.71,0,0.54
3154,0,-1,0,665,4,0.0,0,2,4,528,0,331.1,0,2.2
3155,0,-1,0,650,2,0.0,0,2,4,156,0,166.37,0,1.12
3156,0,-1,0,1894,3,0.0,0,1,3,840,0,507.49,0,0.58
3157,0,-1,0,4,1,0.0,0,3,3,840,0,455.97,0,50
3158,0,-1,0,1022,1,0.0,0,2,4,276,0,416.24,0,0.36
3159,0,-1,0,1459,2,0.0,0,1,1,156,0,1936.41,0,0.5
3160,0,-1,0,1814,1,1.0,0,1,2,276,1,229.67,0,0.2
3161,0,-1,0,879,2,0.5,0,1,3,392,1,419.14,0,0.83
3162,0,-1,0,1925,1,0.0,0,1,1,250,1,332.51,0,0.19
3163,0,-1,0,18,1,0.0,0,3,3,840,1,960.75,0,20.28
3164,0,-1,0,1498,9,0.333,0,1,3,528,1,291.5,0,2.19
3165,0,-1,0,1214,1,0.0,0,1,3,276,1,211.74,0,0.3
3166,0,-1,0,432,4,0.25,0,1,1,356,1,295.68,0,3.38
3167,0,-1,0,1838,5,0.0,0,3,5,156,1,173.68,0,0.99
3168,0,-1,0,5,3,0.0,0,4,5,840,1,545.76,0,50
3169,0,-1,0,615,6,0.333,0,1,2,392,1,441.31,0,3.56
3170,0,-1,0,13,1,0.0,0,1,3,840,1,790.53,0,28.08
3171,0,-1,0,337,6,0.167,0,1,3,840,1,851.4,0,6.5
3172,0,-1,0,337,1,0.0,0,2,4,124,0,217.11,0,1.08
3173,0,-1,0,1378,9,0.333,0,1,1,528,1,133.02,0,2.38
3174,0,-1,0,1535,1,0.0,0,2,4,392,0,414.37,0,0.24
3175,0,-1,0,1886,2,0.0,0,2,4,250,1,526.52,0,0.39
3176,0,-1,0,1777,3,0.333,0,3,4,156,1,340.74,0,0.62
3177,0,-1,0,1015,4,0.0,0,1,1,840,1,1423.39,0,1.44
3178,0,-1,0,1538,4,0.25,0,2,2,124,0,282.09,0,0.95
3179,0,-1,0,1484,1,1.0,0,2,4,250,0,198.78,0,0.25
3180,0,-1,0,1259,4,0.25,0,1,1,156,0,179.17,0,1.16
3181,0,-1,0,1542,5,0.2,0,2,2,840,0,250.64,0,1.18
3182,0,-1,0,1976,2,0.0,0,1,2,826,1,317.69,0,0.37
3183,0,-1,0,1519,2,0.0,0,1,3,840,1,687.38,0,0.48
3184,0,-1,0,27,2,0.5,0,1,3,826,0,529.69,0,27.04
3185,0,-1,0,1392,5,0.0,0,1,3,840,0,563.96,0,1.31
3186,0,-1,0,1213,8,0.25,0,1,1,356,1,387.22,0,2.41
3187,0,-1,0,280,4,0.25,0,2,2,724,1,377.93,0,5.21
3188,0,-1,0,1649,5,0.2,0,2,4,826,1,1137.18,0,1.11
3189,0,-1,0,29,1,0.0,0,2,4,156,0,744.68,0,12.59
3190,0,-1,0,539,8,0.125,0,1,3,484,1,81.11,0,5.42
3191,0,-1,0,526,1,0.0,0,1,2,156,0,643.67,0,0.69
3192,0,-1,0,1403,3,0.333,0,3,3,840,0,673.88,0,0.78
3193,0,-1,0,1949,6,0.0,0,2,4,156,1,1208.81,0,1.12
3194,0,-1,0,320,4,0.25,0,1,2,76,1,136.46,0,4.56
3195,0,-1,0,1975,2,0.5,0,1,3,124,1,684.63,0,0.37
3196,0,-1,0,838,3,0.333,0,2,4,410,0,183.58,0,1.31
3197,0,-1,0,971,3,0.0,0,1,3,826,0,96.17,0,1.13
3198,0,-1,0,251,1,0.0,0,1,3,124,0,735.67,0,1.45
3199,0,-1,0,54,1,0.0,0,1,2,826,0,2253.22,0,6.76
3200,0,-1,0,1597,6,0.167,0,1,1,840,1,114.95,0,1.37
3201,0,-1,0,1232,1,1.0,0,1,1,156,0,657.16,0,0.3
3202,0,-1,0,801,1,0.0,0,2,4,840,1,1493.86,0,0.46
3203,0,-1,0,19,1,1.0,0,1,3,356,1,687.41,0,19.21
3204,0,-1,0,672,5,0.2,0,1,1,156,1,398.87,0,2.72
3205,0,-1,0,892,2,0.5,0,2,3,840,1,321.29,0,0.82
3206,0,-1,0,2,1,0.0,0,2,2,250,1,852.14,0,50
3207,0,-1,0,869,1,1.0,0,2,2,250,0,964.51,0,0.42
3208,0,-1,0,1291,7,0.143,0,1,3,392,1,581.95,0,1.98
3209,0,-1,0,748,4,0.0,0,2,3,724,1,521.94,0,1.95
3210,0,-1,0,27,3,0.333,0,2,3,840,1,510.13,0,40.56
3211,0,-1,0,93,7,0.143,0,1,3,156,1,1128.69,0,27.47
3212,0,-1,0,24,5,0.0,0,2,3,840,0,378.64,0,50
3213,0,-1,0,499,2,0.5,0,1,1,410,0,1832.68,0,1.46
3214,0,-1,0,21,1,0.0,0,1,1,392,1,235.48,0,17.38
3215,0,-1,0,1380,6,0.167,0,2,4,276,1,1095.41,0,1.59
3216,0,-1,0,520,8,0.25,0,1,3,276,1,502.9,0,5.62
3217,0,-1,0,264,1,0.0,0,3,5,124,0,550.55,0,1.38
3218,0,-1,0,495,1,0.0,0,3,5,36,0,639.5,0,0.74
3219,0,-1,0,1912,1,1.0,0,1,2,724,1,1322.06,0,0.19
3220,0,-1,0,14,6,0.167,0,1,3,528,1,3069.81,0,50
3221,0,-1,0,17,1,0.0,0,1,2,276,0,1553.46,0,21.47
3222,0,-1,0,454,3,0.667,0,2,3,276,1,462.66,0,2.41
3223,0,-1,0,1770,1,0.0,0,2,3,840,0,2027.07,0,0.21
3224,0,-1,0,830,2,0.0,0,3,4,392,0,464.19,0,0.88
3225,0,-1,0,487,2,0.0,0,1,1,276,1,482.56,0,1.5
3226,0,-1,0,1276,3,0.667,0,1,2,392,0,612.18,0,0.86
3227,0,-1,0,1956,5,0.8,0,1,2,528,1,1315.88,0,0.93
3228,0,-1,0,1903,2,0.0,0,2,3,840,0,1646.13,0,0.38
3229,0,-1,0,472,10,0.1,0,1,2,276,1,417.87,0,7.73
3230,0,-1,0,1390,8,0.25,0,3,5,250,1,472.25,0,2.1
3231,0,-1,0,1835,1,1.0,0,1,2,250,1,299.08,0,0.2
3232,0,-1,0,424,6,0.333,0,2,3,156,1,198.88,0,5.17
3233,0,-1,0,1810,2,0.5,0,1,2,250,1,510.11,0,0.4
3234,0,-1,0,1811,5,0.0,0,1,2,840,0,112.74,0,1.01
3235,0,-1,0,1578,3,0.667,0,3,3,840,1,610.33,0,0.69
3236,0,-1,0,1730,3,0.333,0,1,2,36,0,179.51,0,0.63
3237,0,-1,0,1255,2,0.0,0,2,2,250,1,382.84,0,0.58
3238,0,-1,0,78,2,0.0,0,1,3,156,0,670.07,0,9.36
3239,0,-1,0,1387,5,0.2,0,1,2,156,1,246.37,0,1.32
3240,0,-1,0,1700,2,0.0,0,2,3,276,0,276.21,0,0.43
3241,0,-1,0,1413,4,0.25,0,1,1,840,0,849.56,0,1.03
3242,0,-1,0,1742,2,0.0,0,1,3,826,1,41.05,0,0.42
3243,0,-1,0,121,3,0.333,0,1,1,124,0,596.87,0,9.05
3244,0,-1,0,1216,4,0.25,0,1,3,380,1,420.36,0,1.2
3245,0,-1,0,335,1,0.0,0,2,4,276,1,448.01,0,1.09
3246,0,-1,0,858,1,1.0,0,1,2,356,1,710.47,0,0.43
3247,0,-1,0,1023,2,0.0,0,1,1,392,1,776.49,0,0.71
3248,0,-1,0,613,2,0.0,0,2,4,124,0,802.95,0,1.19
3249,0,-1,0,519,2,0.0,0,4,4,410,1,614.16,0,1.41
3250,0,-1,0,159,3,0.333,0,3,3,156,0,225.25,0,6.89
3251,0,-1,0,2,1,0.0,0,1,2,276,1,508.44,0,50
3252,0,-1,0,1894,1,0.0,0,1,3,276,1,73.36,0,0.19
3253,0,-1,0,26,3,0.0,0,1,1,156,0,349.52,0,42.12
3254,0,-1,0,1883,2,0.0,0,1,2,156,1,695.71,0,0.39
3255,0,-1,0,19,1,0.0,0,3,5,724,0,1394.8,0,19.21
3256,0,-1,0,28,3,0.0,0,1,2,392,1,421.76,0,39.11
3257,0,-1,0,2,2,0.0,0,2,3,276,1,389.5,0,50
3258,0,-1,0,15,4,0.25,0,2,4,840,1,853.78,0,50
3259,0,-1,0,1985,11,0.273,0,3,3,356,1,111.61,0,2.02
3260,0,-1,0,1633,5,0.0,0,1,1,840,1,371.84,0,1.12
3261,0,-1,0,843,1,0.0,0,3,5,250,1,538.34,0,0.43
3262,0,-1,0,730,3,0.667,0,1,2,356,0,536.15,0,1.5
3263,0,-1,0,1968,1,0.0,0,1,2,840,0,3031.65,0,0.19
3264,0,-1,0,468,1,0.0,0,1,1,156,0,520.51,0,0.78
3265,0,-1,0,1120,1,0.0,0,1,1,392,0,1298.94,0,0.33
3266,0,-1,0,140,2,0.5,0,1,1,840,0,359.74,0,5.21
3267,0,-1,0,795,4,0.25,0,1,1,392,0,356.37,0,1.84
3268,0,-1,0,313,2,1.0,0,1,1,156,1,598.62,0,2.33
3269,0,-1,0,256,1,1.0,0,3,5,36,0,551.54,0,1.43
3270,0,-1,0,1807,1,0.0,0,1,3,36,1,1492.27,0,0.2
3271,0,-1,0,1944,3,0.333,0,2,4,276,1,525.38,0,0.56
3272,0,-1,0,845,10,0.1,0,1,1,392,1,166.27,0,4.32
3273,0,-1,0,121,2,0.0,0,1,3,156,0,367.09,0,6.03
3274,0,-1,0,1661,1,1.0,0,1,1,156,1,439.27,0,0.22
3275,0,-1,0,115,6,0.333,0,1,3,250,1,257.98,0,19.04
3276,0,-1,0,6,2,0.0,0,2,3,156,0,773.03,0,50
3277,0,-1,0,21,7,0.143,0,1,3,356,0,431.68,0,50
3278,0,-1,0,279,4,0.0,0,1,3,250,0,1334.64,0,5.23
3279,0,-1,0,1031,5,0.0,0,1,3,528,0,662.45,0,1.77
3280,0,-1,0,1701,1,0.0,0,2,3,392,1,483.86,0,0.21
3281,0,-1,0,558,1,0.0,0,1,2,840,0,399.91,0,0.65
3282,0,-1,0,18,1,1.0,0,1,1,840,1,782.92,0,20.28
3283,0,-1,0,634,3,0.0,0,2,3,356,1,341.05,0,1.73
3284,0,-1,0,1304,3,0.0,0,4,5,250,0,1192.98,0,0.84
3285,0,-1,0,1155,1,0.0,0,1,1,250,0,294.28,0,0.32
3286,0,-1,0,12,1,0.0,0,1,3,840,0,453.51,0,30.42
3287,0,-1,0,910,2,0.0,0,1,2,528,1,526.56,0,0.8
3288,0,-1,0,1176,3,0.333,0,1,2,528,1,450.26,0,0.93
3289,0,-1,0,162,1,1.0,0,1,2,36,0,602.4,0,2.25
3290,0,-1,0,848,9,0.0,0,4,5,840,1,1274.25,0,3.87
3291,0,-1,0,1233,2,0.0,0,2,2,410,1,384.46,0,0.59
3292,0,-1,0,16,3,0.333,0,1,2,392,1,270.01,0,50
3293,0,-1,0,1987,2,0.0,0,1,1,392,1,108.36,0,0.37
3294,0,-1,0,59,1,0.0,0,2,2,826,1,408.72,0,6.19
3295,0,-1,0,674,2,0.0,0,1,1,250,0,341.64,0,1.08
3296,0,-1,0,880,3,0.0,0,1,2,826,1,384.09,0,1.24
3297,0,-1,0,1369,1,0.0,0,1,1,840,1,432.61,0,0.27
3298,0,-1,0,1789,3,0.0,0,1,1,392,0,188.41,0,0.61
3299,0,-1,0,368,4,0.0,0,2,3,124,1,279.85,0,3.97
3300,0,-1,0,1425,1,0.0,0,1,2,276,1,246.2,0,0.26
3301,0,-1,0,1234,1,1.0,0,2,4,156,1,744.59,0,0.3
3302,0,-1,0,13,2,0.5,0,2,2,484,1,168.49,0,50
3303,0,-1,0,909,8,0.25,0,2,2,484,1,447.6,0,3.21
3304,0,-1,0,874,5,0.2,0,1,1,826,1,700.93,0,2.09
3305,0,-1,0,630,1,0.0,0,1,2,156,1,265.63,0,0.58
3306,0,-1,0,23,3,0.0,0,3,4,410,0,193.6,0,47.61
3307,0,-1,0,2,6,0.0,0,1,3,840,0,483.01,0,50
3308,0,-1,0,1674,1,0.0,0,1,1,410,1,293.06,0,0.22
3309,0,-1,0,924,3,0.0,0,4,5,250,1,429.73,0,1.19
3310,0,-1,0,189,1,1.0,0,1,1,250,1,300.11,0,1.93
3311,0,-1,0,625,4,0.25,0,2,4,36,0,403.25,0,2.34
3312,0,-1,0,1266,5,0.2,0,1,2,840,1,294.49,0,1.44
3313,0,-1,0,29,1,0.0,0,2,2,392,1,1472.7,0,12.59
3314,0,-1,0,2,9,0.444,0,1,2,250,1,359.42,0,50
3315,0,-1,0,189,8,0.0,0,2,3,36,1,618.75,0,15.45
3316,0,-1,0,178,1,0.0,0,1,2,124,0,257.47,0,2.05
3317,0,-1,0,1627,5,0.4,0,1,3,410,1,650.64,0,1.12
3318,0,-1,0,1388,2,0.0,0,3,5,826,1,719.53,0,0.53
3319,0,-1,0,967,3,0.333,0,1,1,76,0,785.38,0,1.13
3320,0,-1,0,368,2,0.0,0,2,3,826,0,320.32,0,1.98
3321,0,-1,0,37,3,0.333,0,1,1,124,1,593.29,0,29.59
3322,0,-1,0,1162,3,0.0,0,3,3,250,0,1843.69,0,0.94
3323,0,-1,0,780,2,0.0,0,2,3,840,0,167.78,0,0.94
3324,0,-1,0,798,1,0.0,0,4,6,250,1,188.85,0,0.46
3325,0,-1,0,508,2,0.0,0,4,5,250,1,434.07,0,1.44
3326,0,-1,0,1093,4,0.0,0,1,1,276,1,376.57,0,1.34
3327,0,-1,0,23,1,1.0,0,2,2,36,1,294.68,0,15.87
3328,0,-1,0,1251,3,1.0,0,2,2,840,1,589.64,0,0.88
3329,0,-1,0,1911,3,0.333,0,1,2,840,0,502.35,0,0.57
3330,0,-1,0,166,3,0.0,0,1,1,250,0,165.1,0,6.6
3331,0,-1,0,490,2,0.5,0,3,4,840,1,1314.16,0,1.49
3332,0,-1,0,1564,3,0.0,0,2,3,156,0,626.98,0,0.7
3333,0,-1,0,798,3,0.0,0,1,2,392,0,1046.46,0,1.37
3334,0,-1,0,4,2,0.0,0,2,3,124,0,1013.25,0,50
3335,0,-1,0,404,3,0.333,0,3,5,826,0,187.17,0,2.71
3336,0,-1,0,1232,6,0.0,0,2,3,156,1,540.61,0,1.78
3337,0,-1,0,1329,4,0.0,0,1,3,250,1,820.99,0,1.1
3338,0,-1,0,1934,7,0.143,0,1,1,156,1,335.52,0,1.32
3339,0,-1,0,207,4,0.25,0,2,4,276,0,356.76,0,7.05
3340,0,-1,0,1899,3,0.667,0,2,4,156,0,334.04,0,0.58
3341,0,-1,0,429,1,0.0,0,2,2,276,0,316.04,0,0.85
3342,0,-1,0,1321,2,0.0,0,1,1,124,1,674.91,0,0.55
3343,0,-1,0,1423,3,0.0,0,1,3,392,0,329.41,0,0.77
3344,0,-1,0,779,10,0.2,0,1,2,840,1,263.01,0,4.69
3345,0,-1,0,595,1,0.0,0,1,2,156,1,342.65,0,0.61
3346,0,-1,0,709,10,0.3,0,1,2,250,1,306.75,0,5.15
3347,0,-1,0,1151,2,0.5,0,1,2,392,1,278.12,0,0.63
3348,0,-1,0,1628,1,0.0,0,2,4,156,0,161.22,0,0.22
3349,0,-1,0,32,2,0.0,0,2,2,410,1,383.26,0,22.81
3350,0,-1,0,892,4,0.0,0,1,1,36,1,203.71,0,1.64
3351,0,-1,0,1903,1,1.0,0,1,3,76,0,435.12,0,0.19
3352,0,-1,0,1460,4,0.25,0,2,2,276,1,403.6,0,1.0
3353,0,-1,0,1158,2,0.0,0,2,2,840,0,380.38,0,0.63
3354,0,-1,0,15,4,0.25,0,1,1,156,1,1411.13,0,50
3355,0,-1,0,1841,3,0.0,0,2,3,356,1,3351.43,0,0.59
3356,0,-1,0,1932,1,0.0,0,3,4,156,1,389.51,0,0.19
3357,0,-1,0,1458,4,0.25,0,2,3,124,0,697.64,0,1.0
3358,0,-1,0,305,1,0.0,0,2,2,356,1,362.13,0,1.2
3359,0,-1,0,7,4,0.5,0,2,3,276,1,131.22,0,50
3360,0,-1,0,1401,1,0.0,0,3,5,124,0,140.32,0,0.26
3361,0,-1,0,117,2,0.5,0,2,3,36,1,393.55,0,6.24
3362,0,-1,0,1767,1,0.0,0,1,3,76,1,1019.93,0,0.21
3363,0,-1,0,1762,1,0.0,0,1,1,840,0,256.88,0,0.21
3364,0,-1,0,502,1,1.0,0,1,3,410,0,208.73,0,0.73
3365,0,-1,0,385,1,0.0,0,1,2,380,1,212.59,0,0.95
3366,0,-1,0,1083,1,1.0,0,2,2,36,0,378.99,0,0.34
3367,0,-1,0,1092,3,0.0,0,1,3,840,0,508.81,0,1.0
3368,0,-1,0,1675,1,0.0,0,1,2,826,0,519.46,0,0.22
3369,0,-1,0,15,2,0.0,0,1,3,410,1,158.47,0,48.67
3370,0,-1,0,69,1,0.0,0,3,3,840,0,460.02,0,5.29
3371,0,-1,0,1788,1,0.0,0,1,3,276,1,548.85,0,0.2
3372,0,-1,0,12,1,0.0,0,1,1,826,1,1098.59,0,30.42
3373,0,-1,0,1366,2,0.0,0,2,2,528,0,446.8,0,0.53
3374,0,-1,0,391,3,0.0,0,1,3,840,0,97.75,0,2.8
3375,0,-1,0,955,5,0.0,0,2,4,276,1,334.55,0,1.91
3376,0,-1,0,124,1,1.0,0,4,5,840,0,377.04,0,2.94
3377,0,-1,0,491,2,0.0,0,1,2,156,0,220.27,0,1.49
3378,0,-1,0,1709,2,0.0,0,2,2,840,0,351.25,0,0.43
3379,0,-1,0,1011,7,0.143,0,1,3,76,1,227.67,0,2.53
3380,0,-1,0,145,2,0.0,0,3,5,840,1,667.39,0,5.03
3381,0,-1,0,1482,1,1.0,0,3,5,840,0,1500.52,0,0.25
3382,0,-1,0,252,4,0.0,0,1,1,276,1,363.88,0,5.79
3383,0,-1,0,135,1,0.0,0,3,4,124,0,113.32,0,2.7
3384,0,-1,0,901,3,0.0,0,1,2,840,0,203.36,0,1.22
3385,0,-1,0,1185,1,0.0,0,1,1,76,0,274.71,0,0.31
3386,0,-1,0,550,1,1.0,0,4,5,276,0,706.02,0,0.66
3387,0,-1,0,323,5,0.2,0,1,1,840,0,211.67,0,5.65
3388,0,-1,0,28,1,0.0,0,1,2,276,0,356.38,0,13.04
3389,0,-1,0,398,2,0.0,0,1,1,156,0,234.38,0,1.83
3390,0,-1,0,883,1,0.0,0,2,4,76,1,731.81,0,0.41
3391,0,-1,0,830,1,0.0,0,1,1,76,0,323.2,0,0.44
3392,0,-1,0,390,1,0.0,0,1,1,528,0,444.07,0,0.94
3393,0,-1,0,1972,3,0.0,0,1,3,840,1,1166.65,0,0.56
3394,0,-1,0,1809,1,0.0,0,3,4,124,1,184.33,0,0.2
3395,0,-1,0,717,2,0.0,0,2,4,250,0,298.42,0,1.02
3396,0,-1,0,51,3,0.0,0,1,2,484,1,383.53,0,21.47
3397,0,-1,0,89,4,0.25,0,2,2,124,0,331.25,0,16.4
3398,0,-1,0,114,6,0.0,0,3,5,840,1,711.51,0,19.21
3399,0,-1,0,704,6,0.0,0,1,1,156,1,401.74,0,3.11
3400,0,-1,0,1261,4,0.0,0,1,2,156,1,715.37,0,1.16
3401,0,-1,0,1184,3,0.0,0,2,4,36,0,697.8,0,0.92
3402,0,-1,0,23,2,0.0,0,2,4,528,1,171.44,0,31.74
3403,0,-1,0,910,1,0.0,0,1,2,840,0,684.57,0,0.4
3404,0,-1,0,9,5,0.0,0,2,3,380,1,960.22,0,50
3405,0,-1,0,23,8,0.0,0,1,1,840,1,535.8,0,50
3406,0,-1,0,1246,1,0.0,0,2,3,826,1,532.47,0,0.29
3407,0,-1,0,1404,2,1.0,0,1,3,484,0,301.94,0,0.52
3408,0,-1,0,757,2,0.0,0,1,1,724,1,416.26,0,0.96
3409,0,-1,0,759,1,1.0,0,4,5,156,1,255.05,0,0.48
3410,0,-1,0,179,1,0.0,0,2,4,156,0,579.84,0,2.04
3411,0,-1,0,406,1,0.0,0,2,3,840,1,635.57,0,0.9
3412,0,-1,0,781,1,0.0,0,1,2,410,0,498.85,0,0.47
3413,0,-1,0,574,1,0.0,0,1,1,840,1,515.19,0,0.64
3414,0,-1,0,11,1,0.0,0,2,3,76,1,1082.81,0,33.18
3415,0,-1,0,1075,1,0.0,0,1,1,156,1,721.54,0,0.34
3416,0,-1,0,20,4,0.0,0,1,2,840,1,200.33,0,50
3417,0,-1,0,1633,2,0.0,0,1,3,124,0,357.13,0,0.45
3418,0,-1,0,6,2,0.0,0,1,3,276,0,137.71,0,50
3419,0,-1,0,691,3,0.333,0,2,3,410,1,311.24,0,1.58
3420,0,-1,0,12,3,0.333,0,1,1,840,0,324.12,0,50
3421,0,-1,0,1645,2,0.0,0,3,5,840,1,285.93,0,0.44
3422,0,-1,0,1820,2,0.0,0,1,2,410,0,308.76,0,0.4
3423,0,-1,0,1356,6,0.167,0,2,4,410,1,491.84,0,1.62
3424,0,-1,0,14,5,0.2,0,3,3,484,0,583.53,0,50
3425,0,-1,0,52,2,0.0,0,1,3,156,0,499.33,0,14.04
3426,0,-1,0,1372,3,0.0,0,2,2,840,1,218.56,0,0.8
3427,0,-1,0,1388,1,0.0,0,1,3,276,0,624.97,0,0.26
3428,0,-1,0,982,1,0.0,0,1,1,840,0,237.3,0,0.37
3429,0,-1,0,1968,3,0.0,0,3,3,156,1,1580.95,0,0.56
3430,0,-1,0,1586,2,0.5,0,1,2,826,1,145.54,0,0.46
3431,0,-1,0,289,2,0.0,0,1,1,156,1,179.29,0,2.53
3432,0,-1,0,308,9,0.333,0,1,2,528,1,447.14,0,10.67
3433,0,-1,0,1557,2,0.5,0,1,3,156,0,675.34,0,0.47
3434,0,-1,0,1764,1,0.0,0,2,4,156,1,572.46,0,0.21
3435,0,-1,0,1876,1,0.0,0,2,4,840,1,201.34,0,0.19
3436,0,-1,0,1188,1,0.0,0,2,2,156,1,255.72,0,0.31
3437,0,-1,0,917,1,0.0,0,2,3,840,1,476.25,0,0.4
3438,0,-1,0,217,1,0.0,0,1,1,156,1,1798.94,0,1.68
3439,0,-1,0,931,1,0.0,0,1,1,840,1,832.97,0,0.39
3440,0,-1,0,612,3,0.333,0,1,1,250,0,427.77,0,1.79
3441,0,-1,0,1979,3,0.333,0,1,1,410,1,340.07,0,0.55
3442,0,-1,0,189,3,0.333,0,1,2,156,0,961.04,0,5.79
3443,0,-1,0,1660,4,0.5,0,4,5,276,0,193.84,0,0.88
3444,0,-1,0,226,3,0.0,0,2,2,410,0,734.06,0,4.85
3445,0,-1,0,1551,1,0.0,0,1,1,410,1,722.28,0,0.24
3446,0,-1,0,274,2,0.5,0,1,3,76,1,291.82,0,2.66
3447,0,-1,0,1062,1,0.0,0,1,2,840,0,284.83,0,0.34
3448,0,-1,0,1663,1,0.0,0,2,2,840,1,133.24,0,0.22
3449,0,-1,0,1002,3,0.0,0,3,5,724,1,178.16,0,1.09
3450,0,-1,0,1348,2,0.0,0,1,3,392,0,277.97,0,0.54
3451,0,-1,0,263,2,0.0,0,1,2,840,1,323.32,0,2.78
3452,0,-1,0,329,1,0.0,0,2,4,36,1,308.14,0,1.11
3453,0,-1,0,1458,7,0.143,0,1,2,276,1,372.56,0,1.75
3454,0,-1,0,12,1,0.0,0,1,2,528,0,287.82,0,30.42
3455,0,-1,0,145,1,0.0,0,2,2,124,1,678.54,0,2.52
3456,0,-1,0,684,2,0.0,0,1,3,156,1,742.91,0,1.07
3457,0,-1,0,1173,1,0.0,0,1,1,484,1,221.48,0,0.31
3458,0,-1,0,199,1,0.0,0,1,2,250,1,117.33,0,1.83
3459,0,-1,0,1801,1,0.0,0,1,1,380,1,489.69,0,0.2
3460,0,-1,0,230,9,0.333,0,1,2,156,1,440.73,0,14.28
3461,0,-1,0,1363,1,0.0,0,1,3,826,1,284.67,0,0.27
3462,0,-1,0,698,2,0.0,0,1,3,36,1,1145.13,0,1.05
3463,0,-1,0,1723,4,0.25,0,1,1,276,1,238.88,0,0.85
3464,0,-1,0,840,1,0.0,0,1,3,380,0,236.13,0,0.43
3465,0,-1,0,449,2,0.0,0,4,5,276,1,551.3,0,1.63
3466,0,-1,0,1787,1,0.0,0,2,4,156,1,269.72,0,0.2
3467,0,-1,0,446,2,0.0,0,1,1,250,1,244.59,0,1.64
3468,0,-1,0,366,1,0.0,0,2,2,124,0,230.01,0,1.0
3469,0,-1,0,297,1,0.0,0,1,1,484,1,336.99,0,1.23
3470,0,-1,0,1795,6,0.167,0,1,1,156,1,640.06,0,1.22
3471,0,-1,0,1387,6,0.0,0,3,5,840,1,284.14,0,1.58
3472,0,-1,0,114,5,0.4,0,1,3,484,1,333.69,0,16.01
3473,0,-1,0,1575,6,0.333,0,2,3,156,0,1948.8,0,1.39
3474,0,-1,0,1764,1,0.0,0,2,3,156,1,336.74,0,0.21
3475,0,-1,0,1266,5,0.4,0,1,3,724,0,1372.82,0,1.44
3476,0,-1,0,1169,2,0.5,0,4,5,156,1,832.59,0,0.62
3477,0,-1,0,454,3,0.333,0,1,2,276,1,1319.23,0,2.41
3478,0,-1,0,1406,1,1.0,0,1,3,840,1,445.26,0,0.26
3479,0,-1,0,850,1,0.0,0,1,1,826,0,212.77,0,0.43
3480,0,-1,0,1709,1,0.0,0,2,4,156,0,235.86,0,0.21
3481,0,-1,0,28,1,0.0,0,2,3,528,1,426.52,0,13.04
3482,0,-1,0,1636,4,0.0,0,1,1,392,1,249.95,0,0.89
3483,0,-1,0,11,1,0.0,0,1,2,156,1,1209.24,0,33.18
3484,0,-1,0,935,2,0.0,0,1,1,826,0,224.1,0,0.78
3485,0,-1,0,25,6,0.333,0,2,4,840,1,314.77,0,50
3486,0,-1,0,924,4,0.25,0,3,4,724,0,961.08,0,1.58
3487,0,-1,0,660,2,0.5,0,3,3,484,1,576.07,0,1.11
3488,0,-1,0,41,1,0.0,0,2,4,380,0,743.62,0,8.9
3489,0,-1,0,907,3,0.0,0,3,5,840,0,510.59,0,1.21
3490,0,-1,0,717,1,0.0,0,1,3,840,0,891.02,0,0.51
3491,0,-1,0,1692,3,0.333,0,1,2,840,0,862.37,0,0.65
3492,0,-1,0,1131,2,0.5,0,1,2,156,0,465.8,0,0.65
3493,0,-1,0,1297,4,0.0,0,2,4,392,1,394.21,0,1.13
3494,0,-1,0,1511,5,0.2,0,1,3,724,1,218.13,0,1.21
3495,0,-1,0,973,2,0.0,0,1,2,356,0,151.62,0,0.75
3496,0,-1,0,1665,1,1.0,0,1,2,724,0,713.87,0,0.22
3497,0,-1,0,15,3,0.333,0,3,4,840,1,385.86,0,50
3498,0,-1,0,759,1,1.0,0,2,2,356,0,102.93,0,0.48
3499,0,-1,0,109,3,0.333,0,1,3,356,1,475.87,0,10.05
3500,0,-1,0,1533,1,0.0,0,1,3,124,0,1366.38,0,0.24
3501,0,-1,0,136,2,0.5,0,1,2,826,0,266.17,0,5.37
3502,0,-1,0,1279,7,0.429,0,1,1,410,0,386.56,0,2.0
3503,0,-1,0,851,4,0.5,0,4,6,36,1,485.71,0,1.72
3504,0,-1,0,1718,2,0.5,0,1,3,124,1,577.1,0,0.42
3505,0,-1,0,101,2,0.5,0,1,2,156,1,580.74,0,7.23
3506,0,-1,0,19,2,0.0,0,4,4,276,0,583.96,0,38.42
3507,0,-1,0,1186,5,0.2,0,1,3,392,1,711.94,0,1.54
3508,0,-1,0,1307,3,0.333,0,1,2,156,0,415.95,0,0.84
3509,0,-1,0,1751,2,0.0,0,1,1,840,0,988.67,0,0.42
3510,0,-1,0,1412,5,0.0,0,1,2,410,0,587.3,0,1.29
3511,0,-1,0,1835,7,0.143,0,4,5,156,1,848.39,0,1.39
3512,0,-1,0,856,2,0.0,0,1,2,356,0,833.08,0,0.85
3513,0,-1,0,20,1,0.0,0,1,1,156,0,1263.58,0,18.25
3514,0,-1,0,1625,2,0.0,0,1,3,380,1,632.74,0,0.45
3515,0,-1,0,575,6,0.0,0,1,3,250,1,240.38,0,3.81
3516,0,-1,0,393,4,0.0,0,2,4,36,1,320.71,0,3.72
3517,0,-1,0,1708,2,0.5,0,2,2,356,1,363.62,0,0.43
3518,0,-1,0,274,5,0.4,0,1,2,840,1,144.62,0,6.66
3519,0,-1,0,865,2,0.0,0,2,4,380,0,181.38,0,0.84
3520,0,-1,0,1652,9,0.222,0,3,5,36,1,358.53,0,1.99
3521,0,-1,0,1489,1,0.0,0,2,3,380,1,977.03,0,0.25
3522,0,-1,0,306,2,0.0,0,2,4,392,0,942.25,0,2.39
3523,0,-1,0,1921,1,0.0,0,1,1,124,1,370.2,0,0.19
3524,0,-1,0,327,1,0.0,0,2,3,276,0,583.55,0,1.12
3525,0,-1,0,965,1,0.0,0,1,3,276,1,507.69,0,0.38
3526,0,-1,0,898,1,1.0,0,1,3,840,1,586.39,0,0.41
3527,0,-1,0,1670,4,0.25,0,4,4,724,1,196.85,0,0.87
3528,0,-1,0,13,2,0.0,0,3,3,156,1,292.8,0,50
3529,0,-1,0,586,5,0.2,0,1,3,840,1,778.17,0,3.11
3530,0,-1,0,786,2,0.5,0,1,2,156,1,862.4,0,0.93
3531,0,-1,0,362,6,0.167,0,1,3,840,0,916.88,0,6.05
3532,0,-1,0,450,1,0.0,0,1,3,840,1,135.09,0,0.81
3533,0,-1,0,1653,7,0.143,0,1,3,840,1,790.76,0,1.55
3534,0,-1,0,858,3,0.333,0,3,5,840,1,515.38,0,1.28
3535,0,-1,0,714,2,0.0,0,1,1,156,1,204.71,0,1.02
3536,0,-1,0,452,1,0.0,0,1,1,250,0,166.81,0,0.81
3537,0,-1,0,549,1,0.0,0,1,2,276,1,93.43,0,0.66
3538,0,-1,0,1061,1,0.0,0,3,3,840,0,382.23,0,0.34
3539,0,-1,0,1751,3,0.0,0,3,5,392,0,576.71,0,0.63
3540,0,-1,0,1770,8,0.25,0,1,2,826,1,482.31,0,1.65
3541,0,-1,0,1650,3,0.0,0,2,3,276,1,86.97,0,0.66
3542,0,-1,0,7,1,0.0,0,2,4,276,0,464.95,0,50
3543,0,-1,0,1984,1,0.0,0,3,5,840,1,380.34,0,0.18
3544,0,-1,0,15,2,0.0,0,1,1,528,1,219.73,0,48.67
3545,0,-1,0,1089,2,0.0,0,2,4,840,0,533.68,0,0.67
3546,0,-1,0,12,2,0.5,0,1,1,410,0,490.42,0,50
3547,0,-1,0,367,1,1.0,0,1,2,826,1,265.14,0,0.99
3548,0,-1,0,274,3,0.333,0,1,1,826,0,909.42,0,4.0
3549,0,-1,0,408,5,0.4,0,1,1,528,1,1236.11,0,4.47
3550,0,-1,0,1873,3,0.333,0,1,1,276,1,202.79,0,0.58
3551,0,-1,0,1561,4,0.0,0,3,5,380,1,609.07,0,0.94
3552,0,-1,0,1937,3,0.333,0,2,2,392,1,166.33,0,0.57
3553,0,-1,0,243,1,0.0,0,1,2,76,1,947.71,0,1.5
3554,0,-1,0,1721,1,0.0,0,2,2,840,0,463.65,0,0.21
3555,0,-1,0,1269,2,0.0,0,1,1,410,1,129.69,0,0.58
3556,0,-1,0,9,3,0.667,0,1,2,840,0,572.56,0,50
3557,0,-1,0,7,1,0.0,0,2,4,840,1,843.39,0,50
3558,0,-1,0,90,5,0.0,0,2,4,840,0,495.94,0,20.28
3559,0,-1,0,858,3,0.0,0,3,3,124,1,249.92,0,1.28
3560,0,-1,0,797,1,0.0,0,1,1,840,0,609.37,0,0.46
3561,0,-1,0,430,2,0.0,0,1,2,840,1,573.94,0,1.7
3562,0,-1,0,1120,2,0.0,0,2,4,840,0,201.24,0,0.65
3563,0,-1,0,3,1,0.0,0,1,1,724,1,300.01,0,50
3564,0,-1,0,132,3,0.667,0,1,3,250,1,289.02,0,8.3
3565,0,-1,0,984,1,0.0,0,3,4,124,1,405.8,0,0.37
3566,0,-1,0,430,1,0.0,0,2,4,250,1,398.24,0,0.85
3567,0,-1,0,1243,1,0.0,0,1,2,392,0,1904.22,0,0.29
3568,0,-1,0,445,1,0.0,0,3,4,840,0,426.08,0,0.82
3569,0,-1,0,28,2,0.0,0,4,4,156,1,684.5,0,26.07
3570,0,-1,0,629,9,0.222,0,2,2,76,1,397.88,0,5.22
3571,0,-1,0,16,2,0.5,0,1,3,840,0,707.95,0,45.62
3572,0,-1,0,282,3,0.0,0,1,2,840,0,435.35,0,3.88
3573,0,-1,0,745,5,0.2,0,1,2,410,0,1223.13,0,2.45
3574,0,-1,0,531,4,0.0,0,1,2,840,1,751.88,0,2.75
3575,0,-1,0,96,7,0.286,0,1,1,410,1,851.27,0,26.61
3576,0,-1,0,1634,2,0.5,0,1,2,380,1,1023.02,0,0.45
3577,0,-1,0,907,2,0.0,0,1,2,826,0,1210.66,0,0.8
3578,0,-1,0,748,1,0.0,0,3,5,276,0,515.17,0,0.49
3579,0,-1,0,690,3,0.0,0,1,1,276,1,125.81,0,1.59
3580,0,-1,0,479,2,0.0,0,1,3,276,0,828.31,0,1.52
3581,0,-1,0,1613,3,0.0,0,1,2,724,1,1463.78,0,0.68
3582,0,-1,0,198,3,0.333,0,1,2,826,1,511.64,0,5.53
3583,0,-1,0,20,6,0.0,0,1,1,380,1,252.33,0,50
3584,0,-1,0,432,11,0.091,0,1,3,840,1,270.45,0,9.29
3585,0,-1,0,14,5,0.2,0,1,1,276,0,324.1,0,50
3586,0,-1,0,24,4,0.0,0,1,3,392,1,802.72,0,50
3587,0,-1,0,460,3,0.333,0,1,3,250,0,740.53,0,2.38
3588,0,-1,0,209,7,0.714,0,1,3,156,1,234.96,0,12.22
3589,0,-1,0,1549,1,0.0,0,1,3,826,0,2350.78,0,0.24
3590,0,-1,0,1382,3,0.0,0,2,3,826,1,386.41,0,0.79
3591,0,-1,0,1663,1,0.0,0,1,1,840,1,375.24,0,0.22
3592,0,-1,0,1274,3,0.0,0,1,2,528,1,1785.76,0,0.86
3593,0,-1,0,1481,3,0.0,0,1,1,276,1,524.75,0,0.74
3594,0,-1,0,868,2,0.0,0,1,3,528,1,1926.02,0,0.84
3595,0,-1,0,1009,4,0.25,0,1,1,356,0,833.91,0,1.45
3596,0,-1,0,456,8,0.125,0,1,3,724,1,254.71,0,6.4
3597,0,-1,0,1048,4,0.25,0,1,2,380,0,702.69,0,1.39
3598,0,-1,0,401,6,0.167,0,1,2,356,1,134.74,0,5.46
3599,0,-1,0,1549,1,0.0,0,2,4,124,0,223.78,0,0.24
3600,0,-1,0,695,3,0.333,0,1,2,826,0,720.23,0,1.58
3601,0,-1,0,1858,2,0.0,0,1,2,124,0,320.5,0,0.39
3602,0,-1,0,15,1,0.0,0,1,2,124,0,1198.19,0,24.33
3603,0,-1,0,1300,2,0.0,0,1,2,826,1,559.0,0,0.56
3604,0,-1,0,1828,1,0.0,0,1,1,124,0,1037.36,0,0.2
3605,0,-1,0,979,1,1.0,0,1,3,276,1,552.86,0,0.37
3606,0,-1,0,13,9,0.111,0,1,2,840,1,470.87,0,50
3607,0,-1,0,685,2,0.0,0,1,2,840,1,186.1,0,1.07
3608,0,-1,0,591,1,1.0,0,1,3,484,1,697.78,0,0.62
3609,0,-1,0,1107,3,0.0,0,1,3,156,1,171.01,0,0.99
3610,0,-1,0,365,2,0.0,0,2,3,840,0,387.03,0,2.0
3611,0,-1,0,558,2,0.0,0,3,4,156,0,303.78,0,1.31
3612,0,-1,0,840,10,0.1,0,2,2,156,1,205.0,0,4.35
3613,0,-1,0,1711,1,1.0,0,1,2,276,1,150.02,0,0.21
3614,0,-1,0,500,6,0.167,0,3,3,250,1,1250.19,0,4.38
3615,0,-1,0,795,2,0.5,0,1,1,250,0,256.8,0,0.92
3616,0,-1,0,290,1,0.0,0,1,2,276,0,280.25,0,1.26
3617,0,-1,0,222,9,0.222,0,2,3,36,1,235.81,0,14.8
3618,0,-1,0,1156,1,0.0,0,1,1,156,1,1105.61,0,0.32
3619,0,-1,0,657,3,0.0,0,3,4,276,1,750.85,0,1.67
3620,0,-1,0,1365,3,0.333,0,1,2,840,0,220.9,0,0.8
3621,0,-1,0,385,3,0.667,0,2,3,826,0,283.99,0,2.84
3622,0,-1,0,1075,2,0.0,0,2,3,840,0,616.89,0,0.68
3623,0,-1,0,1749,1,0.0,0,2,4,124,0,183.04,0,0.21
3624,0,-1,0,1481,3,0.0,0,1,3,840,0,1682.43,0,0.74
3625,0,-1,0,1382,7,0.0,0,2,3,484,1,189.46,0,1.85
3626,0,-1,0,678,2,0.0,0,1,2,156,1,585.11,0,1.08
3627,0,-1,0,1137,1,0.0,0,1,2,528,0,537.58,0,0.32
3628,0,-1,0,16,2,0.0,0,1,3,840,1,274.91,0,45.62
3629,0,-1,0,1152,3,0.333,0,1,2,840,1,1661.63,0,0.95
3630,0,-1,0,1382,4,0.0,0,1,1,826,1,318.28,0,1.06
3631,0,-1,0,1870,3,0.333,0,2,2,840,0,922.96,0,0.59
3632,0,-1,0,1898,2,0.0,0,1,2,276,0,1290.4,0,0.38
3633,0,-1,0,1117,1,0.0,0,1,1,840,1,146.93,0,0.33
3634,0,-1,0,1735,1,0.0,0,4,5,410,0,379.72,0,0.21
3635,0,-1,0,1729,3,0.0,0,1,3,276,1,1877.06,0,0.63
3636,0,-1,0,3,1,0.0,0,2,3,276,1,1049.58,0,50
3637,0,-1,0,191,1,0.0,0,1,2,156,0,369.32,0,1.91
3638,0,-1,0,319,1,0.0,0,1,3,840,1,198.54,0,1.14
3639,0,-1,0,1291,3,0.333,0,1,2,276,1,826.28,0,0.85
3640,0,-1,0,470,3,0.0,0,1,2,156,1,116.23,0,2.33
3641,0,-1,0,1107,5,0.4,0,3,4,156,1,1510.06,0,1.65
3642,0,-1,0,573,7,0.0,0,3,3,76,1,281.27,0,4.46
3643,0,-1,0,1368,2,0.0,0,1,2,724,1,431.79,0,0.53
3644,0,-1,0,1983,1,0.0,0,2,3,840,1,609.91,0,0.18
3645,0,-1,0,1831,3,0.0,0,1,3,410,1,137.67,0,0.6
3646,0,-1,0,1156,1,1.0,0,3,5,392,1,492.41,0,0.32
3647,0,-1,0,1220,9,0.111,0,1,3,250,1,494.33,0,2.69
3648,0,-1,0,946,2,0.0,0,1,3,380,1,290.46,0,0.77
3649,0,-1,0,1018,11,0.364,0,2,4,392,1,293.9,0,3.94
3650,0,-1,0,1,2,0.0,0,1,3,76,1,190.48,0,50
3651,0,-1,0,18,4,0.25,0,1,2,380,1,482.15,0,50
3652,0,-1,0,1967,2,0.0,0,2,4,250,1,556.66,0,0.37
3653,0,-1,0,552,6,0.167,0,2,4,840,1,700.95,0,3.97
3654,0,-1,0,5,2,0.0,0,1,3,826,1,621.37,0,50
3655,0,-1,0,996,1,0.0,0,3,5,250,1,973.91,0,0.37
3656,0,-1,0,1935,3,0.333,0,2,3,840,1,222.16,0,0.57
3657,0,-1,0,82,1,0.0,0,1,2,76,0,1469.41,0,4.45
3658,0,-1,0,334,1,1.0,0,1,2,250,0,656.4,0,1.09
3659,0,-1,0,1713,2,0.0,0,1,3,380,1,1194.34,0,0.43
3660,0,-1,0,422,2,0.0,0,4,5,724,1,1048.39,0,1.73
3661,0,-1,0,942,2,0.0,0,1,2,840,0,236.51,0,0.77
3662,0,-1,0,192,1,0.0,0,1,1,276,1,2380.52,0,1.9
3663,0,-1,0,894,1,0.0,0,1,3,826,1,616.23,0,0.41
3664,0,-1,0,1394,3,0.333,0,3,4,840,1,876.65,0,0.79
3665,0,-1,0,413,9,0.111,0,1,2,840,1,1353.2,0,7.95
3666,0,-1,0,396,1,0.0,0,4,5,356,1,378.76,0,0.92
3667,0,-1,0,326,2,0.0,0,1,1,840,0,616.19,0,2.24
3668,0,-1,0,1188,3,0.0,0,1,1,840,1,240.35,0,0.92
3669,0,-1,0,1749,6,0.0,0,1,1,356,1,593.18,0,1.25
3670,0,-1,0,847,3,0.0,0,2,2,156,1,378.03,0,1.29
3671,0,-1,0,586,3,0.0,0,1,2,410,1,214.96,0,1.87
3672,0,-1,0,1071,1,0.0,0,1,3,250,1,206.43,0,0.34
3673,0,-1,0,1116,1,1.0,0,3,5,528,1,640.1,0,0.33
3674,0,-1,0,376,2,0.0,0,2,3,840,1,879.87,0,1.94
3675,0,-1,0,539,3,0.333,0,1,1,76,1,309.72,0,2.03
3676,0,-1,0,759,1,0.0,0,1,3,392,0,872.47,0,0.48
3677,0,-1,0,1349,4,0.25,0,1,2,36,0,203.98,0,1.08
3678,0,-1,0,1201,1,0.0,0,2,3,276,1,1260.44,0,0.3
3679,0,-1,0,1492,3,0.333,0,1,2,250,0,507.68,0,0.73
3680,0,-1,0,1797,3,0.667,0,1,2,36,1,285.31,0,0.61
3681,0,-1,0,1863,3,0.333,0,1,1,840,0,991.75,0,0.59
3682,0,-1,0,1377,3,0.333,0,2,3,724,0,242.42,0,0.8
3683,0,-1,0,1762,2,0.5,0,1,2,724,0,650.41,0,0.41
3684,0,-1,0,38,1,0.0,0,2,4,392,0,404.66,0,9.61
3685,0,-1,0,388,1,0.0,0,1,2,840,0,145.83,0,0.94
3686,0,-1,0,82,1,0.0,0,4,4,826,1,135.94,0,4.45
3687,0,-1,0,26,6,0.167,0,1,1,276,1,264.6,0,50
3688,0,-1,0,393,10,0.1,0,1,2,724,1,1935.82,0,9.29
3689,0,-1,0,532,2,0.0,0,2,4,380,1,418.52,0,1.37
3690,0,-1,0,800,2,0.5,0,4,6,276,0,299.87,0,0.91
3691,0,-1,0,473,8,0.125,0,1,2,840,1,550.68,0,6.17
3692,0,-1,0,511,3,0.0,0,1,3,36,0,557.61,0,2.14
3693,0,-1,0,179,2,0.0,0,1,3,36,0,312.04,0,4.08
3694,0,-1,0,230,2,0.5,0,2,2,356,0,309.93,0,3.17
3695,0,-1,0,1481,1,1.0,0,2,4,392,0,942.73,0,0.25
3696,0,-1,0,137,1,0.0,0,1,2,276,0,1715.74,0,2.66
3697,0,-1,0,87,3,0.0,0,2,4,276,1,546.23,0,12.59
3698,0,-1,0,968,1,0.0,0,1,2,826,0,552.98,0,0.38
3699,0,-1,0,842,1,0.0,0,1,3,392,1,1026.78,0,0.43
3700,0,-1,0,546,3,0.0,0,1,1,380,0,310.71,0,2.01
3701,0,-1,0,216,1,0.0,0,1,1,250,1,108.53,0,1.69
3702,0,-1,0,26,6,0.167,0,1,1,380,1,586.79,0,50
3703,0,-1,0,1459,1,0.0,0,2,2,840,0,208.07,0,0.25
3704,0,-1,0,1924,1,0.0,0,1,1,276,1,491.0,0,0.19
3705,0,-1,0,24,1,0.0,0,1,1,840,1,551.63,0,15.21
3706,0,-1,0,617,2,0.0,0,2,2,124,1,571.64,0,1.18
3707,0,-1,0,1479,2,0.5,0,4,4,250,1,439.45,0,0.49
3708,0,-1,0,486,1,0.0,0,1,3,826,0,328.67,0,0.75
3709,0,-1,0,115,3,0.333,0,2,2,840,1,322.6,0,9.52
3710,0,-1,0,14,1,1.0,0,3,4,392,1,1560.28,0,26.07
3711,0,-1,0,1767,3,0.333,0,2,4,36,1,357.2,0,0.62
3712,0,-1,0,4,1,0.0,0,2,3,250,0,1863.84,0,50
3713,0,-1,0,764,1,0.0,0,1,2,826,1,337.83,0,0.48
3714,0,-1,0,227,4,0.25,0,1,3,356,1,151.08,0,6.43
3715,0,-1,0,1294,2,0.0,0,1,2,250,1,153.08,0,0.56
3716,0,-1,0,1691,3,0.333,0,1,3,76,1,543.57,0,0.65
3717,0,-1,0,944,2,0.0,0,1,3,356,0,783.12,0,0.77
3718,0,-1,0,1632,1,1.0,0,1,2,484,0,231.23,0,0.22
3719,0,-1,0,1682,4,0.25,0,2,3,840,1,163.69,0,0.87
3720,0,-1,0,1532,2,0.5,0,1,3,250,0,290.78,0,0.48
3721,0,-1,0,14,3,0.0,0,1,3,356,0,1236.68,0,50
3722,0,-1,0,1281,2,0.0,0,1,2,276,1,70.56,0,0.57
3723,0,-1,0,1933,3,0.0,0,1,1,156,0,522.55,0,0.57
3724,0,-1,0,1655,3,0.333,0,1,1,840,1,212.73,0,0.66
3725,0,-1,0,1413,1,0.0,0,2,3,156,0,430.39,0,0.26
3726,0,-1,0,1309,6,0.333,0,1,2,724,1,1704.85,0,1.67
3727,0,-1,0,1673,1,0.0,0,1,3,156,1,315.84,0,0.22
3728,0,-1,0,544,4,0.0,0,1,3,826,1,331.34,0,2.68
3729,0,-1,0,1083,1,0.0,0,3,3,840,1,386.76,0,0.34
3730,0,-1,0,1972,3,0.333,0,1,1,840,0,631.21,0,0.56
3731,0,-1,0,1334,2,0.0,0,1,3,156,1,788.73,0,0.55
3732,0,-1,0,190,3,0.0,0,1,3,36,1,1145.86,0,5.76
3733,0,-1,0,1774,1,0.0,0,1,2,840,0,2156.34,0,0.21
3734,0,-1,0,28,1,0.0,0,1,1,724,1,208.54,0,13.04
3735,0,-1,0,1510,1,0.0,0,3,3,840,0,1115.0,0,0.24
3736,0,-1,0,1906,4,0.25,0,1,2,36,1,218.2,0,0.77
3737,0,-1,0,72,2,0.5,0,2,3,156,0,345.44,0,10.14
3738,0,-1,0,982,1,0.0,0,2,2,528,1,612.05,0,0.37
3739,0,-1,0,998,1,0.0,0,1,2,840,0,300.4,0,0.37
3740,0,-1,0,22,2,0.0,0,1,2,840,0,902.31,0,33.18
3741,0,-1,0,1532,2,0.0,0,1,1,392,1,401.14,0,0.48
3742,0,-1,0,75,2,0.0,0,1,3,484,1,145.12,0,9.73
3743,0,-1,0,1654,1,0.0,0,1,2,392,0,86.96,0,0.22
3744,0,-1,0,2,5,0.2,0,1,1,392,0,620.08,0,50
3745,0,-1,0,501,6,0.333,0,2,3,276,1,272.65,0,4.37
3746,0,-1,0,1502,2,0.5,0,1,2,840,1,613.7,0,0.49
3747,0,-1,0,1165,4,0.0,0,1,3,840,0,1036.06,0,1.25
3748,0,-1,0,1324,1,0.0,0,1,2,36,1,879.99,0,0.28
3749,0,-1,0,1111,3,0.0,0,4,4,156,0,771.55,0,0.99
3750,0,-1,0,1872,2,0.0,0,1,1,724,1,352.71,0,0.39
3751,0,-1,0,946,1,0.0,0,1,1,840,0,377.33,0,0.39
3752,0,-1,0,1481,10,0.4,0,1,1,840,1,286.86,0,2.46
3753,0,-1,0,16,2,0.5,0,1,2,392,0,575.69,0,45.62
3754,0,-1,0,1134,3,0.0,0,4,4,840,1,307.91,0,0.97
3755,0,-1,0,1854,1,0.0,0,2,3,276,0,202.96,0,0.2
3756,0,-1,0,416,1,0.0,0,4,4,484,0,301.55,0,0.88
3757,0,-1,0,843,8,0.125,0,1,3,36,1,461.55,0,3.46
3758,0,-1,0,1712,1,0.0,0,1,1,840,0,772.94,0,0.21
3759,0,-1,0,1394,2,0.5,0,3,3,840,0,282.04,0,0.52
3760,0,-1,0,217,7,0.143,0,1,1,250,0,158.07,0,11.77
3761,0,-1,0,1950,2,0.5,0,1,1,156,1,563.22,0,0.37
3762,0,-1,0,1749,3,0.0,0,1,1,392,0,168.11,0,0.63
3763,0,-1,0,101,3,0.0,0,1,3,826,0,123.06,0,10.84
3764,0,-1,0,460,3,0.0,0,3,4,840,1,404.66,0,2.38
3765,0,-1,0,8,10,0.2,0,1,1,124,1,263.21,0,50
3766,0,-1,0,794,1,0.0,0,1,1,840,0,394.63,0,0.46
3767,0,-1,0,306,2,0.0,0,1,2,840,1,235.86,0,2.39
3768,0,-1,0,1099,3,0.0,0,2,2,392,1,422.96,0,1.0
3769,0,-1,0,807,2,0.0,0,1,1,840,1,243.26,0,0.9
3770,0,-1,0,85,4,0.0,0,1,2,276,0,264.27,0,17.18
3771,0,-1,0,1973,2,0.0,0,2,2,380,0,1736.75,0,0.37
3772,0,-1,0,1314,6,0.0,0,1,2,276,1,1109.78,0,1.67
3773,0,-1,0,1595,6,0.167,0,3,3,76,1,861.39,0,1.37
3774,0,-1,0,989,3,0.0,0,1,1,840,1,393.96,0,1.11
3775,0,-1,0,1364,2,0.0,0,2,3,36,1,654.88,0,0.54
3776,0,-1,0,13,1,0.0,0,1,1,76,1,230.3,0,28.08
3777,0,-1,0,1395,7,0.143,0,1,3,410,1,508.58,0,1.83
3778,0,-1,0,15,4,0.25,0,1,2,156,0,141.64,0,50
3779,0,-1,0,1629,3,0.0,0,2,3,156,0,1278.01,0,0.67
3780,0,-1,0,1305,2,0.0,0,1,2,528,1,165.45,0,0.56
3781,0,-1,0,1945,3,0.0,0,2,4,356,0,231.97,0,0.56
3782,0,-1,0,769,5,0.2,0,1,3,356,1,1145.55,0,2.37
3783,0,-1,0,1135,2,0.5,0,1,2,276,1,1494.65,0,0.64
3784,0,-1,0,1676,1,0.0,0,1,1,528,0,134.27,0,0.22
3785,0,-1,0,711,1,0.0,0,1,2,840,1,315.27,0,0.51
3786,0,-1,0,1192,3,0.0,0,1,2,250,0,349.75,0,0.92
3787,0,-1,0,808,5,0.0,0,1,1,840,1,459.14,0,2.26
3788,0,-1,0,1457,4,0.25,0,1,2,840,0,229.58,0,1.0
3789,0,-1,0,292,7,0.429,0,1,2,826,1,313.04,0,8.75
3790,0,-1,0,2,2,0.0,0,1,1,410,0,1780.37,0,50
3791,0,-1,0,247,5,0.0,0,1,3,826,0,478.74,0,7.39
3792,0,-1,0,1344,1,0.0,0,1,2,250,0,371.59,0,0.27
3793,0,-1,0,1741,1,0.0,0,1,1,276,1,394.08,0,0.21
3794,0,-1,0,1427,1,0.0,0,1,2,250,1,293.97,0,0.26
3795,0,-1,0,212,5,0.2,0,3,5,392,0,945.59,0,8.61
3796,0,-1,0,1576,2,0.0,0,1,3,826,1,359.34,0,0.46
3797,0,-1,0,28,1,0.0,0,1,3,356,1,212.01,0,13.04
3798,0,-1,0,660,1,1.0,0,3,3,840,0,390.1,0,0.55
3799,0,-1,0,415,2,0.0,0,2,2,276,1,649.0,0,1.76
3800,0,-1,0,389,2,0.0,0,1,3,76,1,268.17,0,1.88
3801,0,-1,0,34,1,0.0,0,2,2,156,0,125.8,0,10.74
3802,0,-1,0,338,2,0.5,0,1,2,124,0,454.4,0,2.16
3803,0,-1,0,3,3,0.667,0,1,2,840,1,247.43,0,50
3804,0,-1,0,1061,2,0.0,0,2,3,528,1,691.23,0,0.69
3805,0,-1,0,1548,3,0.333,0,3,3,250,1,584.43,0,0.71
3806,0,-1,0,1161,1,0.0,0,2,2,840,1,596.7,0,0.31
3807,0,-1,0,1694,1,0.0,0,2,2,156,1,246.61,0,0.22
3808,0,-1,0,16,1,0.0,0,1,3,124,1,409.0,0,22.81
3809,0,-1,0,1766,4,0.25,0,1,1,392,0,567.93,0,0.83
3810,0,-1,0,672,4,0.0,0,1,3,840,1,295.76,0,2.17
3811,0,-1,0,1845,3,0.0,0,1,1,124,0,290.79,0,0.59
3812,0,-1,0,1061,1,0.0,0,1,2,276,1,556.07,0,0.34
3813,0,-1,0,1673,10,0.1,0,1,1,276,1,297.82,0,2.18
3814,0,-1,0,27,2,0.5,0,2,3,156,0,1280.95,0,27.04
3815,0,-1,0,259,2,0.0,0,1,3,528,1,614.52,0,2.82
3816,0,-1,0,28,3,0.0,0,1,3,156,1,165.18,0,39.11
3817,0,-1,0,58,4,0.25,0,1,2,840,0,397.73,0,25.17
3818,0,-1,0,762,2,0.0,0,1,3,840,1,227.25,0,0.96
3819,0,-1,0,298,1,0.0,0,1,2,826,1,71.1,0,1.22
3820,0,-1,0,702,3,0.0,0,2,2,250,1,1100.02,0,1.56
3821,0,-1,0,299,2,0.0,0,2,2,380,0,345.9,0,2.44
3822,0,-1,0,5,4,0.0,0,1,2,840,1,2797.6,0,50
3823,0,-1,0,1462,3,0.333,0,2,2,156,0,3179.63,0,0.75
3824,0,-1,0,1735,5,0.4,0,1,1,156,1,1805.44,0,1.05
3825,0,-1,0,1386,2,0.0,0,4,4,840,0,522.83,0,0.53
3826,0,-1,0,874,1,1.0,0,1,1,840,1,560.46,0,0.42
3827,0,-1,0,16,4,0.25,0,1,3,410,1,781.27,0,50
3828,0,-1,0,1748,1,1.0,0,1,2,124,1,474.12,0,0.21
3829,0,-1,0,133,2,0.5,0,1,2,840,1,279.3,0,5.49
3830,0,-1,0,1318,2,0.0,0,1,2,840,1,348.27,0,0.55
3831,0,-1,0,1667,2,0.0,0,2,3,36,1,284.47,0,0.44
3832,0,-1,0,1439,2,0.0,0,1,3,276,1,257.99,0,0.51
3833,0,-1,0,1733,4,0.25,0,3,5,826,1,543.21,0,0.84
3834,0,-1,0,12,6,0.167,0,1,3,250,1,293.37,0,50
3835,0,-1,0,975,2,0.0,0,1,2,826,1,155.37,0,0.75
3836,0,-1,0,1905,2,0.0,0,3,5,840,1,194.89,0,0.38
3837,0,-1,0,929,3,0.0,0,3,5,276,1,226.07,0,1.18
3838,0,-1,0,190,2,0.0,0,1,1,724,1,1169.13,0,3.84
3839,0,-1,0,1725,3,0.333,0,1,3,826,1,475.44,0,0.63
3840,0,-1,0,99,3,0.333,0,1,3,156,1,708.61,0,11.06
3841,0,-1,0,1170,1,0.0,0,1,1,528,1,481.45,0,0.31
3842,0,-1,0,231,8,0.125,0,1,3,250,1,496.78,0,12.64
3843,0,-1,0,1146,4,0.0,0,3,5,156,1,169.06,0,1.27
3844,0,-1,0,377,3,0.0,0,3,3,76,0,1222.55,0,2.9
3845,0,-1,0,1343,3,0.667,0,1,2,276,1,182.13,0,0.82
3846,0,-1,0,1229,9,0.111,0,1,2,840,1,383.23,0,2.67
3847,0,-1,0,743,3,0.0,0,1,2,276,0,434.05,0,1.47
3848,0,-1,0,20,6,0.5,0,4,6,840,0,294.32,0,50
3849,0,-1,0,1410,2,0.0,0,1,2,826,0,1679.58,0,0.52
3850,0,-1,0,440,1,0.0,0,1,3,250,1,132.51,0,0.83
3851,0,-1,0,427,7,0.143,0,1,1,156,1,475.91,0,5.98
3852,0,-1,0,21,1,0.0,0,1,2,724,1,172.89,0,17.38
3853,0,-1,0,753,1,0.0,0,4,6,528,1,152.09,0,0.48
3854,0,-1,0,1994,3,0.333,0,2,4,250,1,223.96,0,0.55
3855,0,-1,0,1997,1,0.0,0,1,2,156,1,351.56,0,0.18
3856,0,-1,0,613,1,0.0,0,2,2,250,0,418.19,0,0.6
3857,0,-1,0,400,1,0.0,0,4,4,410,1,1628.28,0,0.91
3858,0,-1,0,1916,2,0.0,0,4,5,840,1,1296.07,0,0.38
3859,0,-1,0,15,10,0.2,0,1,2,276,1,727.18,0,50
3860,0,-1,0,478,2,0.0,0,1,3,36,1,1178.22,0,1.53
3861,0,-1,0,1398,4,0.25,0,1,1,276,0,447.86,0,1.04
3862,0,-1,0,5,2,0.0,0,1,3,276,1,794.07,0,50
3863,0,-1,0,622,2,0.5,0,1,1,484,1,704.29,0,1.17
3864,0,-1,0,1716,1,1.0,0,1,2,826,1,435.03,0,0.21
3865,0,-1,0,1376,2,0.0,0,3,4,724,1,884.1,0,0.53
3866,0,-1,0,1110,1,0.0,0,1,3,156,1,118.9,0,0.33
3867,0,-1,0,1228,2,0.0,0,1,3,156,1,302.14,0,0.59
3868,0,-1,0,1950,4,0.25,0,4,5,826,1,340.63,0,0.75
3869,0,-1,0,377,1,0.0,0,4,4,250,1,254.42,0,0.97
3870,0,-1,0,1850,4,0.25,0,1,2,156,1,731.96,0,0.79
3871,0,-1,0,1784,2,0.0,0,2,2,156,1,1165.02,0,0.41
3872,0,-1,0,1027,4,0.0,0,4,6,124,1,311.51,0,1.42
3873,0,-1,0,1452,2,0.5,0,3,5,840,1,691.72,0,0.5
3874,0,-1,0,8,4,0.5,0,3,5,826,1,501.22,0,50
3875,0,-1,0,1721,1,0.0,0,1,1,276,1,650.6,0,0.21
3876,0,-1,0,1103,1,0.0,0,1,3,156,0,3177.79,0,0.33
3877,0,-1,0,1368,1,1.0,0,1,2,826,1,185.86,0,0.27
3878,0,-1,0,1470,1,1.0,0,1,3,156,0,745.67,0,0.25
3879,0,-1,0,673,2,0.5,0,1,3,156,1,392.22,0,1.08
3880,0,-1,0,337,5,0.4,0,2,3,250,1,553.54,0,5.42
3881,0,-1,0,775,4,0.0,0,3,3,840,0,794.36,0,1.88
3882,0,-1,0,590,11,0.091,0,2,2,250,1,305.56,0,6.81
3883,0,-1,0,1467,2,0.0,0,1,2,156,1,765.92,0,0.5
3884,0,-1,0,1403,2,0.0,0,2,4,410,0,441.16,0,0.52
3885,0,-1,0,1799,1,1.0,0,3,4,840,1,751.86,0,0.2
3886,0,-1,0,1639,3,0.0,0,1,2,356,1,402.59,0,0.67
3887,0,-1,0,751,1,0.0,0,1,2,124,1,195.94,0,0.49
3888,0,-1,0,839,1,0.0,0,1,2,36,1,147.06,0,0.44
3889,0,-1,0,546,3,0.333,0,1,2,250,1,608.37,0,2.01
3890,0,-1,0,639,1,1.0,0,3,5,156,0,237.48,0,0.57
3891,0,-1,0,496,2,0.0,0,1,3,156,0,250.91,0,1.47
3892,0,-1,0,999,2,0.5,0,2,3,840,1,284.52,0,0.73
3893,0,-1,0,1296,8,0.125,0,1,2,156,1,521.76,0,2.25
3894,0,-1,0,1168,2,0.0,0,1,1,124,0,425.06,0,0.62
3895,0,-1,0,25,2,0.5,0,1,3,156,0,401.91,0,29.2
3896,0,-1,0,1174,2,0.5,0,2,4,840,1,774.0,0,0.62
3897,0,-1,0,339,3,0.0,0,1,3,840,1,780.11,0,3.23
3898,0,-1,0,15,1,0.0,0,1,3,840,0,180.45,0,24.33
3899,0,-1,0,134,6,0.167,0,4,5,76,1,836.65,0,16.34
3900,0,-1,0,1614,4,0.5,0,1,1,840,1,201.99,0,0.9
3901,0,-1,0,404,2,0.0,0,1,3,156,1,406.8,0,1.81
3902,0,-1,0,1628,2,0.5,0,3,5,156,0,219.16,0,0.45
3903,0,-1,0,96,2,0.5,0,1,1,392,1,77.46,0,7.6
3904,0,-1,0,21,1,0.0,0,1,2,840,1,281.96,0,17.38
3905,0,-1,0,1075,3,0.333,0,4,5,124,0,229.99,0,1.02
3906,0,-1,0,1923,1,0.0,0,2,2,156,1,784.48,0,0.19
3907,0,-1,0,1620,1,0.0,0,2,2,124,1,1070.51,0,0.23
3908,0,-1,0,1682,2,0.5,0,1,3,250,0,1386.33,0,0.43
3909,0,-1,0,1365,3,0.0,0,1,2,76,1,1098.79,0,0.8
3910,0,-1,0,1,2,0.0,0,1,3,840,1,810.64,0,50
3911,0,-1,0,1682,2,0.5,0,1,3,840,1,317.78,0,0.43
3912,0,-1,0,1935,3,0.333,0,2,3,124,0,823.26,0,0.57
3913,0,-1,0,1612,3,0.333,0,1,1,156,1,811.7,0,0.68
3914,0,-1,0,613,2,0.5,0,3,4,124,0,479.09,0,1.19
3915,0,-1,0,310,2,0.0,0,3,4,528,0,298.38,0,2.35
3916,0,-1,0,1438,6,0.333,0,4,6,840,1,229.01,0,1.52
3917,0,-1,0,227,2,0.0,0,1,3,356,1,276.96,0,3.22
3918,0,-1,0,1873,2,0.0,0,1,1,724,1,456.76,0,0.39
3919,0,-1,0,1219,3,0.333,0,2,3,840,1,566.13,0,0.9
3920,0,-1,0,1332,5,0.2,0,1,2,724,0,289.07,0,1.37
3921,0,-1,0,1755,1,0.0,0,3,5,528,1,1487.15,0,0.21
3922,0,-1,0,780,4,0.0,0,1,1,76,0,173.95,0,1.87
3923,0,-1,0,21,2,0.5,0,2,2,840,1,1027.34,0,34.76
3924,0,-1,0,67,1,0.0,0,1,2,250,1,522.34,0,5.45
3925,0,-1,0,445,4,0.0,0,1,3,410,1,451.28,0,3.28
3926,0,-1,0,869,3,0.333,0,2,3,156,1,346.49,0,1.26
3927,0,-1,0,1136,2,0.0,0,1,2,156,0,832.68,0,0.64
3928,0,-1,0,258,1,0.0,0,1,3,724,1,396.99,0,1.41
3929,0,-1,0,294,1,0.0,0,1,2,156,0,671.93,0,1.24
3930,0,-1,0,1834,2,0.0,0,3,4,250,0,563.46,0,0.4
3931,0,-1,0,1344,1,0.0,0,2,2,840,1,295.47,0,0.27
3932,0,-1,0,19,1,0.0,0,1,2,392,0,479.81,0,19.21
3933,0,-1,0,410,1,0.0,0,2,4,250,0,194.41,0,0.89
3934,0,-1,0,1108,10,0.3,0,1,3,356,1,158.43,0,3.29
3935,0,-1,0,1093,3,0.333,0,2,4,156,1,1067.41,0,1.0
3936,0,-1,0,18,10,0.1,0,1,3,276,1,460.42,0,50
3937,0,-1,0,75,1,0.0,0,3,5,392,1,196.52,0,4.87
3938,0,-1,0,1719,2,0.0,0,1,3,276,1,858.04,0,0.42
3939,0,-1,0,1746,3,0.0,0,1,2,840,0,384.43,0,0.63
3940,0,-1,0,698,1,1.0,0,1,1,380,1,186.49,0,0.52
3941,0,-1,0,73,3,0.0,0,1,2,276,0,576.42,0,15.0
3942,0,-1,0,652,5,0.2,0,1,2,484,0,254.35,0,2.8
3943,0,-1,0,1570,3,0.0,0,1,1,392,0,224.24,0,0.7
3944,0,-1,0,1083,6,0.167,0,1,1,276,0,904.89,0,2.02
3945,0,-1,0,1444,3,0.0,0,2,4,276,0,452.96,0,0.76
3946,0,-1,0,1575,1,0.0,0,2,3,840,1,351.32,0,0.23
3947,0,-1,0,1451,4,0.25,0,2,4,380,1,102.5,0,1.01
3948,0,-1,0,1290,2,0.0,0,3,3,36,0,589.21,0,0.57
3949,0,-1,0,1286,1,0.0,0,2,4,356,1,211.57,0,0.28
3950,0,-1,0,1389,1,0.0,0,1,3,826,0,650.92,0,0.26
3951,0,-1,0,1401,2,0.0,0,1,2,276,0,725.23,0,0.52
3952,0,-1,0,460,5,0.2,0,2,4,724,0,1061.2,0,3.97
3953,0,-1,0,1601,1,0.0,0,4,4,840,0,598.72,0,0.23
3954,0,-1,0,1621,1,0.0,0,1,2,356,1,184.56,0,0.23
3955,0,-1,0,1561,4,0.25,0,3,5,410,0,1163.35,0,0.94
3956,0,-1,0,1929,3,0.0,0,1,3,840,1,821.93,0,0.57
3957,0,-1,0,26,2,0.0,0,2,3,840,1,273.32,0,28.08
3958,0,-1,0,2,3,0.0,0,1,1,380,1,442.05,0,50
3959,0,-1,0,1266,4,0.25,0,1,3,36,0,806.65,0,1.15
3960,0,-1,0,808,1,0.0,0,1,2,528,1,709.31,0,0.45
3961,0,-1,0,20,6,0.167,0,1,1,156,1,204.65,0,50
3962,0,-1,0,627,3,0.0,0,1,1,840,1,309.71,0,1.75
3963,0,-1,0,567,3,0.333,0,1,1,392,1,469.64,0,1.93
3964,0,-1,0,1159,2,0.0,0,3,5,250,0,764.45,0,0.63
3965,0,-1,0,1357,1,0.0,0,3,5,826,1,202.93,0,0.27
3966,0,-1,0,1237,1,0.0,0,2,2,156,0,1504.59,0,0.3
3967,0,-1,0,11,4,0.5,0,1,3,276,1,343.89,0,50
3968,0,-1,0,669,2,0.5,0,1,1,484,0,377.08,0,1.09
3969,0,-1,0,1146,2,0.5,0,2,4,156,0,371.71,0,0.64
3970,0,-1,0,297,2,0.5,0,1,2,840,0,453.84,0,2.46
3971,0,-1,0,949,3,0.0,0,1,2,840,1,401.16,0,1.15
3972,0,-1,0,1152,4,0.25,0,2,4,276,1,699.46,0,1.27
3973,0,-1,0,389,1,1.0,0,1,1,276,0,538.56,0,0.94
3974,0,-1,0,1226,1,0.0,0,1,3,826,0,118.29,0,0.3
3975,0,-1,0,778,4,0.0,0,3,4,840,0,210.17,0,1.88
3976,0,-1,0,263,3,0.333,0,2,3,826,1,256.85,0,4.16
3977,0,-1,0,8,2,0.0,0,4,5,484,0,1230.45,0,50
3978,0,-1,0,1325,2,0.0,0,3,4,380,1,469.47,0,0.55
3979,0,-1,0,1228,1,0.0,0,1,2,76,0,578.71,0,0.3
3980,0,-1,0,1587,2,0.5,0,1,2,250,0,351.08,0,0.46
3981,0,-1,0,1539,1,0.0,0,1,1,484,0,48.07,0,0.24
3982,0,-1,0,684,5,0.4,0,1,1,276,1,34.14,0,2.67
3983,0,-1,0,23,5,0.4,0,1,1,380,1,764.29,0,50
3984,0,-1,0,19,1,0.0,0,3,4,356,1,256.48,0,19.21
3985,0,-1,0,1203,1,0.0,0,2,2,124,1,857.26,0,0.3
3986,0,-1,0,476,1,0.0,0,1,2,156,0,809.22,0,0.77
3987,0,-1,0,1489,2,0.0,0,1,2,36,1,140.61,0,0.49
3988,0,-1,0,140,10,0.0,0,1,1,826,1,290.04,0,26.07
3989,0,-1,0,1358,8,0.125,0,2,2,250,1,1672.4,0,2.15
3990,0,-1,0,1206,2,0.0,0,1,1,36,1,213.73,0,0.61
3991,0,-1,0,534,4,0.0,0,1,1,840,1,343.24,0,2.73
3992,0,-1,0,500,1,0.0,0,1,3,276,0,514.02,0,0.73
3993,0,-1,0,90,1,0.0,0,2,4,392,0,191.3,0,4.06
3994,0,-1,0,376,2,0.5,0,1,3,840,1,264.43,0,1.94
3995,0,-1,0,130,4,0.0,0,1,2,484,1,1451.19,0,11.23
3996,0,-1,0,1953,8,0.25,0,1,2,392,1,249.86,0,1.5
3997,0,-1,0,1407,5,0.0,0,4,4,156,0,769.5,0,1.3
3998,0,-1,0,811,6,0.333,0,1,3,250,1,618.58,0,2.7
3999,0,-1,0,1624,1,0.0,0,1,2,840,0,309.69,0,0.22
4000,0,-1,0,70,1,1.0,0,1,1,392,0,504.04,0,5.21
4001,0,-1,0,1370,3,0.0,0,1,1,840,1,195.22,0,0.8
4002,0,-1,0,1615,3,0.333,0,1,3,250,0,625.2,0,0.68
4003,0,-1,0,1581,5,0.2,0,2,3,826,0,172.21,0,1.15
4004,0,-1,0,1723,1,0.0,0,3,5,840,0,1530.69,0,0.21
4005,0,-1,0,1747,1,0.0,0,3,4,276,0,199.21,0,0.21
4006,0,-1,0,157,4,0.25,0,2,4,826,1,363.41,0,9.3
4007,0,-1,0,1452,2,0.0,0,2,4,840,0,649.71,0,0.5
4008,0,-1,0,1110,8,0.25,0,2,3,840,1,339.85,0,2.63
4009,0,-1,0,1415,1,1.0,0,3,3,156,0,446.02,0,0.26
4010,0,-1,0,285,1,0.0,0,1,3,250,0,213.49,0,1.28
4011,0,-1,0,1237,2,0.5,0,1,2,840,1,333.65,0,0.59
4012,0,-1,0,939,2,0.0,0,2,3,156,1,476.15,0,0.78
4013,0,-1,0,315,1,0.0,0,1,2,36,0,2264.54,0,1.16
4014,0,-1,0,546,4,0.0,0,2,4,156,1,639.4,0,2.67
4015,0,-1,0,1116,1,1.0,0,2,4,36,1,723.4,0,0.33
4016,0,-1,0,14,3,0.0,0,3,5,124,0,1077.35,0,50
4017,0,-1,0,11,3,0.0,0,1,3,276,0,736.29,0,50
4018,0,-1,0,127,2,0.0,0,3,5,392,1,352.9,0,5.75
4019,0,-1,0,494,1,0.0,0,1,2,826,0,398.6,0,0.74
4020,0,-1,0,8,1,0.0,0,2,2,840,0,164.84,0,45.62
4021,0,-1,0,230,3,0.333,0,1,1,826,0,404.75,0,4.76
4022,0,-1,0,340,3,0.0,0,1,2,156,1,407.09,0,3.22
4023,0,-1,0,103,2,0.0,0,3,5,156,0,726.64,0,7.09
4024,0,-1,0,290,4,0.25,0,3,4,156,1,303.63,0,5.03
4025,0,-1,0,1580,5,0.4,0,1,1,840,1,514.64,0,1.16
4026,0,-1,0,1617,3,0.0,0,1,1,840,0,447.79,0,0.68
4027,0,-1,0,1037,2,0.0,0,2,3,380,1,962.51,0,0.7
4028,0,-1,0,1613,4,0.25,0,1,2,156,0,179.06,0,0.91
4029,0,-1,0,1738,3,0.0,0,1,3,724,1,352.93,0,0.63
4030,0,-1,0,1173,1,0.0,0,2,3,840,1,729.33,0,0.31
4031,0,-1,0,1464,5,0.2,0,2,3,156,1,782.39,0,1.25
4032,0,-1,0,450,1,0.0,0,1,2,840,0,754.69,0,0.81
4033,0,-1,0,1464,1,1.0,0,2,4,276,0,727.38,0,0.25
4034,0,-1,0,790,3,0.333,0,2,2,380,1,362.72,0,1.39
4035,0,-1,0,1150,3,0.333,0,4,4,250,1,489.11,0,0.95
4036,0,-1,0,887,2,0.0,0,2,3,276,1,305.84,0,0.82
4037,0,-1,0,881,3,0.333,0,1,3,484,1,399.01,0,1.24
4038,0,-1,0,1553,4,0.0,0,3,4,826,1,258.25,0,0.94
4039,0,-1,0,155,1,1.0,0,1,3,392,0,562.47,0,2.35
4040,0,-1,0,692,2,0.5,0,1,2,840,0,305.96,0,1.05
4041,0,-1,0,397,1,0.0,0,3,4,840,0,459.87,0,0.92
4042,0,-1,0,1466,2,0.0,0,1,1,392,1,346.57,0,0.5
4043,0,-1,0,34,3,0.0,0,1,1,156,0,987.22,0,32.21
4044,0,-1,0,21,5,0.6,0,1,3,840,1,922.97,0,50
4045,0,-1,0,1100,1,1.0,0,1,2,156,0,697.82,0,0.33
4046,0,-1,0,446,2,0.5,0,1,2,276,0,1014.44,0,1.64
4047,0,-1,0,948,3,0.333,0,2,2,392,1,135.01,0,1.16
4048,0,-1,0,894,1,0.0,0,1,2,156,0,172.26,0,0.41
4049,0,-1,0,13,5,0.2,0,1,2,76,0,590.25,0,50
4050,0,-1,0,1321,4,0.0,0,1,1,484,0,385.03,0,1.11
4051,0,-1,0,1867,2,0.0,0,1,3,840,0,1792.74,0,0.39
4052,0,-1,0,1840,3,0.667,0,2,2,250,0,218.54,0,0.6
4053,0,-1,0,1695,1,0.0,0,4,5,380,0,425.12,0,0.22
4054,0,-1,0,921,1,0.0,0,1,3,156,1,627.34,0,0.4
4055,0,-1,0,1993,8,0.125,0,1,1,156,1,240.36,0,1.47
4056,0,-1,0,29,2,0.0,0,1,2,156,1,727.71,0,25.17
4057,0,-1,0,1549,1,0.0,0,1,3,840,1,1149.03,0,0.24
4058,0,-1,0,865,4,0.25,0,2,4,250,1,341.3,0,1.69
4059,0,-1,0,1808,5,0.0,0,1,2,840,0,540.97,0,1.01
4060,0,-1,0,155,2,0.5,0,1,3,410,0,583.63,0,4.71
4061,0,-1,0,1023,3,0.333,0,1,2,484,1,278.22,0,1.07
4062,0,-1,0,1749,1,1.0,0,1,2,826,0,520.97,0,0.21
4063,0,-1,0,22,5,0.4,0,2,2,156,1,214.26,0,50
4064,0,-1,0,693,2,0.0,0,1,3,356,0,469.95,0,1.05
4065,0,-1,0,1,2,0.0,0,3,3,410,0,699.01,0,50
4066,0,-1,0,532,7,0.0,0,1,3,392,0,239.56,0,4.8
4067,0,-1,0,504,2,0.5,0,1,3,156,1,202.57,0,1.45
4068,0,-1,0,12,2,0.5,0,1,2,36,0,712.69,0,50
4069,0,-1,0,1444,4,0.5,0,4,6,840,1,1087.17,0,1.01
4070,0,-1,0,476,1,0.0,0,1,1,528,1,333.01,0,0.77
4071,0,-1,0,1080,1,1.0,0,1,2,392,0,1616.16,0,0.34
4072,0,-1,0,4,1,0.0,0,2,4,356,0,187.6,0,50
4073,0,-1,0,1769,1,0.0,0,1,2,250,1,243.05,0,0.21
4074,0,-1,0,39,1,0.0,0,4,4,250,0,137.71,0,9.36
4075,0,-1,0,8,1,0.0,0,1,2,124,0,343.12,0,45.62
4076,0,-1,0,17,1,0.0,0,1,2,484,0,897.75,0,21.47
4077,0,-1,0,1340,2,0.5,0,1,3,36,0,336.35,0,0.54
4078,0,-1,0,327,6,0.167,0,1,1,840,1,358.43,0,6.7
4079,0,-1,0,1078,6,0.5,0,2,2,156,1,253.93,0,2.03
4080,0,-1,0,1426,1,0.0,0,1,3,840,1,786.98,0,0.26
4081,0,-1,0,1316,7,0.0,0,1,3,76,1,408.07,0,1.94
4082,0,-1,0,1489,1,0.0,0,2,3,156,1,927.25,0,0.25
4083,0,-1,0,256,2,1.0,0,2,2,250,1,421.19,0,2.85
4084,0,-1,0,233,8,0.25,0,1,3,392,1,76.39,0,12.53
4085,0,-1,0,243,2,0.0,0,2,2,392,0,1087.71,0,3.0
4086,0,-1,0,119,4,0.0,0,3,3,410,1,629.41,0,12.27
4087,0,-1,0,54,4,0.25,0,1,2,380,1,263.99,0,27.04
4088,0,-1,0,256,2,0.0,0,1,3,156,1,672.62,0,2.85
4089,0,-1,0,1289,1,0.0,0,1,3,840,0,2367.94,0,0.28
4090,0,-1,0,550,4,0.25,0,1,2,826,1,1731.16,0,2.65
4091,0,-1,0,1390,10,0.3,0,1,1,410,1,335.31,0,2.63
4092,0,-1,0,1890,5,0.0,0,1,1,276,1,1409.8,0,0.97
4093,0,-1,0,303,1,1.0,0,2,4,484,1,307.63,0,1.2
4094,0,-1,0,66,2,0.0,0,1,2,156,0,245.57,0,11.06
4095,0,-1,0,1225,2,0.0,0,2,3,36,0,857.63,0,0.6
4096,0,-1,0,21,2,0.0,0,1,3,356,1,1537.78,0,34.76
4097,0,-1,0,8,7,0.0,0,1,2,840,1,1062.23,0,50
4098,0,-1,0,943,1,0.0,0,1,1,410,1,1052.41,0,0.39
4099,0,-1,0,629,1,0.0,0,2,4,356,1,657.39,0,0.58
4100,0,-1,0,1462,4,0.25,0,1,2,156,0,792.46,0,1.0
4101,0,-1,0,735,1,0.0,0,2,3,484,1,188.88,0,0.5
4102,0,-1,0,1391,1,0.0,0,2,4,250,1,325.03,0,0.26
4103,0,-1,0,27,4,0.25,0,1,2,840,1,352.4,0,50
4104,0,-1,0,606,1,0.0,0,2,3,356,1,656.57,0,0.6
4105,0,-1,0,902,1,0.0,0,2,4,76,1,445.97,0,0.4
4106,0,-1,0,1080,2,0.0,0,2,4,36,0,381.51,0,0.68
4107,0,-1,0,62,1,0.0,0,1,3,840,1,366.69,0,5.89
4108,0,-1,0,4,2,0.0,0,1,1,156,1,522.04,0,50
4109,0,-1,0,1979,1,1.0,0,4,4,156,1,144.48,0,0.18
4110,0,-1,0,1612,1,0.0,0,2,3,156,0,529.06,0,0.23
4111,0,-1,0,420,2,0.0,0,1,1,840,1,294.44,0,1.74
4112,0,-1,0,3,5,0.0,0,3,4,380,0,341.83,0,50
4113,0,-1,0,3,3,0.0,0,1,2,826,0,490.35,0,50
4114,0,-1,0,680,2,0.5,0,2,2,124,0,595.13,0,1.07
4115,0,-1,0,1841,1,1.0,0,2,4,840,1,134.82,0,0.2
4116,0,-1,0,1970,3,0.667,0,2,4,276,0,212.83,0,0.56
4117,0,-1,0,680,4,0.0,0,3,3,124,1,1046.19,0,2.15
4118,0,-1,0,1393,2,0.0,0,1,3,840,1,503.88,0,0.52
4119,0,-1,0,109,6,0.333,0,1,1,410,1,1385.0,0,20.09
4120,0,-1,0,1610,4,0.0,0,3,4,484,1,148.97,0,0.91
4121,0,-1,0,1573,4,0.0,0,3,4,410,0,202.09,0,0.93
4122,0,-1,0,1792,3,0.0,0,2,3,380,1,586.88,0,0.61
4123,0,-1,0,400,5,0.0,0,2,4,156,0,343.55,0,4.56
4124,0,-1,0,448,1,0.0,0,1,1,156,0,862.31,0,0.81
4125,0,-1,0,80,6,0.167,0,1,3,826,1,655.37,0,27.38
4126,0,-1,0,577,5,0.0,0,3,4,392,1,276.44,0,3.16
4127,0,-1,0,865,3,0.333,0,2,3,392,0,493.47,0,1.27
4128,0,-1,0,1242,5,0.2,0,1,3,840,1,587.46,0,1.47
4129,0,-1,0,1363,1,0.0,0,1,2,840,0,225.36,0,0.27
4130,0,-1,0,14,1,0.0,0,1,3,250,0,195.64,0,26.07
4131,0,-1,0,1997,1,1.0,0,2,3,156,0,626.8,0,0.18
4132,0,-1,0,657,1,0.0,0,1,2,250,0,832.57,0,0.56
4133,0,-1,0,413,9,0.111,0,2,4,124,1,304.61,0,7.95
4134,0,-1,0,1096,2,0.0,0,1,1,156,1,165.98,0,0.67
4135,0,-1,0,1545,3,0.0,0,2,4,156,0,1194.12,0,0.71
4136,0,-1,0,797,3,0.0,0,1,2,826,0,447.88,0,1.37
4137,0,-1,0,1984,1,0.0,0,2,2,250,1,363.19,0,0.18
4138,0,-1,0,1365,1,0.0,0,1,3,724,1,349.87,0,0.27
4139,0,-1,0,28,1,0.0,0,1,1,124,1,430.79,0,13.04
4140,0,-1,0,991,2,0.5,0,1,2,840,1,368.13,0,0.74
4141,0,-1,0,617,1,1.0,0,1,3,840,1,823.31,0,0.59
4142,0,-1,0,706,1,0.0,0,1,1,124,0,460.16,0,0.52
4143,0,-1,0,1555,3,0.333,0,2,3,410,0,547.7,0,0.7
4144,0,-1,0,1175,3,0.333,0,3,4,826,0,603.33,0,0.93
4145,0,-1,0,806,2,0.5,0,1,3,528,1,613.86,0,0.91
4146,0,-1,0,1072,1,0.0,0,2,4,276,0,656.38,0,0.34
4147,0,-1,0,1431,3,0.0,0,1,2,826,1,220.74,0,0.77
4148,0,-1,0,1790,2,0.5,0,1,2,410,1,530.79,0,0.41
4149,0,-1,0,641,3,0.333,0,3,3,380,1,154.05,0,1.71
4150,0,-1,0,823,8,0.25,0,4,6,156,1,656.74,0,3.55
4151,0,-1,0,654,6,0.0,0,1,1,276,1,245.7,0,3.35
4152,0,-1,0,115,1,0.0,0,1,1,840,1,253.64,0,3.17
4153,0,-1,0,305,2,0.5,0,1,2,528,1,142.81,0,2.39
4154,0,-1,0,767,2,0.0,0,3,3,840,1,316.72,0,0.95
4155,0,-1,0,620,4,0.25,0,3,4,392,0,61.86,0,2.35
4156,0,-1,0,1980,3,0.0,0,2,4,840,0,708.89,0,0.55
4157,0,-1,0,1781,2,0.5,0,1,3,840,0,288.94,0,0.41
4158,0,-1,0,1924,4,0.25,0,1,1,380,1,404.87,0,0.76
4159,0,-1,0,772,3,0.0,0,1,1,36,0,882.26,0,1.42
4160,0,-1,0,1834,1,0.0,0,1,2,840,1,525.16,0,0.2
4161,0,-1,0,54,3,0.667,0,4,6,392,0,215.61,0,20.28
4162,0,-1,0,15,3,0.0,0,1,2,356,0,716.6,0,50
4163,0,-1,0,1247,2,0.0,0,2,2,724,1,516.76,0,0.59
4164,0,-1,0,970,2,0.0,0,2,2,840,0,280.71,0,0.75
4165,0,-1,0,51,3,0.0,0,1,2,840,0,904.8,0,21.47
4166,0,-1,0,1586,3,0.333,0,2,4,840,1,297.03,0,0.69
4167,0,-1,0,169,5,0.0,0,1,2,840,1,310.06,0,10.8
4168,0,-1,0,1884,2,0.5,0,2,4,276,0,156.56,0,0.39
4169,0,-1,0,1067,3,0.667,0,1,3,276,1,384.85,0,1.03
4170,0,-1,0,314,3,0.333,0,2,2,826,0,629.13,0,3.49
4171,0,-1,0,343,1,0.0,0,2,4,826,1,362.32,0,1.06
4172,0,-1,0,1758,1,0.0,0,1,2,156,0,546.74,0,0.21
4173,0,-1,0,397,2,0.0,0,2,2,156,1,703.27,0,1.84
4174,0,-1,0,1306,4,0.0,0,1,3,840,1,1010.14,0,1.12
4175,0,-1,0,1288,1,0.0,0,2,3,76,1,470.98,0,0.28
4176,0,-1,0,1390,1,0.0,0,2,2,250,0,461.92,0,0.26
4177,0,-1,0,1507,5,0.2,0,3,4,156,0,466.75,0,1.21
4178,0,-1,0,1569,1,1.0,0,1,2,156,1,234.47,0,0.23
4179,0,-1,0,314,5,0.4,0,1,2,276,0,438.45,0,5.81
4180,0,-1,0,888,4,0.0,0,2,4,124,0,245.02,0,1.64
4181,0,-1,0,825,2,0.0,0,1,3,840,0,488.29,0,0.88
4182,0,-1,0,17,2,0.5,0,4,6,826,1,939.99,0,42.94
4183,0,-1,0,681,1,0.0,0,1,2,410,0,314.93,0,0.54
4184,0,-1,0,528,2,0.0,0,1,3,840,0,541.44,0,1.38
4185,0,-1,0,1236,4,0.0,0,2,4,124,1,557.92,0,1.18
4186,0,-1,0,1435,1,0.0,0,1,3,156,0,403.32,0,0.25
4187,0,-1,0,72,5,0.4,0,1,1,156,1,1024.36,0,25.35
4188,0,-1,0,1161,1,0.0,0,1,2,410,1,366.08,0,0.31
4189,0,-1,0,679,6,0.5,0,1,3,156,1,797.51,0,3.23
4190,0,-1,0,1376,1,0.0,0,3,3,826,0,57.63,0,0.27
4191,0,-1,0,22,3,0.333,0,3,5,156,0,158.35,0,49.77
4192,0,-1,0,551,4,0.0,0,1,3,392,1,327.87,0,2.65
4193,0,-1,0,26,5,0.2,0,1,2,250,1,265.7,0,50
4194,0,-1,0,27,2,0.0,0,1,2,840,0,277.7,0,27.04
4195,0,-1,0,438,7,0.143,0,1,1,380,1,446.43,0,5.83
4196,0,-1,0,453,3,0.0,0,3,4,840,0,697.4,0,2.42
4197,0,-1,0,60,5,0.2,0,1,2,76,1,280.46,0,30.42
4198,0,-1,0,152,1,0.0,0,1,3,276,1,1490.88,0,2.4
4199,0,-1,0,94,2,0.5,0,1,3,724,1,544.44,0,7.77
4200,0,-1,0,1758,6,0.333,0,1,2,250,1,586.59,0,1.25
4201,0,-1,0,25,4,0.0,0,1,1,76,0,133.36,0,50
4202,0,-1,0,16,3,0.0,0,1,2,840,1,598.68,0,50
4203,0,-1,0,886,5,0.0,0,1,3,840,1,198.66,0,2.06
4204,0,-1,0,4,1,1.0,0,1,2,156,1,408.51,0,50
4205,0,-1,0,1226,2,0.5,0,1,2,840,1,271.29,0,0.6
4206,0,-1,0,74,4,0.25,0,2,2,250,0,612.32,0,19.73
4207,0,-1,0,819,4,0.0,0,1,1,250,1,528.89,0,1.78
4208,0,-1,0,1579,3,0.667,0,1,1,276,1,438.15,0,0.69
4209,0,-1,0,28,2,0.0,0,2,2,36,0,532.55,0,26.07
4210,0,-1,0,1469,2,1.0,0,2,3,840,1,413.59,0,0.5
4211,0,-1,0,3,1,0.0,0,1,2,840,1,408.85,0,50
4212,0,-1,0,1239,5,0.2,0,1,2,840,1,537.76,0,1.47
4213,0,-1,0,1285,4,0.25,0,1,1,156,0,359.08,0,1.14
4214,0,-1,0,1919,1,0.0,0,1,3,840,1,362.51,0,0.19
4215,0,-1,0,1129,1,0.0,0,2,3,156,1,521.59,0,0.32
4216,0,-1,0,642,3,0.0,0,1,2,410,1,148.22,0,1.71
4217,0,-1,0,1845,1,0.0,0,1,2,156,0,422.93,0,0.2
4218,0,-1,0,1721,2,0.0,0,3,3,826,0,164.43,0,0.42
4219,0,-1,0,1451,1,0.0,0,3,3,36,0,274.97,0,0.25
4220,0,-1,0,304,2,0.5,0,1,2,826,0,821.6,0,2.4
4221,0,-1,0,1776,3,0.0,0,1,2,124,0,1534.13,0,0.62
4222,0,-1,0,558,3,0.333,0,1,1,840,0,248.29,0,1.96
4223,0,-1,0,374,3,0.0,0,1,2,156,1,106.17,0,2.93
4224,0,-1,0,1735,4,0.0,0,1,3,76,1,788.38,0,0.84
4225,0,-1,0,1410,4,0.25,0,1,1,356,1,568.92,0,1.04
4226,0,-1,0,1492,3,0.0,0,1,1,840,1,836.55,0,0.73
4227,0,-1,0,1343,1,0.0,0,1,1,840,1,1256.87,0,0.27
4228,0,-1,0,1080,1,0.0,0,1,2,250,1,967.34,0,0.34
4229,0,-1,0,1398,1,0.0,0,2,3,840,0,496.58,0,0.26
4230,0,-1,0,1192,4,0.0,0,1,2,156,1,200.55,0,1.22
4231,0,-1,0,436,1,0.0,0,1,1,484,1,508.64,0,0.84
4232,0,-1,0,20,1,0.0,0,3,5,156,1,474.61,0,18.25
4233,0,-1,0,1154,2,0.0,0,2,2,840,1,161.34,0,0.63
4234,0,-1,0,954,2,0.0,0,3,5,826,1,268.1,0,0.77
4235,0,-1,0,738,2,0.0,0,1,3,250,1,368.81,0,0.99
4236,0,-1,0,1956,1,0.0,0,1,3,356,0,436.78,0,0.19
4237,0,-1,0,1538,3,0.333,0,1,1,156,1,908.94,0,0.71
4238,0,-1,0,585,2,0.0,0,3,5,840,0,1341.62,0,1.25
4239,0,-1,0,14,2,0.0,0,2,4,840,0,289.78,0,50
4240,0,-1,0,241,2,0.0,0,1,2,840,0,303.93,0,3.03
4241,0,-1,0,26,1,0.0,0,2,4,840,1,760.86,0,14.04
4242,0,-1,0,560,3,0.0,0,3,5,484,1,512.48,0,1.96
4243,0,-1,0,941,3,0.333,0,1,2,826,1,2645.07,0,1.16
4244,0,-1,0,1336,1,0.0,0,1,1,826,0,599.96,0,0.27
4245,0,-1,0,7,1,1.0,0,1,2,156,0,118.21,0,50
4246,0,-1,0,188,3,0.0,0,1,3,156,1,448.91,0,5.82
4247,0,-1,0,627,3,0.0,0,4,6,356,1,743.89,0,1.75
4248,0,-1,0,919,1,0.0,0,1,1,356,0,545.28,0,0.4
4249,0,-1,0,960,2,0.0,0,1,3,250,0,373.15,0,0.76
4250,0,-1,0,24,1,0.0,0,1,1,528,0,569.08,0,15.21
4251,0,-1,0,838,7,0.143,0,1,2,724,1,81.36,0,3.05
4252,0,-1,0,606,1,0.0,0,3,5,840,0,634.13,0,0.6
4253,0,-1,0,1814,2,0.0,0,1,3,250,0,924.71,0,0.4
4254,0,-1,0,20,8,0.125,0,1,1,840,1,335.56,0,50
4255,0,-1,0,1914,2,0.0,0,1,1,36,0,339.47,0,0.38
4256,0,-1,0,121,6,0.0,0,1,3,276,1,558.43,0,18.1
4257,0,-1,0,482,2,0.0,0,3,4,156,1,256.54,0,1.51
4258,0,-1,0,1095,6,0.333,0,1,1,840,1,599.6,0,2.0
4259,0,-1,0,345,3,0.667,0,2,3,840,0,801.3,0,3.17
4260,0,-1,0,208,1,0.0,0,1,2,76,0,129.24,0,1.75
4261,0,-1,0,517,5,0.0,0,1,3,156,0,1850.39,0,3.53
4262,0,-1,0,1757,4,0.5,0,1,1,528,1,99.1,0,0.83
4263,0,-1,0,566,2,0.0,0,2,2,840,1,179.71,0,1.29
4264,0,-1,0,554,3,0.0,0,2,4,410,1,733.61,0,1.98
4265,0,-1,0,738,1,1.0,0,1,1,156,1,362.64,0,0.49
4266,0,-1,0,1589,1,0.0,0,2,4,156,0,278.75,0,0.23
4267,0,-1,0,1808,1,1.0,0,4,4,840,1,266.88,0,0.2
4268,0,-1,0,918,2,0.5,0,1,2,826,0,725.78,0,0.8
4269,0,-1,0,1832,4,0.25,0,1,1,156,0,383.02,0,0.8
4270,0,-1,0,1458,2,0.0,0,1,3,724,1,176.7,0,0.5
4271,0,-1,0,569,2,0.0,0,1,3,826,0,613.15,0,1.28
4272,0,-1,0,147,1,1.0,0,1,3,840,1,696.19,0,2.48
4273,0,-1,0,1177,1,0.0,0,1,1,276,1,244.89,0,0.31
4274,0,-1,0,547,3,0.333,0,1,1,356,1,835.06,0,2.0
4275,0,-1,0,1929,5,0.2,0,1,2,276,0,147.69,0,0.95
4276,0,-1,0,978,2,0.5,0,1,3,840,1,816.7,0,0.75
4277,0,-1,0,840,4,0.0,0,1,3,826,1,441.02,0,1.74
4278,0,-1,0,503,2,0.5,0,1,2,76,1,772.37,0,1.45
4279,0,-1,0,759,2,0.0,0,2,4,356,1,672.85,0,0.96
4280,0,-1,0,949,1,0.0,0,2,2,250,0,158.12,0,0.38
4281,0,-1,0,1814,4,0.0,0,1,2,826,1,673.88,0,0.8
4282,0,-1,0,1664,2,0.0,0,1,2,840,0,262.11,0,0.44
4283,0,-1,0,1816,2,0.5,0,2,3,276,0,70.89,0,0.4
4284,0,-1,0,1593,1,0.0,0,2,3,840,1,551.14,0,0.23
4285,0,-1,0,1879,4,0.25,0,3,4,724,0,611.85,0,0.78
4286,0,-1,0,182,1,0.0,0,1,1,156,0,736.22,0,2.01
4287,0,-1,0,1076,2,0.0,0,1,1,156,1,218.38,0,0.68
4288,0,-1,0,14,7,0.429,0,1,3,392,1,453.94,0,50
4289,0,-1,0,347,2,1.0,0,4,5,392,0,597.46,0,2.1
4290,0,-1,0,29,4,0.25,0,1,3,840,1,571.03,0,50
4291,0,-1,0,23,3,0.333,0,1,3,250,1,306.18,0,47.61
4292,0,-1,0,1293,2,0.0,0,3,5,76,0,460.64,0,0.56
4293,0,-1,0,626,5,0.0,0,1,2,392,0,224.03,0,2.92
4294,0,-1,0,1620,5,0.4,0,2,4,276,1,807.75,0,1.13
4295,0,-1,0,553,1,0.0,0,1,1,826,0,381.5,0,0.66
4296,0,-1,0,2,3,0.0,0,2,2,156,0,123.71,0,50
4297,0,-1,0,1581,10,0.0,0,2,4,276,1,390.49,0,2.31
4298,0,-1,0,1362,1,1.0,0,1,3,276,0,902.52,0,0.27
4299,0,-1,0,423,4,0.0,0,1,1,724,1,279.88,0,3.45
4300,0,-1,0,114,3,0.0,0,1,1,840,1,487.3,0,9.61
4301,0,-1,0,1642,2,0.0,0,1,3,826,0,268.24,0,0.44
4302,0,-1,0,22,2,0.0,0,1,1,250,1,206.23,0,33.18
4303,0,-1,0,15,1,0.0,0,3,4,840,1,584.41,0,24.33
4304,0,-1,0,1481,3,0.333,0,1,3,528,0,258.47,0,0.74
4305,0,-1,0,1749,5,0.2,0,1,3,156,1,1095.65,0,1.04
4306,0,-1,0,1993,5,0.2,0,2,3,356,1,180.86,0,0.92
4307,0,-1,0,47,10,0.2,0,1,2,156,1,397.67,0,50
4308,0,-1,0,1378,1,0.0,0,4,5,840,1,224.83,0,0.26
4309,0,-1,0,1150,3,0.333,0,1,1,156,1,603.38,0,0.95
4310,0,-1,0,1545,2,0.0,0,2,4,840,1,981.93,0,0.47
4311,0,-1,0,697,1,0.0,0,3,4,276,1,307.38,0,0.52
4312,0,-1,0,185,2,0.0,0,1,3,826,0,233.64,0,3.95
4313,0,-1,0,989,1,1.0,0,1,3,36,0,275.96,0,0.37
4314,0,-1,0,424,3,0.667,0,1,3,156,1,878.59,0,2.58
4315,0,-1,0,66,1,1.0,0,1,3,840,0,477.31,0,5.53
4316,0,-1,0,67,8,0.0,0,2,3,410,1,210.57,0,43.58
4317,0,-1,0,26,1,0.0,0,1,1,356,1,435.22,0,14.04
4318,0,-1,0,1947,2,0.0,0,1,1,250,0,860.87,0,0.37
4319,0,-1,0,935,3,0.667,0,2,2,392,0,2355.28,0,1.17
4320,0,-1,0,719,6,0.167,0,2,2,840,1,159.48,0,3.05
4321,0,-1,0,484,1,0.0,0,1,2,156,0,673.14,0,0.75
4322,0,-1,0,1982,3,0.333,0,2,3,156,1,560.57,0,0.55
4323,0,-1,0,79,9,0.444,0,1,3,840,1,797.22,0,41.58
4324,0,-1,0,982,2,0.5,0,2,3,156,1,909.59,0,0.74
4325,0,-1,0,1943,2,0.5,0,3,3,826,1,794.94,0,0.38
4326,0,-1,0,1203,3,0.333,0,1,1,392,1,406.74,0,0.91
4327,0,-1,0,996,2,0.0,0,1,3,250,1,300.7,0,0.73
4328,0,-1,0,155,1,0.0,0,1,3,840,0,697.2,0,2.35
4329,0,-1,0,441,9,0.111,0,1,3,124,1,383.16,0,7.45
4330,0,-1,0,1747,1,0.0,0,1,3,356,0,876.85,0,0.21
4331,0,-1,0,1381,9,0.222,0,1,2,840,1,559.23,0,2.38
4332,0,-1,0,922,3,0.333,0,2,4,826,0,523.13,0,1.19
4333,0,-1,0,18,4,0.5,0,1,3,840,1,637.85,0,50
4334,0,-1,0,269,4,0.0,0,1,1,36,1,199.24,0,5.43
4335,0,-1,0,568,1,1.0,0,4,4,840,0,814.83,0,0.64
4336,0,-1,0,1872,4,0.25,0,1,2,276,0,311.95,0,0.78
4337,0,-1,0,1283,4,0.5,0,1,2,826,1,471.32,0,1.14
4338,0,-1,0,823,3,0.0,0,1,2,840,1,995.67,0,1.33
4339,0,-1,0,90,3,0.0,0,1,1,124,0,289.0,0,12.17
4340,0,-1,0,1147,2,0.0,0,1,3,724,1,1314.02,0,0.64
4341,0,-1,0,603,2,0.0,0,2,2,36,0,211.74,0,1.21
4342,0,-1,0,10,5,0.0,0,3,5,276,1,609.48,0,50
4343,0,-1,0,1357,2,0.5,0,1,1,840,1,531.7,0,0.54
4344,0,-1,0,29,1,0.0,0,1,2,76,1,399.35,0,12.59
4345,0,-1,0,5,1,0.0,0,1,1,250,1,255.64,0,50
4346,0,-1,0,8,6,0.0,0,1,3,724,1,1556.1,0,50
4347,0,-1,0,751,1,0.0,0,1,3,840,0,1071.75,0,0.49
4348,0,-1,0,1352,5,0.2,0,3,3,826,1,655.51,0,1.35
4349,0,-1,0,1427,2,0.0,0,3,3,484,0,653.72,0,0.51
4350,0,-1,0,1671,1,0.0,0,2,3,36,0,2144.52,0,0.22
4351,0,-1,0,21,3,0.333,0,1,2,840,1,114.84,0,50
4352,0,-1,0,1632,3,0.0,0,3,4,840,0,193.13,0,0.67
4353,0,-1,0,10,8,0.5,0,1,2,156,1,2767.18,0,50
4354,0,-1,0,452,1,0.0,0,1,1,156,0,268.54,0,0.81
4355,0,-1,0,1905,1,0.0,0,1,1,76,0,464.09,0,0.19
4356,0,-1,0,936,1,0.0,0,1,2,840,1,526.12,0,0.39
4357,0,-1,0,861,1,0.0,0,2,3,826,1,369.64,0,0.42
4358,0,-1,0,514,3,0.0,0,2,4,156,1,182.15,0,2.13
4359,0,-1,0,22,1,1.0,0,1,1,392,0,250.61,0,16.59
4360,0,-1,0,958,1,0.0,0,2,3,156,1,360.5,0,0.38
4361,0,-1,0,1675,5,0.0,0,1,3,840,1,1243.28,0,1.09
4362,0,-1,0,1750,7,0.143,0,1,1,840,1,256.42,0,1.46
4363,0,-1,0,759,1,0.0,0,1,3,840,0,798.13,0,0.48
4364,0,-1,0,1506,6,0.0,0,1,2,276,1,846.17,0,1.45
4365,0,-1,0,195,3,0.333,0,1,3,826,0,688.54,0,5.62
4366,0,-1,0,1094,1,0.0,0,2,2,840,0,381.92,0,0.33
4367,0,-1,0,23,5,0.2,0,2,2,76,0,447.42,0,50
4368,0,-1,0,109,1,0.0,0,3,5,826,0,270.76,0,3.35
4369,0,-1,0,884,2,0.5,0,1,1,840,1,464.78,0,0.83
4370,0,-1,0,1496,4,0.25,0,1,1,276,0,657.69,0,0.98
4371,0,-1,0,33,2,0.5,0,1,3,276,1,207.06,0,22.12
4372,0,-1,0,1501,5,0.0,0,1,2,276,1,1125.13,0,1.22
4373,0,-1,0,1871,3,0.667,0,1,2,840,1,666.46,0,0.59
4374,0,-1,0,3,1,1.0,0,2,3,380,0,784.21,0,50
4375,0,-1,0,1115,3,0.333,0,1,3,392,0,195.66,0,0.98
4376,0,-1,0,27,1,0.0,0,2,4,124,1,1060.11,0,13.52
4377,0,-1,0,1203,3,0.0,0,1,3,840,1,231.77,0,0.91
4378,0,-1,0,8,7,0.286,0,3,5,392,1,750.81,0,50
4379,0,-1,0,1298,1,0.0,0,1,3,276,1,442.42,0,0.28
4380,0,-1,0,1509,3,0.333,0,1,3,840,0,153.69,0,0.73
4381,0,-1,0,974,3,0.0,0,4,6,356,1,817.3,0,1.12
4382,0,-1,0,1611,4,0.25,0,3,4,840,0,62.87,0,0.91
4383,0,-1,0,84,3,0.0,0,1,1,156,0,1337.0,0,13.04
4384,0,-1,0,1339,2,0.0,0,1,3,840,1,87.86,0,0.55
4385,0,-1,0,207,9,0.111,0,1,1,156,1,557.66,0,15.87
4386,0,-1,0,90,1,0.0,0,4,4,410,0,377.83,0,4.06
4387,0,-1,0,1211,3,0.333,0,1,2,840,1,240.93,0,0.9
4388,0,-1,0,1218,2,0.0,0,4,5,840,1,448.78,0,0.6
4389,0,-1,0,1388,3,0.333,0,2,2,276,0,1325.84,0,0.79
4390,0,-1,0,680,1,0.0,0,2,4,156,1,711.76,0,0.54
4391,0,-1,0,1911,3,0.667,0,4,4,156,0,116.65,0,0.57
4392,0,-1,0,1166,3,0.0,0,2,2,156,1,889.49,0,0.94
4393,0,-1,0,1833,2,0.5,0,3,4,276,0,417.29,0,0.4
4394,0,-1,0,1874,1,0.0,0,1,2,392,1,1202.1,0,0.19
4395,0,-1,0,906,3,0.0,0,3,4,410,0,205.18,0,1.21
4396,0,-1,0,5,8,0.25,0,1,3,156,1,811.65,0,50
4397,0,-1,0,213,4,0.0,0,1,2,410,1,418.24,0,6.85
4398,0,-1,0,652,4,0.0,0,2,4,276,1,419.49,0,2.24
4399,0,-1,0,1348,1,0.0,0,1,3,156,1,1396.25,0,0.27
4400,0,-1,0,9,3,0.0,0,1,1,250,0,2391.87,0,50
4401,0,-1,0,944,2,0.0,0,1,3,840,0,1425.35,0,0.77
4402,0,-1,0,477,1,0.0,0,1,1,36,1,2161.22,0,0.77
4403,0,-1,0,1519,1,0.0,0,1,1,840,1,672.84,0,0.24
4404,0,-1,0,1359,3,0.333,0,1,1,76,1,1513.1,0,0.81
4405,0,-1,0,1617,1,0.0,0,1,1,840,0,428.29,0,0.23
4406,0,-1,0,1601,4,0.0,0,1,3,840,0,350.63,0,0.91
4407,0,-1,0,1051,2,0.0,0,2,3,840,0,417.33,0,0.69
4408,0,-1,0,826,2,0.0,0,2,3,124,0,744.99,0,0.88
4409,0,-1,0,234,1,0.0,0,1,3,124,1,450.9,0,1.56
4410,0,-1,0,1647,5,0.2,0,3,5,76,0,930.63,0,1.11
4411,0,-1,0,1567,5,0.0,0,4,5,380,1,119.55,0,1.16
4412,0,-1,0,408,1,0.0,0,1,1,826,0,227.41,0,0.89
4413,0,-1,0,426,1,0.0,0,1,1,826,0,213.61,0,0.86
4414,0,-1,0,1165,2,0.0,0,1,2,124,0,286.39,0,0.63
4415,0,-1,0,1984,3,0.333,0,1,2,36,0,1738.53,0,0.55
4416,0,-1,0,731,4,0.0,0,1,2,36,0,210.94,0,2.0
4417,0,-1,0,1161,1,1.0,0,1,3,840,1,566.84,0,0.31
4418,0,-1,0,1826,4,0.25,0,1,3,840,1,254.05,0,0.8
4419,0,-1,0,100,3,0.0,0,3,5,840,0,189.9,0,10.95
4420,0,-1,0,1072,1,0.0,0,1,2,276,1,890.34,0,0.34
4421,0,-1,0,1163,2,0.0,0,1,1,250,0,235.05,0,0.63
4422,0,-1,0,422,4,0.25,0,1,1,76,1,288.31,0,3.46
4423,0,-1,0,222,1,0.0,0,1,1,250,0,869.53,0,1.64
4424,0,-1,0,1449,1,0.0,0,1,1,840,0,279.6,0,0.25
4425,0,-1,0,1002,1,0.0,0,2,3,250,1,444.41,0,0.36
4426,0,-1,0,1570,1,0.0,0,1,1,156,1,42.8,0,0.23
4427,0,-1,0,38,2,0.0,0,1,1,410,0,1049.33,0,19.21
4428,0,-1,0,302,2,0.0,0,3,3,826,1,307.12,0,2.42
4429,0,-1,0,1264,1,0.0,0,1,2,356,0,1496.01,0,0.29
4430,0,-1,0,36,7,0.429,0,2,4,276,1,289.94,0,50
4431,0,-1,0,1993,7,0.286,0,1,1,392,0,138.49,0,1.28
4432,0,-1,0,1937,1,1.0,0,1,2,724,1,502.13,0,0.19
4433,0,-1,0,27,1,0.0,0,1,2,840,0,599.47,0,13.52
4434,0,-1,0,1584,1,0.0,0,1,2,840,1,344.4,0,0.23
4435,0,-1,0,92,2,0.0,0,1,1,840,0,380.21,0,7.93
4436,0,-1,0,1804,1,0.0,0,1,2,250,0,834.02,0,0.2
4437,0,-1,0,14,2,0.0,0,2,3,250,1,121.3,0,50
4438,0,-1,0,523,1,1.0,0,1,1,840,0,488.92,0,0.7
4439,0,-1,0,1457,1,1.0,0,3,5,36,0,1443.98,0,0.25
4440,0,-1,0,167,5,0.0,0,1,2,528,0,592.74,0,10.93
4441,0,-1,0,1402,3,0.0,0,1,1,840,1,353.67,0,0.78
4442,0,-1,0,768,2,0.0,0,2,2,276,0,381.72,0,0.95
4443,0,-1,0,937,4,0.0,0,2,2,156,1,467.68,0,1.56
4444,0,-1,0,1133,6,0.0,0,2,4,156,1,779.86,0,1.93
4445,0,-1,0,1307,1,0.0,0,1,2,528,0,839.13,0,0.28
4446,0,-1,0,13,3,0.0,0,2,3,826,1,1314.29,0,50
4447,0,-1,0,734,1,1.0,0,2,4,156,1,165.35,0,0.5
4448,0,-1,0,581,3,0.333,0,1,3,484,1,549.47,0,1.88
4449,0,-1,0,1209,3,0.0,0,1,1,124,0,262.24,0,0.91
4450,0,-1,0,1482,1,1.0,0,3,5,124,1,820.5,0,0.25
4451,0,-1,0,1280,1,0.0,0,1,2,124,1,504.91,0,0.29
4452,0,-1,0,472,3,0.333,0,2,2,410,1,304.33,0,2.32
4453,0,-1,0,6,2,0.0,0,1,2,724,1,268.72,0,50
4454,0,-1,0,929,2,0.0,0,2,2,840,1,596.4,0,0.79
4455,0,-1,0,1941,1,0.0,0,1,2,826,1,601.85,0,0.19
4456,0,-1,0,842,1,1.0,0,1,2,36,0,401.58,0,0.43
4457,0,-1,0,997,2,0.0,0,2,4,392,1,301.4,0,0.73
4458,0,-1,0,386,4,0.0,0,1,2,250,1,427.58,0,3.78
4459,0,-1,0,1394,1,0.0,0,2,4,484,1,1194.54,0,0.26
4460,0,-1,0,602,1,1.0,0,2,2,276,1,247.71,0,0.61
4461,0,-1,0,1071,4,0.0,0,1,2,826,1,290.16,0,1.36
4462,0,-1,0,1503,6,0.333,0,2,2,840,1,365.62,0,1.46
4463,0,-1,0,728,1,0.0,0,1,1,250,1,676.78,0,0.5
4464,0,-1,0,75,3,0.333,0,3,3,356,0,657.9,0,14.6
4465,0,-1,0,821,2,0.0,0,1,2,826,1,940.41,0,0.89
4466,0,-1,0,1,1,0.0,0,1,2,840,0,458.14,0,50
4467,0,-1,0,91,3,0.0,0,2,3,124,1,382.97,0,12.03
4468,0,-1,0,6,1,0.0,0,1,1,410,0,341.68,0,50
4469,0,-1,0,953,3,0.333,0,1,1,840,1,346.64,0,1.15
4470,0,-1,0,1917,3,0.333,0,2,3,826,1,164.82,0,0.57
4471,0,-1,0,9,5,0.0,0,1,3,356,0,232.16,0,50
4472,0,-1,0,1229,3,0.0,0,1,1,156,1,400.15,0,0.89
4473,0,-1,0,29,2,0.0,0,2,4,380,0,183.53,0,25.17
4474,0,-1,0,22,2,0.5,0,2,3,484,0,574.35,0,33.18
4475,0,-1,0,1654,1,0.0,0,2,3,840,1,486.8,0,0.22
4476,0,-1,0,127,1,0.0,0,1,3,156,0,453.34,0,2.87
4477,0,-1,0,753,4,0.25,0,4,4,250,1,783.77,0,1.94
4478,0,-1,0,10,2,0.0,0,1,2,356,1,5973.69,0,50
4479,0,-1,0,1733,6,0.167,0,1,2,840,1,1201.29,0,1.26
4480,0,-1,0,1686,3,0.333,0,1,1,156,0,335.1,0,0.65
4481,0,-1,0,1931,6,0.0,0,1,3,840,0,140.25,0,1.13
4482,0,-1,0,970,2,0.0,0,1,3,36,0,2025.81,0,0.75
4483,0,-1,0,974,2,0.0,0,2,4,840,0,446.27,0,0.75
4484,0,-1,0,231,2,0.0,0,1,1,840,0,179.59,0,3.16
4485,0,-1,0,1511,8,0.125,0,1,3,276,1,281.07,0,1.93
4486,0,-1,0,1165,10,0.3,0,2,4,840,1,417.86,0,3.13
4487,0,-1,0,1751,2,0.5,0,1,3,250,1,112.46,0,0.42
4488,0,-1,0,1082,2,0.0,0,3,4,156,1,2186.75,0,0.67
4489,0,-1,0,905,3,0.333,0,1,1,156,0,351.95,0,1.21
4490,0,-1,0,1349,6,0.0,0,2,2,840,1,1675.27,0,1.62
4491,0,-1,0,172,3,0.0,0,1,1,410,0,228.25,0,6.37
4492,0,-1,0,1956,2,0.5,0,3,5,840,0,308.77,0,0.37
4493,0,-1,0,1545,5,0.4,0,3,5,484,0,595.95,0,1.18
4494,0,-1,0,1289,3,0.0,0,2,3,840,1,409.84,0,0.85
4495,0,-1,0,237,3,0.0,0,2,4,392,0,285.27,0,4.62
4496,0,-1,0,122,1,0.0,0,1,2,250,0,1680.7,0,2.99
4497,0,-1,0,1823,4,0.25,0,3,3,826,0,212.01,0,0.8
4498,0,-1,0,1956,2,1.0,0,1,1,840,0,89.43,0,0.37
4499,0,-1,0,6,4,0.0,0,1,2,156,1,527.18,0,50
4500,0,-1,0,1915,10,0.4,0,3,5,76,1,308.93,0,1.91
4501,0,-1,0,697,2,0.5,0,1,3,840,1,321.43,0,1.05
4502,0,-1,0,982,2,0.5,0,1,3,156,0,393.42,0,0.74
4503,0,-1,0,1734,1,0.0,0,1,3,392,0,268.92,0,0.21
4504,0,-1,0,80,2,0.5,0,3,4,392,0,115.4,0,9.12
4505,0,-1,0,1424,1,1.0,0,1,1,356,1,143.38,0,0.26
4506,0,-1,0,1414,1,0.0,0,2,2,156,0,358.43,0,0.26
4507,0,-1,0,25,3,0.667,0,3,5,36,0,286.52,0,43.8
4508,0,-1,0,1806,11,0.091,0,1,2,410,1,589.82,0,2.22
4509,0,-1,0,534,1,1.0,0,2,3,276,1,435.71,0,0.68
4510,0,-1,0,1999,2,0.0,0,1,1,840,0,901.6,0,0.37
4511,0,-1,0,27,1,0.0,0,1,1,356,0,666.44,0,13.52
4512,0,-1,0,1528,2,0.5,0,1,2,250,0,493.76,0,0.48
4513,0,-1,0,931,5,0.2,0,2,3,826,1,217.93,0,1.96
4514,0,-1,0,1745,3,0.0,0,1,3,840,1,308.65,0,0.63
4515,0,-1,0,1629,9,0.333,0,2,4,840,1,587.77,0,2.02
4516,0,-1,0,1857,2,0.5,0,1,1,156,0,948.84,0,0.39
4517,0,-1,0,23,1,0.0,0,2,4,250,0,1786.62,0,15.87
4518,0,-1,0,174,3,0.333,0,1,2,250,1,297.25,0,6.29
4519,0,-1,0,672,4,0.0,0,4,4,840,0,1416.33,0,2.17
4520,0,-1,0,1236,3,0.0,0,4,6,826,0,1090.32,0,0.89
4521,0,-1,0,1745,4,0.0,0,1,2,156,1,173.62,0,0.84
4522,0,-1,0,1435,1,0.0,0,3,5,124,0,605.2,0,0.25
4523,0,-1,0,29,3,0.0,0,2,3,156,1,275.37,0,37.76
4524,0,-1,0,1851,1,0.0,0,2,2,484,0,365.13,0,0.2
4525,0,-1,0,1688,3,0.0,0,3,5,840,1,593.42,0,0.65
4526,0,-1,0,1171,2,0.5,0,2,4,76,0,675.26,0,0.62
4527,0,-1,0,1696,3,0.333,0,1,1,156,1,325.0,0,0.65
4528,0,-1,0,1150,1,0.0,0,3,5,276,1,282.51,0,0.32
4529,0,-1,0,810,6,0.333,0,2,4,392,1,533.24,0,2.7
4530,0,-1,0,1307,1,0.0,0,1,1,156,0,1440.91,0,0.28
4531,0,-1,0,1557,2,0.0,0,1,3,250,0,115.12,0,0.47
4532,0,-1,0,195,1,0.0,0,2,3,36,0,737.27,0,1.87
4533,0,-1,0,1599,1,0.0,0,1,3,826,1,610.78,0,0.23
4534,0,-1,0,1802,1,0.0,0,3,3,76,0,343.89,0,0.2
4535,0,-1,0,275,1,0.0,0,1,1,36,1,234.21,0,1.33
4536,0,-1,0,25,1,0.0,0,1,1,156,1,430.95,0,14.6
4537,0,-1,0,253,6,0.167,0,2,3,840,1,517.47,0,8.66
4538,0,-1,0,218,3,0.333,0,1,1,410,1,756.02,0,5.02
4539,0,-1,0,24,2,0.0,0,2,4,156,1,779.12,0,30.42
4540,0,-1,0,1125,9,0.111,0,3,3,250,1,1250.73,0,2.92
4541,0,-1,0,8,1,0.0,0,1,3,840,0,1055.82,0,45.62
4542,0,-1,0,1628,2,0.0,0,1,3,156,1,560.12,0,0.45
4543,0,-1,0,754,3,0.333,0,3,4,826,0,581.27,0,1.45
4544,0,-1,0,922,1,0.0,0,4,5,380,1,144.27,0,0.4
4545,0,-1,0,84,3,0.333,0,1,3,124,1,577.77,0,13.04
4546,0,-1,0,5,1,0.0,0,2,3,840,0,470.67,0,50
4547,0,-1,0,303,3,0.0,0,3,3,276,0,685.23,0,3.61
4548,0,-1,0,1239,1,0.0,0,1,3,124,0,711.68,0,0.29
4549,0,-1,0,505,1,0.0,0,2,3,76,1,916.38,0,0.72
4550,0,-1,0,783,2,0.0,0,1,1,528,1,693.7,0,0.93
4551,0,-1,0,707,2,0.0,0,2,2,840,1,281.93,0,1.03
4552,0,-1,0,1482,1,0.0,0,1,3,36,0,672.08,0,0.25
4553,0,-1,0,1921,2,0.0,0,1,2,840,0,703.17,0,0.38
4554,0,-1,0,1587,1,0.0,0,1,3,276,0,1223.5,0,0.23
4555,0,-1,0,431,1,0.0,0,2,4,826,0,294.66,0,0.85
4556,0,-1,0,103,3,0.667,0,2,4,356,0,492.33,0,10.63
4557,0,-1,0,1887,1,0.0,0,1,3,36,1,341.69,0,0.19
4558,0,-1,0,1758,1,0.0,0,1,1,250,1,1161.87,0,0.21
4559,0,-1,0,20,3,0.333,0,2,4,156,0,338.64,0,50
4560,0,-1,0,8,2,0.5,0,2,3,840,1,460.51,0,50
4561,0,-1,0,869,2,0.0,0,1,1,826,1,786.68,0,0.84
4562,0,-1,0,1658,1,0.0,0,1,3,36,1,467.28,0,0.22
4563,0,-1,0,508,2,0.0,0,1,2,36,1,120.42,0,1.44
4564,0,-1,0,512,1,0.0,0,1,3,156,1,283.28,0,0.71
4565,0,-1,0,576,6,0.167,0,3,5,528,0,285.03,0,3.8
4566,0,-1,0,11,1,0.0,0,2,4,724,0,825.02,0,33.18
4567,0,-1,0,1744,2,0.0,0,1,3,410,0,564.47,0,0.42
4568,0,-1,0,7,1,1.0,0,1,3,156,1,306.91,0,50
4569,0,-1,0,1485,2,0.0,0,1,1,250,1,234.52,0,0.49
4570,0,-1,0,99,1,0.0,0,2,4,276,1,423.06,0,3.69
4571,0,-1,0,1792,1,1.0,0,2,4,156,1,227.87,0,0.2
4572,0,-1,0,1968,4,0.0,0,2,3,250,0,619.11,0,0.74
4573,0,-1,0,968,3,0.0,0,1,3,36,1,618.95,0,1.13
4574,0,-1,0,1016,3,0.333,0,1,1,410,1,543.26,0,1.08
4575,0,-1,0,887,3,0.0,0,1,1,156,0,469.77,0,1.23
4576,0,-1,0,790,1,1.0,0,1,1,392,1,863.59,0,0.46
4577,0,-1,0,1894,2,0.5,0,2,4,840,1,430.38,0,0.39
4578,0,-1,0,634,5,0.0,0,2,3,250,1,335.37,0,2.88
4579,0,-1,0,26,3,0.333,0,2,4,36,0,190.38,0,42.12
4580,0,-1,0,692,4,0.0,0,1,1,124,0,146.29,0,2.11
4581,0,-1,0,363,1,0.0,0,1,3,826,0,771.88,0,1.01
4582,0,-1,0,184,2,0.5,0,1,1,840,0,713.51,0,3.97
4583,0,-1,0,1889,2,0.0,0,1,3,724,1,249.61,0,0.39
4584,0,-1,0,521,6,0.167,0,1,2,392,1,555.41,0,4.2
4585,0,-1,0,1550,2,0.0,0,1,2,250,1,210.49,0,0.47
4586,0,-1,0,10,2,0.0,0,1,1,840,1,710.61,0,50
4587,0,-1,0,8,5,0.4,0,2,2,484,1,1040.42,0,50
4588,0,-1,0,927,1,0.0,0,1,3,76,1,229.13,0,0.39
4589,0,-1,0,617,1,0.0,0,1,2,156,1,500.3,0,0.59
4590,0,-1,0,684,2,0.0,0,1,2,356,0,179.0,0,1.07
4591,0,-1,0,1768,4,0.5,0,3,5,250,1,169.0,0,0.83
4592,0,-1,0,845,1,0.0,0,3,5,276,0,540.85,0,0.43
4593,0,-1,0,470,3,0.667,0,2,2,410,1,296.89,0,2.33
4594,0,-1,0,506,2,0.0,0,1,3,156,0,1127.54,0,1.44
4595,0,-1,0,958,2,0.0,0,1,3,380,1,793.26,0,0.76
4596,0,-1,0,666,5,0.2,0,2,2,276,1,471.94,0,2.74
4597,0,-1,0,889,1,0.0,0,1,1,356,1,564.28,0,0.41
4598,0,-1,0,11,1,0.0,0,2,4,76,0,451.9,0,33.18
4599,0,-1,0,1817,1,0.0,0,1,3,484,1,1310.55,0,0.2
4600,0,-1,0,754,1,0.0,0,1,3,250,1,177.52,0,0.48
4601,0,-1,0,6,3,0.333,0,4,6,156,0,575.58,0,50
4602,0,-1,0,1611,6,0.167,0,2,2,276,0,469.37,0,1.36
4603,0,-1,0,102,2,0.0,0,1,3,124,0,575.13,0,7.16
4604,0,-1,0,1270,3,0.0,0,2,4,840,0,527.55,0,0.86
4605,0,-1,0,987,3,0.333,0,1,1,380,0,1672.79,0,1.11
4606,0,-1,0,1109,3,0.0,0,1,1,156,0,760.09,0,0.99
4607,0,-1,0,1041,1,0.0,0,1,2,356,0,334.92,0,0.35
4608,0,-1,0,283,1,0.0,0,1,1,528,1,379.01,0,1.29
4609,0,-1,0,1614,1,0.0,0,2,2,528,1,260.59,0,0.23
4610,0,-1,0,1,4,0.5,0,2,2,528,1,782.33,0,50
4611,0,-1,0,1555,1,0.0,0,1,2,250,1,982.8,0,0.23
4612,0,-1,0,27,1,0.0,0,1,3,276,1,154.81,0,13.52
4613,0,-1,0,1772,2,0.0,0,2,3,840,1,907.48,0,0.41
4614,0,-1,0,1589,6,0.333,0,2,4,36,1,388.77,0,1.38
4615,0,-1,0,1414,2,0.0,0,1,3,36,0,357.87,0,0.52
4616,0,-1,0,1963,1,0.0,0,3,4,250,1,1647.22,0,0.19
4617,0,-1,0,313,3,0.0,0,2,2,250,0,1045.41,0,3.5
4618,0,-1,0,1484,1,0.0,0,3,3,840,1,3488.65,0,0.25
4619,0,-1,0,1397,6,0.167,0,1,2,124,1,332.12,0,1.57
4620,0,-1,0,6,1,0.0,0,1,1,840,0,242.64,0,50
4621,0,-1,0,986,1,0.0,0,1,1,380,0,552.66,0,0.37
4622,0,-1,0,1386,1,0.0,0,3,4,724,1,485.92,0,0.26
4623,0,-1,0,23,3,0.0,0,2,3,840,1,1250.27,0,47.61
4624,0,-1,0,734,5,0.2,0,1,2,124,1,101.13,0,2.49
4625,0,-1,0,1246,4,0.0,0,1,2,392,1,136.48,0,1.17
4626,0,-1,0,795,3,0.0,0,1,3,36,1,642.11,0,1.38
4627,0,-1,0,876,3,0.0,0,1,2,250,1,246.18,0,1.25
4628,0,-1,0,1722,3,0.0,0,2,2,840,1,408.58,0,0.64
4629,0,-1,0,204,1,0.0,0,2,2,826,0,224.3,0,1.79
4630,0,-1,0,292,4,0.5,0,1,3,156,0,295.28,0,5.0
4631,0,-1,0,9,5,0.0,0,2,4,826,1,309.52,0,50
4632,0,-1,0,1783,3,0.0,0,1,3,356,0,287.67,0,0.61
4633,0,-1,0,379,1,0.0,0,1,2,276,1,665.15,0,0.96
4634,0,-1,0,515,3,0.0,0,2,4,36,1,190.76,0,2.13
4635,0,-1,0,477,2,0.0,0,1,1,156,0,778.14,0,1.53
4636,0,-1,0,482,4,0.0,0,1,3,528,1,308.87,0,3.03
4637,0,-1,0,487,2,0.0,0,1,1,76,0,140.82,0,1.5
4638,0,-1,0,682,3,0.0,0,1,2,840,1,534.79,0,1.61
4639,0,-1,0,1640,2,1.0,0,2,3,380,1,555.66,0,0.45
4640,0,-1,0,1689,3,0.333,0,3,5,840,1,1174.89,0,0.65
4641,0,-1,0,19,3,0.0,0,1,1,840,0,207.57,0,50
4642,0,-1,0,1919,1,0.0,0,2,3,276,0,993.69,0,0.19
4643,0,-1,0,1918,9,0.222,0,1,2,276,1,641.72,0,1.71
4644,0,-1,0,425,1,0.0,0,2,2,392,1,291.73,0,0.86
4645,0,-1,0,958,2,0.0,0,1,3,356,0,152.14,0,0.76
4646,0,-1,0,100,2,0.0,0,1,3,410,1,610.54,0,7.3
4647,0,-1,0,1991,3,0.0,0,1,2,36,1,698.22,0,0.55
4648,0,-1,0,354,3,0.333,0,1,1,392,0,1249.25,0,3.09
4649,0,-1,0,683,4,0.25,0,1,1,156,1,1030.18,0,2.14
4650,0,-1,0,1213,1,1.0,0,1,1,840,0,1060.6,0,0.3
4651,0,-1,0,320,5,0.4,0,3,4,840,0,638.4,0,5.7
4652,0,-1,0,1285,2,0.5,0,1,1,840,1,1059.02,0,0.57
4653,0,-1,0,1285,3,0.333,0,1,2,156,1,241.6,0,0.85
4654,0,-1,0,1113,2,0.5,0,1,1,250,0,96.53,0,0.66
4655,0,-1,0,684,4,0.25,0,1,1,410,0,714.73,0,2.13
4656,0,-1,0,13,7,0.286,0,2,3,276,1,374.78,0,50
4657,0,-1,0,303,2,0.0,0,1,2,840,0,423.56,0,2.41
4658,0,-1,0,739,2,0.0,0,1,3,156,1,687.05,0,0.99
4659,0,-1,0,1813,8,0.25,0,3,3,392,0,213.18,0,1.61
4660,0,-1,0,28,4,0.0,0,1,3,124,1,617.23,0,50
4661,0,-1,0,1268,3,0.0,0,3,3,36,0,131.26,0,0.86
4662,0,-1,0,1931,6,0.167,0,1,2,392,1,431.64,0,1.13
4663,0,-1,0,1679,4,0.5,0,3,3,380,1,553.92,0,0.87
4664,0,-1,0,1479,2,0.0,0,3,4,380,0,285.39,0,0.49
4665,0,-1,0,418,8,0.125,0,2,3,250,1,894.35,0,6.99
4666,0,-1,0,575,7,0.0,0,2,4,410,1,4634.29,0,4.44
4667,0,-1,0,1154,4,0.0,0,1,1,36,0,603.16,0,1.27
4668,0,-1,0,1221,4,0.25,0,1,2,840,1,916.27,0,1.2
4669,0,-1,0,1656,2,0.5,0,2,4,840,0,419.3,0,0.44
4670,0,-1,0,288,3,0.0,0,4,5,840,0,349.86,0,3.8
4671,0,-1,0,1386,4,0.0,0,2,4,826,1,322.8,0,1.05
4672,0,-1,0,1466,8,0.125,0,1,2,392,1,204.83,0,1.99
4673,0,-1,0,1809,3,0.0,0,1,2,250,0,767.87,0,0.61
4674,0,-1,0,308,1,0.0,0,2,3,840,1,331.69,0,1.19
4675,0,-1,0,1671,3,0.333,0,1,1,276,0,294.62,0,0.66
4676,0,-1,0,943,8,0.125,0,1,3,528,1,795.53,0,3.1
4677,0,-1,0,1237,1,0.0,0,1,3,392,0,356.43,0,0.3
4678,0,-1,0,1281,2,0.0,0,1,2,392,1,578.13,0,0.57
4679,0,-1,0,608,5,0.0,0,1,3,156,1,255.5,0,3.0
4680,0,-1,0,1558,1,1.0,0,1,3,156,0,366.81,0,0.23
4681,0,-1,0,346,2,0.0,0,1,1,410,0,846.36,0,2.11
4682,0,-1,0,244,3,0.0,0,3,3,840,0,124.63,0,4.49
4683,0,-1,0,20,1,0.0,0,1,3,840,0,1037.98,0,18.25
4684,0,-1,0,1383,1,0.0,0,1,1,276,0,146.76,0,0.26
4685,0,-1,0,631,2,0.0,0,1,1,840,0,1745.2,0,1.16
4686,0,-1,0,681,3,0.667,0,2,3,392,1,385.14,0,1.61
4687,0,-1,0,1650,4,0.25,0,2,4,840,1,434.61,0,0.88
4688,0,-1,0,1313,2,0.5,0,1,3,36,1,368.97,0,0.56
4689,0,-1,0,1313,1,1.0,0,2,4,356,0,1297.44,0,0.28
4690,0,-1,0,9,3,0.333,0,3,3,356,0,114.5,0,50
4691,0,-1,0,21,7,0.286,0,1,1,156,1,939.0,0,50
4692,0,-1,0,817,7,0.714,0,1,1,250,1,377.14,0,3.13
4693,0,-1,0,1251,4,0.25,0,1,2,840,1,205.95,0,1.17
4694,0,-1,0,24,4,0.0,0,1,1,826,1,955.94,0,50
4695,0,-1,0,160,6,0.5,0,1,2,392,1,993.64,0,13.69
4696,0,-1,0,628,1,1.0,0,1,3,124,1,685.53,0,0.58
4697,0,-1,0,276,2,0.0,0,2,3,484,0,449.76,0,2.64
4698,0,-1,0,1594,9,0.333,0,1,2,276,1,131.87,0,2.06
4699,0,-1,0,1657,3,0.0,0,3,5,250,1,498.74,0,0.66
4700,0,-1,0,103,1,0.0,0,3,3,826,0,555.62,0,3.54
4701,0,-1,0,17,1,0.0,0,3,3,124,0,185.76,0,21.47
4702,0,-1,0,720,3,0.0,0,1,1,250,1,231.55,0,1.52
4703,0,-1,0,29,4,0.0,0,1,1,124,0,292.24,0,50
4704,0,-1,0,884,2,0.0,0,2,3,840,0,77.75,0,0.83
4705,0,-1,0,1002,1,0.0,0,3,4,392,1,838.33,0,0.36
4706,0,-1,0,1736,4,0.0,0,2,4,156,0,1055.35,0,0.84
4707,0,-1,0,1285,3,0.667,0,2,4,156,1,802.43,0,0.85
4708,0,-1,0,1149,7,0.286,0,3,3,76,0,223.39,0,2.22
4709,0,-1,0,1284,1,0.0,0,1,1,276,1,292.65,0,0.28
4710,0,-1,0,392,3,0.333,0,2,3,840,1,561.6,0,2.79
4711,0,-1,0,872,6,0.167,0,1,1,36,1,718.31,0,2.51
4712,0,-1,0,1909,1,0.0,0,1,3,840,1,124.24,0,0.19
4713,0,-1,0,116,3,0.333,0,1,1,392,1,287.8,0,9.44
4714,0,-1,0,1318,8,0.375,0,1,3,276,1,296.95,0,2.22
4715,0,-1,0,1753,3,0.333,0,1,2,156,1,669.49,0,0.62
4716,0,-1,0,534,2,0.0,0,1,1,76,1,522.64,0,1.37
4717,0,-1,0,10,1,0.0,0,2,2,840,1,84.57,0,36.5
4718,0,-1,0,256,1,0.0,0,2,4,840,1,483.13,0,1.43
4719,0,-1,0,10,7,0.0,0,2,4,36,1,1311.28,0,50
4720,0,-1,0,1564,1,1.0,0,1,2,250,1,353.48,0,0.23
4721,0,-1,0,615,2,0.0,0,1,2,156,0,353.77,0,1.19
4722,0,-1,0,1786,2,0.5,0,1,2,392,0,192.45,0,0.41
4723,0,-1,0,1210,2,0.0,0,1,3,76,1,835.42,0,0.6
4724,0,-1,0,1835,3,0.333,0,1,3,392,0,137.2,0,0.6
4725,0,-1,0,1657,2,0.5,0,1,3,528,0,2594.96,0,0.44
4726,0,-1,0,1243,1,0.0,0,2,2,528,0,272.82,0,0.29
4727,0,-1,0,993,4,0.0,0,2,3,156,0,407.61,0,1.47
4728,0,-1,0,11,2,0.5,0,1,2,250,1,257.33,0,50
4729,0,-1,0,1331,2,0.0,0,1,2,380,1,571.61,0,0.55
4730,0,-1,0,345,1,0.0,0,1,3,156,0,482.96,0,1.06
4731,0,-1,0,802,1,0.0,0,2,4,840,0,429.42,0,0.46
4732,0,-1,0,1017,2,0.0,0,1,2,826,0,296.0,0,0.72
4733,0,-1,0,1860,3,0.333,0,1,1,356,0,331.44,0,0.59
4734,0,-1,0,1675,5,0.4,0,3,5,276,1,513.61,0,1.09
4735,0,-1,0,1594,2,0.0,0,2,3,826,1,438.02,0,0.46
4736,0,-1,0,1122,1,0.0,0,1,1,250,1,125.91,0,0.33
4737,0,-1,0,799,2,0.5,0,1,3,826,0,989.58,0,0.91
4738,0,-1,0,347,1,0.0,0,1,1,36,0,743.61,0,1.05
4739,0,-1,0,21,10,0.2,0,3,3,840,1,1310.41,0,50
4740,0,-1,0,1401,4,0.0,0,1,3,840,0,380.23,0,1.04
4741,0,-1,0,108,5,0.0,0,1,3,250,1,1027.76,0,16.9
4742,0,-1,0,1494,1,1.0,0,3,4,724,1,702.97,0,0.24
4743,0,-1,0,1354,10,0.1,0,1,2,156,1,1535.51,0,2.7
4744,0,-1,0,1336,1,0.0,0,2,2,724,0,313.84,0,0.27
4745,0,-1,0,1721,1,0.0,0,3,3,840,1,592.76,0,0.21
4746,0,-1,0,949,10,0.1,0,1,1,840,1,552.1,0,3.85
4747,0,-1,0,519,1,0.0,0,1,3,356,0,968.22,0,0.7
4748,0,-1,0,27,3,0.333,0,1,3,156,1,598.05,0,40.56
4749,0,-1,0,271,4,0.25,0,3,3,356,0,112.78,0,5.39
4750,0,-1,0,855,1,0.0,0,4,4,124,0,1233.8,0,0.43
4751,0,-1,0,1139,2,0.0,0,3,4,840,1,372.09,0,0.64
4752,0,-1,0,226,2,0.5,0,1,3,276,0,479.22,0,3.23
4753,0,-1,0,1140,3,0.0,0,1,3,76,1,744.82,0,0.96
4754,0,-1,0,731,2,0.0,0,1,3,840,0,275.49,0,1.0
4755,0,-1,0,1819,3,0.0,0,2,2,124,1,170.45,0,0.6
4756,0,-1,0,1954,4,0.25,0,1,1,156,1,732.68,0,0.75
4757,0,-1,0,1748,7,0.429,0,2,3,826,1,800.76,0,1.46
4758,0,-1,0,1054,6,0.167,0,2,4,392,1,580.4,0,2.08
4759,0,-1,0,680,13,0.154,0,2,4,250,1,535.8,0,6.98
4760,0,-1,0,28,3,0.0,0,2,2,356,0,386.52,0,39.11
4761,0,-1,0,414,4,0.25,0,1,3,380,1,765.69,0,3.53
4762,0,-1,0,232,2,0.0,0,1,3,826,1,253.83,0,3.15
4763,0,-1,0,561,2,0.0,0,1,1,840,0,352.36,0,1.3
4764,0,-1,0,190,1,0.0,0,1,2,250,0,241.22,0,1.92
4765,0,-1,0,892,1,0.0,0,3,4,356,1,544.52,0,0.41
4766,0,-1,0,1260,4,0.0,0,1,1,156,0,604.57,0,1.16
4767,0,-1,0,910,1,0.0,0,4,4,276,0,578.57,0,0.4
4768,0,-1,0,1472,1,0.0,0,2,3,380,0,1140.11,0,0.25
4769,0,-1,0,1559,3,0.333,0,4,5,484,1,141.0,0,0.7
4770,0,-1,0,799,5,0.2,0,2,2,724,1,887.01,0,2.28
4771,0,-1,0,1658,2,0.0,0,1,2,250,0,276.67,0,0.44
4772,0,-1,0,1346,1,0.0,0,1,1,156,1,493.28,0,0.27
4773,0,-1,0,1284,1,1.0,0,1,1,250,0,440.05,0,0.28
4774,0,-1,0,1102,2,0.0,0,1,3,124,1,339.0,0,0.66
4775,0,-1,0,310,1,0.0,0,3,3,156,1,1013.15,0,1.18
4776,0,-1,0,1071,10,0.4,0,4,5,356,1,733.41,0,3.41
4777,0,-1,0,1763,4,0.25,0,2,4,250,1,728.75,0,0.83
4778,0,-1,0,1998,3,0.0,0,3,3,250,1,617.43,0,0.55
4779,0,-1,0,398,6,0.167,0,1,3,840,1,294.92,0,5.5
4780,0,-1,0,342,1,1.0,0,1,3,276,1,768.59,0,1.07
4781,0,-1,0,446,1,1.0,0,1,1,36,1,282.05,0,0.82
4782,0,-1,0,794,4,0.0,0,1,3,840,0,373.42,0,1.84
4783,0,-1,0,1889,3,0.0,0,1,3,276,0,541.13,0,0.58
4784,0,-1,0,95,7,0.143,0,2,2,156,1,386.05,0,26.89
4785,0,-1,0,979,1,0.0,0,1,3,156,0,149.29,0,0.37
4786,0,-1,0,2,2,0.0,0,2,3,528,0,227.28,0,50
4787,0,-1,0,88,2,0.0,0,1,1,380,0,517.57,0,8.3
4788,0,-1,0,897,3,0.333,0,3,3,124,1,816.49,0,1.22
4789,0,-1,0,680,1,0.0,0,2,2,76,0,332.82,0,0.54
4790,0,-1,0,887,2,0.0,0,1,1,356,1,824.29,0,0.82
4791,0,-1,0,421,3,0.0,0,2,2,36,1,211.17,0,2.6
4792,0,-1,0,1031,3,0.333,0,2,3,276,0,348.3,0,1.06
4793,0,-1,0,20,2,0.0,0,1,1,250,1,223.44,0,36.5
4794,0,-1,0,643,5,0.0,0,2,2,840,1,190.76,0,2.84
4795,0,-1,0,1637,1,0.0,0,1,3,36,0,537.44,0,0.22
4796,0,-1,0,684,1,0.0,0,4,4,250,1,105.82,0,0.53
4797,0,-1,0,476,2,0.0,0,3,5,356,1,249.66,0,1.53
4798,0,-1,0,587,3,0.667,0,4,6,826,1,307.95,0,1.87
4799,0,-1,0,497,2,0.5,0,3,5,826,0,858.42,0,1.47
4800,0,-1,0,1461,2,0.0,0,2,3,36,1,396.98,0,0.5
4801,0,-1,0,836,2,0.0,0,1,1,840,0,104.62,0,0.87
4802,0,-1,0,1108,4,0.0,0,3,5,826,1,1648.11,0,1.32
4803,0,-1,0,1226,2,0.0,0,2,4,276,1,148.91,0,0.6
4804,0,-1,0,1628,1,0.0,0,2,2,410,1,491.58,0,0.22
4805,0,-1,0,810,3,0.0,0,1,1,528,0,142.01,0,1.35
4806,0,-1,0,935,1,0.0,0,2,2,276,0,1517.05,0,0.39
4807,0,-1,0,537,1,0.0,0,3,4,840,1,1061.88,0,0.68
4808,0,-1,0,949,1,0.0,0,1,2,840,0,248.83,0,0.38
4809,0,-1,0,1782,4,0.0,0,1,2,356,0,355.56,0,0.82
4810,0,-1,0,28,3,0.333,0,1,1,840,0,325.51,0,39.11
4811,0,-1,0,1316,3,0.333,0,1,2,156,1,289.89,0,0.83
4812,0,-1,0,1089,8,0.125,0,1,3,250,1,345.49,0,2.68
4813,0,-1,0,9,3,0.667,0,2,2,156,1,162.5,0,50
4814,0,-1,0,18,1,1.0,0,2,2,826,1,241.59,0,20.28
4815,0,-1,0,653,3,0.333,0,1,3,840,1,250.33,0,1.68
4816,0,-1,0,1507,1,1.0,0,2,3,392,0,279.54,0,0.24
4817,0,-1,0,1328,5,0.0,0,1,2,392,1,164.05,0,1.37
4818,0,-1,0,320,1,0.0,0,2,4,484,1,217.2,0,1.14
4819,0,-1,0,1963,2,0.5,0,2,4,156,1,405.1,0,0.37
4820,0,-1,0,22,1,0.0,0,1,2,124,0,679.4,0,16.59
4821,0,-1,0,24,3,0.667,0,1,1,156,0,1030.89,0,45.62
4822,0,-1,0,1144,4,0.0,0,1,1,840,0,424.95,0,1.28
4823,0,-1,0,446,4,0.25,0,1,2,840,0,100.88,0,3.27
4824,0,-1,0,1058,7,0.429,0,2,3,410,1,439.85,0,2.41
4825,0,-1,0,888,1,0.0,0,1,1,250,0,307.65,0,0.41
4826,0,-1,0,1740,2,0.5,0,1,1,156,0,942.14,0,0.42
4827,0,-1,0,330,6,0.167,0,1,1,840,1,157.06,0,6.64
4828,0,-1,0,1773,3,0.0,0,3,4,826,1,188.2,0,0.62
4829,0,-1,0,11,1,1.0,0,2,2,826,0,282.3,0,33.18
4830,0,-1,0,1674,1,0.0,0,1,2,840,1,511.33,0,0.22
4831,0,-1,0,21,1,0.0,0,4,4,528,1,366.58,0,17.38
4832,0,-1,0,1978,3,0.0,0,3,4,840,1,587.02,0,0.55
4833,0,-1,0,1612,1,0.0,0,1,2,250,0,283.64,0,0.23
4834,0,-1,0,508,2,0.5,0,3,4,840,1,265.34,0,1.44
4835,0,-1,0,1,7,0.0,0,1,3,410,1,232.01,0,50
4836,0,-1,0,159,7,0.286,0,4,6,276,1,257.7,0,16.07
4837,0,-1,0,1292,3,0.0,0,1,3,36,0,452.74,0,0.85
4838,0,-1,0,716,3,0.0,0,2,2,724,0,853.85,0,1.53
4839,0,-1,0,286,2,0.0,0,1,3,36,0,231.47,0,2.55
4840,0,-1,0,220,2,0.0,0,1,2,840,0,209.7,0,3.32
4841,0,-1,0,1759,4,0.25,0,1,2,36,1,509.16,0,0.83
4842,0,-1,0,174,2,0.5,0,2,2,76,0,846.29,0,4.2
4843,0,-1,0,1930,2,0.0,0,1,1,392,0,594.12,0,0.38
4844,0,-1,0,885,1,1.0,0,1,1,356,0,375.98,0,0.41
4845,0,-1,0,1373,1,0.0,0,1,1,276,1,117.31,0,0.27
4846,0,-1,0,266,1,1.0,0,2,2,840,0,1046.17,0,1.37
4847,0,-1,0,550,2,0.0,0,1,1,36,0,724.95,0,1.33
4848,0,-1,0,6,2,0.0,0,3,5,826,1,377.07,0,50
4849,0,-1,0,773,1,0.0,0,2,4,840,1,1054.14,0,0.47
4850,0,-1,0,632,1,0.0,0,2,4,156,1,1207.37,0,0.58
4851,0,-1,0,1816,1,0.0,0,1,3,156,1,250.84,0,0.2
4852,0,-1,0,6,3,0.333,0,2,2,124,1,254.7,0,50
4853,0,-1,0,213,3,0.0,0,4,6,156,1,1288.93,0,5.14
4854,0,-1,0,545,2,0.5,0,1,2,276,0,874.63,0,1.34
4855,0,-1,0,1930,4,0.25,0,2,3,528,0,606.92,0,0.76
4856,0,-1,0,177,1,0.0,0,2,4,826,1,766.32,0,2.06
4857,0,-1,0,11,1,0.0,0,1,2,840,0,367.44,0,33.18
4858,0,-1,0,602,3,0.0,0,1,1,156,0,259.62,0,1.82
4859,0,-1,0,1565,4,0.0,0,2,4,156,0,477.12,0,0.93
4860,0,-1,0,79,2,0.0,0,1,1,124,0,520.51,0,9.24
4861,0,-1,0,1375,2,0.0,0,3,3,76,0,227.35,0,0.53
4862,0,-1,0,372,6,0.0,0,3,4,156,1,608.78,0,5.89
4863,0,-1,0,847,4,0.25,0,1,1,724,1,844.09,0,1.72
4864,0,-1,0,1156,2,1.0,0,3,4,724,0,209.84,0,0.63
4865,0,-1,0,308,2,0.0,0,1,1,276,1,458.0,0,2.37
4866,0,-1,0,9,5,0.2,0,1,3,276,1,644.03,0,50
4867,0,-1,0,1613,3,0.333,0,2,3,484,0,275.8,0,0.68
4868,0,-1,0,344,3,0.333,0,1,3,380,1,623.89,0,3.18
4869,0,-1,0,701,1,0.0,0,1,2,156,0,708.62,0,0.52
4870,0,-1,0,1775,5,0.2,0,1,1,156,1,156.63,0,1.03
4871,0,-1,0,286,2,0.0,0,1,2,156,1,317.94,0,2.55
4872,0,-1,0,2,4,0.0,0,1,2,724,1,839.55,0,50
4873,0,-1,0,816,4,0.25,0,1,2,410,1,1058.6,0,1.79
4874,0,-1,0,1014,1,0.0,0,1,2,840,1,937.27,0,0.36
4875,0,-1,0,1950,3,0.333,0,3,3,36,1,151.78,0,0.56
4876,0,-1,0,479,11,0.273,0,1,3,826,1,721.39,0,8.38
4877,0,-1,0,987,3,0.333,0,1,2,528,1,983.33,0,1.11
4878,0,-1,0,1109,2,0.5,0,1,3,250,0,506.18,0,0.66
4879,0,-1,0,1577,3,0.0,0,3,3,36,1,82.07,0,0.69
4880,0,-1,0,24,1,0.0,0,1,3,484,0,116.88,0,15.21
4881,0,-1,0,383,3,0.0,0,1,1,724,0,802.26,0,2.86
4882,0,-1,0,139,3,0.333,0,3,3,410,1,498.85,0,7.88
4883,0,-1,0,1754,2,0.0,0,4,4,124,1,250.96,0,0.42
4884,0,-1,0,576,3,0.0,0,4,4,124,0,428.12,0,1.9
4885,0,-1,0,1641,1,1.0,0,1,1,840,0,268.7,0,0.22
4886,0,-1,0,1572,4,0.0,0,2,2,528,1,216.05,0,0.93
4887,0,-1,0,25,4,0.25,0,2,3,826,1,93.14,0,50
4888,0,-1,0,1638,2,0.5,0,1,2,724,1,174.5,0,0.45
4889,0,-1,0,1677,4,0.5,0,1,1,840,0,344.48,0,0.87
4890,0,-1,0,1705,7,0.286,0,1,1,840,1,879.39,0,1.5
4891,0,-1,0,321,1,0.0,0,1,2,840,1,461.6,0,1.14
4892,0,-1,0,30,1,0.0,0,4,4,380,1,1077.2,0,12.17
4893,0,-1,0,8,8,0.375,0,1,2,156,1,384.31,0,50
4894,0,-1,0,297,1,0.0,0,2,4,528,0,582.87,0,1.23
4895,0,-1,0,707,3,0.0,0,2,4,156,1,579.11,0,1.55
4896,0,-1,0,58,4,0.0,0,1,3,156,1,552.96,0,25.17
4897,0,-1,0,1337,1,0.0,0,2,3,380,1,614.52,0,0.27
4898,0,-1,0,366,11,0.182,0,1,1,76,1,531.71,0,10.97
4899,0,-1,0,314,3,0.333,0,4,5,484,1,82.87,0,3.49
4900,0,-1,0,851,1,0.0,0,2,4,840,1,487.21,0,0.43
4901,0,-1,0,1075,1,0.0,0,3,5,410,0,246.44,0,0.34
4902,0,-1,0,910,1,0.0,0,4,5,156,1,434.62,0,0.4
4903,0,-1,0,1663,4,0.0,0,3,5,156,0,326.72,0,0.88
4904,0,-1,0,468,2,0.0,0,1,3,724,1,516.86,0,1.56
4905,0,-1,0,1462,2,0.0,0,1,1,356,0,155.79,0,0.5
4906,0,-1,0,563,1,0.0,0,2,4,250,0,829.86,0,0.65
4907,0,-1,0,705,4,0.0,0,2,2,356,1,93.03,0,2.07
4908,0,-1,0,19,1,0.0,0,1,1,840,1,1170.25,0,19.21
4909,0,-1,0,1842,10,0.2,0,2,3,484,1,443.71,0,1.98
4910,0,-1,0,21,5,0.0,0,4,4,356,0,884.52,0,50
4911,0,-1,0,595,12,0.25,0,1,2,826,1,326.56,0,7.36
4912,0,-1,0,603,1,0.0,0,4,5,276,0,1008.62,0,0.61
4913,0,-1,0,8,3,0.0,0,3,3,276,1,303.99,0,50
4914,0,-1,0,94,2,0.0,0,1,3,410,1,486.5,0,7.77
4915,0,-1,0,1585,1,1.0,0,2,3,250,1,374.04,0,0.23
4916,0,-1,0,1621,9,0.0,0,1,3,840,1,1136.13,0,2.03
4917,0,-1,0,667,3,0.0,0,1,3,276,0,231.03,0,1.64
4918,0,-1,0,17,3,0.0,0,2,3,826,0,181.2,0,50
4919,0,-1,0,1395,1,0.0,0,1,3,840,1,538.73,0,0.26
4920,0,-1,0,1086,7,0.429,0,1,2,156,1,690.45,0,2.35
4921,0,-1,0,649,1,0.0,0,1,1,124,0,277.9,0,0.56
4922,0,-1,0,422,2,0.0,0,1,3,724,1,324.31,0,1.73
4923,0,-1,0,1355,1,1.0,0,3,5,392,1,199.47,0,0.27
4924,0,-1,0,15,4,0.75,0,2,4,724,1,493.36,0,50
4925,0,-1,0,1710,2,0.0,0,1,1,76,0,427.79,0,0.43
4926,0,-1,0,1392,3,0.667,0,1,3,156,1,190.85,0,0.79
4927,0,-1,0,28,3,0.333,0,1,2,124,1,169.8,0,39.11
4928,0,-1,0,495,1,0.0,0,4,5,250,1,761.32,0,0.74
4929,0,-1,0,7,1,0.0,0,1,2,380,0,223.86,0,50
4930,0,-1,0,1187,5,0.2,0,1,2,380,1,493.25,0,1.54
4931,0,-1,0,16,1,1.0,0,1,3,392,1,878.64,0,22.81
4932,0,-1,0,1639,3,0.667,0,2,4,380,0,119.61,0,0.67
4933,0,-1,0,271,3,0.0,0,1,2,36,1,985.86,0,4.04
4934,0,-1,0,26,2,0.0,0,1,2,276,1,120.92,0,28.08
4935,0,-1,0,1888,1,0.0,0,1,1,276,0,471.16,0,0.19
4936,0,-1,0,1919,4,0.0,0,1,3,528,1,458.79,0,0.76
4937,0,-1,0,961,5,0.2,0,1,3,276,0,359.35,0,1.9
4938,0,-1,0,1390,3,0.0,0,1,2,840,1,568.9,0,0.79
4939,0,-1,0,1455,1,1.0,0,2,4,250,1,785.28,0,0.25
4940,0,-1,0,1557,2,0.5,0,3,3,276,1,197.53,0,0.47
4941,0,-1,0,11,3,0.0,0,4,4,356,1,1103.04,0,50
4942,0,-1,0,722,4,0.0,0,1,1,156,0,922.4,0,2.02
4943,0,-1,0,611,3,0.0,0,1,3,380,1,713.79,0,1.79
4944,0,-1,0,126,1,0.0,0,1,3,250,1,916.57,0,2.9
4945,0,-1,0,541,1,0.0,0,1,2,76,1,312.55,0,0.67
4946,0,-1,0,1052,3,0.0,0,1,2,76,1,552.66,0,1.04
4947,0,-1,0,241,3,0.667,0,1,2,250,1,898.45,0,4.54
4948,0,-1,0,115,4,0.5,0,1,2,276,1,648.66,0,12.7
4949,0,-1,0,946,1,0.0,0,2,2,156,1,125.55,0,0.39
4950,0,-1,0,580,1,0.0,0,2,4,392,0,592.41,0,0.63
4951,0,-1,0,824,2,0.0,0,1,1,392,0,243.86,0,0.89
4952,0,-1,0,8,1,0.0,0,3,4,250,0,499.32,0,45.62
4953,0,-1,0,1877,5,0.2,0,4,4,410,1,418.9,0,0.97
4954,0,-1,0,472,2,0.0,0,4,5,250,0,240.53,0,1.55
4955,0,-1,0,322,1,0.0,0,1,3,528,0,911.67,0,1.13
4956,0,-1,0,1052,4,0.0,0,4,5,250,0,479.41,0,1.39
4957,0,-1,0,1907,2,0.0,0,1,3,156,1,522.92,0,0.38
4958,0,-1,0,1504,2,0.5,0,1,3,156,1,323.46,0,0.49
4959,0,-1,0,432,2,0.5,0,2,3,840,1,229.52,0,1.69
4960,0,-1,0,10,4,0.0,0,2,2,156,0,271.69,0,50
4961,0,-1,0,548,6,0.333,0,1,2,250,1,720.34,0,4.0
4962,0,-1,0,1132,1,1.0,0,4,4,124,0,161.13,0,0.32
4963,0,-1,0,1160,1,1.0,0,1,3,826,0,332.72,0,0.31
4964,0,-1,0,459,2,0.5,0,2,4,410,0,932.67,0,1.59
4965,0,-1,0,1955,1,0.0,0,1,2,250,0,747.33,0,0.19
4966,0,-1,0,2,1,0.0,0,1,3,156,0,440.8,0,50
4967,0,-1,0,21,1,0.0,0,2,2,826,1,407.05,0,17.38
4968,0,-1,0,632,2,0.0,0,1,3,156,1,371.67,0,1.16
4969,0,-1,0,1497,2,0.5,0,1,3,484,0,267.48,0,0.49
4970,0,-1,0,910,1,0.0,0,2,4,484,0,567.95,0,0.4
4971,0,-1,0,1692,1,1.0,0,3,3,528,0,532.15,0,0.22
4972,0,-1,0,424,1,0.0,0,2,4,250,1,352.72,0,0.86
4973,0,-1,0,453,1,0.0,0,1,2,410,0,181.22,0,0.81
4974,0,-1,0,228,4,0.5,0,4,5,250,0,89.06,0,6.4
4975,0,-1,0,1311,10,0.4,0,2,4,410,1,593.85,0,2.78
4976,0,-1,0,348,1,0.0,0,1,1,840,1,272.07,0,1.05
4977,0,-1,0,1194,2,0.5,0,1,3,840,1,212.78,0,0.61
4978,0,-1,0,1473,2,0.5,0,1,2,840,1,157.35,0,0.5
4979,0,-1,0,541,2,0.0,0,2,4,156,1,210.69,0,1.35
4980,0,-1,0,29,6,0.5,0,1,3,36,1,202.32,0,50
4981,0,-1,0,510,1,0.0,0,4,4,276,1,1457.65,0,0.72
4982,0,-1,0,1834,2,0.0,0,1,3,840,0,443.72,0,0.4
4983,0,-1,0,1196,3,0.0,0,1,1,724,0,739.22,0,0.92
4984,0,-1,0,1128,3,0.333,0,1,1,410,0,742.64,0,0.97
4985,0,-1,0,1391,2,0.0,0,3,4,840,0,171.24,0,0.52
4986,0,-1,0,704,1,0.0,0,1,1,410,1,188.31,0,0.52
4987,0,-1,0,463,2,0.0,0,1,1,392,0,462.61,0,1.58
4988,0,-1,0,1740,1,0.0,0,3,5,124,0,991.34,0,0.21
4989,0,-1,0,157,4,0.5,0,1,3,156,1,379.61,0,9.3
4990,0,-1,0,109,2,0.5,0,1,2,250,0,528.83,0,6.7
4991,0,-1,0,6,1,0.0,0,1,1,36,0,214.83,0,50
4992,0,-1,0,1429,1,0.0,0,1,2,840,1,1276.69,0,0.26
4993,0,-1,0,775,2,0.0,0,1,2,250,1,230.69,0,0.94
4994,0,-1,0,1334,3,0.0,0,2,3,356,1,237.29,0,0.82
4995,0,-1,0,27,5,0.2,0,2,3,826,1,301.84,0,50
4996,0,-1,0,799,1,0.0,0,1,1,840,1,402.87,0,0.46
4997,0,-1,0,1514,7,0.143,0,1,3,36,1,169.46,0,1.69
4998,0,-1,0,111,4,0.0,0,1,2,840,0,3076.93,0,13.15
4999,0,-1,0,21,1,0.0,0,3,4,276,1,1720.59,0,17.38
5000,0,-1,0,356,4,0.0,0,1,2,410,1,363.51,0,4.1
5001,0,-1,0,1387,1,1.0,0,1,1,826,1,398.13,0,0.26
5002,0,-1,0,94,5,0.4,0,4,5,250,1,791.18,0,19.41
5003,0,-1,0,1318,1,0.0,0,4,5,156,0,325.17,0,0.28
5004,0,-1,0,532,2,0.0,0,2,4,156,1,843.14,0,1.37
5005,0,-1,0,461,1,0.0,0,1,3,250,0,355.3,0,0.79
5006,0,-1,0,468,4,0.25,0,3,3,840,0,1050.79,0,3.12
5007,0,-1,0,550,2,0.0,0,1,3,250,1,1821.14,0,1.33
5008,0,-1,0,1698,2,0.5,0,1,1,392,1,539.66,0,0.43
5009,0,-1,0,1,3,0.333,0,1,3,840,1,254.33,0,50
5010,0,-1,0,1048,9,0.222,0,3,4,250,1,3331.52,0,3.13
5011,0,-1,0,1087,2,0.0,0,2,3,276,1,471.41,0,0.67
5012,0,-1,0,1731,2,0.0,0,3,3,840,1,984.23,0,0.42
5013,0,-1,0,832,1,0.0,0,2,2,528,0,1236.32,0,0.44
5014,0,-1,0,1886,2,0.0,0,1,2,724,1,670.44,0,0.39
5015,0,-1,0,26,1,0.0,0,2,2,410,0,619.98,0,14.04
5016,0,-1,0,1498,4,0.0,0,2,2,410,0,366.92,0,0.97
5017,0,-1,0,333,5,0.2,0,2,2,124,1,401.06,0,5.48
5018,0,-1,0,1542,2,0.5,0,1,1,276,0,166.71,0,0.47
5019,0,-1,0,1512,1,1.0,0,1,3,410,1,687.79,0,0.24
5020,0,-1,0,1597,2,0.0,0,1,3,484,0,884.62,0,0.46
5021,0,-1,0,495,10,0.2,0,1,2,156,1,341.81,0,7.37
5022,0,-1,0,89,4,0.25,0,1,3,156,0,128.54,0,16.4
5023,0,-1,0,1363,6,0.0,0,1,2,250,0,503.1,0,1.61
5024,0,-1,0,1137,3,0.0,0,3,5,250,1,179.95,0,0.96
5025,0,-1,0,614,1,0.0,0,1,2,840,1,357.73,0,0.59
5026,0,-1,0,13,8,0.125,0,1,3,156,1,458.77,0,50
5027,0,-1,0,681,1,1.0,0,4,5,484,0,475.92,0,0.54
5028,0,-1,0,25,2,0.0,0,1,2,840,0,165.38,0,29.2
5029,0,-1,0,814,3,0.333,0,1,1,356,0,729.62,0,1.35
5030,0,-1,0,727,2,0.0,0,2,2,156,0,668.39,0,1.0
5031,0,-1,0,286,2,0.5,0,2,4,156,0,935.93,0,2.55
5032,0,-1,0,17,6,0.333,0,2,2,356,1,418.19,0,50
5033,0,-1,0,1098,1,1.0,0,4,6,250,0,957.71,0,0.33
5034,0,-1,0,1639,3,0.0,0,1,2,724,0,563.23,0,0.67
5035,0,-1,0,148,1,0.0,0,1,2,840,1,483.72,0,2.47
5036,0,-1,0,1221,7,0.0,0,2,3,276,1,1470.76,0,2.09
5037,0,-1,0,248,7,0.143,0,3,4,156,1,124.04,0,10.3
5038,0,-1,0,1824,1,1.0,0,4,5,356,0,770.81,0,0.2
5039,0,-1,0,178,1,1.0,0,2,2,36,0,382.38,0,2.05
5040,0,-1,0,182,6,0.333,0,1,3,36,1,535.27,0,12.03
5041,0,-1,0,1752,2,0.0,0,2,3,250,1,2920.62,0,0.42
5042,0,-1,0,1130,5,0.4,0,1,2,840,1,423.7,0,1.62
5043,0,-1,0,526,7,0.0,0,1,3,840,1,964.23,0,4.86
5044,0,-1,0,963,3,0.0,0,2,4,724,1,942.73,0,1.14
5045,0,-1,0,1330,4,0.25,0,1,3,392,0,422.72,0,1.1
5046,0,-1,0,1998,1,1.0,0,2,2,410,1,242.88,0,0.18
5047,0,-1,0,60,1,0.0,0,3,4,380,1,272.52,0,6.08
5048,0,-1,0,1054,1,1.0,0,1,3,840,1,420.66,0,0.35
5049,0,-1,0,949,3,0.0,0,3,3,840,0,1176.25,0,1.15
5050,0,-1,0,19,5,0.0,0,2,2,156,0,564.87,0,50
5051,0,-1,0,1423,2,0.0,0,1,3,392,0,769.72,0,0.51
5052,0,-1,0,1270,1,0.0,0,2,2,124,1,1103.24,0,0.29
5053,0,-1,0,1791,9,0.111,0,1,2,826,1,202.65,0,1.83
5054,0,-1,0,1142,1,0.0,0,1,2,276,0,235.09,0,0.32
5055,0,-1,0,320,2,0.0,0,2,2,840,1,142.73,0,2.28
5056,0,-1,0,676,5,0.4,0,2,3,840,1,274.06,0,2.7
5057,0,-1,0,752,10,0.2,0,4,6,76,1,313.67,0,4.85
5058,0,-1,0,1837,2,0.0,0,2,3,528,0,360.47,0,0.4
5059,0,-1,0,458,1,0.0,0,1,2,76,0,404.53,0,0.8
5060,0,-1,0,1608,1,0.0,0,1,3,156,1,259.53,0,0.23
5061,0,-1,0,166,1,0.0,0,1,2,250,0,2089.16,0,2.2
5062,0,-1,0,862,5,0.2,0,1,1,392,1,439.33,0,2.12
5063,0,-1,0,1874,3,0.333,0,2,2,276,1,211.81,0,0.58
5064,0,-1,0,1972,1,0.0,0,2,3,276,1,633.44,0,0.19
5065,0,-1,0,206,7,0.286,0,2,2,840,1,545.33,0,12.4
5066,0,-1,0,1796,4,0.0,0,2,3,840,0,448.65,0,0.81
5067,0,-1,0,4,4,0.5,0,3,3,840,0,195.31,0,50
5068,0,-1,0,1589,4,0.25,0,1,3,724,0,212.45,0,0.92
5069,0,-1,0,1281,5,0.0,0,2,2,156,1,131.18,0,1.42
5070,0,-1,0,784,1,0.0,0,1,1,156,1,603.97,0,0.47
5071,0,-1,0,5,1,1.0,0,1,1,724,1,840.34,0,50
5072,0,-1,0,23,4,0.25,0,1,2,356,1,737.39,0,50
5073,0,-1,0,198,4,0.0,0,2,4,250,1,890.98,0,7.37
5074,0,-1,0,62,1,0.0,0,1,2,826,0,335.34,0,5.89
5075,0,-1,0,114,1,0.0,0,3,3,76,1,399.48,0,3.2
5076,0,-1,0,107,2,0.0,0,1,2,528,1,367.11,0,6.82
5077,0,-1,0,1324,2,0.0,0,2,4,36,1,244.72,0,0.55
5078,0,-1,0,754,2,0.0,0,1,3,826,1,753.04,0,0.97
5079,0,-1,0,1715,5,0.4,0,1,2,250,1,896.3,0,1.06
5080,0,-1,0,144,1,0.0,0,1,3,356,1,179.55,0,2.53
5081,0,-1,0,159,5,0.0,0,2,2,840,1,206.25,0,11.48
5082,0,-1,0,1734,3,0.667,0,2,3,840,0,536.56,0,0.63
5083,0,-1,0,3,4,0.0,0,3,4,484,0,348.94,0,50
5084,0,-1,0,23,7,0.0,0,1,1,76,1,865.28,0,50
5085,0,-1,0,1748,3,0.0,0,2,4,840,0,470.35,0,0.63
5086,0,-1,0,69,1,0.0,0,3,3,840,1,312.29,0,5.29
5087,0,-1,0,1598,4,0.25,0,2,4,156,1,1174.55,0,0.91
5088,0,-1,0,1351,3,0.333,0,1,2,76,1,868.72,0,0.81
5089,0,-1,0,20,8,0.0,0,1,2,840,1,575.95,0,50
5090,0,-1,0,1594,1,1.0,0,2,3,156,1,309.48,0,0.23
5091,0,-1,0,577,1,0.0,0,1,1,356,0,257.44,0,0.63
5092,0,-1,0,119,3,0.0,0,1,2,826,1,400.96,0,9.2
5093,0,-1,0,16,1,0.0,0,2,3,826,1,149.48,0,22.81
5094,0,-1,0,502,2,0.0,0,3,5,76,0,525.76,0,1.45
5095,0,-1,0,37,1,0.0,0,1,3,840,0,623.99,0,9.86
5096,0,-1,0,1477,2,0.0,0,1,2,840,0,565.44,0,0.49
5097,0,-1,0,1258,3,0.333,0,1,2,410,0,831.01,0,0.87
5098,0,-1,0,32,1,1.0,0,1,1,250,0,543.53,0,11.41
5099,0,-1,0,1108,1,0.0,0,1,1,276,0,423.62,0,0.33
5100,0,-1,0,1328,2,0.0,0,1,3,826,1,355.47,0,0.55
5101,0,-1,0,147,2,0.0,0,3,4,840,0,584.6,0,4.97
5102,0,-1,0,557,2,0.0,0,2,2,276,1,445.97,0,1.31
5103,0,-1,0,1411,1,0.0,0,1,1,124,0,721.06,0,0.26
5104,0,-1,0,1710,1,1.0,0,1,1,826,0,553.13,0,0.21
5105,0,-1,0,6,4,0.25,0,1,1,840,1,1001.39,0,50
5106,0,-1,0,10,1,0.0,0,2,2,276,1,269.17,0,36.5
5107,0,-1,0,1489,4,0.0,0,3,5,36,0,855.85,0,0.98
5108,0,-1,0,542,8,0.25,0,1,2,840,1,590.69,0,5.39
5109,0,-1,0,1357,2,0.5,0,2,2,76,0,889.66,0,0.54
5110,0,-1,0,225,10,0.4,0,2,4,124,1,296.17,0,16.22
5111,0,-1,0,1,3,0.0,0,1,2,840,0,1934.88,0,50
5112,0,-1,0,152,1,1.0,0,2,4,392,1,319.34,0,2.4
5113,0,-1,0,534,1,1.0,0,1,1,528,0,53.26,0,0.68
5114,0,-1,0,1614,2,0.0,0,1,2,840,1,397.42,0,0.45
5115,0,-1,0,23,7,0.143,0,1,3,276,1,348.48,0,50
5116,0,-1,0,1262,1,0.0,0,1,1,250,1,1287.16,0,0.29
5117,0,-1,0,291,3,0.667,0,1,2,840,1,337.7,0,3.76
5118,0,-1,0,7,2,0.5,0,1,3,392,1,204.6,0,50
5119,0,-1,0,826,1,0.0,0,1,1,724,0,325.26,0,0.44
5120,0,-1,0,1,2,0.0,0,1,1,250,1,737.71,0,50
5121,0,-1,0,1514,4,0.0,0,2,2,156,1,1394.58,0,0.96
5122,0,-1,0,1952,2,0.0,0,1,1,356,1,626.61,0,0.37
5123,0,-1,0,5,1,1.0,0,1,1,392,1,509.78,0,50
5124,0,-1,0,1142,2,0.0,0,2,4,380,1,660.94,0,0.64
5125,0,-1,0,1096,5,0.0,0,1,2,156,1,576.37,0,1.67
5126,0,-1,0,185,4,0.0,0,1,2,276,0,288.44,0,7.89
5127,0,-1,0,1025,1,1.0,0,1,1,826,1,607.78,0,0.36
5128,0,-1,0,339,2,0.0,0,1,2,124,0,445.97,0,2.15
5129,0,-1,0,1606,3,0.333,0,1,1,36,1,1654.9,0,0.68
5130,0,-1,0,1605,5,0.2,0,2,3,724,1,385.56,0,1.14
5131,0,-1,0,795,4,0.25,0,1,1,250,0,390.14,0,1.84
5132,0,-1,0,578,1,0.0,0,1,1,156,0,338.24,0,0.63
5133,0,-1,0,1736,1,0.0,0,4,6,156,1,509.54,0,0.21
5134,0,-1,0,1984,1,0.0,0,1,2,840,0,273.08,0,0.18
5135,0,-1,0,1596,13,0.308,0,1,2,840,1,499.79,0,2.97
5136,0,-1,0,22,1,1.0,0,1,3,380,1,721.53,0,16.59
5137,0,-1,0,6,1,0.0,0,1,1,276,1,568.67,0,50
5138,0,-1,0,1308,9,0.222,0,1,2,724,1,286.51,0,2.51
5139,0,-1,0,1784,3,0.0,0,4,6,826,0,309.46,0,0.61
5140,0,-1,0,24,2,0.5,0,4,6,392,0,775.45,0,30.42
5141,0,-1,0,1301,4,0.0,0,1,1,36,1,1331.63,0,1.12
5142,0,-1,0,199,4,0.0,0,2,4,826,1,810.35,0,7.34
5143,0,-1,0,714,1,0.0,0,1,3,840,1,380.81,0,0.51
5144,0,-1,0,1556,3,0.0,0,2,4,380,1,194.0,0,0.7
5145,0,-1,0,1073,2,0.0,0,2,2,826,1,311.36,0,0.68
5146,0,-1,0,7,1,0.0,0,4,5,356,0,87.16,0,50
5147,0,-1,0,17,3,0.333,0,1,2,356,1,157.32,0,50
5148,0,-1,0,410,2,0.5,0,3,3,156,1,1590.98,0,1.78
5149,0,-1,0,363,1,0.0,0,1,2,156,1,483.22,0,1.01
5150,0,-1,0,4,3,0.0,0,2,2,380,1,307.09,0,50
5151,0,-1,0,1280,1,0.0,0,1,2,840,1,182.33,0,0.29
5152,0,-1,0,1112,2,0.0,0,1,1,840,1,512.63,0,0.66
5153,0,-1,0,24,2,0.0,0,1,3,156,1,237.75,0,30.42
5154,0,-1,0,1501,7,0.0,0,2,3,410,1,964.1,0,1.7
5155,0,-1,0,251,1,0.0,0,1,1,36,1,345.93,0,1.45
5156,0,-1,0,504,3,0.667,0,1,2,410,0,2218.54,0,2.17
5157,0,-1,0,589,4,0.75,0,1,1,392,0,524.01,0,2.48
5158,0,-1,0,541,6,0.0,0,1,2,380,1,815.87,0,4.05
5159,0,-1,0,626,1,0.0,0,1,2,840,0,742.52,0,0.58
5160,0,-1,0,1923,2,0.0,0,2,3,840,0,250.8,0,0.38
5161,0,-1,0,1400,2,0.0,0,2,3,826,0,1082.3,0,0.52
5162,0,-1,0,5,2,0.0,0,3,5,124,0,705.17,0,50
5163,0,-1,0,1215,3,0.667,0,1,3,840,1,255.37,0,0.9
5164,0,-1,0,1735,1,0.0,0,1,2,276,0,161.24,0,0.21
5165,0,-1,0,1370,9,0.333,0,1,3,156,1,405.87,0,2.4
5166,0,-1,0,1696,6,0.5,0,1,3,528,0,342.81,0,1.29
5167,0,-1,0,473,3,0.333,0,3,4,840,1,272.43,0,2.32
5168,0,-1,0,84,9,0.333,0,4,4,36,1,268.15,0,39.11
5169,0,-1,0,8,1,0.0,0,2,4,840,1,2010.61,0,45.62
5170,0,-1,0,838,2,0.0,0,1,1,156,0,273.26,0,0.87
5171,0,-1,0,1177,1,1.0,0,2,3,276,0,1515.32,0,0.31
5172,0,-1,0,1884,3,0.0,0,1,1,250,1,736.13,0,0.58
5173,0,-1,0,814,2,0.0,0,3,3,276,1,733.1,0,0.9
5174,0,-1,0,629,4,0.5,0,2,2,724,0,1172.81,0,2.32
5175,0,-1,0,792,2,0.0,0,1,3,724,1,388.93,0,0.92
5176,0,-1,0,1916,1,0.0,0,1,2,36,1,814.68,0,0.19
5177,0,-1,0,575,1,0.0,0,1,1,826,1,1391.81,0,0.63
5178,0,-1,0,1547,1,0.0,0,1,2,356,1,219.93,0,0.24
5179,0,-1,0,1979,3,0.333,0,1,1,250,1,519.68,0,0.55
5180,0,-1,0,6,1,0.0,0,1,1,356,1,439.28,0,50
5181,0,-1,0,107,1,0.0,0,1,2,826,0,2096.83,0,3.41
5182,0,-1,0,1192,2,0.5,0,1,3,410,0,182.39,0,0.61
5183,0,-1,0,895,3,0.0,0,1,1,36,1,444.94,0,1.22
5184,0,-1,0,77,4,0.5,0,1,3,356,1,550.75,0,18.96
5185,0,-1,0,1406,1,0.0,0,1,2,76,0,344.86,0,0.26
5186,0,-1,0,808,4,0.0,0,3,4,724,0,423.57,0,1.81
5187,0,-1,0,1367,1,0.0,0,1,3,840,0,411.77,0,0.27
5188,0,-1,0,1563,5,0.0,0,1,2,76,1,488.74,0,1.17
5189,0,-1,0,1068,5,0.0,0,1,2,250,1,358.9,0,1.71
5190,0,-1,0,1147,7,0.143,0,2,3,410,1,294.32,0,2.23
5191,0,-1,0,739,3,0.0,0,1,2,826,0,525.34,0,1.48
5192,0,-1,0,15,1,0.0,0,1,1,124,1,603.56,0,24.33
5193,0,-1,0,48,2,0.5,0,1,2,392,0,1021.93,0,15.21
5194,0,-1,0,1783,7,0.286,0,2,4,124,1,232.99,0,1.43
5195,0,-1,0,1194,5,0.4,0,1,2,380,1,171.97,0,1.53
5196,0,-1,0,730,3,0.0,0,1,1,36,1,2003.11,0,1.5
5197,0,-1,0,1811,3,0.333,0,1,3,356,0,1042.26,0,0.6
5198,0,-1,0,1915,1,1.0,0,3,5,840,0,325.0,0,0.19
5199,0,-1,0,1484,1,0.0,0,3,3,840,0,145.63,0,0.25
5200,0,-1,0,1055,1,0.0,0,1,3,392,1,885.41,0,0.35
5201,0,-1,0,1781,1,0.0,0,2,3,276,1,893.19,0,0.2
5202,0,-1,0,26,3,0.667,0,2,3,356,1,375.46,0,42.12
5203,0,-1,0,29,3,0.0,0,2,2,840,1,545.45,0,37.76
5204,0,-1,0,212,3,0.0,0,3,3,840,0,178.22,0,5.17
5205,0,-1,0,1836,3,0.333,0,1,3,156,1,249.33,0,0.6
5206,0,-1,0,1896,2,0.0,0,1,1,124,1,294.44,0,0.39
5207,0,-1,0,961,3,0.333,0,2,3,156,1,495.56,0,1.14
5208,0,-1,0,1897,1,0.0,0,1,2,826,1,563.69,0,0.19
5209,0,-1,0,784,3,0.0,0,2,3,36,0,1277.61,0,1.4
5210,0,-1,0,8,5,0.2,0,2,4,276,1,827.83,0,50
5211,0,-1,0,1561,1,0.0,0,2,3,840,1,242.42,0,0.23
5212,0,-1,0,25,3,0.0,0,1,2,250,1,380.85,0,43.8
5213,0,-1,0,1914,5,0.0,0,1,1,124,0,544.06,0,0.95
5214,0,-1,0,545,2,0.5,0,2,4,840,1,1363.25,0,1.34
5215,0,-1,0,601,1,0.0,0,1,2,76,1,346.93,0,0.61
5216,0,-1,0,1019,1,0.0,0,2,2,124,1,1432.95,0,0.36
5217,0,-1,0,1082,4,0.0,0,2,3,826,0,606.13,0,1.35
5218,0,-1,0,1153,3,0.333,0,1,3,156,1,396.02,0,0.95
5219,0,-1,0,1378,2,0.0,0,1,3,840,0,215.53,0,0.53
5220,0,-1,0,508,2,0.0,0,3,3,156,0,2071.87,0,1.44
5221,0,-1,0,5,2,0.0,0,2,3,156,0,348.96,0,50
5222,0,-1,0,289,4,0.5,0,1,2,156,0,1912.69,0,5.05
5223,0,-1,0,470,2,0.5,0,1,3,156,1,530.12,0,1.55
5224,0,-1,0,701,3,0.0,0,2,4,76,0,448.76,0,1.56
5225,0,-1,0,644,2,0.0,0,1,3,724,1,699.21,0,1.13
5226,0,-1,0,1833,5,0.2,0,1,3,156,1,343.87,0,1.0
5227,0,-1,0,650,2,0.0,0,1,1,826,1,1082.84,0,1.12
5228,0,-1,0,1458,2,0.5,0,1,2,124,0,494.64,0,0.5
5229,0,-1,0,12,3,0.0,0,1,3,392,0,1208.12,0,50
5230,0,-1,0,432,1,0.0,0,3,4,276,0,688.09,0,0.84
5231,0,-1,0,330,2,0.5,0,1,3,156,1,209.94,0,2.21
5232,0,-1,0,1039,2,0.0,0,1,1,156,1,319.79,0,0.7
5233,0,-1,0,1542,2,0.0,0,2,4,156,1,234.28,0,0.47
5234,0,-1,0,335,1,0.0,0,1,3,156,1,1888.91,0,1.09
5235,0,-1,0,80,1,0.0,0,1,2,356,1,872.7,0,4.56
5236,0,-1,0,1494,4,0.0,0,3,3,124,1,789.88,0,0.98
5237,0,-1,0,190,1,0.0,0,1,1,156,1,616.74,0,1.92
5238,0,-1,0,604,1,1.0,0,1,3,156,1,227.71,0,0.6
5239,0,-1,0,1548,1,0.0,0,2,4,826,0,918.46,0,0.24
5240,0,-1,0,10,1,0.0,0,2,4,276,1,136.18,0,36.5
5241,0,-1,0,1477,4,0.0,0,1,2,528,0,677.32,0,0.99
5242,0,-1,0,873,3,0.333,0,1,1,36,1,290.87,0,1.25
5243,0,-1,0,1,4,0.0,0,1,1,840,1,222.87,0,50
5244,0,-1,0,1090,4,0.25,0,1,1,826,0,795.87,0,1.34
5245,0,-1,0,395,2,0.5,0,1,1,826,1,952.56,0,1.85
5246,0,-1,0,940,6,0.333,0,1,2,124,1,330.57,0,2.33
5247,0,-1,0,1145,1,0.0,0,1,2,826,1,492.38,0,0.32
5248,0,-1,0,3,2,0.0,0,1,2,840,1,1607.0,0,50
5249,0,-1,0,231,5,0.4,0,1,2,356,1,754.83,0,7.9
5250,0,-1,0,1172,2,0.5,0,1,2,250,0,183.01,0,0.62
5251,0,-1,0,10,2,0.0,0,2,3,356,0,253.69,0,50
5252,0,-1,0,1731,1,0.0,0,1,1,76,0,2845.33,0,0.21
5253,0,-1,0,642,10,0.0,0,1,1,410,1,109.74,0,5.69
5254,0,-1,0,655,2,0.0,0,1,3,276,1,251.68,0,1.11
5255,0,-1,0,165,1,0.0,0,1,3,484,0,1085.73,0,2.21
5256,0,-1,0,25,14,0.286,0,3,4,826,1,387.65,0,50
5257,0,-1,0,1789,2,0.0,0,1,2,250,1,141.79,0,0.41
5258,0,-1,0,1684,1,0.0,0,2,3,124,1,428.55,0,0.22
5259,0,-1,0,927,2,0.5,0,1,1,840,0,277.51,0,0.79
5260,0,-1,0,838,1,0.0,0,3,5,250,1,194.47,0,0.44
5261,0,-1,0,1697,1,0.0,0,2,4,840,0,857.95,0,0.22
5262,0,-1,0,17,8,0.125,0,1,2,250,1,492.99,0,50
5263,0,-1,0,191,1,0.0,0,1,3,276,0,498.38,0,1.91
5264,0,-1,0,298,3,0.0,0,1,2,826,1,178.53,0,3.67
5265,0,-1,0,12,8,0.375,0,1,3,156,1,163.33,0,50
5266,0,-1,0,1799,4,0.0,0,2,2,276,1,411.15,0,0.81
5267,0,-1,0,1179,8,0.125,0,2,3,840,1,247.73,0,2.48
5268,0,-1,0,1726,2,0.5,0,2,4,826,1,253.53,0,0.42
5269,0,-1,0,116,2,0.0,0,1,1,826,0,265.24,0,6.29
5270,0,-1,0,1241,2,0.0,0,2,3,156,0,708.45,0,0.59
5271,0,-1,0,552,6,0.0,0,2,4,840,1,307.9,0,3.97
5272,0,-1,0,72,10,0.1,0,2,4,840,1,178.31,0,50
5273,0,-1,0,1549,2,0.5,0,1,3,840,0,808.69,0,0.47
5274,0,-1,0,940,4,0.0,0,3,4,392,1,141.39,0,1.55
5275,0,-1,0,1544,1,0.0,0,1,2,76,0,637.57,0,0.24
5276,0,-1,0,1827,2,0.0,0,1,3,156,1,133.55,0,0.4
5277,0,-1,0,481,8,0.125,0,2,4,124,1,4533.65,0,6.07
5278,0,-1,0,1569,1,1.0,0,2,2,840,0,456.58,0,0.23
5279,0,-1,0,1979,2,0.0,0,3,3,840,1,754.77,0,0.37
5280,0,-1,0,1006,2,0.0,0,1,2,826,1,392.31,0,0.73
5281,0,-1,0,1004,1,0.0,0,1,1,156,0,379.13,0,0.36
5282,0,-1,0,595,4,0.0,0,1,2,250,0,480.16,0,2.45
5283,0,-1,0,1429,4,0.0,0,2,4,840,0,741.09,0,1.02
5284,0,-1,0,1878,2,0.0,0,1,1,356,1,572.62,0,0.39
5285,0,-1,0,767,2,0.0,0,2,4,840,1,314.55,0,0.95
5286,0,-1,0,215,1,0.0,0,1,2,380,0,802.8,0,1.7
5287,0,-1,0,1,1,0.0,0,2,3,392,1,185.32,0,50
5288,0,-1,0,777,3,0.0,0,1,2,156,1,446.51,0,1.41
5289,0,-1,0,882,2,0.0,0,1,2,826,1,268.06,0,0.83
5290,0,-1,0,732,9,0.0,0,3,5,826,1,213.81,0,4.49
5291,0,-1,0,23,2,0.5,0,1,3,410,1,424.49,0,31.74
5292,0,-1,0,272,3,0.333,0,2,3,840,1,574.57,0,4.03
5293,0,-1,0,1699,1,0.0,0,4,5,76,1,470.17,0,0.21
5294,0,-1,0,1835,1,0.0,0,1,3,826,0,716.84,0,0.2
5295,0,-1,0,1335,6,0.167,0,2,2,840,1,632.08,0,1.64
5296,0,-1,0,25,6,0.167,0,3,4,392,1,197.17,0,50
5297,0,-1,0,80,1,0.0,0,2,4,392,0,543.67,0,4.56
5298,0,-1,0,872,4,0.0,0,1,3,36,1,2182.0,0,1.67
5299,0,-1,0,1507,3,0.333,0,3,4,276,1,581.5,0,0.73
5300,0,-1,0,14,1,1.0,0,1,1,840,1,1128.95,0,26.07
5301,0,-1,0,231,4,0.25,0,1,3,156,1,256.49,0,6.32
5302,0,-1,0,1400,1,0.0,0,1,1,156,1,461.5,0,0.26
5303,0,-1,0,915,2,0.5,0,1,1,840,1,612.4,0,0.8
5304,0,-1,0,46,2,0.0,0,3,5,250,0,533.74,0,15.87
5305,0,-1,0,1151,8,0.25,0,3,5,840,1,250.58,0,2.54
5306,0,-1,0,26,2,0.5,0,1,1,356,0,602.32,0,28.08
5307,0,-1,0,552,4,0.25,0,1,1,392,0,628.1,0,2.64
5308,0,-1,0,16,7,0.143,0,1,3,76,1,257.6,0,50
5309,0,-1,0,18,3,0.333,0,1,1,276,1,1549.01,0,50
5310,0,-1,0,379,7,0.571,0,1,2,826,1,1118.88,0,6.74
5311,0,-1,0,23,3,0.0,0,1,1,826,1,784.4,0,47.61
5312,0,-1,0,1676,4,0.0,0,3,4,840,1,1125.15,0,0.87
5313,0,-1,0,1694,2,0.0,0,1,1,826,1,842.7,0,0.43
5314,0,-1,0,1538,4,0.25,0,2,2,410,1,244.31,0,0.95
5315,0,-1,0,1017,5,0.2,0,1,2,528,1,521.44,0,1.79
5316,0,-1,0,192,1,0.0,0,1,1,380,1,318.73,0,1.9
5317,0,-1,0,302,2,1.0,0,1,1,840,1,219.1,0,2.42
5318,0,-1,0,997,1,0.0,0,1,2,156,1,450.33,0,0.37
5319,0,-1,0,1455,2,0.0,0,1,2,156,1,286.54,0,0.5
5320,0,-1,0,25,2,0.0,0,2,4,156,0,1273.4,0,29.2
5321,0,-1,0,1029,3,0.667,0,2,2,276,0,403.51,0,1.06
5322,0,-1,0,678,5,0.0,0,1,3,410,0,137.35,0,2.69
5323,0,-1,0,298,1,0.0,0,3,3,840,1,444.93,0,1.22
5324,0,-1,0,434,3,0.333,0,1,1,840,0,149.14,0,2.52
5325,0,-1,0,1157,2,1.0,0,1,2,410,1,146.04,0,0.63
5326,0,-1,0,992,4,0.0,0,1,3,124,1,477.34,0,1.47
5327,0,-1,0,433,1,0.0,0,2,2,156,0,364.04,0,0.84
5328,0,-1,0,990,2,0.0,0,1,3,840,1,847.88,0,0.74
5329,0,-1,0,465,1,0.0,0,1,3,840,1,194.65,0,0.78
5330,0,-1,0,1101,2,0.0,0,1,1,840,0,186.03,0,0.66
5331,0,-1,0,1065,2,0.0,0,1,2,840,0,374.99,0,0.69
5332,0,-1,0,1372,2,0.0,0,1,3,392,0,136.28,0,0.53
5333,0,-1,0,414,1,1.0,0,1,3,484,1,238.58,0,0.88
5334,0,-1,0,150,2,0.0,0,1,1,250,1,523.67,0,4.87
5335,0,-1,0,1338,2,0.0,0,1,2,840,0,659.29,0,0.55
5336,0,-1,0,762,4,0.0,0,3,5,826,0,281.4,0,1.92
5337,0,-1,0,1612,1,0.0,0,2,2,724,0,332.61,0,0.23
5338,0,-1,0,1922,3,0.0,0,2,3,36,0,268.2,0,0.57
5339,0,-1,0,624,3,0.333,0,4,4,840,1,675.86,0,1.75
5340,0,-1,0,1269,2,0.5,0,2,3,392,0,1465.4,0,0.58
5341,0,-1,0,841,4,0.25,0,3,4,36,1,157.68,0,1.74
5342,0,-1,0,586,4,0.25,0,1,3,356,1,923.89,0,2.49
5343,0,-1,0,368,1,1.0,0,2,2,392,1,192.76,0,0.99
5344,0,-1,0,909,1,0.0,0,2,3,840,1,1111.04,0,0.4
5345,0,-1,0,1197,3,0.0,0,1,1,276,1,1874.66,0,0.91
5346,0,-1,0,11,3,0.333,0,4,5,250,0,888.91,0,50
5347,0,-1,0,4,1,0.0,0,1,1,250,1,294.8,0,50
5348,0,-1,0,651,1,0.0,0,2,3,826,0,472.43,0,0.56
5349,0,-1,0,919,2,1.0,0,2,3,826,1,711.09,0,0.79
5350,0,-1,0,768,2,0.0,0,1,1,392,0,923.74,0,0.95
5351,0,-1,0,17,4,0.25,0,3,3,724,1,875.78,0,50
5352,0,-1,0,1055,1,0.0,0,2,4,156,0,1554.53,0,0.35
5353,0,-1,0,1338,1,0.0,0,1,1,826,0,595.36,0,0.27
5354,0,-1,0,581,2,0.0,0,1,1,156,1,753.13,0,1.26
5355,0,-1,0,861,1,0.0,0,1,2,840,1,412.08,0,0.42
5356,0,-1,0,1513,2,0.5,0,2,4,156,0,661.77,0,0.48
5357,0,-1,0,1221,1,0.0,0,1,1,484,1,418.08,0,0.3
5358,0,-1,0,197,1,0.0,0,4,4,356,1,451.72,0,1.85
5359,0,-1,0,12,7,0.0,0,2,2,76,1,410.59,0,50
5360,0,-1,0,1302,6,0.333,0,1,2,840,1,84.82,0,1.68
5361,0,-1,0,1684,1,1.0,0,1,2,484,1,699.89,0,0.22
5362,0,-1,0,1265,1,0.0,0,1,1,156,1,212.97,0,0.29
5363,0,-1,0,1884,3,0.0,0,4,6,840,0,177.56,0,0.58
5364,0,-1,0,648,1,0.0,0,2,3,840,0,1210.87,0,0.56
5365,0,-1,0,1062,2,0.0,0,1,3,392,1,263.13,0,0.69
5366,0,-1,0,1165,2,0.5,0,1,3,840,1,434.77,0,0.63
5367,0,-1,0,1376,2,0.0,0,4,6,840,1,258.75,0,0.53
5368,0,-1,0,1206,1,0.0,0,1,3,410,1,797.61,0,0.3
5369,0,-1,0,638,3,0.0,0,1,1,250,1,80.16,0,1.72
5370,0,-1,0,1955,4,0.5,0,1,3,76,1,472.69,0,0.75
5371,0,-1,0,1393,1,0.0,0,1,3,392,0,574.84,0,0.26
5372,0,-1,0,1220,4,0.5,0,1,2,76,0,406.56,0,1.2
5373,0,-1,0,1879,2,0.0,0,1,1,826,1,716.03,0,0.39
5374,0,-1,0,170,1,0.0,0,1,3,840,1,129.87,0,2.15
5375,0,-1,0,1258,2,0.5,0,1,2,840,0,838.64,0,0.58
5376,0,-1,0,1025,1,0.0,0,1,1,826,1,257.09,0,0.36
5377,0,-1,0,44,5,0.2,0,1,2,724,0,1158.68,0,41.48
5378,0,-1,0,10,2,1.0,0,2,2,76,1,191.26,0,50
5379,0,-1,0,115,4,0.25,0,3,3,840,0,566.62,0,12.7
5380,0,-1,0,1159,1,0.0,0,1,1,356,0,574.98,0,0.31
5381,0,-1,0,16,3,0.333,0,1,3,276,1,431.19,0,50
5382,0,-1,0,288,3,0.0,0,2,3,124,1,246.02,0,3.8
5383,0,-1,0,1462,13,0.077,0,1,3,528,1,676.76,0,3.25
5384,0,-1,0,1324,2,0.0,0,2,2,840,0,1852.83,0,0.55
5385,0,-1,0,188,3,0.333,0,2,3,840,0,792.88,0,5.82
5386,0,-1,0,553,3,0.333,0,1,3,250,0,213.88,0,1.98
5387,0,-1,0,1449,2,0.0,0,2,4,392,1,207.94,0,0.5
5388,0,-1,0,3,2,0.0,0,3,4,826,1,223.16,0,50
5389,0,-1,0,1041,3,0.0,0,1,2,36,1,723.23,0,1.05
5390,0,-1,0,1661,1,0.0,0,1,2,250,1,475.75,0,0.22
5391,0,-1,0,1932,2,0.0,0,1,2,250,0,443.38,0,0.38
5392,0,-1,0,662,6,0.0,0,1,2,156,1,484.74,0,3.31
5393,0,-1,0,1035,1,0.0,0,1,3,528,0,364.38,0,0.35
5394,0,-1,0,274,1,0.0,0,1,2,156,0,464.55,0,1.33
5395,0,-1,0,9,1,1.0,0,1,1,36,0,764.91,0,40.56
5396,0,-1,0,1040,3,0.333,0,1,3,528,0,1228.07,0,1.05
5397,0,-1,0,179,4,0.75,0,1,2,484,0,487.07,0,8.16
5398,0,-1,0,559,4,0.5,0,2,3,156,1,304.03,0,2.61
5399,0,-1,0,1940,2,0.0,0,1,3,840,1,341.23,0,0.38
5400,0,-1,0,279,1,1.0,0,1,1,380,1,1532.62,0,1.31
5401,0,-1,0,5,1,0.0,0,1,1,840,1,581.18,0,50
5402,0,-1,0,1078,4,0.25,0,1,3,724,1,570.02,0,1.35
5403,0,-1,0,26,6,0.0,0,1,2,484,0,546.13,0,50
5404,0,-1,0,736,4,0.25,0,1,1,840,1,253.66,0,1.98
5405,0,-1,0,1667,5,0.0,0,1,3,392,1,1686.59,0,1.09
5406,0,-1,0,283,1,1.0,0,2,4,840,1,244.01,0,1.29
5407,0,-1,0,1986,8,0.125,0,1,1,840,1,1186.73,0,1.47
5408,0,-1,0,253,4,0.0,0,2,2,124,1,392.92,0,5.77
5409,0,-1,0,1481,4,0.0,0,1,2,392,1,2563.86,0,0.99
5410,0,-1,0,1879,1,1.0,0,4,6,826,0,901.27,0,0.19
5411,0,-1,0,313,4,0.25,0,1,3,356,1,187.11,0,4.66
5412,0,-1,0,319,2,0.5,0,1,2,380,0,650.24,0,2.29
5413,0,-1,0,84,4,0.25,0,1,2,156,1,212.49,0,17.38
5414,0,-1,0,1712,1,0.0,0,1,3,826,0,443.3,0,0.21
5415,0,-1,0,469,2,0.0,0,3,3,250,0,360.3,0,1.56
5416,0,-1,0,1870,3,0.333,0,1,1,840,1,771.16,0,0.59
5417,0,-1,0,147,3,0.333,0,3,3,410,1,837.42,0,7.45
5418,0,-1,0,1758,1,0.0,0,1,3,840,1,361.13,0,0.21
5419,0,-1,0,1747,3,0.0,0,1,1,840,1,567.52,0,0.63
5420,0,-1,0,1552,5,0.2,0,1,1,76,0,1182.65,0,1.18
5421,0,-1,0,985,1,0.0,0,1,3,156,0,289.34,0,0.37
5422,0,-1,0,1096,1,1.0,0,1,1,36,1,1316.61,0,0.33
5423,0,-1,0,317,4,0.25,0,3,3,36,1,407.92,0,4.61
5424,0,-1,0,1171,1,0.0,0,1,1,276,1,279.34,0,0.31
5425,0,-1,0,29,1,0.0,0,1,2,380,0,260.09,0,12.59
5426,0,-1,0,898,1,0.0,0,2,4,156,0,986.26,0,0.41
5427,0,-1,0,1004,2,0.0,0,1,2,840,1,186.94,0,0.73
5428,0,-1,0,1130,4,0.0,0,1,3,250,1,1381.44,0,1.29
5429,0,-1,0,8,3,0.333,0,1,2,156,1,218.95,0,50
5430,0,-1,0,1162,2,0.0,0,1,3,840,0,228.71,0,0.63
5431,0,-1,0,1917,6,0.167,0,1,1,156,0,324.04,0,1.14
5432,0,-1,0,333,6,0.333,0,1,2,276,1,511.34,0,6.58
5433,0,-1,0,1,1,0.0,0,3,4,392,1,327.39,0,50
5434,0,-1,0,1041,3,0.0,0,3,5,124,0,357.13,0,1.05
5435,0,-1,0,1843,12,0.333,0,1,2,840,1,96.3,0,2.38
5436,0,-1,0,843,4,0.25,0,3,3,76,1,396.16,0,1.73
5437,0,-1,0,1328,4,0.0,0,1,1,840,0,493.34,0,1.1
5438,0,-1,0,883,2,0.0,0,1,1,392,1,291.88,0,0.83
5439,0,-1,0,1222,4,0.0,0,1,2,250,1,958.6,0,1.19
5440,0,-1,0,1691,10,0.2,0,1,3,356,1,907.96,0,2.16
5441,0,-1,0,455,1,0.0,0,3,5,528,1,172.26,0,0.8
5442,0,-1,0,1309,1,0.0,0,1,3,276,0,566.87,0,0.28
5443,0,-1,0,787,8,0.375,0,2,3,276,1,883.06,0,3.71
5444,0,-1,0,717,4,0.5,0,3,5,840,0,584.06,0,2.04
5445,0,-1,0,240,5,0.0,0,1,1,156,1,414.77,0,7.6
5446,0,-1,0,21,2,0.0,0,1,3,840,1,577.17,0,34.76
5447,0,-1,0,721,2,0.5,0,1,3,156,0,418.18,0,1.01
5448,0,-1,0,554,6,0.167,0,1,3,840,1,703.08,0,3.95
5449,0,-1,0,636,3,0.0,0,3,4,76,0,384.17,0,1.72
5450,0,-1,0,812,7,0.0,0,1,1,840,1,710.67,0,3.15
5451,0,-1,0,945,4,0.0,0,1,1,840,1,1120.08,0,1.54
5452,0,-1,0,1873,1,0.0,0,2,3,840,1,368.36,0,0.19
5453,0,-1,0,846,3,0.333,0,2,2,840,1,916.11,0,1.29
5454,0,-1,0,299,6,0.167,0,1,1,276,1,634.87,0,7.32
5455,0,-1,0,1300,3,0.333,0,1,2,840,0,149.0,0,0.84
5456,0,-1,0,1994,2,0.0,0,3,4,276,1,725.79,0,0.37
5457,0,-1,0,369,2,0.5,0,1,2,156,1,353.4,0,1.98
5458,0,-1,0,1407,1,0.0,0,2,3,156,1,346.21,0,0.26
5459,0,-1,0,1772,1,0.0,0,2,3,840,1,893.21,0,0.21
5460,0,-1,0,770,1,0.0,0,1,2,250,1,902.57,0,0.47
5461,0,-1,0,163,5,0.2,0,1,1,276,1,837.46,0,11.2
5462,0,-1,0,749,2,0.0,0,1,2,840,1,246.42,0,0.97
5463,0,-1,0,752,3,0.0,0,1,3,276,0,1336.36,0,1.46
5464,0,-1,0,28,4,0.0,0,3,3,250,1,201.82,0,50
5465,0,-1,0,1914,1,0.0,0,1,3,826,1,584.19,0,0.19
5466,0,-1,0,20,3,0.333,0,1,3,124,0,321.06,0,50
5467,0,-1,0,460,3,0.0,0,4,6,156,1,555.51,0,2.38
5468,0,-1,0,10,2,0.0,0,2,4,276,1,442.16,0,50
5469,0,-1,0,882,2,0.5,0,1,1,276,0,464.8,0,0.83
5470,0,-1,0,1302,6,0.167,0,2,3,276,1,582.35,0,1.68
5471,0,-1,0,1444,1,0.0,0,1,3,484,0,1218.97,0,0.25
5472,0,-1,0,342,3,0.0,0,2,3,484,1,2700.8,0,3.2
5473,0,-1,0,1330,2,0.0,0,1,3,840,0,141.3,0,0.55
5474,0,-1,0,1532,2,0.0,0,2,4,276,1,301.07,0,0.48
5475,0,-1,0,796,4,0.25,0,1,2,528,0,152.49,0,1.83
5476,0,-1,0,1073,2,1.0,0,1,1,76,0,1197.32,0,0.68
5477,0,-1,0,1921,4,0.25,0,1,1,528,0,255.74,0,0.76
5478,0,-1,0,1482,1,0.0,0,1,2,840,0,263.79,0,0.25
5479,0,-1,0,18,1,0.0,0,2,2,156,0,644.25,0,20.28
5480,0,-1,0,1509,1,0.0,0,1,2,484,0,633.71,0,0.24
5481,0,-1,0,26,3,0.0,0,1,2,840,1,263.46,0,42.12
5482,0,-1,0,1446,5,0.2,0,2,2,156,0,163.06,0,1.26
5483,0,-1,0,318,3,0.0,0,1,3,76,0,711.35,0,3.44
5484,0,-1,0,894,9,0.222,0,3,3,840,1,1872.02,0,3.67
5485,0,-1,0,1175,1,1.0,0,3,3,124,1,169.75,0,0.31
5486,0,-1,0,521,3,0.0,0,4,5,250,0,416.07,0,2.1
5487,0,-1,0,556,7,0.143,0,3,4,840,1,993.78,0,4.6
5488,0,-1,0,737,8,0.125,0,1,2,156,1,511.26,0,3.96
5489,0,-1,0,1706,4,0.0,0,4,4,250,1,755.54,0,0.86
5490,0,-1,0,1573,1,0.0,0,1,2,124,1,542.99,0,0.23
5491,0,-1,0,651,4,0.0,0,1,2,840,1,694.53,0,2.24
5492,0,-1,0,1437,4,0.25,0,1,3,36,0,533.86,0,1.02
5493,0,-1,0,612,5,0.0,0,1,2,124,1,203.48,0,2.98
5494,0,-1,0,1105,3,0.0,0,1,3,276,1,538.04,0,0.99
5495,0,-1,0,9,4,0.0,0,1,3,250,1,310.82,0,50
5496,0,-1,0,1908,5,0.2,0,1,2,528,0,182.06,0,0.96
5497,0,-1,0,1825,4,0.0,0,1,2,484,1,535.32,0,0.8
5498,0,-1,0,12,2,0.0,0,1,1,840,0,274.17,0,50
5499,0,-1,0,1641,2,0.0,0,1,1,392,1,197.72,0,0.44
5500,0,-1,0,1153,2,0.0,0,1,1,76,1,882.11,0,0.63
5501,0,-1,0,1879,1,0.0,0,2,3,156,1,905.2,0,0.19
5502,0,-1,0,1782,1,1.0,0,1,2,276,0,307.3,0,0.2
5503,0,-1,0,1332,2,0.5,0,2,2,156,1,658.45,0,0.55
5504,0,-1,0,27,2,0.5,0,2,3,156,0,664.8,0,27.04
5505,0,-1,0,1382,11,0.182,0,2,4,76,1,489.34,0,2.91
5506,0,-1,0,1716,3,0.333,0,1,1,840,0,96.05,0,0.64
5507,0,-1,0,655,1,1.0,0,1,2,124,1,258.36,0,0.56
5508,0,-1,0,1917,3,0.0,0,3,5,840,1,289.63,0,0.57
5509,0,-1,0,49,2,0.0,0,2,4,410,1,114.84,0,14.9
5510,0,-1,0,1450,3,0.0,0,1,2,724,1,106.8,0,0.76
5511,0,-1,0,1954,7,0.286,0,1,2,276,1,647.36,0,1.31
5512,0,-1,0,8,1,0.0,0,4,4,76,1,666.92,0,45.62
5513,0,-1,0,1117,8,0.125,0,1,2,156,1,668.43,0,2.61
5514,0,-1,0,1941,3,0.333,0,1,2,356,1,210.14,0,0.56
5515,0,-1,0,1921,1,0.0,0,1,1,156,1,448.09,0,0.19
5516,0,-1,0,1659,2,0.0,0,1,2,156,1,460.04,0,0.44
5517,0,-1,0,316,1,0.0,0,1,3,156,0,452.36,0,1.16
5518,0,-1,0,800,2,0.0,0,2,3,356,1,182.19,0,0.91
5519,0,-1,0,57,3,0.333,0,1,2,276,1,192.65,0,19.21
5520,0,-1,0,1258,1,1.0,0,3,4,840,0,675.66,0,0.29
5521,0,-1,0,647,2,0.0,0,1,2,276,0,1501.7,0,1.13
5522,0,-1,0,1783,9,0.222,0,2,3,392,1,232.56,0,1.84
5523,0,-1,0,10,2,0.5,0,3,3,156,0,213.75,0,50
5524,0,-1,0,828,2,0.0,0,1,1,840,1,290.95,0,0.88
5525,0,-1,0,1298,7,0.286,0,1,1,276,1,747.33,0,1.97
5526,0,-1,0,1987,2,0.0,0,4,4,36,0,331.39,0,0.37
5527,0,-1,0,199,4,0.25,0,2,4,156,0,117.36,0,7.34
5528,0,-1,0,1491,4,0.0,0,2,3,840,0,191.5,0,0.98
5529,0,-1,0,1158,2,0.5,0,3,4,840,0,971.51,0,0.63
5530,0,-1,0,218,3,0.333,0,1,2,276,1,820.52,0,5.02
5531,0,-1,0,15,1,0.0,0,2,4,380,0,325.42,0,24.33
5532,0,-1,0,1745,1,0.0,0,2,3,840,0,284.12,0,0.21
5533,0,-1,0,5,2,0.5,0,1,1,156,1,224.71,0,50
5534,0,-1,0,19,3,0.0,0,2,3,156,0,328.07,0,50
5535,0,-1,0,862,6,0.0,0,1,2,840,0,455.96,0,2.54
5536,0,-1,0,53,1,1.0,0,1,2,840,1,172.63,0,6.89
5537,0,-1,0,1496,3,0.333,0,1,1,392,1,1410.81,0,0.73
5538,0,-1,0,962,2,0.0,0,1,2,484,1,595.09,0,0.76
5539,0,-1,0,742,10,0.1,0,1,3,826,1,689.38,0,4.92
5540,0,-1,0,1423,2,0.0,0,1,3,840,1,191.34,0,0.51
5541,0,-1,0,1682,2,0.0,0,1,1,380,1,1156.63,0,0.43
5542,0,-1,0,1003,3,0.333,0,2,3,276,1,460.04,0,1.09
5543,0,-1,0,1073,4,0.5,0,1,1,826,0,682.11,0,1.36
5544,0,-1,0,6,3,0.0,0,1,3,156,1,621.36,0,50
5545,0,-1,0,1197,3,0.0,0,1,1,276,0,1130.1,0,0.91
5546,0,-1,0,526,1,0.0,0,2,4,276,0,1009.57,0,0.69
5547,0,-1,0,1581,1,0.0,0,1,3,392,1,832.37,0,0.23
5548,0,-1,0,1588,9,0.222,0,1,3,76,1,813.19,0,2.07
5549,0,-1,0,395,1,0.0,0,1,3,826,0,832.82,0,0.92
5550,0,-1,0,1213,3,0.333,0,1,2,276,0,215.04,0,0.9
5551,0,-1,0,1617,3,0.0,0,4,5,76,1,833.23,0,0.68
5552,0,-1,0,3,2,0.5,0,1,3,276,1,527.41,0,50
5553,0,-1,0,1457,1,0.0,0,1,3,826,0,945.57,0,0.25
5554,0,-1,0,1259,1,0.0,0,2,3,840,1,419.95,0,0.29
5555,0,-1,0,540,1,0.0,0,2,2,250,0,456.89,0,0.68
5556,0,-1,0,6,4,0.5,0,1,3,250,0,212.15,0,50
5557,0,-1,0,529,1,1.0,0,1,2,826,1,96.02,0,0.69
5558,0,-1,0,1482,1,0.0,0,1,3,356,1,828.59,0,0.25
5559,0,-1,0,87,4,0.25,0,1,3,840,0,433.73,0,16.78
5560,0,-1,0,110,1,0.0,0,2,4,156,0,741.48,0,3.32
5561,0,-1,0,121,8,0.0,0,1,3,484,1,879.1,0,24.13
5562,0,-1,0,748,3,0.0,0,1,2,840,1,105.04,0,1.46
5563,0,-1,0,1742,4,0.25,0,1,3,276,1,430.45,0,0.84
5564,0,-1,0,288,1,0.0,0,2,4,156,1,351.14,0,1.27
5565,0,-1,0,28,3,0.333,0,1,1,410,1,349.2,0,39.11
5566,0,-1,0,480,3,0.0,0,1,2,528,1,393.23,0,2.28
5567,0,-1,0,6,4,0.0,0,1,2,840,0,246.56,0,50
5568,0,-1,0,16,8,0.25,0,1,1,250,1,1889.67,0,50
5569,0,-1,0,114,4,0.25,0,1,2,410,1,309.46,0,12.81
5570,0,-1,0,919,2,0.0,0,1,2,36,1,321.13,0,0.79
5571,0,-1,0,571,1,0.0,0,1,2,124,0,582.27,0,0.64
5572,0,-1,0,27,1,0.0,0,1,3,392,0,609.28,0,13.52
5573,0,-1,0,1814,1,0.0,0,1,2,276,0,208.91,0,0.2
5574,0,-1,0,1584,1,0.0,0,3,5,840,1,238.85,0,0.23
5575,0,-1,0,1247,3,0.0,0,1,1,124,0,226.69,0,0.88
5576,0,-1,0,1128,2,0.5,0,3,4,840,1,809.34,0,0.65
5577,0,-1,0,9,2,0.0,0,4,6,36,0,575.88,0,50
5578,0,-1,0,1127,1,1.0,0,2,3,410,0,154.99,0,0.32
5579,0,-1,0,1732,3,0.0,0,2,4,156,0,312.68,0,0.63
5580,0,-1,0,1521,8,0.0,0,2,4,156,1,574.2,0,1.92
5581,0,-1,0,1029,2,0.5,0,1,1,356,1,240.91,0,0.71
5582,0,-1,0,1187,3,0.0,0,2,2,840,1,713.56,0,0.92
5583,0,-1,0,1045,2,0.0,0,3,3,156,0,1023.26,0,0.7
5584,0,-1,0,881,3,0.333,0,1,3,156,0,212.51,0,1.24
5585,0,-1,0,307,4,0.25,0,1,2,250,1,176.33,0,4.76
5586,0,-1,0,628,2,0.5,0,1,1,410,1,111.23,0,1.16
5587,0,-1,0,1719,1,0.0,0,1,1,826,0,621.26,0,0.21
5588,0,-1,0,995,1,0.0,0,1,2,392,1,3086.74,0,0.37
5589,0,-1,0,1773,3,0.0,0,1,3,826,1,162.2,0,0.62
5590,0,-1,0,861,2,0.0,0,2,2,156,1,226.43,0,0.85
5591,0,-1,0,1761,2,0.5,0,1,3,76,1,430.36,0,0.41
5592,0,-1,0,1115,2,0.0,0,1,1,276,0,583.46,0,0.65
5593,0,-1,0,166,3,0.333,0,1,3,392,0,506.28,0,6.6
5594,0,-1,0,1671,5,0.2,0,1,2,840,0,1790.75,0,1.09
5595,0,-1,0,23,5,0.2,0,1,2,250,1,285.17,0,50
5596,0,-1,0,1711,3,0.333,0,2,4,156,1,301.02,0,0.64
5597,0,-1,0,93,2,0.0,0,2,2,840,1,975.27,0,7.85
5598,0,-1,0,1841,3,1.0,0,3,3,356,1,413.75,0,0.59
5599,0,-1,0,1905,2,0.0,0,2,4,156,1,363.14,0,0.38
5600,0,-1,0,1767,1,0.0,0,1,1,250,0,648.37,0,0.21
5601,0,-1,0,5,5,0.0,0,2,4,356,1,298.89,0,50
5602,0,-1,0,1940,2,0.0,0,1,2,124,0,217.54,0,0.38
5603,0,-1,0,18,3,0.333,0,1,3,840,0,1356.81,0,50
5604,0,-1,0,512,3,0.0,0,2,4,724,0,212.84,0,2.14
5605,0,-1,0,1976,1,0.0,0,2,3,826,1,376.95,0,0.18
5606,0,-1,0,575,4,0.0,0,1,3,250,1,266.08,0,2.54
5607,0,-1,0,20,3,0.333,0,1,2,724,0,325.59,0,50
5608,0,-1,0,723,4,0.5,0,2,2,276,1,620.41,0,2.02
5609,0,-1,0,339,1,0.0,0,3,4,826,0,643.02,0,1.08
5610,0,-1,0,1170,4,0.25,0,2,3,156,0,616.1,0,1.25
5611,0,-1,0,29,1,0.0,0,2,2,276,1,255.11,0,12.59
5612,0,-1,0,710,2,0.0,0,1,3,276,1,608.68,0,1.03
5613,0,-1,0,220,6,0.167,0,1,1,156,1,308.44,0,9.95
5614,0,-1,0,1095,1,0.0,0,1,1,76,1,944.39,0,0.33
5615,0,-1,0,10,1,0.0,0,1,3,156,0,777.05,0,36.5
5616,0,-1,0,9,2,0.0,0,1,3,840,1,324.88,0,50
5617,0,-1,0,1135,1,0.0,0,2,2,276,1,166.9,0,0.32
5618,0,-1,0,687,2,0.0,0,1,2,528,0,578.34,0,1.06
5619,0,-1,0,708,4,0.25,0,1,2,276,0,512.83,0,2.06
5620,0,-1,0,397,3,0.333,0,1,2,840,1,403.55,0,2.76
5621,0,-1,0,1751,4,0.0,0,2,3,276,0,675.86,0,0.83
5622,0,-1,0,90,1,0.0,0,1,3,392,1,1611.36,0,4.06
5623,0,-1,0,294,2,0.0,0,3,3,76,0,651.14,0,2.48
5624,0,-1,0,1640,1,0.0,0,1,1,156,1,277.86,0,0.22
5625,0,-1,0,697,2,0.0,0,3,3,124,0,1116.46,0,1.05
5626,0,-1,0,1676,2,0.5,0,2,4,156,1,371.88,0,0.44
5627,0,-1,0,1469,4,0.25,0,1,3,392,1,605.48,0,0.99
5628,0,-1,0,1466,1,0.0,0,1,1,250,0,407.57,0,0.25
5629,0,-1,0,1259,2,0.5,0,3,5,840,1,1236.47,0,0.58
5630,0,-1,0,1647,3,0.0,0,1,2,840,1,518.97,0,0.66
5631,0,-1,0,1963,1,0.0,0,1,3,276,0,1219.86,0,0.19
5632,0,-1,0,83,4,0.25,0,1,2,276,0,498.64,0,17.59
5633,0,-1,0,1437,1,0.0,0,1,1,840,1,469.22,0,0.25
5634,0,-1,0,215,1,0.0,0,1,1,380,1,485.24,0,1.7
5635,0,-1,0,1746,2,0.0,0,3,3,392,1,1130.58,0,0.42
5636,0,-1,0,102,2,0.0,0,2,4,410,1,210.2,0,7.16
5637,0,-1,0,1390,1,0.0,0,1,3,826,1,972.19,0,0.26
5638,0,-1,0,222,1,0.0,0,1,1,840,0,127.55,0,1.64
5639,0,-1,0,1849,3,0.0,0,3,5,380,1,307.35,0,0.59
5640,0,-1,0,301,1,0.0,0,2,2,76,1,402.35,0,1.21
5641,0,-1,0,1163,6,0.333,0,1,1,410,1,446.94,0,1.88
5642,0,-1,0,386,3,0.667,0,1,3,840,0,151.96,0,2.84
5643,0,-1,0,1016,4,0.25,0,1,2,724,0,232.46,0,1.44
5644,0,-1,0,23,1,0.0,0,1,1,826,0,172.15,0,15.87
5645,0,-1,0,450,2,0.0,0,1,2,410,1,431.78,0,1.62
5646,0,-1,0,1230,3,0.0,0,1,1,276,1,329.36,0,0.89
5647,0,-1,0,856,2,0.5,0,1,1,356,1,2632.14,0,0.85
5648,0,-1,0,885,1,0.0,0,2,4,826,0,427.33,0,0.41
5649,0,-1,0,1560,3,0.333,0,1,1,528,0,485.57,0,0.7
5650,0,-1,0,1225,2,0.0,0,2,4,124,0,260.08,0,0.6
5651,0,-1,0,633,1,1.0,0,1,2,840,1,582.95,0,0.58
5652,0,-1,0,1195,2,0.0,0,2,4,840,1,504.81,0,0.61
5653,0,-1,0,10,2,0.5,0,1,3,840,1,665.89,0,50
5654,0,-1,0,1451,1,0.0,0,2,3,840,1,413.11,0,0.25
5655,0,-1,0,86,1,0.0,0,1,3,250,1,1074.55,0,4.24
5656,0,-1,0,704,2,0.5,0,1,3,76,1,568.31,0,1.04
5657,0,-1,0,699,2,0.0,0,1,1,156,1,1217.66,0,1.04
5658,0,-1,0,1098,1,0.0,0,2,4,840,1,497.2,0,0.33
5659,0,-1,0,1627,3,0.333,0,1,3,156,0,579.29,0,0.67
5660,0,-1,0,8,1,0.0,0,1,2,276,1,506.68,0,45.62
5661,0,-1,0,1942,5,0.0,0,1,3,36,1,585.24,0,0.94
5662,0,-1,0,1268,2,0.0,0,2,3,356,1,1092.64,0,0.58
5663,0,-1,0,12,2,0.0,0,4,6,250,0,1072.84,0,50
5664,0,-1,0,6,5,0.0,0,2,4,250,1,1049.63,0,50
5665,0,-1,0,256,1,0.0,0,1,3,124,1,726.31,0,1.43
5666,0,-1,0,787,1,0.0,0,4,4,276,1,453.22,0,0.46
5667,0,-1,0,1328,4,0.25,0,4,6,840,1,384.97,0,1.1
5668,0,-1,0,1184,4,0.0,0,1,3,156,0,619.56,0,1.23
5669,0,-1,0,995,1,0.0,0,1,2,156,0,483.05,0,0.37
5670,0,-1,0,1783,2,0.5,0,1,2,724,1,169.9,0,0.41
5671,0,-1,0,1997,4,0.25,0,2,3,124,1,1101.61,0,0.73
5672,0,-1,0,417,3,0.333,0,1,3,484,1,146.69,0,2.63
5673,0,-1,0,786,3,0.333,0,1,2,156,0,1043.51,0,1.39
5674,0,-1,0,1214,1,0.0,0,1,2,36,1,190.5,0,0.3
5675,0,-1,0,865,2,0.0,0,2,2,380,0,292.86,0,0.84
5676,0,-1,0,1044,2,0.5,0,1,2,840,0,822.79,0,0.7
5677,0,-1,0,450,3,0.0,0,1,1,250,1,208.52,0,2.43
5678,0,-1,0,599,2,0.0,0,1,2,840,1,384.77,0,1.22
5679,0,-1,0,1636,6,0.333,0,2,4,840,0,307.88,0,1.34
5680,0,-1,0,18,2,0.0,0,1,2,156,0,380.12,0,40.56
5681,0,-1,0,1332,5,0.4,0,1,2,156,1,214.69,0,1.37
5682,0,-1,0,636,1,1.0,0,2,2,124,1,492.25,0,0.57
5683,0,-1,0,427,4,0.25,0,2,3,276,1,540.6,0,3.42
5684,0,-1,0,9,2,0.0,0,1,2,156,0,240.9,0,50
5685,0,-1,0,1448,5,0.0,0,1,2,156,1,251.52,0,1.26
5686,0,-1,0,1811,1,0.0,0,1,1,840,1,244.33,0,0.2
5687,0,-1,0,615,1,0.0,0,1,1,484,0,92.19,0,0.59
5688,0,-1,0,470,2,0.5,0,1,2,840,0,915.58,0,1.55
5689,0,-1,0,4,3,0.667,0,3,4,840,1,259.11,0,50
5690,0,-1,0,970,1,0.0,0,1,2,840,0,264.41,0,0.38
5691,0,-1,0,978,2,0.0,0,2,4,36,0,298.92,0,0.75
5692,0,-1,0,1030,3,0.333,0,2,3,840,1,234.04,0,1.06
5693,0,-1,0,1070,2,0.0,0,1,2,250,0,455.18,0,0.68
5694,0,-1,0,918,2,0.0,0,4,5,826,1,322.2,0,0.8
5695,0,-1,0,399,1,0.0,0,1,2,392,0,727.59,0,0.91
5696,0,-1,0,631,3,0.333,0,1,3,528,0,577.98,0,1.74
5697,0,-1,0,1933,1,0.0,0,2,4,276,0,1114.77,0,0.19
5698,0,-1,0,19,1,0.0,0,2,4,156,0,300.93,0,19.21
5699,0,-1,0,168,5,0.2,0,1,3,124,1,450.07,0,10.86
5700,0,-1,0,6,1,0.0,0,2,4,76,0,146.43,0,50
5701,0,-1,0,690,4,0.0,0,1,1,156,1,599.35,0,2.12
5702,0,-1,0,971,3,0.333,0,1,3,826,1,771.34,0,1.13
5703,0,-1,0,789,1,0.0,0,1,1,250,1,646.62,0,0.46
5704,0,-1,0,825,2,0.0,0,1,1,826,0,333.6,0,0.88
5705,0,-1,0,585,1,1.0,0,1,1,840,1,246.89,0,0.62
5706,0,-1,0,121,2,0.0,0,1,2,250,1,848.11,0,6.03
5707,0,-1,0,1573,2,0.0,0,2,2,36,0,533.38,0,0.46
5708,0,-1,0,1927,3,0.333,0,1,3,840,1,525.13,0,0.57
5709,0,-1,0,26,3,0.333,0,1,1,36,0,399.71,0,42.12
5710,0,-1,0,22,1,0.0,0,1,3,826,0,386.76,0,16.59
5711,0,-1,0,15,3,0.0,0,1,2,156,1,402.59,0,50
5712,0,-1,0,22,1,0.0,0,3,4,276,0,332.07,0,16.59
5713,0,-1,0,482,4,0.0,0,1,3,250,1,493.3,0,3.03
5714,0,-1,0,16,2,0.0,0,1,2,840,1,414.33,0,45.62
5715,0,-1,0,1814,1,1.0,0,2,2,124,0,342.43,0,0.2
5716,0,-1,0,1534,1,0.0,0,1,2,410,1,142.87,0,0.24
5717,0,-1,0,1080,2,0.0,0,2,3,826,1,461.02,0,0.68
5718,0,-1,0,1637,1,1.0,0,1,1,356,1,453.45,0,0.22
5719,0,-1,0,462,1,0.0,0,3,5,840,0,371.63,0,0.79
5720,0,-1,0,597,1,1.0,0,2,2,36,1,577.1,0,0.61
5721,0,-1,0,457,5,0.0,0,1,1,156,1,486.97,0,3.99
5722,0,-1,0,1306,2,1.0,0,1,2,380,0,213.15,0,0.56
5723,0,-1,0,1165,5,0.0,0,3,5,156,1,685.47,0,1.57
5724,0,-1,0,163,2,0.0,0,3,3,840,0,386.27,0,4.48
5725,0,-1,0,431,2,0.0,0,2,3,840,0,502.13,0,1.69
5726,0,-1,0,93,3,0.0,0,1,1,826,1,391.16,0,11.77
5727,0,-1,0,754,1,0.0,0,1,1,484,1,534.21,0,0.48
5728,0,-1,0,720,2,0.0,0,1,2,528,0,867.32,0,1.01
5729,0,-1,0,28,1,0.0,0,3,4,156,1,514.29,0,13.04
5730,0,-1,0,851,2,0.0,0,2,2,528,1,639.31,0,0.86
5731,0,-1,0,133,1,0.0,0,1,2,840,1,804.19,0,2.74
5732,0,-1,0,18,2,0.5,0,1,3,840,0,201.52,0,40.56
5733,0,-1,0,1537,4,0.0,0,1,1,840,1,2126.2,0,0.95
5734,0,-1,0,1932,2,0.0,0,1,2,826,1,355.23,0,0.38
5735,0,-1,0,233,2,0.0,0,1,3,156,1,314.89,0,3.13
5736,0,-1,0,1691,3,0.0,0,2,2,276,0,2299.8,0,0.65
5737,0,-1,0,134,2,0.0,0,2,2,156,1,869.78,0,5.45
5738,0,-1,0,25,2,1.0,0,1,2,484,1,203.24,0,29.2
5739,0,-1,0,1720,1,0.0,0,2,3,124,0,1684.38,0,0.21
5740,0,-1,0,1800,1,0.0,0,2,3,840,1,232.59,0,0.2
5741,0,-1,0,6,4,0.0,0,1,3,250,0,384.4,0,50
5742,0,-1,0,1789,1,0.0,0,2,3,36,1,181.56,0,0.2
5743,0,-1,0,998,4,0.0,0,1,3,840,0,179.75,0,1.46
5744,0,-1,0,885,5,0.2,0,1,2,156,1,595.74,0,2.06
5745,0,-1,0,417,2,0.0,0,1,3,840,0,1233.84,0,1.75
5746,0,-1,0,25,1,1.0,0,3,4,156,1,819.68,0,14.6
5747,0,-1,0,1625,3,0.333,0,2,2,76,0,715.4,0,0.67
5748,0,-1,0,1263,1,0.0,0,1,2,156,0,359.49,0,0.29
5749,0,-1,0,1071,3,0.333,0,1,3,840,1,411.18,0,1.02
5750,0,-1,0,382,1,0.0,0,1,1,826,1,714.0,0,0.96
5751,0,-1,0,448,1,0.0,0,1,1,276,1,520.76,0,0.81
5752,0,-1,0,1130,7,0.143,0,3,3,276,1,67.67,0,2.26
5753,0,-1,0,659,3,0.0,0,1,1,276,0,120.67,0,1.66
5754,0,-1,0,1075,2,0.0,0,1,1,36,1,837.26,0,0.68
5755,0,-1,0,554,3,0.667,0,4,5,36,1,148.82,0,1.98
5756,0,-1,0,1329,1,0.0,0,1,3,410,0,204.22,0,0.27
5757,0,-1,0,8,2,0.5,0,2,3,276,1,115.91,0,50
5758,0,-1,0,13,1,1.0,0,1,1,840,1,754.22,0,28.08
5759,0,-1,0,262,1,1.0,0,1,1,276,1,439.79,0,1.39
5760,0,-1,0,11,1,1.0,0,1,3,724,1,208.92,0,33.18
5761,0,-1,0,1177,2,0.0,0,2,3,156,0,768.34,0,0.62
5762,0,-1,0,26,1,0.0,0,1,2,840,1,206.6,0,14.04
5763,0,-1,0,1941,2,0.0,0,2,4,250,0,483.32,0,0.38
5764,0,-1,0,1623,1,0.0,0,4,5,484,1,215.47,0,0.22
5765,0,-1,0,1933,1,0.0,0,3,4,392,0,227.23,0,0.19
5766,0,-1,0,422,1,0.0,0,2,3,356,0,190.58,0,0.86
5767,0,-1,0,2,1,0.0,0,4,4,124,1,473.05,0,50
5768,0,-1,0,299,2,0.0,0,1,1,276,1,423.87,0,2.44
5769,0,-1,0,1423,3,0.0,0,3,4,840,1,1047.45,0,0.77
5770,0,-1,0,533,2,0.0,0,2,3,356,0,397.65,0,1.37
5771,0,-1,0,370,1,1.0,0,1,2,840,0,806.28,0,0.99
5772,0,-1,0,604,3,0.333,0,1,2,250,0,477.71,0,1.81
5773,0,-1,0,603,1,1.0,0,1,2,826,1,3382.64,0,0.61
5774,0,-1,0,1761,2,0.5,0,1,1,840,0,316.95,0,0.41
5775,0,-1,0,688,6,0.0,0,2,3,276,1,842.09,0,3.18
5776,0,-1,0,281,7,0.429,0,1,1,410,1,414.41,0,9.09
5777,0,-1,0,1515,6,0.167,0,1,2,356,0,1063.26,0,1.45
5778,0,-1,0,1533,4,0.25,0,2,2,840,0,812.22,0,0.95
5779,0,-1,0,1489,3,0.0,0,2,4,826,1,1264.92,0,0.74
5780,0,-1,0,176,2,0.0,0,1,2,826,1,78.23,0,4.15
5781,0,-1,0,337,10,0.3,0,3,4,276,1,874.55,0,10.83
5782,0,-1,0,9,4,0.0,0,4,5,840,0,1170.55,0,50
5783,0,-1,0,646,1,1.0,0,1,1,250,1,572.33,0,0.57
5784,0,-1,0,25,5,0.0,0,1,3,724,1,511.29,0,50
5785,0,-1,0,1046,3,0.0,0,1,3,36,0,637.6,0,1.05
5786,0,-1,0,913,2,0.0,0,1,1,380,1,266.01,0,0.8
5787,0,-1,0,1706,4,0.25,0,1,3,484,0,876.34,0,0.86
5788,0,-1,0,186,2,0.5,0,1,3,528,0,545.76,0,3.92
5789,0,-1,0,1871,3,0.333,0,1,3,484,0,620.57,0,0.59
5790,0,-1,0,471,1,0.0,0,1,1,840,0,231.61,0,0.77
5791,0,-1,0,1138,2,0.5,0,1,2,276,1,341.61,0,0.64
5792,0,-1,0,1137,1,0.0,0,2,2,826,1,1614.43,0,0.32
5793,0,-1,0,224,1,0.0,0,2,3,156,1,156.02,0,1.63
5794,0,-1,0,1122,1,0.0,0,3,3,840,0,356.42,0,0.33
5795,0,-1,0,378,6,0.0,0,1,1,840,1,818.04,0,5.79
5796,0,-1,0,1619,3,0.667,0,2,4,250,1,383.99,0,0.68
5797,0,-1,0,184,1,1.0,0,1,2,840,0,290.51,0,1.98
5798,0,-1,0,332,7,0.143,0,1,2,36,1,93.49,0,7.7
5799,0,-1,0,1852,3,0.333,0,1,1,124,1,549.41,0,0.59
5800,0,-1,0,1551,1,0.0,0,1,3,356,1,421.59,0,0.24
5801,0,-1,0,807,4,0.5,0,2,4,250,0,320.74,0,1.81
5802,0,-1,0,1119,5,0.2,0,1,1,484,0,211.19,0,1.63
5803,0,-1,0,25,4,0.5,0,1,2,840,0,973.57,0,50
5804,0,-1,0,203,1,0.0,0,1,3,840,1,478.05,0,1.8
5805,0,-1,0,1329,3,0.0,0,4,4,410,1,1122.45,0,0.82
5806,0,-1,0,633,1,0.0,0,1,3,76,0,1018.01,0,0.58
5807,0,-1,0,582,3,0.0,0,1,3,156,1,780.15,0,1.88
5808,0,-1,0,619,2,0.5,0,1,3,276,0,159.42,0,1.18
5809,0,-1,0,27,2,0.0,0,1,2,840,1,591.83,0,27.04
5810,0,-1,0,650,4,0.0,0,1,3,840,1,835.85,0,2.25
5811,0,-1,0,1139,1,0.0,0,1,2,156,0,353.01,0,0.32
5812,0,-1,0,1970,1,0.0,0,1,1,156,1,622.72,0,0.19
5813,0,-1,0,1508,2,0.0,0,3,4,250,0,77.75,0,0.48
5814,0,-1,0,481,4,0.25,0,1,1,356,0,477.2,0,3.04
5815,0,-1,0,1581,1,0.0,0,2,2,276,0,265.11,0,0.23
5816,0,-1,0,1921,1,0.0,0,1,3,156,0,152.22,0,0.19
5817,0,-1,0,1718,2,0.0,0,2,2,840,1,210.79,0,0.42
5818,0,-1,0,16,2,0.0,0,2,2,124,1,386.47,0,45.62
5819,0,-1,0,519,3,0.333,0,1,2,826,0,220.51,0,2.11
5820,0,-1,0,205,4,0.0,0,1,1,392,1,687.68,0,7.12
5821,0,-1,0,285,1,0.0,0,2,2,826,1,376.64,0,1.28
5822,0,-1,0,668,1,0.0,0,1,3,410,0,280.94,0,0.55
5823,0,-1,0,607,2,0.5,0,1,2,156,1,290.04,0,1.2
5824,0,-1,0,47,3,0.333,0,1,2,76,1,321.79,0,23.3
5825,0,-1,0,1225,4,0.0,0,1,1,840,0,367.93,0,1.19
5826,0,-1,0,299,1,0.0,0,1,1,392,1,534.14,0,1.22
5827,0,-1,0,19,5,0.4,0,2,3,840,0,543.52,0,50
5828,0,-1,0,1907,1,0.0,0,1,2,484,1,618.32,0,0.19
5829,0,-1,0,443,1,1.0,0,2,3,250,1,222.88,0,0.82
5830,0,-1,0,1792,2,0.5,0,1,2,76,0,661.52,0,0.41
5831,0,-1,0,1314,3,0.0,0,1,2,124,0,383.97,0,0.83
5832,0,-1,0,907,3,0.0,0,4,4,156,1,815.15,0,1.21
5833,0,-1,0,10,2,0.0,0,1,2,36,0,423.71,0,50
5834,0,-1,0,1140,4,0.0,0,1,2,528,0,1962.58,0,1.28
5835,0,-1,0,516,2,0.0,0,2,2,124,0,424.2,0,1.41
5836,0,-1,0,900,1,0.0,0,2,2,410,0,201.19,0,0.41
5837,0,-1,0,836,2,0.0,0,1,1,156,1,286.74,0,0.87
5838,0,-1,0,1179,1,1.0,0,2,3,380,1,1355.03,0,0.31
5839,0,-1,0,1080,4,0.0,0,1,2,124,0,304.89,0,1.35
5840,0,-1,0,761,1,0.0,0,2,2,76,1,799.39,0,0.48
5841,0,-1,0,1060,2,0.0,0,1,1,36,1,696.1,0,0.69
5842,0,-1,0,1534,2,0.0,0,1,1,826,1,532.14,0,0.48
5843,0,-1,0,856,1,0.0,0,1,3,410,1,353.79,0,0.43
5844,0,-1,0,1855,1,0.0,0,1,3,392,1,434.97,0,0.2
5845,0,-1,0,21,3,0.0,0,1,3,76,1,524.84,0,50
5846,0,-1,0,494,5,0.0,0,1,2,724,1,494.55,0,3.69
5847,0,-1,0,27,5,0.4,0,1,1,276,1,470.86,0,50
5848,0,-1,0,4,1,1.0,0,1,1,124,1,980.95,0,50
5849,0,-1,0,1344,5,0.8,0,1,3,156,1,202.16,0,1.36
5850,0,-1,0,19,5,0.2,0,1,1,76,1,367.91,0,50
5851,0,-1,0,1080,3,0.0,0,2,4,156,1,337.5,0,1.01
5852,0,-1,0,1919,1,0.0,0,3,3,826,0,269.23,0,0.19
5853,0,-1,0,1861,2,0.5,0,4,6,156,0,155.66,0,0.39
5854,0,-1,0,688,1,1.0,0,1,1,840,1,1460.17,0,0.53
5855,0,-1,0,29,2,0.0,0,1,2,392,0,295.1,0,25.17
5856,0,-1,0,1330,3,0.0,0,1,3,250,0,507.71,0,0.82
5857,0,-1,0,530,1,1.0,0,3,3,840,1,622.62,0,0.69
5858,0,-1,0,1663,3,0.333,0,2,2,826,1,591.18,0,0.66
5859,0,-1,0,55,1,0.0,0,1,2,724,1,110.97,0,6.64
5860,0,-1,0,424,2,0.0,0,1,2,356,0,888.72,0,1.72
5861,0,-1,0,9,7,0.0,0,2,3,356,1,173.15,0,50
5862,0,-1,0,1415,5,0.2,0,3,5,528,0,683.17,0,1.29
5863,0,-1,0,21,2,0.5,0,4,4,276,1,234.94,0,34.76
5864,0,-1,0,1654,3,0.333,0,1,1,356,1,1186.57,0,0.66
5865,0,-1,0,990,4,0.0,0,2,4,724,0,460.98,0,1.47
5866,0,-1,0,1185,8,0.25,0,1,3,392,1,242.02,0,2.46
5867,0,-1,0,683,3,0.333,0,1,2,840,0,1439.55,0,1.6
5868,0,-1,0,1678,4,0.0,0,1,1,528,1,145.16,0,0.87
5869,0,-1,0,42,4,0.25,0,3,3,484,1,388.28,0,34.76
5870,0,-1,0,1537,2,0.0,0,2,2,528,0,162.43,0,0.47
5871,0,-1,0,21,2,0.0,0,1,2,840,0,384.04,0,34.76
5872,0,-1,0,1087,1,0.0,0,1,1,392,0,1204.46,0,0.34
5873,0,-1,0,973,2,0.5,0,1,1,156,1,740.25,0,0.75
5874,0,-1,0,595,1,0.0,0,1,1,276,0,187.31,0,0.61
5875,0,-1,0,27,2,0.0,0,2,2,826,0,155.33,0,27.04
5876,0,-1,0,1293,1,0.0,0,1,1,36,1,792.19,0,0.28
5877,0,-1,0,104,7,0.286,0,2,3,840,1,223.26,0,24.57
5878,0,-1,0,597,3,0.0,0,3,4,156,1,390.82,0,1.83
5879,0,-1,0,710,1,0.0,0,3,4,484,1,667.55,0,0.51
5880,0,-1,0,859,1,0.0,0,1,3,156,1,420.3,0,0.42
5881,0,-1,0,3,2,0.0,0,1,3,826,1,212.43,0,50
5882,0,-1,0,351,6,0.167,0,1,1,356,1,1711.76,0,6.24
5883,0,-1,0,990,1,0.0,0,2,4,250,0,352.3,0,0.37
5884,0,-1,0,1372,1,1.0,0,1,3,124,0,64.11,0,0.27
5885,0,-1,0,598,3,0.0,0,1,1,840,0,575.81,0,1.83
5886,0,-1,0,464,1,1.0,0,1,3,276,1,475.37,0,0.79
5887,0,-1,0,1279,5,0.2,0,1,3,484,1,518.18,0,1.43
5888,0,-1,0,783,1,0.0,0,3,5,156,1,1071.89,0,0.47
5889,0,-1,0,626,2,0.0,0,3,4,276,0,145.72,0,1.17
5890,0,-1,0,15,1,0.0,0,1,1,840,1,381.51,0,24.33
5891,0,-1,0,410,3,0.0,0,2,2,392,0,310.1,0,2.67
5892,0,-1,0,1724,3,0.0,0,3,4,250,1,622.54,0,0.64
5893,0,-1,0,1746,1,0.0,0,3,4,156,1,690.59,0,0.21
5894,0,-1,0,824,3,0.0,0,1,2,840,1,290.32,0,1.33
5895,0,-1,0,1252,2,0.0,0,1,2,156,1,551.7,0,0.58
5896,0,-1,0,2,2,0.0,0,2,4,826,1,467.53,0,50
5897,0,-1,0,381,1,0.0,0,1,1,840,0,840.2,0,0.96
5898,0,-1,0,1761,1,0.0,0,1,2,156,1,1006.87,0,0.21
5899,0,-1,0,1160,3,0.0,0,1,3,840,0,199.84,0,0.94
5900,0,-1,0,471,1,0.0,0,1,1,840,0,983.54,0,0.77
5901,0,-1,0,385,4,0.25,0,2,2,276,1,257.53,0,3.79
5902,0,-1,0,673,1,0.0,0,1,1,156,0,1003.76,0,0.54
5903,0,-1,0,787,2,0.5,0,2,2,840,0,1202.11,0,0.93
5904,0,-1,0,1806,6,0.0,0,2,4,156,0,510.68,0,1.21
5905,0,-1,0,1834,1,0.0,0,1,2,276,1,978.82,0,0.2
5906,0,-1,0,796,2,0.0,0,1,2,76,0,665.78,0,0.92
5907,0,-1,0,552,2,0.5,0,1,1,276,0,296.09,0,1.32
5908,0,-1,0,151,3,0.0,0,1,1,840,0,1196.95,0,7.25
5909,0,-1,0,761,4,0.0,0,1,1,36,1,378.07,0,1.92
5910,0,-1,0,262,9,0.444,0,3,5,410,1,817.55,0,12.54
5911,0,-1,0,81,2,0.0,0,1,1,276,1,245.88,0,9.01
5912,0,-1,0,157,1,0.0,0,2,2,840,1,295.3,0,2.32
5913,0,-1,0,755,5,0.2,0,1,2,156,1,134.7,0,2.42
5914,0,-1,0,215,5,0.2,0,1,2,276,1,398.57,0,8.49
5915,0,-1,0,523,4,0.0,0,1,2,724,0,724.63,0,2.79
5916,0,-1,0,315,2,0.5,0,1,3,356,0,707.51,0,2.32
5917,0,-1,0,1072,5,0.0,0,1,3,392,1,320.63,0,1.7
5918,0,-1,0,1527,3,0.333,0,1,3,840,1,355.13,0,0.72
5919,0,-1,0,1250,3,0.0,0,3,3,124,0,597.49,0,0.88
5920,0,-1,0,15,1,0.0,0,3,3,840,1,1612.89,0,24.33
5921,0,-1,0,1256,1,0.0,0,2,2,36,1,320.01,0,0.29
5922,0,-1,0,710,3,0.0,0,1,2,826,1,807.36,0,1.54
5923,0,-1,0,173,14,0.357,0,1,1,840,1,539.28,0,29.54
5924,0,-1,0,1636,2,0.0,0,1,2,840,0,145.0,0,0.45
5925,0,-1,0,6,1,0.0,0,4,6,484,0,604.69,0,50
5926,0,-1,0,474,3,0.333,0,1,1,156,1,323.69,0,2.31
5927,0,-1,0,1422,3,0.0,0,1,1,156,0,1238.89,0,0.77
5928,0,-1,0,1977,3,0.333,0,4,6,250,1,1207.93,0,0.55
5929,0,-1,0,1442,1,0.0,0,1,3,156,0,514.43,0,0.25
5930,0,-1,0,930,2,0.0,0,1,3,156,0,496.29,0,0.78
5931,0,-1,0,1,1,0.0,0,2,3,840,0,421.58,0,50
5932,0,-1,0,9,2,0.0,0,1,1,826,1,223.95,0,50
5933,0,-1,0,29,1,0.0,0,1,2,724,0,389.7,0,12.59
5934,0,-1,0,29,3,0.333,0,3,3,124,0,422.31,0,37.76
5935,0,-1,0,284,2,0.0,0,1,1,156,0,168.88,0,2.57
5936,0,-1,0,903,1,0.0,0,1,1,276,0,898.58,0,0.4
5937,0,-1,0,1925,1,0.0,0,2,3,250,0,547.02,0,0.19
5938,0,-1,0,802,3,0.667,0,2,3,356,0,1104.55,0,1.37
5939,0,-1,0,265,2,0.0,0,3,4,410,0,513.13,0,2.75
5940,0,-1,0,1776,1,0.0,0,3,3,276,0,500.27,0,0.21
5941,0,-1,0,15,2,0.5,0,2,3,392,0,1163.07,0,48.67
5942,0,-1,0,1365,3,0.0,0,2,2,250,0,504.63,0,0.8
5943,0,-1,0,358,2,0.5,0,1,1,826,1,448.04,0,2.04
5944,0,-1,0,1388,1,0.0,0,1,3,156,1,612.85,0,0.26
5945,0,-1,0,466,1,0.0,0,3,5,356,1,698.68,0,0.78
5946,0,-1,0,1564,2,0.5,0,4,6,840,1,137.98,0,0.47
5947,0,-1,0,1754,2,0.0,0,1,1,380,0,160.07,0,0.42
5948,0,-1,0,1743,2,0.5,0,1,1,840,1,154.62,0,0.42
5949,0,-1,0,937,1,0.0,0,1,1,528,0,441.74,0,0.39
5950,0,-1,0,1501,8,0.5,0,3,3,276,1,905.06,0,1.95
5951,0,-1,0,942,1,0.0,0,2,4,840,1,588.55,0,0.39
5952,0,-1,0,139,1,1.0,0,1,3,276,1,903.98,0,2.63
5953,0,-1,0,1972,3,0.0,0,1,2,840,1,252.83,0,0.56
5954,0,-1,0,362,1,0.0,0,1,3,156,1,245.68,0,1.01
5955,0,-1,0,1407,1,0.0,0,2,3,156,1,154.93,0,0.26
5956,0,-1,0,1572,2,0.0,0,1,2,840,1,319.73,0,0.46
5957,0,-1,0,1574,1,0.0,0,1,2,840,1,137.62,0,0.23
5958,0,-1,0,1781,3,0.333,0,1,3,380,1,880.63,0,0.61
5959,0,-1,0,170,1,0.0,0,3,3,392,1,1223.37,0,2.15
5960,0,-1,0,41,2,0.5,0,1,3,156,0,112.47,0,17.8
5961,0,-1,0,1415,1,0.0,0,2,2,250,0,239.45,0,0.26
5962,0,-1,0,1176,1,0.0,0,1,2,724,0,374.49,0,0.31
5963,0,-1,0,7,3,0.0,0,1,1,276,1,598.76,0,50
5964,0,-1,0,868,3,0.333,0,1,3,484,0,1143.79,0,1.26
5965,0,-1,0,8,3,0.333,0,1,2,276,1,1815.99,0,50
5966,0,-1,0,22,3,0.0,0,1,3,124,0,867.15,0,49.77
5967,0,-1,0,12,1,0.0,0,1,3,826,1,452.09,0,30.42
5968,0,-1,0,795,2,0.5,0,2,3,528,1,157.97,0,0.92
5969,0,-1,0,1252,1,0.0,0,1,2,276,0,500.6,0,0.29
5970,0,-1,0,14,1,0.0,0,1,2,156,0,764.74,0,26.07
5971,0,-1,0,729,1,0.0,0,4,4,36,0,225.73,0,0.5
5972,0,-1,0,343,6,0.333,0,3,5,124,1,368.57,0,6.38
5973,0,-1,0,983,4,0.25,0,1,1,276,1,301.63,0,1.49
5974,0,-1,0,1450,2,0.0,0,1,2,840,0,972.19,0,0.5
5975,0,-1,0,29,7,0.429,0,1,1,840,0,170.53,0,50
5976,0,-1,0,1008,3,0.0,0,2,3,36,1,522.88,0,1.09
5977,0,-1,0,1899,3,0.333,0,1,1,76,0,352.09,0,0.58
5978,0,-1,0,6,1,0.0,0,1,2,36,1,182.96,0,50
5979,0,-1,0,1780,2,0.0,0,2,4,250,0,509.33,0,0.41
5980,0,-1,0,376,2,0.5,0,1,3,276,1,350.63,0,1.94
5981,0,-1,0,85,1,0.0,0,1,1,840,0,631.45,0,4.29
5982,0,-1,0,28,2,0.0,0,2,3,410,0,398.96,0,26.07
5983,0,-1,0,234,2,0.0,0,3,4,276,1,1160.16,0,3.12
5984,0,-1,0,1200,2,0.0,0,1,2,410,1,238.17,0,0.61
5985,0,-1,0,1050,1,0.0,0,2,4,356,0,338.26,0,0.35
5986,0,-1,0,1389,9,0.0,0,1,2,840,1,661.42,0,2.37
5987,0,-1,0,937,3,0.333,0,1,2,484,1,696.83,0,1.17
5988,0,-1,0,1377,4,0.0,0,4,6,840,1,488.16,0,1.06
5989,0,-1,0,1026,2,0.0,0,4,5,840,1,839.62,0,0.71
5990,0,-1,0,14,5,0.0,0,1,1,410,1,667.99,0,50
5991,0,-1,0,552,1,0.0,0,2,4,124,1,355.25,0,0.66
5992,0,-1,0,1255,2,0.0,0,1,3,356,1,148.1,0,0.58
5993,0,-1,0,281,9,0.111,0,1,3,840,1,1231.33,0,11.69
5994,0,-1,0,1935,1,0.0,0,1,2,124,1,793.91,0,0.19
5995,0,-1,0,1416,2,0.0,0,2,4,392,0,369.02,0,0.52
5996,0,-1,0,869,3,0.0,0,2,3,724,0,168.13,0,1.26
5997,0,-1,0,21,4,0.25,0,4,5,156,0,1122.81,0,50
5998,0,-1,0,1089,4,0.25,0,3,5,410,1,1596.4,0,1.34
5999,0,-1,0,489,1,0.0,0,1,1,840,1,801.2,0,0.75
6000,0,-1,0,1521,2,0.5,0,1,2,276,1,216.51,0,0.48
6001,0,-1,0,489,1,1.0,0,1,2,36,0,370.94,0,0.75
6002,0,-1,0,1723,6,0.167,0,1,2,276,1,322.17,0,1.27
6003,0,-1,0,62,3,0.0,0,2,4,840,1,415.1,0,17.66
6004,0,-1,0,1420,3,0.0,0,1,3,276,1,292.66,0,0.77
6005,0,-1,0,204,8,0.125,0,1,3,724,1,242.53,0,14.31
6006,0,-1,0,631,3,0.0,0,2,2,250,1,196.05,0,1.74
6007,0,-1,0,20,1,0.0,0,2,3,156,1,757.43,0,18.25
6008,0,-1,0,1845,3,0.0,0,1,1,826,1,180.92,0,0.59
6009,0,-1,0,186,2,0.0,0,1,1,276,1,204.65,0,3.92
6010,0,-1,0,85,5,0.0,0,3,4,156,1,312.56,0,21.47
6011,0,-1,0,1961,4,0.0,0,1,3,840,1,944.16,0,0.74
6012,0,-1,0,1465,1,0.0,0,2,4,840,0,758.41,0,0.25
6013,0,-1,0,1347,2,0.5,0,2,3,528,1,192.04,0,0.54
6014,0,-1,0,1622,1,0.0,0,2,2,76,0,637.35,0,0.23
6015,0,-1,0,1858,1,0.0,0,2,4,840,0,434.22,0,0.2
6016,0,-1,0,1075,1,0.0,0,2,3,276,1,66.69,0,0.34
6017,0,-1,0,216,4,0.25,0,1,1,276,1,150.63,0,6.76
6018,0,-1,0,1726,3,0.333,0,1,3,840,0,1469.51,0,0.63
6019,0,-1,0,1132,3,0.0,0,1,3,484,1,578.74,0,0.97
6020,0,-1,0,384,9,0.333,0,1,3,250,1,152.97,0,8.55
6021,0,-1,0,944,1,1.0,0,4,6,840,1,1163.64,0,0.39
6022,0,-1,0,891,5,0.2,0,1,1,36,1,385.87,0,2.05
6023,0,-1,0,25,5,0.2,0,4,4,156,1,340.59,0,50
6024,0,-1,0,1814,4,0.0,0,3,4,156,1,224.5,0,0.8
6025,0,-1,0,1698,6,0.0,0,1,2,356,1,453.02,0,1.29
6026,0,-1,0,1161,1,0.0,0,3,5,392,0,281.42,0,0.31
6027,0,-1,0,457,1,0.0,0,1,2,36,1,692.08,0,0.8
6028,0,-1,0,1226,1,0.0,0,1,1,276,1,2325.76,0,0.3
6029,0,-1,0,401,4,0.5,0,2,4,124,0,469.47,0,3.64
6030,0,-1,0,785,1,0.0,0,1,2,840,1,213.61,0,0.46
6031,0,-1,0,16,1,0.0,0,3,3,276,0,257.8,0,22.81
6032,0,-1,0,379,1,0.0,0,3,3,840,1,2006.4,0,0.96
6033,0,-1,0,1325,10,0.1,0,1,2,276,1,282.57,0,2.75
6034,0,-1,0,1214,1,1.0,0,2,2,124,0,328.49,0,0.3
6035,0,-1,0,633,1,0.0,0,1,2,76,1,934.78,0,0.58
6036,0,-1,0,20,2,0.0,0,2,4,276,1,149.45,0,36.5
6037,0,-1,0,254,10,0.2,0,3,4,724,1,190.33,0,14.37
6038,0,-1,0,804,6,0.833,0,2,3,124,1,803.02,0,2.72
6039,0,-1,0,1040,8,0.125,0,2,3,840,1,338.05,0,2.81
6040,0,-1,0,1924,4,0.5,0,3,4,840,1,325.65,0,0.76
6041,0,-1,0,25,3,0.0,0,1,1,124,1,168.88,0,43.8
6042,0,-1,0,1355,4,0.25,0,1,2,36,1,688.46,0,1.08
6043,0,-1,0,1265,1,0.0,0,4,4,840,1,194.38,0,0.29
6044,0,-1,0,1758,3,0.333,0,2,3,840,1,588.1,0,0.62
6045,0,-1,0,802,3,0.333,0,1,2,410,1,489.58,0,1.37
6046,0,-1,0,1932,2,0.5,0,1,3,840,1,654.65,0,0.38
6047,0,-1,0,225,1,0.0,0,1,1,250,1,514.46,0,1.62
6048,0,-1,0,1651,9,0.111,0,1,3,36,1,97.05,0,1.99
6049,0,-1,0,1942,2,0.0,0,1,1,484,0,1528.69,0,0.38
6050,0,-1,0,954,5,0.2,0,1,3,410,0,887.95,0,1.91
6051,0,-1,0,13,6,0.167,0,1,2,156,1,865.49,0,50
6052,0,-1,0,866,7,0.429,0,4,4,356,1,735.46,0,2.95
6053,0,-1,0,1680,1,0.0,0,1,1,380,1,670.31,0,0.22
6054,0,-1,0,351,2,0.0,0,1,1,276,1,910.98,0,2.08
6055,0,-1,0,405,7,0.429,0,1,3,840,1,448.58,0,6.31
6056,0,-1,0,23,2,0.5,0,1,1,840,0,505.06,0,31.74
6057,0,-1,0,2,1,0.0,0,1,3,826,0,263.63,0,50
6058,0,-1,0,934,1,0.0,0,4,6,392,0,1336.15,0,0.39
6059,0,-1,0,23,3,0.0,0,1,1,156,0,582.16,0,47.61
6060,0,-1,0,7,3,0.0,0,1,1,840,1,186.19,0,50
6061,0,-1,0,1269,3,0.0,0,4,6,392,1,293.06,0,0.86
6062,0,-1,0,661,1,1.0,0,1,2,724,1,410.85,0,0.55
6063,0,-1,0,745,10,0.3,0,1,3,250,1,466.63,0,4.9
6064,0,-1,0,1677,2,0.0,0,1,1,36,0,1036.39,0,0.44
6065,0,-1,0,1971,1,0.0,0,1,2,156,0,654.3,0,0.19
6066,0,-1,0,635,3,0.0,0,1,1,840,1,157.83,0,1.72
6067,0,-1,0,448,1,1.0,0,1,3,826,1,324.96,0,0.81
6068,0,-1,0,25,8,0.5,0,1,1,392,1,272.99,0,50
6069,0,-1,0,238,1,1.0,0,1,3,276,1,202.1,0,1.53
6070,0,-1,0,364,2,0.0,0,1,2,76,0,285.5,0,2.01
6071,0,-1,0,968,3,0.0,0,1,2,840,0,268.51,0,1.13
6072,0,-1,0,1748,2,0.5,0,1,3,250,1,332.46,0,0.42
6073,0,-1,0,26,1,0.0,0,2,2,410,1,163.98,0,14.04
6074,0,-1,0,408,1,0.0,0,1,2,724,1,404.67,0,0.89
6075,0,-1,0,136,2,0.0,0,1,2,156,1,381.44,0,5.37
6076,0,-1,0,287,1,1.0,0,1,3,840,1,73.42,0,1.27
6077,0,-1,0,1873,1,0.0,0,1,2,156,0,703.36,0,0.19
6078,0,-1,0,1696,4,0.0,0,3,4,250,1,80.96,0,0.86
6079,0,-1,0,1795,2,0.0,0,1,2,276,1,323.44,0,0.41
6080,0,-1,0,222,1,0.0,0,1,3,528,0,220.08,0,1.64
6081,0,-1,0,632,3,0.333,0,1,3,250,1,701.48,0,1.73
6082,0,-1,0,26,3,0.333,0,1,1,392,1,508.17,0,42.12
6083,0,-1,0,884,1,0.0,0,1,3,826,0,515.43,0,0.41
6084,0,-1,0,1351,1,0.0,0,3,5,826,1,104.03,0,0.27
6085,0,-1,0,404,3,0.0,0,1,3,276,0,188.81,0,2.71
6086,0,-1,0,319,4,0.5,0,1,2,124,1,1022.09,0,4.58
6087,0,-1,0,493,1,1.0,0,1,3,356,1,438.06,0,0.74
6088,0,-1,0,1712,5,0.0,0,1,1,356,0,579.57,0,1.07
6089,0,-1,0,1328,1,0.0,0,1,2,76,1,435.1,0,0.27
6090,0,-1,0,357,1,0.0,0,1,3,840,1,227.18,0,1.02
6091,0,-1,0,657,2,0.0,0,1,2,840,0,500.09,0,1.11
6092,0,-1,0,260,2,0.0,0,4,5,410,0,899.63,0,2.81
6093,0,-1,0,913,2,0.5,0,1,1,124,1,599.99,0,0.8
6094,0,-1,0,1570,1,0.0,0,1,3,276,0,535.49,0,0.23
6095,0,-1,0,16,2,0.0,0,3,3,826,1,314.66,0,45.62
6096,0,-1,0,225,2,0.0,0,3,4,276,1,222.29,0,3.24
6097,0,-1,0,1290,2,0.0,0,1,2,840,0,735.13,0,0.57
6098,0,-1,0,1733,1,0.0,0,1,2,156,0,284.83,0,0.21
6099,0,-1,0,611,1,1.0,0,1,3,724,1,468.1,0,0.6
6100,0,-1,0,378,6,0.167,0,2,2,276,0,182.93,0,5.79
6101,0,-1,0,1650,2,0.0,0,1,2,840,0,259.61,0,0.44
6102,0,-1,0,1543,3,0.0,0,2,2,380,1,297.67,0,0.71
6103,0,-1,0,5,3,0.0,0,1,3,724,0,277.39,0,50
6104,0,-1,0,20,2,0.0,0,2,3,76,0,789.36,0,36.5
6105,0,-1,0,649,1,0.0,0,1,1,826,0,190.43,0,0.56
6106,0,-1,0,439,5,0.4,0,1,3,840,0,246.05,0,4.16
6107,0,-1,0,1645,1,0.0,0,2,2,156,1,1918.02,0,0.22
6108,0,-1,0,7,3,0.667,0,2,4,76,0,350.43,0,50
6109,0,-1,0,1329,1,0.0,0,1,3,156,0,837.81,0,0.27
6110,0,-1,0,976,3,0.333,0,1,3,840,1,419.59,0,1.12
6111,0,-1,0,1765,3,0.0,0,2,4,276,1,464.66,0,0.62
6112,0,-1,0,1376,1,0.0,0,1,1,826,1,541.28,0,0.27
6113,0,-1,0,6,6,0.167,0,2,2,840,0,1088.97,0,50
6114,0,-1,0,583,2,0.0,0,2,3,124,0,189.96,0,1.25
6115,0,-1,0,1060,1,0.0,0,1,3,124,1,410.63,0,0.34
6116,0,-1,0,1206,9,0.111,0,1,3,528,1,1791.35,0,2.72
6117,0,-1,0,1769,2,0.0,0,2,4,840,0,394.36,0,0.41
6118,0,-1,0,1301,1,0.0,0,1,2,410,1,531.0,0,0.28
6119,0,-1,0,1131,2,0.0,0,1,2,250,1,833.88,0,0.65
6120,0,-1,0,929,1,0.0,0,1,2,124,1,215.78,0,0.39
6121,0,-1,0,12,2,0.0,0,1,3,410,1,239.9,0,50
6122,0,-1,0,781,4,0.0,0,1,3,276,1,569.49,0,1.87
6123,0,-1,0,713,1,0.0,0,1,2,276,0,893.25,0,0.51
6124,0,-1,0,32,1,0.0,0,1,3,124,1,305.25,0,11.41
6125,0,-1,0,2,8,0.125,0,1,1,528,0,906.8,0,50
6126,0,-1,0,1451,9,0.111,0,1,3,76,1,347.76,0,2.26
6127,0,-1,0,96,2,0.0,0,1,3,36,1,425.22,0,7.6
6128,0,-1,0,304,1,1.0,0,1,1,484,1,755.23,0,1.2
6129,0,-1,0,260,2,0.0,0,1,1,156,0,539.4,0,2.81
6130,0,-1,0,806,4,0.5,0,3,5,392,1,1024.04,0,1.81
6131,0,-1,0,347,5,0.0,0,1,1,156,0,544.07,0,5.26
6132,0,-1,0,1835,1,0.0,0,1,2,250,1,282.64,0,0.2
6133,0,-1,0,23,1,0.0,0,1,1,826,1,262.71,0,15.87
6134,0,-1,0,1561,3,0.0,0,2,3,250,0,332.95,0,0.7
6135,0,-1,0,1105,2,0.0,0,3,4,840,1,198.65,0,0.66
6136,0,-1,0,222,3,0.0,0,2,2,156,1,210.52,0,4.93
6137,0,-1,0,509,3,0.333,0,3,4,840,1,437.76,0,2.15
6138,0,-1,0,1644,2,0.5,0,1,2,826,1,2212.7,0,0.44
6139,0,-1,0,1910,7,0.0,0,1,3,724,1,904.77,0,1.34
6140,0,-1,0,25,1,1.0,0,2,2,380,1,228.74,0,14.6
6141,0,-1,0,35,6,0.167,0,1,2,840,1,539.05,0,50
6142,0,-1,0,83,2,0.0,0,3,3,76,1,338.98,0,8.8
6143,0,-1,0,1954,1,0.0,0,1,3,724,1,474.4,0,0.19
6144,0,-1,0,8,3,0.333,0,1,1,840,0,576.23,0,50
6145,0,-1,0,25,1,0.0,0,1,1,484,1,849.98,0,14.6
6146,0,-1,0,1021,3,0.0,0,1,1,156,0,287.39,0,1.07
6147,0,-1,0,1979,4,0.0,0,1,3,276,1,219.46,0,0.74
6148,0,-1,0,178,6,0.167,0,2,3,76,0,92.45,0,12.3
6149,0,-1,0,1446,6,0.333,0,1,3,528,0,197.57,0,1.51
6150,0,-1,0,1226,1,0.0,0,3,3,528,0,1191.13,0,0.3
6151,0,-1,0,1992,1,0.0,0,1,2,484,1,791.51,0,0.18
6152,0,-1,0,20,2,0.0,0,3,3,76,0,775.35,0,36.5
6153,0,-1,0,1970,6,0.167,0,3,3,826,1,337.48,0,1.11
6154,0,-1,0,1315,2,0.5,0,1,1,76,0,875.7,0,0.56
6155,0,-1,0,24,6,0.167,0,2,3,840,1,509.6,0,50
6156,0,-1,0,768,2,0.0,0,1,1,826,0,261.62,0,0.95
6157,0,-1,0,1004,1,0.0,0,1,1,276,1,982.72,0,0.36
6158,0,-1,0,604,4,0.0,0,1,3,392,1,1186.24,0,2.42
6159,0,-1,0,1548,3,0.333,0,1,2,76,1,478.65,0,0.71
6160,0,-1,0,221,2,0.5,0,3,5,156,1,285.04,0,3.3
6161,0,-1,0,499,1,0.0,0,1,1,392,1,350.87,0,0.73
6162,0,-1,0,1575,1,0.0,0,1,3,356,1,421.36,0,0.23
6163,0,-1,0,1,1,0.0,0,1,1,724,1,819.57,0,50
6164,0,-1,0,1868,3,0.333,0,1,3,484,0,362.89,0,0.59
6165,0,-1,0,1427,2,0.5,0,2,4,840,1,388.08,0,0.51
6166,0,-1,0,1102,2,0.0,0,1,3,250,0,357.65,0,0.66
6167,0,-1,0,1425,3,0.333,0,1,3,410,0,375.48,0,0.77
6168,0,-1,0,13,3,0.0,0,1,3,156,1,667.53,0,50
6169,0,-1,0,1748,1,0.0,0,4,6,392,0,364.63,0,0.21
6170,0,-1,0,1777,3,0.0,0,1,1,840,0,317.32,0,0.62
6171,0,-1,0,1133,2,0.0,0,2,2,276,0,375.84,0,0.64
6172,0,-1,0,1682,1,1.0,0,4,6,840,1,331.81,0,0.22
6173,0,-1,0,1881,3,0.0,0,1,1,840,1,360.69,0,0.58
6174,0,-1,0,1556,1,0.0,0,2,2,840,1,1389.08,0,0.23
6175,0,-1,0,150,1,0.0,0,2,3,156,1,483.07,0,2.43
6176,0,-1,0,1811,2,0.5,0,1,3,356,1,324.09,0,0.4
6177,0,-1,0,869,2,0.0,0,2,3,826,1,128.76,0,0.84
6178,0,-1,0,774,1,0.0,0,2,3,826,1,267.5,0,0.47
6179,0,-1,0,1611,2,0.0,0,4,4,826,1,323.14,0,0.45
6180,0,-1,0,1334,1,0.0,0,1,2,826,0,409.66,0,0.27
6181,0,-1,0,26,1,0.0,0,2,4,156,1,721.84,0,14.04
6182,0,-1,0,4,1,1.0,0,2,3,826,0,924.05,0,50
6183,0,-1,0,308,2,0.5,0,1,3,156,0,622.44,0,2.37
6184,0,-1,0,268,1,0.0,0,1,2,250,1,330.15,0,1.36
6185,0,-1,0,1191,1,0.0,0,2,3,840,0,470.72,0,0.31
6186,0,-1,0,9,2,0.0,0,1,1,826,0,460.82,0,50
6187,0,-1,0,19,2,0.0,0,1,2,276,1,420.23,0,38.42
6188,0,-1,0,130,6,0.167,0,1,3,840,1,1005.07,0,16.85
6189,0,-1,0,27,3,0.0,0,1,3,156,0,183.99,0,40.56
6190,0,-1,0,1318,3,0.0,0,3,5,840,1,416.28,0,0.83
6191,0,-1,0,13,1,0.0,0,2,3,36,1,111.03,0,28.08
6192,0,-1,0,1405,2,0.5,0,2,3,276,1,203.01,0,0.52
6193,0,-1,0,1418,7,0.0,0,1,3,250,1,103.89,0,1.8
6194,0,-1,0,1602,1,0.0,0,2,4,124,1,536.55,0,0.23
6195,0,-1,0,5,2,0.0,0,1,2,840,1,536.74,0,50
6196,0,-1,0,721,1,0.0,0,4,5,840,1,324.26,0,0.51
6197,0,-1,0,169,5,0.0,0,1,3,156,0,444.33,0,10.8
6198,0,-1,0,13,2,0.0,0,1,1,826,0,316.53,0,50
6199,0,-1,0,1175,2,0.5,0,1,3,826,1,409.28,0,0.62
6200,0,-1,0,1482,2,0.0,0,2,4,840,0,653.89,0,0.49
6201,0,-1,0,52,1,0.0,0,4,5,392,1,670.05,0,7.02
6202,0,-1,0,228,3,0.333,0,2,2,276,0,701.53,0,4.8
6203,0,-1,0,613,5,0.2,0,1,1,826,1,259.51,0,2.98
6204,0,-1,0,1415,2,0.0,0,3,5,356,0,342.09,0,0.52
6205,0,-1,0,8,1,0.0,0,1,2,156,0,569.42,0,45.62
6206,0,-1,0,1153,1,0.0,0,2,4,840,0,317.33,0,0.32
6207,0,-1,0,1671,9,0.111,0,4,4,840,1,469.9,0,1.97
6208,0,-1,0,907,1,1.0,0,2,2,826,1,458.3,0,0.4
6209,0,-1,0,1705,1,0.0,0,2,4,36,1,1050.96,0,0.21
6210,0,-1,0,2,1,0.0,0,1,3,840,1,252.28,0,50
6211,0,-1,0,311,9,0.111,0,2,2,156,1,1109.02,0,10.56
6212,0,-1,0,1651,4,0.25,0,3,4,380,1,682.81,0,0.88
6213,0,-1,0,2,3,0.0,0,1,3,250,1,2252.42,0,50
6214,0,-1,0,4,5,0.2,0,1,2,356,1,225.8,0,50
6215,0,-1,0,4,8,0.0,0,1,2,36,1,403.34,0,50
6216,0,-1,0,28,3,0.0,0,2,4,356,0,1394.73,0,39.11
6217,0,-1,0,728,3,0.0,0,4,6,156,0,430.08,0,1.5
6218,0,-1,0,997,3,0.0,0,2,4,250,0,324.98,0,1.1
6219,0,-1,0,1158,1,0.0,0,2,3,724,1,334.2,0,0.32
6220,0,-1,0,917,1,0.0,0,1,2,356,0,1561.69,0,0.4
6221,0,-1,0,671,1,0.0,0,1,3,156,1,1436.87,0,0.54
6222,0,-1,0,11,2,0.0,0,1,2,36,1,1419.08,0,50
6223,0,-1,0,67,2,0.0,0,1,3,840,1,361.36,0,10.9
6224,0,-1,0,1464,3,0.333,0,4,5,276,0,264.08,0,0.75
6225,0,-1,0,1393,2,0.0,0,1,1,840,1,608.39,0,0.52
6226,0,-1,0,19,3,0.0,0,1,2,392,0,977.95,0,50
6227,0,-1,0,6,6,0.5,0,2,3,826,0,188.77,0,50
6228,0,-1,0,517,3,0.0,0,3,4,76,0,188.03,0,2.12
6229,0,-1,0,678,2,0.5,0,1,2,250,1,620.85,0,1.08
6230,0,-1,0,765,4,0.25,0,1,1,250,0,541.07,0,1.91
6231,0,-1,0,1583,1,0.0,0,1,3,250,1,1834.59,0,0.23
6232,0,-1,0,885,5,0.0,0,1,3,484,1,172.94,0,2.06
6233,0,-1,0,1087,2,0.5,0,1,1,840,1,680.17,0,0.67
6234,0,-1,0,5,5,0.2,0,1,3,840,1,965.59,0,50
6235,0,-1,0,601,1,0.0,0,1,3,840,1,510.63,0,0.61
6236,0,-1,0,1763,3,0.333,0,1,3,528,0,426.35,0,0.62
6237,0,-1,0,1901,1,0.0,0,2,3,276,0,735.9,0,0.19
6238,0,-1,0,1520,1,1.0,0,1,1,276,0,641.23,0,0.24
6239,0,-1,0,1,2,1.0,0,1,3,840,1,141.58,0,50
6240,0,-1,0,656,3,0.0,0,1,2,156,0,258.87,0,1.67
6241,0,-1,0,106,4,0.25,0,2,2,840,1,472.39,0,13.77
6242,0,-1,0,501,11,0.273,0,1,1,826,1,545.12,0,8.01
6243,0,-1,0,10,1,1.0,0,1,2,276,0,680.92,0,36.5
6244,0,-1,0,487,2,0.0,0,2,2,156,0,796.7,0,1.5
6245,0,-1,0,1080,1,1.0,0,4,5,250,0,455.14,0,0.34
6246,0,-1,0,820,1,0.0,0,2,3,124,1,369.81,0,0.45
6247,0,-1,0,558,3,0.667,0,1,1,380,1,330.57,0,1.96
6248,0,-1,0,66,2,0.0,0,4,6,840,0,126.78,0,11.06
6249,0,-1,0,1326,1,0.0,0,1,3,840,0,231.98,0,0.28
6250,0,-1,0,320,1,0.0,0,1,1,276,1,317.54,0,1.14
6251,0,-1,0,1533,4,0.0,0,1,1,250,0,540.86,0,0.95
6252,0,-1,0,1734,2,0.0,0,1,3,484,1,100.4,0,0.42
6253,0,-1,0,629,5,0.4,0,2,3,250,0,775.83,0,2.9
6254,0,-1,0,800,2,0.0,0,2,2,356,1,612.99,0,0.91
6255,0,-1,0,1479,7,0.429,0,1,2,826,1,399.94,0,1.73
6256,0,-1,0,1999,2,0.0,0,1,2,276,0,541.3,0,0.37
6257,0,-1,0,1874,2,0.0,0,3,3,392,1,1276.82,0,0.39
6258,0,-1,0,1878,5,0.0,0,2,2,356,1,511.16,0,0.97
6259,0,-1,0,22,1,1.0,0,2,2,250,0,291.99,0,16.59
6260,0,-1,0,1116,5,0.2,0,1,3,156,0,276.95,0,1.64
6261,0,-1,0,1076,7,0.143,0,1,1,826,1,325.24,0,2.37
6262,0,-1,0,339,2,0.5,0,2,3,826,1,374.61,0,2.15
6263,0,-1,0,15,1,0.0,0,2,2,156,1,228.38,0,24.33
6264,0,-1,0,1395,1,0.0,0,1,1,156,0,234.6,0,0.26
6265,0,-1,0,1181,1,0.0,0,2,4,840,0,708.84,0,0.31
6266,0,-1,0,865,2,0.5,0,1,2,840,1,1403.02,0,0.84
6267,0,-1,0,1214,1,1.0,0,2,2,840,0,189.14,0,0.3
6268,0,-1,0,947,3,0.0,0,1,1,276,0,494.18,0,1.16
6269,0,-1,0,1954,3,0.667,0,2,4,392,0,398.22,0,0.56
6270,0,-1,0,535,1,0.0,0,2,2,826,0,622.44,0,0.68
6271,0,-1,0,514,6,0.0,0,4,5,392,1,208.09,0,4.26
6272,0,-1,0,499,4,0.25,0,1,3,410,1,475.16,0,2.93
6273,0,-1,0,13,4,0.0,0,3,4,156,0,1153.16,0,50
6274,0,-1,0,1479,2,0.0,0,1,3,36,1,2044.39,0,0.49
6275,0,-1,0,120,2,0.5,0,1,2,528,1,596.35,0,6.08
6276,0,-1,0,1793,5,0.0,0,2,2,410,1,484.74,0,1.02
6277,0,-1,0,451,4,0.0,0,1,2,276,1,1464.75,0,3.24
6278,0,-1,0,730,3,0.0,0,1,3,156,1,1142.99,0,1.5
6279,0,-1,0,10,8,0.25,0,1,1,840,1,3501.13,0,50
6280,0,-1,0,1905,1,0.0,0,1,1,410,1,262.08,0,0.19
6281,0,-1,0,178,6,0.0,0,3,5,250,1,1180.17,0,12.3
6282,0,-1,0,649,2,0.0,0,3,4,840,1,326.82,0,1.12
6283,0,-1,0,338,3,0.333,0,1,3,392,1,303.58,0,3.24
6284,0,-1,0,19,4,0.25,0,1,3,826,1,468.51,0,50
6285,0,-1,0,471,5,0.2,0,1,3,276,1,439.74,0,3.87
6286,0,-1,0,1727,1,0.0,0,2,3,840,1,174.02,0,0.21
6287,0,-1,0,394,1,0.0,0,1,3,156,0,305.98,0,0.93
6288,0,-1,0,668,1,0.0,0,1,1,826,0,363.62,0,0.55
6289,0,-1,0,551,3,0.0,0,1,1,840,0,537.15,0,1.99
6290,0,-1,0,898,2,0.0,0,1,2,124,1,494.85,0,0.81
6291,0,-1,0,1835,1,1.0,0,1,1,76,1,202.65,0,0.2
6292,0,-1,0,1644,5,0.2,0,3,3,840,1,449.63,0,1.11
6293,0,-1,0,810,2,0.5,0,2,4,276,0,308.64,0,0.9
6294,0,-1,0,2,3,0.0,0,1,3,156,0,1146.62,0,50
6295,0,-1,0,800,3,0.0,0,1,3,826,1,545.06,0,1.37
6296,0,-1,0,65,3,0.0,0,2,2,250,0,275.9,0,16.85
6297,0,-1,0,1821,1,0.0,0,3,4,156,1,315.47,0,0.2
6298,0,-1,0,284,8,0.375,0,2,3,840,1,715.3,0,10.28
6299,0,-1,0,554,1,0.0,0,1,2,380,1,92.83,0,0.66
6300,0,-1,0,1644,3,0.667,0,1,3,124,1,349.51,0,0.67
6301,0,-1,0,1536,3,0.0,0,2,3,840,0,268.68,0,0.71
6302,0,-1,0,1983,2,0.5,0,2,3,76,0,444.95,0,0.37
6303,0,-1,0,1471,1,0.0,0,1,3,250,0,276.88,0,0.25
6304,0,-1,0,1131,5,0.0,0,1,3,840,1,399.0,0,1.61
6305,0,-1,0,597,1,0.0,0,3,4,380,1,908.6,0,0.61
6306,0,-1,0,291,6,0.0,0,2,4,410,1,337.79,0,7.53
6307,0,-1,0,1284,2,0.0,0,1,1,276,1,652.78,0,0.57
6308,0,-1,0,1547,2,0.5,0,1,1,826,1,783.39,0,0.47
6309,0,-1,0,1433,4,0.5,0,3,4,840,0,70.55,0,1.02
6310,0,-1,0,235,3,0.333,0,1,1,840,1,192.03,0,4.66
6311,0,-1,0,471,2,0.0,0,1,2,724,1,365.97,0,1.55
6312,0,-1,0,13,2,0.0,0,1,2,840,1,477.45,0,50
6313,0,-1,0,725,11,0.273,0,2,3,276,1,1100.81,0,5.54
6314,0,-1,0,887,3,0.333,0,1,1,410,1,1044.43,0,1.23
6315,0,-1,0,2,1,0.0,0,1,3,840,0,604.9,0,50
6316,0,-1,0,59,2,0.0,0,2,2,840,1,430.92,0,12.37
6317,0,-1,0,1978,1,1.0,0,1,2,484,1,521.0,0,0.18
6318,0,-1,0,1028,1,0.0,0,2,4,156,0,232.95,0,0.36
6319,0,-1,0,876,1,0.0,0,2,4,36,0,264.51,0,0.42
6320,0,-1,0,636,3,0.333,0,3,5,276,1,163.26,0,1.72
6321,0,-1,0,1361,3,0.667,0,1,2,410,0,494.8,0,0.8
6322,0,-1,0,1688,4,0.0,0,3,3,380,1,104.47,0,0.86
6323,0,-1,0,1348,2,0.5,0,1,3,156,1,1439.33,0,0.54
6324,0,-1,0,245,2,0.5,0,3,4,410,0,505.56,0,2.98
6325,0,-1,0,217,3,0.0,0,1,3,826,0,2268.44,0,5.05
6326,0,-1,0,1401,1,0.0,0,4,6,276,1,334.7,0,0.26
6327,0,-1,0,332,1,0.0,0,2,3,826,0,508.25,0,1.1
6328,0,-1,0,1917,1,1.0,0,1,3,380,1,1389.44,0,0.19
6329,0,-1,0,1092,4,0.25,0,4,4,380,1,509.31,0,1.34
6330,0,-1,0,1744,4,0.0,0,1,3,36,1,453.73,0,0.84
6331,0,-1,0,1357,3,0.333,0,1,1,840,1,134.22,0,0.81
6332,0,-1,0,1082,2,0.0,0,1,1,276,1,2081.97,0,0.67
6333,0,-1,0,13,3,0.0,0,1,3,528,0,1097.77,0,50
6334,0,-1,0,14,4,0.5,0,1,3,76,1,1288.07,0,50
6335,0,-1,0,130,4,0.0,0,2,4,840,1,311.7,0,11.23
6336,0,-1,0,798,7,0.143,0,2,3,840,1,362.97,0,3.2
6337,0,-1,0,10,2,0.0,0,4,6,124,1,569.25,0,50
6338,0,-1,0,605,1,0.0,0,4,4,826,0,405.79,0,0.6
6339,0,-1,0,114,3,0.333,0,4,4,840,1,770.37,0,9.61
6340,0,-1,0,1013,3,0.333,0,3,3,356,1,369.27,0,1.08
6341,0,-1,0,1876,2,1.0,0,1,3,156,1,378.76,0,0.39
6342,0,-1,0,997,4,0.25,0,1,3,276,1,229.63,0,1.46
6343,0,-1,0,1054,2,0.5,0,1,2,156,0,193.37,0,0.69
6344,0,-1,0,97,1,1.0,0,2,2,392,1,1892.88,0,3.76
6345,0,-1,0,8,1,0.0,0,1,1,250,0,391.32,0,45.62
6346,0,-1,0,818,3,0.333,0,2,3,156,1,374.05,0,1.34
6347,0,-1,0,1753,1,0.0,0,1,3,380,1,395.0,0,0.21
6348,0,-1,0,730,3,0.0,0,3,3,124,1,388.98,0,1.5
6349,0,-1,0,1468,4,0.25,0,2,2,528,1,370.09,0,0.99
6350,0,-1,0,5,2,0.0,0,2,2,840,0,422.42,0,50
6351,0,-1,0,1554,7,0.0,0,3,4,76,1,915.89,0,1.64
6352,0,-1,0,934,3,0.0,0,1,3,76,0,46.03,0,1.17
6353,0,-1,0,89,1,0.0,0,1,3,528,0,901.42,0,4.1
6354,0,-1,0,1991,1,0.0,0,1,3,250,0,361.41,0,0.18
6355,0,-1,0,1610,2,1.0,0,1,3,528,0,162.12,0,0.45
6356,0,-1,0,736,2,0.0,0,1,3,410,0,1178.57,0,0.99
6357,0,-1,0,1261,2,0.5,0,1,3,156,1,1693.42,0,0.58
6358,0,-1,0,1009,10,0.3,0,2,3,250,1,298.09,0,3.62
6359,0,-1,0,1356,3,0.0,0,1,2,356,0,186.62,0,0.81
6360,0,-1,0,44,1,1.0,0,2,4,76,0,1110.56,0,8.3
6361,0,-1,0,656,8,0.125,0,2,4,156,1,876.74,0,4.45
6362,0,-1,0,1437,8,0.125,0,1,3,840,1,2855.85,0,2.03
6363,0,-1,0,364,4,0.25,0,1,3,156,0,172.65,0,4.01
6364,0,-1,0,132,4,0.25,0,2,3,840,0,117.23,0,11.06
6365,0,-1,0,483,4,0.25,0,1,1,826,1,726.09,0,3.02
6366,0,-1,0,7,4,0.5,0,1,1,156,1,362.17,0,50
6367,0,-1,0,1233,2,0.5,0,1,2,826,1,943.75,0,0.59
6368,0,-1,0,1598,2,0.0,0,1,3,840,0,204.95,0,0.46
6369,0,-1,0,1954,1,0.0,0,3,3,356,0,137.12,0,0.19
6370,0,-1,0,46,8,0.0,0,1,1,156,1,247.18,0,50
6371,0,-1,0,26,3,0.333,0,1,1,250,1,988.8,0,42.12
6372,0,-1,0,1995,3,0.333,0,1,2,826,1,977.96,0,0.55
6373,0,-1,0,55,2,0.0,0,1,3,840,0,988.83,0,13.27
6374,0,-1,0,132,5,0.2,0,1,1,840,0,1713.01,0,13.83
6375,0,-1,0,17,2,0.0,0,1,3,124,0,301.66,0,42.94
6376,0,-1,0,26,6,0.333,0,1,1,124,1,153.24,0,50
6377,0,-1,0,4,5,0.2,0,1,3,840,1,678.57,0,50
6378,0,-1,0,504,3,0.0,0,2,3,410,0,148.58,0,2.17
6379,0,-1,0,1491,2,0.0,0,1,1,840,1,1150.59,0,0.49
6380,0,-1,0,11,4,0.0,0,1,2,840,0,595.6,0,50
6381,0,-1,0,561,5,0.0,0,1,1,250,1,221.73,0,3.25
6382,0,-1,0,1866,7,0.143,0,2,3,826,1,556.54,0,1.37
6383,0,-1,0,318,1,0.0,0,1,1,276,1,1567.56,0,1.15
6384,0,-1,0,201,1,0.0,0,2,3,826,0,351.59,0,1.82
6385,0,-1,0,1063,1,0.0,0,1,3,392,0,431.79,0,0.34
6386,0,-1,0,764,3,0.0,0,2,2,826,1,257.09,0,1.43
6387,0,-1,0,386,3,0.0,0,1,2,76,1,691.71,0,2.84
6388,0,-1,0,1315,10,0.4,0,3,4,76,1,330.91,0,2.78
6389,0,-1,0,7,1,0.0,0,3,4,380,0,347.03,0,50
6390,0,-1,0,144,4,0.0,0,1,1,528,1,1654.96,0,10.14
6391,0,-1,0,890,3,0.0,0,2,4,392,0,389.41,0,1.23
6392,0,-1,0,962,1,0.0,0,1,2,840,0,433.48,0,0.38
6393,0,-1,0,1117,2,0.0,0,1,3,410,1,304.56,0,0.65
6394,0,-1,0,265,4,0.25,0,2,4,276,1,446.97,0,5.51
6395,0,-1,0,1752,1,0.0,0,1,2,276,1,169.11,0,0.21
6396,0,-1,0,1230,5,0.0,0,1,3,840,0,298.04,0,1.48
6397,0,-1,0,379,1,1.0,0,1,2,724,0,1059.74,0,0.96
6398,0,-1,0,629,2,0.5,0,3,5,124,0,953.48,0,1.16
6399,0,-1,0,13,9,0.0,0,2,2,392,1,523.9,0,50
6400,0,-1,0,1441,10,0.2,0,1,1,840,1,785.9,0,2.53
6401,0,-1,0,1703,1,0.0,0,4,5,250,0,576.23,0,0.21
6402,0,-1,0,2,4,0.25,0,3,5,840,1,1189.3,0,50
6403,0,-1,0,1374,2,1.0,0,2,4,380,0,302.68,0,0.53
6404,0,-1,0,1307,2,0.0,0,1,2,826,1,182.83,0,0.56
6405,0,-1,0,1986,2,0.0,0,1,1,410,1,577.56,0,0.37
6406,0,-1,0,1343,1,1.0,0,1,1,826,0,154.4,0,0.27
6407,0,-1,0,1883,4,0.0,0,1,1,356,0,695.84,0,0.78
6408,0,-1,0,590,4,0.0,0,2,3,276,0,1165.72,0,2.47
6409,0,-1,0,25,4,0.25,0,2,3,356,0,1977.15,0,50
6410,0,-1,0,1390,1,0.0,0,1,1,840,0,635.06,0,0.26
6411,0,-1,0,1179,1,0.0,0,3,5,840,0,491.92,0,0.31
6412,0,-1,0,21,6,0.0,0,1,3,124,1,228.54,0,50
6413,0,-1,0,1676,2,0.0,0,3,3,826,1,1006.77,0,0.44
6414,0,-1,0,1381,1,0.0,0,2,2,724,0,195.56,0,0.26
6415,0,-1,0,1921,1,0.0,0,1,3,250,0,1263.98,0,0.19
6416,0,-1,0,1839,3,0.0,0,1,1,124,0,181.23,0,0.6
6417,0,-1,0,662,2,0.0,0,2,3,826,1,1476.71,0,1.1
6418,0,-1,0,1281,1,0.0,0,1,3,36,1,2285.77,0,0.28
6419,0,-1,0,743,1,0.0,0,1,2,36,1,198.28,0,0.49
6420,0,-1,0,1885,4,0.25,0,2,4,380,0,1740.41,0,0.77
6421,0,-1,0,1915,1,0.0,0,1,2,840,0,513.17,0,0.19
6422,0,-1,0,452,5,0.2,0,2,4,124,1,147.77,0,4.04
6423,0,-1,0,593,1,0.0,0,1,3,156,0,218.79,0,0.62
6424,0,-1,0,954,1,0.0,0,2,3,276,1,281.8,0,0.38
6425,0,-1,0,1260,2,0.0,0,1,1,826,0,680.23,0,0.58
6426,0,-1,0,1908,4,0.25,0,1,1,840,1,1206.44,0,0.77
6427,0,-1,0,1660,3,0.333,0,1,1,484,1,1095.62,0,0.66
6428,0,-1,0,1903,3,0.0,0,1,3,528,1,5189.88,0,0.58
6429,0,-1,0,897,6,0.0,0,1,1,124,1,559.05,0,2.44
6430,0,-1,0,1150,1,0.0,0,3,4,276,1,229.16,0,0.32
6431,0,-1,0,5,3,0.333,0,1,3,250,1,1288.97,0,50
6432,0,-1,0,1070,1,0.0,0,1,2,356,0,887.33,0,0.34
6433,0,-1,0,627,4,0.25,0,3,4,156,0,427.15,0,2.33
6434,0,-1,0,19,3,0.333,0,1,2,840,1,237.29,0,50
6435,0,-1,0,1016,4,0.25,0,1,3,36,0,457.14,0,1.44
6436,0,-1,0,1062,4,0.0,0,2,3,392,1,150.28,0,1.37
6437,0,-1,0,1312,1,0.0,0,1,3,826,0,542.89,0,0.28
6438,0,-1,0,80,1,0.0,0,2,3,528,1,1301.34,0,4.56
6439,0,-1,0,1544,2,0.0,0,1,2,484,0,240.71,0,0.47
6440,0,-1,0,934,1,1.0,0,1,3,840,1,248.89,0,0.39
6441,0,-1,0,703,11,0.091,0,2,2,276,1,234.82,0,5.71
6442,0,-1,0,6,3,0.0,0,3,5,250,1,219.18,0,50
6443,0,-1,0,26,2,1.0,0,2,2,840,0,781.96,0,28.08
6444,0,-1,0,1052,2,0.0,0,1,1,840,1,665.4,0,0.69
6445,0,-1,0,1091,2,0.5,0,1,3,124,0,136.04,0,0.67
6446,0,-1,0,877,1,0.0,0,1,2,276,1,254.19,0,0.42
6447,0,-1,0,950,2,0.0,0,1,3,410,0,386.74,0,0.77
6448,0,-1,0,1114,1,0.0,0,1,2,156,0,490.81,0,0.33
6449,0,-1,0,708,3,0.0,0,1,1,156,1,447.5,0,1.55
6450,0,-1,0,468,2,0.0,0,3,3,156,1,903.83,0,1.56
6451,0,-1,0,1504,5,0.2,0,1,3,156,1,265.3,0,1.21
6452,0,-1,0,176,1,0.0,0,2,3,250,0,431.45,0,2.07
6453,0,-1,0,1097,5,0.2,0,1,3,484,1,1250.81,0,1.66
6454,0,-1,0,436,8,0.25,0,1,2,156,1,688.64,0,6.7
6455,0,-1,0,986,2,0.0,0,1,2,392,0,941.74,0,0.74
6456,0,-1,0,1219,10,0.1,0,2,4,156,1,507.82,0,2.99
6457,0,-1,0,17,2,0.0,0,1,3,156,1,213.59,0,42.94
6458,0,-1,0,850,4,0.25,0,2,4,124,1,154.48,0,1.72
6459,0,-1,0,756,1,0.0,0,1,3,156,1,373.83,0,0.48
6460,0,-1,0,526,3,0.0,0,2,3,724,1,450.66,0,2.08
6461,0,-1,0,1802,3,0.333,0,1,2,76,1,186.82,0,0.61
6462,0,-1,0,23,3,0.0,0,2,2,840,1,171.91,0,47.61
6463,0,-1,0,857,1,0.0,0,1,3,392,1,240.72,0,0.43
6464,0,-1,0,847,2,0.5,0,1,1,528,0,233.86,0,0.86
6465,0,-1,0,508,1,0.0,0,2,3,250,1,604.91,0,0.72
6466,0,-1,0,1296,3,0.667,0,2,4,840,0,330.08,0,0.84
6467,0,-1,0,1274,2,0.5,0,1,1,484,1,352.2,0,0.57
6468,0,-1,0,25,1,0.0,0,1,3,276,0,581.68,0,14.6
6469,0,-1,0,791,2,0.5,0,3,3,76,1,172.05,0,0.92
6470,0,-1,0,1174,3,0.333,0,1,1,250,1,254.12,0,0.93
6471,0,-1,0,86,1,0.0,0,1,2,528,0,488.45,0,4.24
6472,0,-1,0,1527,4,0.0,0,2,2,840,0,870.59,0,0.96
6473,0,-1,0,119,2,0.5,0,1,1,840,0,420.28,0,6.13
6474,0,-1,0,47,4,0.25,0,1,2,36,1,978.17,0,31.06
6475,0,-1,0,1257,6,0.167,0,2,3,840,1,145.01,0,1.74
6476,0,-1,0,38,2,0.0,0,1,3,840,1,283.59,0,19.21
6477,0,-1,0,1082,2,0.5,0,2,3,484,1,667.4,0,0.67
6478,0,-1,0,931,4,0.25,0,1,2,484,1,460.65,0,1.57
6479,0,-1,0,1714,1,0.0,0,1,1,410,1,727.21,0,0.21
6480,0,-1,0,961,2,0.0,0,1,1,276,0,712.41,0,0.76
6481,0,-1,0,1376,1,0.0,0,2,2,840,0,363.85,0,0.27
6482,0,-1,0,1614,3,0.0,0,1,1,826,1,843.49,0,0.68
6483,0,-1,0,617,1,0.0,0,4,6,36,1,1041.3,0,0.59
6484,0,-1,0,1643,6,0.0,0,1,3,724,0,651.88,0,1.33
6485,0,-1,0,1981,2,0.5,0,1,1,840,1,652.48,0,0.37
6486,0,-1,0,1992,1,0.0,0,1,3,36,1,404.21,0,0.18
6487,0,-1,0,96,7,0.429,0,1,1,528,1,202.68,0,26.61
6488,0,-1,0,545,2,0.0,0,2,2,840,1,357.95,0,1.34
6489,0,-1,0,1737,1,0.0,0,1,3,124,1,546.59,0,0.21
6490,0,-1,0,168,8,0.125,0,1,2,484,1,369.94,0,17.38
6491,0,-1,0,2,2,0.0,0,1,1,528,1,151.06,0,50
6492,0,-1,0,689,1,0.0,0,2,3,356,0,130.06,0,0.53
6493,0,-1,0,1492,6,0.333,0,1,3,840,0,209.22,0,1.47
6494,0,-1,0,1269,1,0.0,0,1,1,392,0,248.04,0,0.29
6495,0,-1,0,5,1,0.0,0,2,4,156,1,603.81,0,50
6496,0,-1,0,1578,2,0.0,0,1,1,840,0,229.77,0,0.46
6497,0,-1,0,3,4,0.25,0,1,2,156,0,372.01,0,50
6498,0,-1,0,235,2,0.0,0,1,3,840,0,667.72,0,3.11
6499,0,-1,0,1076,5,0.2,0,1,2,156,1,291.3,0,1.7
6500,0,-1,0,861,2,0.0,0,4,6,36,1,421.94,0,0.85
6501,0,-1,0,1271,1,1.0,0,3,5,380,1,441.01,0,0.29
6502,0,-1,0,1782,2,0.5,0,2,3,410,1,303.88,0,0.41
6503,0,-1,0,1096,2,0.0,0,2,2,156,0,271.73,0,0.67
6504,0,-1,0,24,2,0.0,0,2,2,156,0,118.76,0,30.42
6505,0,-1,0,1468,2,0.0,0,1,3,124,0,442.55,0,0.5
6506,0,-1,0,105,5,0.0,0,1,3,840,1,384.2,0,17.38
6507,0,-1,0,757,5,0.2,0,1,1,250,1,372.51,0,2.41
6508,0,-1,0,1413,2,0.0,0,2,3,276,0,735.0,0,0.52
6509,0,-1,0,1154,3,0.0,0,2,4,76,0,205.91,0,0.95
6510,0,-1,0,1408,2,0.0,0,1,1,392,1,754.23,0,0.52
6511,0,-1,0,1719,1,0.0,0,3,5,840,1,801.67,0,0.21
6512,0,-1,0,791,3,0.333,0,2,3,36,0,376.81,0,1.38
6513,0,-1,0,1243,4,0.25,0,1,1,76,0,975.79,0,1.17
6514,0,-1,0,299,1,0.0,0,1,1,156,0,294.42,0,1.22
6515,0,-1,0,1774,3,0.333,0,1,3,36,0,477.81,0,0.62
6516,0,-1,0,821,1,0.0,0,1,3,276,0,486.34,0,0.44
6517,0,-1,0,1976,1,1.0,0,1,1,840,1,650.98,0,0.18
6518,0,-1,0,27,3,0.333,0,1,3,826,0,1089.38,0,40.56
6519,0,-1,0,863,1,0.0,0,2,3,840,1,179.99,0,0.42
6520,0,-1,0,991,1,1.0,0,1,2,392,1,728.07,0,0.37
6521,0,-1,0,1359,5,0.2,0,2,2,250,1,946.82,0,1.34
6522,0,-1,0,1046,4,0.0,0,1,1,392,1,125.27,0,1.4
6523,0,-1,0,526,1,0.0,0,2,4,156,1,238.56,0,0.69
6524,0,-1,0,2,5,0.6,0,2,2,840,1,754.05,0,50
6525,0,-1,0,124,2,0.5,0,2,2,276,0,265.35,0,5.89
6526,0,-1,0,1884,5,0.0,0,1,1,156,1,220.64,0,0.97
6527,0,-1,0,278,4,0.25,0,1,3,156,1,490.64,0,5.25
6528,0,-1,0,1284,1,1.0,0,2,4,380,0,890.26,0,0.28
6529,0,-1,0,1331,9,0.333,0,2,3,840,1,173.36,0,2.47
6530,0,-1,0,12,1,1.0,0,1,1,356,0,343.67,0,30.42
6531,0,-1,0,674,6,0.333,0,1,2,840,1,302.45,0,3.25
6532,0,-1,0,1150,3,0.0,0,2,2,410,0,385.28,0,0.95
6533,0,-1,0,1310,4,0.25,0,1,1,250,1,562.03,0,1.11
6534,0,-1,0,1450,7,0.0,0,1,1,724,0,824.83,0,1.76
6535,0,-1,0,1227,1,1.0,0,1,2,356,1,375.79,0,0.3
6536,0,-1,0,1008,2,0.0,0,2,2,392,1,487.62,0,0.72
6537,0,-1,0,1991,4,0.25,0,2,3,250,0,152.56,0,0.73
6538,0,-1,0,754,4,0.25,0,1,1,36,1,76.35,0,1.94
6539,0,-1,0,1386,3,0.667,0,1,1,76,0,869.33,0,0.79
6540,0,-1,0,1896,4,0.25,0,3,5,156,0,167.47,0,0.77
6541,0,-1,0,1883,2,1.0,0,1,2,380,0,288.81,0,0.39
6542,0,-1,0,134,1,0.0,0,4,5,410,1,466.31,0,2.72
6543,0,-1,0,1313,1,0.0,0,1,2,36,1,1339.03,0,0.28
6544,0,-1,0,23,2,0.0,0,2,3,76,1,552.8,0,31.74
6545,0,-1,0,10,2,0.0,0,3,5,380,0,704.27,0,50
6546,0,-1,0,194,1,1.0,0,2,4,124,0,475.6,0,1.88
6547,0,-1,0,213,6,0.167,0,2,4,410,1,294.49,0,10.28
6548,0,-1,0,12,2,0.0,0,1,2,156,1,926.0,0,50
6549,0,-1,0,1488,1,0.0,0,4,5,840,0,648.59,0,0.25
6550,0,-1,0,1924,3,0.0,0,2,3,484,1,418.81,0,0.57
6551,0,-1,0,4,7,0.0,0,1,2,724,1,115.91,0,50
6552,0,-1,0,1318,1,0.0,0,1,2,156,1,520.2,0,0.28
6553,0,-1,0,1849,3,0.0,0,2,3,840,0,718.1,0,0.59
6554,0,-1,0,146,1,1.0,0,1,2,528,1,262.07,0,2.5
6555,0,-1,0,884,2,0.0,0,2,3,528,1,187.69,0,0.83
6556,0,-1,0,1006,3,0.333,0,1,3,156,0,1085.17,0,1.09
6557,0,-1,0,1940,1,0.0,0,1,2,380,0,308.92,0,0.19
6558,0,-1,0,26,5,0.0,0,1,2,826,0,230.88,0,50
6559,0,-1,0,1959,2,0.0,0,3,3,276,1,681.42,0,0.37
6560,0,-1,0,823,3,0.333,0,2,2,826,0,954.14,0,1.33
6561,0,-1,0,105,1,0.0,0,1,3,840,1,185.81,0,3.48
6562,0,-1,0,278,2,0.5,0,1,2,156,1,198.75,0,2.63
6563,0,-1,0,1686,7,0.143,0,1,3,392,1,292.13,0,1.52
6564,0,-1,0,1129,2,0.0,0,4,4,156,0,226.35,0,0.65
6565,0,-1,0,1605,1,0.0,0,1,3,392,1,315.55,0,0.23
6566,0,-1,0,309,10,0.1,0,2,3,840,1,576.32,0,11.81
6567,0,-1,0,826,3,0.0,0,1,1,276,1,940.46,0,1.33
6568,0,-1,0,1157,2,0.0,0,3,3,380,1,755.34,0,0.63
6569,0,-1,0,1079,1,0.0,0,1,2,156,1,209.37,0,0.34
6570,0,-1,0,1839,2,0.5,0,1,1,36,0,650.06,0,0.4
6571,0,-1,0,615,6,0.333,0,1,3,156,1,204.68,0,3.56
6572,0,-1,0,1563,2,0.0,0,4,6,484,1,1485.08,0,0.47
6573,0,-1,0,1853,1,0.0,0,3,5,826,1,632.23,0,0.2
6574,0,-1,0,1937,3,0.0,0,4,4,356,1,393.01,0,0.57
6575,0,-1,0,1901,3,0.333,0,1,1,826,1,460.61,0,0.58
6576,0,-1,0,1147,2,0.0,0,4,6,392,0,156.9,0,0.64
6577,0,-1,0,471,6,0.167,0,2,4,484,1,431.92,0,4.65
6578,0,-1,0,1581,1,1.0,0,3,3,840,1,309.59,0,0.23
6579,0,-1,0,244,2,0.0,0,1,2,724,1,385.45,0,2.99
6580,0,-1,0,663,1,0.0,0,1,2,156,1,266.88,0,0.55
6581,0,-1,0,355,4,0.5,0,3,5,840,0,318.25,0,4.11
6582,0,-1,0,15,5,0.2,0,1,2,76,1,386.0,0,50
6583,0,-1,0,19,5,0.2,0,2,2,156,1,326.02,0,50
6584,0,-1,0,27,3,0.0,0,1,2,826,1,254.99,0,40.56
6585,0,-1,0,5,3,0.333,0,1,2,250,1,201.71,0,50
6586,0,-1,0,1693,4,0.25,0,2,2,36,1,1205.67,0,0.86
6587,0,-1,0,826,9,0.0,0,1,1,826,1,203.96,0,3.98
6588,0,-1,0,354,1,1.0,0,1,2,276,0,883.74,0,1.03
6589,0,-1,0,95,2,0.5,0,2,3,840,1,1068.52,0,7.68
6590,0,-1,0,1314,2,0.5,0,1,2,276,1,572.0,0,0.56
6591,0,-1,0,1137,8,0.0,0,1,3,156,1,283.67,0,2.57
6592,0,-1,0,28,4,0.0,0,3,3,156,1,179.74,0,50
6593,0,-1,0,1579,3,0.0,0,1,1,484,0,566.89,0,0.69
6594,0,-1,0,645,1,0.0,0,1,3,840,1,265.29,0,0.57
6595,0,-1,0,1918,1,0.0,0,1,3,76,0,926.48,0,0.19
6596,0,-1,0,679,1,1.0,0,2,2,392,1,525.77,0,0.54
6597,0,-1,0,1463,1,0.0,0,2,3,156,0,143.04,0,0.25
6598,0,-1,0,11,6,0.0,0,1,1,840,1,315.86,0,50
6599,0,-1,0,1972,3,0.0,0,1,3,840,0,1124.19,0,0.56
6600,0,-1,0,61,1,0.0,0,2,2,276,0,2137.6,0,5.98
6601,0,-1,0,1578,2,0.5,0,1,1,484,1,383.66,0,0.46
6602,0,-1,0,184,1,1.0,0,2,4,156,0,198.82,0,1.98
6603,0,-1,0,1837,1,0.0,0,1,3,156,1,66.59,0,0.2
6604,0,-1,0,1206,1,0.0,0,1,3,826,1,968.6,0,0.3
6605,0,-1,0,1626,5,0.0,0,1,2,840,1,348.81,0,1.12
6606,0,-1,0,1716,1,0.0,0,1,1,410,1,415.03,0,0.21
6607,0,-1,0,336,2,0.0,0,1,1,840,0,85.37,0,2.17
6608,0,-1,0,17,4,0.25,0,1,2,380,0,419.51,0,50
6609,0,-1,0,1821,1,0.0,0,2,4,840,0,612.79,0,0.2
6610,0,-1,0,626,1,0.0,0,1,1,276,1,552.69,0,0.58
6611,0,-1,0,314,5,0.0,0,3,5,276,0,808.08,0,5.81
6612,0,-1,0,18,2,0.0,0,2,4,250,1,668.93,0,40.56
6613,0,-1,0,1939,3,0.0,0,3,5,76,1,1872.27,0,0.56
6614,0,-1,0,1779,2,0.0,0,2,4,840,0,675.53,0,0.41
6615,0,-1,0,1157,3,0.333,0,1,3,826,1,940.8,0,0.95
6616,0,-1,0,1069,1,0.0,0,1,2,484,1,478.17,0,0.34
6617,0,-1,0,681,1,0.0,0,2,2,276,1,180.28,0,0.54
6618,0,-1,0,586,2,0.0,0,1,2,840,1,182.98,0,1.25
6619,0,-1,0,1328,3,0.333,0,1,1,392,0,492.8,0,0.82
6620,0,-1,0,17,3,0.333,0,1,1,276,0,485.74,0,50
6621,0,-1,0,1560,12,0.333,0,2,4,840,1,492.1,0,2.81
6622,0,-1,0,6,2,0.5,0,4,4,76,0,469.78,0,50
6623,0,-1,0,699,1,0.0,0,4,5,840,1,341.29,0,0.52
6624,0,-1,0,562,4,0.0,0,1,2,356,1,112.15,0,2.6
6625,0,-1,0,1848,4,0.25,0,2,4,840,1,83.17,0,0.79
6626,0,-1,0,238,2,0.0,0,3,3,356,0,213.07,0,3.07
6627,0,-1,0,1368,9,0.0,0,4,6,76,1,665.59,0,2.4
6628,0,-1,0,1344,4,0.25,0,4,6,276,0,215.86,0,1.09
6629,0,-1,0,1697,1,0.0,0,1,3,840,0,339.67,0,0.22
6630,0,-1,0,1137,5,0.0,0,1,2,36,1,875.06,0,1.61
6631,0,-1,0,1663,1,1.0,0,2,3,826,0,59.52,0,0.22
6632,0,-1,0,1091,1,0.0,0,2,2,392,1,635.92,0,0.33
6633,0,-1,0,1093,1,0.0,0,1,2,840,1,285.73,0,0.33
6634,0,-1,0,1441,9,0.0,0,2,4,156,1,187.96,0,2.28
6635,0,-1,0,1864,3,0.0,0,2,2,380,1,196.97,0,0.59
6636,0,-1,0,1237,2,0.5,0,2,2,840,0,389.49,0,0.59
6637,0,-1,0,246,1,0.0,0,2,3,840,1,802.48,0,1.48
6638,0,-1,0,1431,2,0.5,0,1,1,356,0,1096.45,0,0.51
6639,0,-1,0,26,2,0.5,0,1,2,276,0,1346.07,0,28.08
6640,0,-1,0,139,4,0.25,0,3,5,156,1,562.13,0,10.5
6641,0,-1,0,1803,5,0.4,0,1,3,250,1,614.83,0,1.01
6642,0,-1,0,131,6,0.0,0,4,4,380,1,2509.44,0,16.72
6643,0,-1,0,14,2,0.5,0,1,1,410,0,310.71,0,50
6644,0,-1,0,1474,3,0.667,0,1,1,826,1,381.31,0,0.74
6645,0,-1,0,1944,2,0.5,0,1,1,840,1,666.89,0,0.38
6646,0,-1,0,1282,3,0.333,0,2,4,840,0,689.51,0,0.85
6647,0,-1,0,9,1,0.0,0,1,1,724,1,370.66,0,40.56
6648,0,-1,0,365,3,0.333,0,1,3,840,1,133.88,0,3.0
6649,0,-1,0,678,1,0.0,0,1,2,724,1,620.54,0,0.54
6650,0,-1,0,1889,4,0.0,0,4,6,276,0,1227.34,0,0.77
6651,0,-1,0,168,6,0.167,0,1,1,724,1,225.65,0,13.04
6652,0,-1,0,1728,1,0.0,0,2,2,392,0,131.76,0,0.21
6653,0,-1,0,1405,1,0.0,0,2,4,840,1,944.98,0,0.26
6654,0,-1,0,14,1,0.0,0,3,3,276,0,503.58,0,26.07
6655,0,-1,0,1347,3,0.0,0,2,3,380,1,387.87,0,0.81
6656,0,-1,0,901,1,0.0,0,1,3,840,0,829.55,0,0.41
6657,0,-1,0,1629,3,0.333,0,2,4,276,0,281.69,0,0.67
6658,0,-1,0,235,3,0.333,0,2,4,156,0,422.96,0,4.66
6659,0,-1,0,1670,1,0.0,0,1,1,36,1,507.32,0,0.22
6660,0,-1,0,1217,2,0.0,0,1,3,826,0,2379.43,0,0.6
6661,0,-1,0,1101,6,0.167,0,1,3,840,1,1282.4,0,1.99
6662,0,-1,0,307,1,0.0,0,3,5,250,1,248.45,0,1.19
6663,0,-1,0,30,1,0.0,0,1,3,36,0,324.24,0,12.17
6664,0,-1,0,699,5,0.2,0,3,5,826,1,1274.19,0,2.61
6665,0,-1,0,1765,3,0.667,0,1,3,840,0,1701.94,0,0.62
6666,0,-1,0,607,2,0.0,0,3,3,392,0,1022.65,0,1.2
6667,0,-1,0,886,4,0.0,0,2,3,156,1,1127.9,0,1.65
6668,0,-1,0,715,1,1.0,0,1,2,250,0,400.41,0,0.51
6669,0,-1,0,1638,2,0.0,0,3,5,276,1,617.88,0,0.45
6670,0,-1,0,1662,1,0.0,0,1,1,392,1,1225.93,0,0.22
6671,0,-1,0,18,6,0.5,0,1,1,124,1,1116.5,0,50
6672,0,-1,0,150,7,0.143,0,1,1,250,0,292.23,0,17.03
6673,0,-1,0,1444,4,0.0,0,2,3,156,0,346.74,0,1.01
6674,0,-1,0,1619,2,0.5,0,3,4,250,0,923.98,0,0.45
6675,0,-1,0,11,1,1.0,0,1,3,276,1,372.02,0,33.18
6676,0,-1,0,498,1,0.0,0,1,3,410,1,527.84,0,0.73
6677,0,-1,0,1893,3,0.0,0,1,3,392,1,276.5,0,0.58
6678,0,-1,0,668,1,1.0,0,1,3,392,0,520.9,0,0.55
6679,0,-1,0,494,4,0.25,0,1,3,840,1,403.97,0,2.96
6680,0,-1,0,9,1,0.0,0,2,3,156,1,343.83,0,40.56
6681,0,-1,0,315,1,0.0,0,1,2,528,0,590.99,0,1.16
6682,0,-1,0,623,2,0.0,0,2,4,356,1,318.41,0,1.17
6683,0,-1,0,891,1,0.0,0,1,1,380,1,653.81,0,0.41
6684,0,-1,0,800,2,0.0,0,1,3,36,1,765.21,0,0.91
6685,0,-1,0,537,3,0.0,0,4,5,840,1,922.29,0,2.04
6686,0,-1,0,1355,1,1.0,0,1,3,410,0,879.01,0,0.27
6687,0,-1,0,1550,4,0.0,0,2,2,840,1,244.32,0,0.94
6688,0,-1,0,230,3,0.0,0,1,1,76,0,469.18,0,4.76
6689,0,-1,0,408,1,0.0,0,2,2,410,1,134.01,0,0.89
6690,0,-1,0,14,4,0.0,0,1,1,826,1,214.16,0,50
6691,0,-1,0,1420,5,0.2,0,2,2,840,1,170.98,0,1.29
6692,0,-1,0,948,1,0.0,0,2,3,276,0,574.74,0,0.39
6693,0,-1,0,965,1,1.0,0,4,4,356,1,633.05,0,0.38
6694,0,-1,0,1992,3,0.0,0,1,2,528,0,253.95,0,0.55
6695,0,-1,0,51,4,0.0,0,1,2,392,1,521.76,0,28.63
6696,0,-1,0,649,5,0.0,0,1,3,76,1,272.42,0,2.81
6697,0,-1,0,1499,3,0.0,0,1,2,156,0,131.88,0,0.73
6698,0,-1,0,758,1,0.0,0,1,1,840,1,639.02,0,0.48
6699,0,-1,0,1402,3,0.0,0,3,3,392,1,1093.87,0,0.78
6700,0,-1,0,910,3,0.0,0,1,2,124,0,1059.71,0,1.2
6701,0,-1,0,88,1,1.0,0,1,2,840,0,552.94,0,4.15
6702,0,-1,0,22,1,0.0,0,1,2,124,1,121.74,0,16.59
6703,0,-1,0,1032,6,0.333,0,1,3,250,1,700.01,0,2.12
6704,0,-1,0,1327,1,0.0,0,4,5,76,0,720.82,0,0.28
6705,0,-1,0,1567,2,0.5,0,2,4,840,0,64.96,0,0.47
6706,0,-1,0,135,4,0.25,0,2,2,156,1,647.3,0,10.81
6707,0,-1,0,285,3,0.0,0,2,2,826,1,503.11,0,3.84
6708,0,-1,0,880,8,0.375,0,2,3,840,1,154.67,0,3.32
6709,0,-1,0,833,1,0.0,0,2,4,250,0,664.83,0,0.44
6710,0,-1,0,835,1,0.0,0,1,3,156,1,516.51,0,0.44
6711,0,-1,0,1231,9,0.0,0,2,2,380,1,606.32,0,2.67
6712,0,-1,0,642,2,0.0,0,4,6,36,1,398.75,0,1.14
6713,0,-1,0,2,5,0.4,0,1,2,840,1,493.22,0,50
6714,0,-1,0,754,1,0.0,0,2,4,410,0,181.18,0,0.48
6715,0,-1,0,16,2,0.0,0,1,3,392,0,65.34,0,45.62
6716,0,-1,0,1355,1,0.0,0,3,3,156,1,601.55,0,0.27
6717,0,-1,0,398,3,0.333,0,2,2,724,1,794.79,0,2.75
6718,0,-1,0,1456,1,1.0,0,1,2,156,0,317.15,0,0.25
6719,0,-1,0,865,1,0.0,0,1,2,840,0,429.65,0,0.42
6720,0,-1,0,615,2,0.0,0,2,3,484,1,142.08,0,1.19
6721,0,-1,0,1901,8,0.25,0,1,3,840,1,907.88,0,1.54
6722,0,-1,0,32,2,0.5,0,1,1,380,1,581.86,0,22.81
6723,0,-1,0,247,1,0.0,0,2,2,840,1,422.41,0,1.48
6724,0,-1,0,382,4,0.25,0,2,3,840,0,323.39,0,3.82
6725,0,-1,0,57,1,0.0,0,2,3,250,1,475.87,0,6.4
6726,0,-1,0,1057,1,0.0,0,2,2,156,0,515.94,0,0.35
6727,0,-1,0,1469,2,0.0,0,1,2,36,1,158.87,0,0.5
6728,0,-1,0,29,2,0.5,0,2,2,840,0,465.77,0,25.17
6729,0,-1,0,25,3,0.0,0,3,4,840,1,276.49,0,43.8
6730,0,-1,0,468,3,0.0,0,1,2,124,0,206.93,0,2.34
6731,0,-1,0,21,1,0.0,0,4,4,124,0,356.91,0,17.38
6732,0,-1,0,28,7,0.0,0,1,2,156,1,641.92,0,50
6733,0,-1,0,1391,1,0.0,0,2,3,826,0,435.84,0,0.26
6734,0,-1,0,1447,3,0.333,0,1,1,124,0,383.38,0,0.76
6735,0,-1,0,922,5,0.0,0,1,3,276,1,255.41,0,1.98
6736,0,-1,0,318,1,0.0,0,1,3,156,1,807.9,0,1.15
6737,0,-1,0,1625,2,0.0,0,1,2,840,1,921.02,0,0.45
6738,0,-1,0,1285,4,0.0,0,2,2,250,0,118.63,0,1.14
6739,0,-1,0,1943,3,0.0,0,1,2,840,1,448.27,0,0.56
6740,0,-1,0,11,5,0.2,0,1,2,380,1,692.3,0,50
6741,0,-1,0,10,4,0.5,0,1,3,840,1,454.68,0,50
6742,0,-1,0,1248,5,0.0,0,1,1,250,1,880.99,0,1.46
6743,0,-1,0,6,3,0.0,0,1,3,840,0,55.17,0,50
6744,0,-1,0,223,6,0.167,0,2,3,156,1,345.27,0,9.82
6745,0,-1,0,158,1,0.0,0,2,3,156,1,330.0,0,2.31
6746,0,-1,0,68,2,0.0,0,1,2,392,0,225.13,0,10.74
6747,0,-1,0,28,1,0.0,0,1,1,36,0,207.34,0,13.04
6748,0,-1,0,93,1,0.0,0,1,3,276,1,457.06,0,3.92
6749,0,-1,0,1750,4,0.25,0,1,2,724,0,173.72,0,0.83
6750,0,-1,0,1409,1,0.0,0,1,1,840,1,372.45,0,0.26
6751,0,-1,0,1751,1,0.0,0,1,2,156,0,530.44,0,0.21
6752,0,-1,0,1473,1,0.0,0,2,2,276,0,726.39,0,0.25
6753,0,-1,0,1648,1,0.0,0,2,3,124,1,86.15,0,0.22
6754,0,-1,0,1909,1,0.0,0,3,5,724,0,360.55,0,0.19
6755,0,-1,0,18,7,0.143,0,1,3,840,1,496.61,0,50
6756,0,-1,0,1057,7,0.143,0,2,2,250,1,165.06,0,2.42
6757,0,-1,0,9,2,0.0,0,1,3,76,1,401.52,0,50
6758,0,-1,0,197,1,0.0,0,3,3,410,0,377.95,0,1.85
6759,0,-1,0,8,3,0.0,0,1,3,840,1,1235.91,0,50
6760,0,-1,0,725,9,0.222,0,1,1,156,1,797.4,0,4.53
6761,0,-1,0,928,1,1.0,0,4,6,76,0,432.09,0,0.39
6762,0,-1,0,24,5,0.2,0,3,3,276,0,504.02,0,50
6763,0,-1,0,844,4,0.0,0,1,1,826,0,625.3,0,1.73
6764,0,-1,0,1276,2,0.0,0,1,2,410,0,102.19,0,0.57
6765,0,-1,0,505,3,0.0,0,1,2,76,1,565.95,0,2.17
6766,0,-1,0,385,4,0.0,0,1,1,380,1,610.41,0,3.79
6767,0,-1,0,750,3,0.0,0,2,4,392,1,932.87,0,1.46
6768,0,-1,0,649,1,0.0,0,2,4,36,0,839.69,0,0.56
6769,0,-1,0,1773,2,0.0,0,2,2,250,0,420.28,0,0.41
6770,0,-1,0,718,1,1.0,0,2,4,840,1,309.47,0,0.51
6771,0,-1,0,1075,1,0.0,0,1,1,250,1,319.87,0,0.34
6772,0,-1,0,1687,1,0.0,0,1,2,840,0,747.6,0,0.22
6773,0,-1,0,1966,1,0.0,0,2,2,276,0,130.75,0,0.19
6774,0,-1,0,170,6,0.167,0,1,2,76,0,596.08,0,12.88
6775,0,-1,0,541,1,1.0,0,1,2,156,0,143.42,0,0.67
6776,0,-1,0,846,4,0.0,0,1,2,156,1,111.9,0,1.73
6777,0,-1,0,3,4,0.25,0,1,1,840,1,518.44,0,50
6778,0,-1,0,937,8,0.125,0,1,1,156,1,1027.06,0,3.12
6779,0,-1,0,908,1,0.0,0,3,5,156,1,409.64,0,0.4
6780,0,-1,0,20,1,0.0,0,1,1,410,1,420.18,0,18.25
6781,0,-1,0,313,3,0.333,0,1,2,528,1,931.38,0,3.5
6782,0,-1,0,111,4,0.25,0,3,3,76,1,470.53,0,13.15
6783,0,-1,0,698,5,0.0,0,3,4,528,1,314.39,0,2.61
6784,0,-1,0,17,4,0.0,0,1,3,250,1,357.12,0,50
6785,0,-1,0,1964,1,0.0,0,1,2,826,1,603.01,0,0.19
6786,0,-1,0,738,1,0.0,0,1,2,276,0,590.97,0,0.49
6787,0,-1,0,881,3,0.333,0,1,1,724,1,192.47,0,1.24
6788,0,-1,0,963,2,0.5,0,1,2,276,0,329.16,0,0.76
6789,0,-1,0,32,5,0.6,0,1,1,380,1,1002.87,0,50
6790,0,-1,0,590,1,0.0,0,1,1,410,0,1373.35,0,0.62
6791,0,-1,0,1404,2,0.0,0,1,1,410,0,254.75,0,0.52
6792,0,-1,0,1201,1,0.0,0,3,4,380,0,405.99,0,0.3
6793,0,-1,0,1209,2,0.5,0,2,3,840,0,372.74,0,0.6
6794,0,-1,0,1365,1,0.0,0,1,2,156,0,826.55,0,0.27
6795,0,-1,0,1541,5,0.0,0,4,6,76,1,188.37,0,1.18
6796,0,-1,0,1006,2,0.0,0,2,3,250,0,280.22,0,0.73
6797,0,-1,0,1739,2,0.0,0,1,3,826,1,1196.79,0,0.42
6798,0,-1,0,1298,1,0.0,0,2,2,724,0,831.1,0,0.28
6799,0,-1,0,393,2,1.0,0,1,1,36,0,412.2,0,1.86
6800,0,-1,0,1137,6,0.333,0,1,3,528,0,1009.36,0,1.93
6801,0,-1,0,3,3,0.0,0,3,5,250,0,443.59,0,50
6802,0,-1,0,1805,4,0.5,0,1,3,250,0,413.0,0,0.81
6803,0,-1,0,11,3,0.333,0,1,3,840,1,862.79,0,50
6804,0,-1,0,260,2,0.0,0,3,4,840,1,554.41,0,2.81
6805,0,-1,0,1431,5,0.4,0,1,2,528,1,889.1,0,1.28
6806,0,-1,0,584,1,0.0,0,1,2,840,1,460.3,0,0.62
6807,0,-1,0,1407,3,0.0,0,1,1,36,1,380.38,0,0.78
6808,0,-1,0,1980,1,0.0,0,1,1,156,0,333.24,0,0.18
6809,0,-1,0,1427,1,0.0,0,1,2,528,0,625.3,0,0.26
6810,0,-1,0,503,2,0.0,0,3,3,826,0,275.43,0,1.45
6811,0,-1,0,1395,3,0.0,0,1,1,276,1,685.25,0,0.78
6812,0,-1,0,242,3,0.333,0,1,1,124,1,1079.88,0,4.52
6813,0,-1,0,1539,3,0.667,0,2,3,826,1,259.9,0,0.71
6814,0,-1,0,1902,1,1.0,0,3,5,392,0,488.57,0,0.19
6815,0,-1,0,1849,4,0.0,0,1,2,840,1,1025.21,0,0.79
6816,0,-1,0,1111,2,0.5,0,1,2,840,0,1533.43,0,0.66
6817,0,-1,0,980,1,1.0,0,1,2,36,0,531.59,0,0.37
6818,0,-1,0,18,2,0.0,0,2,3,840,0,357.56,0,40.56
6819,0,-1,0,818,1,0.0,0,2,2,156,1,651.9,0,0.45
6820,0,-1,0,957,1,0.0,0,2,2,356,1,171.8,0,0.38
6821,0,-1,0,668,4,0.75,0,4,4,528,1,369.6,0,2.19
6822,0,-1,0,612,5,0.2,0,1,2,124,0,938.56,0,2.98
6823,0,-1,0,255,1,1.0,0,2,4,250,1,177.79,0,1.43
6824,0,-1,0,448,4,0.25,0,1,2,156,0,215.17,0,3.26
6825,0,-1,0,29,3,0.0,0,1,3,840,0,264.52,0,37.76
6826,0,-1,0,1947,3,0.0,0,3,3,276,0,388.56,0,0.56
6827,0,-1,0,1286,1,0.0,0,1,3,156,1,426.85,0,0.28
6828,0,-1,0,13,2,0.0,0,1,1,36,0,313.59,0,50
6829,0,-1,0,335,4,0.0,0,1,3,826,1,455.3,0,4.36
6830,0,-1,0,793,5,0.2,0,3,5,36,1,288.21,0,2.3
6831,0,-1,0,410,3,0.0,0,2,2,356,0,494.32,0,2.67
6832,0,-1,0,1867,1,0.0,0,1,2,76,1,840.69,0,0.2
6833,0,-1,0,363,2,0.0,0,1,2,156,0,686.16,0,2.01
6834,0,-1,0,527,4,0.5,0,4,6,410,0,240.83,0,2.77
6835,0,-1,0,495,1,0.0,0,1,1,276,1,377.4,0,0.74
6836,0,-1,0,1773,1,0.0,0,1,3,250,1,459.18,0,0.21
6837,0,-1,0,530,1,0.0,0,1,2,124,1,1057.1,0,0.69
6838,0,-1,0,247,2,0.5,0,1,3,528,1,240.57,0,2.96
6839,0,-1,0,147,1,0.0,0,3,5,156,0,314.47,0,2.48
6840,0,-1,0,57,2,0.5,0,2,2,392,0,149.01,0,12.81
6841,0,-1,0,1237,3,0.0,0,2,2,250,1,527.04,0,0.89
6842,0,-1,0,722,3,0.333,0,2,4,392,1,258.85,0,1.52
6843,0,-1,0,416,1,0.0,0,1,1,36,0,160.39,0,0.88
6844,0,-1,0,189,3,0.0,0,2,4,840,1,175.45,0,5.79
6845,0,-1,0,23,1,0.0,0,1,2,156,0,188.54,0,15.87
6846,0,-1,0,745,2,0.0,0,1,3,528,1,235.96,0,0.98
6847,0,-1,0,334,2,0.0,0,1,3,410,0,481.88,0,2.19
6848,0,-1,0,883,1,0.0,0,1,3,156,1,203.86,0,0.41
6849,0,-1,0,846,1,0.0,0,1,3,840,1,592.54,0,0.43
6850,0,-1,0,1310,4,0.0,0,1,2,156,0,1288.13,0,1.11
6851,0,-1,0,12,9,0.111,0,3,4,156,1,703.84,0,50
6852,0,-1,0,16,1,0.0,0,1,2,528,0,1005.05,0,22.81
6853,0,-1,0,794,3,0.0,0,1,2,826,1,295.14,0,1.38
6854,0,-1,0,1960,1,0.0,0,4,6,528,0,156.31,0,0.19
6855,0,-1,0,713,2,0.0,0,2,4,276,0,671.48,0,1.02
6856,0,-1,0,1351,2,0.0,0,1,3,276,1,340.42,0,0.54
6857,0,-1,0,1897,4,0.25,0,2,3,76,1,885.78,0,0.77
6858,0,-1,0,821,1,0.0,0,2,3,356,1,1385.48,0,0.44
6859,0,-1,0,1144,7,0.286,0,1,1,276,0,147.33,0,2.23
6860,0,-1,0,1070,1,0.0,0,4,4,380,1,526.7,0,0.34
6861,0,-1,0,869,1,0.0,0,3,5,356,0,801.8,0,0.42
6862,0,-1,0,1209,2,1.0,0,2,4,156,1,1047.82,0,0.6
6863,0,-1,0,1672,5,0.0,0,1,2,276,1,567.07,0,1.09
6864,0,-1,0,1354,1,0.0,0,1,3,76,1,850.72,0,0.27
6865,0,-1,0,1474,5,0.4,0,4,5,840,1,708.3,0,1.24
6866,0,-1,0,1288,4,0.0,0,2,4,250,1,1439.08,0,1.13
6867,0,-1,0,1135,1,0.0,0,1,1,156,0,132.71,0,0.32
6868,0,-1,0,966,4,0.5,0,1,1,276,0,591.81,0,1.51
6869,0,-1,0,1026,1,0.0,0,3,5,76,0,1102.62,0,0.36
6870,0,-1,0,96,4,0.25,0,1,2,410,1,899.25,0,15.21
6871,0,-1,0,144,3,0.333,0,1,1,840,0,74.15,0,7.6
6872,0,-1,0,794,1,1.0,0,1,1,276,0,1947.07,0,0.46
6873,0,-1,0,1432,6,0.0,0,3,4,840,1,501.7,0,1.53
6874,0,-1,0,1530,1,1.0,0,1,1,826,0,1153.31,0,0.24
6875,0,-1,0,924,3,0.333,0,3,3,156,1,606.28,0,1.19
6876,0,-1,0,25,1,0.0,0,1,1,250,1,311.86,0,14.6
6877,0,-1,0,995,1,0.0,0,3,4,250,0,255.45,0,0.37
6878,0,-1,0,1831,1,1.0,0,1,1,250,0,366.63,0,0.2
6879,0,-1,0,1094,5,0.4,0,2,3,392,0,224.21,0,1.67
6880,0,-1,0,597,1,0.0,0,1,1,826,1,228.05,0,0.61
6881,0,-1,0,472,3,0.0,0,1,1,276,0,333.43,0,2.32
6882,0,-1,0,1916,2,0.0,0,1,2,276,0,461.82,0,0.38
6883,0,-1,0,1277,1,0.0,0,1,3,250,0,188.34,0,0.29
6884,0,-1,0,156,1,0.0,0,1,1,840,1,200.67,0,2.34
6885,0,-1,0,42,1,0.0,0,2,2,410,0,1378.24,0,8.69
6886,0,-1,0,1522,3,0.333,0,1,1,840,0,875.81,0,0.72
6887,0,-1,0,892,3,0.333,0,1,1,410,1,507.44,0,1.23
6888,0,-1,0,10,5,0.4,0,2,3,528,0,251.32,0,50
6889,0,-1,0,921,8,0.0,0,3,3,528,1,338.41,0,3.17
6890,0,-1,0,1763,6,0.167,0,2,2,156,1,403.6,0,1.24
6891,0,-1,0,748,1,1.0,0,3,5,840,0,296.48,0,0.49
6892,0,-1,0,44,1,0.0,0,1,3,840,1,526.5,0,8.3
6893,0,-1,0,758,1,1.0,0,2,2,528,0,360.73,0,0.48
6894,0,-1,0,84,1,0.0,0,1,1,250,1,152.69,0,4.35
6895,0,-1,0,98,1,0.0,0,4,6,484,0,1891.92,0,3.72
6896,0,-1,0,869,1,0.0,0,2,3,250,1,768.17,0,0.42
6897,0,-1,0,936,6,0.333,0,1,3,76,1,360.01,0,2.34
6898,0,-1,0,22,3,0.333,0,2,2,156,1,486.23,0,49.77
6899,0,-1,0,1326,3,0.0,0,1,3,156,1,529.65,0,0.83
6900,0,-1,0,802,1,0.0,0,2,4,826,0,326.06,0,0.46
6901,0,-1,0,1996,3,0.333,0,1,1,276,1,653.93,0,0.55
6902,0,-1,0,1417,6,0.0,0,2,2,250,1,308.05,0,1.55
6903,0,-1,0,1967,3,0.0,0,2,2,826,0,1229.59,0,0.56
6904,0,-1,0,192,2,1.0,0,3,4,826,0,524.45,0,3.8
6905,0,-1,0,150,1,0.0,0,2,4,156,0,454.8,0,2.43
6906,0,-1,0,124,2,0.0,0,1,2,156,0,276.24,0,5.89
6907,0,-1,0,1780,2,0.0,0,1,1,826,0,665.72,0,0.41
6908,0,-1,0,428,1,0.0,0,1,2,276,0,929.42,0,0.85
6909,0,-1,0,880,2,0.0,0,1,2,76,1,513.7,0,0.83
6910,0,-1,0,539,4,0.25,0,4,4,840,1,533.48,0,2.71
6911,0,-1,0,753,5,0.0,0,2,2,826,0,286.62,0,2.42
6912,0,-1,0,1426,5,0.0,0,1,1,392,0,453.77,0,1.28
6913,0,-1,0,1337,2,0.0,0,2,2,840,1,212.17,0,0.55
6914,0,-1,0,95,3,0.333,0,1,1,840,0,549.24,0,11.53
6915,0,-1,0,1833,2,0.0,0,1,1,124,1,148.53,0,0.4
6916,0,-1,0,57,2,0.5,0,1,2,276,1,5195.55,0,12.81
6917,0,-1,0,601,3,0.0,0,1,2,840,1,736.93,0,1.82
6918,0,-1,0,445,2,0.0,0,3,3,250,0,1496.65,0,1.64
6919,0,-1,0,669,2,0.0,0,1,1,156,0,399.1,0,1.09
6920,0,-1,0,759,5,0.0,0,1,3,276,1,768.73,0,2.4
6921,0,-1,0,1036,4,0.0,0,1,1,156,1,949.89,0,1.41
6922,0,-1,0,1948,3,0.0,0,1,3,356,1,422.19,0,0.56
6923,0,-1,0,819,5,0.0,0,1,3,484,0,779.39,0,2.23
6924,0,-1,0,10,2,0.0,0,1,2,276,1,251.1,0,50
6925,0,-1,0,338,1,0.0,0,2,2,156,1,574.34,0,1.08
6926,0,-1,0,1032,7,0.0,0,4,4,156,1,735.76,0,2.48
6927,0,-1,0,642,3,0.667,0,4,5,250,0,831.13,0,1.71
6928,0,-1,0,1351,2,0.0,0,1,1,840,1,445.55,0,0.54
6929,0,-1,0,565,7,0.0,0,1,1,276,1,260.17,0,4.52
6930,0,-1,0,597,6,0.167,0,2,4,484,1,333.42,0,3.67
6931,0,-1,0,1123,4,0.0,0,2,3,724,0,427.24,0,1.3
6932,0,-1,0,27,2,0.0,0,2,4,156,1,783.54,0,27.04
6933,0,-1,0,1298,1,0.0,0,1,2,840,1,2126.8,0,0.28
6934,0,-1,0,13,6,0.5,0,1,3,840,1,975.01,0,50
6935,0,-1,0,1785,2,0.0,0,1,1,356,1,174.83,0,0.41
6936,0,-1,0,1713,1,1.0,0,1,1,276,0,255.8,0,0.21
6937,0,-1,0,120,2,0.0,0,1,1,276,1,441.09,0,6.08
6938,0,-1,0,450,3,0.333,0,1,2,156,1,286.57,0,2.43
6939,0,-1,0,116,2,0.5,0,3,5,840,0,735.09,0,6.29
6940,0,-1,0,900,3,0.0,0,1,2,124,0,336.41,0,1.22
6941,0,-1,0,1746,1,1.0,0,1,3,484,1,317.73,0,0.21
6942,0,-1,0,1025,3,0.333,0,2,4,276,0,195.93,0,1.07
6943,0,-1,0,1337,1,0.0,0,1,2,826,1,424.48,0,0.27
6944,0,-1,0,1428,1,0.0,0,1,2,826,0,503.97,0,0.26
6945,0,-1,0,1803,1,0.0,0,1,1,840,1,913.15,0,0.2
6946,0,-1,0,575,2,0.0,0,3,5,392,1,255.69,0,1.27
6947,0,-1,0,1832,2,0.0,0,2,4,840,0,1338.25,0,0.4
6948,0,-1,0,1359,1,0.0,0,2,3,156,0,183.41,0,0.27
6949,0,-1,0,1370,2,0.5,0,1,1,840,1,304.57,0,0.53
6950,0,-1,0,1052,1,0.0,0,1,1,840,1,265.33,0,0.35
6951,0,-1,0,423,2,0.0,0,2,4,840,0,373.56,0,1.73
6952,0,-1,0,620,5,0.2,0,1,2,840,1,769.87,0,2.94
6953,0,-1,0,178,5,0.0,0,2,3,826,1,1031.57,0,10.25
6954,0,-1,0,347,7,0.286,0,2,4,156,1,532.6,0,7.36
6955,0,-1,0,1905,1,0.0,0,3,4,484,0,481.87,0,0.19
6956,0,-1,0,1549,2,0.5,0,1,1,250,0,284.25,0,0.47
6957,0,-1,0,1369,1,0.0,0,1,2,410,1,652.37,0,0.27
6958,0,-1,0,469,2,0.0,0,1,3,276,1,1236.47,0,1.56
6959,0,-1,0,1352,1,0.0,0,2,4,124,1,207.48,0,0.27
6960,0,-1,0,16,2,0.0,0,1,3,840,1,306.97,0,45.62
6961,0,-1,0,274,2,0.0,0,2,2,840,1,2447.35,0,2.66
6962,0,-1,0,3,1,0.0,0,1,3,840,1,394.93,0,50
6963,0,-1,0,5,5,0.4,0,1,2,156,1,317.07,0,50
6964,0,-1,0,30,2,0.0,0,2,3,156,1,291.78,0,24.33
6965,0,-1,0,1624,8,0.375,0,1,2,840,1,486.68,0,1.8
6966,0,-1,0,1509,5,0.4,0,1,3,392,1,399.65,0,1.21
6967,0,-1,0,18,3,0.333,0,4,4,124,1,484.02,0,50
6968,0,-1,0,1445,2,0.0,0,2,2,840,0,425.08,0,0.51
6969,0,-1,0,1619,1,0.0,0,4,4,840,0,315.7,0,0.23
6970,0,-1,0,238,4,0.0,0,1,3,410,1,489.73,0,6.13
6971,0,-1,0,1370,2,0.5,0,4,4,156,1,185.96,0,0.53
6972,0,-1,0,12,8,0.25,0,4,4,410,1,658.38,0,50
6973,0,-1,0,1772,5,0.2,0,1,2,36,0,336.95,0,1.03
6974,0,-1,0,1124,3,0.0,0,4,4,826,0,1027.74,0,0.97
6975,0,-1,0,214,1,0.0,0,1,1,826,0,242.32,0,1.71
6976,0,-1,0,1631,1,0.0,0,2,2,840,1,756.92,0,0.22
6977,0,-1,0,431,7,0.0,0,3,5,276,1,301.58,0,5.93
6978,0,-1,0,1557,1,0.0,0,1,1,840,1,411.82,0,0.23
6979,0,-1,0,1640,1,0.0,0,1,2,36,0,452.07,0,0.22
6980,0,-1,0,1260,7,0.0,0,1,2,840,1,367.61,0,2.03
6981,0,-1,0,1157,2,0.5,0,1,2,124,1,77.44,0,0.63
6982,0,-1,0,1610,2,0.5,0,1,2,156,1,1471.93,0,0.45
6983,0,-1,0,1363,2,0.0,0,2,4,528,0,709.97,0,0.54
6984,0,-1,0,979,3,0.0,0,1,2,840,0,215.35,0,1.12
6985,0,-1,0,682,2,0.0,0,1,2,276,0,2865.51,0,1.07
6986,0,-1,0,1053,3,0.0,0,1,2,840,1,408.98,0,1.04
6987,0,-1,0,1741,2,0.0,0,1,2,156,1,108.9,0,0.42
6988,0,-1,0,27,6,0.333,0,1,2,276,0,434.62,0,50
6989,0,-1,0,7,1,0.0,0,3,4,826,1,737.37,0,50
6990,0,-1,0,1273,5,0.4,0,1,2,156,0,690.41,0,1.43
6991,0,-1,0,32,3,0.333,0,1,3,528,1,359.32,0,34.22
6992,0,-1,0,271,4,0.25,0,3,3,840,0,1328.34,0,5.39
6993,0,-1,0,1891,1,0.0,0,1,1,156,1,301.01,0,0.19
6994,0,-1,0,276,2,0.5,0,1,3,156,0,1039.12,0,2.64
6995,0,-1,0,1921,5,0.2,0,1,3,156,0,1797.91,0,0.95
6996,0,-1,0,1427,8,0.125,0,2,2,392,1,1858.55,0,2.05
6997,0,-1,0,10,1,0.0,0,3,4,840,0,789.5,0,36.5
6998,0,-1,0,959,1,0.0,0,1,1,840,0,243.31,0,0.38
6999,0,-1,0,1651,4,0.25,0,1,1,36,0,310.15,0,0.88
7000,0,-1,0,1243,4,0.25,0,2,4,840,1,285.58,0,1.17
7001,0,-1,0,569,1,0.0,0,3,3,724,1,1076.63,0,0.64
7002,0,-1,0,2,3,0.333,0,2,3,826,1,817.8,0,50
7003,0,-1,0,1090,1,0.0,0,3,5,156,1,1240.84,0,0.33
7004,0,-1,0,1225,3,0.333,0,2,4,156,1,1027.83,0,0.89
7005,0,-1,0,10,4,0.0,0,1,3,76,1,579.28,0,50
7006,0,-1,0,8,7,0.429,0,1,1,826,1,723.01,0,50
7007,0,-1,0,373,1,0.0,0,1,3,36,0,213.84,0,0.98
7008,0,-1,0,1589,5,0.0,0,1,2,840,0,1930.09,0,1.15
7009,0,-1,0,815,5,0.2,0,1,3,392,1,339.85,0,2.24
7010,0,-1,0,17,3,0.0,0,1,3,392,1,295.3,0,50
7011,0,-1,0,1824,1,0.0,0,2,3,840,1,1336.42,0,0.2
7012,0,-1,0,396,4,0.0,0,1,1,276,1,617.19,0,3.69
7013,0,-1,0,577,2,0.0,0,1,1,156,0,253.77,0,1.27
7014,0,-1,0,847,1,0.0,0,3,3,392,1,577.8,0,0.43
7015,0,-1,0,1391,3,0.333,0,1,3,826,0,962.25,0,0.79
7016,0,-1,0,215,1,0.0,0,4,4,826,0,433.05,0,1.7
7017,0,-1,0,1222,1,0.0,0,3,3,250,0,293.45,0,0.3
7018,0,-1,0,3,1,0.0,0,2,3,250,0,291.5,0,50
7019,0,-1,0,1108,2,1.0,0,1,1,124,1,338.87,0,0.66
7020,0,-1,0,902,2,0.5,0,1,1,76,1,3421.49,0,0.81
7021,0,-1,0,73,4,0.5,0,1,2,124,0,178.39,0,20.0
7022,0,-1,0,893,3,0.333,0,3,3,250,1,861.9,0,1.23
7023,0,-1,0,599,3,0.0,0,2,2,356,0,114.66,0,1.83
7024,0,-1,0,937,4,0.5,0,4,5,410,0,215.58,0,1.56
7025,0,-1,0,1340,1,0.0,0,1,3,392,1,168.52,0,0.27
7026,0,-1,0,1102,1,0.0,0,2,4,840,1,461.59,0,0.33
7027,0,-1,0,1709,1,0.0,0,1,3,276,0,774.1,0,0.21
7028,0,-1,0,1950,2,0.0,0,1,3,156,1,503.31,0,0.37
7029,0,-1,0,1982,1,0.0,0,1,2,356,0,537.18,0,0.18
7030,0,-1,0,1959,2,0.0,0,1,3,840,1,126.77,0,0.37
7031,0,-1,0,1416,6,0.333,0,3,4,484,0,184.34,0,1.55
7032,0,-1,0,71,2,0.0,0,1,1,156,0,653.56,0,10.28
7033,0,-1,0,24,6,0.167,0,1,2,250,1,413.31,0,50
7034,0,-1,0,1599,5,0.4,0,1,1,276,1,941.19,0,1.14
7035,0,-1,0,1214,2,0.0,0,1,2,840,1,395.64,0,0.6
7036,0,-1,0,307,5,0.0,0,4,5,124,1,269.78,0,5.94
7037,0,-1,0,21,1,1.0,0,2,3,76,1,821.43,0,17.38
7038,0,-1,0,5,4,0.25,0,3,5,36,1,803.75,0,50
7039,0,-1,0,757,3,0.333,0,1,3,156,1,1271.14,0,1.45
7040,0,-1,0,61,1,0.0,0,1,3,156,1,142.33,0,5.98
7041,0,-1,0,38,3,0.333,0,1,2,156,0,290.4,0,28.82
7042,0,-1,0,329,1,0.0,0,3,3,724,0,134.47,0,1.11
7043,0,-1,0,1975,4,0.25,0,1,2,250,1,212.91,0,0.74
7044,0,-1,0,1936,3,0.0,0,2,2,826,1,545.72,0,0.57
7045,0,-1,0,1534,4,0.25,0,1,3,840,1,684.87,0,0.95
7046,0,-1,0,1602,1,0.0,0,3,5,156,0,548.19,0,0.23
7047,0,-1,0,88,1,1.0,0,2,2,356,1,188.6,0,4.15
7048,0,-1,0,426,4,0.5,0,2,4,156,0,212.53,0,3.43
7049,0,-1,0,1610,2,0.0,0,2,4,156,0,1124.99,0,0.45
7050,0,-1,0,1729,2,0.0,0,1,2,826,1,765.23,0,0.42
7051,0,-1,0,1101,4,0.0,0,1,3,392,1,64.34,0,1.33
7052,0,-1,0,770,1,1.0,0,2,3,356,0,242.17,0,0.47
7053,0,-1,0,1571,6,0.0,0,2,2,36,1,726.96,0,1.39
7054,0,-1,0,1690,2,0.0,0,4,6,392,1,248.41,0,0.43
7055,0,-1,0,1924,2,0.5,0,1,2,484,0,869.79,0,0.38
7056,0,-1,0,187,3,0.333,0,1,3,840,1,715.96,0,5.86
7057,0,-1,0,1396,1,0.0,0,3,4,276,0,151.63,0,0.26
7058,0,-1,0,430,8,0.375,0,1,1,840,1,793.23,0,6.79
7059,0,-1,0,1846,2,0.5,0,3,3,36,0,367.28,0,0.4
7060,0,-1,0,25,3,0.333,0,1,3,392,1,796.68,0,43.8
7061,0,-1,0,1960,10,0.2,0,1,1,840,1,405.73,0,1.86
7062,0,-1,0,1098,3,0.333,0,1,2,840,1,239.52,0,1.0
7063,0,-1,0,1604,4,0.0,0,1,1,840,0,910.57,0,0.91
7064,0,-1,0,858,1,0.0,0,2,2,840,1,315.46,0,0.43
7065,0,-1,0,1629,2,0.0,0,1,1,840,1,228.85,0,0.45
7066,0,-1,0,203,1,0.0,0,2,2,356,1,172.52,0,1.8
7067,0,-1,0,19,2,0.0,0,3,4,380,0,349.74,0,38.42
7068,0,-1,0,557,1,0.0,0,2,2,76,1,584.76,0,0.66
7069,0,-1,0,277,1,0.0,0,1,1,826,0,290.76,0,1.32
7070,0,-1,0,1206,2,0.0,0,2,4,156,1,528.41,0,0.61
7071,0,-1,0,599,1,1.0,0,1,2,156,0,1086.18,0,0.61
7072,0,-1,0,15,2,0.5,0,1,2,356,1,1047.6,0,48.67
7073,0,-1,0,1515,1,1.0,0,3,5,528,0,974.32,0,0.24
7074,0,-1,0,229,3,0.0,0,2,4,380,0,292.89,0,4.78
7075,0,-1,0,323,2,0.5,0,1,1,826,1,121.64,0,2.26
7076,0,-1,0,1623,4,0.25,0,1,3,76,0,715.53,0,0.9
7077,0,-1,0,4,3,0.0,0,2,2,156,1,660.81,0,50
7078,0,-1,0,482,1,0.0,0,1,3,36,0,321.97,0,0.76
7079,0,-1,0,457,2,0.5,0,1,1,36,1,484.63,0,1.6
7080,0,-1,0,9,3,0.667,0,1,1,840,1,162.21,0,50
7081,0,-1,0,1296,5,0.4,0,1,3,484,0,1535.37,0,1.41
7082,0,-1,0,45,4,0.0,0,1,1,124,1,505.27,0,32.44
7083,0,-1,0,1073,3,0.0,0,2,2,276,0,818.97,0,1.02
7084,0,-1,0,221,9,0.333,0,1,3,410,1,372.47,0,14.86
7085,0,-1,0,1880,5,0.0,0,2,2,356,1,873.89,0,0.97
7086,0,-1,0,1125,2,0.0,0,2,4,528,1,331.45,0,0.65
7087,0,-1,0,1176,2,0.0,0,2,4,156,0,187.08,0,0.62
7088,0,-1,0,1917,2,0.0,0,1,2,156,1,553.44,0,0.38
7089,0,-1,0,28,1,1.0,0,1,1,528,1,433.1,0,13.04
7090,0,-1,0,83,1,0.0,0,1,2,250,1,164.93,0,4.4
7091,0,-1,0,28,2,0.0,0,1,3,840,1,204.02,0,26.07
7092,0,-1,0,515,2,1.0,0,1,1,276,0,375.91,0,1.42
7093,0,-1,0,92,5,0.4,0,2,3,392,0,1390.04,0,19.84
7094,0,-1,0,1614,4,0.0,0,1,1,840,1,260.57,0,0.9
7095,0,-1,0,193,2,0.0,0,1,1,76,1,160.98,0,3.78
7096,0,-1,0,817,1,1.0,0,1,2,124,1,159.49,0,0.45
7097,0,-1,0,387,2,0.5,0,3,3,484,0,735.74,0,1.89
7098,0,-1,0,816,1,0.0,0,1,2,156,0,213.82,0,0.45
7099,0,-1,0,1516,3,0.333,0,1,1,840,0,97.34,0,0.72
7100,0,-1,0,25,2,0.5,0,1,2,840,0,860.5,0,29.2
7101,0,-1,0,775,1,0.0,0,1,2,528,0,210.33,0,0.47
7102,0,-1,0,571,3,0.0,0,1,1,36,1,508.48,0,1.92
7103,0,-1,0,1195,1,0.0,0,2,2,826,1,143.0,0,0.31
7104,0,-1,0,26,5,0.4,0,1,1,724,1,450.39,0,50
7105,0,-1,0,1971,1,1.0,0,2,4,76,1,380.75,0,0.19
7106,0,-1,0,1952,7,0.143,0,1,3,840,0,1879.05,0,1.31
7107,0,-1,0,395,2,0.5,0,1,3,250,1,388.59,0,1.85
7108,0,-1,0,1698,1,1.0,0,1,2,356,0,762.92,0,0.21
7109,0,-1,0,1507,1,0.0,0,1,3,156,1,607.63,0,0.24
7110,0,-1,0,1899,1,0.0,0,2,4,840,1,802.72,0,0.19
7111,0,-1,0,22,4,0.0,0,1,2,392,1,865.55,0,50
7112,0,-1,0,1282,7,0.286,0,1,3,276,1,837.75,0,1.99
7113,0,-1,0,12,1,1.0,0,2,3,826,1,813.37,0,30.42
7114,0,-1,0,320,2,0.0,0,2,2,124,1,468.78,0,2.28
7115,0,-1,0,1743,3,0.333,0,4,5,250,1,324.09,0,0.63
7116,0,-1,0,1827,2,0.0,0,3,4,156,0,569.48,0,0.4
7117,0,-1,0,14,1,1.0,0,1,3,250,1,472.22,0,26.07
7118,0,-1,0,900,2,0.0,0,3,4,156,1,457.68,0,0.81
7119,0,-1,0,1807,6,0.167,0,1,3,76,1,895.44,0,1.21
7120,0,-1,0,26,1,1.0,0,4,4,156,0,79.05,0,14.04
7121,0,-1,0,1527,1,0.0,0,1,1,156,1,1295.38,0,0.24
7122,0,-1,0,746,1,0.0,0,1,2,76,1,1006.19,0,0.49
7123,0,-1,0,1784,1,0.0,0,2,2,156,1,311.85,0,0.2
7124,0,-1,0,1914,2,0.0,0,2,2,840,1,490.34,0,0.38
7125,0,-1,0,1497,1,0.0,0,1,3,356,0,393.59,0,0.24
7126,0,-1,0,16,9,0.111,0,3,3,840,1,240.21,0,50
7127,0,-1,0,1726,1,0.0,0,2,4,36,1,248.28,0,0.21
7128,0,-1,0,706,2,0.0,0,1,1,840,1,367.96,0,1.03
7129,0,-1,0,755,7,0.143,0,1,1,840,1,910.14,0,3.38
7130,0,-1,0,1957,1,1.0,0,2,3,840,1,746.98,0,0.19
7131,0,-1,0,304,2,0.0,0,2,4,528,1,295.76,0,2.4
7132,0,-1,0,735,7,0.143,0,1,1,76,1,331.22,0,3.48
7133,0,-1,0,291,3,0.333,0,2,2,724,0,522.95,0,3.76
7134,0,-1,0,1956,2,0.0,0,2,2,36,1,216.37,0,0.37
7135,0,-1,0,664,4,0.25,0,3,5,36,1,817.54,0,2.2
7136,0,-1,0,1453,1,0.0,0,2,4,156,1,617.88,0,0.25
7137,0,-1,0,1145,3,0.0,0,1,1,36,0,837.52,0,0.96
7138,0,-1,0,366,2,0.0,0,1,3,826,1,308.75,0,1.99
7139,0,-1,0,2,3,0.0,0,2,4,392,1,230.54,0,50
7140,0,-1,0,1585,3,0.0,0,1,2,380,0,414.16,0,0.69
7141,0,-1,0,1678,7,0.429,0,1,2,410,1,879.71,0,1.52
7142,0,-1,0,1492,3,0.0,0,3,4,76,1,1427.11,0,0.73
7143,0,-1,0,1285,2,0.5,0,2,3,156,0,1883.56,0,0.57
7144,0,-1,0,966,2,0.5,0,1,2,124,1,2242.6,0,0.76
7145,0,-1,0,77,3,0.333,0,2,2,840,1,369.42,0,14.22
7146,0,-1,0,18,2,0.5,0,3,4,840,1,1375.26,0,40.56
7147,0,-1,0,1584,5,0.4,0,2,3,36,1,292.12,0,1.15
7148,0,-1,0,1031,4,0.25,0,2,3,392,0,117.35,0,1.42
7149,0,-1,0,496,2,0.5,0,3,5,76,1,858.93,0,1.47
7150,0,-1,0,1639,1,0.0,0,2,3,840,1,773.25,0,0.22
7151,0,-1,0,1207,3,0.0,0,1,3,410,1,1189.54,0,0.91
7152,0,-1,0,44,4,0.25,0,2,4,124,0,190.43,0,33.18
7153,0,-1,0,903,3,0.333,0,1,3,124,0,341.18,0,1.21
7154,0,-1,0,1710,1,0.0,0,2,3,36,1,580.64,0,0.21
7155,0,-1,0,3,1,0.0,0,1,2,356,0,1696.78,0,50
7156,0,-1,0,19,4,0.25,0,2,4,76,0,225.72,0,50
7157,0,-1,0,1699,3,0.667,0,1,3,156,1,878.61,0,0.64
7158,0,-1,0,649,2,0.5,0,2,2,124,1,450.38,0,1.12
7159,0,-1,0,1558,1,0.0,0,1,1,410,1,474.13,0,0.23
7160,0,-1,0,282,7,0.143,0,1,3,76,1,410.79,0,9.06
7161,0,-1,0,1577,1,0.0,0,1,2,250,0,218.7,0,0.23
7162,0,-1,0,464,5,0.2,0,1,2,276,0,189.42,0,3.93
7163,0,-1,0,26,1,0.0,0,1,3,124,0,184.88,0,14.04
7164,0,-1,0,977,1,0.0,0,1,1,528,1,375.2,0,0.37
7165,0,-1,0,661,2,0.5,0,1,1,250,1,1528.07,0,1.1
7166,0,-1,0,27,2,0.0,0,1,3,392,0,337.86,0,27.04
7167,0,-1,0,636,1,0.0,0,2,4,276,0,430.59,0,0.57
7168,0,-1,0,239,1,0.0,0,2,2,124,0,272.65,0,1.53
7169,0,-1,0,1357,5,0.2,0,1,1,76,0,218.48,0,1.34
7170,0,-1,0,655,13,0.308,0,2,2,250,1,407.36,0,7.24
7171,0,-1,0,895,2,0.0,0,3,4,36,0,458.27,0,0.82
7172,0,-1,0,941,7,0.286,0,1,1,840,1,341.72,0,2.72
7173,0,-1,0,17,4,0.0,0,1,1,484,0,807.97,0,50
7174,0,-1,0,635,1,1.0,0,2,3,724,1,331.54,0,0.57
7175,0,-1,0,874,5,0.0,0,1,2,76,1,600.48,0,2.09
7176,0,-1,0,380,1,0.0,0,1,3,276,1,1000.23,0,0.96
7177,0,-1,0,1144,1,0.0,0,1,3,156,1,1027.59,0,0.32
7178,0,-1,0,642,2,0.0,0,1,3,528,1,166.82,0,1.14
7179,0,-1,0,1661,1,0.0,0,2,3,124,1,280.76,0,0.22
7180,0,-1,0,8,5,0.2,0,1,1,356,1,1063.06,0,50
7181,0,-1,0,1871,7,0.571,0,1,1,826,1,1371.16,0,1.37
7182,0,-1,0,1166,1,0.0,0,1,3,840,1,210.25,0,0.31
7183,0,-1,0,633,6,0.167,0,1,2,826,1,821.39,0,3.46
7184,0,-1,0,1774,2,0.5,0,1,3,156,0,290.78,0,0.41
7185,0,-1,0,1,1,0.0,0,1,2,124,1,576.91,0,50
7186,0,-1,0,256,1,0.0,0,3,3,380,0,929.93,0,1.43
7187,0,-1,0,262,1,0.0,0,1,2,156,1,404.74,0,1.39
7188,0,-1,0,312,4,0.75,0,3,5,156,0,142.78,0,4.68
7189,0,-1,0,619,1,0.0,0,2,3,356,1,773.06,0,0.59
7190,0,-1,0,315,1,0.0,0,2,4,840,0,525.09,0,1.16
7191,0,-1,0,216,2,0.0,0,1,1,250,0,730.94,0,3.38
7192,0,-1,0,148,2,0.0,0,1,3,840,1,235.15,0,4.93
7193,0,-1,0,1290,11,0.091,0,2,4,156,1,871.29,0,3.11
7194,0,-1,0,1764,3,0.333,0,1,2,76,1,216.85,0,0.62
7195,0,-1,0,794,4,0.0,0,1,3,276,1,541.55,0,1.84
7196,0,-1,0,8,1,0.0,0,1,2,250,1,195.16,0,45.62
7197,0,-1,0,1904,1,0.0,0,1,3,840,0,321.22,0,0.19
7198,0,-1,0,615,3,0.333,0,1,1,124,1,876.88,0,1.78
7199,0,-1,0,15,7,0.0,0,1,1,484,1,1480.12,0,50
7200,0,-1,0,15,5,0.4,0,1,3,250,0,649.55,0,50
7201,0,-1,0,20,3,0.0,0,2,3,276,1,236.73,0,50
7202,0,-1,0,746,1,0.0,0,4,4,250,0,294.93,0,0.49
7203,0,-1,0,761,6,0.167,0,1,1,156,0,131.0,0,2.88
7204,0,-1,0,492,5,0.2,0,2,2,156,0,722.98,0,3.71
7205,0,-1,0,1935,1,0.0,0,1,3,76,1,124.83,0,0.19
7206,0,-1,0,1188,1,0.0,0,1,3,840,1,380.61,0,0.31
7207,0,-1,0,110,1,0.0,0,1,1,250,1,192.78,0,3.32
7208,0,-1,0,15,1,1.0,0,2,2,840,0,536.7,0,24.33
7209,0,-1,0,435,3,0.0,0,2,2,356,1,221.47,0,2.52
7210,0,-1,0,1572,3,0.0,0,2,3,156,1,1787.93,0,0.7
7211,0,-1,0,1332,1,1.0,0,1,2,276,1,371.28,0,0.27
7212,0,-1,0,577,2,0.0,0,3,3,250,1,349.97,0,1.27
7213,0,-1,0,560,1,0.0,0,2,2,380,0,238.65,0,0.65
7214,0,-1,0,2,3,0.333,0,1,2,36,1,648.83,0,50
7215,0,-1,0,823,3,0.0,0,1,1,250,1,437.16,0,1.33
7216,0,-1,0,382,3,0.0,0,1,1,410,0,1566.79,0,2.87
7217,0,-1,0,191,3,0.0,0,1,3,276,0,455.64,0,5.73
7218,0,-1,0,1444,1,0.0,0,2,3,156,1,254.13,0,0.25
7219,0,-1,0,916,1,0.0,0,2,3,840,0,773.74,0,0.4
7220,0,-1,0,869,1,0.0,0,1,1,276,1,471.93,0,0.42
7221,0,-1,0,107,2,0.0,0,2,4,250,0,619.77,0,6.82
7222,0,-1,0,831,6,0.167,0,2,2,826,1,611.58,0,2.64
7223,0,-1,0,1503,2,0.0,0,1,1,840,1,270.23,0,0.49
7224,0,-1,0,3,2,0.0,0,1,2,156,0,303.34,0,50
7225,0,-1,0,13,1,0.0,0,1,1,840,0,451.21,0,28.08
7226,0,-1,0,1248,5,0.2,0,1,1,276,1,640.06,0,1.46
7227,0,-1,0,1763,1,0.0,0,1,1,840,1,111.76,0,0.21
7228,0,-1,0,1160,1,0.0,0,1,2,250,0,302.18,0,0.31
7229,0,-1,0,1516,6,0.0,0,3,4,124,1,900.72,0,1.44
7230,0,-1,0,383,2,0.0,0,2,4,484,1,452.19,0,1.91
7231,0,-1,0,727,3,0.0,0,2,3,276,1,221.35,0,1.51
7232,0,-1,0,214,1,0.0,0,1,2,250,1,323.75,0,1.71
7233,0,-1,0,1749,3,0.333,0,1,2,840,0,652.73,0,0.63
7234,0,-1,0,669,2,0.0,0,3,3,156,0,287.3,0,1.09
7235,0,-1,0,1982,1,0.0,0,1,2,276,0,431.58,0,0.18
7236,0,-1,0,517,11,0.182,0,1,2,484,1,284.88,0,7.77
7237,0,-1,0,31,4,0.25,0,1,1,380,1,759.19,0,47.1
7238,0,-1,0,272,2,0.0,0,1,2,840,1,1264.05,0,2.68
7239,0,-1,0,122,1,0.0,0,1,2,276,0,696.89,0,2.99
7240,0,-1,0,4,2,0.0,0,2,3,356,0,800.8,0,50
7241,0,-1,0,113,2,0.5,0,1,1,276,0,1385.52,0,6.46
7242,0,-1,0,1593,2,0.0,0,1,1,484,1,608.53,0,0.46
7243,0,-1,0,660,1,0.0,0,2,2,724,1,532.16,0,0.55
7244,0,-1,0,1,1,0.0,0,1,1,840,1,886.84,0,50
7245,0,-1,0,1402,4,0.0,0,2,4,156,1,679.63,0,1.04
7246,0,-1,0,1796,2,0.0,0,1,2,156,1,514.98,0,0.41
7247,0,-1,0,977,2,0.0,0,1,2,380,1,230.24,0,0.75
7248,0,-1,0,491,2,0.0,0,2,2,840,1,382.64,0,1.49
7249,0,-1,0,10,2,0.0,0,2,2,124,1,1002.62,0,50
7250,0,-1,0,892,6,0.333,0,3,4,276,1,781.43,0,2.46
7251,0,-1,0,276,5,0.4,0,1,2,840,1,326.85,0,6.61
7252,0,-1,0,23,1,0.0,0,1,3,840,0,665.33,0,15.87
7253,0,-1,0,1551,1,0.0,0,1,3,156,1,503.29,0,0.24
7254,0,-1,0,903,6,0.0,0,1,3,840,1,468.41,0,2.43
7255,0,-1,0,416,3,0.333,0,1,3,840,0,1399.74,0,2.63
7256,0,-1,0,392,1,1.0,0,2,4,410,0,816.42,0,0.93
7257,0,-1,0,386,1,0.0,0,2,2,826,1,353.96,0,0.95
7258,0,-1,0,1926,3,0.0,0,1,2,380,1,824.43,0,0.57
7259,0,-1,0,158,4,0.0,0,2,2,826,1,236.97,0,9.24
7260,0,-1,0,902,5,0.0,0,3,3,156,1,422.1,0,2.02
7261,0,-1,0,1273,3,0.0,0,2,4,392,0,802.18,0,0.86
7262,0,-1,0,324,1,0.0,0,1,2,250,0,91.08,0,1.13
7263,0,-1,0,18,1,0.0,0,1,3,840,0,257.54,0,20.28
7264,0,-1,0,1258,4,0.25,0,1,1,250,0,1459.54,0,1.16
7265,0,-1,0,1545,2,0.0,0,1,3,840,1,146.12,0,0.47
7266,0,-1,0,1757,9,0.333,0,2,3,124,1,662.44,0,1.87
7267,0,-1,0,808,2,0.0,0,1,1,276,0,240.2,0,0.9
7268,0,-1,0,156,1,0.0,0,1,2,250,0,1900.12,0,2.34
7269,0,-1,0,1891,1,0.0,0,1,3,840,1,999.78,0,0.19
7270,0,-1,0,1152,2,0.0,0,4,4,392,0,242.98,0,0.63
7271,0,-1,0,939,1,1.0,0,1,2,250,0,585.8,0,0.39
7272,0,-1,0,265,3,0.333,0,2,2,840,1,273.36,0,4.13
7273,0,-1,0,296,3,0.0,0,4,5,36,0,1072.67,0,3.7
7274,0,-1,0,414,4,0.25,0,1,2,840,0,298.57,0,3.53
7275,0,-1,0,418,2,0.5,0,1,2,826,1,650.88,0,1.75
7276,0,-1,0,1959,4,0.25,0,2,2,380,1,159.86,0,0.75
7277,0,-1,0,1516,1,0.0,0,1,1,826,1,364.64,0,0.24
7278,0,-1,0,1,3,0.333,0,1,3,250,1,378.9,0,50
7279,0,-1,0,6,9,0.333,0,1,1,840,1,334.01,0,50
7280,0,-1,0,531,1,0.0,0,3,3,124,1,647.62,0,0.69
7281,0,-1,0,419,2,0.5,0,1,2,840,1,1017.97,0,1.74
7282,0,-1,0,1470,5,0.4,0,1,2,250,1,2787.93,0,1.24
7283,0,-1,0,299,2,0.0,0,2,4,410,0,320.43,0,2.44
7284,0,-1,0,732,2,0.0,0,1,3,276,1,464.31,0,1.0
7285,0,-1,0,1140,6,0.333,0,3,4,76,1,162.36,0,1.92
7286,0,-1,0,1188,5,0.4,0,2,3,276,1,579.89,0,1.54
7287,0,-1,0,1408,2,0.5,0,4,4,724,1,280.12,0,0.52
7288,0,-1,0,1023,1,0.0,0,2,4,276,1,1019.7,0,0.36
7289,0,-1,0,57,2,0.0,0,1,3,528,1,644.54,0,12.81
7290,0,-1,0,1773,3,0.0,0,4,4,840,0,353.94,0,0.62
7291,0,-1,0,176,5,0.0,0,1,1,840,1,219.42,0,10.37
7292,0,-1,0,509,5,0.0,0,2,3,156,1,508.31,0,3.59
7293,0,-1,0,219,1,0.0,0,1,3,156,1,425.76,0,1.67
7294,0,-1,0,1588,1,0.0,0,1,1,528,1,1105.44,0,0.23
7295,0,-1,0,13,5,0.2,0,2,3,76,1,910.31,0,50
7296,0,-1,0,1197,2,0.5,0,2,4,840,1,491.34,0,0.61
7297,0,-1,0,1892,3,0.0,0,1,2,36,1,881.39,0,0.58
7298,0,-1,0,1706,2,0.0,0,1,3,392,1,460.21,0,0.43
7299,0,-1,0,519,2,0.0,0,1,1,840,1,308.55,0,1.41
7300,0,-1,0,1537,5,0.0,0,1,2,826,0,1013.95,0,1.19
7301,0,-1,0,68,4,0.25,0,1,3,76,1,1130.1,0,21.47
7302,0,-1,0,27,1,0.0,0,1,2,124,1,691.31,0,13.52
7303,0,-1,0,396,8,0.0,0,1,2,76,1,309.77,0,7.37
7304,0,-1,0,1944,1,1.0,0,1,3,840,1,582.89,0,0.19
7305,0,-1,0,1125,5,0.2,0,1,2,276,0,399.27,0,1.62
7306,0,-1,0,504,6,0.167,0,2,4,156,1,61.85,0,4.35
7307,0,-1,0,1107,2,0.0,0,1,2,380,1,572.42,0,0.66
7308,0,-1,0,29,1,0.0,0,1,2,276,1,544.76,0,12.59
7309,0,-1,0,1024,2,0.0,0,2,4,392,1,602.7,0,0.71
7310,0,-1,0,813,9,0.0,0,1,1,840,1,1022.88,0,4.04
7311,0,-1,0,1794,2,0.0,0,2,2,156,0,178.48,0,0.41
7312,0,-1,0,531,2,0.5,0,1,2,724,1,313.33,0,1.37
7313,0,-1,0,1227,4,0.0,0,1,1,392,1,894.18,0,1.19
7314,0,-1,0,849,1,0.0,0,2,3,156,1,876.16,0,0.43
7315,0,-1,0,635,3,0.0,0,1,1,840,1,1708.98,0,1.72
7316,0,-1,0,1623,2,0.0,0,1,1,826,1,332.91,0,0.45
7317,0,-1,0,502,4,0.5,0,1,3,840,1,830.97,0,2.91
7318,0,-1,0,597,1,0.0,0,1,2,156,0,185.96,0,0.61
7319,0,-1,0,1795,4,0.0,0,1,3,356,1,549.8,0,0.81
7320,0,-1,0,1138,3,0.0,0,1,3,826,1,432.01,0,0.96
7321,0,-1,0,1520,3,0.333,0,1,3,276,0,368.39,0,0.72
7322,0,-1,0,1854,3,0.0,0,2,4,156,1,145.73,0,0.59
7323,0,-1,0,582,1,1.0,0,2,2,410,1,520.0,0,0.63
7324,0,-1,0,1926,1,0.0,0,4,5,724,1,588.11,0,0.19
7325,0,-1,0,1719,3,0.0,0,2,3,840,0,609.13,0,0.64
7326,0,-1,0,302,1,0.0,0,1,1,840,1,495.43,0,1.21
7327,0,-1,0,70,8,0.0,0,1,1,528,1,144.99,0,41.71
7328,0,-1,0,764,2,0.0,0,2,4,156,0,982.38,0,0.96
7329,0,-1,0,1710,1,0.0,0,1,1,250,1,1018.52,0,0.21
7330,0,-1,0,465,4,0.25,0,1,1,76,1,142.11,0,3.14
7331,0,-1,0,853,3,0.667,0,1,3,356,1,1269.99,0,1.28
7332,0,-1,0,908,1,0.0,0,2,3,36,1,1414.1,0,0.4
7333,0,-1,0,603,1,0.0,0,1,2,826,1,361.33,0,0.61
7334,0,-1,0,913,3,0.0,0,1,3,840,1,462.02,0,1.2
7335,0,-1,0,882,1,0.0,0,2,3,250,1,900.97,0,0.41
7336,0,-1,0,319,1,0.0,0,2,3,840,1,608.88,0,1.14
7337,0,-1,0,762,3,0.333,0,1,3,156,0,387.25,0,1.44
7338,0,-1,0,1770,5,0.6,0,1,1,156,1,823.07,0,1.03
7339,0,-1,0,1,4,0.25,0,1,3,724,1,511.38,0,50
7340,0,-1,0,123,1,0.0,0,1,2,528,0,440.05,0,2.97
7341,0,-1,0,25,1,0.0,0,2,2,156,1,731.54,0,14.6
7342,0,-1,0,1380,2,0.0,0,1,3,276,0,764.31,0,0.53
7343,0,-1,0,813,10,0.1,0,1,3,356,1,218.28,0,4.49
7344,0,-1,0,5,3,0.0,0,3,5,826,1,286.18,0,50
7345,0,-1,0,1349,2,1.0,0,1,3,276,1,1104.85,0,0.54
7346,0,-1,0,1735,2,0.0,0,1,1,156,1,795.76,0,0.42
7347,0,-1,0,1772,1,0.0,0,1,2,840,1,506.95,0,0.21
7348,0,-1,0,396,1,0.0,0,2,3,276,0,951.07,0,0.92
7349,0,-1,0,1777,3,0.0,0,1,2,840,1,494.86,0,0.62
7350,0,-1,0,1224,3,0.0,0,2,4,380,0,155.28,0,0.89
7351,0,-1,0,651,3,0.0,0,1,1,840,1,176.56,0,1.68
7352,0,-1,0,29,2,0.0,0,1,3,840,0,229.16,0,25.17
7353,0,-1,0,1126,9,0.111,0,2,4,276,1,535.9,0,2.92
7354,0,-1,0,568,5,0.2,0,1,2,250,0,472.3,0,3.21
7355,0,-1,0,50,1,1.0,0,1,1,826,1,607.04,0,7.3
7356,0,-1,0,1904,10,0.0,0,1,2,826,1,337.74,0,1.92
7357,0,-1,0,19,1,0.0,0,1,1,840,1,74.63,0,19.21
7358,0,-1,0,2,1,0.0,0,1,3,840,0,280.12,0,50
7359,0,-1,0,15,2,0.0,0,1,3,380,1,326.11,0,48.67
7360,0,-1,0,579,3,0.667,0,2,2,826,0,288.55,0,1.89
7361,0,-1,0,1924,3,0.0,0,1,2,156,0,610.59,0,0.57
7362,0,-1,0,1842,1,0.0,0,1,2,250,1,352.24,0,0.2
7363,0,-1,0,437,1,0.0,0,1,3,356,1,151.07,0,0.84
7364,0,-1,0,867,2,0.5,0,1,2,250,0,713.83,0,0.84
7365,0,-1,0,22,6,0.167,0,1,2,840,1,911.83,0,50
7366,0,-1,0,12,6,0.333,0,4,4,840,1,263.05,0,50
7367,0,-1,0,82,3,0.333,0,2,2,156,1,777.52,0,13.35
7368,0,-1,0,127,10,0.3,0,1,1,840,1,448.04,0,28.74
7369,0,-1,0,1785,2,0.0,0,1,1,250,1,493.52,0,0.41
7370,0,-1,0,1481,5,0.2,0,1,1,156,0,1043.34,0,1.23
7371,0,-1,0,1882,7,0.143,0,2,2,840,1,342.97,0,1.36
7372,0,-1,0,1744,5,0.2,0,1,3,156,1,436.28,0,1.05
7373,0,-1,0,1607,5,0.0,0,1,2,276,1,89.13,0,1.14
7374,0,-1,0,642,5,0.0,0,1,3,826,0,698.11,0,2.84
7375,0,-1,0,14,1,0.0,0,1,3,826,0,568.16,0,26.07
7376,0,-1,0,1920,3,0.333,0,1,1,826,0,1147.87,0,0.57
7377,0,-1,0,1979,9,0.111,0,1,2,76,1,1517.21,0,1.66
7378,0,-1,0,1104,3,0.333,0,2,3,410,1,237.71,0,0.99
7379,0,-1,0,866,3,0.0,0,2,2,156,1,443.78,0,1.26
7380,0,-1,0,85,3,0.0,0,1,1,156,1,247.54,0,12.88
7381,0,-1,0,39,2,0.5,0,1,2,724,1,1089.19,0,18.72
7382,0,-1,0,894,8,0.0,0,2,2,484,1,508.67,0,3.27
7383,0,-1,0,548,2,0.0,0,1,1,484,0,311.33,0,1.33
7384,0,-1,0,1805,2,0.0,0,2,4,356,0,1382.86,0,0.4
7385,0,-1,0,1034,1,0.0,0,1,2,276,1,873.75,0,0.35
7386,0,-1,0,1108,2,0.5,0,1,1,276,1,1860.22,0,0.66
7387,0,-1,0,613,5,0.2,0,1,1,840,1,334.34,0,2.98
7388,0,-1,0,1680,1,0.0,0,1,2,826,1,588.07,0,0.22
7389,0,-1,0,1462,12,0.167,0,1,3,826,1,419.64,0,3.0
7390,0,-1,0,1934,1,0.0,0,1,3,840,0,503.17,0,0.19
7391,0,-1,0,1211,2,0.0,0,1,1,276,1,422.28,0,0.6
7392,0,-1,0,562,4,0.25,0,2,2,840,1,606.31,0,2.6
7393,0,-1,0,1758,10,0.0,0,2,2,124,1,154.9,0,2.08
7394,0,-1,0,448,1,1.0,0,1,3,528,1,291.36,0,0.81
7395,0,-1,0,659,4,0.0,0,3,5,156,1,308.82,0,2.22
7396,0,-1,0,1872,3,0.667,0,1,1,276,1,782.35,0,0.58
7397,0,-1,0,14,3,0.0,0,1,3,826,0,461.81,0,50
7398,0,-1,0,832,4,0.75,0,1,2,156,1,847.25,0,1.75
7399,0,-1,0,446,5,0.0,0,2,3,156,1,780.56,0,4.09
7400,0,-1,0,1843,1,0.0,0,3,4,250,0,774.92,0,0.2
7401,0,-1,0,1961,1,0.0,0,1,1,840,0,105.12,0,0.19
7402,0,-1,0,1104,1,0.0,0,1,2,840,0,824.57,0,0.33
7403,0,-1,0,1822,1,1.0,0,1,2,840,0,145.46,0,0.2
7404,0,-1,0,1393,3,0.0,0,4,4,392,0,124.38,0,0.79
7405,0,-1,0,682,4,0.0,0,1,2,840,0,230.01,0,2.14
7406,0,-1,0,890,1,0.0,0,3,4,380,1,1229.44,0,0.41
7407,0,-1,0,1222,5,0.4,0,2,3,76,0,391.23,0,1.49
7408,0,-1,0,273,1,0.0,0,1,2,76,1,145.62,0,1.34
7409,0,-1,0,12,3,0.667,0,1,3,76,0,292.77,0,50
7410,0,-1,0,1893,1,0.0,0,2,4,276,1,1769.44,0,0.19
7411,0,-1,0,12,1,0.0,0,1,1,826,1,1208.07,0,30.42
7412,0,-1,0,1702,1,0.0,0,1,1,410,0,364.81,0,0.21
7413,0,-1,0,1946,1,0.0,0,2,4,156,1,886.84,0,0.19
7414,0,-1,0,1239,7,0.143,0,1,3,156,1,363.84,0,2.06
7415,0,-1,0,1173,2,0.0,0,3,5,156,0,1895.77,0,0.62
7416,0,-1,0,1426,1,0.0,0,1,3,156,0,842.71,0,0.26
7417,0,-1,0,1374,1,1.0,0,1,1,840,1,983.31,0,0.27
7418,0,-1,0,1428,1,0.0,0,1,1,276,0,458.81,0,0.26
7419,0,-1,0,703,3,0.333,0,1,2,276,1,608.31,0,1.56
7420,0,-1,0,32,2,0.0,0,1,3,36,1,370.87,0,22.81
7421,0,-1,0,1070,1,0.0,0,3,5,392,0,388.47,0,0.34
7422,0,-1,0,469,2,1.0,0,1,1,380,0,441.05,0,1.56
7423,0,-1,0,1503,2,0.0,0,3,3,410,0,789.7,0,0.49
7424,0,-1,0,26,1,0.0,0,2,4,276,0,611.0,0,14.04
7425,0,-1,0,1600,4,0.25,0,1,1,156,0,626.93,0,0.91
7426,0,-1,0,1995,3,0.0,0,1,2,36,0,408.23,0,0.55
7427,0,-1,0,287,3,0.667,0,1,2,36,1,358.61,0,3.82
7428,0,-1,0,1058,2,0.0,0,1,1,124,1,796.5,0,0.69
7429,0,-1,0,1426,2,0.5,0,1,1,276,1,269.65,0,0.51
7430,0,-1,0,1226,3,0.333,0,1,3,826,0,530.89,0,0.89
7431,0,-1,0,1589,3,0.0,0,1,2,36,0,874.67,0,0.69
7432,0,-1,0,40,3,0.667,0,1,2,392,1,454.68,0,27.38
7433,0,-1,0,286,1,0.0,0,2,4,250,1,547.03,0,1.28
7434,0,-1,0,1667,2,0.0,0,1,3,840,1,133.37,0,0.44
7435,0,-1,0,1331,1,0.0,0,1,3,826,1,172.98,0,0.27
7436,0,-1,0,1253,3,0.333,0,2,3,528,0,320.57,0,0.87
7437,0,-1,0,382,3,0.333,0,1,3,840,1,1003.86,0,2.87
7438,0,-1,0,1,4,0.0,0,1,2,380,1,343.45,0,50
7439,0,-1,0,398,1,0.0,0,2,4,124,0,717.61,0,0.92
7440,0,-1,0,1822,1,1.0,0,1,3,124,0,350.93,0,0.2
7441,0,-1,0,293,2,0.5,0,2,2,250,0,510.02,0,2.49
7442,0,-1,0,1987,3,0.0,0,1,1,840,0,418.89,0,0.55
7443,0,-1,0,1509,1,0.0,0,3,3,156,0,472.06,0,0.24
7444,0,-1,0,1601,4,0.25,0,3,4,124,1,653.93,0,0.91
7445,0,-1,0,1,3,0.667,0,1,1,840,0,515.55,0,50
7446,0,-1,0,24,4,0.0,0,1,3,840,1,571.18,0,50
7447,0,-1,0,446,7,0.0,0,1,1,356,1,200.08,0,5.73
7448,0,-1,0,8,6,0.0,0,3,3,276,1,533.94,0,50
7449,0,-1,0,513,8,0.125,0,1,2,250,1,799.67,0,5.69
7450,0,-1,0,513,3,0.333,0,2,4,156,0,418.55,0,2.13
7451,0,-1,0,623,4,0.25,0,1,2,484,1,397.13,0,2.34
7452,0,-1,0,304,2,0.0,0,1,1,250,1,311.26,0,2.4
7453,0,-1,0,1528,11,0.182,0,3,4,124,1,707.71,0,2.63
7454,0,-1,0,913,4,0.25,0,1,3,392,0,460.33,0,1.6
7455,0,-1,0,15,2,1.0,0,1,1,156,0,235.83,0,48.67
7456,0,-1,0,1213,1,0.0,0,1,1,156,1,841.1,0,0.3
7457,0,-1,0,8,9,0.111,0,1,3,392,1,835.18,0,50
7458,0,-1,0,640,2,0.5,0,1,1,840,0,992.35,0,1.14
7459,0,-1,0,515,3,0.333,0,2,2,36,1,279.34,0,2.13
7460,0,-1,0,1920,1,0.0,0,1,1,124,0,299.74,0,0.19
7461,0,-1,0,11,3,0.667,0,1,3,392,1,389.31,0,50
7462,0,-1,0,1833,2,0.0,0,3,5,156,1,674.48,0,0.4
7463,0,-1,0,874,4,0.25,0,1,3,410,0,153.88,0,1.67
7464,0,-1,0,755,2,0.5,0,1,3,840,1,82.62,0,0.97
7465,0,-1,0,1013,6,0.167,0,1,2,392,0,511.42,0,2.16
7466,0,-1,0,9,2,0.5,0,1,2,840,0,746.12,0,50
7467,0,-1,0,4,3,0.0,0,1,3,356,1,332.38,0,50
7468,0,-1,0,241,4,0.5,0,1,1,826,1,295.25,0,6.06
7469,0,-1,0,14,1,0.0,0,3,4,156,1,332.26,0,26.07
7470,0,-1,0,1581,1,0.0,0,2,3,840,1,173.75,0,0.23
7471,0,-1,0,1178,2,0.5,0,1,2,826,1,1047.24,0,0.62
7472,0,-1,0,1179,4,0.0,0,1,3,528,1,769.57,0,1.24
7473,0,-1,0,869,1,0.0,0,1,3,826,1,860.73,0,0.42
7474,0,-1,0,1959,2,0.5,0,1,2,124,0,278.12,0,0.37
7475,0,-1,0,1265,4,0.0,0,1,1,250,1,601.41,0,1.15
7476,0,-1,0,818,1,0.0,0,2,2,156,0,218.28,0,0.45
7477,0,-1,0,578,1,0.0,0,4,4,356,0,300.62,0,0.63
7478,0,-1,0,1081,1,0.0,0,1,2,156,0,1077.97,0,0.34
7479,0,-1,0,1894,8,0.125,0,1,2,840,1,569.27,0,1.54
7480,0,-1,0,1598,2,0.0,0,2,3,392,0,442.53,0,0.46
7481,0,-1,0,1197,1,0.0,0,2,3,276,0,424.75,0,0.3
7482,0,-1,0,948,4,0.25,0,2,4,392,1,859.7,0,1.54
7483,0,-1,0,1719,1,0.0,0,1,3,124,1,1052.4,0,0.21
7484,0,-1,0,97,3,0.0,0,1,3,156,1,292.2,0,11.29
7485,0,-1,0,1069,3,0.667,0,1,3,840,0,424.05,0,1.02
7486,0,-1,0,875,2,0.5,0,1,3,356,0,872.14,0,0.83
7487,0,-1,0,1151,1,0.0,0,2,2,156,1,423.1,0,0.32
7488,0,-1,0,947,3,0.0,0,2,4,36,1,1279.67,0,1.16
7489,0,-1,0,234,2,0.0,0,1,1,276,0,133.36,0,3.12
7490,0,-1,0,1766,2,0.0,0,2,2,840,0,691.34,0,0.41
7491,0,-1,0,249,1,0.0,0,1,1,410,1,200.46,0,1.47
7492,0,-1,0,233,3,0.333,0,1,2,484,0,200.52,0,4.7
7493,0,-1,0,149,2,0.0,0,1,1,724,0,250.31,0,4.9
7494,0,-1,0,10,1,0.0,0,1,2,36,1,495.5,0,36.5
7495,0,-1,0,1800,4,0.5,0,1,3,528,1,227.01,0,0.81
7496,0,-1,0,1839,2,0.0,0,2,2,276,1,678.2,0,0.4
7497,0,-1,0,1099,10,0.0,0,1,2,76,1,818.15,0,3.32
7498,0,-1,0,1540,1,1.0,0,3,4,840,1,1176.73,0,0.24
7499,0,-1,0,16,1,0.0,0,1,1,36,1,522.55,0,22.81
7500,0,-1,0,859,8,0.5,0,2,4,380,1,526.67,0,3.4
7501,0,-1,0,1672,1,0.0,0,1,3,124,0,815.54,0,0.22
7502,0,-1,0,1615,1,0.0,0,1,2,156,1,937.96,0,0.23
7503,0,-1,0,13,1,0.0,0,4,5,840,0,467.31,0,28.08
7504,0,-1,0,784,9,0.333,0,1,1,826,1,338.89,0,4.19
7505,0,-1,0,263,2,0.5,0,1,2,276,1,672.05,0,2.78
7506,0,-1,0,1074,2,1.0,0,1,2,76,1,285.46,0,0.68
7507,0,-1,0,1903,1,0.0,0,1,1,826,0,546.37,0,0.19
7508,0,-1,0,777,1,0.0,0,2,2,156,0,488.73,0,0.47
7509,0,-1,0,1923,3,0.333,0,2,3,276,1,685.19,0,0.57
7510,0,-1,0,1931,4,0.0,0,1,1,840,0,427.39,0,0.76
7511,0,-1,0,1346,3,0.0,0,1,3,840,0,200.77,0,0.81
7512,0,-1,0,1319,6,0.0,0,1,3,840,1,719.24,0,1.66
7513,0,-1,0,1444,7,0.143,0,4,4,156,1,330.79,0,1.77
7514,0,-1,0,517,12,0.167,0,1,3,840,1,569.14,0,8.47
7515,0,-1,0,24,5,0.2,0,4,6,36,1,463.47,0,50
7516,0,-1,0,737,1,0.0,0,1,2,36,1,835.81,0,0.5
7517,0,-1,0,233,2,0.0,0,2,3,392,0,605.94,0,3.13
7518,0,-1,0,702,2,0.0,0,2,3,156,0,2038.2,0,1.04
7519,0,-1,0,123,2,0.5,0,2,2,528,1,174.4,0,5.93
7520,0,-1,0,1033,1,0.0,0,1,3,826,0,351.1,0,0.35
7521,0,-1,0,1362,7,0.143,0,1,2,156,1,602.84,0,1.88
7522,0,-1,0,1669,2,0.0,0,2,3,356,0,271.3,0,0.44
7523,0,-1,0,595,2,0.5,0,2,4,250,0,313.27,0,1.23
7524,0,-1,0,1106,1,0.0,0,1,3,36,1,413.27,0,0.33
7525,0,-1,0,1003,5,0.0,0,1,2,528,1,129.74,0,1.82
7526,0,-1,0,11,3,0.333,0,4,5,156,1,1207.71,0,50
7527,0,-1,0,50,2,0.0,0,1,3,250,0,184.62,0,14.6
7528,0,-1,0,1545,9,0.222,0,2,4,840,1,720.69,0,2.13
7529,0,-1,0,696,3,0.0,0,1,1,840,0,716.39,0,1.57
7530,0,-1,0,9,4,0.25,0,1,2,484,1,664.03,0,50
7531,0,-1,0,833,6,0.333,0,2,4,124,1,642.36,0,2.63
7532,0,-1,0,20,7,0.0,0,1,2,36,1,723.16,0,50
7533,0,-1,0,151,3,0.0,0,1,1,840,1,330.62,0,7.25
7534,0,-1,0,641,1,1.0,0,2,4,392,1,712.0,0,0.57
7535,0,-1,0,1675,3,0.333,0,2,2,76,0,373.57,0,0.65
7536,0,-1,0,341,2,0.0,0,1,1,392,0,195.65,0,2.14
7537,0,-1,0,220,6,0.0,0,2,3,840,1,796.51,0,9.95
7538,0,-1,0,1839,3,0.0,0,1,1,528,1,360.48,0,0.6
7539,0,-1,0,981,2,0.0,0,2,3,392,0,1583.9,0,0.74
7540,0,-1,0,1970,3,0.333,0,4,4,276,1,2589.51,0,0.56
7541,0,-1,0,1170,1,0.0,0,1,1,380,1,964.47,0,0.31
7542,0,-1,0,948,1,0.0,0,1,3,36,1,1575.14,0,0.39
7543,0,-1,0,1768,2,0.5,0,1,2,840,1,446.44,0,0.41
7544,0,-1,0,13,1,0.0,0,1,1,276,1,456.16,0,28.08
7545,0,-1,0,9,3,0.333,0,1,2,156,0,959.36,0,50
7546,0,-1,0,1966,5,0.4,0,1,1,156,0,747.74,0,0.93
7547,0,-1,0,946,2,0.0,0,1,1,156,1,205.06,0,0.77
7548,0,-1,0,4,1,0.0,0,3,5,250,1,94.91,0,50
7549,0,-1,0,838,2,0.5,0,1,3,410,0,190.88,0,0.87
7550,0,-1,0,1281,2,0.0,0,2,2,76,1,477.97,0,0.57
7551,0,-1,0,1771,1,0.0,0,1,3,76,1,881.51,0,0.21
7552,0,-1,0,830,2,0.5,0,1,1,840,0,220.05,0,0.88
7553,0,-1,0,1966,4,0.25,0,1,3,250,1,317.99,0,0.74
7554,0,-1,0,148,2,0.5,0,1,2,392,0,372.12,0,4.93
7555,0,-1,0,1344,1,0.0,0,1,3,156,0,561.22,0,0.27
7556,0,-1,0,111,4,0.25,0,1,3,76,1,123.42,0,13.15
7557,0,-1,0,1487,1,0.0,0,1,3,528,1,777.69,0,0.25
7558,0,-1,0,1,8,0.0,0,1,3,826,1,173.49,0,50
7559,0,-1,0,6,2,0.0,0,1,3,840,0,627.79,0,50
7560,0,-1,0,878,3,0.333,0,1,2,840,1,590.61,0,1.25
7561,0,-1,0,728,2,0.5,0,3,3,724,1,402.44,0,1.0
7562,0,-1,0,480,1,0.0,0,1,3,156,1,1082.71,0,0.76
7563,0,-1,0,25,6,0.167,0,1,1,36,1,2470.09,0,50
7564,0,-1,0,329,9,0.111,0,1,3,156,1,729.78,0,9.98
7565,0,-1,0,847,1,0.0,0,3,5,276,0,163.07,0,0.43
7566,0,-1,0,854,1,0.0,0,1,2,76,0,160.24,0,0.43
7567,0,-1,0,1010,6,0.167,0,1,3,356,0,181.23,0,2.17
7568,0,-1,0,130,3,0.667,0,2,3,840,0,606.31,0,8.42
7569,0,-1,0,1218,3,0.333,0,1,3,250,1,1236.47,0,0.9
7570,0,-1,0,51,3,0.0,0,2,2,840,0,453.73,0,21.47
7571,0,-1,0,1860,2,0.0,0,2,3,36,0,1212.7,0,0.39
7572,0,-1,0,1042,4,0.25,0,2,2,724,0,179.23,0,1.4
7573,0,-1,0,11,2,0.0,0,2,4,36,1,239.11,0,50
7574,0,-1,0,1974,2,1.0,0,3,4,826,1,370.08,0,0.37
7575,0,-1,0,1911,1,1.0,0,1,2,840,1,410.55,0,0.19
7576,0,-1,0,1772,2,0.0,0,2,4,76,1,919.62,0,0.41
7577,0,-1,0,1263,1,1.0,0,2,3,156,1,711.38,0,0.29
7578,0,-1,0,28,4,0.25,0,2,2,356,0,203.8,0,50
7579,0,-1,0,1650,6,0.167,0,2,3,826,1,320.36,0,1.33
7580,0,-1,0,46,5,0.4,0,1,3,840,1,498.7,0,39.67
7581,0,-1,0,466,1,0.0,0,1,2,76,0,630.18,0,0.78
7582,0,-1,0,635,1,0.0,0,1,2,156,0,429.81,0,0.57
7583,0,-1,0,1634,3,0.0,0,2,4,840,1,734.61,0,0.67
7584,0,-1,0,247,1,0.0,0,2,2,276,0,899.51,0,1.48
7585,0,-1,0,997,3,0.667,0,1,3,156,0,129.98,0,1.1
7586,0,-1,0,611,1,0.0,0,2,3,124,0,474.25,0,0.6
7587,0,-1,0,972,1,1.0,0,1,3,392,0,427.55,0,0.38
7588,0,-1,0,1771,1,0.0,0,1,1,250,0,468.07,0,0.21
7589,0,-1,0,1502,10,0.2,0,1,2,826,1,346.16,0,2.43
7590,0,-1,0,6,1,0.0,0,3,3,528,0,847.81,0,50
7591,0,-1,0,1428,3,0.0,0,1,3,840,0,3183.0,0,0.77
7592,0,-1,0,935,2,0.0,0,2,4,250,0,563.79,0,0.78
7593,0,-1,0,29,2,0.5,0,3,4,826,1,166.54,0,25.17
7594,0,-1,0,1363,2,0.0,0,1,2,840,0,217.82,0,0.54
7595,0,-1,0,482,2,0.0,0,2,4,76,0,290.54,0,1.51
7596,0,-1,0,1623,2,0.0,0,1,2,840,0,298.25,0,0.45
7597,0,-1,0,815,1,0.0,0,1,3,156,1,379.11,0,0.45
7598,0,-1,0,1273,7,0.0,0,1,1,276,1,163.3,0,2.01
7599,0,-1,0,287,1,0.0,0,2,4,250,0,39.24,0,1.27
7600,0,-1,0,521,2,1.0,0,2,4,250,1,622.94,0,1.4
7601,0,-1,0,1379,2,0.5,0,2,2,392,1,224.21,0,0.53
7602,0,-1,0,1730,3,0.333,0,1,3,724,0,328.46,0,0.63
7603,0,-1,0,141,1,0.0,0,1,3,840,0,889.55,0,2.59
7604,0,-1,0,1610,2,0.0,0,1,2,840,0,178.11,0,0.45
7605,0,-1,0,1132,4,0.25,0,1,2,36,1,280.07,0,1.29
7606,0,-1,0,807,3,0.0,0,2,3,840,0,755.12,0,1.36
7607,0,-1,0,1800,4,0.25,0,1,3,826,1,519.61,0,0.81
7608,0,-1,0,1336,1,1.0,0,1,3,826,0,369.36,0,0.27
7609,0,-1,0,785,1,0.0,0,1,2,276,1,426.98,0,0.46
7610,0,-1,0,14,1,0.0,0,4,5,528,1,1322.38,0,26.07
7611,0,-1,0,113,3,0.0,0,1,1,156,1,771.43,0,9.69
7612,0,-1,0,1053,3,0.0,0,2,4,250,0,260.96,0,1.04
7613,0,-1,0,28,6,0.0,0,1,1,156,0,360.42,0,50
7614,0,-1,0,927,3,0.0,0,1,1,840,0,86.67,0,1.18
7615,0,-1,0,1442,3,0.0,0,4,4,840,0,297.38,0,0.76
7616,0,-1,0,20,1,0.0,0,2,2,156,1,291.36,0,18.25
7617,0,-1,0,13,1,0.0,0,1,2,826,1,630.41,0,28.08
7618,0,-1,0,1652,3,0.333,0,2,3,356,1,1101.89,0,0.66
7619,0,-1,0,1861,2,0.0,0,1,1,124,0,918.07,0,0.39
7620,0,-1,0,362,2,0.0,0,2,2,528,0,485.61,0,2.02
7621,0,-1,0,1827,3,0.0,0,1,3,276,1,432.63,0,0.6
7622,0,-1,0,987,3,0.0,0,2,4,724,0,235.71,0,1.11
7623,0,-1,0,68,3,0.333,0,4,5,356,0,1548.85,0,16.1
7624,0,-1,0,1369,2,0.0,0,1,3,840,0,160.15,0,0.53
7625,0,-1,0,10,1,0.0,0,1,3,484,1,1019.61,0,36.5
7626,0,-1,0,1070,4,0.0,0,2,2,380,1,128.46,0,1.36
7627,0,-1,0,736,4,0.25,0,1,2,826,0,294.39,0,1.98
7628,0,-1,0,1083,2,0.5,0,2,2,826,1,249.23,0,0.67
7629,0,-1,0,112,3,0.0,0,2,4,156,1,298.02,0,9.78
7630,0,-1,0,1542,1,1.0,0,1,2,840,1,443.64,0,0.24
7631,0,-1,0,848,5,0.2,0,1,1,410,1,534.57,0,2.15
7632,0,-1,0,1097,1,0.0,0,1,2,840,1,326.52,0,0.33
7633,0,-1,0,670,3,0.0,0,2,2,840,0,242.78,0,1.63
7634,0,-1,0,1397,8,0.0,0,3,3,840,1,564.18,0,2.09
7635,0,-1,0,778,2,0.0,0,2,2,156,1,127.89,0,0.94
7636,0,-1,0,421,4,0.25,0,2,4,840,0,743.0,0,3.47
7637,0,-1,0,1571,2,0.0,0,1,3,76,0,507.9,0,0.46
7638,0,-1,0,729,2,0.0,0,2,4,156,1,801.97,0,1.0
7639,0,-1,0,349,2,0.0,0,1,2,156,1,137.02,0,2.09
7640,0,-1,0,1244,5,0.0,0,1,3,724,1,155.32,0,1.47
7641,0,-1,0,1528,3,0.0,0,1,1,76,1,1247.44,0,0.72
7642,0,-1,0,191,9,0.0,0,1,3,36,1,776.48,0,17.2
7643,0,-1,0,1046,4,0.25,0,1,1,410,1,287.43,0,1.4
7644,0,-1,0,638,1,1.0,0,2,2,826,0,1542.81,0,0.57
7645,0,-1,0,14,4,0.25,0,3,4,156,0,521.86,0,50
7646,0,-1,0,1565,3,0.0,0,1,1,156,0,421.24,0,0.7
7647,0,-1,0,1195,3,0.0,0,1,1,76,1,291.65,0,0.92
7648,0,-1,0,1890,2,0.0,0,3,3,36,0,506.24,0,0.39
7649,0,-1,0,495,6,0.167,0,3,5,840,1,637.16,0,4.42
7650,0,-1,0,780,1,0.0,0,1,2,250,0,434.47,0,0.47
7651,0,-1,0,1669,1,0.0,0,2,3,124,0,632.55,0,0.22
7652,0,-1,0,511,2,1.0,0,3,5,276,1,676.21,0,1.43
7653,0,-1,0,1989,2,0.0,0,1,1,276,1,357.03,0,0.37
7654,0,-1,0,512,2,0.5,0,2,4,826,0,699.28,0,1.43
7655,0,-1,0,425,7,0.286,0,1,1,484,1,523.07,0,6.01
7656,0,-1,0,18,1,0.0,0,1,2,276,0,256.32,0,20.28
7657,0,-1,0,1957,7,0.286,0,1,2,356,1,281.12,0,1.31
7658,0,-1,0,1780,1,0.0,0,3,5,156,1,968.52,0,0.21
7659,0,-1,0,38,1,1.0,0,1,2,356,1,284.93,0,9.61
7660,0,-1,0,2,3,0.0,0,1,2,36,1,210.85,0,50
7661,0,-1,0,1607,2,0.0,0,1,3,410,1,381.6,0,0.45
7662,0,-1,0,1551,3,0.0,0,1,1,484,1,358.42,0,0.71
7663,0,-1,0,678,1,0.0,0,2,4,36,1,562.29,0,0.54
7664,0,-1,0,1374,5,0.0,0,2,2,124,1,94.83,0,1.33
7665,0,-1,0,805,1,0.0,0,3,3,156,0,298.6,0,0.45
7666,0,-1,0,616,2,0.5,0,1,3,840,1,2023.86,0,1.19
7667,0,-1,0,9,3,0.0,0,2,3,840,1,258.74,0,50
7668,0,-1,0,378,2,0.0,0,3,5,276,0,684.25,0,1.93
7669,0,-1,0,9,2,0.0,0,1,1,250,1,216.13,0,50
7670,0,-1,0,25,2,0.0,0,3,4,276,1,550.99,0,29.2
7671,0,-1,0,199,1,0.0,0,1,2,36,1,473.42,0,1.83
7672,0,-1,0,20,2,0.0,0,2,2,724,1,388.1,0,36.5
7673,0,-1,0,1384,3,0.333,0,3,4,250,1,232.63,0,0.79
7674,0,-1,0,490,1,0.0,0,3,5,826,0,275.31,0,0.74
7675,0,-1,0,102,3,0.333,0,1,3,36,1,479.67,0,10.74
7676,0,-1,0,659,2,0.0,0,1,3,276,1,629.97,0,1.11
7677,0,-1,0,1510,9,0.111,0,1,1,356,1,1028.05,0,2.18
7678,0,-1,0,490,5,0.2,0,4,4,76,1,99.28,0,3.72
7679,0,-1,0,1677,7,0.143,0,1,2,156,1,201.95,0,1.52
7680,0,-1,0,1729,5,0.0,0,1,1,840,0,775.07,0,1.06
7681,0,-1,0,1858,12,0.083,0,2,3,724,1,336.64,0,2.36
7682,0,-1,0,1647,2,0.0,0,1,3,840,1,525.82,0,0.44
7683,0,-1,0,1122,2,0.0,0,2,2,250,1,328.29,0,0.65
7684,0,-1,0,1630,6,0.333,0,1,3,840,1,551.27,0,1.34
7685,0,-1,0,242,4,0.25,0,4,5,840,1,655.57,0,6.03
7686,0,-1,0,496,2,0.0,0,1,3,276,0,336.3,0,1.47
7687,0,-1,0,14,2,0.0,0,3,5,250,1,328.62,0,50
7688,0,-1,0,2,1,0.0,0,1,3,410,0,1495.3,0,50
7689,0,-1,0,19,2,0.5,0,2,3,76,1,514.53,0,38.42
7690,0,-1,0,612,1,0.0,0,1,2,724,1,1124.58,0,0.6
7691,0,-1,0,785,1,0.0,0,1,1,250,1,652.17,0,0.46
7692,0,-1,0,18,2,0.5,0,1,2,250,1,416.59,0,40.56
7693,0,-1,0,1083,12,0.0,0,1,2,826,1,85.43,0,4.04
7694,0,-1,0,178,6,0.0,0,2,2,156,0,99.87,0,12.3
7695,0,-1,0,596,2,0.0,0,3,5,156,0,157.43,0,1.22
7696,0,-1,0,1004,3,0.0,0,1,2,840,1,403.82,0,1.09
7697,0,-1,0,129,1,1.0,0,3,3,250,0,400.81,0,2.83
7698,0,-1,0,1305,2,0.5,0,2,3,392,1,330.93,0,0.56
7699,0,-1,0,1712,2,0.0,0,1,3,156,1,646.65,0,0.43
7700,0,-1,0,1,1,0.0,0,1,3,276,0,141.75,0,50
7701,0,-1,0,1487,1,0.0,0,4,6,156,0,236.79,0,0.25
7702,0,-1,0,1180,4,0.25,0,1,3,276,0,336.93,0,1.24
7703,0,-1,0,317,3,0.0,0,1,2,276,1,215.1,0,3.45
7704,0,-1,0,833,2,0.5,0,2,3,36,1,452.76,0,0.88
7705,0,-1,0,13,2,1.0,0,1,1,156,1,310.24,0,50
7706,0,-1,0,180,2,0.0,0,1,3,250,0,658.41,0,4.06
7707,0,-1,0,1698,1,0.0,0,1,2,276,1,275.42,0,0.21
7708,0,-1,0,15,1,0.0,0,2,2,156,1,460.03,0,24.33
7709,0,-1,0,299,1,1.0,0,1,2,276,1,702.29,0,1.22
7710,0,-1,0,378,1,0.0,0,2,2,356,0,701.66,0,0.97
7711,0,-1,0,695,3,0.333,0,1,2,392,1,406.35,0,1.58
7712,0,-1,0,28,2,0.0,0,1,2,156,0,109.59,0,26.07
7713,0,-1,0,28,3,0.0,0,1,3,826,0,264.83,0,39.11
7714,0,-1,0,611,4,0.0,0,1,1,840,1,590.83,0,2.39
7715,0,-1,0,219,3,0.0,0,2,2,380,1,477.14,0,5.0
7716,0,-1,0,218,2,0.0,0,1,1,840,1,944.08,0,3.35
7717,0,-1,0,1082,1,0.0,0,1,2,276,0,974.89,0,0.34
7718,0,-1,0,17,9,0.222,0,1,2,276,1,390.43,0,50
7719,0,-1,0,1969,4,0.5,0,1,3,276,1,1093.74,0,0.74
7720,0,-1,0,534,4,0.5,0,1,1,250,0,83.21,0,2.73
7721,0,-1,0,1950,1,0.0,0,4,6,156,1,222.67,0,0.19
7722,0,-1,0,15,3,1.0,0,3,3,410,1,485.64,0,50
7723,0,-1,0,4,5,0.0,0,1,1,392,1,961.1,0,50
7724,0,-1,0,209,1,0.0,0,3,4,410,1,156.88,0,1.75
7725,0,-1,0,1472,2,0.0,0,3,3,840,0,385.29,0,0.5
7726,0,-1,0,1184,1,1.0,0,1,1,156,1,725.56,0,0.31
7727,0,-1,0,468,3,0.333,0,1,2,156,0,144.31,0,2.34
7728,0,-1,0,169,3,0.0,0,2,2,826,1,275.47,0,6.48
7729,0,-1,0,376,2,0.0,0,2,3,840,1,308.38,0,1.94
7730,0,-1,0,579,1,0.0,0,3,3,826,1,806.11,0,0.63
7731,0,-1,0,24,1,0.0,0,1,3,528,1,533.32,0,15.21
7732,0,-1,0,543,7,0.143,0,2,2,156,1,1111.58,0,4.71
7733,0,-1,0,1958,2,0.5,0,2,2,250,1,196.62,0,0.37
7734,0,-1,0,1856,4,0.25,0,2,3,276,1,446.32,0,0.79
7735,0,-1,0,16,1,0.0,0,2,3,36,1,242.39,0,22.81
7736,0,-1,0,156,5,0.2,0,3,3,380,1,155.86,0,11.7
7737,0,-1,0,8,1,0.0,0,1,1,276,0,491.19,0,45.62
7738,0,-1,0,20,2,0.5,0,1,2,840,0,411.34,0,36.5
7739,0,-1,0,371,4,0.0,0,1,3,826,1,281.65,0,3.94
7740,0,-1,0,1717,3,0.667,0,1,2,156,1,274.8,0,0.64
7741,0,-1,0,27,4,0.5,0,1,2,276,1,214.86,0,50
7742,0,-1,0,1492,4,0.25,0,1,2,276,0,223.07,0,0.98
7743,0,-1,0,786,1,0.0,0,2,3,276,1,1072.54,0,0.46
7744,0,-1,0,17,5,0.0,0,1,1,840,1,398.26,0,50
7745,0,-1,0,1495,2,0.0,0,1,1,410,0,344.69,0,0.49
7746,0,-1,0,233,2,0.0,0,4,5,276,1,798.73,0,3.13
7747,0,-1,0,145,2,0.5,0,1,2,380,0,256.33,0,5.03
7748,0,-1,0,3,1,0.0,0,4,5,250,0,237.26,0,50
7749,0,-1,0,787,1,0.0,0,1,2,156,0,228.3,0,0.46
7750,0,-1,0,643,1,0.0,0,2,3,528,1,230.62,0,0.57
7751,0,-1,0,235,2,0.0,0,2,3,410,1,557.37,0,3.11
7752,0,-1,0,376,1,0.0,0,2,4,528,0,296.21,0,0.97
7753,0,-1,0,16,4,0.0,0,1,2,410,0,267.37,0,50
7754,0,-1,0,585,2,0.0,0,1,2,156,1,146.8,0,1.25
7755,0,-1,0,1502,2,0.0,0,1,3,840,0,344.77,0,0.49
7756,0,-1,0,636,3,0.0,0,1,3,356,1,571.19,0,1.72
7757,0,-1,0,1,2,0.0,0,1,2,156,1,217.01,0,50
7758,0,-1,0,1360,3,0.0,0,3,4,276,0,921.72,0,0.81
7759,0,-1,0,1813,4,0.5,0,1,3,724,1,261.67,0,0.81
7760,0,-1,0,5,1,1.0,0,1,3,528,0,501.67,0,50
7761,0,-1,0,958,6,0.0,0,1,3,276,1,126.73,0,2.29
7762,0,-1,0,1627,2,0.0,0,1,3,826,0,1487.86,0,0.45
7763,0,-1,0,563,4,0.25,0,2,2,156,1,463.79,0,2.59
7764,0,-1,0,1872,2,0.0,0,1,1,392,1,559.24,0,0.39
7765,0,-1,0,982,1,0.0,0,2,2,156,1,578.4,0,0.37
7766,0,-1,0,509,3,0.0,0,1,2,484,0,1156.85,0,2.15
7767,0,-1,0,1040,1,0.0,0,1,3,392,1,1078.48,0,0.35
7768,0,-1,0,12,2,0.0,0,1,3,724,0,1288.41,0,50
7769,0,-1,0,695,2,0.5,0,4,4,840,1,364.46,0,1.05
7770,0,-1,0,804,5,0.0,0,3,5,840,1,189.08,0,2.27
7771,0,-1,0,603,1,0.0,0,1,3,380,1,989.39,0,0.61
7772,0,-1,0,233,3,0.0,0,1,2,840,1,269.39,0,4.7
7773,0,-1,0,19,1,0.0,0,2,3,840,0,1707.42,0,19.21
7774,0,-1,0,1826,1,0.0,0,2,3,392,1,291.2,0,0.2
7775,0,-1,0,20,1,1.0,0,1,3,826,0,836.67,0,18.25
7776,0,-1,0,980,3,0.0,0,1,1,724,0,234.91,0,1.12
7777,0,-1,0,1651,2,0.5,0,2,2,840,0,1885.62,0,0.44
7778,0,-1,0,3,2,0.0,0,1,2,528,0,588.0,0,50
7779,0,-1,0,1350,2,0.5,0,1,1,410,1,369.42,0,0.54
7780,0,-1,0,649,6,0.167,0,1,3,36,1,354.56,0,3.37
7781,0,-1,0,1550,3,0.333,0,1,3,156,0,569.4,0,0.71
7782,0,-1,0,1143,3,0.0,0,1,2,356,1,1018.11,0,0.96
7783,0,-1,0,42,7,0.429,0,1,2,156,1,382.24,0,50
7784,0,-1,0,729,3,0.0,0,2,3,826,0,224.98,0,1.5
7785,0,-1,0,309,1,0.0,0,2,2,840,1,204.35,0,1.18
7786,0,-1,0,8,1,1.0,0,1,3,840,1,254.48,0,45.62
7787,0,-1,0,123,1,0.0,0,3,5,380,0,831.33,0,2.97
7788,0,-1,0,1612,4,0.0,0,1,2,840,1,638.87,0,0.91
7789,0,-1,0,4,1,0.0,0,3,5,484,0,526.74,0,50
7790,0,-1,0,17,3,0.667,0,1,2,356,1,456.2,0,50
7791,0,-1,0,1807,4,0.0,0,1,2,156,1,504.42,0,0.81
7792,0,-1,0,16,3,0.667,0,1,3,380,1,301.54,0,50
7793,0,-1,0,1657,3,0.333,0,1,2,250,1,170.89,0,0.66
7794,0,-1,0,917,2,0.0,0,1,3,156,1,829.83,0,0.8
7795,0,-1,0,573,2,0.0,0,4,4,356,0,299.31,0,1.27
7796,0,-1,0,351,2,0.5,0,3,4,156,0,399.84,0,2.08
7797,0,-1,0,327,3,0.0,0,2,3,840,1,371.47,0,3.35
7798,0,-1,0,668,2,0.5,0,1,3,484,1,144.82,0,1.09
7799,0,-1,0,319,2,0.5,0,3,5,156,0,1157.41,0,2.29
7800,0,-1,0,1104,3,0.0,0,2,2,840,1,538.81,0,0.99
7801,0,-1,0,298,2,0.0,0,1,2,392,1,228.95,0,2.45
7802,0,-1,0,1874,3,0.333,0,2,3,410,1,530.21,0,0.58
7803,0,-1,0,1171,7,0.286,0,1,3,36,1,821.18,0,2.18
7804,0,-1,0,1576,1,1.0,0,2,2,484,1,546.87,0,0.23
7805,0,-1,0,439,1,0.0,0,2,4,250,1,270.81,0,0.83
7806,0,-1,0,1429,1,0.0,0,1,1,724,1,601.51,0,0.26
7807,0,-1,0,1497,2,0.5,0,1,1,840,1,274.4,0,0.49
7808,0,-1,0,1401,1,0.0,0,1,3,356,0,587.93,0,0.26
7809,0,-1,0,24,2,1.0,0,3,3,156,1,767.4,0,30.42
7810,0,-1,0,1630,5,0.0,0,2,3,840,1,581.21,0,1.12
7811,0,-1,0,1283,3,0.0,0,3,5,156,0,463.06,0,0.85
7812,0,-1,0,576,2,0.5,0,1,3,840,1,1250.38,0,1.27
7813,0,-1,0,1301,3,0.0,0,1,3,826,0,396.03,0,0.84
7814,0,-1,0,1665,5,0.2,0,1,1,826,0,515.34,0,1.1
7815,0,-1,0,484,3,0.333,0,1,3,724,1,451.64,0,2.26
7816,0,-1,0,180,6,0.167,0,1,3,36,1,447.45,0,12.17
7817,0,-1,0,507,1,1.0,0,1,2,156,0,445.33,0,0.72
7818,0,-1,0,1065,4,0.25,0,1,2,410,0,1087.85,0,1.37
7819,0,-1,0,366,3,0.333,0,1,3,156,0,1475.88,0,2.99
7820,0,-1,0,356,2,0.0,0,2,3,840,1,943.51,0,2.05
7821,0,-1,0,796,1,0.0,0,1,1,156,0,244.29,0,0.46
7822,0,-1,0,719,3,0.0,0,1,1,276,1,453.98,0,1.52
7823,0,-1,0,1106,9,0.0,0,2,4,724,1,391.95,0,2.97
7824,0,-1,0,475,3,1.0,0,3,3,156,1,1234.84,0,2.31
7825,0,-1,0,1868,5,0.2,0,2,2,840,1,357.11,0,0.98
7826,0,-1,0,1293,1,0.0,0,3,5,356,0,526.05,0,0.28
7827,0,-1,0,1727,3,0.333,0,2,3,276,1,91.55,0,0.63
7828,0,-1,0,1675,2,0.0,0,1,1,356,0,546.87,0,0.44
7829,0,-1,0,36,1,0.0,0,2,2,826,0,187.11,0,10.14
7830,0,-1,0,1376,1,1.0,0,1,3,250,0,185.88,0,0.27
7831,0,-1,0,1219,1,0.0,0,1,3,840,0,235.63,0,0.3
7832,0,-1,0,1986,2,0.5,0,2,3,156,1,761.72,0,0.37
7833,0,-1,0,15,5,0.2,0,1,1,840,1,508.8,0,50
7834,0,-1,0,1598,1,0.0,0,1,2,250,1,539.55,0,0.23
7835,0,-1,0,12,2,0.0,0,1,3,826,1,360.78,0,50
7836,0,-1,0,769,6,0.667,0,3,5,840,1,203.56,0,2.85
7837,0,-1,0,203,8,0.25,0,2,3,380,1,177.94,0,14.38
7838,0,-1,0,1117,1,0.0,0,2,4,392,0,464.84,0,0.33
7839,0,-1,0,1410,3,0.0,0,2,4,840,1,698.42,0,0.78
7840,0,-1,0,1375,1,0.0,0,1,2,410,0,600.31,0,0.27
7841,0,-1,0,359,1,0.0,0,1,3,356,0,181.38,0,1.02
7842,0,-1,0,829,1,0.0,0,4,6,156,0,160.25,0,0.44
7843,0,-1,0,1163,2,0.0,0,1,1,840,0,349.66,0,0.63
7844,0,-1,0,253,2,0.0,0,1,1,156,1,613.56,0,2.89
7845,0,-1,0,3,2,0.0,0,1,2,76,0,309.99,0,50
7846,0,-1,0,1639,1,0.0,0,2,3,276,0,950.69,0,0.22
7847,0,-1,0,1971,1,0.0,0,1,1,392,1,136.62,0,0.19
7848,0,-1,0,1084,2,0.0,0,1,2,250,1,157.67,0,0.67
7849,0,-1,0,1901,1,0.0,0,1,1,392,0,184.22,0,0.19
7850,0,-1,0,52,2,0.0,0,1,2,840,0,182.61,0,14.04
7851,0,-1,0,1909,6,0.333,0,1,2,276,1,424.02,0,1.15
7852,0,-1,0,1419,2,0.0,0,2,4,250,1,551.62,0,0.51
7853,0,-1,0,1456,4,0.25,0,3,3,826,0,184.9,0,1.0
7854,0,-1,0,129,1,0.0,0,1,1,826,1,333.34,0,2.83
7855,0,-1,0,713,2,0.0,0,1,1,156,1,666.34,0,1.02
7856,0,-1,0,1970,1,0.0,0,1,2,276,0,333.22,0,0.19
7857,0,-1,0,1759,7,0.429,0,1,1,392,1,352.37,0,1.45
7858,0,-1,0,1792,4,0.25,0,1,3,840,0,200.63,0,0.81
7859,0,-1,0,1415,8,0.25,0,1,2,356,1,123.79,0,2.06
7860,0,-1,0,665,3,0.0,0,1,3,276,1,511.96,0,1.65
7861,0,-1,0,127,1,0.0,0,1,2,156,0,452.9,0,2.87
7862,0,-1,0,21,2,0.0,0,3,5,392,1,97.86,0,34.76
7863,0,-1,0,1365,2,0.0,0,2,4,356,1,704.65,0,0.53
7864,0,-1,0,1340,1,0.0,0,1,2,840,0,582.36,0,0.27
7865,0,-1,0,554,12,0.083,0,4,5,356,1,519.56,0,7.91
7866,0,-1,0,1300,6,0.167,0,3,5,250,0,903.55,0,1.68
7867,0,-1,0,113,3,0.333,0,1,3,250,1,822.89,0,9.69
7868,0,-1,0,271,2,0.0,0,1,2,156,0,78.85,0,2.69
7869,0,-1,0,290,4,0.0,0,1,1,76,0,418.74,0,5.03
7870,0,-1,0,1723,3,0.333,0,1,2,36,1,1162.09,0,0.64
7871,0,-1,0,686,1,0.0,0,1,3,840,0,131.16,0,0.53
7872,0,-1,0,1305,2,0.0,0,2,4,380,1,144.21,0,0.56
7873,0,-1,0,743,2,0.0,0,2,4,840,1,454.29,0,0.98
7874,0,-1,0,1219,3,0.0,0,2,2,840,1,265.2,0,0.9
7875,0,-1,0,634,2,0.0,0,1,1,724,1,363.98,0,1.15
7876,0,-1,0,1645,5,0.2,0,1,2,276,1,1507.92,0,1.11
7877,0,-1,0,1728,10,0.2,0,2,3,826,1,313.59,0,2.11
7878,0,-1,0,355,2,0.0,0,1,3,380,0,154.27,0,2.06
7879,0,-1,0,1081,1,1.0,0,1,1,380,0,551.22,0,0.34
7880,0,-1,0,280,4,0.25,0,1,3,276,1,205.68,0,5.21
7881,0,-1,0,1404,3,0.0,0,1,1,392,1,367.01,0,0.78
7882,0,-1,0,110,2,0.0,0,1,3,840,1,880.33,0,6.64
7883,0,-1,0,833,4,0.5,0,1,2,826,1,1549.85,0,1.75
7884,0,-1,0,1851,3,0.0,0,1,1,156,1,307.34,0,0.59
7885,0,-1,0,1479,5,0.4,0,2,4,826,1,783.29,0,1.23
7886,0,-1,0,221,5,0.0,0,2,3,840,0,341.89,0,8.26
7887,0,-1,0,216,9,0.0,0,2,3,156,1,476.69,0,15.21
7888,0,-1,0,26,2,0.0,0,3,4,380,0,143.81,0,28.08
7889,0,-1,0,16,6,0.5,0,2,3,392,1,539.71,0,50
7890,0,-1,0,379,1,0.0,0,2,4,36,1,651.23,0,0.96
7891,0,-1,0,1248,4,0.0,0,1,1,356,1,354.67,0,1.17
7892,0,-1,0,1036,2,0.0,0,1,3,392,1,219.67,0,0.7
7893,0,-1,0,406,1,0.0,0,2,2,356,1,429.63,0,0.9
7894,0,-1,0,1857,3,0.0,0,2,2,840,1,1218.64,0,0.59
7895,0,-1,0,1197,3,0.0,0,2,2,276,1,409.39,0,0.91
7896,0,-1,0,490,3,0.667,0,2,3,124,0,467.1,0,2.23
7897,0,-1,0,20,1,0.0,0,2,2,276,0,595.66,0,18.25
7898,0,-1,0,1860,1,1.0,0,1,2,76,0,630.25,0,0.2
7899,0,-1,0,1176,2,0.0,0,2,2,276,0,203.43,0,0.62
7900,0,-1,0,1662,1,0.0,0,2,3,36,1,486.73,0,0.22
7901,0,-1,0,81,2,0.0,0,2,4,276,1,646.45,0,9.01
7902,0,-1,0,116,4,0.0,0,1,3,276,0,146.55,0,12.59
7903,0,-1,0,1282,3,0.0,0,1,1,156,1,215.2,0,0.85
7904,0,-1,0,440,3,0.333,0,1,2,276,0,564.6,0,2.49
7905,0,-1,0,1968,6,0.0,0,1,1,826,1,928.53,0,1.11
7906,0,-1,0,999,2,0.5,0,1,1,156,0,882.59,0,0.73
7907,0,-1,0,603,5,0.4,0,1,3,392,1,474.18,0,3.03
7908,0,-1,0,1264,1,0.0,0,2,3,156,1,419.42,0,0.29
7909,0,-1,0,338,5,0.4,0,2,2,156,1,585.05,0,5.4
7910,0,-1,0,1064,8,0.125,0,1,2,276,1,123.41,0,2.74
7911,0,-1,0,895,2,0.0,0,3,3,356,1,280.57,0,0.82
7912,0,-1,0,1595,3,0.0,0,1,3,392,0,247.89,0,0.69
7913,0,-1,0,1883,1,0.0,0,1,1,840,0,2029.98,0,0.19
7914,0,-1,0,1295,1,0.0,0,3,4,528,0,790.52,0,0.28
7915,0,-1,0,1164,1,1.0,0,1,2,840,1,257.0,0,0.31
7916,0,-1,0,384,3,0.0,0,1,3,392,0,472.72,0,2.85
7917,0,-1,0,226,1,0.0,0,2,4,156,0,712.52,0,1.62
7918,0,-1,0,1602,1,0.0,0,1,3,826,1,676.66,0,0.23
7919,0,-1,0,1934,1,0.0,0,1,3,380,1,827.73,0,0.19
7920,0,-1,0,27,4,0.5,0,1,3,156,1,966.05,0,50
7921,0,-1,0,559,3,0.333,0,4,6,840,0,524.68,0,1.96
7922,0,-1,0,262,2,1.0,0,1,1,76,1,969.98,0,2.79
7923,0,-1,0,341,1,0.0,0,1,3,76,0,71.37,0,1.07
7924,0,-1,0,1709,3,0.333,0,2,4,76,0,240.15,0,0.64
7925,0,-1,0,514,2,0.5,0,1,2,826,1,2263.94,0,1.42
7926,0,-1,0,1206,1,1.0,0,2,4,156,1,340.1,0,0.3
7927,0,-1,0,1135,2,0.0,0,1,3,124,1,315.04,0,0.64
7928,0,-1,0,107,3,0.0,0,2,3,36,0,780.28,0,10.23
7929,0,-1,0,1372,2,1.0,0,1,1,250,1,602.87,0,0.53
7930,0,-1,0,21,1,0.0,0,3,3,124,1,627.78,0,17.38
7931,0,-1,0,365,2,1.0,0,1,3,826,1,95.48,0,2.0
7932,0,-1,0,892,3,0.333,0,1,1,156,0,480.54,0,1.23
7933,0,-1,0,7,1,0.0,0,2,4,826,1,449.97,0,50
7934,0,-1,0,1488,2,0.5,0,4,6,826,0,1572.42,0,0.49
7935,0,-1,0,1913,3,0.333,0,3,3,392,0,600.42,0,0.57
7936,0,-1,0,19,7,0.143,0,1,3,276,1,693.48,0,50
7937,0,-1,0,1232,5,0.0,0,1,3,250,1,303.08,0,1.48
7938,0,-1,0,10,1,1.0,0,2,2,826,1,580.8,0,36.5
7939,0,-1,0,656,4,0.25,0,1,2,156,1,669.07,0,2.23
7940,0,-1,0,789,2,0.0,0,1,1,276,1,705.71,0,0.93
7941,0,-1,0,25,2,0.0,0,1,1,250,0,126.71,0,29.2
7942,0,-1,0,1184,2,0.0,0,2,4,276,0,458.08,0,0.62
7943,0,-1,0,1637,2,0.0,0,3,4,840,1,877.68,0,0.45
7944,0,-1,0,64,3,0.0,0,1,2,36,1,324.47,0,17.11
7945,0,-1,0,390,5,0.2,0,1,3,276,1,461.21,0,4.68
7946,0,-1,0,29,1,0.0,0,1,1,840,1,276.37,0,12.59
7947,0,-1,0,972,1,0.0,0,1,1,528,1,922.16,0,0.38
7948,0,-1,0,7,7,0.143,0,1,1,724,1,780.19,0,50
7949,0,-1,0,14,1,0.0,0,3,4,410,0,249.54,0,26.07
7950,0,-1,0,1604,7,0.143,0,1,2,840,1,230.88,0,1.59
7951,0,-1,0,1275,3,0.0,0,1,3,276,0,398.46,0,0.86
7952,0,-1,0,7,8,0.0,0,2,3,276,1,238.28,0,50
7953,0,-1,0,957,8,0.25,0,1,2,840,1,214.3,0,3.05
7954,0,-1,0,17,1,0.0,0,2,4,840,1,270.58,0,21.47
7955,0,-1,0,659,4,0.0,0,1,3,840,0,671.82,0,2.22
7956,0,-1,0,1924,3,0.0,0,2,2,36,0,234.12,0,0.57
7957,0,-1,0,17,2,0.0,0,1,1,276,1,1089.69,0,42.94
7958,0,-1,0,1050,3,0.0,0,2,3,826,1,424.08,0,1.04
7959,0,-1,0,1756,4,0.25,0,1,1,484,0,219.92,0,0.83
7960,0,-1,0,1935,6,0.333,0,1,3,124,1,503.42,0,1.13
7961,0,-1,0,677,5,0.4,0,2,3,392,1,245.83,0,2.7
7962,0,-1,0,748,1,0.0,0,1,1,826,0,325.74,0,0.49
7963,0,-1,0,78,2,0.0,0,1,3,276,1,392.9,0,9.36
7964,0,-1,0,1719,1,0.0,0,1,2,250,0,330.5,0,0.21
7965,0,-1,0,1796,2,0.0,0,2,4,826,0,694.1,0,0.41
7966,0,-1,0,209,3,0.0,0,3,4,392,0,188.74,0,5.24
7967,0,-1,0,1404,3,1.0,0,1,2,156,1,691.82,0,0.78
7968,0,-1,0,597,3,0.333,0,2,2,156,1,254.14,0,1.83
7969,0,-1,0,1542,2,0.0,0,1,1,826,1,434.24,0,0.47
7970,0,-1,0,1634,3,0.333,0,1,1,356,1,215.39,0,0.67
7971,0,-1,0,528,1,1.0,0,1,3,826,1,386.95,0,0.69
7972,0,-1,0,386,2,0.5,0,1,1,76,0,298.72,0,1.89
7973,0,-1,0,1220,3,0.0,0,1,1,276,1,137.65,0,0.9
7974,0,-1,0,15,2,0.0,0,3,5,392,0,1133.38,0,48.67
7975,0,-1,0,575,4,0.0,0,1,1,156,1,223.13,0,2.54
7976,0,-1,0,160,1,0.0,0,1,1,356,1,130.4,0,2.28
7977,0,-1,0,908,2,0.0,0,4,5,76,0,208.94,0,0.8
7978,0,-1,0,1488,1,1.0,0,2,3,840,1,324.96,0,0.25
7979,0,-1,0,1622,3,0.0,0,2,2,124,0,303.54,0,0.68
7980,0,-1,0,1535,4,0.5,0,3,3,380,1,706.45,0,0.95
7981,0,-1,0,215,5,0.2,0,2,4,276,1,401.26,0,8.49
7982,0,-1,0,1521,4,0.0,0,1,2,528,0,143.44,0,0.96
7983,0,-1,0,1268,2,0.5,0,1,3,840,0,524.82,0,0.58
7984,0,-1,0,1361,4,0.25,0,1,2,410,1,602.71,0,1.07
7985,0,-1,0,1135,1,0.0,0,1,3,840,0,851.6,0,0.32
7986,0,-1,0,1638,2,0.0,0,1,2,392,1,1244.71,0,0.45
7987,0,-1,0,1538,1,1.0,0,2,4,840,1,149.12,0,0.24
7988,0,-1,0,19,9,0.0,0,1,3,156,1,678.94,0,50
7989,0,-1,0,1505,2,0.5,0,1,2,528,1,306.23,0,0.49
7990,0,-1,0,1174,2,1.0,0,1,1,36,1,279.05,0,0.62
7991,0,-1,0,204,5,0.4,0,1,1,826,1,864.54,0,8.95
7992,0,-1,0,1219,3,0.0,0,1,1,124,1,251.09,0,0.9
7993,0,-1,0,41,2,0.0,0,2,3,124,0,1019.14,0,17.8
7994,0,-1,0,457,2,0.0,0,2,4,840,0,755.19,0,1.6
7995,0,-1,0,4,1,0.0,0,1,3,392,0,173.4,0,50
7996,0,-1,0,25,5,0.2,0,1,1,826,1,308.76,0,50
7997,0,-1,0,1236,5,0.4,0,1,1,826,1,752.16,0,1.48
7998,0,-1,0,401,2,0.0,0,1,3,250,0,284.81,0,1.82
7999,0,-1,0,199,2,0.5,0,1,1,276,0,523.41,0,3.67
8000,0,-1,0,227,1,0.0,0,2,4,156,0,2609.85,0,1.61
8001,0,-1,0,107,2,0.5,0,1,3,250,1,527.97,0,6.82
8002,0,-1,0,842,1,0.0,0,1,1,724,1,353.04,0,0.43
8003,0,-1,0,987,3,0.0,0,1,3,392,0,616.99,0,1.11
8004,0,-1,0,478,1,0.0,0,2,3,380,0,120.49,0,0.76
8005,0,-1,0,1133,1,0.0,0,1,2,156,1,808.24,0,0.32
8006,0,-1,0,225,1,0.0,0,1,2,826,1,650.93,0,1.62
8007,0,-1,0,756,1,0.0,0,1,2,276,0,446.0,0,0.48
8008,0,-1,0,1607,3,0.667,0,3,5,156,1,175.51,0,0.68
8009,0,-1,0,22,3,0.0,0,1,3,840,1,754.61,0,49.77
8010,0,-1,0,1176,6,0.167,0,3,4,380,0,467.0,0,1.86
8011,0,-1,0,621,2,0.0,0,1,1,156,1,1517.36,0,1.18
8012,0,-1,0,1739,1,0.0,0,2,4,76,1,1284.48,0,0.21
8013,0,-1,0,1872,2,0.0,0,1,2,36,0,1140.35,0,0.39
8014,0,-1,0,614,2,1.0,0,2,2,826,0,104.87,0,1.19
8015,0,-1,0,456,3,0.333,0,1,3,250,0,1110.38,0,2.4
8016,0,-1,0,1576,2,0.0,0,1,1,840,0,489.38,0,0.46
8017,0,-1,0,1830,5,0.2,0,2,2,156,0,145.33,0,1.0
8018,0,-1,0,953,2,0.0,0,2,2,250,1,233.36,0,0.77
8019,0,-1,0,816,2,0.0,0,1,2,276,0,364.21,0,0.89
8020,0,-1,0,117,1,0.0,0,1,2,840,1,1346.47,0,3.12
8021,0,-1,0,1389,3,0.0,0,3,5,380,1,121.19,0,0.79
8022,0,-1,0,917,1,0.0,0,1,1,276,1,115.59,0,0.4
8023,0,-1,0,425,2,0.0,0,1,3,36,0,1030.8,0,1.72
8024,0,-1,0,1408,8,0.5,0,1,1,392,1,501.28,0,2.07
8025,0,-1,0,1832,9,0.333,0,1,3,840,1,287.6,0,1.79
8026,0,-1,0,855,6,0.333,0,1,2,484,1,506.13,0,2.56
8027,0,-1,0,23,2,0.0,0,1,3,36,1,1589.46,0,31.74
8028,0,-1,0,341,1,0.0,0,1,1,156,1,610.25,0,1.07
8029,0,-1,0,690,3,0.333,0,4,5,840,1,287.65,0,1.59
8030,0,-1,0,907,2,0.5,0,2,3,840,1,746.12,0,0.8
8031,0,-1,0,263,1,1.0,0,2,2,250,0,290.89,0,1.39
8032,0,-1,0,28,3,0.333,0,1,2,156,1,998.43,0,39.11
8033,0,-1,0,1672,2,0.5,0,1,3,840,0,488.68,0,0.44
8034,0,-1,0,1967,2,0.5,0,1,2,840,0,1071.92,0,0.37
8035,0,-1,0,5,2,0.5,0,1,1,124,1,242.9,0,50
8036,0,-1,0,1630,3,0.0,0,4,6,528,0,444.29,0,0.67
8037,0,-1,0,1882,7,0.143,0,1,1,276,1,294.25,0,1.36
8038,0,-1,0,275,4,0.0,0,4,6,356,1,488.7,0,5.31
8039,0,-1,0,1097,11,0.0,0,2,3,250,1,1179.85,0,3.66
8040,0,-1,0,2,1,0.0,0,3,3,76,0,202.43,0,50
8041,0,-1,0,1109,1,0.0,0,2,4,156,1,235.74,0,0.33
8042,0,-1,0,193,1,0.0,0,1,2,528,1,474.14,0,1.89
8043,0,-1,0,59,2,0.5,0,1,2,528,0,117.44,0,12.37
8044,0,-1,0,467,5,0.0,0,1,1,724,1,398.83,0,3.91
8045,0,-1,0,1037,1,0.0,0,1,1,156,0,1861.72,0,0.35
8046,0,-1,0,285,8,0.375,0,2,4,76,1,489.5,0,10.25
8047,0,-1,0,1608,3,0.0,0,2,2,380,0,1011.57,0,0.68
8048,0,-1,0,912,1,0.0,0,1,3,276,1,773.23,0,0.4
8049,0,-1,0,706,5,0.0,0,3,3,826,1,195.71,0,2.58
8050,0,-1,0,1784,6,0.0,0,2,2,36,1,479.65,0,1.23
8051,0,-1,0,159,4,0.25,0,1,2,840,1,903.01,0,9.18
8052,0,-1,0,1669,4,0.25,0,1,2,36,1,1458.65,0,0.87
8053,0,-1,0,487,1,0.0,0,1,1,528,0,985.5,0,0.75
8054,0,-1,0,1127,4,0.25,0,1,2,840,1,829.64,0,1.3
8055,0,-1,0,756,2,0.0,0,1,1,250,1,915.86,0,0.97
8056,0,-1,0,1994,4,0.25,0,1,3,156,1,363.41,0,0.73
8057,0,-1,0,21,1,0.0,0,1,1,156,0,802.67,0,17.38
8058,0,-1,0,1014,7,0.143,0,1,3,840,1,195.14,0,2.52
8059,0,-1,0,1222,2,0.5,0,1,2,276,1,246.77,0,0.6
8060,0,-1,0,1098,2,0.0,0,1,2,380,0,501.21,0,0.66
8061,0,-1,0,1285,3,0.0,0,2,4,392,0,750.28,0,0.85
8062,0,-1,0,1569,1,0.0,0,2,3,528,1,277.79,0,0.23
8063,0,-1,0,1949,2,0.0,0,1,3,724,1,792.44,0,0.37
8064,0,-1,0,918,2,0.0,0,1,1,410,0,528.92,0,0.8
8065,0,-1,0,21,10,0.1,0,1,3,156,1,166.12,0,50
8066,0,-1,0,1394,1,0.0,0,1,2,250,0,492.15,0,0.26
8067,0,-1,0,15,1,0.0,0,1,2,826,1,306.43,0,24.33
8068,0,-1,0,367,3,0.333,0,1,3,36,1,673.5,0,2.98
8069,0,-1,0,6,3,0.0,0,2,4,840,1,241.28,0,50
8070,0,-1,0,817,4,0.0,0,3,5,76,0,1190.75,0,1.79
8071,0,-1,0,1150,2,0.5,0,1,3,840,1,363.31,0,0.63
8072,0,-1,0,791,4,0.25,0,1,1,156,1,959.9,0,1.85
8073,0,-1,0,559,2,0.5,0,3,4,840,1,541.15,0,1.31
8074,0,-1,0,472,1,0.0,0,1,1,826,1,314.59,0,0.77
8075,0,-1,0,82,5,0.0,0,1,1,250,1,897.81,0,22.26
8076,0,-1,0,718,1,0.0,0,2,4,156,1,150.79,0,0.51
8077,0,-1,0,114,1,1.0,0,1,2,392,0,243.82,0,3.2
8078,0,-1,0,804,1,0.0,0,1,3,826,0,630.47,0,0.45
8079,0,-1,0,1409,2,0.0,0,1,1,484,1,761.75,0,0.52
8080,0,-1,0,1439,2,0.0,0,2,2,840,1,976.74,0,0.51
8081,0,-1,0,818,2,0.0,0,1,2,156,1,667.24,0,0.89
8082,0,-1,0,962,2,0.0,0,2,2,76,1,947.57,0,0.76
8083,0,-1,0,28,3,0.0,0,1,3,124,0,562.91,0,39.11
8084,0,-1,0,1179,3,0.667,0,1,2,156,0,184.51,0,0.93
8085,0,-1,0,24,1,1.0,0,3,3,826,1,373.59,0,15.21
8086,0,-1,0,412,2,0.0,0,4,6,410,1,582.38,0,1.77
8087,0,-1,0,21,5,0.4,0,3,5,826,1,329.41,0,50
8088,0,-1,0,1601,5,0.2,0,1,3,76,0,297.68,0,1.14
8089,0,-1,0,981,3,0.0,0,3,5,250,1,368.81,0,1.12
8090,0,-1,0,227,3,0.333,0,2,3,276,1,204.47,0,4.82
8091,0,-1,0,356,2,0.0,0,2,2,826,0,790.95,0,2.05
8092,0,-1,0,388,1,0.0,0,2,4,76,1,481.6,0,0.94
8093,0,-1,0,413,1,0.0,0,1,2,250,1,370.97,0,0.88
8094,0,-1,0,413,2,0.0,0,1,2,392,1,525.35,0,1.77
8095,0,-1,0,331,2,0.0,0,1,2,250,1,472.06,0,2.21
8096,0,-1,0,651,5,0.0,0,1,1,356,1,827.99,0,2.8
8097,0,-1,0,1510,2,0.0,0,2,3,156,1,385.55,0,0.48
8098,0,-1,0,4,2,0.0,0,1,2,156,1,1422.88,0,50
8099,0,-1,0,49,4,0.0,0,1,1,250,0,436.08,0,29.8
8100,0,-1,0,1123,1,0.0,0,4,4,76,1,384.11,0,0.33
8101,0,-1,0,1837,4,0.25,0,2,2,276,1,1115.19,0,0.79
8102,0,-1,0,543,3,0.333,0,3,4,156,0,336.03,0,2.02
8103,0,-1,0,1730,2,0.0,0,1,1,156,1,775.69,0,0.42
8104,0,-1,0,1078,3,0.333,0,1,3,124,0,94.33,0,1.02
8105,0,-1,0,1825,1,0.0,0,1,3,392,0,1484.83,0,0.2
8106,0,-1,0,3,2,0.5,0,1,3,76,0,129.74,0,50
8107,0,-1,0,240,1,0.0,0,2,3,156,1,608.89,0,1.52
8108,0,-1,0,169,3,0.0,0,1,3,156,0,854.54,0,6.48
8109,0,-1,0,1055,2,0.0,0,2,3,156,0,310.06,0,0.69
8110,0,-1,0,1491,3,0.333,0,2,2,276,1,475.79,0,0.73
8111,0,-1,0,1510,2,0.0,0,1,1,528,1,249.84,0,0.48
8112,0,-1,0,292,3,0.0,0,1,1,124,1,428.32,0,3.75
8113,0,-1,0,957,5,0.4,0,1,1,840,1,1153.64,0,1.91
8114,0,-1,0,1570,1,0.0,0,3,5,250,0,469.85,0,0.23
8115,0,-1,0,1170,3,0.333,0,2,3,156,1,204.56,0,0.94
8116,0,-1,0,1950,3,0.333,0,1,3,840,0,647.22,0,0.56
8117,0,-1,0,135,1,1.0,0,3,3,356,1,96.96,0,2.7
8118,0,-1,0,606,2,0.0,0,2,2,840,1,417.91,0,1.2
8119,0,-1,0,1548,1,0.0,0,4,4,410,1,462.76,0,0.24
8120,0,-1,0,1380,3,0.333,0,1,3,156,0,1319.25,0,0.79
8121,0,-1,0,676,4,0.0,0,1,3,250,1,267.56,0,2.16
8122,0,-1,0,843,4,0.0,0,1,2,250,0,629.34,0,1.73
8123,0,-1,0,1619,4,0.25,0,3,4,826,1,772.38,0,0.9
8124,0,-1,0,1265,4,0.25,0,3,3,156,0,362.89,0,1.15
8125,0,-1,0,768,2,0.5,0,1,2,840,0,449.23,0,0.95
8126,0,-1,0,1007,2,0.0,0,1,3,840,0,377.54,0,0.72
8127,0,-1,0,1337,1,0.0,0,1,2,36,0,941.55,0,0.27
8128,0,-1,0,892,1,0.0,0,1,1,124,0,949.55,0,0.41
8129,0,-1,0,11,7,0.0,0,1,2,826,1,1699.44,0,50
8130,0,-1,0,1975,2,0.0,0,2,2,250,0,1617.98,0,0.37
8131,0,-1,0,1012,2,0.0,0,1,2,156,0,567.66,0,0.72
8132,0,-1,0,1993,2,0.5,0,1,2,840,1,469.35,0,0.37
8133,0,-1,0,133,5,0.2,0,1,3,840,0,193.79,0,13.72
8134,0,-1,0,19,3,0.333,0,1,1,156,1,278.44,0,50
8135,0,-1,0,1,2,0.0,0,4,6,840,1,541.73,0,50
8136,0,-1,0,189,2,0.0,0,1,2,36,0,1632.54,0,3.86
8137,0,-1,0,183,2,1.0,0,2,3,156,1,121.15,0,3.99
8138,0,-1,0,898,9,0.333,0,1,2,124,1,1016.5,0,3.66
8139,0,-1,0,1262,8,0.25,0,1,1,156,1,343.77,0,2.31
8140,0,-1,0,1796,2,0.0,0,1,2,724,1,320.93,0,0.41
8141,0,-1,0,1121,1,0.0,0,1,3,356,1,477.62,0,0.33
8142,0,-1,0,1001,3,0.0,0,3,5,156,1,348.26,0,1.09
8143,0,-1,0,305,2,0.0,0,2,3,484,0,784.09,0,2.39
8144,0,-1,0,1079,4,0.0,0,2,3,250,0,2234.43,0,1.35
8145,0,-1,0,468,3,0.0,0,1,1,840,1,1104.67,0,2.34
8146,0,-1,0,1018,2,0.0,0,1,1,380,1,204.15,0,0.72
8147,0,-1,0,1985,2,0.0,0,1,1,76,1,618.36,0,0.37
8148,0,-1,0,5,3,0.0,0,1,1,826,0,204.35,0,50
8149,0,-1,0,391,1,1.0,0,1,2,826,1,998.35,0,0.93
8150,0,-1,0,1557,1,0.0,0,1,3,840,0,481.59,0,0.23
8151,0,-1,0,515,4,0.25,0,1,1,826,1,884.91,0,2.83
8152,0,-1,0,267,2,0.0,0,1,3,36,1,547.43,0,2.73
8153,0,-1,0,1919,1,0.0,0,1,1,156,1,447.14,0,0.19
8154,0,-1,0,22,1,1.0,0,1,3,392,1,941.0,0,16.59
8155,0,-1,0,693,2,0.0,0,1,1,276,0,726.7,0,1.05
8156,0,-1,0,312,10,0.1,0,3,3,156,1,1497.75,0,11.7
8157,0,-1,0,1343,7,0.0,0,1,2,356,1,350.91,0,1.9
8158,0,-1,0,1367,3,0.0,0,1,3,76,0,1172.62,0,0.8
8159,0,-1,0,1487,2,0.0,0,3,4,156,0,695.0,0,0.49
8160,0,-1,0,1477,1,0.0,0,1,1,840,0,272.52,0,0.25
8161,0,-1,0,635,5,0.2,0,1,3,840,1,483.29,0,2.87
8162,0,-1,0,1354,10,0.3,0,1,3,276,1,43.06,0,2.7
8163,0,-1,0,914,2,0.0,0,1,1,840,1,131.44,0,0.8
8164,0,-1,0,21,1,0.0,0,2,2,156,0,354.23,0,17.38
8165,0,-1,0,1965,1,0.0,0,1,3,276,1,550.33,0,0.19
8166,0,-1,0,340,5,0.2,0,1,2,276,0,378.62,0,5.37
8167,0,-1,0,877,1,0.0,0,1,1,356,1,632.62,0,0.42
8168,0,-1,0,20,1,0.0,0,1,2,392,1,312.42,0,18.25
8169,0,-1,0,805,6,0.0,0,1,2,528,1,1081.74,0,2.72
8170,0,-1,0,1163,3,0.0,0,1,1,410,0,591.53,0,0.94
8171,0,-1,0,1629,3,0.333,0,4,4,392,1,110.26,0,0.67
8172,0,-1,0,1278,1,1.0,0,1,3,410,1,729.69,0,0.29
8173,0,-1,0,1401,1,0.0,0,1,3,840,1,484.41,0,0.26
8174,0,-1,0,730,2,0.0,0,1,2,840,1,355.61,0,1.0
8175,0,-1,0,1446,1,0.0,0,2,4,124,0,85.48,0,0.25
8176,0,-1,0,23,3,0.333,0,1,3,276,0,392.01,0,47.61
8177,0,-1,0,27,3,0.333,0,3,4,156,1,1523.14,0,40.56
8178,0,-1,0,1691,1,0.0,0,2,3,410,1,180.38,0,0.22
8179,0,-1,0,205,3,0.0,0,4,5,250,1,434.83,0,5.34
8180,0,-1,0,246,2,0.0,0,4,6,36,1,719.69,0,2.97
8181,0,-1,0,145,1,0.0,0,1,3,276,1,464.0,0,2.52
8182,0,-1,0,1238,1,0.0,0,1,1,250,1,86.27,0,0.29
8183,0,-1,0,781,1,0.0,0,2,3,840,1,93.53,0,0.47
8184,0,-1,0,1569,1,0.0,0,1,2,124,0,206.6,0,0.23
8185,0,-1,0,1673,3,0.333,0,1,2,724,1,230.48,0,0.65
8186,0,-1,0,1518,1,1.0,0,1,1,36,1,265.99,0,0.24
8187,0,-1,0,1873,4,0.25,0,1,3,356,1,312.25,0,0.78
8188,0,-1,0,110,2,0.0,0,2,3,392,0,223.52,0,6.64
8189,0,-1,0,5,3,0.667,0,1,2,156,1,338.29,0,50
8190,0,-1,0,24,1,0.0,0,3,5,392,1,163.79,0,15.21
8191,0,-1,0,675,1,0.0,0,1,1,276,1,870.23,0,0.54
8192,0,-1,0,1903,2,0.0,0,3,4,124,0,957.58,0,0.38
8193,0,-1,0,18,2,0.0,0,2,2,156,1,413.3,0,40.56
8194,0,-1,0,1830,2,0.0,0,1,1,840,1,456.61,0,0.4
8195,0,-1,0,828,1,0.0,0,1,2,410,1,381.24,0,0.44
8196,0,-1,0,577,1,0.0,0,3,4,276,0,1085.84,0,0.63
8197,0,-1,0,1640,1,0.0,0,1,3,840,0,372.01,0,0.22
8198,0,-1,0,1973,5,0.2,0,3,3,840,0,622.96,0,0.92
8199,0,-1,0,1527,2,0.5,0,1,1,826,1,163.32,0,0.48
8200,0,-1,0,783,4,0.5,0,2,2,826,1,281.9,0,1.86
8201,0,-1,0,1404,1,0.0,0,1,3,250,1,711.77,0,0.26
8202,0,-1,0,1503,1,1.0,0,1,1,276,0,420.76,0,0.24
8203,0,-1,0,1650,3,0.0,0,1,2,840,0,715.39,0,0.66
8204,0,-1,0,730,1,0.0,0,1,1,392,0,168.07,0,0.5
8205,0,-1,0,1243,2,0.0,0,3,4,356,1,466.82,0,0.59
8206,0,-1,0,14,8,0.125,0,3,3,840,1,206.72,0,50
8207,0,-1,0,1465,1,0.0,0,1,1,156,1,899.15,0,0.25
8208,0,-1,0,54,1,0.0,0,1,1,826,1,1231.21,0,6.76
8209,0,-1,0,576,4,0.0,0,2,2,356,0,307.16,0,2.53
8210,0,-1,0,1723,1,0.0,0,1,1,76,1,145.08,0,0.21
8211,0,-1,0,1071,4,0.0,0,1,3,36,1,349.44,0,1.36
8212,0,-1,0,11,3,0.0,0,1,2,156,0,384.42,0,50
8213,0,-1,0,1978,2,1.0,0,1,1,250,1,444.74,0,0.37
8214,0,-1,0,1742,2,0.5,0,2,2,840,1,480.69,0,0.42
8215,0,-1,0,101,1,0.0,0,1,3,724,1,199.5,0,3.61
8216,0,-1,0,8,3,0.0,0,3,5,840,1,283.84,0,50
8217,0,-1,0,505,2,0.0,0,2,4,156,1,352.32,0,1.45
8218,0,-1,0,891,3,0.0,0,1,3,250,0,651.11,0,1.23
8219,0,-1,0,1856,1,0.0,0,3,4,484,1,116.74,0,0.2
8220,0,-1,0,24,3,0.333,0,1,3,250,0,163.68,0,45.62
8221,0,-1,0,1768,3,0.667,0,3,3,484,1,1025.49,0,0.62
8222,0,-1,0,1276,5,0.4,0,1,3,826,0,344.95,0,1.43
8223,0,-1,0,870,3,0.333,0,2,4,840,0,499.28,0,1.26
8224,0,-1,0,1213,2,0.0,0,1,2,36,1,768.18,0,0.6
8225,0,-1,0,223,2,0.5,0,2,2,276,0,223.36,0,3.27
8226,0,-1,0,1210,2,0.0,0,1,3,840,0,481.14,0,0.6
8227,0,-1,0,1556,4,0.25,0,1,1,250,1,610.19,0,0.94
8228,0,-1,0,1791,2,0.5,0,2,2,156,1,377.42,0,0.41
8229,0,-1,0,532,4,0.0,0,2,2,276,0,346.3,0,2.74
8230,0,-1,0,1828,2,0.5,0,1,2,250,1,654.17,0,0.4
8231,0,-1,0,973,5,0.4,0,1,1,528,1,802.31,0,1.88
8232,0,-1,0,1793,5,0.0,0,2,3,840,1,249.29,0,1.02
8233,0,-1,0,1160,1,0.0,0,1,3,724,1,534.63,0,0.31
8234,0,-1,0,132,5,0.2,0,1,1,826,1,149.41,0,13.83
8235,0,-1,0,20,1,0.0,0,1,2,250,0,229.68,0,18.25
8236,0,-1,0,1815,8,0.0,0,1,3,724,1,394.24,0,1.61
8237,0,-1,0,750,2,0.0,0,1,3,36,1,230.64,0,0.97
8238,0,-1,0,394,2,0.0,0,2,3,410,1,413.77,0,1.85
8239,0,-1,0,86,3,0.333,0,1,1,840,1,417.94,0,12.73
8240,0,-1,0,1894,1,0.0,0,1,3,826,1,218.0,0,0.19
8241,0,-1,0,1801,1,1.0,0,1,2,380,0,63.51,0,0.2
8242,0,-1,0,1978,2,0.0,0,2,3,156,1,899.04,0,0.37
8243,0,-1,0,89,1,0.0,0,2,4,276,0,396.1,0,4.1
8244,0,-1,0,404,3,0.333,0,2,2,36,1,380.43,0,2.71
8245,0,-1,0,1559,2,0.5,0,1,2,124,0,252.5,0,0.47
8246,0,-1,0,1508,1,0.0,0,2,2,724,1,539.37,0,0.24
8247,0,-1,0,1179,3,0.333,0,1,3,276,0,358.57,0,0.93
8248,0,-1,0,1528,1,0.0,0,1,1,392,0,657.86,0,0.24
8249,0,-1,0,1948,6,0.0,0,2,2,124,1,429.8,0,1.12
8250,0,-1,0,16,4,0.0,0,1,2,528,1,1212.31,0,50
8251,0,-1,0,606,1,0.0,0,4,5,276,0,1151.03,0,0.6
8252,0,-1,0,1769,10,0.1,0,1,1,36,1,527.16,0,2.06
8253,0,-1,0,1474,2,0.0,0,1,2,356,1,566.16,0,0.5
8254,0,-1,0,210,1,1.0,0,3,4,124,1,488.32,0,1.74
8255,0,-1,0,1298,3,0.0,0,1,2,276,0,288.01,0,0.84
8256,0,-1,0,305,1,0.0,0,1,1,392,1,868.58,0,1.2
8257,0,-1,0,779,6,0.167,0,1,3,156,0,423.94,0,2.81
8258,0,-1,0,22,2,0.0,0,1,1,250,1,494.14,0,33.18
8259,0,-1,0,252,9,0.0,0,3,5,410,1,3662.96,0,13.04
8260,0,-1,0,53,1,0.0,0,1,2,840,1,759.02,0,6.89
8261,0,-1,0,1078,7,0.143,0,1,1,156,1,1010.7,0,2.37
8262,0,-1,0,515,1,0.0,0,1,3,76,1,680.17,0,0.71
8263,0,-1,0,174,1,0.0,0,1,1,156,0,1458.9,0,2.1
8264,0,-1,0,809,1,0.0,0,4,5,484,1,2124.23,0,0.45
8265,0,-1,0,1859,1,1.0,0,1,3,826,1,688.18,0,0.2
8266,0,-1,0,719,1,1.0,0,1,3,392,0,1201.34,0,0.51
8267,0,-1,0,720,10,0.2,0,4,6,392,1,345.07,0,5.07
8268,0,-1,0,129,2,0.0,0,2,3,36,1,359.45,0,5.66
8269,0,-1,0,616,2,0.5,0,1,1,250,1,338.14,0,1.19
8270,0,-1,0,1855,2,0.5,0,2,2,36,1,220.41,0,0.39
8271,0,-1,0,613,2,0.0,0,2,2,276,1,183.12,0,1.19
8272,0,-1,0,6,4,0.5,0,3,5,484,0,274.9,0,50
8273,0,-1,0,675,3,1.0,0,1,2,36,1,706.73,0,1.62
8274,0,-1,0,161,2,0.5,0,2,3,840,1,377.65,0,4.53
8275,0,-1,0,1723,1,0.0,0,1,3,826,0,481.67,0,0.21
8276,0,-1,0,1,4,0.25,0,3,5,276,1,496.8,0,50
8277,0,-1,0,12,2,0.0,0,3,4,76,0,746.25,0,50
8278,0,-1,0,505,2,0.5,0,1,2,840,1,149.35,0,1.45
8279,0,-1,0,947,4,0.25,0,1,3,392,1,269.21,0,1.54
8280,0,-1,0,925,2,0.0,0,1,2,124,0,239.04,0,0.79
8281,0,-1,0,995,1,0.0,0,2,2,840,0,269.65,0,0.37
8282,0,-1,0,860,1,0.0,0,3,5,156,1,557.43,0,0.42
8283,0,-1,0,1441,2,0.0,0,3,4,410,1,293.67,0,0.51
8284,0,-1,0,1952,1,0.0,0,1,3,840,1,316.0,0,0.19
8285,0,-1,0,3,1,0.0,0,2,4,528,1,896.09,0,50
8286,0,-1,0,882,1,0.0,0,3,4,410,0,946.82,0,0.41
8287,0,-1,0,1259,8,0.0,0,2,2,156,1,488.65,0,2.32
8288,0,-1,0,14,1,0.0,0,1,1,826,0,923.06,0,26.07
8289,0,-1,0,8,1,0.0,0,1,3,356,1,321.4,0,45.62
8290,0,-1,0,1198,1,0.0,0,1,3,724,1,293.31,0,0.3
8291,0,-1,0,1314,2,0.0,0,1,1,840,0,1281.61,0,0.56
8292,0,-1,0,1867,3,0.0,0,2,2,276,1,651.64,0,0.59
8293,0,-1,0,1833,3,0.333,0,2,3,840,1,350.62,0,0.6
8294,0,-1,0,71,2,0.0,0,1,3,392,1,1231.52,0,10.28
8295,0,-1,0,368,1,0.0,0,4,5,392,1,2433.71,0,0.99
8296,0,-1,0,1936,5,0.0,0,1,1,826,1,2464.04,0,0.94
8297,0,-1,0,1779,2,0.5,0,3,5,392,1,132.3,0,0.41
8298,0,-1,0,21,1,0.0,0,2,4,840,1,435.02,0,17.38
8299,0,-1,0,856,4,0.0,0,4,4,76,0,1553.57,0,1.71
8300,0,-1,0,933,3,0.0,0,2,2,250,0,583.09,0,1.17
8301,0,-1,0,29,2,0.0,0,1,3,826,1,1987.96,0,25.17
8302,0,-1,0,121,4,0.25,0,2,3,380,1,313.55,0,12.07
8303,0,-1,0,1845,1,0.0,0,3,4,410,0,343.97,0,0.2
8304,0,-1,0,1502,5,0.2,0,2,3,250,1,418.64,0,1.22
8305,0,-1,0,1398,1,0.0,0,1,3,250,0,1014.27,0,0.26
8306,0,-1,0,830,3,0.667,0,1,2,156,1,268.3,0,1.32
8307,0,-1,0,1669,2,0.5,0,1,3,392,1,443.09,0,0.44
8308,0,-1,0,245,1,0.0,0,2,4,484,1,506.6,0,1.49
8309,0,-1,0,688,1,0.0,0,1,3,840,0,721.71,0,0.53
8310,0,-1,0,826,2,0.5,0,3,5,392,0,1162.39,0,0.88
8311,0,-1,0,467,3,0.0,0,2,4,410,1,417.88,0,2.34
8312,0,-1,0,993,3,0.0,0,2,2,380,0,1239.98,0,1.1
8313,0,-1,0,739,2,0.5,0,1,3,250,1,139.73,0,0.99
8314,0,-1,0,1218,1,0.0,0,2,3,724,0,761.21,0,0.3
8315,0,-1,0,1091,3,0.0,0,3,5,276,1,619.92,0,1.0
8316,0,-1,0,67,4,0.0,0,1,2,124,0,1084.19,0,21.79
8317,0,-1,0,758,1,0.0,0,1,3,36,1,414.69,0,0.48
8318,0,-1,0,927,1,0.0,0,1,3,356,1,763.76,0,0.39
8319,0,-1,0,7,1,0.0,0,3,5,410,1,292.23,0,50
8320,0,-1,0,623,3,0.0,0,1,3,276,1,454.46,0,1.76
8321,0,-1,0,1638,6,0.167,0,2,3,528,1,191.0,0,1.34
8322,0,-1,0,971,1,0.0,0,2,2,276,0,820.09,0,0.38
8323,0,-1,0,1624,7,0.0,0,1,2,124,1,829.92,0,1.57
8324,0,-1,0,1797,6,0.333,0,1,2,410,1,626.44,0,1.22
8325,0,-1,0,37,1,1.0,0,1,3,826,1,302.55,0,9.86
8326,0,-1,0,970,6,0.333,0,1,1,156,0,416.94,0,2.26
8327,0,-1,0,1863,3,0.0,0,2,4,156,0,211.09,0,0.59
8328,0,-1,0,1925,4,0.25,0,3,4,276,1,664.97,0,0.76
8329,0,-1,0,1731,5,0.0,0,1,3,410,1,355.58,0,1.05
8330,0,-1,0,1466,5,0.6,0,2,2,156,1,262.21,0,1.24
8331,0,-1,0,5,1,1.0,0,3,5,392,0,1299.27,0,50
8332,0,-1,0,945,2,0.0,0,2,3,826,0,313.57,0,0.77
8333,0,-1,0,871,2,0.0,0,1,2,840,0,936.02,0,0.84
8334,0,-1,0,1501,4,0.25,0,1,1,840,0,377.77,0,0.97
8335,0,-1,0,778,3,0.0,0,1,3,156,1,441.26,0,1.41
8336,0,-1,0,1200,1,0.0,0,1,1,528,1,446.4,0,0.3
8337,0,-1,0,640,2,0.0,0,1,2,840,1,448.73,0,1.14
8338,0,-1,0,1078,2,0.0,0,1,2,250,0,550.27,0,0.68
8339,0,-1,0,1904,1,0.0,0,1,1,156,1,987.32,0,0.19
8340,0,-1,0,1720,1,0.0,0,1,3,840,0,681.43,0,0.21
8341,0,-1,0,576,1,1.0,0,1,3,124,0,620.47,0,0.63
8342,0,-1,0,1906,4,0.75,0,1,2,156,0,317.81,0,0.77
8343,0,-1,0,13,3,0.0,0,1,3,124,0,700.6,0,50
8344,0,-1,0,607,2,0.0,0,1,3,36,0,588.47,0,1.2
8345,0,-1,0,402,2,0.0,0,1,1,840,1,1084.04,0,1.82
8346,0,-1,0,1755,2,0.0,0,4,4,840,1,403.13,0,0.42
8347,0,-1,0,1575,3,0.333,0,3,4,826,0,433.37,0,0.7
8348,0,-1,0,398,1,0.0,0,1,3,826,1,823.67,0,0.92
8349,0,-1,0,1675,2,0.0,0,3,5,36,0,879.31,0,0.44
8350,0,-1,0,462,4,0.5,0,1,2,156,0,224.74,0,3.16
8351,0,-1,0,1410,3,0.333,0,2,2,76,1,114.23,0,0.78
8352,0,-1,0,737,3,0.0,0,1,3,356,1,453.93,0,1.49
8353,0,-1,0,822,1,0.0,0,1,3,826,1,145.43,0,0.44
8354,0,-1,0,1638,2,0.5,0,1,1,76,0,705.09,0,0.45
8355,0,-1,0,817,1,0.0,0,1,2,276,0,422.84,0,0.45
8356,0,-1,0,941,2,0.0,0,1,2,156,0,311.2,0,0.78
8357,0,-1,0,289,2,0.0,0,1,3,840,1,142.89,0,2.53
8358,0,-1,0,25,2,0.0,0,1,3,156,0,1014.15,0,29.2
8359,0,-1,0,820,1,0.0,0,3,4,380,0,895.81,0,0.45
8360,0,-1,0,1575,4,0.75,0,2,2,250,0,237.71,0,0.93
8361,0,-1,0,1136,2,0.0,0,2,3,76,1,654.6,0,0.64
8362,0,-1,0,1918,1,0.0,0,2,3,276,1,832.72,0,0.19
8363,0,-1,0,1347,3,0.667,0,2,4,840,0,394.26,0,0.81
8364,0,-1,0,287,1,0.0,0,1,3,156,1,597.31,0,1.27
8365,0,-1,0,234,2,0.0,0,1,2,124,1,1368.81,0,3.12
8366,0,-1,0,938,3,0.333,0,1,3,392,1,980.97,0,1.17
8367,0,-1,0,1686,4,0.0,0,1,1,840,0,334.04,0,0.87
8368,0,-1,0,10,3,0.0,0,1,2,76,1,728.28,0,50
8369,0,-1,0,27,3,0.0,0,1,3,156,1,776.11,0,40.56
8370,0,-1,0,1616,1,1.0,0,3,4,124,1,230.14,0,0.23
8371,0,-1,0,1879,2,0.0,0,4,6,528,0,633.96,0,0.39
8372,0,-1,0,1632,1,0.0,0,3,5,276,1,828.42,0,0.22
8373,0,-1,0,1812,1,0.0,0,3,4,36,1,314.47,0,0.2
8374,0,-1,0,630,3,0.333,0,1,2,156,1,694.75,0,1.74
8375,0,-1,0,937,2,0.0,0,2,4,356,0,633.77,0,0.78
8376,0,-1,0,812,6,0.0,0,2,3,840,1,752.18,0,2.7
8377,0,-1,0,594,2,0.5,0,1,3,840,0,948.68,0,1.23
8378,0,-1,0,914,1,0.0,0,2,3,840,1,1242.29,0,0.4
8379,0,-1,0,26,4,0.25,0,1,2,76,1,234.27,0,50
8380,0,-1,0,1863,1,0.0,0,1,3,156,0,429.61,0,0.2
8381,0,-1,0,311,1,0.0,0,2,2,250,0,556.55,0,1.17
8382,0,-1,0,1505,1,0.0,0,1,2,276,1,667.95,0,0.24
8383,0,-1,0,12,4,0.25,0,3,4,276,1,569.13,0,50
8384,0,-1,0,7,10,0.3,0,2,4,250,1,265.82,0,50
8385,0,-1,0,1614,5,0.4,0,3,3,124,0,172.16,0,1.13
8386,0,-1,0,1890,1,0.0,0,1,1,484,1,1372.43,0,0.19
8387,0,-1,0,718,9,0.222,0,2,3,276,1,279.89,0,4.58
8388,0,-1,0,1872,1,0.0,0,1,1,276,0,842.7,0,0.19
8389,0,-1,0,1698,2,0.0,0,1,2,826,0,547.85,0,0.43
8390,0,-1,0,352,4,0.25,0,2,4,840,1,759.43,0,4.15
8391,0,-1,0,1212,8,0.0,0,2,3,124,1,428.49,0,2.41
8392,0,-1,0,1975,1,1.0,0,4,4,840,0,431.03,0,0.18
8393,0,-1,0,258,5,0.2,0,1,1,156,1,275.36,0,7.07
8394,0,-1,0,8,1,0.0,0,1,1,826,1,232.54,0,45.62
8395,0,-1,0,1125,1,0.0,0,1,1,826,1,830.83,0,0.32
8396,0,-1,0,1977,1,0.0,0,2,2,380,0,447.9,0,0.18
8397,0,-1,0,801,1,1.0,0,1,3,380,0,1439.62,0,0.46
8398,0,-1,0,22,8,0.25,0,1,2,124,1,426.85,0,50
8399,0,-1,0,1162,5,0.2,0,4,5,392,0,569.82,0,1.57
8400,0,-1,0,388,1,1.0,0,1,2,826,1,532.57,0,0.94
8401,0,-1,0,581,3,0.0,0,1,2,156,0,167.76,0,1.88
8402,0,-1,0,1457,3,0.333,0,1,3,840,0,268.21,0,0.75
8403,0,-1,0,1316,10,0.3,0,2,4,392,1,1358.72,0,2.77
8404,0,-1,0,1671,1,0.0,0,1,2,840,1,386.22,0,0.22
8405,0,-1,0,1066,1,1.0,0,3,5,528,0,449.37,0,0.34
8406,0,-1,0,1008,3,0.333,0,1,3,392,1,549.84,0,1.09
8407,0,-1,0,572,3,0.333,0,1,3,250,1,419.43,0,1.91
8408,0,-1,0,1161,1,0.0,0,1,1,156,1,487.45,0,0.31
8409,0,-1,0,239,4,0.0,0,2,3,840,1,328.3,0,6.11
8410,0,-1,0,1976,1,0.0,0,2,2,840,1,295.26,0,0.18
8411,0,-1,0,376,1,0.0,0,1,1,276,1,1393.84,0,0.97
8412,0,-1,0,288,2,0.0,0,3,3,840,1,373.9,0,2.53
8413,0,-1,0,1267,5,0.0,0,2,3,410,1,433.16,0,1.44
8414,0,-1,0,296,1,0.0,0,3,4,156,1,846.23,0,1.23
8415,0,-1,0,1398,2,0.5,0,1,3,276,0,859.15,0,0.52
8416,0,-1,0,1506,1,0.0,0,3,4,156,1,147.83,0,0.24
8417,0,-1,0,1103,2,0.5,0,1,1,36,0,523.06,0,0.66
8418,0,-1,0,1482,5,0.0,0,1,1,840,1,276.11,0,1.23
8419,0,-1,0,361,2,0.5,0,2,4,410,1,418.86,0,2.02
8420,0,-1,0,873,4,0.0,0,1,1,826,1,241.3,0,1.67
8421,0,-1,0,1513,4,0.0,0,1,3,276,0,110.06,0,0.96
8422,0,-1,0,1186,4,0.0,0,1,2,826,1,380.8,0,1.23
8423,0,-1,0,1383,2,0.0,0,2,3,276,1,384.35,0,0.53
8424,0,-1,0,1088,3,0.0,0,3,5,276,0,193.71,0,1.01
8425,0,-1,0,648,4,0.5,0,3,5,276,1,932.69,0,2.25
8426,0,-1,0,356,2,0.0,0,1,3,410,1,639.26,0,2.05
8427,0,-1,0,21,1,0.0,0,1,1,156,1,483.86,0,17.38
8428,0,-1,0,1013,5,0.2,0,1,3,156,1,283.35,0,1.8
8429,0,-1,0,1497,2,0.5,0,4,5,484,0,164.62,0,0.49
8430,0,-1,0,26,1,0.0,0,1,3,380,0,981.2,0,14.04
8431,0,-1,0,717,1,1.0,0,1,2,250,0,454.24,0,0.51
8432,0,-1,0,1998,3,0.0,0,1,2,840,1,341.84,0,0.55
8433,0,-1,0,792,6,0.0,0,1,2,826,1,658.29,0,2.77
8434,0,-1,0,160,2,0.0,0,1,1,840,0,354.34,0,4.56
8435,0,-1,0,1821,2,0.0,0,2,2,156,0,1083.15,0,0.4
8436,0,-1,0,1990,7,0.286,0,1,2,840,1,356.8,0,1.28
8437,0,-1,0,527,2,0.0,0,2,4,826,1,1019.2,0,1.39
8438,0,-1,0,643,1,1.0,0,2,3,380,1,440.01,0,0.57
8439,0,-1,0,28,3,0.0,0,1,2,124,0,918.42,0,39.11
8440,0,-1,0,1621,3,0.0,0,1,2,826,1,472.46,0,0.68
8441,0,-1,0,1994,3,0.0,0,3,3,276,1,489.5,0,0.55
8442,0,-1,0,507,7,0.143,0,1,1,276,1,289.56,0,5.04
8443,0,-1,0,1186,1,0.0,0,1,3,380,0,768.12,0,0.31
8444,0,-1,0,1690,1,0.0,0,1,1,36,0,319.34,0,0.22
8445,0,-1,0,230,3,0.0,0,2,2,156,0,564.98,0,4.76
8446,0,-1,0,668,3,0.333,0,1,1,380,1,413.85,0,1.64
8447,0,-1,0,1608,1,0.0,0,2,4,724,0,490.2,0,0.23
8448,0,-1,0,24,4,0.0,0,3,4,156,1,345.54,0,50
8449,0,-1,0,909,5,0.2,0,2,2,826,0,239.46,0,2.01
8450,0,-1,0,1538,2,0.0,0,1,3,124,0,413.16,0,0.47
8451,0,-1,0,864,2,0.0,0,2,3,840,1,221.8,0,0.84
8452,0,-1,0,22,2,0.0,0,1,3,724,1,400.34,0,33.18
8453,0,-1,0,1129,2,0.0,0,1,1,124,1,345.55,0,0.65
8454,0,-1,0,379,2,0.0,0,2,4,250,0,1397.01,0,1.93
8455,0,-1,0,74,3,0.333,0,1,2,826,0,1701.06,0,14.8
8456,0,-1,0,1706,1,0.0,0,1,3,380,1,67.8,0,0.21
8457,0,-1,0,1034,1,0.0,0,1,1,156,0,448.3,0,0.35
8458,0,-1,0,1343,2,0.5,0,2,4,156,0,622.66,0,0.54
8459,0,-1,0,9,3,0.333,0,1,2,484,0,335.24,0,50
8460,0,-1,0,860,4,0.25,0,1,1,840,1,434.76,0,1.7
8461,0,-1,0,922,5,0.2,0,1,3,528,1,221.11,0,1.98
8462,0,-1,0,794,4,0.0,0,1,3,250,0,317.39,0,1.84
8463,0,-1,0,212,2,0.0,0,1,3,840,0,434.8,0,3.44
8464,0,-1,0,1590,2,0.5,0,1,1,276,1,567.89,0,0.46
8465,0,-1,0,403,6,0.333,0,4,4,156,1,871.71,0,5.43
8466,0,-1,0,4,1,1.0,0,4,5,840,1,2021.44,0,50
8467,0,-1,0,1170,2,0.0,0,1,1,840,1,858.61,0,0.62
8468,0,-1,0,1089,5,0.0,0,2,4,528,1,762.9,0,1.68
8469,0,-1,0,21,1,0.0,0,1,3,356,0,333.31,0,17.38
8470,0,-1,0,1338,1,0.0,0,1,2,840,1,280.44,0,0.27
8471,0,-1,0,1491,5,0.4,0,1,2,276,0,913.19,0,1.22
8472,0,-1,0,19,1,0.0,0,1,2,156,1,651.15,0,19.21
8473,0,-1,0,116,3,0.0,0,2,3,484,1,213.34,0,9.44
8474,0,-1,0,629,5,0.0,0,1,3,276,1,289.55,0,2.9
8475,0,-1,0,710,2,0.0,0,1,1,392,0,760.43,0,1.03
8476,0,-1,0,1236,1,0.0,0,2,3,36,0,273.07,0,0.3
8477,0,-1,0,845,3,0.0,0,4,4,826,0,218.28,0,1.3
8478,0,-1,0,1,1,0.0,0,1,2,484,1,545.03,0,50
8479,0,-1,0,1421,3,0.0,0,3,3,156,0,1073.67,0,0.77
8480,0,-1,0,945,2,0.0,0,1,2,156,0,90.33,0,0.77
8481,0,-1,0,16,1,0.0,0,3,5,484,1,600.11,0,22.81
8482,0,-1,0,27,2,0.0,0,1,1,840,0,1969.35,0,27.04
8483,0,-1,0,5,4,0.0,0,2,3,840,1,519.81,0,50
8484,0,-1,0,218,1,0.0,0,3,5,840,1,612.38,0,1.67
8485,0,-1,0,748,5,0.4,0,1,1,484,1,1014.9,0,2.44
8486,0,-1,0,208,2,0.0,0,1,3,826,1,332.85,0,3.51
8487,0,-1,0,1372,8,0.25,0,2,4,392,1,334.24,0,2.13
8488,0,-1,0,1434,4,0.0,0,2,4,380,1,324.29,0,1.02
8489,0,-1,0,1444,1,0.0,0,2,2,840,1,476.09,0,0.25
8490,0,-1,0,636,2,0.0,0,3,4,380,1,753.71,0,1.15
8491,0,-1,0,883,5,0.0,0,3,5,826,1,1898.25,0,2.07
8492,0,-1,0,1220,3,0.0,0,2,3,276,1,1507.42,0,0.9
8493,0,-1,0,543,2,0.5,0,1,3,484,1,167.15,0,1.34
8494,0,-1,0,10,2,0.0,0,1,2,36,1,170.7,0,50
8495,0,-1,0,308,5,0.0,0,1,3,276,1,599.3,0,5.93
8496,0,-1,0,106,2,0.0,0,4,5,124,0,776.28,0,6.89
8497,0,-1,0,23,1,0.0,0,1,1,840,0,198.26,0,15.87
8498,0,-1,0,11,3,0.0,0,1,1,276,1,241.34,0,50
8499,0,-1,0,1214,7,0.143,0,2,2,156,1,151.97,0,2.1
8500,0,-1,0,28,1,0.0,0,1,2,276,0,592.33,0,13.04
8501,0,-1,0,1031,7,0.286,0,1,3,276,1,397.94,0,2.48
8502,0,-1,0,1378,3,1.0,0,2,3,410,0,1319.23,0,0.79
8503,0,-1,0,1082,3,0.0,0,1,2,156,0,608.0,0,1.01
8504,0,-1,0,1139,1,0.0,0,1,1,826,1,1714.38,0,0.32
8505,0,-1,0,484,4,0.0,0,1,2,156,0,597.64,0,3.02
8506,0,-1,0,275,3,0.333,0,1,3,250,1,648.42,0,3.98
8507,0,-1,0,1901,2,0.0,0,2,4,840,1,1172.37,0,0.38
8508,0,-1,0,12,4,0.0,0,1,2,840,0,1025.33,0,50
8509,0,-1,0,2,1,0.0,0,1,3,380,1,900.97,0,50
8510,0,-1,0,1621,3,0.667,0,2,2,250,1,852.01,0,0.68
8511,0,-1,0,1558,3,0.0,0,1,3,276,1,452.57,0,0.7
8512,0,-1,0,1368,3,0.0,0,1,1,840,1,533.37,0,0.8
8513,0,-1,0,399,5,0.0,0,1,1,124,1,963.81,0,4.57
8514,0,-1,0,1231,9,0.333,0,1,3,36,1,320.36,0,2.67
8515,0,-1,0,101,1,0.0,0,4,5,840,1,202.1,0,3.61
8516,0,-1,0,293,1,0.0,0,3,3,276,0,659.93,0,1.25
8517,0,-1,0,716,4,0.5,0,1,3,840,1,235.34,0,2.04
8518,0,-1,0,1528,3,0.333,0,1,3,156,1,534.07,0,0.72
8519,0,-1,0,1330,2,0.5,0,3,4,156,0,429.73,0,0.55
8520,0,-1,0,362,1,0.0,0,1,3,156,0,489.43,0,1.01
8521,0,-1,0,2,2,0.0,0,3,3,276,1,2035.93,0,50
8522,0,-1,0,1713,4,0.0,0,2,2,156,1,414.08,0,0.85
8523,0,-1,0,1626,1,0.0,0,2,4,276,0,125.27,0,0.22
8524,0,-1,0,1144,1,0.0,0,1,2,356,1,1124.91,0,0.32
8525,0,-1,0,344,3,0.667,0,3,4,156,1,876.87,0,3.18
8526,0,-1,0,1485,1,0.0,0,1,3,156,1,284.53,0,0.25
8527,0,-1,0,1143,4,0.0,0,1,3,36,0,224.77,0,1.28
8528,0,-1,0,1765,1,1.0,0,2,3,840,0,496.83,0,0.21
8529,0,-1,0,211,3,0.333,0,2,2,156,1,416.48,0,5.19
8530,0,-1,0,964,2,0.0,0,2,2,410,1,654.15,0,0.76
8531,0,-1,0,101,6,0.5,0,1,1,840,0,786.8,0,21.68
8532,0,-1,0,1584,1,0.0,0,3,3,840,1,159.45,0,0.23
8533,0,-1,0,395,13,0.231,0,1,3,392,1,325.51,0,12.01
8534,0,-1,0,976,3,0.667,0,3,3,156,1,791.33,0,1.12
8535,0,-1,0,1239,3,0.333,0,1,1,826,1,926.42,0,0.88
8536,0,-1,0,803,5,0.4,0,1,1,156,1,649.9,0,2.27
8537,0,-1,0,1242,3,0.0,0,1,2,36,1,788.33,0,0.88
8538,0,-1,0,557,4,0.5,0,1,3,528,0,824.38,0,2.62
8539,0,-1,0,774,2,0.0,0,1,2,156,0,555.94,0,0.94
8540,0,-1,0,1033,2,0.0,0,2,3,156,1,1437.74,0,0.71
8541,0,-1,0,1850,3,0.0,0,2,2,840,0,452.57,0,0.59
8542,0,-1,0,18,3,0.333,0,1,3,380,0,842.53,0,50
8543,0,-1,0,389,2,0.0,0,3,5,724,0,585.59,0,1.88
8544,0,-1,0,1570,3,0.0,0,2,2,76,1,429.39,0,0.7
8545,0,-1,0,577,3,0.0,0,2,4,392,1,815.21,0,1.9
8546,0,-1,0,570,4,0.0,0,3,3,276,1,385.36,0,2.56
8547,0,-1,0,1712,5,0.6,0,1,2,392,1,458.17,0,1.07
8548,0,-1,0,533,1,0.0,0,3,5,840,0,526.7,0,0.68
8549,0,-1,0,791,1,0.0,0,1,3,156,1,782.59,0,0.46
8550,0,-1,0,378,2,0.0,0,1,2,276,1,1197.63,0,1.93
8551,0,-1,0,385,4,0.0,0,1,1,276,0,284.71,0,3.79
8552,0,-1,0,885,4,0.0,0,3,4,484,1,155.57,0,1.65
8553,0,-1,0,555,8,0.25,0,2,4,840,1,330.35,0,5.26
8554,0,-1,0,22,1,0.0,0,1,2,156,0,1305.46,0,16.59
8555,0,-1,0,1966,2,0.0,0,3,5,76,1,512.22,0,0.37
8556,0,-1,0,26,5,0.0,0,2,4,156,0,705.06,0,50
8557,0,-1,0,78,6,0.0,0,1,2,156,1,718.23,0,28.08
8558,0,-1,0,414,2,0.0,0,2,2,36,0,260.26,0,1.76
8559,0,-1,0,1482,2,0.0,0,2,4,380,1,794.17,0,0.49
8560,0,-1,0,165,2,0.0,0,4,5,156,0,771.9,0,4.42
8561,0,-1,0,1871,10,0.2,0,1,2,840,1,309.09,0,1.95
8562,0,-1,0,458,4,0.0,0,2,4,840,0,501.06,0,3.19
8563,0,-1,0,940,3,0.0,0,3,4,840,1,548.17,0,1.16
8564,0,-1,0,1083,1,0.0,0,1,2,528,1,704.66,0,0.34
8565,0,-1,0,478,4,0.25,0,1,1,276,1,261.44,0,3.05
8566,0,-1,0,892,2,0.0,0,1,2,156,1,982.6,0,0.82
8567,0,-1,0,1942,4,0.0,0,3,3,392,0,181.59,0,0.75
8568,0,-1,0,1490,6,0.0,0,2,2,484,1,2344.03,0,1.47
8569,0,-1,0,945,1,0.0,0,1,1,250,1,718.12,0,0.39
8570,0,-1,0,12,1,0.0,0,1,1,840,1,624.98,0,30.42
8571,0,-1,0,854,2,0.0,0,2,2,250,1,325.38,0,0.85
8572,0,-1,0,828,3,0.0,0,2,2,276,1,392.09,0,1.32
8573,0,-1,0,501,1,0.0,0,1,1,528,1,237.67,0,0.73
8574,0,-1,0,186,3,0.333,0,1,3,356,0,789.39,0,5.89
8575,0,-1,0,190,1,0.0,0,1,1,124,1,92.89,0,1.92
8576,0,-1,0,433,1,0.0,0,3,5,356,0,466.58,0,0.84
8577,0,-1,0,216,4,0.0,0,1,3,840,1,396.07,0,6.76
8578,0,-1,0,153,1,0.0,0,2,2,724,1,989.7,0,2.39
8579,0,-1,0,1382,1,0.0,0,2,3,276,0,1325.43,0,0.26
8580,0,-1,0,1064,1,0.0,0,1,3,36,1,494.54,0,0.34
8581,0,-1,0,970,2,0.5,0,3,4,156,0,728.17,0,0.75
8582,0,-1,0,148,2,0.5,0,2,3,724,1,348.75,0,4.93
8583,0,-1,0,1744,1,0.0,0,1,1,840,0,386.54,0,0.21
8584,0,-1,0,1696,2,0.0,0,1,3,124,1,473.67,0,0.43
8585,0,-1,0,593,2,0.0,0,1,2,250,1,279.68,0,1.23
8586,0,-1,0,1302,3,0.333,0,1,1,826,0,229.06,0,0.84
8587,0,-1,0,1704,1,0.0,0,3,4,250,1,313.62,0,0.21
8588,0,-1,0,1770,1,0.0,0,1,1,156,0,758.73,0,0.21
8589,0,-1,0,1641,2,0.5,0,3,3,840,1,946.0,0,0.44
8590,0,-1,0,109,1,0.0,0,3,4,380,0,355.61,0,3.35
8591,0,-1,0,271,2,0.5,0,1,3,250,0,256.7,0,2.69
8592,0,-1,0,1053,1,0.0,0,1,2,250,1,645.75,0,0.35
8593,0,-1,0,433,1,0.0,0,3,3,156,0,359.13,0,0.84
8594,0,-1,0,28,1,1.0,0,1,1,840,0,269.71,0,13.04
8595,0,-1,0,734,2,0.0,0,1,1,840,1,391.13,0,0.99
8596,0,-1,0,144,1,0.0,0,2,3,276,0,346.36,0,2.53
8597,0,-1,0,1705,3,0.0,0,2,3,36,1,325.89,0,0.64
8598,0,-1,0,1860,2,0.0,0,1,3,840,0,653.88,0,0.39
8599,0,-1,0,190,5,0.4,0,1,3,392,1,578.07,0,9.61
8600,0,-1,0,362,1,0.0,0,1,1,840,0,894.72,0,1.01
8601,0,-1,0,418,1,0.0,0,2,4,250,0,803.15,0,0.87
8602,0,-1,0,20,1,0.0,0,2,3,826,1,180.78,0,18.25
8603,0,-1,0,26,6,0.5,0,2,4,124,1,897.9,0,50
8604,0,-1,0,477,1,0.0,0,3,5,380,0,344.08,0,0.77
8605,0,-1,0,861,1,0.0,0,1,2,840,1,457.35,0,0.42
8606,0,-1,0,237,2,0.5,0,1,2,410,1,813.84,0,3.08
8607,0,-1,0,1579,1,0.0,0,2,2,840,0,454.61,0,0.23
8608,0,-1,0,15,4,0.25,0,2,4,392,0,1728.85,0,50
8609,0,-1,0,562,1,1.0,0,3,5,156,1,1082.96,0,0.65
8610,0,-1,0,7,7,0.0,0,2,2,380,1,812.52,0,50
8611,0,-1,0,239,2,0.0,0,3,3,528,0,786.94,0,3.05
8612,0,-1,0,575,2,0.0,0,1,2,724,0,390.84,0,1.27
8613,0,-1,0,1020,2,0.0,0,2,3,528,0,69.12,0,0.72
8614,0,-1,0,1209,2,0.0,0,1,2,826,0,693.35,0,0.6
8615,0,-1,0,1940,1,1.0,0,1,2,840,0,299.39,0,0.19
8616,0,-1,0,171,2,0.5,0,1,1,840,0,196.89,0,4.27
8617,0,-1,0,409,3,0.333,0,1,2,36,0,957.54,0,2.68
8618,0,-1,0,1698,8,0.25,0,2,2,840,1,603.17,0,1.72
8619,0,-1,0,1743,2,0.0,0,2,2,250,1,486.76,0,0.42
8620,0,-1,0,657,3,0.0,0,1,2,840,0,429.44,0,1.67
8621,0,-1,0,1,3,0.0,0,1,3,840,1,726.13,0,50
8622,0,-1,0,282,5,0.4,0,2,3,840,1,282.74,0,6.47
8623,0,-1,0,19,1,0.0,0,1,3,392,0,157.79,0,19.21
8624,0,-1,0,1275,1,1.0,0,2,2,124,0,384.67,0,0.29
8625,0,-1,0,786,2,0.0,0,2,4,156,0,358.19,0,0.93
8626,0,-1,0,1750,1,0.0,0,1,3,380,0,563.33,0,0.21
8627,0,-1,0,246,9,0.222,0,1,1,826,1,261.34,0,13.35
8628,0,-1,0,23,1,0.0,0,1,1,156,0,181.06,0,15.87
8629,0,-1,0,1090,4,0.0,0,2,2,250,1,390.48,0,1.34
8630,0,-1,0,780,3,0.0,0,1,3,156,1,1311.75,0,1.4
8631,0,-1,0,1064,2,0.0,0,2,4,36,1,453.41,0,0.69
8632,0,-1,0,1431,2,0.0,0,1,2,484,0,715.96,0,0.51
8633,0,-1,0,867,1,1.0,0,2,2,36,0,1593.15,0,0.42
8634,0,-1,0,1948,7,0.286,0,1,3,484,1,163.98,0,1.31
8635,0,-1,0,430,4,0.0,0,1,2,276,1,593.25,0,3.4
8636,0,-1,0,966,3,0.0,0,2,3,276,0,1240.99,0,1.13
8637,0,-1,0,7,1,0.0,0,2,4,826,0,263.55,0,50
8638,0,-1,0,757,3,0.0,0,2,3,826,1,406.34,0,1.45
8639,0,-1,0,807,1,0.0,0,2,3,840,1,545.72,0,0.45
8640,0,-1,0,463,2,0.5,0,1,1,156,1,295.81,0,1.58
8641,0,-1,0,1840,3,0.333,0,2,2,156,0,509.34,0,0.6
8642,0,-1,0,21,7,0.0,0,2,2,392,1,392.72,0,50
8643,0,-1,0,1535,3,0.333,0,1,3,840,0,427.14,0,0.71
8644,0,-1,0,186,1,0.0,0,1,1,392,0,338.09,0,1.96
8645,0,-1,0,345,5,0.0,0,2,2,76,1,652.22,0,5.29
8646,0,-1,0,28,3,0.0,0,3,3,840,1,177.88,0,39.11
8647,0,-1,0,1246,1,0.0,0,2,4,76,0,267.21,0,0.29
8648,0,-1,0,270,5,0.2,0,3,4,840,0,300.39,0,6.76
8649,0,-1,0,831,1,1.0,0,1,2,156,0,559.67,0,0.44
8650,0,-1,0,420,3,0.0,0,1,1,826,0,183.83,0,2.61
8651,0,-1,0,5,5,0.4,0,3,5,250,1,219.16,0,50
8652,0,-1,0,623,2,0.5,0,1,2,410,0,401.84,0,1.17
8653,0,-1,0,1009,2,0.0,0,1,3,276,0,1057.46,0,0.72
8654,0,-1,0,215,3,0.0,0,1,2,356,0,270.34,0,5.09
8655,0,-1,0,946,3,0.333,0,4,5,840,1,369.67,0,1.16
8656,0,-1,0,601,8,0.25,0,2,3,380,1,331.92,0,4.86
8657,0,-1,0,16,3,0.0,0,2,4,36,0,738.91,0,50
8658,0,-1,0,219,1,0.0,0,1,2,76,1,606.38,0,1.67
8659,0,-1,0,849,4,0.0,0,1,1,840,1,301.96,0,1.72
8660,0,-1,0,822,3,0.333,0,1,1,276,0,262.82,0,1.33
8661,0,-1,0,885,1,0.0,0,2,4,410,1,319.95,0,0.41
8662,0,-1,0,498,3,0.0,0,2,2,410,1,221.56,0,2.2
8663,0,-1,0,1900,5,0.6,0,4,4,840,0,597.61,0,0.96
8664,0,-1,0,855,7,0.143,0,1,2,840,1,247.54,0,2.99
8665,0,-1,0,28,2,0.0,0,3,3,156,1,226.1,0,26.07
8666,0,-1,0,12,1,1.0,0,3,3,276,1,987.09,0,30.42
8667,0,-1,0,530,2,0.5,0,1,1,840,1,375.05,0,1.38
8668,0,-1,0,1435,4,0.25,0,2,2,840,1,1056.17,0,1.02
8669,0,-1,0,1330,2,0.0,0,2,3,840,1,581.03,0,0.55
8670,0,-1,0,88,4,0.0,0,1,3,410,0,1332.44,0,16.59
8671,0,-1,0,1306,4,0.0,0,1,2,724,1,862.56,0,1.12
8672,0,-1,0,1030,2,0.0,0,1,3,840,0,791.35,0,0.71
8673,0,-1,0,873,1,0.0,0,2,4,156,1,105.34,0,0.42
8674,0,-1,0,444,2,0.5,0,4,4,840,0,1018.84,0,1.64
8675,0,-1,0,6,6,0.167,0,1,1,36,1,683.42,0,50
8676,0,-1,0,201,1,1.0,0,1,2,124,0,856.09,0,1.82
8677,0,-1,0,1459,1,0.0,0,3,4,840,1,1024.98,0,0.25
8678,0,-1,0,905,4,0.0,0,2,2,826,0,749.18,0,1.61
8679,0,-1,0,911,4,0.25,0,1,1,36,1,986.29,0,1.6
8680,0,-1,0,1514,4,0.5,0,1,2,156,1,1510.82,0,0.96
8681,0,-1,0,128,1,0.0,0,1,2,156,0,872.69,0,2.85
8682,0,-1,0,996,2,0.5,0,1,2,840,1,403.83,0,0.73
8683,0,-1,0,506,1,0.0,0,1,1,156,1,518.91,0,0.72
8684,0,-1,0,143,1,0.0,0,1,3,276,1,315.06,0,2.55
8685,0,-1,0,429,2,0.5,0,3,4,410,1,744.83,0,1.7
8686,0,-1,0,677,1,0.0,0,1,1,276,1,198.33,0,0.54
8687,0,-1,0,1885,3,0.333,0,1,3,250,1,287.03,0,0.58
8688,0,-1,0,1897,3,0.0,0,1,3,276,1,853.37,0,0.58
8689,0,-1,0,696,2,0.0,0,1,1,840,0,569.85,0,1.05
8690,0,-1,0,20,5,0.4,0,1,2,840,1,1728.31,0,50
8691,0,-1,0,892,1,0.0,0,4,4,356,0,213.29,0,0.41
8692,0,-1,0,125,2,0.0,0,1,3,276,0,271.81,0,5.84
8693,0,-1,0,1056,1,0.0,0,1,3,276,0,896.1,0,0.35
8694,0,-1,0,392,2,0.5,0,2,4,826,0,463.72,0,1.86
8695,0,-1,0,10,3,0.0,0,4,4,840,0,378.99,0,50
8696,0,-1,0,494,3,0.0,0,4,6,276,0,733.27,0,2.22
8697,0,-1,0,1861,3,0.0,0,1,1,840,1,445.24,0,0.59
8698,0,-1,0,292,1,0.0,0,3,3,156,0,1549.0,0,1.25
8699,0,-1,0,9,1,1.0,0,2,2,392,0,286.42,0,40.56
8700,0,-1,0,1193,1,0.0,0,4,4,124,1,823.12,0,0.31
8701,0,-1,0,1959,4,0.25,0,1,3,840,0,537.37,0,0.75
8702,0,-1,0,1842,2,0.0,0,1,2,156,1,362.56,0,0.4
8703,0,-1,0,18,7,0.0,0,3,3,840,1,302.11,0,50
8704,0,-1,0,1608,2,0.0,0,2,3,36,1,598.56,0,0.45
8705,0,-1,0,1380,1,0.0,0,2,4,250,1,731.64,0,0.26
8706,0,-1,0,8,4,0.0,0,4,5,392,0,353.4,0,50
8707,0,-1,0,215,1,1.0,0,3,3,76,0,541.37,0,1.7
8708,0,-1,0,173,1,0.0,0,1,3,392,0,168.49,0,2.11
8709,0,-1,0,1328,1,1.0,0,3,5,826,1,141.3,0,0.27
8710,0,-1,0,1471,7,0.286,0,1,1,528,1,950.58,0,1.74
8711,0,-1,0,1635,3,0.667,0,1,2,156,1,267.94,0,0.67
8712,0,-1,0,11,1,0.0,0,2,2,840,0,860.29,0,33.18
8713,0,-1,0,47,2,0.0,0,1,2,840,0,884.12,0,15.53
8714,0,-1,0,651,1,0.0,0,2,4,410,1,474.58,0,0.56
8715,0,-1,0,1270,2,0.0,0,2,3,528,0,293.41,0,0.57
8716,0,-1,0,679,1,0.0,0,3,4,156,1,238.97,0,0.54
8717,0,-1,0,1020,1,1.0,0,1,1,840,1,198.16,0,0.36
8718,0,-1,0,419,6,0.167,0,1,3,484,1,765.2,0,5.23
8719,0,-1,0,1645,2,0.0,0,2,4,392,1,4018.32,0,0.44
8720,0,-1,0,1927,5,0.0,0,1,2,840,1,947.73,0,0.95
8721,0,-1,0,526,3,0.0,0,1,1,36,0,2450.22,0,2.08
8722,0,-1,0,1242,3,0.333,0,3,5,156,0,649.94,0,0.88
8723,0,-1,0,10,7,0.0,0,1,2,826,1,709.85,0,50
8724,0,-1,0,16,1,0.0,0,1,1,528,0,388.82,0,22.81
8725,0,-1,0,615,4,0.0,0,2,2,124,1,308.55,0,2.37
8726,0,-1,0,750,4,0.0,0,1,3,380,0,268.77,0,1.95
8727,0,-1,0,18,2,0.0,0,1,1,840,1,794.61,0,40.56
8728,0,-1,0,125,2,0.0,0,1,2,410,1,1179.17,0,5.84
8729,0,-1,0,955,2,0.0,0,2,4,76,0,1233.64,0,0.76
8730,0,-1,0,302,1,1.0,0,3,4,840,1,1694.28,0,1.21
8731,0,-1,0,1361,6,0.5,0,1,1,840,1,131.15,0,1.61
8732,0,-1,0,839,2,0.0,0,2,4,156,0,359.24,0,0.87
8733,0,-1,0,1857,1,0.0,0,1,2,826,1,288.68,0,0.2
8734,0,-1,0,402,2,0.0,0,4,4,840,1,371.95,0,1.82
8735,0,-1,0,206,2,1.0,0,1,2,840,0,433.91,0,3.54
8736,0,-1,0,17,3,0.0,0,2,2,36,0,671.63,0,50
8737,0,-1,0,1916,1,0.0,0,1,2,840,0,472.96,0,0.19
8738,0,-1,0,293,8,0.25,0,2,3,36,1,268.62,0,9.97
8739,0,-1,0,1642,2,0.0,0,1,3,840,1,292.51,0,0.44
8740,0,-1,0,45,1,0.0,0,1,3,840,1,140.91,0,8.11
8741,0,-1,0,81,1,0.0,0,1,2,840,0,178.25,0,4.51
8742,0,-1,0,1809,2,0.0,0,2,4,410,1,329.31,0,0.4
8743,0,-1,0,605,2,0.0,0,2,3,840,1,475.87,0,1.21
8744,0,-1,0,1411,10,0.3,0,3,3,392,1,396.52,0,2.59
8745,0,-1,0,913,2,0.5,0,1,3,156,0,401.74,0,0.8
8746,0,-1,0,285,1,0.0,0,1,2,250,1,800.42,0,1.28
8747,0,-1,0,405,3,0.0,0,3,5,124,0,216.49,0,2.7
8748,0,-1,0,1585,3,0.0,0,1,2,124,1,620.88,0,0.69
8749,0,-1,0,1012,4,0.25,0,1,3,156,0,1264.43,0,1.44
8750,0,-1,0,1211,1,0.0,0,1,3,156,1,361.29,0,0.3
8751,0,-1,0,8,1,0.0,0,1,3,76,0,271.7,0,45.62
8752,0,-1,0,16,3,0.0,0,2,2,276,0,154.22,0,50
8753,0,-1,0,376,3,0.0,0,2,3,276,1,84.78,0,2.91
8754,0,-1,0,730,5,0.2,0,1,2,276,1,366.16,0,2.5
8755,0,-1,0,1994,1,0.0,0,1,3,250,0,121.17,0,0.18
8756,0,-1,0,856,7,0.286,0,1,3,840,1,451.19,0,2.98
8757,0,-1,0,182,1,0.0,0,1,1,410,0,392.72,0,2.01
8758,0,-1,0,1993,1,0.0,0,2,3,124,0,578.29,0,0.18
8759,0,-1,0,171,1,0.0,0,2,3,276,0,922.25,0,2.13
8760,0,-1,0,8,1,1.0,0,1,3,156,0,411.17,0,45.62
8761,0,-1,0,22,6,0.0,0,1,1,276,0,289.31,0,50
8762,0,-1,0,138,1,0.0,0,1,1,484,1,1271.97,0,2.64
8763,0,-1,0,101,3,0.0,0,1,1,276,1,443.17,0,10.84
8764,0,-1,0,23,1,0.0,0,2,4,250,0,190.41,0,15.87
8765,0,-1,0,1215,6,0.167,0,1,3,840,1,442.97,0,1.8
8766,0,-1,0,6,1,0.0,0,2,3,276,1,2546.26,0,50
8767,0,-1,0,723,5,0.4,0,1,1,840,1,443.56,0,2.52
8768,0,-1,0,1666,5,0.2,0,1,3,156,1,671.61,0,1.1
8769,0,-1,0,293,4,0.25,0,4,6,250,1,271.51,0,4.98
8770,0,-1,0,8,2,0.0,0,1,2,124,1,213.24,0,50
8771,0,-1,0,5,1,0.0,0,2,2,156,1,172.14,0,50
8772,0,-1,0,518,7,0.429,0,2,2,380,1,785.55,0,4.93
8773,0,-1,0,238,3,0.0,0,1,3,840,1,551.28,0,4.6
8774,0,-1,0,1097,1,0.0,0,2,2,156,0,1124.84,0,0.33
8775,0,-1,0,739,1,0.0,0,2,3,826,1,85.71,0,0.49
8776,0,-1,0,343,3,0.333,0,1,1,840,0,399.59,0,3.19
8777,0,-1,0,403,2,0.5,0,1,1,484,0,1054.48,0,1.81
8778,0,-1,0,1144,7,0.143,0,1,1,840,1,2058.07,0,2.23
8779,0,-1,0,425,2,0.5,0,1,2,156,0,406.01,0,1.72
8780,0,-1,0,1711,2,0.0,0,2,2,156,1,1186.68,0,0.43
8781,0,-1,0,1677,2,0.5,0,1,1,826,1,712.58,0,0.44
8782,0,-1,0,1031,4,0.25,0,1,1,392,0,277.94,0,1.42
8783,0,-1,0,568,2,0.0,0,2,4,724,0,391.2,0,1.29
8784,0,-1,0,1281,4,0.0,0,1,3,724,1,223.65,0,1.14
8785,0,-1,0,1700,1,0.0,0,1,1,392,0,404.86,0,0.21
8786,0,-1,0,37,7,0.286,0,3,4,276,1,350.07,0,50
8787,0,-1,0,8,7,0.0,0,1,2,156,1,682.42,0,50
8788,0,-1,0,619,5,0.0,0,2,3,840,0,1020.99,0,2.95
8789,0,-1,0,1754,5,0.0,0,1,3,156,0,303.39,0,1.04
8790,0,-1,0,934,4,0.0,0,1,1,484,0,1613.84,0,1.56
8791,0,-1,0,454,2,0.0,0,4,6,36,1,600.06,0,1.61
8792,0,-1,0,13,4,0.25,0,1,3,484,1,458.29,0,50
8793,0,-1,0,875,3,0.0,0,3,3,840,1,677.67,0,1.25
8794,0,-1,0,458,1,0.0,0,1,2,276,1,300.54,0,0.8
8795,0,-1,0,1738,1,0.0,0,1,2,840,0,1533.66,0,0.21
8796,0,-1,0,1051,1,0.0,0,4,5,840,0,1215.74,0,0.35
8797,0,-1,0,1038,1,0.0,0,2,3,392,0,281.84,0,0.35
8798,0,-1,0,323,2,0.5,0,3,5,840,0,1833.57,0,2.26
8799,0,-1,0,1134,2,0.0,0,1,3,528,0,302.32,0,0.64
8800,0,-1,0,159,3,0.0,0,3,3,392,0,314.2,0,6.89
8801,0,-1,0,1822,2,0.0,0,2,4,156,0,632.46,0,0.4
8802,0,-1,0,1763,1,0.0,0,1,2,724,1,110.94,0,0.21
8803,0,-1,0,1433,2,0.0,0,2,3,840,0,1078.76,0,0.51
8804,0,-1,0,1683,5,0.0,0,1,2,356,0,463.14,0,1.08
8805,0,-1,0,788,5,0.2,0,1,1,156,0,633.14,0,2.32
8806,0,-1,0,1795,3,0.0,0,3,5,826,1,101.82,0,0.61
8807,0,-1,0,138,1,0.0,0,1,3,840,1,917.64,0,2.64
8808,0,-1,0,733,2,1.0,0,1,1,276,1,756.15,0,1.0
8809,0,-1,0,1130,4,0.5,0,2,3,356,1,256.69,0,1.29
8810,0,-1,0,943,3,0.0,0,3,3,724,0,532.8,0,1.16
8811,0,-1,0,1584,1,0.0,0,2,2,840,1,1259.1,0,0.23
8812,0,-1,0,198,2,0.5,0,2,4,156,0,752.17,0,3.69
8813,0,-1,0,425,1,0.0,0,1,1,276,0,1463.26,0,0.86
8814,0,-1,0,1728,3,0.667,0,2,4,410,0,533.98,0,0.63
8815,0,-1,0,1055,5,0.2,0,1,1,356,0,443.38,0,1.73
8816,0,-1,0,1843,4,0.0,0,1,3,392,1,160.84,0,0.79
8817,0,-1,0,1005,2,0.5,0,2,3,392,1,473.52,0,0.73
8818,0,-1,0,73,3,0.0,0,1,1,840,1,191.67,0,15.0
8819,0,-1,0,1314,4,0.25,0,1,2,528,0,612.99,0,1.11
8820,0,-1,0,257,4,0.0,0,3,4,840,0,819.71,0,5.68
8821,0,-1,0,1405,3,0.0,0,2,3,826,1,284.52,0,0.78
8822,0,-1,0,1704,4,0.0,0,4,6,380,0,128.93,0,0.86
8823,0,-1,0,13,3,0.333,0,1,2,250,0,918.93,0,50
8824,0,-1,0,159,1,0.0,0,2,4,826,0,281.34,0,2.3
8825,0,-1,0,482,4,0.0,0,1,2,76,0,1237.05,0,3.03
8826,0,-1,0,720,1,0.0,0,2,3,484,0,591.04,0,0.51
8827,0,-1,0,29,3,0.333,0,1,1,276,1,807.47,0,37.76
8828,0,-1,0,19,1,0.0,0,2,3,380,0,120.24,0,19.21
8829,0,-1,0,1129,6,0.167,0,1,3,840,1,778.12,0,1.94
8830,0,-1,0,159,1,0.0,0,1,2,528,0,230.3,0,2.3
8831,0,-1,0,316,4,0.25,0,1,2,484,0,242.36,0,4.62
8832,0,-1,0,1395,1,0.0,0,1,1,250,0,604.59,0,0.26
8833,0,-1,0,1328,2,0.0,0,1,2,156,1,886.22,0,0.55
8834,0,-1,0,1650,5,0.2,0,3,4,156,0,831.65,0,1.11
8835,0,-1,0,1454,4,0.25,0,1,3,276,1,577.95,0,1.0
8836,0,-1,0,23,1,0.0,0,1,1,276,0,518.39,0,15.87
8837,0,-1,0,1814,2,0.5,0,2,2,826,0,3649.24,0,0.4
8838,0,-1,0,800,3,0.0,0,4,6,124,1,421.09,0,1.37
8839,0,-1,0,932,2,0.5,0,1,3,826,0,257.38,0,0.78
8840,0,-1,0,1912,1,1.0,0,1,2,840,0,98.87,0,0.19
8841,0,-1,0,451,1,1.0,0,1,3,356,0,345.98,0,0.81
8842,0,-1,0,23,2,0.5,0,3,3,124,0,960.26,0,31.74
8843,0,-1,0,1615,1,0.0,0,1,3,826,0,503.81,0,0.23
8844,0,-1,0,816,2,0.0,0,1,1,276,0,308.55,0,0.89
8845,0,-1,0,1013,7,0.143,0,1,2,276,1,656.39,0,2.52
8846,0,-1,0,18,3,0.0,0,2,4,840,0,716.81,0,50
8847,0,-1,0,1316,5,0.2,0,1,2,76,1,143.93,0,1.39
8848,0,-1,0,1538,1,0.0,0,1,2,840,0,682.29,0,0.24
8849,0,-1,0,1922,1,1.0,0,2,2,250,1,308.73,0,0.19
8850,0,-1,0,818,1,0.0,0,1,3,156,1,241.14,0,0.45
8851,0,-1,0,13,4,0.0,0,1,3,410,0,693.67,0,50
8852,0,-1,0,12,9,0.222,0,1,1,250,1,959.86,0,50
8853,0,-1,0,580,1,0.0,0,1,2,410,1,126.54,0,0.63
8854,0,-1,0,1577,3,0.333,0,2,2,36,1,1009.63,0,0.69
8855,0,-1,0,182,1,0.0,0,1,2,156,0,917.99,0,2.01
8856,0,-1,0,29,2,0.5,0,1,1,250,1,1065.22,0,25.17
8857,0,-1,0,1484,2,0.0,0,1,1,156,0,791.84,0,0.49
8858,0,-1,0,743,8,0.0,0,2,3,380,1,270.31,0,3.93
8859,0,-1,0,1980,3,0.0,0,4,5,724,0,839.52,0,0.55
8860,0,-1,0,875,3,0.333,0,1,2,840,0,2077.99,0,1.25
8861,0,-1,0,1457,4,0.0,0,1,1,156,1,566.88,0,1.0
8862,0,-1,0,1827,2,0.0,0,2,2,276,0,720.32,0,0.4
8863,0,-1,0,56,2,0.0,0,1,2,484,1,326.24,0,13.04
8864,0,-1,0,1602,5,0.0,0,3,3,840,0,150.09,0,1.14
8865,0,-1,0,729,3,0.0,0,2,3,826,0,688.38,0,1.5
8866,0,-1,0,1193,6,0.333,0,2,3,250,0,171.44,0,1.84
8867,0,-1,0,745,1,0.0,0,3,3,276,1,603.93,0,0.49
8868,0,-1,0,631,2,0.0,0,1,2,124,1,782.94,0,1.16
8869,0,-1,0,975,4,0.25,0,1,2,36,1,220.42,0,1.5
8870,0,-1,0,1951,1,0.0,0,1,1,156,0,658.77,0,0.19
8871,0,-1,0,895,2,0.0,0,3,5,840,1,1300.51,0,0.82
8872,0,-1,0,114,3,0.0,0,1,1,840,1,683.57,0,9.61
8873,0,-1,0,7,3,0.333,0,1,2,392,1,541.06,0,50
8874,0,-1,0,973,1,0.0,0,1,2,124,0,416.07,0,0.38
8875,0,-1,0,748,5,0.2,0,2,4,156,0,245.51,0,2.44
8876,0,-1,0,208,1,0.0,0,2,2,840,1,990.09,0,1.75
8877,0,-1,0,708,2,0.0,0,1,3,840,0,318.24,0,1.03
8878,0,-1,0,1036,6,0.5,0,4,4,156,1,732.28,0,2.11
8879,0,-1,0,1991,1,0.0,0,1,1,250,1,469.18,0,0.18
8880,0,-1,0,1874,7,0.143,0,3,4,36,1,193.38,0,1.36
8881,0,-1,0,1610,1,0.0,0,1,3,156,0,549.02,0,0.23
8882,0,-1,0,1229,2,0.0,0,2,4,36,1,507.93,0,0.59
8883,0,-1,0,13,1,0.0,0,2,2,250,1,248.74,0,28.08
8884,0,-1,0,860,3,0.333,0,1,3,36,0,665.58,0,1.27
8885,0,-1,0,1329,4,0.5,0,1,3,36,1,469.28,0,1.1
8886,0,-1,0,210,2,0.0,0,1,3,250,1,331.93,0,3.48
8887,0,-1,0,603,1,0.0,0,1,2,156,1,545.18,0,0.61
8888,0,-1,0,1496,1,0.0,0,1,2,250,1,1088.75,0,0.24
8889,0,-1,0,738,3,0.333,0,2,2,410,1,364.53,0,1.48
8890,0,-1,0,846,3,0.0,0,1,2,392,1,216.04,0,1.29
8891,0,-1,0,728,2,0.0,0,3,3,250,0,491.18,0,1.0
8892,0,-1,0,946,2,0.5,0,1,2,76,1,153.27,0,0.77
8893,0,-1,0,298,3,0.0,0,2,4,826,1,774.97,0,3.67
8894,0,-1,0,734,3,0.333,0,1,1,36,1,2457.75,0,1.49
8895,0,-1,0,1662,2,0.0,0,2,4,276,1,344.37,0,0.44
8896,0,-1,0,800,1,0.0,0,4,4,380,0,477.15,0,0.46
8897,0,-1,0,294,1,0.0,0,4,5,156,1,1509.24,0,1.24
8898,0,-1,0,1696,9,0.222,0,1,1,156,1,801.11,0,1.94
8899,0,-1,0,9,1,1.0,0,1,2,36,1,801.73,0,40.56
8900,0,-1,0,749,2,0.0,0,1,1,840,0,260.2,0,0.97
8901,0,-1,0,1497,1,0.0,0,1,3,840,1,338.77,0,0.24
8902,0,-1,0,339,4,0.0,0,2,4,410,1,120.89,0,4.31
8903,0,-1,0,1477,2,0.5,0,1,2,156,1,696.73,0,0.49
8904,0,-1,0,907,2,0.0,0,1,1,276,1,333.97,0,0.8
8905,0,-1,0,1149,1,0.0,0,4,4,826,0,717.61,0,0.32
8906,0,-1,0,261,2,1.0,0,1,3,76,1,992.56,0,2.8
8907,0,-1,0,667,2,0.5,0,1,2,124,0,413.42,0,1.09
8908,0,-1,0,1853,3,0.0,0,1,3,840,0,1059.34,0,0.59
8909,0,-1,0,21,5,0.0,0,1,2,826,1,940.6,0,50
8910,0,-1,0,1983,3,0.333,0,2,2,156,1,2813.38,0,0.55
8911,0,-1,0,288,5,0.2,0,1,2,156,1,895.36,0,6.34
8912,0,-1,0,259,2,0.5,0,2,4,124,0,1299.96,0,2.82
8913,0,-1,0,1859,4,0.5,0,3,3,250,1,891.12,0,0.79
8914,0,-1,0,416,1,0.0,0,1,2,156,1,316.48,0,0.88
8915,0,-1,0,1976,3,0.0,0,1,3,840,0,395.64,0,0.55
8916,0,-1,0,136,2,0.5,0,1,3,276,1,235.06,0,5.37
8917,0,-1,0,1147,2,1.0,0,1,1,840,1,981.54,0,0.64
8918,0,-1,0,1560,1,1.0,0,1,2,156,0,1115.65,0,0.23
8919,0,-1,0,1954,4,0.0,0,1,1,36,0,156.59,0,0.75
8920,0,-1,0,1477,5,0.4,0,3,3,36,1,311.3,0,1.24
8921,0,-1,0,1166,5,0.2,0,2,3,380,1,341.59,0,1.57
8922,0,-1,0,553,1,0.0,0,2,4,724,0,276.24,0,0.66
8923,0,-1,0,22,3,1.0,0,1,3,528,1,793.58,0,49.77
8924,0,-1,0,1981,1,1.0,0,1,1,392,1,298.71,0,0.18
8925,0,-1,0,1036,4,0.0,0,1,2,250,1,510.43,0,1.41
8926,0,-1,0,675,2,0.0,0,1,2,276,1,441.79,0,1.08
8927,0,-1,0,1753,5,0.2,0,1,2,392,1,563.99,0,1.04
8928,0,-1,0,689,2,0.5,0,1,2,156,0,233.16,0,1.06
8929,0,-1,0,1747,2,0.0,0,1,1,124,1,276.36,0,0.42
8930,0,-1,0,1049,4,0.5,0,2,2,840,0,691.4,0,1.39
8931,0,-1,0,22,3,0.333,0,3,3,356,0,621.34,0,49.77
8932,0,-1,0,1459,1,0.0,0,1,1,250,1,350.64,0,0.25
8933,0,-1,0,192,2,0.0,0,1,2,840,1,270.25,0,3.8
8934,0,-1,0,1984,3,0.0,0,1,2,826,1,686.71,0,0.55
8935,0,-1,0,801,1,1.0,0,3,3,410,0,478.94,0,0.46
8936,0,-1,0,1855,1,0.0,0,1,3,724,0,902.96,0,0.2
8937,0,-1,0,1762,1,0.0,0,2,3,356,0,220.71,0,0.21
8938,0,-1,0,513,1,1.0,0,1,1,76,0,192.81,0,0.71
8939,0,-1,0,88,2,0.0,0,1,1,528,0,500.55,0,8.3
8940,0,-1,0,703,1,0.0,0,1,1,392,0,467.0,0,0.52
8941,0,-1,0,282,3,0.0,0,1,3,156,0,353.46,0,3.88
8942,0,-1,0,599,5,0.0,0,2,3,250,1,1398.73,0,3.05
8943,0,-1,0,325,1,0.0,0,1,1,156,0,261.25,0,1.12
8944,0,-1,0,1710,4,0.25,0,1,1,840,0,293.13,0,0.85
8945,0,-1,0,711,2,0.0,0,3,4,826,1,547.8,0,1.03
8946,0,-1,0,22,1,0.0,0,2,4,276,0,886.09,0,16.59
8947,0,-1,0,194,1,0.0,0,1,3,410,1,483.67,0,1.88
8948,0,-1,0,24,2,0.5,0,2,2,840,1,2539.66,0,30.42
8949,0,-1,0,1122,4,0.25,0,2,3,826,1,935.75,0,1.3
8950,0,-1,0,277,4,0.25,0,1,3,250,1,1051.9,0,5.27
8951,0,-1,0,497,4,0.25,0,2,2,380,1,52.25,0,2.94
8952,0,-1,0,70,1,0.0,0,2,2,156,1,843.08,0,5.21
8953,0,-1,0,583,4,0.75,0,1,2,840,1,804.56,0,2.5
8954,0,-1,0,269,1,0.0,0,1,1,276,0,641.49,0,1.36
8955,0,-1,0,1597,3,0.333,0,1,1,840,1,546.81,0,0.69
8956,0,-1,0,1628,3,0.333,0,2,2,276,1,157.39,0,0.67
8957,0,-1,0,824,11,0.364,0,1,2,156,1,139.2,0,4.87
8958,0,-1,0,1196,4,0.5,0,4,5,410,1,492.82,0,1.22
8959,0,-1,0,12,1,1.0,0,1,2,724,1,827.31,0,30.42
8960,0,-1,0,1020,2,0.5,0,1,2,840,1,187.86,0,0.72
8961,0,-1,0,747,4,0.0,0,1,2,156,0,878.09,0,1.95
8962,0,-1,0,1292,2,0.0,0,1,1,840,1,198.63,0,0.57
8963,0,-1,0,1707,2,1.0,0,1,2,392,1,948.66,0,0.43
8964,0,-1,0,3,3,0.0,0,1,3,124,1,444.05,0,50
8965,0,-1,0,737,4,0.25,0,1,2,840,1,449.96,0,1.98
8966,0,-1,0,927,3,0.0,0,1,1,276,0,547.21,0,1.18
8967,0,-1,0,28,10,0.0,0,1,3,840,1,660.3,0,50
8968,0,-1,0,1102,5,0.2,0,1,2,484,1,348.19,0,1.66
8969,0,-1,0,704,1,1.0,0,1,2,826,1,457.62,0,0.52
8970,0,-1,0,690,1,0.0,0,2,3,36,0,623.24,0,0.53
8971,0,-1,0,1007,10,0.1,0,1,2,276,1,241.96,0,3.62
8972,0,-1,0,879,3,0.0,0,2,4,840,0,418.09,0,1.25
8973,0,-1,0,1002,3,0.333,0,1,1,826,0,500.14,0,1.09
8974,0,-1,0,504,3,0.333,0,2,4,76,1,333.98,0,2.17
8975,0,-1,0,1187,6,0.167,0,1,2,840,0,209.11,0,1.84
8976,0,-1,0,1645,6,0.333,0,3,5,840,1,350.81,0,1.33
8977,0,-1,0,588,2,0.0,0,2,2,840,1,876.29,0,1.24
8978,0,-1,0,45,3,0.667,0,1,1,36,1,949.66,0,24.33
8979,0,-1,0,22,3,0.333,0,1,3,250,1,201.88,0,49.77
8980,0,-1,0,896,3,0.333,0,1,1,528,1,394.08,0,1.22
8981,0,-1,0,708,1,0.0,0,3,4,826,1,546.34,0,0.52
8982,0,-1,0,1931,2,0.0,0,1,1,276,0,305.37,0,0.38
8983,0,-1,0,318,2,0.5,0,3,3,250,1,265.41,0,2.3
8984,0,-1,0,776,1,1.0,0,1,1,484,1,129.55,0,0.47
8985,0,-1,0,1728,3,0.0,0,2,4,840,0,812.71,0,0.63
8986,0,-1,0,1755,2,0.0,0,2,3,276,1,276.2,0,0.42
8987,0,-1,0,223,2,1.0,0,4,6,840,0,243.69,0,3.27
8988,0,-1,0,761,1,0.0,0,2,4,840,1,652.36,0,0.48
8989,0,-1,0,38,3,0.333,0,3,3,124,0,1759.14,0,28.82
8990,0,-1,0,61,3,0.0,0,4,5,840,0,260.19,0,17.95
8991,0,-1,0,1913,4,0.5,0,1,3,410,1,387.6,0,0.76
8992,0,-1,0,1204,1,0.0,0,1,2,724,0,137.39,0,0.3
8993,0,-1,0,7,1,0.0,0,1,2,840,1,1024.05,0,50
8994,0,-1,0,19,1,1.0,0,1,2,250,0,1345.82,0,19.21
8995,0,-1,0,496,6,0.0,0,1,2,840,0,600.48,0,4.42
8996,0,-1,0,1893,5,0.0,0,2,4,826,0,231.35,0,0.96
8997,0,-1,0,1637,2,0.0,0,1,3,840,1,378.29,0,0.45
8998,0,-1,0,1341,3,0.0,0,1,3,840,1,461.83,0,0.82
8999,0,-1,0,592,1,0.0,0,4,4,826,1,322.21,0,0.62
9000,0,-1,0,930,2,0.0,0,1,1,840,0,1251.14,0,0.78
9001,0,-1,0,336,1,1.0,0,2,4,156,0,440.23,0,1.09
9002,0,-1,0,138,4,0.0,0,2,2,250,1,324.17,0,10.58
9003,0,-1,0,305,2,0.5,0,1,2,840,1,275.8,0,2.39
9004,0,-1,0,277,4,0.0,0,3,4,276,1,318.41,0,5.27
9005,0,-1,0,561,3,0.0,0,1,2,392,1,199.91,0,1.95
9006,0,-1,0,276,3,0.0,0,1,2,276,1,337.05,0,3.97
9007,0,-1,0,19,6,0.167,0,2,2,826,1,379.13,0,50
9008,0,-1,0,1522,4,0.25,0,2,3,724,0,919.05,0,0.96
9009,0,-1,0,370,5,0.0,0,4,4,276,0,349.18,0,4.93
9010,0,-1,0,80,1,0.0,0,3,3,724,0,226.87,0,4.56
9011,0,-1,0,293,3,0.667,0,2,2,380,1,158.79,0,3.74
9012,0,-1,0,409,6,0.167,0,1,3,124,0,501.54,0,5.35
9013,0,-1,0,1327,3,0.0,0,2,3,276,0,279.21,0,0.83
9014,0,-1,0,1096,1,0.0,0,2,4,276,1,870.88,0,0.33
9015,0,-1,0,1645,2,0.0,0,3,5,36,0,475.61,0,0.44
9016,0,-1,0,310,3,0.0,0,2,2,380,1,288.22,0,3.53
9017,0,-1,0,1507,3,0.333,0,1,3,356,0,1574.59,0,0.73
9018,0,-1,0,503,3,0.0,0,1,2,840,1,1188.49,0,2.18
9019,0,-1,0,1661,1,0.0,0,2,2,410,1,1072.82,0,0.22
9020,0,-1,0,65,3,0.0,0,1,1,484,1,255.34,0,16.85
9021,0,-1,0,8,3,0.0,0,3,5,250,0,778.79,0,50
9022,0,-1,0,9,2,0.0,0,1,2,840,1,817.3,0,50
9023,0,-1,0,1344,1,0.0,0,2,3,124,1,690.17,0,0.27
9024,0,-1,0,737,1,0.0,0,1,1,840,0,637.57,0,0.5
9025,0,-1,0,724,1,0.0,0,3,5,840,1,212.12,0,0.5
9026,0,-1,0,933,2,0.5,0,1,1,840,1,921.71,0,0.78
9027,0,-1,0,1558,3,0.0,0,1,1,124,1,896.62,0,0.7
9028,0,-1,0,1562,1,0.0,0,1,1,36,1,728.91,0,0.23
9029,0,-1,0,25,4,0.5,0,2,2,156,0,426.26,0,50
9030,0,-1,0,229,2,0.0,0,2,4,840,0,295.71,0,3.19
9031,0,-1,0,26,2,0.0,0,3,3,76,1,512.32,0,28.08
9032,0,-1,0,6,2,0.0,0,1,1,840,0,1617.98,0,50
9033,0,-1,0,1522,1,0.0,0,2,4,36,1,217.91,0,0.24
9034,0,-1,0,4,3,0.0,0,1,1,276,0,1358.02,0,50
9035,0,-1,0,1512,1,0.0,0,4,4,484,0,387.91,0,0.24
9036,0,-1,0,165,2,0.5,0,1,1,528,0,354.92,0,4.42
9037,0,-1,0,1924,1,0.0,0,1,2,156,1,379.93,0,0.19
9038,0,-1,0,1338,4,0.5,0,2,4,724,1,1219.39,0,1.09
9039,0,-1,0,1962,3,0.333,0,1,2,156,1,1032.92,0,0.56
9040,0,-1,0,426,1,0.0,0,1,1,484,0,615.2,0,0.86
9041,0,-1,0,313,5,0.0,0,1,3,156,1,303.26,0,5.83
9042,0,-1,0,570,8,0.5,0,2,4,156,1,449.5,0,5.12
9043,0,-1,0,1480,2,0.0,0,1,3,826,1,177.45,0,0.49
9044,0,-1,0,1800,4,0.25,0,2,4,380,1,1112.02,0,0.81
9045,0,-1,0,1744,2,0.0,0,2,4,826,1,322.88,0,0.42
9046,0,-1,0,1339,1,1.0,0,4,5,36,0,147.39,0,0.27
9047,0,-1,0,47,3,0.333,0,1,3,356,0,658.61,0,23.3
9048,0,-1,0,5,2,0.0,0,2,3,840,0,244.36,0,50
9049,0,-1,0,497,11,0.091,0,1,2,826,1,478.91,0,8.08
9050,0,-1,0,1434,5,0.0,0,1,3,276,0,368.28,0,1.27
9051,0,-1,0,18,2,0.0,0,1,3,528,0,337.13,0,40.56
9052,0,-1,0,359,3,0.0,0,1,2,276,0,350.77,0,3.05
9053,0,-1,0,1157,2,0.5,0,1,3,250,1,512.91,0,0.63
9054,0,-1,0,10,2,0.0,0,1,3,250,1,170.62,0,50
9055,0,-1,0,989,8,0.25,0,1,2,528,1,600.01,0,2.95
9056,0,-1,0,531,7,0.286,0,1,3,840,0,378.34,0,4.81
9057,0,-1,0,1123,4,0.0,0,2,4,156,0,120.25,0,1.3
9058,0,-1,0,64,2,0.0,0,1,2,528,0,1319.94,0,11.41
9059,0,-1,0,65,2,0.5,0,2,3,156,0,522.37,0,11.23
9060,0,-1,0,380,2,0.0,0,1,2,356,0,566.99,0,1.92
9061,0,-1,0,1759,1,0.0,0,1,2,76,0,504.44,0,0.21
9062,0,-1,0,1091,3,0.0,0,1,3,124,1,952.39,0,1.0
9063,0,-1,0,1884,1,0.0,0,1,2,840,0,570.4,0,0.19
9064,0,-1,0,1385,1,0.0,0,1,2,840,1,1088.87,0,0.26
9065,0,-1,0,1433,3,0.333,0,4,5,276,0,60.47,0,0.76
9066,0,-1,0,1755,3,0.0,0,1,2,484,1,305.02,0,0.62
9067,0,-1,0,706,1,0.0,0,1,1,276,0,318.7,0,0.52
9068,0,-1,0,1291,2,0.0,0,1,2,392,0,289.32,0,0.57
9069,0,-1,0,1421,3,1.0,0,1,3,840,1,1040.79,0,0.77
9070,0,-1,0,1041,2,0.0,0,1,2,826,1,303.61,0,0.7
9071,0,-1,0,1684,5,0.6,0,1,3,156,1,596.89,0,1.08
9072,0,-1,0,682,1,0.0,0,1,2,76,1,456.46,0,0.54
9073,0,-1,0,1142,6,0.333,0,1,3,484,0,1271.66,0,1.92
9074,0,-1,0,1172,4,0.25,0,1,1,250,1,817.84,0,1.25
9075,0,-1,0,1815,1,0.0,0,1,2,276,1,420.91,0,0.2
9076,0,-1,0,21,5,0.0,0,2,3,380,1,1077.17,0,50
9077,0,-1,0,426,1,0.0,0,1,1,156,1,685.15,0,0.86
9078,0,-1,0,415,4,0.0,0,1,2,124,1,447.36,0,3.52
9079,0,-1,0,1993,2,1.0,0,1,3,826,1,905.79,0,0.37
9080,0,-1,0,1468,3,0.667,0,3,5,840,1,341.96,0,0.75
9081,0,-1,0,508,4,0.0,0,2,2,156,1,691.19,0,2.87
9082,0,-1,0,332,1,0.0,0,1,1,124,0,822.31,0,1.1
9083,0,-1,0,681,1,0.0,0,1,2,124,0,224.56,0,0.54
9084,0,-1,0,1295,3,0.0,0,3,5,410,1,346.82,0,0.85
9085,0,-1,0,23,3,0.0,0,1,3,826,0,3902.19,0,47.61
9086,0,-1,0,726,1,0.0,0,2,2,840,0,422.9,0,0.5
9087,0,-1,0,1752,2,0.0,0,1,3,392,0,1137.95,0,0.42
9088,0,-1,0,993,2,0.5,0,1,1,840,0,979.68,0,0.74
9089,0,-1,0,1578,4,0.0,0,1,3,156,1,290.85,0,0.93
9090,0,-1,0,1487,3,0.0,0,3,4,840,1,494.28,0,0.74
9091,0,-1,0,1483,1,0.0,0,1,1,484,1,870.32,0,0.25
9092,0,-1,0,1101,1,1.0,0,4,5,826,0,1654.62,0,0.33
9093,0,-1,0,233,2,0.0,0,1,3,356,1,1948.67,0,3.13
9094,0,-1,0,186,4,0.0,0,1,3,840,0,224.51,0,7.85
9095,0,-1,0,523,4,0.0,0,3,5,410,1,909.42,0,2.79
9096,0,-1,0,20,6,0.0,0,2,3,392,1,1276.79,0,50
9097,0,-1,0,332,1,0.0,0,2,4,156,0,294.24,0,1.1
9098,0,-1,0,1678,2,0.0,0,3,4,76,0,2289.44,0,0.44
9099,0,-1,0,6,3,0.0,0,1,2,528,0,849.68,0,50
9100,0,-1,0,225,1,0.0,0,4,6,840,1,466.14,0,1.62
9101,0,-1,0,1172,1,1.0,0,2,2,826,0,532.91,0,0.31
9102,0,-1,0,449,2,0.0,0,2,4,156,0,705.21,0,1.63
9103,0,-1,0,1644,1,0.0,0,2,3,826,1,677.61,0,0.22
9104,0,-1,0,1535,1,0.0,0,3,4,156,1,290.09,0,0.24
9105,0,-1,0,696,1,0.0,0,1,2,840,1,83.75,0,0.52
9106,0,-1,0,1300,2,0.5,0,1,1,156,0,276.57,0,0.56
9107,0,-1,0,1475,2,0.5,0,1,3,840,1,1390.55,0,0.49
9108,0,-1,0,28,5,0.0,0,1,3,840,1,491.93,0,50
9109,0,-1,0,1160,3,0.0,0,2,4,276,1,448.01,0,0.94
9110,0,-1,0,218,5,0.2,0,1,1,124,1,301.56,0,8.37
9111,0,-1,0,1224,7,0.143,0,1,1,156,0,274.73,0,2.09
9112,0,-1,0,1753,1,0.0,0,1,1,826,0,2155.75,0,0.21
9113,0,-1,0,5,3,0.0,0,3,5,840,0,317.78,0,50
9114,0,-1,0,1125,1,0.0,0,1,2,826,1,1897.04,0,0.32
9115,0,-1,0,639,3,0.0,0,1,1,156,1,390.96,0,1.71
9116,0,-1,0,440,1,0.0,0,2,3,250,0,269.76,0,0.83
9117,0,-1,0,1385,1,0.0,0,1,1,36,0,409.69,0,0.26
9118,0,-1,0,658,3,0.0,0,2,2,276,0,458.36,0,1.66
9119,0,-1,0,1470,2,0.5,0,1,1,156,0,992.27,0,0.5
9120,0,-1,0,1007,2,0.0,0,1,1,392,1,597.87,0,0.72
9121,0,-1,0,1893,1,0.0,0,1,2,36,0,252.11,0,0.19
9122,0,-1,0,801,1,0.0,0,1,2,276,1,323.59,0,0.46
9123,0,-1,0,619,1,1.0,0,1,1,250,1,423.71,0,0.59
9124,0,-1,0,1197,3,0.333,0,2,2,124,0,948.19,0,0.91
9125,0,-1,0,789,1,0.0,0,1,3,724,1,590.81,0,0.46
9126,0,-1,0,1286,5,0.0,0,1,2,356,0,156.15,0,1.42
9127,0,-1,0,92,7,0.143,0,1,2,840,1,225.2,0,27.77
9128,0,-1,0,63,3,0.0,0,1,3,36,1,721.87,0,17.38
9129,0,-1,0,1759,4,0.0,0,1,2,840,0,448.83,0,0.83
9130,0,-1,0,1671,5,0.0,0,2,4,76,1,603.34,0,1.09
9131,0,-1,0,259,3,0.0,0,1,1,840,0,450.78,0,4.23
9132,0,-1,0,20,4,0.0,0,1,3,156,1,977.23,0,50
9133,0,-1,0,1993,3,0.0,0,1,2,392,1,110.01,0,0.55
9134,0,-1,0,1912,2,0.0,0,2,4,250,0,541.12,0,0.38
9135,0,-1,0,818,1,0.0,0,1,3,826,0,332.69,0,0.45
9136,0,-1,0,1389,3,0.0,0,1,3,36,0,195.76,0,0.79
9137,0,-1,0,580,1,0.0,0,1,1,724,1,392.82,0,0.63
9138,0,-1,0,10,4,0.0,0,1,1,276,1,744.27,0,50
9139,0,-1,0,1886,2,0.0,0,1,2,36,0,149.71,0,0.39
9140,0,-1,0,614,4,0.25,0,1,2,826,1,169.81,0,2.38
9141,0,-1,0,12,4,0.25,0,2,2,276,1,234.49,0,50
9142,0,-1,0,500,1,0.0,0,2,2,276,1,356.49,0,0.73
9143,0,-1,0,524,3,0.333,0,1,3,484,0,168.3,0,2.09
9144,0,-1,0,14,6,0.333,0,1,1,156,1,415.17,0,50
9145,0,-1,0,1354,2,0.0,0,1,1,484,0,503.69,0,0.54
9146,0,-1,0,6,2,0.0,0,1,3,392,1,553.12,0,50
9147,0,-1,0,12,2,0.0,0,1,3,156,1,100.96,0,50
9148,0,-1,0,93,4,0.25,0,1,1,156,0,1264.86,0,15.7
9149,0,-1,0,22,10,0.2,0,1,3,250,1,333.87,0,50
9150,0,-1,0,1326,1,0.0,0,1,1,250,1,280.46,0,0.28
9151,0,-1,0,546,5,0.0,0,1,3,156,0,118.36,0,3.34
9152,0,-1,0,4,1,1.0,0,3,4,840,1,314.33,0,50
9153,0,-1,0,1460,2,0.0,0,1,1,250,0,106.97,0,0.5
9154,0,-1,0,349,4,0.0,0,1,3,380,1,515.19,0,4.18
9155,0,-1,0,477,2,0.0,0,1,2,124,1,164.29,0,1.53
9156,0,-1,0,246,4,0.5,0,1,1,76,1,811.61,0,5.93
9157,0,-1,0,46,1,0.0,0,1,1,840,0,389.28,0,7.93
9158,0,-1,0,157,1,0.0,0,2,4,826,1,112.26,0,2.32
9159,0,-1,0,579,4,0.0,0,2,2,380,1,349.06,0,2.52
9160,0,-1,0,24,1,0.0,0,2,2,840,1,251.54,0,15.21
9161,0,-1,0,363,2,0.0,0,2,4,840,1,690.55,0,2.01
9162,0,-1,0,1271,1,0.0,0,1,3,250,1,252.15,0,0.29
9163,0,-1,0,889,2,0.5,0,2,4,156,1,1203.31,0,0.82
9164,0,-1,0,20,2,0.0,0,1,2,840,0,970.63,0,36.5
9165,0,-1,0,1853,2,0.0,0,1,2,392,1,476.91,0,0.39
9166,0,-1,0,829,2,0.5,0,1,3,36,1,677.15,0,0.88
9167,0,-1,0,855,3,0.333,0,3,3,124,1,2347.58,0,1.28
9168,0,-1,0,744,3,0.667,0,3,4,840,0,304.95,0,1.47
9169,0,-1,0,186,2,0.0,0,3,3,250,1,3211.97,0,3.92
9170,0,-1,0,540,5,0.2,0,2,4,276,1,412.43,0,3.38
9171,0,-1,0,16,3,0.0,0,2,4,840,1,1181.18,0,50
9172,0,-1,0,1580,3,0.667,0,2,2,276,1,229.19,0,0.69
9173,0,-1,0,1997,1,0.0,0,2,3,250,1,548.54,0,0.18
9174,0,-1,0,1957,3,0.333,0,1,2,410,0,2910.76,0,0.56
9175,0,-1,0,19,2,0.5,0,1,1,410,1,1538.78,0,38.42
9176,0,-1,0,12,3,0.333,0,1,1,156,1,1140.49,0,50
9177,0,-1,0,1839,2,0.0,0,1,2,156,1,236.46,0,0.4
9178,0,-1,0,773,3,0.0,0,2,3,826,0,196.33,0,1.42
9179,0,-1,0,1983,3,0.333,0,3,4,392,1,300.29,0,0.55
9180,0,-1,0,1121,1,0.0,0,1,2,392,1,496.06,0,0.33
9181,0,-1,0,1699,8,0.0,0,1,3,840,1,1163.8,0,1.72
9182,0,-1,0,871,2,0.0,0,1,3,484,1,150.56,0,0.84
9183,0,-1,0,6,5,0.0,0,2,3,840,1,677.7,0,50
9184,0,-1,0,355,1,1.0,0,3,3,36,1,629.24,0,1.03
9185,0,-1,0,1892,1,1.0,0,1,1,276,0,434.76,0,0.19
9186,0,-1,0,8,5,0.2,0,3,5,840,1,579.49,0,50
9187,0,-1,0,228,2,0.0,0,3,3,276,0,294.65,0,3.2
9188,0,-1,0,382,7,0.0,0,1,1,840,1,392.55,0,6.69
9189,0,-1,0,29,3,0.0,0,2,2,724,1,216.34,0,37.76
9190,0,-1,0,1435,3,0.333,0,2,4,36,0,606.66,0,0.76
9191,0,-1,0,412,1,0.0,0,1,1,724,0,776.87,0,0.89
9192,0,-1,0,809,1,0.0,0,1,3,826,0,778.82,0,0.45
9193,0,-1,0,1925,2,0.0,0,2,3,276,0,340.92,0,0.38
9194,0,-1,0,1983,8,0.25,0,1,3,392,1,273.49,0,1.47
9195,0,-1,0,1379,10,0.1,0,1,2,840,1,486.72,0,2.65
9196,0,-1,0,417,4,0.25,0,1,2,156,0,816.67,0,3.5
9197,0,-1,0,1757,2,0.0,0,1,3,840,1,946.09,0,0.42
9198,0,-1,0,263,3,0.0,0,1,3,826,0,296.77,0,4.16
9199,0,-1,0,1051,3,0.0,0,2,4,840,0,93.61,0,1.04
9200,0,-1,0,19,3,0.333,0,2,2,356,1,1008.18,0,50
9201,0,-1,0,1680,7,0.143,0,2,4,840,1,638.93,0,1.52
9202,0,-1,0,915,4,0.0,0,1,1,156,0,561.12,0,1.6
9203,0,-1,0,1148,3,0.0,0,1,3,250,1,386.47,0,0.95
9204,0,-1,0,1290,3,0.333,0,1,2,392,1,688.04,0,0.85
9205,0,-1,0,1159,6,0.167,0,1,2,840,1,485.36,0,1.89
9206,0,-1,0,1581,4,0.25,0,1,1,724,0,617.8,0,0.92
9207,0,-1,0,1165,1,0.0,0,2,3,528,1,175.6,0,0.31
9208,0,-1,0,1839,5,0.2,0,1,1,156,1,220.55,0,0.99
9209,0,-1,0,987,2,0.5,0,1,1,156,0,197.28,0,0.74
9210,0,-1,0,892,3,0.0,0,1,1,276,1,179.41,0,1.23
9211,0,-1,0,1651,1,0.0,0,1,1,276,0,935.92,0,0.22
9212,0,-1,0,621,3,0.0,0,2,2,36,1,524.85,0,1.76
9213,0,-1,0,1,3,0.333,0,1,2,840,1,378.38,0,50
9214,0,-1,0,158,1,0.0,0,2,3,124,0,399.09,0,2.31
9215,0,-1,0,6,2,0.5,0,2,3,840,0,394.32,0,50
9216,0,-1,0,18,9,0.0,0,1,2,840,1,413.97,0,50
9217,0,-1,0,1628,3,0.333,0,2,2,724,1,679.21,0,0.67
9218,0,-1,0,186,1,0.0,0,1,1,840,1,1034.27,0,1.96
9219,0,-1,0,381,3,1.0,0,2,2,156,1,444.87,0,2.87
9220,0,-1,0,700,1,1.0,0,1,3,840,1,756.08,0,0.52
9221,0,-1,0,1108,2,0.0,0,1,1,124,0,1090.23,0,0.66
9222,0,-1,0,1611,3,0.333,0,1,2,528,1,306.21,0,0.68
9223,0,-1,0,767,1,1.0,0,2,4,392,1,2166.47,0,0.48
9224,0,-1,0,1391,2,0.0,0,1,1,528,0,419.66,0,0.52
9225,0,-1,0,1,3,0.0,0,3,5,826,1,265.4,0,50
9226,0,-1,0,1332,1,0.0,0,2,2,826,1,192.64,0,0.27
9227,0,-1,0,400,1,0.0,0,1,1,484,1,263.86,0,0.91
9228,0,-1,0,1282,4,0.0,0,2,2,36,0,630.71,0,1.14
9229,0,-1,0,1104,1,0.0,0,2,4,826,0,859.0,0,0.33
9230,0,-1,0,1165,4,0.25,0,2,2,380,1,471.39,0,1.25
9231,0,-1,0,685,3,0.0,0,1,2,156,1,514.92,0,1.6
9232,0,-1,0,128,4,0.0,0,1,1,840,0,597.81,0,11.41
9233,0,-1,0,582,2,0.5,0,1,1,250,1,1173.07,0,1.25
9234,0,-1,0,165,3,0.0,0,3,5,840,1,298.49,0,6.64
9235,0,-1,0,168,2,0.0,0,1,1,356,1,386.08,0,4.35
9236,0,-1,0,14,5,0.2,0,2,3,826,1,660.72,0,50
9237,0,-1,0,1052,1,0.0,0,3,5,250,1,254.68,0,0.35
9238,0,-1,0,1716,1,0.0,0,3,3,124,1,135.81,0,0.21
9239,0,-1,0,1881,2,1.0,0,3,3,276,0,363.4,0,0.39
9240,0,-1,0,906,1,1.0,0,1,3,392,1,84.49,0,0.4
9241,0,-1,0,1143,1,0.0,0,1,3,724,1,225.38,0,0.32
9242,0,-1,0,25,1,0.0,0,1,1,250,1,420.18,0,14.6
9243,0,-1,0,1620,2,0.0,0,1,2,76,0,297.61,0,0.45
9244,0,-1,0,445,1,0.0,0,2,3,826,1,263.71,0,0.82
9245,0,-1,0,1150,1,0.0,0,1,2,36,0,248.91,0,0.32
9246,0,-1,0,421,2,0.0,0,1,1,356,1,855.49,0,1.73
9247,0,-1,0,387,2,0.5,0,1,1,276,1,180.35,0,1.89
9248,0,-1,0,2,8,0.25,0,1,3,840,1,635.43,0,50
9249,0,-1,0,27,5,0.2,0,4,5,356,1,496.71,0,50
9250,0,-1,0,268,5,0.2,0,1,1,392,1,428.0,0,6.81
9251,0,-1,0,1575,2,0.5,0,1,2,380,1,247.63,0,0.46
9252,0,-1,0,11,1,0.0,0,1,2,528,0,128.09,0,33.18
9253,0,-1,0,1953,2,0.5,0,3,3,380,0,733.71,0,0.37
9254,0,-1,0,1148,5,0.0,0,1,3,826,1,303.29,0,1.59
9255,0,-1,0,1173,2,0.0,0,1,3,156,0,249.52,0,0.62
9256,0,-1,0,258,1,0.0,0,1,2,840,0,408.61,0,1.41
9257,0,-1,0,395,1,0.0,0,1,3,840,1,146.7,0,0.92
9258,0,-1,0,311,4,0.5,0,3,5,156,0,3263.3,0,4.69
9259,0,-1,0,1812,2,0.0,0,1,2,410,1,319.8,0,0.4
9260,0,-1,0,28,3,0.0,0,2,2,826,0,331.86,0,39.11
9261,0,-1,0,766,2,0.0,0,3,3,528,0,612.42,0,0.95
9262,0,-1,0,1285,2,0.0,0,1,1,156,1,174.13,0,0.57
9263,0,-1,0,260,3,0.0,0,1,3,276,1,902.13,0,4.21
9264,0,-1,0,1995,1,0.0,0,1,1,276,0,711.45,0,0.18
9265,0,-1,0,696,4,0.25,0,1,1,528,1,528.37,0,2.1
9266,0,-1,0,1177,1,0.0,0,1,1,276,1,462.8,0,0.31
9267,0,-1,0,1415,2,0.0,0,1,2,392,0,639.55,0,0.52
9268,0,-1,0,1819,1,1.0,0,1,2,826,0,282.39,0,0.2
9269,0,-1,0,381,2,0.0,0,2,2,156,0,196.03,0,1.92
9270,0,-1,0,1983,10,0.2,0,2,2,156,1,242.26,0,1.84
9271,0,-1,0,421,5,0.0,0,1,2,36,1,673.18,0,4.33
9272,0,-1,0,1935,7,0.0,0,2,4,36,1,467.43,0,1.32
9273,0,-1,0,960,3,0.0,0,1,3,840,1,405.27,0,1.14
9274,0,-1,0,335,4,0.25,0,4,5,410,0,276.01,0,4.36
9275,0,-1,0,1623,3,0.333,0,2,2,156,0,284.64,0,0.67
9276,0,-1,0,360,2,0.5,0,1,2,76,0,561.93,0,2.03
9277,0,-1,0,1752,2,0.0,0,1,1,826,1,427.47,0,0.42
9278,0,-1,0,21,4,0.0,0,1,2,840,0,826.93,0,50
9279,0,-1,0,1814,2,0.0,0,2,2,76,0,585.81,0,0.4
9280,0,-1,0,1518,2,0.5,0,1,2,840,0,629.59,0,0.48
9281,0,-1,0,1509,1,0.0,0,2,2,826,1,1151.25,0,0.24
9282,0,-1,0,155,1,0.0,0,1,1,826,1,451.35,0,2.35
9283,0,-1,0,28,2,0.5,0,1,3,250,1,229.23,0,26.07
9284,0,-1,0,6,1,0.0,0,3,3,840,0,161.2,0,50
9285,0,-1,0,974,2,0.0,0,1,2,840,0,790.14,0,0.75
9286,0,-1,0,25,2,0.0,0,1,3,840,0,387.63,0,29.2
9287,0,-1,0,1931,2,0.5,0,1,3,840,0,301.17,0,0.38
9288,0,-1,0,1066,1,0.0,0,2,2,276,0,623.47,0,0.34
9289,0,-1,0,1562,2,0.0,0,1,2,528,0,1256.76,0,0.47
9290,0,-1,0,905,1,0.0,0,1,3,826,1,216.57,0,0.4
9291,0,-1,0,768,5,0.4,0,1,2,156,1,476.88,0,2.38
9292,0,-1,0,1745,1,0.0,0,1,3,250,0,226.52,0,0.21
9293,0,-1,0,1808,4,0.5,0,1,2,156,0,1630.64,0,0.81
9294,0,-1,0,949,6,0.167,0,3,3,124,1,169.09,0,2.31
9295,0,-1,0,50,5,0.0,0,4,4,840,1,673.03,0,36.5
9296,0,-1,0,1127,4,0.25,0,3,3,724,1,432.46,0,1.3
9297,0,-1,0,13,2,0.0,0,2,4,410,1,207.1,0,50
9298,0,-1,0,1944,6,0.0,0,1,1,840,1,296.04,0,1.13
9299,0,-1,0,732,2,0.0,0,1,1,826,0,857.45,0,1.0
9300,0,-1,0,986,1,0.0,0,1,1,840,1,1372.53,0,0.37
9301,0,-1,0,570,3,0.0,0,2,2,840,0,161.14,0,1.92
9302,0,-1,0,1559,1,1.0,0,3,5,276,1,447.87,0,0.23
9303,0,-1,0,1956,3,0.0,0,1,1,276,0,248.28,0,0.56
9304,0,-1,0,1751,2,0.0,0,4,5,356,1,358.46,0,0.42
9305,0,-1,0,788,1,0.0,0,3,5,840,1,464.85,0,0.46
9306,0,-1,0,1048,4,0.0,0,3,4,840,1,251.23,0,1.39
9307,0,-1,0,308,2,0.0,0,1,3,250,1,58.54,0,2.37
9308,0,-1,0,817,1,0.0,0,2,4,124,0,696.58,0,0.45
9309,0,-1,0,1809,6,0.167,0,1,3,840,1,569.52,0,1.21
9310,0,-1,0,116,1,0.0,0,1,2,250,1,722.0,0,3.15
9311,0,-1,0,1825,3,0.0,0,1,3,826,0,1093.54,0,0.6
9312,0,-1,0,29,1,0.0,0,1,1,840,1,358.92,0,12.59
9313,0,-1,0,543,2,0.5,0,4,5,840,1,425.74,0,1.34
9314,0,-1,0,44,5,0.0,0,3,3,156,1,148.37,0,41.48
9315,0,-1,0,8,5,0.4,0,2,2,840,1,1261.39,0,50
9316,0,-1,0,1125,1,0.0,0,2,4,276,1,605.92,0,0.32
9317,0,-1,0,17,2,0.0,0,2,3,124,1,366.89,0,42.94
9318,0,-1,0,1231,3,0.0,0,1,3,276,0,520.96,0,0.89
9319,0,-1,0,75,2,0.0,0,1,3,484,0,370.48,0,9.73
9320,0,-1,0,1371,1,0.0,0,3,5,840,1,688.73,0,0.27
9321,0,-1,0,1066,4,0.25,0,3,5,250,1,451.12,0,1.37
9322,0,-1,0,1168,2,0.0,0,1,2,250,1,375.41,0,0.62
9323,0,-1,0,15,2,0.0,0,2,2,36,0,431.69,0,48.67
9324,0,-1,0,1486,1,0.0,0,4,6,276,0,466.2,0,0.25
9325,0,-1,0,1680,8,0.125,0,1,1,380,1,369.21,0,1.74
9326,0,-1,0,27,2,0.0,0,2,2,392,1,416.51,0,27.04
9327,0,-1,0,1808,1,0.0,0,3,5,276,1,115.22,0,0.2
9328,0,-1,0,1069,2,0.5,0,3,4,156,0,383.44,0,0.68
9329,0,-1,0,586,2,0.0,0,1,2,392,0,56.44,0,1.25
9330,0,-1,0,279,7,0.143,0,3,3,840,1,84.85,0,9.16
9331,0,-1,0,315,4,0.0,0,1,1,392,1,660.75,0,4.63
9332,0,-1,0,1106,1,0.0,0,1,2,156,0,247.73,0,0.33
9333,0,-1,0,574,1,0.0,0,2,2,840,1,276.84,0,0.64
9334,0,-1,0,27,4,0.0,0,3,3,124,1,63.7,0,50
9335,0,-1,0,15,2,0.5,0,1,1,36,0,181.15,0,48.67
9336,0,-1,0,1765,4,0.0,0,2,3,124,1,278.25,0,0.83
9337,0,-1,0,1868,7,0.286,0,1,2,124,1,471.78,0,1.37
9338,0,-1,0,1076,2,0.0,0,1,1,276,0,1129.57,0,0.68
9339,0,-1,0,1755,6,0.333,0,3,5,156,1,623.29,0,1.25
9340,0,-1,0,1853,3,0.0,0,1,1,156,0,1093.88,0,0.59
9341,0,-1,0,1162,3,0.0,0,2,2,840,0,1045.41,0,0.94
9342,0,-1,0,145,7,0.143,0,2,3,826,1,837.87,0,17.62
9343,0,-1,0,677,1,0.0,0,2,4,380,1,601.42,0,0.54
9344,0,-1,0,1808,1,1.0,0,1,2,76,1,108.62,0,0.2
9345,0,-1,0,1902,6,0.167,0,1,2,826,1,540.85,0,1.15
9346,0,-1,0,1028,3,0.333,0,1,1,76,1,461.76,0,1.07
9347,0,-1,0,820,2,0.0,0,1,1,276,1,439.77,0,0.89
9348,0,-1,0,1136,3,0.333,0,2,2,76,0,1347.38,0,0.96
9349,0,-1,0,1801,2,0.0,0,2,3,840,1,1110.21,0,0.41
9350,0,-1,0,78,8,0.0,0,1,2,250,1,328.46,0,37.44
9351,0,-1,0,1745,1,0.0,0,2,4,276,1,563.82,0,0.21
9352,0,-1,0,788,11,0.273,0,1,3,840,1,401.84,0,5.1
9353,0,-1,0,1126,1,0.0,0,2,3,840,0,1342.69,0,0.32
9354,0,-1,0,670,3,0.0,0,2,2,380,0,671.31,0,1.63
9355,0,-1,0,1552,1,1.0,0,1,2,156,1,182.98,0,0.24
9356,0,-1,0,1881,8,0.375,0,2,3,250,1,380.11,0,1.55
9357,0,-1,0,1005,1,1.0,0,1,3,250,1,472.4,0,0.36
9358,0,-1,0,912,10,0.1,0,1,1,840,1,440.37,0,4.0
9359,0,-1,0,1426,6,0.167,0,1,3,840,1,98.99,0,1.54
9360,0,-1,0,758,3,0.667,0,1,2,36,1,184.37,0,1.44
9361,0,-1,0,233,1,0.0,0,2,3,250,1,1598.48,0,1.57
9362,0,-1,0,534,4,0.25,0,1,2,392,0,1029.59,0,2.73
9363,0,-1,0,1387,2,0.0,0,1,2,380,0,599.81,0,0.53
9364,0,-1,0,278,1,0.0,0,2,2,840,0,518.64,0,1.31
9365,0,-1,0,72,8,0.0,0,2,3,484,1,1004.03,0,40.56
9366,0,-1,0,1917,3,0.0,0,1,3,156,1,556.46,0,0.57
9367,0,-1,0,11,3,0.0,0,1,1,528,0,500.31,0,50
9368,0,-1,0,529,1,0.0,0,2,3,380,0,310.94,0,0.69
9369,0,-1,0,181,6,0.0,0,1,3,124,1,499.85,0,12.1
9370,0,-1,0,435,4,0.25,0,1,1,392,1,806.83,0,3.36
9371,0,-1,0,18,4,0.25,0,3,4,840,0,814.19,0,50
9372,0,-1,0,2,3,0.333,0,2,2,484,0,772.28,0,50
9373,0,-1,0,1564,1,0.0,0,1,1,826,1,2207.27,0,0.23
9374,0,-1,0,225,4,0.5,0,1,1,724,0,675.03,0,6.49
9375,0,-1,0,1329,2,0.0,0,1,1,156,1,270.48,0,0.55
9376,0,-1,0,691,4,0.25,0,4,4,840,1,184.82,0,2.11
9377,0,-1,0,1124,4,0.0,0,1,2,76,1,431.23,0,1.3
9378,0,-1,0,95,5,0.2,0,1,3,826,1,888.77,0,19.21
9379,0,-1,0,919,3,0.0,0,3,5,156,1,1065.99,0,1.19
9380,0,-1,0,16,1,0.0,0,2,3,250,1,1376.97,0,22.81
9381,0,-1,0,20,2,0.0,0,2,4,276,0,254.71,0,36.5
9382,0,-1,0,380,1,0.0,0,1,2,724,0,285.77,0,0.96
9383,0,-1,0,2,3,0.333,0,2,3,250,1,305.75,0,50
9384,0,-1,0,16,2,0.0,0,1,3,124,1,429.7,0,45.62
9385,0,-1,0,828,1,0.0,0,1,3,380,0,549.7,0,0.44
9386,0,-1,0,1888,2,0.5,0,2,4,528,1,530.79,0,0.39
9387,0,-1,0,1618,2,0.5,0,4,4,276,0,708.3,0,0.45
9388,0,-1,0,28,1,1.0,0,1,2,276,0,239.06,0,13.04
9389,0,-1,0,1157,1,0.0,0,1,1,826,1,307.87,0,0.32
9390,0,-1,0,578,1,0.0,0,1,2,276,1,865.13,0,0.63
9391,0,-1,0,12,4,0.5,0,2,2,276,0,570.78,0,50
9392,0,-1,0,1494,1,0.0,0,3,4,250,0,715.03,0,0.24
9393,0,-1,0,431,4,0.0,0,4,6,724,1,310.76,0,3.39
9394,0,-1,0,449,3,0.0,0,1,3,826,0,522.96,0,2.44
9395,0,-1,0,1103,3,0.333,0,2,4,36,1,809.96,0,0.99
9396,0,-1,0,209,4,0.25,0,3,3,76,0,372.35,0,6.99
9397,0,-1,0,642,6,0.167,0,1,1,36,1,787.92,0,3.41
9398,0,-1,0,1098,1,1.0,0,1,1,156,1,521.7,0,0.33
9399,0,-1,0,145,4,0.0,0,2,4,826,1,440.73,0,10.07
9400,0,-1,0,27,1,0.0,0,2,2,156,1,835.18,0,13.52
9401,0,-1,0,16,2,1.0,0,1,3,826,1,529.21,0,45.62
9402,0,-1,0,1047,1,0.0,0,2,4,840,0,328.15,0,0.35
9403,0,-1,0,1550,1,0.0,0,2,4,156,1,579.88,0,0.24
9404,0,-1,0,932,3,0.0,0,1,3,156,0,157.1,0,1.17
9405,0,-1,0,19,1,0.0,0,2,3,156,1,768.15,0,19.21
9406,0,-1,0,27,1,0.0,0,1,2,840,0,866.13,0,13.52
9407,0,-1,0,1501,1,1.0,0,2,2,392,1,522.42,0,0.24
9408,0,-1,0,23,2,0.0,0,1,2,826,0,324.63,0,31.74
9409,0,-1,0,1567,2,0.5,0,1,3,156,1,557.84,0,0.47
9410,0,-1,0,943,3,0.333,0,1,1,156,0,346.96,0,1.16
9411,0,-1,0,1491,1,0.0,0,2,3,156,1,733.56,0,0.24
9412,0,-1,0,351,3,0.0,0,1,1,156,0,131.42,0,3.12
9413,0,-1,0,313,10,0.2,0,1,1,156,1,443.68,0,11.66
9414,0,-1,0,1964,3,0.0,0,1,3,276,0,501.47,0,0.56
9415,0,-1,0,192,1,0.0,0,2,2,276,0,651.32,0,1.9
9416,0,-1,0,194,1,1.0,0,1,3,840,0,197.26,0,1.88
9417,0,-1,0,1898,1,1.0,0,2,3,276,1,594.06,0,0.19
9418,0,-1,0,1341,1,0.0,0,1,2,276,0,227.14,0,0.27
9419,0,-1,0,1498,2,0.0,0,1,3,156,1,640.84,0,0.49
9420,0,-1,0,1843,2,1.0,0,3,5,276,1,633.98,0,0.4
9421,0,-1,0,885,1,0.0,0,3,5,356,0,323.72,0,0.41
9422,0,-1,0,29,4,0.0,0,3,3,826,1,171.78,0,50
9423,0,-1,0,63,1,0.0,0,1,2,36,1,186.38,0,5.79
9424,0,-1,0,220,5,0.0,0,2,3,724,0,291.92,0,8.3
9425,0,-1,0,381,1,0.0,0,2,4,840,1,307.97,0,0.96
9426,0,-1,0,1321,4,0.25,0,2,2,156,1,161.97,0,1.11
9427,0,-1,0,1924,4,0.0,0,4,4,392,1,780.0,0,0.76
9428,0,-1,0,74,2,0.0,0,2,4,840,1,350.88,0,9.86
9429,0,-1,0,411,3,0.333,0,2,4,356,0,255.67,0,2.66
9430,0,-1,0,7,4,0.0,0,1,1,250,0,1008.4,0,50
9431,0,-1,0,1356,1,0.0,0,1,1,840,1,599.45,0,0.27
9432,0,-1,0,1247,6,0.167,0,3,5,156,1,597.29,0,1.76
9433,0,-1,0,330,4,0.5,0,1,3,36,0,695.34,0,4.42
9434,0,-1,0,1463,1,0.0,0,1,1,392,0,676.34,0,0.25
9435,0,-1,0,1072,1,0.0,0,1,1,156,1,1326.75,0,0.34
9436,0,-1,0,971,2,0.5,0,1,2,156,1,405.81,0,0.75
9437,0,-1,0,69,1,0.0,0,1,3,250,0,481.59,0,5.29
9438,0,-1,0,10,4,0.0,0,1,3,840,0,430.22,0,50
9439,0,-1,0,197,8,0.25,0,1,1,124,1,886.71,0,14.82
9440,0,-1,0,1885,1,0.0,0,2,2,826,0,536.44,0,0.19
9441,0,-1,0,764,3,0.0,0,3,4,124,1,305.37,0,1.43
9442,0,-1,0,1995,3,0.0,0,1,3,156,1,250.67,0,0.55
9443,0,-1,0,1519,1,1.0,0,1,1,276,0,157.56,0,0.24
9444,0,-1,0,120,1,0.0,0,1,3,840,0,403.11,0,3.04
9445,0,-1,0,27,2,0.0,0,1,3,36,0,1158.62,0,27.04
9446,0,-1,0,305,2,0.0,0,1,3,840,0,299.92,0,2.39
9447,0,-1,0,1005,1,0.0,0,3,4,840,0,365.88,0,0.36
9448,0,-1,0,13,8,0.25,0,1,3,840,1,671.55,0,50
9449,0,-1,0,1686,3,0.0,0,2,3,410,1,293.97,0,0.65
9450,0,-1,0,1792,3,0.0,0,1,2,276,0,579.61,0,0.61
9451,0,-1,0,264,1,0.0,0,2,3,276,1,770.37,0,1.38
9452,0,-1,0,970,2,0.0,0,1,1,840,1,181.15,0,0.75
9453,0,-1,0,1386,2,0.0,0,1,2,356,1,897.98,0,0.53
9454,0,-1,0,698,1,0.0,0,1,2,36,1,261.22,0,0.52
9455,0,-1,0,525,3,0.0,0,1,3,840,1,564.95,0,2.09
9456,0,-1,0,5,1,0.0,0,1,3,528,0,656.67,0,50
9457,0,-1,0,1999,1,1.0,0,1,2,410,0,354.72,0,0.18
9458,0,-1,0,574,5,0.2,0,1,2,484,1,641.89,0,3.18
9459,0,-1,0,436,1,0.0,0,2,3,392,1,229.75,0,0.84
9460,0,-1,0,359,9,0.0,0,1,3,276,1,159.49,0,9.15
9461,0,-1,0,1450,1,0.0,0,1,2,826,1,880.88,0,0.25
9462,0,-1,0,507,8,0.125,0,1,3,410,1,310.38,0,5.76
9463,0,-1,0,13,3,0.0,0,4,4,840,1,701.27,0,50
9464,0,-1,0,25,3,0.333,0,3,5,484,1,234.15,0,43.8
9465,0,-1,0,1187,1,0.0,0,2,4,276,1,243.89,0,0.31
9466,0,-1,0,1959,4,0.0,0,2,3,840,1,225.6,0,0.75
9467,0,-1,0,538,2,0.0,0,1,3,410,0,179.55,0,1.36
9468,0,-1,0,1038,1,0.0,0,1,1,156,1,422.97,0,0.35
9469,0,-1,0,1737,2,0.5,0,1,1,250,1,999.04,0,0.42
9470,0,-1,0,1290,4,0.25,0,1,2,392,1,637.58,0,1.13
9471,0,-1,0,21,6,0.167,0,2,3,392,0,809.48,0,50
9472,0,-1,0,448,2,0.5,0,1,1,276,1,310.61,0,1.63
9473,0,-1,0,83,1,1.0,0,1,1,356,0,1663.62,0,4.4
9474,0,-1,0,191,4,0.25,0,2,3,826,0,1619.25,0,7.64
9475,0,-1,0,21,2,0.0,0,1,3,410,1,350.46,0,34.76
9476,0,-1,0,371,4,0.75,0,2,2,250,0,570.04,0,3.94
9477,0,-1,0,88,5,0.0,0,2,4,250,1,183.55,0,20.74
9478,0,-1,0,1481,2,0.0,0,3,5,124,1,234.74,0,0.49
9479,0,-1,0,1804,3,0.667,0,1,1,840,0,1093.82,0,0.61
9480,0,-1,0,936,2,0.5,0,2,4,156,0,549.16,0,0.78
9481,0,-1,0,1822,6,0.333,0,1,3,528,1,263.07,0,1.2
9482,0,-1,0,404,5,0.0,0,1,1,840,1,1768.95,0,4.52
9483,0,-1,0,980,9,0.222,0,4,4,840,1,835.33,0,3.35
9484,0,-1,0,1292,2,0.5,0,1,3,410,0,1576.75,0,0.57
9485,0,-1,0,5,6,0.333,0,1,1,156,1,182.53,0,50
9486,0,-1,0,13,1,0.0,0,1,3,840,1,101.11,0,28.08
9487,0,-1,0,868,3,0.0,0,2,2,76,0,430.11,0,1.26
9488,0,-1,0,1970,1,1.0,0,4,5,276,1,121.54,0,0.19
9489,0,-1,0,15,3,0.0,0,1,1,528,0,157.73,0,50
9490,0,-1,0,139,2,0.0,0,2,4,840,1,708.21,0,5.25
9491,0,-1,0,28,2,0.0,0,1,3,392,1,327.1,0,26.07
9492,0,-1,0,1863,1,0.0,0,1,1,156,1,551.21,0,0.2
9493,0,-1,0,1360,4,0.25,0,1,1,528,0,667.25,0,1.07
9494,0,-1,0,919,7,0.286,0,4,6,156,1,298.3,0,2.78
9495,0,-1,0,5,5,0.0,0,3,3,36,1,283.69,0,50
9496,0,-1,0,1323,3,0.0,0,2,3,156,0,122.65,0,0.83
9497,0,-1,0,133,4,0.0,0,3,4,76,1,106.36,0,10.98
9498,0,-1,0,920,1,0.0,0,3,5,250,1,342.3,0,0.4
9499,0,-1,0,542,1,0.0,0,1,1,276,1,609.79,0,0.67
9500,0,-1,0,24,4,0.25,0,2,3,528,0,222.51,0,50
9501,0,-1,0,1418,3,0.333,0,1,1,156,1,576.4,0,0.77
9502,0,-1,0,26,3,0.0,0,1,3,392,1,773.17,0,42.12
9503,0,-1,0,662,2,0.0,0,1,1,276,1,978.34,0,1.1
9504,0,-1,0,294,2,0.0,0,1,1,276,1,1306.4,0,2.48
9505,0,-1,0,393,4,0.0,0,2,2,840,1,609.27,0,3.72
9506,0,-1,0,21,9,0.111,0,1,2,76,1,623.45,0,50
9507,0,-1,0,26,6,0.167,0,1,1,840,1,167.88,0,50
9508,0,-1,0,26,2,0.0,0,3,4,840,1,403.94,0,28.08
9509,0,-1,0,20,8,0.125,0,1,2,392,1,534.25,0,50
9510,0,-1,0,3,1,0.0,0,2,4,356,1,1048.82,0,50
9511,0,-1,0,959,1,0.0,0,1,2,840,0,263.27,0,0.38
9512,0,-1,0,1293,2,0.0,0,1,3,36,0,585.14,0,0.56
9513,0,-1,0,18,4,0.0,0,2,2,840,1,625.93,0,50
9514,0,-1,0,671,4,0.0,0,1,3,826,0,2012.28,0,2.18
9515,0,-1,0,1739,3,0.667,0,2,3,724,1,618.29,0,0.63
9516,0,-1,0,1928,2,0.0,0,1,3,36,1,223.27,0,0.38
9517,0,-1,0,1126,1,0.0,0,1,3,156,1,188.98,0,0.32
9518,0,-1,0,314,3,0.0,0,1,3,392,1,283.97,0,3.49
9519,0,-1,0,1216,8,0.125,0,1,3,276,1,223.93,0,2.4
9520,0,-1,0,1158,4,0.5,0,2,3,840,1,357.65,0,1.26
9521,0,-1,0,1430,4,0.0,0,2,4,36,0,585.41,0,1.02
9522,0,-1,0,288,1,0.0,0,1,1,840,0,274.16,0,1.27
9523,0,-1,0,25,4,0.25,0,2,3,392,0,1288.24,0,50
9524,0,-1,0,697,2,0.0,0,1,3,484,0,305.55,0,1.05
9525,0,-1,0,1688,5,0.0,0,2,3,840,0,1192.56,0,1.08
9526,0,-1,0,1155,1,0.0,0,1,1,840,1,541.05,0,0.32
9527,0,-1,0,1630,2,0.0,0,1,2,826,1,750.63,0,0.45
9528,0,-1,0,698,2,0.5,0,1,1,840,1,311.86,0,1.05
9529,0,-1,0,11,4,0.0,0,1,2,840,1,453.64,0,50
9530,0,-1,0,1672,8,0.125,0,1,1,250,1,214.98,0,1.75
9531,0,-1,0,91,2,0.5,0,1,1,156,1,794.69,0,8.02
9532,0,-1,0,784,2,0.0,0,2,4,380,0,552.06,0,0.93
9533,0,-1,0,1455,1,1.0,0,1,1,276,0,845.01,0,0.25
9534,0,-1,0,20,3,0.333,0,1,3,124,1,860.11,0,50
9535,0,-1,0,409,4,0.0,0,1,2,840,0,964.93,0,3.57
9536,0,-1,0,18,4,0.25,0,2,4,276,0,258.31,0,50
9537,0,-1,0,25,2,0.0,0,1,3,392,1,862.83,0,29.2
9538,0,-1,0,1804,2,0.0,0,3,3,826,1,191.84,0,0.4
9539,0,-1,0,1416,2,0.0,0,1,3,840,0,551.92,0,0.52
9540,0,-1,0,1246,3,0.333,0,1,1,392,0,222.93,0,0.88
9541,0,-1,0,1,1,0.0,0,1,3,410,0,218.14,0,50
9542,0,-1,0,1413,3,0.667,0,3,3,826,0,371.56,0,0.77
9543,0,-1,0,997,3,0.333,0,3,3,124,0,1566.39,0,1.1
9544,0,-1,0,308,3,0.333,0,2,3,840,1,136.96,0,3.56
9545,0,-1,0,28,1,0.0,0,3,5,840,1,266.5,0,13.04
9546,0,-1,0,665,1,0.0,0,1,3,250,0,981.12,0,0.55
9547,0,-1,0,967,4,0.25,0,4,4,156,1,200.39,0,1.51
9548,0,-1,0,25,1,1.0,0,1,2,276,1,1279.91,0,14.6
9549,0,-1,0,686,3,0.0,0,1,1,124,1,721.98,0,1.6
9550,0,-1,0,1239,1,1.0,0,1,1,840,1,142.95,0,0.29
9551,0,-1,0,1277,2,0.0,0,3,3,124,1,271.55,0,0.57
9552,0,-1,0,53,1,0.0,0,4,5,840,0,661.09,0,6.89
9553,0,-1,0,3,8,0.125,0,2,2,276,1,248.47,0,50
9554,0,-1,0,1066,4,0.0,0,1,3,156,0,1997.8,0,1.37
9555,0,-1,0,1962,1,0.0,0,4,5,156,0,187.31,0,0.19
9556,0,-1,0,20,4,0.0,0,2,2,840,0,385.06,0,50
9557,0,-1,0,18,2,0.0,0,1,3,276,0,568.85,0,40.56
9558,0,-1,0,1290,1,0.0,0,1,2,356,1,285.06,0,0.28
9559,0,-1,0,990,3,0.0,0,1,2,840,1,501.26,0,1.11
9560,0,-1,0,15,1,0.0,0,1,1,840,0,405.29,0,24.33
9561,0,-1,0,708,1,1.0,0,1,1,826,0,1123.65,0,0.52
9562,0,-1,0,326,2,0.0,0,1,1,392,0,239.71,0,2.24
9563,0,-1,0,1543,2,0.5,0,2,4,156,0,203.37,0,0.47
9564,0,-1,0,1778,1,1.0,0,4,6,76,0,1650.65,0,0.21
9565,0,-1,0,1908,4,0.5,0,1,3,380,1,146.05,0,0.77
9566,0,-1,0,626,3,0.333,0,4,5,124,1,310.67,0,1.75
9567,0,-1,0,1772,3,0.333,0,2,4,156,0,670.13,0,0.62
9568,0,-1,0,71,1,1.0,0,2,2,840,0,379.09,0,5.14
9569,0,-1,0,1029,9,0.111,0,2,3,36,1,444.16,0,3.19
9570,0,-1,0,759,2,0.0,0,2,4,380,0,668.12,0,0.96
9571,0,-1,0,800,2,0.5,0,1,2,276,0,302.21,0,0.91
9572,0,-1,0,25,3,0.0,0,1,3,156,1,183.44,0,43.8
9573,0,-1,0,1818,1,0.0,0,1,3,840,1,674.7,0,0.2
9574,0,-1,0,1551,3,0.0,0,3,4,250,1,844.11,0,0.71
9575,0,-1,0,25,7,0.143,0,1,1,840,1,581.14,0,50
9576,0,-1,0,1208,3,0.333,0,2,2,36,1,276.07,0,0.91
9577,0,-1,0,373,1,0.0,0,3,3,156,1,1445.78,0,0.98
9578,0,-1,0,231,3,0.0,0,2,3,276,1,457.24,0,4.74
9579,0,-1,0,1472,3,0.0,0,3,5,76,1,1576.13,0,0.74
9580,0,-1,0,6,10,0.2,0,1,1,276,1,1104.14,0,50
9581,0,-1,0,1747,3,0.0,0,2,4,410,0,127.59,0,0.63
9582,0,-1,0,816,5,0.0,0,3,4,724,1,526.27,0,2.24
9583,0,-1,0,26,2,0.0,0,1,3,392,0,452.67,0,28.08
9584,0,-1,0,1104,2,0.5,0,1,1,410,1,365.06,0,0.66
9585,0,-1,0,1304,2,0.5,0,3,5,410,1,385.28,0,0.56
9586,0,-1,0,1583,2,0.5,0,2,3,250,0,199.77,0,0.46
9587,0,-1,0,963,2,0.0,0,1,3,840,1,373.74,0,0.76
9588,0,-1,0,486,6,0.167,0,1,1,826,1,1135.63,0,4.51
9589,0,-1,0,1778,7,0.286,0,4,4,826,1,328.17,0,1.44
9590,0,-1,0,1618,1,0.0,0,1,3,156,1,467.84,0,0.23
9591,0,-1,0,273,3,0.333,0,2,3,840,0,242.53,0,4.01
9592,0,-1,0,5,4,0.0,0,4,6,826,1,578.23,0,50
9593,0,-1,0,1379,1,0.0,0,2,3,36,1,1025.98,0,0.26
9594,0,-1,0,1786,4,0.25,0,1,2,156,0,987.65,0,0.82
9595,0,-1,0,690,1,0.0,0,4,6,826,1,1163.44,0,0.53
9596,0,-1,0,1468,3,0.0,0,2,3,276,1,296.88,0,0.75
9597,0,-1,0,1337,5,0.2,0,1,3,276,1,1730.76,0,1.36
9598,0,-1,0,395,1,0.0,0,1,2,826,0,415.54,0,0.92
9599,0,-1,0,946,1,0.0,0,3,3,276,0,432.48,0,0.39
9600,0,-1,0,729,2,0.0,0,1,2,410,0,102.51,0,1.0
9601,0,-1,0,1912,1,0.0,0,2,2,528,1,796.61,0,0.19
9602,0,-1,0,182,8,0.125,0,1,2,76,1,152.88,0,16.04
9603,0,-1,0,19,2,0.5,0,3,5,76,1,492.46,0,38.42
9604,0,-1,0,473,5,0.2,0,1,2,124,1,1196.34,0,3.86
9605,0,-1,0,1050,1,0.0,0,2,4,156,0,539.42,0,0.35
9606,0,-1,0,889,2,0.5,0,1,1,380,1,810.23,0,0.82
9607,0,-1,0,277,3,0.333,0,1,3,826,0,495.06,0,3.95
9608,0,-1,0,1629,2,0.5,0,1,2,840,1,767.16,0,0.45
9609,0,-1,0,837,3,0.667,0,2,4,528,1,266.53,0,1.31
9610,0,-1,0,18,1,1.0,0,2,3,156,1,774.49,0,20.28
9611,0,-1,0,1670,3,0.333,0,3,3,380,0,721.02,0,0.66
9612,0,-1,0,861,3,0.0,0,1,1,156,1,352.3,0,1.27
9613,0,-1,0,1446,1,0.0,0,1,1,156,1,483.96,0,0.25
9614,0,-1,0,1847,2,0.0,0,3,3,36,1,148.19,0,0.4
9615,0,-1,0,1026,4,0.0,0,1,3,124,1,991.89,0,1.42
9616,0,-1,0,888,1,0.0,0,2,2,392,0,252.7,0,0.41
9617,0,-1,0,1246,3,0.333,0,1,2,156,0,940.95,0,0.88
9618,0,-1,0,294,3,0.0,0,1,1,276,1,516.45,0,3.72
9619,0,-1,0,266,2,0.0,0,3,5,380,1,241.74,0,2.74
9620,0,-1,0,261,2,0.0,0,1,3,826,0,165.63,0,2.8
9621,0,-1,0,1213,4,0.25,0,1,1,36,0,250.68,0,1.2
9622,0,-1,0,244,1,1.0,0,2,3,840,0,559.0,0,1.5
9623,0,-1,0,1335,3,0.0,0,1,1,124,1,145.23,0,0.82
9624,0,-1,0,12,5,0.2,0,1,1,36,1,595.54,0,50
9625,0,-1,0,730,4,0.0,0,3,4,528,1,226.22,0,2.0
9626,0,-1,0,259,1,0.0,0,1,2,840,1,454.71,0,1.41
9627,0,-1,0,670,1,1.0,0,1,2,840,0,56.99,0,0.54
9628,0,-1,0,380,5,0.4,0,2,4,840,1,1099.86,0,4.8
9629,0,-1,0,1438,2,0.0,0,1,3,156,1,234.65,0,0.51
9630,0,-1,0,1530,3,0.0,0,1,3,156,0,997.59,0,0.72
9631,0,-1,0,534,3,0.333,0,1,1,840,0,239.25,0,2.05
9632,0,-1,0,734,3,0.0,0,1,3,392,0,1427.97,0,1.49
9633,0,-1,0,616,3,0.0,0,2,4,156,1,329.19,0,1.78
9634,0,-1,0,796,1,0.0,0,2,2,410,0,475.36,0,0.46
9635,0,-1,0,131,5,0.2,0,1,1,840,1,128.02,0,13.93
9636,0,-1,0,1396,2,0.5,0,3,3,36,1,168.98,0,0.52
9637,0,-1,0,1654,2,0.0,0,3,5,124,0,848.36,0,0.44
9638,0,-1,0,1652,6,0.333,0,1,1,826,1,225.9,0,1.33
9639,0,-1,0,883,3,0.333,0,1,2,826,1,842.12,0,1.24
9640,0,-1,0,1079,1,0.0,0,2,3,840,0,233.49,0,0.34
9641,0,-1,0,1232,4,0.25,0,1,1,410,1,339.46,0,1.19
9642,0,-1,0,1868,3,0.0,0,3,5,840,1,555.24,0,0.59
9643,0,-1,0,67,1,0.0,0,4,4,392,0,373.21,0,5.45
9644,0,-1,0,981,3,0.333,0,1,3,156,0,735.45,0,1.12
9645,0,-1,0,144,4,0.0,0,3,3,840,0,118.94,0,10.14
9646,0,-1,0,1823,2,0.5,0,3,3,76,1,658.8,0,0.4
9647,0,-1,0,16,6,0.333,0,3,4,840,1,1101.15,0,50
9648,0,-1,0,647,3,0.0,0,1,2,36,1,357.89,0,1.69
9649,0,-1,0,6,4,0.25,0,3,3,156,1,402.78,0,50
9650,0,-1,0,1631,3,0.0,0,2,2,410,0,291.07,0,0.67
9651,0,-1,0,1688,2,0.0,0,1,3,36,1,608.46,0,0.43
9652,0,-1,0,802,2,0.0,0,3,3,156,1,1096.7,0,0.91
9653,0,-1,0,297,1,0.0,0,1,3,276,1,275.64,0,1.23
9654,0,-1,0,1612,1,0.0,0,2,3,156,0,574.25,0,0.23
9655,0,-1,0,1767,8,0.375,0,1,1,124,1,577.55,0,1.65
9656,0,-1,0,1072,1,0.0,0,2,4,156,1,471.22,0,0.34
9657,0,-1,0,450,5,0.2,0,1,2,724,1,1565.33,0,4.06
9658,0,-1,0,567,2,1.0,0,2,4,276,1,1182.93,0,1.29
9659,0,-1,0,119,3,0.0,0,1,2,124,1,480.44,0,9.2
9660,0,-1,0,7,2,0.5,0,3,4,380,1,305.75,0,50
9661,0,-1,0,925,2,0.0,0,2,4,156,1,464.62,0,0.79
9662,0,-1,0,1901,2,0.0,0,2,4,276,1,355.61,0,0.38
9663,0,-1,0,333,2,0.0,0,1,2,840,0,1408.78,0,2.19
9664,0,-1,0,12,5,0.0,0,1,1,156,1,386.29,0,50
9665,0,-1,0,1376,1,0.0,0,1,3,840,0,792.86,0,0.27
9666,0,-1,0,713,10,0.3,0,1,1,410,1,912.27,0,5.12
9667,0,-1,0,659,6,0.167,0,1,2,36,0,407.23,0,3.32
9668,0,-1,0,5,3,0.333,0,1,2,392,1,1985.97,0,50
9669,0,-1,0,613,1,1.0,0,2,3,840,1,438.44,0,0.6
9670,0,-1,0,7,1,1.0,0,2,3,380,1,721.45,0,50
9671,0,-1,0,698,3,0.0,0,1,2,124,1,331.1,0,1.57
9672,0,-1,0,34,8,0.375,0,1,2,76,1,508.83,0,50
9673,0,-1,0,1846,2,0.5,0,3,4,840,0,374.95,0,0.4
9674,0,-1,0,1164,3,0.0,0,2,2,724,1,417.42,0,0.94
9675,0,-1,0,1132,2,0.0,0,2,4,392,0,171.04,0,0.64
9676,0,-1,0,218,3,0.0,0,4,5,528,0,334.51,0,5.02
9677,0,-1,0,1039,1,0.0,0,1,3,156,1,576.52,0,0.35
9678,0,-1,0,1651,1,0.0,0,1,1,840,0,302.56,0,0.22
9679,0,-1,0,18,4,0.25,0,2,2,840,1,1321.85,0,50
9680,0,-1,0,745,5,0.4,0,2,3,392,1,467.03,0,2.45
9681,0,-1,0,8,4,0.0,0,2,2,124,0,354.52,0,50
9682,0,-1,0,363,2,0.0,0,1,1,156,1,404.0,0,2.01
9683,0,-1,0,898,1,0.0,0,2,3,276,1,265.75,0,0.41
9684,0,-1,0,182,1,0.0,0,1,1,36,1,199.7,0,2.01
9685,0,-1,0,64,5,0.0,0,1,3,156,1,890.67,0,28.52
9686,0,-1,0,1295,2,0.0,0,1,1,156,1,395.63,0,0.56
9687,0,-1,0,1568,1,0.0,0,2,2,840,1,510.63,0,0.23
9688,0,-1,0,976,3,0.0,0,1,1,410,0,935.94,0,1.12
9689,0,-1,0,1106,2,0.0,0,1,2,840,1,527.28,0,0.66
9690,0,-1,0,1715,2,0.0,0,1,3,76,1,641.24,0,0.43
9691,0,-1,0,1931,1,0.0,0,1,3,380,0,289.19,0,0.19
9692,0,-1,0,22,1,1.0,0,1,1,276,1,1525.56,0,16.59
9693,0,-1,0,1803,2,0.5,0,2,3,840,0,488.39,0,0.4
9694,0,-1,0,912,2,0.0,0,1,2,156,1,642.78,0,0.8
9695,0,-1,0,1369,1,0.0,0,3,3,840,0,537.45,0,0.27
9696,0,-1,0,4,2,0.0,0,2,4,156,0,669.49,0,50
9697,0,-1,0,21,11,0.273,0,3,3,840,1,254.28,0,50
9698,0,-1,0,645,2,0.0,0,1,2,250,0,538.45,0,1.13
9699,0,-1,0,925,3,0.0,0,2,3,840,0,349.29,0,1.18
9700,0,-1,0,431,2,0.0,0,3,4,250,0,374.78,0,1.69
9701,0,-1,0,66,5,0.2,0,1,3,840,1,231.69,0,27.65
9702,0,-1,0,1411,7,0.143,0,2,3,156,1,438.41,0,1.81
9703,0,-1,0,938,2,0.0,0,1,2,156,0,542.39,0,0.78
9704,0,-1,0,1387,2,1.0,0,2,4,156,1,819.32,0,0.53
9705,0,-1,0,95,1,0.0,0,1,2,724,0,459.43,0,3.84
9706,0,-1,0,1487,2,0.0,0,1,3,276,1,1964.23,0,0.49
9707,0,-1,0,1588,2,0.5,0,1,2,392,0,1044.34,0,0.46
9708,0,-1,0,1654,1,0.0,0,1,3,826,1,278.83,0,0.22
9709,0,-1,0,4,6,0.0,0,1,3,156,1,514.78,0,50
9710,0,-1,0,1231,2,0.5,0,1,2,840,0,150.99,0,0.59
9711,0,-1,0,726,2,1.0,0,2,4,156,1,527.08,0,1.01
9712,0,-1,0,1813,1,0.0,0,1,2,36,0,421.41,0,0.2
9713,0,-1,0,243,6,0.167,0,2,2,356,1,237.66,0,9.01
9714,0,-1,0,308,3,0.0,0,2,4,826,0,394.25,0,3.56
9715,0,-1,0,695,1,0.0,0,2,2,276,1,1440.12,0,0.53
9716,0,-1,0,732,3,0.0,0,1,3,36,0,187.46,0,1.5
9717,0,-1,0,78,2,0.0,0,2,3,484,1,330.06,0,9.36
9718,0,-1,0,1617,4,0.25,0,1,1,250,1,720.75,0,0.9
9719,0,-1,0,393,5,0.2,0,2,3,840,0,303.24,0,4.64
9720,0,-1,0,518,4,0.5,0,1,2,826,1,1016.99,0,2.82
9721,0,-1,0,616,2,0.0,0,4,4,276,1,210.4,0,1.19
9722,0,-1,0,1028,2,0.0,0,1,1,156,1,611.72,0,0.71
9723,0,-1,0,963,2,0.0,0,1,3,124,1,524.67,0,0.76
9724,0,-1,0,307,2,0.0,0,1,1,36,0,794.53,0,2.38
9725,0,-1,0,131,1,0.0,0,3,4,250,0,338.73,0,2.79
9726,0,-1,0,1310,3,0.333,0,1,2,124,1,102.91,0,0.84
9727,0,-1,0,1753,9,0.333,0,1,3,528,1,879.84,0,1.87
9728,0,-1,0,1030,1,0.0,0,2,3,840,1,208.45,0,0.35
9729,0,-1,0,1049,5,0.2,0,1,1,840,1,1100.46,0,1.74
9730,0,-1,0,756,2,0.5,0,1,3,826,0,142.71,0,0.97
9731,0,-1,0,1332,5,0.0,0,3,4,250,0,243.93,0,1.37
9732,0,-1,0,851,3,0.333,0,1,3,250,1,742.86,0,1.29
9733,0,-1,0,198,3,0.0,0,1,3,840,1,838.48,0,5.53
9734,0,-1,0,1932,3,0.333,0,2,4,356,0,518.34,0,0.57
9735,0,-1,0,1014,3,0.0,0,3,5,124,1,505.4,0,1.08
9736,0,-1,0,1487,1,0.0,0,1,1,528,1,881.33,0,0.25
9737,0,-1,0,24,2,0.0,0,2,2,724,1,636.15,0,30.42
9738,0,-1,0,879,2,0.5,0,1,1,724,1,1487.38,0,0.83
9739,0,-1,0,217,1,1.0,0,2,4,356,1,421.47,0,1.68
9740,0,-1,0,1229,1,1.0,0,1,2,826,1,194.71,0,0.3
9741,0,-1,0,161,2,0.0,0,1,3,250,1,263.26,0,4.53
9742,0,-1,0,941,4,0.25,0,1,3,528,1,328.66,0,1.55
9743,0,-1,0,119,3,0.333,0,1,3,156,1,504.58,0,9.2
9744,0,-1,0,1748,4,0.25,0,2,4,250,1,878.65,0,0.84
9745,0,-1,0,693,9,0.111,0,4,6,276,1,466.3,0,4.74
9746,0,-1,0,901,5,0.4,0,1,2,392,0,145.57,0,2.03
9747,0,-1,0,215,2,0.0,0,1,2,156,1,1054.48,0,3.4
9748,0,-1,0,495,3,0.0,0,2,2,724,1,622.37,0,2.21
9749,0,-1,0,1029,3,0.0,0,3,5,840,0,480.53,0,1.06
9750,0,-1,0,1023,1,0.0,0,1,2,76,1,443.45,0,0.36
9751,0,-1,0,1227,3,0.667,0,1,3,840,0,843.86,0,0.89
9752,0,-1,0,1605,5,0.0,0,1,1,276,0,278.17,0,1.14
9753,0,-1,0,1769,2,0.0,0,1,1,156,0,138.8,0,0.41
9754,0,-1,0,1017,2,0.0,0,4,4,484,0,142.82,0,0.72
9755,0,-1,0,1901,9,0.0,0,1,2,840,1,755.56,0,1.73
9756,0,-1,0,1647,1,0.0,0,1,2,356,0,309.16,0,0.22
9757,0,-1,0,10,4,0.0,0,1,2,826,0,1260.7,0,50
9758,0,-1,0,736,2,0.0,0,2,2,156,1,533.23,0,0.99
9759,0,-1,0,196,5,0.0,0,1,3,840,0,422.45,0,9.31
9760,0,-1,0,1991,1,0.0,0,1,3,484,1,116.78,0,0.18
9761,0,-1,0,1159,4,0.5,0,1,2,840,0,1846.91,0,1.26
9762,0,-1,0,635,2,0.5,0,1,3,36,1,377.42,0,1.15
9763,0,-1,0,1060,3,0.0,0,1,3,840,0,557.18,0,1.03
9764,0,-1,0,876,3,0.0,0,2,3,840,0,275.47,0,1.25
9765,0,-1,0,1195,2,0.5,0,1,2,156,1,170.74,0,0.61
9766,0,-1,0,1629,3,0.0,0,1,3,840,1,1098.68,0,0.67
9767,0,-1,0,395,2,0.0,0,2,2,528,0,348.23,0,1.85
9768,0,-1,0,76,1,0.0,0,1,1,250,0,176.65,0,4.8
9769,0,-1,0,1099,6,0.167,0,1,1,826,1,817.04,0,1.99
9770,0,-1,0,51,3,0.333,0,1,2,840,0,367.31,0,21.47
9771,0,-1,0,1036,1,0.0,0,3,4,840,1,721.21,0,0.35
9772,0,-1,0,1701,3,0.333,0,2,2,840,0,902.35,0,0.64
9773,0,-1,0,75,1,0.0,0,1,1,840,0,102.43,0,4.87
9774,0,-1,0,1992,1,0.0,0,2,4,826,0,1449.38,0,0.18
9775,0,-1,0,770,1,0.0,0,1,2,156,1,1170.6,0,0.47
9776,0,-1,0,16,2,0.5,0,3,3,410,0,340.26,0,45.62
9777,0,-1,0,1077,1,0.0,0,2,4,528,1,718.0,0,0.34
9778,0,-1,0,1337,2,0.0,0,1,1,724,1,636.9,0,0.55
9779,0,-1,0,758,5,0.2,0,2,3,250,1,1351.97,0,2.41
9780,0,-1,0,402,10,0.0,0,3,4,380,1,1189.68,0,9.08
9781,0,-1,0,1940,1,0.0,0,2,3,484,1,240.53,0,0.19
9782,0,-1,0,1094,1,0.0,0,1,2,76,1,266.94,0,0.33
9783,0,-1,0,172,10,0.2,0,3,3,840,1,52.47,0,21.22
9784,0,-1,0,16,3,0.0,0,1,2,528,0,713.0,0,50
9785,0,-1,0,293,2,0.0,0,1,3,156,1,202.53,0,2.49
9786,0,-1,0,1,8,0.0,0,2,3,840,1,675.16,0,50
9787,0,-1,0,1011,2,0.0,0,1,1,76,1,1263.3,0,0.72
9788,0,-1,0,11,1,0.0,0,1,3,392,0,263.3,0,33.18
9789,0,-1,0,1733,1,0.0,0,2,4,392,1,1477.43,0,0.21
9790,0,-1,0,1641,7,0.143,0,1,3,392,1,652.71,0,1.56
9791,0,-1,0,18,3,0.333,0,3,4,250,1,1274.32,0,50
9792,0,-1,0,23,3,0.667,0,2,2,156,1,230.76,0,47.61
9793,0,-1,0,1572,1,0.0,0,3,5,356,1,753.52,0,0.23
9794,0,-1,0,17,1,0.0,0,1,2,840,0,198.05,0,21.47
9795,0,-1,0,1710,3,0.333,0,2,4,276,1,1585.42,0,0.64
9796,0,-1,0,478,1,0.0,0,1,2,276,1,525.12,0,0.76
9797,0,-1,0,1379,1,0.0,0,2,3,840,1,1134.47,0,0.26
9798,0,-1,0,893,3,0.0,0,3,4,156,0,281.89,0,1.23
9799,0,-1,0,1650,2,0.0,0,3,3,392,1,786.26,0,0.44
9800,0,-1,0,811,1,0.0,0,1,2,276,1,346.08,0,0.45
9801,0,-1,0,951,2,0.5,0,1,2,826,0,512.07,0,0.77
9802,0,-1,0,105,2,0.0,0,3,5,840,1,412.27,0,6.95
9803,0,-1,0,1266,1,0.0,0,1,2,840,0,120.13,0,0.29
9804,0,-1,0,1123,2,0.0,0,1,3,840,0,182.22,0,0.65
9805,0,-1,0,26,1,0.0,0,2,3,276,1,264.39,0,14.04
9806,0,-1,0,105,2,0.0,0,2,4,156,1,352.41,0,6.95
9807,0,-1,0,901,4,0.0,0,1,2,840,1,700.1,0,1.62
9808,0,-1,0,654,3,0.667,0,1,3,276,0,363.81,0,1.67
9809,0,-1,0,1374,1,0.0,0,4,5,840,0,1011.35,0,0.27
9810,0,-1,0,8,3,0.0,0,2,2,380,1,127.84,0,50
9811,0,-1,0,1380,2,0.0,0,1,1,840,1,1784.91,0,0.53
9812,0,-1,0,1936,1,0.0,0,2,4,250,1,174.29,0,0.19
9813,0,-1,0,1926,4,0.0,0,1,2,484,0,689.66,0,0.76
9814,0,-1,0,1954,3,0.333,0,1,3,124,1,527.91,0,0.56
9815,0,-1,0,153,6,0.167,0,1,1,826,1,157.12,0,14.31
9816,0,-1,0,495,4,0.25,0,1,2,840,1,62.74,0,2.95
9817,0,-1,0,2,2,0.5,0,1,2,76,1,207.49,0,50
9818,0,-1,0,1694,5,0.4,0,1,3,840,1,185.7,0,1.08
9819,0,-1,0,1795,1,0.0,0,3,5,826,1,461.42,0,0.2
9820,0,-1,0,1090,3,0.0,0,1,3,392,1,637.17,0,1.0
9821,0,-1,0,1812,4,0.0,0,2,3,36,1,595.82,0,0.81
9822,0,-1,0,65,1,0.0,0,1,1,250,1,981.9,0,5.62
9823,0,-1,0,1089,1,0.0,0,1,3,76,1,220.54,0,0.34
9824,0,-1,0,12,4,0.25,0,1,2,528,0,825.62,0,50
9825,0,-1,0,907,1,0.0,0,1,1,156,0,536.66,0,0.4
9826,0,-1,0,10,3,0.333,0,1,3,250,0,146.79,0,50
9827,0,-1,0,1918,3,0.333,0,1,2,410,1,1657.9,0,0.57
9828,0,-1,0,4,5,0.0,0,1,2,124,1,304.02,0,50
9829,0,-1,0,855,1,1.0,0,2,4,276,0,188.0,0,0.43
9830,0,-1,0,971,2,1.0,0,1,2,76,1,554.67,0,0.75
9831,0,-1,0,968,2,0.5,0,1,3,840,0,362.17,0,0.75
9832,0,-1,0,130,3,0.333,0,1,1,826,1,255.46,0,8.42
9833,0,-1,0,1803,1,0.0,0,4,4,724,1,335.57,0,0.2
9834,0,-1,0,907,5,0.2,0,1,3,276,1,410.42,0,2.01
9835,0,-1,0,873,4,0.25,0,2,4,124,1,532.78,0,1.67
9836,0,-1,0,1035,1,0.0,0,1,2,528,0,557.1,0,0.35
9837,0,-1,0,5,3,0.333,0,2,2,124,1,1058.69,0,50
9838,0,-1,0,437,3,0.0,0,1,1,124,0,212.0,0,2.51
9839,0,-1,0,1855,1,0.0,0,1,1,410,1,387.54,0,0.2
9840,0,-1,0,530,6,0.167,0,2,2,826,1,316.2,0,4.13
9841,0,-1,0,1905,1,1.0,0,3,5,250,1,271.36,0,0.19
9842,0,-1,0,1889,2,0.0,0,2,2,410,0,342.4,0,0.39
9843,0,-1,0,1195,2,0.0,0,3,4,276,0,468.74,0,0.61
9844,0,-1,0,28,1,0.0,0,1,1,124,0,753.59,0,13.04
9845,0,-1,0,376,1,0.0,0,1,3,410,0,716.51,0,0.97
9846,0,-1,0,1997,1,0.0,0,4,5,724,0,733.23,0,0.18
9847,0,-1,0,418,2,0.5,0,1,2,840,1,530.85,0,1.75
9848,0,-1,0,467,1,0.0,0,1,1,250,0,304.87,0,0.78
9849,0,-1,0,540,2,0.0,0,3,5,76,0,362.37,0,1.35
9850,0,-1,0,621,8,0.0,0,1,3,156,1,540.77,0,4.7
9851,0,-1,0,1183,1,0.0,0,4,5,840,1,916.07,0,0.31
9852,0,-1,0,1653,1,0.0,0,2,4,124,0,426.78,0,0.22
9853,0,-1,0,275,1,0.0,0,1,1,484,1,1322.06,0,1.33
9854,0,-1,0,482,1,0.0,0,1,3,356,1,1195.96,0,0.76
9855,0,-1,0,654,1,0.0,0,4,6,840,1,770.18,0,0.56
9856,0,-1,0,14,1,0.0,0,1,1,840,1,204.09,0,26.07
9857,0,-1,0,1036,8,0.5,0,1,2,276,1,2703.18,0,2.82
9858,0,-1,0,56,2,0.0,0,1,1,156,0,330.85,0,13.04
9859,0,-1,0,4,5,0.2,0,1,2,392,0,592.81,0,50
9860,0,-1,0,1539,3,0.0,0,1,1,840,1,744.11,0,0.71
9861,0,-1,0,1324,10,0.0,0,1,1,392,1,1878.67,0,2.76
9862,0,-1,0,323,1,0.0,0,3,3,840,0,537.15,0,1.13
9863,0,-1,0,1296,6,0.167,0,2,4,156,1,681.36,0,1.69
9864,0,-1,0,1109,2,0.0,0,1,3,724,1,588.05,0,0.66
9865,0,-1,0,8,1,1.0,0,3,5,124,0,389.5,0,45.62
9866,0,-1,0,909,5,0.0,0,3,4,276,0,544.44,0,2.01
9867,0,-1,0,270,1,0.0,0,2,2,276,0,533.56,0,1.35
9868,0,-1,0,1404,2,0.0,0,2,4,380,1,363.46,0,0.52
9869,0,-1,0,1897,7,0.429,0,2,4,156,1,399.66,0,1.35
9870,0,-1,0,1306,2,0.0,0,1,2,156,1,305.59,0,0.56
9871,0,-1,0,336,7,0.143,0,1,3,124,1,362.43,0,7.6
9872,0,-1,0,1145,3,0.333,0,2,3,826,1,403.83,0,0.96
9873,0,-1,0,1026,1,0.0,0,1,2,124,1,436.2,0,0.36
9874,0,-1,0,632,2,0.0,0,1,2,156,1,334.25,0,1.16
9875,0,-1,0,681,8,0.25,0,1,3,840,1,635.77,0,4.29
9876,0,-1,0,1301,4,0.25,0,2,2,724,1,668.62,0,1.12
9877,0,-1,0,1707,3,0.333,0,1,3,410,1,427.42,0,0.64
9878,0,-1,0,1544,5,0.2,0,3,5,156,1,792.13,0,1.18
9879,0,-1,0,1022,4,0.5,0,2,3,124,1,1240.71,0,1.43
9880,0,-1,0,1704,2,0.0,0,2,2,392,1,208.01,0,0.43
9881,0,-1,0,23,4,0.25,0,2,2,276,1,171.98,0,50
9882,0,-1,0,25,1,1.0,0,2,2,276,0,467.49,0,14.6
9883,0,-1,0,1194,1,0.0,0,3,4,380,0,476.67,0,0.31
9884,0,-1,0,17,1,0.0,0,1,2,250,0,1095.29,0,21.47
9885,0,-1,0,622,4,0.0,0,2,4,124,0,332.97,0,2.35
9886,0,-1,0,183,3,1.0,0,2,2,76,1,89.97,0,5.98
9887,0,-1,0,1385,9,0.111,0,1,3,840,1,621.69,0,2.37
9888,0,-1,0,292,5,0.2,0,1,2,528,0,224.37,0,6.25
9889,0,-1,0,1202,1,0.0,0,1,3,156,1,137.21,0,0.3
9890,0,-1,0,1641,1,0.0,0,1,3,156,1,119.57,0,0.22
9891,0,-1,0,1985,3,0.0,0,3,4,826,1,660.08,0,0.55
9892,0,-1,0,533,1,0.0,0,1,3,840,0,1001.47,0,0.68
9893,0,-1,0,1189,5,0.4,0,2,2,840,1,372.51,0,1.53
9894,0,-1,0,1254,2,0.0,0,2,3,410,1,432.21,0,0.58
9895,0,-1,0,1,8,0.125,0,1,2,76,1,146.68,0,50
9896,0,-1,0,793,5,0.6,0,2,3,840,0,397.37,0,2.3
9897,0,-1,0,1873,1,0.0,0,3,3,156,0,793.62,0,0.19
9898,0,-1,0,359,4,0.0,0,2,2,124,1,624.54,0,4.07
9899,0,-1,0,9,1,0.0,0,1,2,36,1,957.86,0,40.56
9900,0,-1,0,1938,2,0.0,0,1,1,156,1,2110.89,0,0.38
9901,0,-1,0,25,3,0.333,0,2,4,484,1,161.76,0,43.8
9902,0,-1,0,1052,1,1.0,0,3,4,156,0,1550.08,0,0.35
9903,0,-1,0,1367,3,0.333,0,1,3,840,1,934.73,0,0.8
9904,0,-1,0,8,2,0.0,0,1,2,156,0,570.75,0,50
9905,0,-1,0,681,2,0.0,0,2,4,124,1,162.82,0,1.07
9906,0,-1,0,1736,1,0.0,0,1,1,392,1,770.31,0,0.21
9907,0,-1,0,466,4,0.5,0,1,2,156,1,439.13,0,3.13
9908,0,-1,0,27,3,0.0,0,1,3,156,0,283.8,0,40.56
9909,0,-1,0,1697,2,0.0,0,1,3,380,0,48.75,0,0.43
9910,0,-1,0,4,2,0.0,0,1,1,410,1,894.03,0,50
9911,0,-1,0,9,6,0.167,0,1,1,276,1,811.45,0,50
9912,0,-1,0,1545,2,0.5,0,1,2,276,1,399.33,0,0.47
9913,0,-1,0,1701,2,0.5,0,2,3,250,1,359.61,0,0.43
9914,0,-1,0,379,2,0.0,0,3,5,250,1,630.09,0,1.93
9915,0,-1,0,1510,4,0.25,0,2,2,356,1,387.78,0,0.97
9916,0,-1,0,1286,1,0.0,0,2,4,124,1,341.55,0,0.28
9917,0,-1,0,1748,2,0.0,0,3,5,826,0,462.14,0,0.42
9918,0,-1,0,16,1,0.0,0,3,4,276,0,1163.44,0,22.81
9919,0,-1,0,804,2,0.5,0,1,3,156,1,400.83,0,0.91
9920,0,-1,0,280,3,0.333,0,4,4,36,1,392.85,0,3.91
9921,0,-1,0,476,5,0.4,0,1,3,156,1,557.13,0,3.83
9922,0,-1,0,929,2,0.0,0,1,1,124,0,875.86,0,0.79
9923,0,-1,0,17,7,0.286,0,2,2,156,1,1038.17,0,50
9924,0,-1,0,1589,1,1.0,0,1,1,124,0,158.83,0,0.23
9925,0,-1,0,653,1,0.0,0,1,3,380,0,248.72,0,0.56
9926,0,-1,0,1007,7,0.286,0,1,1,840,1,189.28,0,2.54
9927,0,-1,0,1161,1,0.0,0,1,3,840,0,372.77,0,0.31
9928,0,-1,0,1883,2,0.0,0,1,2,484,1,523.85,0,0.39
9929,0,-1,0,1455,4,0.25,0,1,1,410,0,937.58,0,1.0
9930,0,-1,0,1307,1,0.0,0,2,2,250,0,347.11,0,0.28
9931,0,-1,0,664,1,1.0,0,2,2,840,1,189.55,0,0.55
9932,0,-1,0,1630,3,0.333,0,1,3,250,0,1000.66,0,0.67
9933,0,-1,0,427,1,0.0,0,1,1,276,1,1412.12,0,0.85
9934,0,-1,0,1871,1,0.0,0,3,4,36,1,547.05,0,0.2
9935,0,-1,0,560,1,0.0,0,2,2,156,1,759.81,0,0.65
9936,0,-1,0,682,3,0.333,0,1,1,156,0,471.02,0,1.61
9937,0,-1,0,647,1,1.0,0,1,1,276,1,330.57,0,0.56
9938,0,-1,0,1383,2,0.5,0,2,4,250,1,362.8,0,0.53
9939,0,-1,0,1052,2,0.5,0,1,2,840,1,957.53,0,0.69
9940,0,-1,0,525,4,0.0,0,1,3,156,1,214.88,0,2.78
9941,0,-1,0,1638,2,0.0,0,2,4,840,1,455.24,0,0.45
9942,0,-1,0,29,1,0.0,0,2,2,840,1,409.41,0,12.59
9943,0,-1,0,1381,3,0.0,0,1,2,124,0,517.05,0,0.79
9944,0,-1,0,222,3,0.0,0,3,4,380,1,513.32,0,4.93
9945,0,-1,0,1910,3,0.0,0,1,2,156,0,1164.82,0,0.57
9946,0,-1,0,22,3,0.333,0,2,2,156,0,153.6,0,49.77
9947,0,-1,0,639,1,1.0,0,3,5,392,0,667.49,0,0.57
9948,0,-1,0,1225,2,0.0,0,1,1,250,1,2342.29,0,0.6
9949,0,-1,0,846,1,0.0,0,4,6,276,1,239.14,0,0.43
9950,0,-1,0,576,3,0.0,0,1,3,840,1,754.06,0,1.9
9951,0,-1,0,1735,3,0.0,0,1,3,276,0,676.45,0,0.63
9952,0,-1,0,1393,3,0.0,0,1,3,156,1,520.89,0,0.79
9953,0,-1,0,763,5,0.2,0,1,3,724,0,1337.3,0,2.39
9954,0,-1,0,1640,2,0.0,0,1,3,156,1,308.46,0,0.45
9955,0,-1,0,1648,2,0.0,0,1,2,76,0,353.37,0,0.44
9956,0,-1,0,682,2,0.0,0,2,4,840,0,599.76,0,1.07
9957,0,-1,0,332,2,0.0,0,1,1,840,0,623.36,0,2.2
9958,0,-1,0,1339,7,0.0,0,2,4,840,1,150.25,0,1.91
9959,0,-1,0,197,2,0.0,0,1,1,840,1,184.4,0,3.71
9960,0,-1,0,1461,1,0.0,0,1,1,392,0,1237.45,0,0.25
9961,0,-1,0,851,4,0.5,0,2,4,76,1,824.26,0,1.72
9962,0,-1,0,846,5,0.2,0,1,1,156,1,286.67,0,2.16
9963,0,-1,0,1236,3,0.0,0,2,4,356,1,415.04,0,0.89
9964,0,-1,0,738,1,0.0,0,2,3,36,1,361.55,0,0.49
9965,0,-1,0,1134,1,0.0,0,1,2,392,1,127.11,0,0.32
9966,0,-1,0,213,1,0.0,0,1,1,156,0,1075.34,0,1.71
9967,0,-1,0,495,5,0.0,0,2,4,840,1,290.59,0,3.69
9968,0,-1,0,771,11,0.273,0,1,2,380,1,163.41,0,5.21
9969,0,-1,0,1727,1,0.0,0,1,2,124,1,191.39,0,0.21
9970,0,-1,0,1498,2,0.5,0,1,3,840,0,2899.76,0,0.49
9971,0,-1,0,990,6,0.333,0,1,2,250,1,497.98,0,2.21
9972,0,-1,0,925,6,0.333,0,2,3,250,1,1242.08,0,2.37
9973,0,-1,0,811,8,0.25,0,3,3,36,1,662.84,0,3.6
9974,0,-1,0,29,4,0.25,0,2,4,392,1,226.48,0,50
9975,0,-1,0,1533,5,0.2,0,4,6,392,0,653.63,0,1.19
9976,0,-1,0,1152,2,0.5,0,1,2,840,0,278.83,0,0.63
9977,0,-1,0,325,1,0.0,0,1,1,76,1,815.36,0,1.12
9978,0,-1,0,1952,1,1.0,0,1,2,840,1,242.07,0,0.19
9979,0,-1,0,293,2,0.5,0,1,3,250,1,312.02,0,2.49
9980,0,-1,0,1732,5,0.4,0,2,4,724,0,265.08,0,1.05
9981,0,-1,0,276,1,0.0,0,3,4,276,1,757.58,0,1.32
9982,0,-1,0,1385,1,0.0,0,1,1,840,1,793.82,0,0.26
9983,0,-1,0,653,4,0.5,0,1,3,392,0,578.24,0,2.24
9984,0,-1,0,1866,2,0.0,0,1,1,124,1,250.0,0,0.39
9985,0,-1,0,21,4,0.25,0,1,1,840,1,661.35,0,50
9986,0,-1,0,1921,3,0.333,0,4,6,36,0,468.62,0,0.57
9987,0,-1,0,135,1,0.0,0,1,2,156,1,757.24,0,2.7
9988,0,-1,0,690,1,1.0,0,2,2,156,1,463.5,0,0.53
9989,0,-1,0,1811,4,0.0,0,1,1,840,1,305.78,0,0.81
9990,0,-1,0,820,2,0.0,0,4,5,76,1,348.98,0,0.89
9991,0,-1,0,4,3,0.333,0,2,2,156,0,324.18,0,50
9992,0,-1,0,265,2,0.0,0,1,3,840,1,287.43,0,2.75
9993,0,-1,0,201,3,0.0,0,1,1,840,0,628.17,0,5.45
9994,0,-1,0,524,4,0.25,0,2,2,250,0,163.24,0,2.79
9995,0,-1,0,1531,2,1.0,0,1,3,826,1,812.73,0,0.48
9996,0,-1,0,591,3,0.333,0,3,3,392,0,185.58,0,1.85
9997,0,-1,0,4,3,0.333,0,1,1,156,1,320.61,0,50
9998,0,-1,0,1427,1,0.0,0,2,4,840,1,828.25,0,0.26
9999,0,-1,0,317,1,0.0,0,2,2,276,0,547.86,0,1.15
