src_id,dst_id
1656,800
1657,801
1658,802
1659,800
1660,801
1661,802
1662,800
1663,801
1664,802
1665,800
1666,801
1667,802
1668,800
1669,801
1670,802
1671,800
1672,801
1673,802
1674,800
1675,801
1676,802
1677,800
1678,801
1679,802
1680,800
1681,801
1682,802
1683,803
1684,804
1685,805
1686,803
1687,804
1688,805
1689,803
1690,804
1691,805
1692,803
1693,804
1694,805
1695,803
1696,804
1697,805
1698,806
1699,806
1700,806
1701,806
1702,806
1703,806
1704,806
1705,806
1706,806
1707,807
1708,808
1709,807
1710,808
1711,807
1712,808
1713,807
1714,808
1715,807
1716,808
1717,807
1718,808
1719,807
1720,808
1721,809
1722,810
1723,809
1724,810
1725,809
1726,810
1727,809
1728,810
1729,809
1730,810
1731,809
1732,810
1733,809
1734,810
1735,809
1736,810
1737,809
1738,810
1739,811
1740,812
1741,813
1742,811
1743,812
1744,813
1745,811
1746,812
1747,813
1748,811
1749,812
1750,813
1751,814
1752,815
1753,816
1754,814
1755,815
1756,816
1757,814
1758,815
1759,816
1760,817
1761,817
1762,817
1763,817
1764,817
1765,817
1766,817
1767,818
1768,819
1769,820
1770,818
1771,819
1772,820
1773,818
1774,819
1775,820
1776,818
1777,819
1778,820
1779,821
1780,821
1781,821
1782,821
1783,821
1784,821
1785,821
1786,821
1787,821
1788,821
1789,822
1790,823
1791,824
1792,822
1793,823
1794,824
1795,822
1796,823
1797,824
1798,822
1799,823
1800,824
1801,825
1802,826
1803,825
1804,826
1805,825
1806,826
1807,825
1808,826
1809,825
1810,826
1811,825
1812,826
1813,825
1814,826
1815,825
1816,826
1817,825
1818,826
1819,825
1820,826
1821,827
1822,828
1823,827
1824,828
1825,827
1826,828
1827,827
1828,828
1829,829
1830,830
1831,831
1832,829
1833,830
1834,831
1835,829
1836,830
1837,831
1838,829
1839,830
1840,831
1841,829
1842,830
1843,831
1844,829
1845,830
1846,831
1847,829
1848,830
1849,831
1850,832
1851,833
1852,832
1853,833
1854,832
1855,833
1856,834
1857,834
1858,834
1859,834
1860,834
1861,835
1862,836
1863,835
1864,836
1865,835
1866,836
1867,835
1868,836
1869,835
1870,836
1871,835
1872,836
1873,835
1874,836
1875,835
1876,836
1877,835
1878,836
1879,837
1880,838
1881,837
1882,838
1883,837
1884,838
1885,837
1886,838
1887,837
1888,838
1889,837
1890,838
1891,837
1892,838
1893,839
1894,840
1895,839
1896,840
1897,839
1898,840
1899,841
1900,842
1901,843
1902,841
1903,842
1904,843
1905,841
1906,842
1907,843
1908,841
1909,842
1910,843
1911,841
1912,842
1913,843
1914,841
1915,842
1916,843
1917,841
1918,842
1919,843
1920,841
1921,842
1922,843
1923,841
1924,842
1925,843
1926,841
1927,842
1928,843
1929,841
1930,842
1931,843
1932,844
1933,845
1934,846
1935,844
1936,845
1937,846
1938,844
1939,845
1940,846
1941,844
1942,845
1943,846
1944,844
1945,845
1946,846
1947,844
1948,845
1949,846
1950,844
1951,845
1952,846
1953,847
1954,847
1955,847
1956,847
1957,847
1958,847
1959,847
1960,848
1961,849
1962,850
1963,848
1964,849
1965,850
1966,848
1967,849
1968,850
1969,848
1970,849
1971,850
1972,851
1973,851
1974,851
1975,851
1976,851
1977,851
1978,851
1979,852
1980,853
1981,852
1982,853
1983,852
1984,853
1985,852
1986,853
1987,852
1988,853
1989,852
1990,853
1991,852
1992,853
1993,86
1996,309
1998,602
2002,56
2003,189
2004,610
2005,718
2007,760
2015,745
2016,147
2017,238
2018,25
2019,757
2021,83
2023,413
2024,334
2030,540
2032,759
2033,607
2038,391
2040,317
2041,137
2043,177
2044,358
2047,563
2052,156
2053,731
2055,578
2061,282
2062,680
2070,705
2071,834
2072,597
2073,361
2075,151
2076,748
2082,449
2083,317
2085,403
2086,451
2088,405
2090,53
2093,454
2095,87
2096,210
2098,676
2100,462
2101,145
2103,436
2104,485
2107,539
2110,342
2114,120
2115,482
2120,129
2121,533
2126,474
2128,340
2129,137
2131,142
2138,761
2139,823
2141,37
2142,786
2149,363
2153,774
2154,68
2163,428
2167,37
2168,602
2170,714
2171,249
2172,556
2174,647
2175,637
2180,15
2182,568
2183,820
2184,432
2188,398
2190,604
2199,3
2202,621
2203,462
2204,213
2207,317
2215,478
2218,313
2230,185
2231,126
2233,288
2234,265
2235,706
2237,144
2238,411
2239,125
2240,785
2241,496
2243,132
2246,240
2249,64
2250,418
2256,734
2257,555
2262,581
2265,718
2268,780
2272,484
2276,750
2277,518
2281,668
2282,289
2283,277
2285,240
2288,543
2289,802
2290,561
2294,10
2295,805
2298,369
2300,645
2301,766
2306,807
2310,59
2312,751
2313,435
2314,457
2315,630
2318,268
2319,686
2320,848
2322,320
2323,270
2324,664
2335,516
2336,581
2338,202
2340,710
2347,661
2348,546
2350,420
2353,728
2355,624
2357,774
2358,28
2361,802
2363,634
2365,697
2368,728
2373,47
2374,150
2376,229
2377,336
2378,437
2379,79
2382,795
2384,1
2385,160
2386,292
2397,736
2400,252
2404,486
2406,736
2407,248
2411,359
2414,133
2417,328
2419,511
2420,81
2421,437
2422,549
2430,477
2431,649
2434,9
2436,593
2437,278
2441,156
2442,821
2443,427
2444,827
2446,71
2447,385
2453,270
2459,79
2464,300
2468,114
2469,691
2472,364
2473,187
2474,327
2476,625
2477,742
2480,535
2482,94
2483,758
2484,515
2485,605
2486,568
2487,536
2489,241
2491,446
2494,5
2498,382
2503,142
2504,503
2509,222
2510,625
2513,490
2514,639
2515,588
2516,703
2517,434
2521,640
2523,558
2525,281
2526,789
2528,224
2530,524
2531,9
2533,302
2534,817
2535,585
2536,351
2537,711
2539,167
2540,271
2541,101
2544,664
2545,107
2549,573
2551,449
2553,788
2556,692
2561,401
2563,445
2565,204
2567,455
2569,783
2571,645
2573,215
2574,35
2575,642
2576,715
2577,54
2578,151
2581,436
2584,806
2585,426
2586,215
2588,155
2589,384
2591,161
2592,253
2593,757
2595,250
2596,174
2598,320
2599,165
2600,156
2603,440
2604,225
2606,232
2607,464
2609,333
2610,569
2611,404
2613,509
2614,336
2615,702
2618,78
2619,620
2620,405
2621,561
2622,672
2626,47
2628,195
2629,17
2630,596
2633,378
2635,611
2636,165
2638,226
2639,445
2642,790
2644,409
2646,786
2654,301
2655,759
2656,725
2657,278
2668,482
2669,595
2671,775
2677,73
2679,427
2680,477
2684,729
2687,789
2689,647
2690,284
2691,465
2692,177
2693,824
2695,524
2703,491
2704,90
2707,494
2708,31
2709,267
2712,179
2715,195
2716,839
2718,238
2721,706
2722,753
2727,419
2728,774
2730,584
2733,69
2735,781
2743,786
2744,520
2746,545
2748,378
2752,239
2753,365
2759,628
2760,417
2762,691
2766,672
2767,670
2769,772
2778,454
2779,773
2780,780
2781,12
2787,784
2788,382
2790,583
2793,191
2795,455
2797,595
2799,119
2801,345
2802,252
2803,792
2805,483
2808,778
2810,557
2811,116
2814,71
2817,715
2819,38
2820,123
2822,358
2825,467
2826,218
2827,506
2829,144
2831,695
2833,650
2838,536
2843,178
2846,4
2847,286
2852,337
2853,653
2856,351
2860,505
2862,82
2864,735
2866,47
2870,410
2871,251
2873,280
2874,232
2875,163
2878,716
2879,173
2880,672
2881,113
2884,120
2885,210
2888,243
2890,531
2897,696
2898,102
2902,687
2903,799
2906,63
2907,538
2908,735
2909,673
2910,265
2911,18
2913,654
2920,673
2922,183
2924,846
2925,684
2926,436
2929,551
2931,198
2933,130
2934,98
2936,161
2937,509
2940,759
2943,613
2947,813
2948,283
2949,301
2950,396
2953,302
2954,248
2955,583
2956,253
2957,119
2967,589
2970,300
2972,389
2973,273
2975,8
2976,789
2980,815
2981,735
2982,530
2983,450
2986,174
2990,693
2991,440
2992,37
2993,385
2995,33
2997,411
3004,72
3006,453
3007,157
3008,821
3009,814
3010,466
3021,690
3022,571
3031,591
3032,669
3034,431
3036,792
3040,308
3042,446
3043,544
3044,177
3045,586
3046,526
3048,171
3052,246
3054,562
3056,138
3060,37
3061,213
3062,747
3063,723
3064,580
3066,260
3067,775
3070,82
3072,530
3073,108
3074,517
3077,551
3080,389
3081,386
3083,639
3084,693
3085,472
3087,366
3089,47
3091,635
3093,199
3097,214
3098,548
3100,418
3101,152
3103,396
3105,638
3107,807
3108,494
3110,150
3111,778
3113,424
3114,142
3117,497
3118,469
3120,148
3125,391
3126,98
3128,50
3129,672
3131,547
3132,176
3134,777
3135,799
3136,112
3140,663
3141,149
3143,627
3144,690
3145,202
3146,397
3147,464
3149,481
3153,812
3154,257
3156,135
3157,633
3164,569
3166,417
3168,615
3169,293
3171,347
3172,164
3173,63
3174,819
3175,670
3177,136
3185,233
3187,524
3190,358
3192,553
3194,276
3195,510
3197,313
3198,307
3200,322
3203,29
3208,630
3209,739
3214,818
3215,334
3217,690
3221,281
3222,325
3224,536
3228,555
3229,239
3230,612
3232,558
3235,499
3237,610
3240,27
3241,232
3244,167
3247,523
3250,541
3251,603
3252,22
3254,369
3255,138
3256,86
3263,579
3264,734
3270,202
3272,374
3273,251
3274,256
3277,526
3279,490
3280,578
3287,784
3289,63
3291,121
3293,536
3297,437
3301,697
3303,379
3304,187
3305,84
3308,729
3309,795
3311,285
3314,313
3315,30
3321,70
3322,543
3329,473
3333,410
3338,183
3339,368
3341,673
3342,547
3343,677
3346,679
3347,672
3348,224
3349,307
3355,798
3359,583
3363,540
3364,528
3365,1
3366,68
3369,370
3371,708
3372,731
3374,643
3375,298
3376,668
3377,630
3378,167
3379,225
3382,269
3384,516
3385,756
3388,457
3389,555
3391,809
3392,744
3393,167
3395,511
3396,288
3398,600
3399,147
3404,474
3407,724
3408,587
3409,603
3410,285
3411,230
3413,616
3418,454
3428,730
3433,135
3434,568
3435,126
3447,533
3449,729
3450,239
3453,44
3455,408
3458,846
3460,135
3461,846
3462,104
3463,769
3465,683
3467,682
3468,118
3470,447
3472,666
3475,464
3477,87
3479,510
3480,129
3482,392
3485,97
3486,496
3487,77
3488,828
3494,343
3495,561
3497,105
3498,679
3499,593
3500,454
3503,797
3507,294
3511,436
3513,681
3518,298
3519,726
3520,610
3523,776
3524,605
3525,779
3526,74
3527,378
3529,304
3533,737
3534,260
3535,382
3536,467
3539,48
3540,614
3541,809
3544,59
3545,766
3546,287
3547,725
3548,211
3549,271
3553,435
3554,43
3556,665
3559,686
3560,538
3561,467
3562,640
3563,116
3565,313
3567,802
3568,702
3569,561
3570,734
3573,566
3579,357
3580,244
3581,661
3582,10
3585,87
3586,754
3588,629
3592,832
3594,184
3595,58
3596,378
3597,140
3600,785
3603,540
3604,568
3608,761
3613,66
3617,132
3618,320
3620,597
3629,348
3632,81
3633,131
3638,415
3640,574
3643,111
3644,305
3645,330
3651,789
3653,447
3654,275
3655,494
3657,500
3661,373
3663,281
3664,449
3665,308
3669,437
3670,237
3672,330
3674,599
3676,47
3677,301
3678,115
3679,853
3680,714
3681,344
3683,773
3685,157
3687,738
3688,516
3689,395
3698,270
3699,569
3703,321
3705,278
3706,702
3712,531
3713,438
3716,745
3719,633
3721,281
3724,460
3727,577
3730,18
3732,634
3733,80
3738,237
3740,798
3741,338
3744,769
3745,482
3746,240
3749,555
3750,649
3754,814
3755,432
3757,432
3760,384
3761,384
3764,356
3766,155
3769,460
3770,558
3773,10
3774,691
3776,21
3777,552
3779,37
3781,820
3782,614
3786,93
3792,522
3793,749
3794,839
3795,578
3805,763
3808,643
3811,443
3814,540
3816,34
3820,347
3823,267
3824,214
3825,344
3826,232
3828,721
3829,49
3833,52
3834,369
3835,342
3836,800
3838,218
3840,543
3841,291
3843,227
3846,228
3847,157
3848,39
3849,108
3850,329
3851,262
3854,378
3857,652
3859,655
3860,754
3861,283
3864,478
3868,443
3872,780
3873,198
3875,727
3879,132
3880,88
3884,501
3885,541
3887,660
3888,44
3889,751
3891,641
3893,397
3895,400
3896,595
3898,559
3900,309
3901,288
3906,572
3907,136
3910,665
3914,752
3917,15
3920,108
3921,73
3922,699
3928,544
3930,808
3933,162
3934,193
3938,591
3939,71
3940,740
3942,353
3945,403
3946,22
3949,850
3951,719
3954,19
3955,407
3956,403
3959,759
3960,393
3961,701
3962,122
3964,643
3970,794
3971,596
3972,600
3974,339
3978,344
3981,441
3983,738
3987,503
3988,349
3996,745
3998,763
3999,10
4000,367
4002,693
4004,846
4006,32
4007,148
4010,68
4012,774
4013,405
4014,44
4016,761
4017,633
4018,807
4021,820
4022,358
4024,776
4025,435
4027,667
4028,619
4032,647
4034,118
4037,389
4038,606
4039,562
4042,788
4043,842
4045,262
4048,360
4051,35
4052,517
4054,6
4055,707
4058,312
4061,60
4063,1
4065,20
4067,303
4071,835
4073,618
4074,88
4082,632
4084,627
4087,55
4088,136
4090,502
4094,309
4095,74
4096,6
4098,527
4099,138
4104,43
4105,253
4106,371
4109,471
4114,499
4118,771
4122,542
4123,396
4126,727
4131,420
4133,696
4137,8
4139,732
4141,723
4143,597
4145,473
4147,521
4150,616
4156,669
4157,287
4158,483
4160,788
4162,346
4163,421
4167,484
4170,101
4175,495
4179,822
4182,524
4185,393
4188,581
4189,813
4191,515
4194,373
4202,459
4203,92
4204,100
4205,794
4208,457
4210,52
4212,484
4213,76
4214,437
4224,787
4229,313
4231,558
4236,439
4238,593
4239,601
4240,497
4244,832
4245,591
4248,844
4249,171
4250,739
4252,719
4254,255
4255,593
4256,205
4258,564
4259,179
4262,476
4265,401
4266,652
4267,454
4268,110
4269,847
4277,452
4279,158
4280,392
4282,76
4284,765
4286,71
4289,699
4290,842
4293,481
4296,178
4297,203
4300,681
4301,191
4304,258
4305,190
4308,82
4309,723
4310,311
4312,404
4317,410
4318,783
4319,216
4321,568
4322,760
4323,311
4324,287
4326,150
4327,633
4329,834
4333,81
4334,519
4335,323
4336,772
4338,587
4340,846
4341,513
4342,217
4344,404
4346,629
4349,160
4350,828
4352,464
4353,780
4354,325
4356,236
4357,849
4360,324
4362,568
4363,482
4364,331
4366,581
4367,306
4368,647
4375,526
4378,439
4379,287
4383,351
4385,783
4386,419
4391,156
4394,824
4395,821
4396,722
4397,64
4398,519
4401,276
4402,10
4403,645
4404,90
4405,461
4406,306
4411,735
4413,451
4415,474
4417,627
4418,44
4421,501
4422,553
4423,624
4424,724
4426,765
4428,109
4429,767
4430,581
4431,596
4432,545
4433,687
4436,171
4437,636
4441,490
4444,96
4446,306
4447,850
4448,356
4449,102
4450,140
4451,368
4452,391
4464,144
4468,96
4470,785
4471,481
4472,123
4474,343
4475,610
4476,254
4478,103
4479,497
4480,383
4484,585
4485,635
4487,613
4488,794
4489,830
4491,87
4492,747
4493,98
4494,428
4496,199
4497,36
4498,328
4500,385
4504,391
4505,14
4507,138
4508,692
4509,427
4510,762
4511,116
4512,709
4513,314
4515,6
4517,173
4518,652
4519,283
4521,596
4522,443
4525,45
4526,301
4528,277
4530,369
4533,164
4534,308
4538,523
4539,549
4540,837
4541,725
4546,425
4547,224
4549,395
4551,47
4562,826
4563,467
4568,682
4573,113
4579,462
4580,694
4587,474
4589,767
4590,454
4592,324
4599,618
4600,443
4601,594
4602,133
4603,484
4607,495
4608,648
4609,58
4610,600
4611,425
4614,559
4615,715
4617,852
4622,852
4623,312
4624,589
4626,220
4628,620
4630,472
4638,227
4639,72
4641,0
4642,836
4647,610
4649,450
4652,347
4654,147
4655,128
4657,610
4658,795
4660,557
4661,233
4662,25
4663,83
4665,754
4667,680
4669,299
4670,756
4672,803
4675,821
4681,704
4682,747
4684,87
4685,749
4686,781
4691,117
4693,454
4695,708
4700,816
4701,737
4702,721
4703,602
4704,806
4705,482
4706,35
4707,688
4708,278
4710,328
4712,149
4716,560
4717,629
4720,727
4722,448
4723,95
4726,52
4735,627
4736,201
4742,733
4743,111
4744,547
4748,525
4749,715
4750,548
4751,138
4756,224
4757,368
4758,630
4760,692
4763,45
4765,190
4766,186
4768,54
4769,697
4771,314
4774,845
4778,417
4781,155
4782,396
4789,563
4791,176
4792,121
4798,778
4799,88
4803,147
4804,79
4806,370
4812,696
4813,778
4814,816
4818,558
4819,31
4820,28
4824,291
4826,772
4828,394
4829,270
4834,709
4839,54
4840,324
4843,670
4846,235
4847,198
4850,602
4851,737
4855,313
4856,468
4857,676
4858,736
4860,793
4863,38
4866,185
4868,194
4871,722
4874,752
4876,191
4878,604
4880,334
4883,199
4884,827
4886,118
4888,126
4889,819
4890,778
4892,299
4893,269
4895,246
4896,293
4897,329
4899,327
4900,186
4907,438
4908,631
4912,382
4915,581
4916,342
4917,662
4923,111
4924,706
4926,737
4928,388
4931,625
4933,394
4934,528
4936,361
4937,564
4943,168
4950,777
4953,387
4954,693
4959,683
4960,653
4962,745
4965,517
4969,690
4971,266
4973,431
4974,108
4977,540
4978,418
4979,738
4980,377
4983,201
4985,730
4987,123
4988,607
4989,671
4992,368
4994,191
4995,0
4996,445
4999,116
5000,812
5001,3
5006,654
5010,805
5011,425
5012,180
5015,28
5018,19
5019,199
5024,139
5027,259
5028,690
5032,254
5036,355
5037,745
5039,163
5040,596
5045,211
5047,749
5048,832
5049,35
5052,19
5054,286
5059,225
5060,732
5064,142
5067,851
5068,398
5070,597
5071,57
5073,430
5077,646
5078,607
5080,539
5085,113
5086,99
5087,54
5088,783
5089,810
5091,555
5092,81
5093,35
5094,183
5095,735
5097,228
5100,209
5101,610
5104,671
5106,718
5108,508
5109,778
5112,334
5113,738
5114,195
5118,425
5122,392
5123,279
5125,724
5128,805
5129,182
5130,722
5131,422
5132,515
5135,394
5136,799
5137,588
5140,413
5143,193
5144,277
5146,686
5149,615
5151,334
5152,620
5154,461
5155,211
5156,468
5162,418
5163,416
5164,443
5165,445
5168,11
5170,643
5171,227
5172,677
5173,581
5175,782
5178,800
5179,840
5180,218
5183,837
5184,786
5187,33
5188,382
5190,782
5194,463
5196,613
5198,697
5199,442
5200,500
5201,839
5202,460
5205,824
5207,782
5209,473
5212,463
5215,8
5216,51
5218,837
5219,424
5224,47
5229,535
5233,177
5240,435
5243,500
5245,145
5246,168
5249,369
5252,80
5253,347
5254,336
5258,709
5259,194
5262,103
5264,697
5272,61
5282,251
5288,236
5289,600
5291,678
5293,296
5294,711
5295,475
5299,595
5300,333
5303,115
5304,316
5305,248
5306,357
5309,87
5310,542
5311,411
5312,257
5315,326
5318,349
5323,399
5327,572
5328,571
5329,767
5330,301
5331,427
5336,501
5337,300
5338,204
5339,199
5340,501
5341,814
5343,43
5344,108
5345,671
5347,265
5349,610
5351,636
5353,159
5355,216
5356,558
5357,80
5359,137
5361,389
5362,310
5364,498
5366,488
5367,826
5370,765
5371,89
5372,551
5377,692
5378,128
5379,699
5380,199
5382,449
5385,53
5386,0
5387,52
5389,738
5390,825
5394,779
5399,812
5401,174
5402,227
5403,263
5404,262
5405,358
5406,436
5412,538
5415,646
5419,609
5420,13
5421,498
5424,379
5425,622
5428,816
5431,248
5435,502
5437,409
5441,819
5445,450
5446,806
5447,826
5452,665
5455,126
5456,292
5458,191
5460,834
5461,463
5463,762
5464,348
5465,812
5468,753
5470,218
5471,95
5472,155
5476,158
5477,354
5478,552
5479,537
5482,630
5484,503
5489,796
5490,125
5494,738
5496,251
5498,849
5501,13
5507,503
5508,507
5512,323
5513,804
5515,648
5516,368
5517,451
5519,607
5521,329
5528,133
5530,815
5534,837
5539,182
5542,481
5543,108
5545,421
5547,162
5548,334
5551,208
5552,830
5554,313
5555,293
5556,405
5559,536
5562,733
5566,736
5567,827
5570,753
5573,406
5581,82
5583,632
5584,709
5585,432
5588,495
5589,143
5591,329
5592,646
5593,630
5595,618
5596,251
5597,814
5600,356
5609,120
5610,599
5611,238
5613,465
5616,83
5618,654
5619,770
5620,198
5624,341
5625,661
5626,482
5631,537
5632,803
5633,266
5634,445
5639,224
5641,664
5644,436
5645,718
5650,681
5654,485
5655,26
5656,375
5659,510
5660,178
5663,656
5664,607
5668,419
5672,114
5674,447
5677,622
5679,140
5689,463
5693,166
5695,369
5696,531
5697,605
5700,628
5701,77
5702,819
5703,726
5705,427
5707,167
5708,625
5709,204
5712,675
5716,527
5717,672
5720,196
5721,111
5722,500
5723,160
5724,736
5725,811
5732,2
5733,432
5735,421
5737,630
5738,350
5739,668
5741,693
5742,483
5743,219
5746,55
5750,265
5752,731
5753,737
5759,238
5762,816
5763,254
5764,253
5768,185
5769,338
5771,815
5772,796
5773,233
5776,843
5777,44
5778,747
5779,760
5784,465
5787,376
5788,759
5791,1
5793,609
5794,440
5796,319
5797,60
5799,827
5802,484
5804,490
5807,46
5810,180
5811,298
5812,150
5814,614
5817,665
5818,326
5819,417
5820,209
5823,266
5824,798
5826,685
5827,230
5828,265
5829,171
5830,709
5831,662
5833,456
5834,87
5835,694
5837,332
5838,489
5839,824
5840,241
5841,193
5842,334
5844,386
5848,363
5850,482
5852,367
5853,409
5854,692
5855,609
5856,6
5857,624
5859,769
5860,29
5862,130
5864,196
5866,773
5869,458
5872,541
5875,83
5876,705
5879,251
5880,615
5881,267
5882,351
5884,679
5886,271
5889,209
5890,279
5891,601
5896,610
5897,496
5899,666
5900,398
5901,24
5905,259
5908,151
5912,389
5914,544
5916,128
5918,69
5924,558
5925,530
5928,840
5929,540
5930,798
5934,57
5935,99
5939,729
5940,825
5942,747
5943,337
5944,10
5946,775
5951,763
5954,340
5955,309
5956,552
5957,188
5959,759
5960,69
5961,794
5962,691
5966,156
5970,180
5972,756
5977,831
5980,827
5982,722
5984,496
5985,122
5989,190
5996,303
5999,26
6003,643
6004,376
6009,232
6010,124
6011,344
6012,795
6022,692
6025,589
6026,147
6028,731
6029,140
6032,605
6034,677
6035,19
6036,786
6048,102
6050,654
6051,197
6054,150
6055,411
6056,59
6059,628
6061,655
6062,806
6064,625
6065,841
6066,650
6067,204
6068,497
6075,541
6079,174
6081,312
6082,840
6086,460
6088,668
6091,139
6092,396
6093,401
6095,605
6100,675
6102,513
6107,674
6108,189
6109,761
6111,595
6116,30
6117,127
6119,8
6122,309
6124,414
6126,230
6128,779
6133,586
6135,576
6136,62
6137,345
6144,262
6149,495
6151,665
6157,21
6161,804
6162,145
6164,251
6165,307
6168,327
6171,536
6173,22
6176,751
6178,646
6179,199
6180,277
6182,542
6185,579
6186,265
6187,486
6192,495
6193,790
6194,578
6196,419
6197,581
6198,767
6202,569
6203,49
6204,843
6205,770
6206,444
6207,106
6208,58
6209,257
6211,734
6213,674
6214,0
6215,489
6216,361
6217,223
6218,519
6219,407
6221,686
6222,444
6223,792
6225,711
6228,624
6229,488
6231,793
6236,739
6238,45
6240,365
6241,96
6244,83
6246,442
6247,472
6249,750
6252,207
6255,716
6258,575
6259,522
6264,456
6267,695
6270,241
6272,527
6276,65
6278,142
6279,406
6281,579
6282,65
6285,637
6288,470
6289,587
6294,644
6295,591
6296,846
6297,68
6299,651
6300,156
6301,455
6303,448
6304,27
6305,152
6306,479
6307,768
6310,292
6313,599
6314,144
6316,800
6319,679
6320,266
6321,691
6322,559
6329,502
6331,692
6337,580
6338,460
6339,174
6342,705
6343,282
6345,457
6346,327
6348,103
6352,358
6355,2
6356,512
6357,345
6358,472
6361,640
6362,220
6363,400
6364,137
6370,39
6372,157
6374,115
6376,331
6377,39
6379,152
6380,208
6382,798
6384,87
6386,241
6387,479
6389,779
6390,313
6393,623
6399,399
6401,593
6403,222
6406,822
6412,564
6414,39
6416,339
6417,395
6418,44
6419,22
6421,75
6422,436
6425,538
6426,737
6432,97
6433,828
6435,808
6440,301
6441,35
6442,230
6443,795
6451,794
6452,145
6455,547
6460,798
6464,802
6465,640
6467,486
6468,641
6473,163
6474,314
6476,777
6478,108
6481,511
6483,300
6484,599
6487,639
6489,758
6490,401
6495,737
6497,274
6498,769
6500,31
6501,746
6502,148
6503,87
6506,279
6507,56
6508,474
6511,497
6512,99
6517,496
6518,630
6523,411
6524,508
6525,190
6532,316
6535,747
6537,660
6538,427
6539,278
6541,86
6544,747
6545,667
6546,38
6549,42
6555,196
6559,626
6560,281
6568,472
6569,827
6570,482
6572,351
6573,132
6577,564
6578,763
6579,344
6581,624
6585,527
6588,740
6590,527
6591,791
6592,527
6595,170
6600,640
6601,454
6602,820
6603,639
6604,823
6605,588
6606,39
6607,385
6609,396
6610,620
6613,680
6614,179
6615,63
6617,343
6618,566
6621,612
6623,841
6626,732
6629,488
6630,719
6632,49
6637,541
6642,313
6643,535
6644,753
6645,566
6646,452
6649,188
6655,70
6659,656
6660,206
6663,636
6666,180
6668,744
6671,293
6674,793
6676,291
6678,37
6679,836
6681,127
6685,135
6686,389
6687,80
6688,833
6689,148
6690,646
6693,846
6694,409
6695,317
6696,195
6697,131
6698,350
6699,633
6700,391
6701,603
6702,148
6705,810
6712,156
6716,687
6719,59
6720,2
6721,684
6722,451
6726,729
6727,849
6728,121
6729,452
6731,452
6733,689
6735,777
6739,297
6740,57
6743,158
6748,103
6751,651
6753,603
6755,514
6757,633
6760,276
6761,665
6762,173
6763,706
6764,811
6766,142
6771,739
6772,190
6776,234
6784,851
6787,352
6791,292
6792,54
6793,728
6794,554
6796,646
6797,477
6798,779
6799,780
6803,845
6804,724
6808,448
6809,687
6815,804
6817,737
6818,114
6824,831
6825,269
6827,236
6829,173
6830,698
6831,143
6834,702
6836,330
6838,250
6840,371
6842,208
6844,699
6848,627
6849,410
6853,759
6854,364
6855,79
6856,136
6860,376
6865,536
6866,508
6874,740
6875,341
6879,170
6880,670
6881,553
6883,626
6886,676
6888,577
6895,309
6897,765
6900,785
6901,308
6907,203
6908,611
6912,123
6914,786
6915,712
6916,1
6918,806
6920,635
6922,744
6924,600
6926,385
6927,287
6931,508
6932,233
6933,184
6934,385
6935,300
6938,477
6948,538
6950,382
6951,784
6952,235
6954,12
6955,160
6959,184
6960,191
6966,269
6970,627
6971,827
6972,614
6974,713
6975,112
6976,460
6978,765
6979,306
6980,172
6985,165
6990,136
6991,492
6992,499
6994,770
6996,107
6997,167
6998,198
7000,538
7002,765
7007,529
7008,768
7009,773
7011,619
7014,191
7015,534
7018,105
7021,686
7023,88
7024,406
7031,505
7033,366
7034,788
7039,440
7040,208
7043,707
7046,4
7049,181
7050,218
7052,141
7054,736
7056,704
7057,218
7058,738
7059,311
7061,735
7063,317
7067,502
7070,198
7071,384
7072,111
7074,37
7077,559
7081,530
7082,651
7083,451
7089,460
7090,756
7091,819
7092,527
7093,304
7094,412
7096,836
7105,457
7106,31
7110,74
7111,817
7112,325
7113,292
7117,829
7120,288
7121,82
7123,794
7124,372
7127,160
7130,842
7136,139
7137,770
7138,454
7139,678
7140,627
7142,126
7145,581
7146,596
7150,97
7151,647
7155,232
7156,92
7159,44
7165,827
7171,789
7177,510
7179,409
7180,203
7183,205
7187,616
7191,353
7192,802
7193,187
7194,292
7195,411
7196,51
7198,769
7199,63
7200,575
7202,221
7204,656
7206,380
7209,821
7212,808
7214,740
7215,183
7217,40
7218,823
7220,835
7222,481
7223,277
7227,375
7229,250
7230,570
7232,401
7234,252
7236,206
7240,826
7242,759
7243,464
7244,755
7245,649
7247,584
7248,212
7249,70
7250,49
7251,676
7252,721
7256,637
7258,397
7260,160
7265,378
7266,539
7267,191
7268,227
7275,389
7286,125
7287,297
7289,711
7290,512
7291,377
7292,52
7294,201
7295,730
7296,65
7297,514
7300,68
7303,458
7305,242
7309,793
7314,41
7315,230
7316,133
7318,491
7320,260
7321,683
7324,373
7325,738
7326,625
7329,284
7330,327
7332,678
7335,348
7336,153
7337,587
7338,309
7343,56
7345,100
7348,613
7351,596
7352,616
7354,606
7356,585
7358,713
7359,37
7361,767
7364,243
7367,487
7368,627
7370,480
7376,448
7377,292
7380,446
7386,373
7387,707
7388,459
7392,513
7394,559
7396,50
7398,336
7404,552
7413,685
7415,583
7417,661
7418,340
7421,340
7422,803
7423,463
7424,591
7425,794
7431,424
7434,143
7435,377
7436,527
7437,50
7440,214
7441,718
7442,145
7443,773
7446,407
7449,198
7452,89
7456,707
7457,747
7460,150
7468,785
7472,170
7473,604
7474,702
7476,298
7479,230
7480,99
7481,669
7485,29
7489,643
7493,366
7494,371
7496,356
7497,84
7501,128
7505,604
7506,385
7508,192
7510,576
7514,846
7516,609
7519,510
7520,815
7523,408
7524,583
7525,234
7527,603
7531,126
7532,392
7534,132
7535,766
7536,452
7538,669
7540,503
7543,648
7548,173
7549,680
7550,734
7556,92
7558,311
7559,699
7562,739
7564,386
7567,738
7568,26
7570,509
7572,305
7573,5
7576,724
7578,48
7579,338
7580,724
7583,116
7586,827
7587,667
7589,14
7591,363
7594,257
7598,706
7601,123
7602,163
7605,479
7606,782
7607,116
7608,149
7609,189
7610,584
7611,45
7612,283
7613,613
7614,144
7615,764
7616,499
7617,375
7618,410
7619,266
7621,51
7624,384
7628,456
7630,274
7634,443
7636,512
7637,291
7639,712
7641,116
7643,43
7645,223
7646,800
7648,135
7649,780
7651,824
7652,5
7654,673
7660,842
7661,345
7663,97
7664,631
7665,54
7666,647
7668,839
7669,611
7670,137
7674,250
7680,253
7681,169
7687,184
7691,390
7692,308
7695,475
7696,132
7698,405
7699,392
7700,387
7702,595
7703,44
7705,485
7706,450
7708,391
7709,740
7717,710
7722,559
7723,376
7728,852
7731,8
7733,660
7734,704
7736,676
7737,54
7738,210
7741,637
7745,441
7746,494
7747,212
7748,326
7750,224
7752,546
7755,758
7756,466
7757,557
7758,800
7759,643
7765,635
7766,634
7768,268
7770,367
7772,454
7773,409
7777,90
7778,757
7779,498
7781,109
7784,469
7788,635
7789,672
7790,182
7794,135
7802,260
7803,80
7804,811
7805,770
7808,633
7811,266
7813,353
7814,89
7816,433
7819,8
7824,52
7825,823
7826,671
7828,783
7829,232
7830,724
7831,327
7836,730
7837,285
7839,559
7841,774
7844,153
7848,481
7849,100
7850,502
7851,256
7852,716
7856,363
7857,95
7860,804
7861,478
7862,454
7865,396
7868,16
7871,601
7875,599
7878,215
7879,609
7880,549
7883,821
7884,793
7885,225
7889,786
7892,16
7894,291
7895,6
7898,693
7899,158
7902,509
7903,14
7904,738
7906,762
7908,688
7910,815
7911,378
7913,687
7915,733
7917,695
7918,319
7919,131
7923,647
7925,323
7926,639
7927,521
7929,33
7932,22
7933,99
7935,491
7940,291
7942,838
7943,535
7944,384
7948,834
7949,459
7950,501
7952,291
7954,237
7956,17
7957,151
7961,124
7964,247
7967,230
7969,145
7971,687
7972,559
7974,335
7975,521
7977,182
7978,126
7981,202
7982,682
7983,311
7986,127
7987,612
7988,715
7989,578
7990,674
7991,156
7996,702
7997,682
7999,218
8002,437
8003,823
8004,55
8005,459
8007,62
8009,828
8010,330
8011,202
8012,536
8014,17
8017,346
8018,13
8019,142
8022,403
8024,487
8025,253
8026,317
8027,402
8030,318
8034,837
8038,716
8041,132
8042,440
8043,448
8045,703
8047,31
8048,826
8049,104
8052,7
8053,157
8059,568
8060,528
8063,102
8064,633
8065,396
8066,774
8068,832
8069,613
8073,827
8076,623
8078,158
8080,198
8082,290
8083,317
8084,596
8088,557
8089,470
8090,180
8093,284
8095,786
8097,599
8101,844
8102,392
8103,487
8105,629
8109,563
8111,801
8112,480
8113,423
8117,554
8121,26
8122,91
8124,177
8125,513
8126,552
8127,374
8129,62
8132,728
8134,745
8136,796
8137,280
8138,486
8139,191
8140,223
8142,74
8144,527
8145,455
8146,441
8148,529
8149,384
8150,165
8151,0
8154,287
8157,277
8158,154
8160,435
8162,766
8164,226
8165,56
8166,158
8168,832
8170,405
8173,541
8175,819
8177,21
8178,340
8180,734
8184,697
8188,356
8189,360
8190,362
8193,93
8194,2
8206,404
8211,58
8212,737
8219,582
8220,467
8221,771
8224,199
8228,403
8235,474
8236,72
8237,706
8246,465
8249,259
8252,46
8253,602
8255,437
8260,268
8263,682
8264,388
8265,22
8266,556
8268,272
8269,755
8277,18
8281,240
8285,758
8286,581
8288,4
8289,91
8290,465
8293,575
8297,409
8298,742
8304,370
8306,408
8307,277
8308,426
8311,600
8314,233
8320,697
8322,411
8323,125
8324,696
8325,310
8328,265
8334,710
8338,803
8339,798
8343,359
8350,231
8352,97
8353,495
8357,451
8358,110
8359,149
8361,449
8363,559
8366,691
8368,230
8369,574
8370,178
8373,344
8374,838
8380,288
8382,493
8386,145
8388,633
8389,309
8390,348
8391,612
8392,178
8395,576
8396,167
8398,185
8399,713
8402,748
8406,11
8407,718
8410,582
8414,547
8415,700
8416,270
8417,826
8419,479
8422,356
8425,824
8427,174
8429,717
8430,249
8431,537
8432,669
8433,66
8434,616
8438,505
8439,415
8441,350
8443,691
8445,622
8449,258
8450,534
8451,606
8452,455
8455,581
8456,276
8457,515
8459,34
8460,282
8461,48
8464,502
8465,158
8466,126
8467,541
8468,836
8469,494
8470,170
8473,557
8474,580
8479,95
8480,24
8484,612
8486,614
8489,61
8493,492
8497,761
8498,820
8499,766
8504,690
8506,279
8509,605
8510,526
8512,358
8516,506
8517,584
8521,483
8524,417
8527,667
8531,727
8535,640
8536,833
8538,149
8539,657
8541,652
8542,223
8544,260
8546,661
8548,362
8551,777
8552,839
8555,377
8556,299
8557,1
8559,93
8564,345
8567,534
8568,394
8569,721
8570,288
8575,502
8576,592
8578,734
8579,475
8581,38
8582,242
8585,649
8592,26
8594,301
8595,712
8600,754
8602,388
8603,661
8604,422
8606,238
8607,578
8609,408
8612,162
8613,590
8614,170
8617,304
8618,840
8626,135
8628,194
8629,64
8630,762
8631,525
8632,540
8633,120
8634,524
8638,731
8639,274
8647,29
8648,233
8652,638
8655,609
8656,584
8657,224
8661,323
8666,176
8668,806
8670,196
8671,396
8677,242
8679,612
8680,2
8681,252
8682,587
8685,766
8687,245
8688,41
8692,805
8693,448
8696,91
8699,508
8700,691
8701,153
8702,428
8703,551
8704,389
8706,648
8708,281
8710,219
8715,577
8717,117
8718,281
8719,735
8722,663
8723,333
8725,302
8727,257
8728,584
8732,255
8733,818
8734,622
8735,180
8738,373
8739,378
8744,722
8745,811
8746,830
8751,498
8753,383
8757,406
8763,308
8764,67
8765,505
8769,92
8770,154
8773,660
8775,652
8777,401
8780,49
8781,212
8789,731
8790,431
8791,840
8795,352
8796,225
8797,171
8798,469
8799,113
8800,155
8802,553
8804,229
8806,719
8808,278
8811,250
8815,768
8816,290
8817,575
8818,459
8820,149
8821,305
8822,5
8825,425
8826,334
8827,198
8830,24
8831,723
8832,299
8833,843
8835,484
8839,787
8841,602
8842,301
8847,503
8848,72
8849,371
8851,812
8852,444
8854,785
8855,364
8857,555
8859,800
8862,507
8863,230
8864,839
8865,30
8867,472
8871,440
8873,282
8879,113
8884,219
8887,314
8893,536
8894,172
8896,67
8900,682
8901,268
8902,535
8904,251
8906,466
8907,836
8908,452
8910,448
8911,742
8912,680
8914,337
8916,645
8917,70
8923,235
8924,432
8925,314
8927,777
8929,569
8932,243
8933,88
8938,791
8943,572
8946,151
8948,537
8949,303
8951,204
8952,154
8954,161
8955,72
8960,196
8965,823
8967,39
8975,228
8978,729
8979,119
8983,338
8986,787
8987,786
8989,337
8990,216
8991,750
8992,700
8993,4
8994,74
9000,250
9001,734
9002,812
9006,85
9008,34
9010,829
9014,619
9015,601
9017,505
9019,538
9020,676
9024,827
9027,245
9029,305
9031,463
9033,226
9034,787
9035,15
9036,139
9039,181
9041,822
9042,768
9048,799
9052,819
9053,752
9054,669
9057,210
9058,583
9059,700
9063,228
9067,150
9069,55
9078,795
9084,764
9086,263
9087,72
9089,607
9090,469
9096,130
9097,381
9098,279
9102,200
9103,324
9104,150
9106,363
9108,156
9110,543
9113,773
9114,774
9116,852
9118,337
9120,10
9121,346
9124,595
9125,651
9127,352
9132,516
9133,655
9135,252
9139,21
9150,221
9152,697
9153,46
9154,465
9155,177
9156,751
9157,176
9159,379
9160,329
9163,771
9167,421
9169,116
9171,330
9172,478
9173,523
9175,470
9177,574
9179,835
9180,316
9182,132
9183,638
9186,82
9189,774
9194,778
9195,721
9197,324
9199,391
9201,47
9205,333
9206,315
9209,207
9215,627
9219,605
9223,644
9224,379
9225,352
9226,644
9230,254
9231,628
9233,351
9234,760
9235,445
9238,692
9241,279
9245,399
9251,340
9253,699
9254,498
9257,248
9258,731
9261,142
9264,793
9266,36
9268,272
9269,271
9272,520
9275,38
9277,27
9278,35
9280,288
9284,847
9285,292
9288,343
9289,312
9290,665
9293,649
9296,7
9298,99
9300,55
9304,496
9307,591
9309,609
9312,368
9314,493
9315,165
9319,700
9325,584
9327,639
9329,542
9331,475
9333,461
9337,804
9340,784
9341,782
9342,505
9349,697
9350,317
9351,118
9356,852
9357,621
9360,439
9362,428
9363,705
9364,215
9365,376
9366,585
9368,725
9369,91
9372,790
9374,819
9376,747
9381,31
9385,431
9387,392
9388,389
9389,619
9391,376
9392,234
9395,114
9397,18
9399,124
9403,391
9405,591
9406,135
9407,341
9408,582
9409,619
9410,761
9411,151
9414,364
9416,474
9418,795
9421,630
9425,546
9426,489
9428,341
9433,56
9435,212
9441,50
9442,765
9444,121
9448,431
9450,450
9451,198
9452,584
9453,317
9455,92
9464,646
9471,480
9472,222
9474,257
9476,713
9477,403
9478,158
9481,834
9483,756
9484,849
9487,640
9488,37
9490,403
9491,688
9492,527
9493,201
9494,293
9497,93
9498,233
9502,285
9503,519
9504,282
9515,576
9517,241
9518,358
9521,520
9522,656
9523,770
9524,355
9525,266
9526,580
9527,481
9528,767
9532,631
9535,134
9536,628
9540,459
9541,715
9545,11
9546,17
9556,777
9557,223
9560,364
9561,453
9564,768
9566,274
9568,645
9570,794
9572,288
9574,661
9576,248
9579,669
9581,70
9584,549
9585,724
9586,335
9587,481
9588,283
9590,432
9594,645
9595,668
9596,172
9597,650
9608,846
9612,170
9616,465
9618,787
9619,571
9623,594
9628,376
9629,842
9631,259
9632,492
9633,703
9634,592
9635,311
9636,23
9639,481
9645,719
9649,487
9651,49
9652,52
9653,406
9657,532
9658,573
9659,526
9661,669
9662,166
9668,676
9671,411
9672,703
9675,480
9678,335
9679,481
9680,299
9681,518
9682,469
9683,679
9686,496
9687,440
9688,176
9689,478
9690,783
9694,494
9708,829
9712,29
9715,747
9724,3
9730,202
9732,817
9735,818
9737,713
9742,226
9745,426
9746,157
9751,401
9752,618
9753,173
9754,40
9758,608
9761,751
9762,377
9763,466
9764,244
9767,828
9771,471
9772,371
9773,620
9776,352
9780,202
9784,209
9786,153
9790,666
9794,725
9801,848
9803,42
9805,157
9807,152
9808,90
9809,210
9811,203
9817,545
9819,731
9820,33
9821,379
9822,172
9823,803
9824,503
9825,7
9826,326
9828,270
9830,223
9832,308
9837,698
9844,431
9845,466
9847,397
9855,17
9856,699
9859,222
9860,550
9861,639
9863,781
9864,314
9865,330
9866,706
9867,757
9869,753
9870,301
9871,62
9872,21
9874,523
9876,330
9883,267
9884,659
9890,235
9891,801
9892,315
9896,614
9898,735
9900,182
9902,780
9904,534
9906,236
9909,277
9910,582
9913,623
9917,60
9919,223
9921,302
9922,648
9924,459
9925,414
9926,778
9928,643
9930,367
9932,841
9934,600
9935,811
9939,400
9941,125
9948,363
9949,237
9953,615
9954,485
9955,822
9961,768
9962,20
9963,397
9965,670
9966,8
9967,363
9970,493
9974,430
9977,132
9982,571
9983,578
9984,224
9986,615
9987,678
9988,844
9989,772
9991,387
9992,747
9996,699
9997,387
9999,279
10002,436
10004,476
10008,191
10015,85
10016,488
10019,158
10023,423
10024,794
10032,817
10038,423
10040,496
10042,672
10043,103
10044,469
10045,234
10047,85
10048,687
10052,33
10053,556
10054,302
10055,797
10059,447
10060,759
10061,311
10062,326
10064,816
10069,635
10070,21
10073,644
10078,792
10079,44
10080,187
10083,584
10084,634
10085,184
10086,529
10087,242
10091,400
10093,377
10094,599
10095,271
10097,801
10098,4
10099,434
10100,843
10105,782
10107,278
10108,622
10111,132
10112,166
10115,605
10116,115
10119,259
10125,49
10128,478
10129,303
10130,312
10134,322
10135,114
10138,678
10141,192
10142,299
10143,310
10145,641
10147,574
10150,694
10152,481
10156,334
10157,550
10158,183
10159,331
10160,415
10164,536
10168,140
10172,316
10173,4
10174,696
10175,67
10181,216
10182,473
10183,626
10184,609
10185,286
10187,208
10188,152
10194,239
10195,693
10197,621
10200,88
10203,798
10204,613
10206,494
10207,848
10211,276
10212,789
10215,426
10216,773
10217,833
10219,6
10220,345
10223,597
10228,326
10231,566
10232,502
10233,715
10234,387
10235,106
10237,820
10240,22
10242,263
10243,606
10245,654
10246,839
10247,507
10250,184
10251,541
10257,174
10259,510
10260,491
10266,271
10267,557
10269,375
10270,207
10274,69
10277,504
10278,128
10281,116
10282,631
10283,202
10289,235
10290,538
10292,373
10294,416
10295,100
10296,204
10299,273
10303,342
10305,743
10307,222
10308,789
10309,498
10311,31
10312,390
10316,56
10317,113
10321,848
10322,439
10323,593
10325,502
10326,342
10333,753
10336,18
10337,190
10339,668
10342,684
10343,775
10344,676
10346,716
10347,619
10353,270
10354,690
10358,55
10362,428
10363,530
10367,210
10368,832
10369,326
10371,486
10373,57
10374,509
10381,640
10383,358
10386,401
10391,301
10392,603
10393,779
10402,758
10403,680
10405,96
10407,776
10409,675
10411,530
10412,60
10415,56
10416,784
10418,662
10422,427
10424,148
10428,580
10429,426
10430,372
10432,656
10434,446
10437,413
10440,237
10442,580
10445,234
10446,725
10447,622
10448,215
10449,654
10452,700
10456,803
10457,690
10460,779
10461,724
10463,819
10468,753
10469,150
10472,756
10474,60
10476,658
10479,835
10480,562
10481,400
10486,632
10491,559
10494,567
10495,819
10496,763
10497,799
10499,368
10503,303
10504,638
10505,508
10506,494
10507,151
10508,839
10511,351
10514,209
10521,321
10523,585
10525,275
10528,663
10530,243
10531,461
10532,407
10535,422
10536,244
10538,210
10542,172
10543,521
10544,382
10545,499
10548,497
10552,801
10553,672
10554,176
10557,448
10558,588
10559,609
10560,0
10562,649
10564,700
10566,384
10571,174
10572,172
10574,459
10575,390
10578,640
10581,632
10585,64
10587,762
10588,333
10590,19
10594,534
10595,707
10596,741
10597,154
10599,468
10603,5
10609,111
10610,298
10616,639
10617,40
10619,252
10621,253
10624,738
10625,26
10628,154
10629,42
10630,781
10631,44
10632,693
10633,628
10634,521
10640,518
10644,166
10649,835
10653,753
10655,186
10656,535
10660,372
10661,464
10662,634
10664,248
10666,2
10667,559
10668,103
10674,35
10676,362
10677,399
10678,543
10679,442
10680,651
10681,526
10683,330
10686,189
10687,521
10688,469
10689,528
10691,125
10694,740
10697,464
10699,467
10702,255
10704,32
10705,442
10707,550
10713,689
10717,808
10718,47
10719,37
10721,286
10722,320
10723,769
10725,428
10728,0
10740,202
10741,175
10742,658
10746,399
10748,641
10749,136
10751,44
10753,784
10755,314
10756,149
10757,719
10758,830
10762,724
10763,245
10764,350
10765,184
10769,27
10770,217
10773,158
10774,385
10775,274
10776,293
10777,629
10778,732
10779,438
10785,206
10787,325
10788,497
10791,837
10792,352
10793,622
10795,56
10796,222
10798,612
10801,664
10804,200
10810,668
10816,258
10820,360
10823,441
10825,167
10826,844
10828,57
10829,784
10830,375
10835,670
10838,247
10841,449
10843,122
10844,710
10845,69
10846,759
10849,627
10858,118
10870,681
10871,39
10872,700
10875,384
10877,409
10878,490
10879,662
10880,116
10881,103
10882,70
10883,195
10885,651
10886,645
10887,103
10889,346
10892,271
10894,664
10896,85
10897,747
10899,677
10900,324
10902,513
10905,171
10908,231
10909,533
10911,539
10913,827
10915,206
10916,508
10919,411
10922,445
10925,180
10927,150
10930,707
10933,818
10935,448
10942,223
10943,584
10944,317
10945,309
10946,63
10947,648
10948,319
10949,818
10951,616
10958,436
10962,505
10964,540
10965,106
10970,356
10971,11
10972,845
10976,697
10977,260
10978,378
10979,732
10980,312
10981,306
10983,152
10985,307
10986,575
10988,679
10989,191
10992,219
10994,630
10995,378
10997,414
11000,253
11001,415
11003,755
11004,662
11005,597
11006,195
11009,441
11012,821
11016,596
11017,788
11018,824
11022,243
11023,657
11024,414
11028,719
11029,697
11037,640
11038,570
11042,841
11046,194
11047,260
11048,780
11050,628
11051,247
11054,539
11060,579
11062,252
11063,489
11065,11
11068,806
11069,126
11070,713
11071,628
11072,288
11074,91
11075,4
11076,639
11077,220
11080,349
11081,694
11083,569
11085,171
11086,803
11090,7
11094,537
11096,313
11102,509
11104,640
11107,569
11109,689
11110,56
11111,829
11114,680
11115,90
11117,470
11118,105
11125,468
11126,792
11127,822
11130,408
11136,3
11139,488
11140,636
11144,109
11146,662
11156,764
11159,617
11165,699
11166,26
11167,468
11169,720
11178,680
11180,300
11181,652
11182,771
11186,130
11195,41
11196,388
11197,540
11198,9
11199,305
11201,274
11204,27
11206,275
11207,353
11209,460
11216,642
11217,712
11219,506
11223,101
11224,394
11225,801
11227,709
11229,817
11230,137
11231,561
11232,725
11236,556
11240,73
11241,150
11242,564
11246,81
11247,370
11249,447
11250,422
11251,386
11254,112
11255,157
11258,79
11263,33
11265,189
11269,632
11271,80
11272,5
11273,793
11274,816
11275,678
11276,306
11277,469
11281,412
11284,57
11286,566
11287,627
11294,306
11296,216
11299,487
11300,396
11301,760
11303,674
11305,543
11306,234
11308,168
11310,306
11312,173
11313,167
11315,724
11316,250
11319,61
11324,325
11325,495
11330,228
11334,332
11337,18
11340,106
11341,479
11345,185
11346,153
11349,226
11351,370
11353,371
11356,714
11359,826
11363,852
11367,800
11368,58
11371,292
11372,85
11376,716
11379,300
11381,507
11386,723
11389,468
11390,396
11394,550
11398,216
11399,428
11402,291
11405,592
11406,639
11409,623
11413,273
11414,523
11415,34
11416,565
11418,174
11419,181
11423,746
11425,121
11427,98
11435,28
11436,714
11439,829
11442,800
11445,679
11446,453
11447,36
11452,28
11453,231
11457,9
11459,723
11463,420
11467,715
11468,514
11469,842
11471,286
11472,811
11475,724
11476,695
11478,596
11479,589
11480,359
11481,493
11482,372
11483,538
11484,141
11487,220
11490,140
11492,533
11493,503
11497,509
11498,462
11499,737
11501,270
11504,426
11505,348
11507,607
11508,795
11509,702
11511,254
11512,821
11513,150
11515,215
11516,398
11518,203
11521,317
11522,613
11525,467
11528,226
11529,380
11533,386
11534,628
11535,583
11539,531
11542,313
11546,13
11547,596
11551,74
11554,82
11558,251
11559,785
11561,140
11565,794
11566,480
11568,795
11571,174
11572,406
11573,152
11574,42
11581,192
11582,234
11584,34
11585,575
11589,606
11592,312
11593,482
11594,563
11595,482
11598,270
11599,736
11600,792
11602,272
11610,415
11612,152
11614,26
11618,579
11619,232
11622,59
11626,826
11627,556
11630,270
11631,64
11632,483
11634,49
11638,585
11639,670
11641,384
11646,774
11653,450
11654,212
11657,521
11658,530
11660,249
11661,688
11662,575
11663,513
11668,341
11672,521
11674,387
11675,626
11676,605
11677,545
11679,153
11681,179
11682,129
11683,157
11684,443
11685,483
11689,371
11690,32
11692,567
11693,582
11694,425
11696,613
11698,269
11699,760
11701,268
11702,667
11704,658
11706,312
11707,605
11710,828
11711,127
11713,642
11715,197
11716,481
11721,632
11722,636
11727,159
11728,722
11730,591
11732,329
11733,411
11734,412
11735,11
11739,610
11741,761
11744,470
11746,427
11749,519
11753,497
11754,710
11755,475
11756,438
11757,826
11758,319
11761,156
11763,290
11767,620
11771,195
11775,166
11781,585
11783,693
11785,441
11786,568
11787,553
11791,187
11792,732
11794,50
11797,825
11798,356
11799,735
11801,464
11802,190
11803,735
11804,623
11809,673
11815,106
11817,316
11818,828
11819,549
11820,590
11822,81
11824,326
11825,665
11827,182
11833,614
11835,227
11841,639
11842,661
11844,34
11845,624
11850,118
11851,150
11852,89
11854,555
11855,333
11856,480
11858,793
11861,790
11866,256
11867,708
11870,348
11871,595
11873,725
11877,536
11878,389
11887,741
11889,803
11890,832
11897,245
11899,84
11900,179
11901,624
11905,618
11906,93
11908,762
11909,455
11911,374
11912,413
11915,460
11916,462
11920,730
11921,6
11922,716
11923,261
11926,275
11929,603
11930,379
11935,724
11936,788
11937,843
11938,672
11940,742
11943,404
11944,540
11950,476
11953,518
11954,796
11956,304
11960,535
11966,158
11967,248
11970,449
11973,665
11976,757
11978,229
11980,428
11981,217
11986,120
11987,750
11988,450
11991,447
11992,830
11993,92
11999,548
12000,481
12004,205
12007,732
12008,242
12009,120
12010,301
12011,449
12013,101
12016,369
12018,426
12020,244
12022,132
12023,493
12025,807
12029,850
12032,256
12033,36
12035,557
12037,317
12038,246
12040,379
12041,243
12042,654
12045,143
12046,634
12050,465
12051,278
12053,508
12055,242
12057,699
12060,593
12063,70
12064,468
12066,743
12067,819
12075,10
12077,474
12080,232
12081,13
12082,201
12085,300
12087,439
12090,586
12091,674
12092,250
12095,565
12099,127
12101,791
12102,206
12103,163
12105,535
12107,5
12109,243
12110,502
12115,123
12117,838
12118,454
12124,449
12128,330
12130,784
12131,377
12132,472
12136,224
12138,461
12139,126
12140,423
12145,13
12148,655
12150,534
12156,511
12157,625
12158,481
12159,242
12161,841
12162,62
12165,509
12166,367
12167,467
12168,703
12169,28
12170,479
12173,625
12177,88
12178,446
12183,778
12184,622
12185,638
12186,364
12188,397
12189,460
12191,298
12193,30
12196,45
12197,332
12199,27
12206,477
12207,174
12208,570
12210,478
12214,80
12216,436
12217,685
12219,386
12220,205
12221,161
12222,753
12223,431
12226,156
12231,569
12232,588
12233,144
12234,11
12235,628
12236,176
12238,20
12240,81
12241,814
12244,3
12246,277
12247,774
12249,490
12252,324
12258,808
12259,83
12261,348
12264,708
12271,778
12272,167
12275,195
12277,318
12278,691
12279,289
12280,408
12282,357
12289,658
12290,805
12292,343
12293,517
12294,740
12298,803
12299,131
12301,807
12302,742
12306,140
12308,147
12311,51
12313,383
12319,132
12320,798
12321,774
12322,427
12323,671
12325,60
12327,483
12329,23
12331,811
12336,701
12338,439
12339,615
12341,265
12345,327
12351,109
12352,556
12353,387
12354,717
12355,722
12358,189
12360,363
12361,326
12366,182
12368,576
12369,77
12370,746
12376,677
12379,847
12383,302
12384,72
12385,51
12389,437
12393,152
12394,492
12395,364
12396,31
12398,163
12399,524
12400,816
12401,848
12402,614
12404,706
12406,28
12409,615
12411,309
12414,545
12415,242
12417,285
12420,360
12423,683
12425,412
12428,132
12432,711
12433,543
12436,305
12437,687
12440,682
12442,363
12447,720
12448,338
12449,377
12451,343
12456,104
12458,486
12459,227
12460,535
12461,531
12464,781
12465,93
12468,480
12469,148
12471,406
12473,636
12475,356
12478,56
12482,674
12483,60
12484,214
12485,65
12490,477
12492,323
12494,393
12496,835
12499,526
12500,33
12501,59
12503,198
12507,497
12513,797
12515,77
12519,90
12521,712
12526,140
12527,109
12528,159
12529,157
12530,26
12531,670
12532,93
12533,748
12534,745
12537,448
12541,728
12543,1
12544,418
12545,591
12549,707
12550,802
12551,79
12552,766
12555,325
12557,623
12560,118
12563,104
12565,638
12566,741
12568,140
12570,738
12572,335
12576,210
12577,542
12578,16
12579,111
12581,203
12586,553
12588,707
12589,135
12591,797
12593,20
12594,93
12595,507
12600,625
12601,832
12603,68
12608,211
12609,42
12611,139
12612,488
12613,453
12616,50
12617,200
12620,838
12624,371
12626,227
12630,54
12632,451
12633,261
12634,464
12639,710
12640,732
12641,473
12643,354
12644,92
12651,243
12655,318
12658,511
12660,275
12661,587
12666,534
12669,323
12672,340
12675,86
12683,744
12685,267
12687,394
12689,128
12690,258
12699,796
12702,788
12703,720
12704,102
12706,85
12707,267
12708,117
12714,794
12716,332
12717,743
12719,229
12722,550
12727,280
12729,159
12730,518
12731,101
12732,1
12734,178
12735,783
12737,214
12738,625
12741,140
12744,418
12747,830
12748,407
12751,731
12757,99
12760,352
12762,487
12763,367
12764,750
12765,696
12766,5
12767,588
12768,510
12769,823
12771,291
12773,112
12777,313
12783,791
12791,564
12795,790
12796,529
12798,595
12799,342
12801,19
12802,667
12804,148
12805,293
12806,580
12807,800
12810,284
12818,798
12820,217
12824,204
12825,686
12826,590
12827,332
12830,764
12831,620
12832,377
12834,341
12835,276
12838,551
12840,340
12841,534
12843,667
12846,96
12848,594
12849,581
12850,472
12853,68
12856,481
12858,240
12859,779
12862,302
12864,370
12866,816
12867,736
12869,133
12871,823
12873,269
12874,92
12875,497
12876,619
12878,22
12880,188
12881,390
12882,599
12889,411
12891,283
12893,730
12895,576
12896,311
12898,466
12899,5
12900,488
12904,746
12905,258
12910,745
12913,581
12917,583
12919,603
12920,686
12922,795
12923,201
12925,177
12927,180
12930,472
12932,550
12933,406
12936,125
12938,190
12939,421
12942,343
12954,268
12957,88
12966,25
12969,678
12971,836
12972,281
12973,436
12974,319
12976,45
12979,364
12982,74
12984,426
12985,711
12986,161
12987,685
12990,141
12993,376
12994,106
12996,811
12997,761
13000,817
13003,308
13004,93
13006,116
13009,746
13011,208
13013,343
13015,286
13017,595
13020,387
13023,268
13024,818
13026,576
13027,118
13031,667
13035,124
13036,764
13037,825
13038,250
13041,741
13043,577
13045,239
13046,765
13047,327
13050,439
13053,480
13054,327
13055,274
13058,482
13059,713
13060,415
13061,148
13065,470
13068,178
13077,404
13078,189
13079,102
13080,778
13082,722
13084,376
13087,149
13088,593
13090,853
13091,252
13092,814
13093,690
13094,10
13096,58
13097,40
13099,427
13100,814
13103,680
13108,561
13109,642
13110,252
13113,728
13123,404
13130,291
13131,746
13133,532
13135,139
13137,457
13138,236
13140,258
13141,565
13145,43
13146,48
13148,104
13149,734
13152,360
13153,173
13155,743
13158,352
13159,612
13163,771
13164,102
13165,795
13171,511
13173,373
13174,474
13175,61
13178,613
13179,285
13181,587
13183,604
13187,793
13195,739
13197,29
13199,680
13200,46
13202,562
13208,695
13209,306
13210,475
13214,823
13217,769
13218,117
13219,786
13221,560
13225,530
13231,790
13235,139
13236,685
13237,46
13239,452
13241,134
13245,531
13246,526
13247,565
13249,551
13251,53
13252,45
13256,298
13258,384
13261,676
13263,506
13264,297
13266,106
13268,156
13270,499
13272,761
13273,614
13274,304
13277,309
13279,828
13280,181
13281,644
13282,534
13284,45
13286,374
13289,317
13291,229
13293,543
13300,848
13301,87
13302,332
13303,708
13305,830
13309,844
13310,758
13311,704
13312,777
13314,727
13315,829
13316,412
13318,397
13319,589
13320,521
13321,3
13322,499
13324,216
13325,358
13330,324
13331,72
13332,354
13333,198
13334,214
13343,460
13344,95
13345,254
13351,83
13353,255
13354,114
13355,612
13356,94
13358,621
13359,58
13360,154
13362,478
13363,321
13364,7
13366,158
13370,494
13371,396
13375,5
13376,635
13377,224
13378,2
13379,168
13387,100
13389,719
13392,33
13394,342
13395,384
13397,669
13398,717
13399,679
13401,398
13402,291
13404,45
13406,551
13408,195
13409,581
13410,744
13413,44
13414,437
13419,745
13421,566
13430,695
13432,398
13435,687
13437,794
13438,639
13439,182
13440,632
13444,515
13445,154
13446,550
13448,512
13449,817
13450,638
13451,251
13453,837
13456,515
13457,756
13458,2
13460,572
13466,464
13467,103
13469,655
13471,737
13472,602
13474,803
13475,533
13476,191
13478,537
13481,563
13482,371
13483,146
13484,556
13486,419
13487,308
13488,680
13492,438
13494,93
13497,138
13498,116
13499,706
13500,310
13502,486
13503,772
13507,843
13509,50
13510,40
13516,127
13517,276
13518,718
13519,262
13521,731
13522,123
13523,569
13524,22
13527,620
13528,12
13529,165
13531,276
13532,35
13535,624
13536,419
13537,116
13539,773
13540,425
13543,425
13544,401
13546,457
13548,814
13549,213
13553,795
13554,587
13556,611
13557,494
13558,770
13561,117
13562,206
13563,427
13564,449
13567,849
13570,512
13576,314
13578,276
13579,828
13581,563
13582,528
13583,582
13587,342
13594,270
13597,375
13598,640
13602,472
13603,618
13605,10
13608,372
13609,799
13610,232
13615,337
13618,601
13622,593
13624,583
13625,158
13626,615
13627,733
13629,157
13632,795
13633,498
13635,626
13636,504
13639,138
13640,46
13641,122
13644,811
13646,625
13648,42
13649,739
13650,368
13651,266
13656,790
13657,141
13662,483
13663,211
13670,821
13671,695
13673,104
13682,507
13684,306
13685,689
13689,566
13690,115
13694,657
13696,379
13697,549
13698,561
13699,562
13700,171
13704,61
13712,289
13713,259
13717,841
13718,774
13719,145
13720,101
13721,306
13722,106
13723,623
13725,392
13727,494
13734,143
13735,68
13737,255
13738,73
13743,248
13744,541
13747,620
13749,560
13753,436
13754,47
13757,110
13761,293
13763,763
13765,781
13766,33
13768,79
13770,53
13772,283
13773,167
13774,683
13776,273
13779,809
13783,211
13784,421
13785,202
13789,462
13790,144
13791,455
13797,724
13798,681
13799,43
13803,644
13805,625
13806,613
13809,246
13810,107
13811,337
13813,201
13814,597
13817,47
13820,87
13824,551
13826,588
13827,208
13829,827
13830,320
13831,835
13832,561
13835,593
13836,152
13843,778
13845,27
13847,791
13849,244
13850,504
13853,537
13855,291
13859,509
13863,56
13864,686
13868,557
13869,696
13870,237
13875,305
13879,653
13880,637
13881,103
13882,755
13885,507
13886,627
13889,0
13890,352
13891,635
13892,378
13893,535
13895,454
13897,157
13898,168
13900,486
13902,556
13904,839
13905,167
13910,721
13912,508
13916,280
13917,30
13922,432
13923,283
13926,589
13929,270
13932,781
13935,376
13936,346
13937,553
13938,389
13943,141
13944,338
13945,386
13951,614
13956,549
13958,228
13960,597
13968,40
13969,634
13970,355
13976,384
13979,619
13981,115
13986,548
13990,650
13992,824
13995,648
13997,415
13998,197
14000,523
14002,658
14003,675
14004,555
14005,728
14008,67
14010,172
14011,803
14014,607
14015,350
14016,633
14017,221
14018,34
14020,828
14023,374
14026,138
14028,798
14030,744
14031,449
14032,418
14033,733
14034,340
14036,803
14038,49
14039,189
14040,794
14043,602
14044,182
14045,104
14047,563
14048,790
14049,40
14055,443
14061,353
14068,851
14070,595
14073,389
14075,709
14076,797
14077,314
14082,718
14085,527
14089,182
14095,580
14096,272
14097,400
14099,176
14100,232
14102,760
14103,524
14106,303
14109,243
14110,549
14113,758
14115,391
14120,703
14123,648
14124,462
14126,225
14127,822
14129,86
14131,687
14134,783
14135,618
14137,347
14141,45
14143,478
14147,31
14148,340
14149,499
14150,291
14151,171
14153,742
14157,674
14158,39
14160,119
14162,666
14165,458
14166,268
14169,461
14174,195
14176,365
14177,802
14181,664
14185,519
14187,323
14188,265
14189,132
14191,9
14192,624
14195,657
14196,115
14201,846
14202,222
14204,206
14205,589
14206,112
14207,827
14208,130
14210,752
14214,270
14215,299
14216,669
14217,241
14218,428
14222,35
14223,152
14228,599
14229,294
14231,12
14233,810
14236,723
14237,239
14238,751
14240,754
14241,14
14242,692
14245,583
14246,408
14247,573
14248,342
14250,167
14254,31
14260,13
14262,662
14263,214
14264,363
14265,94
14266,593
14268,475
14269,261
14273,614
14274,410
14275,657
14277,169
14278,725
14282,734
14284,609
14285,457
14287,384
14289,563
14293,767
14294,593
14295,50
14299,172
14302,393
14304,571
14310,778
14311,821
14316,46
14317,303
14320,373
14322,29
14323,796
14324,310
14333,218
14337,102
14338,173
14341,755
14344,77
14347,821
14348,557
14349,506
14352,349
14354,428
14355,1
14356,10
14359,400
14369,545
14370,515
14375,325
14377,831
14381,146
14382,107
14383,512
14385,350
14387,124
14388,776
14389,718
14392,228
14393,204
14394,781
14400,329
14401,136
14402,29
14403,15
14405,709
14406,505
14411,586
14416,810
14423,818
14429,609
14430,79
14432,795
14433,511
14441,233
14443,600
14448,521
14449,740
14450,251
14460,818
14465,693
14472,244
14473,671
14477,30
14478,441
14481,673
14482,573
14483,811
14488,501
14493,159
14494,295
14495,364
14497,646
14499,371
14501,546
14507,829
14508,44
14510,545
14511,155
14513,344
14517,281
14520,3
14522,113
14526,617
14527,191
14532,578
14533,322
14535,321
14538,585
14539,199
14541,599
14543,848
14549,639
14551,628
14561,693
14564,37
14568,701
14572,358
14575,561
14576,133
14580,329
14583,740
14591,249
14592,53
14596,273
14597,358
14603,546
14604,440
14609,561
14611,258
14612,785
14614,556
14615,787
14616,502
14619,704
14620,567
14625,255
14627,60
14630,107
14631,684
14632,704
14633,193
14634,105
14635,487
14637,152
14638,190
14642,473
14646,830
14647,360
14651,702
14655,725
14657,603
14660,643
14661,165
14663,302
14664,378
14665,764
14666,787
14667,379
14669,37
14671,394
14672,44
14674,189
14677,332
14681,651
14682,805
14684,486
14698,153
14699,380
14700,131
14701,744
14706,824
14709,559
14713,637
14715,23
14728,530
14730,208
14732,418
14733,749
14736,664
14737,602
14738,63
14740,696
14744,612
14746,21
14749,791
14750,376
14753,687
14759,470
14760,207
14768,698
14774,326
14778,436
14779,473
14781,495
14783,645
14784,736
14786,101
14787,623
14789,461
14793,308
14794,460
14796,325
14802,176
14803,509
14807,109
14808,821
14811,634
14814,625
14816,694
14818,601
14819,188
14821,443
14822,27
14829,276
14830,507
14831,435
14837,270
14840,292
14841,296
14842,451
14843,797
14846,515
14848,386
14851,129
14852,404
14856,407
14857,589
14860,555
14861,297
14863,87
14869,587
14871,174
14879,300
14882,717
14884,821
14888,691
14891,63
14892,19
14893,115
14894,510
14896,29
14897,678
14900,719
14901,588
14903,697
14904,442
14905,812
14910,698
14912,852
14916,477
14917,525
14918,429
14920,424
14923,740
14924,296
14931,318
14934,384
14935,607
14938,180
14939,654
14940,153
14942,307
14943,566
14946,645
14949,198
14950,2
14951,602
14952,767
14960,619
14964,0
14966,693
14976,146
14977,660
14979,120
14982,737
14985,828
14988,203
14994,783
14998,118
14999,170
15000,404
15001,411
15002,263
15003,618
15004,212
15008,86
15009,143
15010,725
15011,827
15012,753
15014,620
15017,379
15018,661
15021,513
15024,583
15028,223
15032,289
15033,300
15034,68
15035,848
15036,784
15038,137
15039,211
15040,561
15043,16
15045,758
15047,706
15048,472
15050,76
15055,269
15056,334
15058,642
15059,695
15061,701
15063,787
15065,188
15071,298
15074,430
15075,504
15078,554
15079,307
15080,401
15082,469
15083,29
15085,648
15086,375
15088,573
15089,734
15091,92
15092,289
15093,226
15094,390
15097,419
15098,819
15099,594
15102,219
15105,107
15106,820
15110,44
15111,763
15112,595
15119,181
15120,7
15121,481
15122,65
15123,342
15124,91
15126,100
15128,521
15129,471
15130,556
15131,438
15133,541
15138,187
15140,222
15144,762
15146,315
15149,178
15151,756
15152,348
15153,541
15154,11
15155,429
15157,128
15158,408
15159,449
15161,550
15166,318
15167,822
15168,791
15169,227
15170,293
15172,199
15177,3
15178,515
15180,495
15181,349
15182,714
15183,339
15185,702
15188,34
15189,91
15191,719
15196,103
15199,687
15201,249
15205,191
15208,650
15212,355
15216,702
15217,52
15218,596
15220,504
15221,130
15223,194
15224,714
15225,94
15227,312
15228,337
15230,415
15233,690
15234,440
15235,70
15236,479
15238,362
15243,777
15244,207
15245,553
15246,552
15248,247
15253,398
15257,745
15259,384
15260,757
15261,396
15262,473
15263,393
15264,538
15265,765
15266,135
15267,727
15268,89
15269,556
15270,507
15271,46
15272,468
15274,426
15275,839
15276,691
15277,121
15278,258
15279,328
15281,392
15282,214
15283,847
15284,330
15288,184
15290,495
15293,8
15299,853
15300,299
15304,236
15305,193
15306,607
15307,669
15309,696
15310,169
15313,95
15314,493
15315,675
15316,204
15319,746
15320,849
15322,226
15325,686
15327,616
15328,768
15331,61
15337,186
15343,208
15345,578
15347,628
15350,826
15351,752
15356,192
15358,416
15364,93
15368,358
15370,492
15374,365
15376,555
15377,112
15378,756
15381,820
15382,295
15384,289
15386,22
15388,349
15390,498
15392,208
15398,369
15401,159
15402,605
15403,71
15405,226
15407,502
15409,537
15410,773
15415,495
15420,281
15421,110
15425,482
15426,451
15428,226
15429,460
15430,216
15431,144
15432,736
15433,789
15434,47
15436,40
15437,183
15438,203
15439,337
15440,192
15441,41
15446,766
15453,351
15454,168
15455,114
15461,42
15463,178
15464,839
15465,822
15467,599
15468,313
15469,850
15470,804
15474,479
15475,214
15476,244
15477,237
15479,647
15480,590
15485,16
15486,525
15487,698
15488,336
15492,615
15495,737
15497,823
15501,600
15505,455
15507,243
15512,828
15514,543
15515,118
15517,690
15518,582
15521,164
15522,720
15524,581
15525,561
15527,379
15528,123
15531,597
15533,125
15538,677
15540,788
15541,201
15544,536
15545,31
15546,625
15550,571
15551,316
15553,741
15559,342
15560,312
15565,782
15568,287
15570,414
15572,313
15573,525
15578,744
15579,438
15582,568
15584,407
15585,392
15586,36
15588,624
15591,692
15593,690
15594,357
15597,814
15598,530
15600,280
15601,743
15603,110
15604,530
15605,132
15606,82
15610,734
15611,616
15615,782
15618,347
15620,232
15625,141
15626,508
15631,554
15633,709
15635,671
15639,352
15641,693
15644,669
15645,148
15646,240
15647,697
15648,705
15652,33
15655,87
15656,192
15659,372
15661,201
15662,33
15666,55
15668,343
15669,723
15671,631
15675,774
15677,368
15678,501
15681,380
15686,182
15688,834
15689,793
15691,67
15693,150
15695,829
15698,186
15702,844
15704,421
15709,524
15710,711
15715,357
15721,448
15722,668
15723,428
15725,22
15726,687
15727,8
15729,59
15730,505
15731,481
15733,98
15734,726
15735,508
15737,393
15742,17
15745,462
15746,328
15749,458
15750,504
15756,105
15757,137
15760,831
15762,253
15765,770
15766,465
15770,657
15773,431
15775,671
15779,254
15780,493
15783,709
15787,51
15788,81
15789,702
15792,748
15793,376
15796,214
15797,535
15799,656
15802,306
15803,739
15805,407
15806,671
15811,713
15813,422
15816,568
15817,111
15818,666
15819,97
15821,156
15825,533
15827,823
15829,473
15832,103
15835,418
15836,559
15837,733
15841,626
15843,323
15844,172
15845,88
15848,177
15850,747
15851,16
15853,499
15855,258
15857,474
15860,115
15862,515
15863,481
15864,712
15868,164
15870,26
15871,102
15873,327
15874,168
15875,695
15878,223
15881,722
15882,74
15884,92
15888,752
15889,127
15890,660
15891,518
15892,850
15898,180
15899,507
15900,348
15901,229
15905,646
15906,752
15908,344
15909,480
15918,296
15921,762
15923,94
15924,553
15925,341
15927,160
15931,331
15933,109
15934,398
15935,688
15937,513
15940,244
15941,800
15942,484
15944,261
15947,167
15948,787
15950,176
15951,320
15957,488
15961,745
15962,421
15965,514
15966,723
15968,470
15971,170
15972,380
15974,450
15975,665
15976,384
15977,599
15979,544
15981,173
15985,304
15986,675
15988,526
15989,369
15991,50
15993,522
16004,313
16007,666
16010,814
16011,586
16014,826
16016,762
16018,724
16020,635
16022,645
16024,281
16026,155
16027,13
16035,569
16038,436
16041,510
16042,174
16043,399
16045,787
16046,132
16047,17
16049,413
16050,842
16053,760
16054,636
16055,227
16056,87
16058,21
16060,590
16063,814
16065,606
16067,84
16068,4
16069,482
16070,77
16073,843
16074,572
16076,679
16077,320
16082,308
16087,823
16088,494
16089,605
16091,210
16097,727
16100,63
16101,770
16103,78
16104,208
16105,215
16106,379
16108,760
16111,84
16112,198
16113,43
16114,359
16115,684
16117,334
16118,614
16120,238
16121,313
16124,68
16126,587
16130,441
16133,316
16136,234
16141,522
16143,740
16144,569
16145,558
16146,706
16147,68
16150,199
16151,583
16152,734
16154,493
16156,177
16161,109
16162,769
16163,159
16171,399
16172,669
16175,31
16176,74
16177,364
16182,541
16183,331
16184,278
16187,626
16188,428
16189,823
16190,274
16191,446
16192,270
16193,396
16198,519
16200,567
16202,220
16205,300
16206,59
16208,703
16210,462
16212,501
16214,486
16216,333
16217,219
16218,189
16221,304
16223,207
16225,476
16226,333
16227,440
16229,356
16230,418
16232,630
16235,514
16239,500
16240,333
16242,531
16244,828
16245,386
16246,288
16247,571
16250,200
16253,761
16254,114
16255,753
16257,608
16261,382
16263,421
16264,91
16265,510
16266,118
16268,566
16269,523
16270,671
16271,691
16273,607
16275,416
16277,369
16278,670
16282,293
16283,837
16286,526
16289,721
16291,139
16293,202
16294,172
16297,611
16299,39
16301,139
16304,145
16306,560
16307,541
16308,574
16309,248
16310,575
16312,346
16313,36
16315,163
16319,213
16320,529
16321,363
16322,236
16323,59
16326,510
16327,549
16330,599
16333,263
16334,395
16338,386
16342,32
16343,434
16344,535
16345,785
16346,39
16348,304
16349,234
16351,436
16358,401
16364,644
16369,677
16372,71
16375,203
16379,717
16380,577
16381,553
16382,840
16384,181
16385,494
16393,206
16395,544
16404,723
16405,753
16408,75
16409,231
16414,257
16418,714
16420,463
16421,94
16422,765
16426,779
16427,820
16428,513
16430,811
16432,557
16433,174
16434,290
16440,40
16444,409
16447,45
16448,762
16449,442
16452,239
16455,247
16456,421
16458,90
16460,194
16462,193
16463,655
16464,786
16467,432
16468,777
16469,670
16473,73
16474,391
16475,669
16478,684
16481,748
16483,116
16485,503
16486,738
16493,516
16494,550
16497,283
16498,166
16499,488
16502,501
16503,575
16505,114
16506,170
16510,430
16511,328
16512,592
16513,268
16515,756
16518,835
16519,845
16522,806
16524,284
16525,18
16526,359
16528,669
16529,334
16531,815
16532,621
16533,729
16534,128
16535,839
16539,754
16547,31
16549,681
16550,259
16554,747
16560,586
16566,767
16570,329
16572,76
16574,33
16575,472
16579,610
16580,351
16582,629
16584,19
16585,698
16587,50
16591,140
16595,763
16598,28
16599,123
16601,484
16603,117
16605,317
16609,609
16610,37
16611,187
16614,432
16618,146
16621,28
16622,720
16623,571
16625,122
16628,91
16629,652
16631,822
16635,758
16637,340
16640,128
16645,673
16646,431
16647,784
16648,45
16649,31
16653,168
16665,252
16668,388
16669,754
16671,85
16672,46
16673,463
16675,367
16677,90
16678,565
16684,29
16685,374
16688,648
16689,87
16692,780
16695,55
16696,377
16697,670
16699,147
16701,131
16704,241
16706,850
16710,549
16711,186
16712,363
16713,452
16715,614
16718,62
16720,696
16722,41
16725,723
16728,191
16729,95
16730,676
16731,315
16732,360
16734,765
16735,327
16736,797
16737,64
16742,4
16743,775
16745,440
16747,490
16748,619
16749,50
16751,455
16752,129
16755,232
16759,390
16761,778
16763,46
16764,436
16766,7
16770,436
16772,677
16773,527
16775,242
16776,624
16777,595
16781,67
16782,572
16783,434
16784,505
16788,153
16793,92
16797,658
16803,664
16806,490
16807,165
16808,221
16810,236
16811,219
16812,411
16813,303
16814,66
16817,753
16819,629
16820,620
16822,135
16823,187
16824,145
16826,454
16827,129
16828,687
16830,836
16832,426
16834,763
16835,296
16836,156
16838,802
16839,357
16841,508
16843,94
16844,243
16847,274
16848,731
16850,395
16851,172
16855,496
16857,730
16859,396
16862,309
16867,345
16868,628
16869,606
16870,642
16872,492
16873,227
16874,99
16878,36
16882,805
16884,806
16885,100
16886,129
16889,617
16892,317
16893,448
16894,813
16895,387
16900,370
16902,282
16904,486
16908,474
16910,228
16911,11
16912,658
16915,236
16917,458
16918,527
16923,741
16924,326
16925,506
16926,396
16927,347
16932,297
16933,164
16934,259
16936,827
16937,12
16938,330
16941,275
16942,582
16943,461
16945,105
16947,454
16950,65
16951,395
16952,96
16953,181
16957,217
16958,52
16962,160
16964,722
16965,583
16966,565
16973,332
16974,791
16975,327
16984,423
16985,359
16986,132
16987,260
16988,328
16991,147
16992,799
16994,437
16995,139
16998,110
17003,198
17004,791
17005,216
17007,79
17009,665
17010,761
17012,427
17013,490
17014,550
17015,636
17017,295
17019,841
17022,765
17023,640
17024,648
17025,470
17027,449
17043,239
17045,330
17046,243
17047,654
17048,599
17049,476
17050,124
17052,748
17057,482
17063,79
17065,425
17066,570
17067,440
17071,483
17073,314
17074,642
17075,768
17076,766
17077,214
17079,663
17082,762
17084,311
17088,340
17089,812
17090,407
17095,431
17096,567
17099,514
17101,487
17103,217
17105,799
17106,118
17107,618
17108,158
17109,197
17111,473
17112,124
17114,244
17115,499
17116,662
17124,34
17126,226
17127,63
17128,748
17131,633
17132,463
17134,411
17135,160
17140,123
17142,390
17147,552
17148,709
17150,452
17152,735
17155,113
17156,262
17157,602
17158,19
17161,646
17166,843
17168,678
17169,229
17172,263
17174,164
17176,615
17177,575
17178,405
17179,482
17180,92
17182,536
17184,170
17186,277
17187,403
17188,366
17189,323
17191,114
17192,756
17193,348
17194,818
17195,300
17196,267
17198,730
17199,781
17201,485
17202,557
17205,433
17208,640
17209,182
17211,499
17212,609
17214,426
17215,245
17216,605
17219,240
17220,815
17222,682
17223,489
17225,611
17226,631
17233,697
17239,270
17241,629
17244,92
17245,348
17248,58
17250,821
17253,20
17255,647
17257,224
17263,633
17265,712
17267,674
17270,287
17276,276
17277,62
17278,297
17284,578
17285,151
17286,0
17288,392
17292,605
17303,155
17306,125
17308,470
17310,134
17315,767
17319,524
17320,723
17325,633
17328,83
17332,520
17333,172
17336,306
17339,461
17341,361
17343,59
17344,210
17345,430
17346,552
17347,535
17352,343
17353,565
17354,54
17355,763
17356,558
17358,171
17359,283
17361,389
17362,415
17364,349
17365,681
17368,286
17369,397
17370,195
17373,134
17376,820
17377,315
17378,762
17379,630
17380,213
17382,172
17384,99
17385,505
17386,760
17387,542
17391,574
17396,252
17398,245
17399,603
17400,849
17401,766
17402,243
17404,360
17406,768
17414,150
17415,345
17419,545
17423,135
17424,627
17425,156
17426,264
17427,624
17431,222
17432,277
17434,611
17435,88
17440,19
17441,184
17445,704
17446,67
17449,133
17451,612
17453,381
17454,683
17457,662
17460,401
17469,678
17470,397
17473,391
17474,847
17476,348
17477,209
17478,79
17481,65
17484,122
17485,489
17486,192
17487,839
17488,255
17489,351
17490,501
17494,169
17500,442
17501,747
17502,177
17504,401
17507,295
17508,102
17510,7
17511,31
17512,289
17514,781
17516,233
17524,423
17526,525
17530,369
17535,788
17539,394
17541,109
17543,524
17544,261
17547,738
17548,597
17552,634
17553,162
17555,353
17556,806
17557,401
17559,405
17562,361
17563,241
17564,311
17569,215
17572,401
17576,495
17579,622
17581,803
17582,443
17591,61
17593,252
17595,257
17596,274
17597,631
17601,556
17603,166
17606,504
17607,792
17608,337
17609,286
17610,705
17612,305
17613,576
17615,153
17619,699
17624,79
17628,600
17629,4
17630,406
17635,511
17637,91
17638,77
17642,790
17643,629
17646,156
17652,537
17653,302
17661,580
17662,644
17665,294
17666,347
17673,74
17675,417
17676,714
17678,630
17680,342
17681,96
17683,408
17684,383
17688,775
17690,316
17691,144
17693,210
17696,574
17699,348
17702,234
17703,264
17704,654
17707,788
17712,668
17715,618
17725,215
17727,419
17728,717
17731,259
17734,396
17735,27
17737,79
17738,90
17744,448
17747,359
17748,270
17750,517
17751,707
17752,519
17755,154
17759,554
17761,624
17762,7
17763,178
17764,302
17766,447
17768,742
17770,562
17772,455
17773,147
17774,411
17778,321
17782,136
17783,392
17786,625
17789,753
17790,509
17793,407
17794,390
17796,20
17797,608
17798,543
17799,354
17802,394
17803,170
17804,499
17805,250
17806,731
17807,689
17810,219
17811,815
17814,405
17815,269
17817,259
17818,158
17819,389
17821,285
17822,696
17823,636
17824,569
17826,104
17827,513
17828,555
17829,680
17830,305
17831,453
17838,575
17839,506
17840,632
17842,463
17843,361
17845,215
17847,645
17852,750
17856,119
17857,545
17858,691
17859,14
17861,666
17862,260
17864,793
17870,838
17874,336
17876,312
17880,446
17881,734
17882,159
17883,302
17884,570
17886,735
17887,721
17888,399
17891,436
17893,813
17894,823
17895,299
17896,639
17898,748
17900,720
17901,0
17902,531
17903,21
17905,76
17906,259
17907,274
17911,30
17912,37
17915,159
17917,340
17921,165
17922,713
17923,816
17933,403
17934,752
17935,782
17936,690
17938,515
17940,159
17947,156
17948,678
17950,842
17953,626
17954,467
17957,502
17959,107
17960,692
17961,17
17963,94
17965,233
17966,552
17967,807
17968,431
17971,617
17973,824
17974,487
17978,54
17981,204
17982,545
17984,45
17985,535
17986,32
17988,711
17990,420
17992,668
17994,195
17999,89
18002,456
18004,373
18007,693
18008,568
18010,462
18016,659
18024,699
18025,679
18026,340
18032,179
18033,328
18035,97
18037,1
18041,320
18048,579
18050,301
18051,835
18052,595
18055,301
18056,780
18057,107
18058,70
18069,189
18071,14
18075,850
18080,150
18083,461
18084,302
18086,666
18091,98
18094,268
18097,599
18098,651
18099,163
18101,189
18103,394
18104,286
18105,778
18106,640
18110,540
18112,125
18113,212
18114,377
18115,414
18118,265
18120,263
18122,573
18123,459
18131,319
18132,802
18133,427
18134,563
18135,534
18137,304
18142,592
18143,87
18144,270
18147,209
18149,788
18152,237
18155,517
18156,293
18157,364
18159,794
18162,551
18165,714
18167,347
18169,60
18170,751
18171,804
18172,83
18173,5
18174,274
18177,469
18178,740
18179,391
18182,171
18184,605
18188,373
18189,350
18192,311
18194,422
18195,348
18201,756
18202,369
18203,553
18204,255
18209,173
18210,219
18213,752
18214,383
18215,724
18218,581
18219,648
18220,787
18222,255
18224,175
18225,288
18226,689
18229,71
18230,284
18232,392
18233,407
18238,789
18239,659
18240,691
18241,399
18244,502
18245,454
18249,470
18250,707
18251,187
18252,314
18255,698
18257,574
18266,780
18267,260
18271,483
18275,185
18277,750
18278,28
18280,704
18281,838
18282,6
18284,220
18285,413
18287,78
18288,580
18289,591
18292,28
18294,133
18295,13
18296,479
18297,804
18298,109
18299,231
18303,164
18305,537
18309,499
18310,193
18313,12
18314,301
18315,689
18317,189
18319,694
18320,48
18326,98
18329,137
18332,724
18333,234
18335,419
18338,794
18341,833
18342,728
18343,222
18345,232
18346,317
18348,149
18351,162
18353,586
18358,540
18360,129
18362,776
18363,679
18367,675
18373,11
18376,221
18377,671
18380,210
18382,95
18383,584
18384,274
18387,315
18391,737
18394,273
18395,166
18401,511
18403,29
18404,500
18405,737
18408,670
18413,794
18418,606
18419,229
18420,123
18423,493
18424,36
18425,398
18427,610
18430,237
18431,507
18434,451
18435,691
18436,211
18442,547
18446,350
18447,208
18450,146
18455,654
18457,737
18458,595
18464,167
18465,316
18471,628
18479,142
18480,118
18483,154
18484,565
18487,201
18489,90
18490,363
18492,159
18493,29
18496,752
18498,719
18499,101
18500,424
18501,420
18502,631
18503,621
18505,110
18506,454
18508,312
18509,789
18511,132
18512,221
18514,801
18515,240
18517,307
18521,357
18528,590
18530,594
18531,672
18532,29
18537,104
18540,333
18541,401
18542,207
18543,227
18545,250
18548,500
18550,514
18554,844
18556,428
18557,171
18565,532
18568,34
18571,83
18573,772
18574,374
18575,774
18577,33
18581,487
18582,638
18585,154
18586,662
18587,790
18589,696
18590,48
18592,757
18593,169
18595,844
18597,535
18599,461
18600,259
18602,394
18604,151
18607,133
18608,475
18609,771
18610,669
18611,754
18613,79
18614,645
18621,501
18623,383
18625,663
18626,58
18627,295
18637,74
18640,815
18642,164
18645,676
18647,824
18656,565
18658,136
18661,785
18662,13
18664,714
18667,156
18671,835
18672,724
18673,781
18675,354
18676,91
18677,402
18678,123
18679,521
18685,16
18686,275
18689,110
18690,612
18691,830
18693,286
18694,837
18695,27
18697,798
18698,592
18701,625
18703,335
18705,581
18706,752
18707,830
18708,735
18709,717
18717,602
18718,276
18719,517
18720,231
18721,801
18723,680
18726,804
18727,528
18729,596
18730,729
18741,649
18748,0
18749,293
18750,69
18755,650
18760,840
18761,516
18762,541
18766,164
18767,684
18769,711
18770,425
18771,651
18772,97
18774,570
18778,432
18779,578
18780,413
18781,765
18785,782
18788,284
18792,255
18794,521
18798,140
18799,749
18804,448
18810,391
18812,346
18814,125
18815,490
18817,322
18819,618
18820,494
18824,76
18826,298
18828,687
18835,744
18838,539
18840,593
18842,509
18843,304
18846,713
18847,520
18848,629
18851,728
18853,645
18855,581
18858,303
18861,775
18862,563
18863,517
18864,575
18866,458
18869,331
18871,113
18875,832
18881,59
18882,496
18884,133
18887,707
18889,641
18893,611
18894,38
18898,333
18899,772
18900,310
18901,465
18903,391
18904,231
18905,447
18907,286
18911,473
18912,402
18913,117
18916,46
18917,255
18918,764
18920,839
18927,219
18928,788
18933,270
18936,577
18937,559
18940,523
18942,591
18947,385
18948,14
18953,490
18956,791
18957,622
18958,54
18960,20
18963,682
18965,178
18967,287
18968,223
18970,303
18971,835
18973,220
18974,12
18975,302
18976,240
18977,424
18978,677
18983,374
18984,721
18989,203
18990,345
18991,815
18994,832
18997,216
18998,568
18999,558
19000,789
19001,265
19003,152
19004,725
19006,114
19010,403
19011,644
19012,428
19017,728
19018,628
19019,745
19020,459
19022,415
19023,122
19024,139
19026,298
19029,52
19036,713
19038,323
19042,424
19043,708
19045,435
19046,535
19051,265
19052,506
19053,575
19054,715
19058,47
19059,417
19062,496
19063,320
19064,432
19065,572
19066,493
19068,288
19075,675
19076,819
19078,265
19081,148
19082,686
19084,176
19090,12
19093,329
19094,620
19096,631
19101,347
19102,467
19105,416
19106,215
19110,607
19112,354
19113,106
19119,667
19120,207
19121,80
19122,492
19123,68
19124,118
19125,436
19127,490
19128,370
19135,8
19139,268
19141,557
19145,356
19146,302
19147,162
19148,240
19149,28
19150,379
19153,276
19154,194
19155,196
19159,250
19160,110
19163,368
19174,465
19176,550
19177,59
19178,243
19180,331
19186,456
19189,590
19190,136
19191,175
19192,228
19193,87
19195,397
19196,770
19198,721
19200,589
19203,70
19204,236
19205,498
19206,821
19207,805
19212,34
19213,533
19214,775
19215,818
19216,129
19226,83
19229,734
19233,296
19234,35
19235,94
19237,273
19240,141
19241,303
19243,503
19244,239
19248,708
19249,261
19254,423
19255,370
19257,809
19258,163
19259,17
19260,564
19261,720
19266,44
19267,311
19268,376
19269,430
19270,778
19272,80
19277,80
19278,450
19279,783
19280,144
19281,445
19283,372
19285,99
19286,240
19291,50
19292,646
19293,762
19294,68
19295,145
19298,686
19306,94
19310,632
19311,278
19313,595
19315,426
19316,60
19317,504
19319,471
19320,172
19322,413
19323,791
19325,73
19327,715
19330,592
19332,577
19333,71
19334,794
19335,435
19338,572
19342,6
19343,744
19347,692
19350,184
19352,750
19355,419
19357,584
19361,243
19363,668
19364,441
19365,483
19366,146
19368,552
19373,120
19374,671
19375,375
19376,845
19377,821
19378,39
19381,325
19385,635
19387,635
19389,337
19392,141
19393,453
19394,140
19395,124
19398,8
19399,164
19406,7
19407,337
19408,9
19409,228
19411,655
19413,395
19414,55
19415,748
19417,47
19418,87
19424,488
19427,462
19428,498
19431,411
19432,524
19434,48
19437,241
19438,320
19439,183
19441,25
19442,417
19443,719
19444,788
19445,343
19447,735
19448,784
19449,692
19454,117
19455,489
19463,803
19464,217
19472,193
19473,691
19475,272
19477,551
19481,177
19482,459
19485,166
19486,68
19490,537
19493,477
19495,241
19497,665
19498,631
19502,319
19503,802
19504,167
19508,264
19509,31
19515,743
19516,697
19518,182
19520,410
19521,101
19525,504
19526,770
19528,186
19533,402
19534,356
19536,736
19537,445
19538,712
19539,423
19542,832
19545,797
19546,197
19551,200
19552,265
19553,353
19554,94
19555,198
19558,541
19559,690
19564,306
19568,659
19570,635
19572,249
19574,708
19576,507
19578,833
19580,394
19581,745
19585,227
19587,722
19588,806
19590,844
19592,780
19595,80
19598,100
19599,764
19603,47
19609,848
19610,298
19611,206
19614,60
19618,118
19619,111
19622,283
19624,525
19627,279
19630,14
19636,774
19637,275
19639,724
19640,210
19641,529
19642,783
19643,186
19644,496
19645,126
19649,629
19651,333
19653,96
19655,84
19658,87
19660,82
19661,84
19667,89
19669,469
19670,627
19676,603
19677,189
19679,356
19681,485
19683,170
19685,736
19687,408
19690,421
19692,728
19693,733
19694,771
19695,595
19703,53
19704,846
19705,119
19707,380
19710,335
19711,160
19715,804
19717,5
19718,403
19719,366
19720,112
19721,526
19722,192
19724,123
19726,842
19727,164
19728,215
19730,68
19731,35
19732,175
19733,104
19734,690
19735,567
19740,351
19741,240
19747,593
19749,478
19753,148
19755,231
19756,233
19757,7
19758,120
19759,81
19763,583
19764,370
19765,125
19766,107
19767,258
19768,505
19769,689
19774,298
19777,676
19781,162
19785,700
19786,818
19788,650
19790,274
19791,605
19794,428
19795,322
19799,411
19800,815
19803,30
19806,529
19807,143
19809,58
19815,79
19817,61
19821,430
19823,210
19825,399
19826,136
19828,389
19830,20
19837,823
19838,31
19843,190
19845,79
19847,535
19848,163
19851,702
19853,175
19856,300
19862,652
19866,116
19867,259
19868,32
19869,699
19871,424
19872,674
19874,841
19876,768
19879,501
19880,376
19883,435
19886,230
19887,278
19889,418
19891,581
19893,563
19896,503
19898,472
19899,125
19903,473
19905,470
19907,67
19914,188
19915,28
19916,117
19919,662
19920,506
19924,117
19928,448
19932,331
19933,481
19934,514
19935,636
19938,422
19941,642
19942,375
19943,407
19944,770
19948,589
19951,61
19954,731
19955,828
19956,303
19958,250
19962,734
19963,106
19964,59
19965,173
19966,646
19967,568
19970,129
19972,745
19973,91
19974,323
19976,444
19978,209
19980,700
19983,751
19986,147
19987,220
19988,843
19990,707
19991,225
19994,214
19996,812
20000,438
20001,803
20002,524
20005,68
20007,360
20013,608
20014,747
20015,406
20021,194
20024,129
20026,387
20027,124
20028,529
20031,689
20039,582
20041,676
20045,848
20046,842
20047,704
20049,69
20052,165
20054,168
20056,8
20057,673
20060,44
20064,549
20068,118
20070,545
20075,723
20076,244
20077,229
20078,218
20081,146
20083,158
20084,548
20085,456
20086,52
20089,848
20094,783
20095,434
20096,505
20098,309
20099,823
20100,420
20102,362
20106,806
20107,383
20110,555
20113,157
20114,780
20115,469
20116,243
20118,805
20120,604
20121,396
20122,459
20125,408
20126,379
20129,36
20131,53
20133,57
20136,21
20137,287
20139,314
20140,228
20143,429
20144,845
20146,330
20149,373
20152,469
20153,343
20154,506
20155,449
20157,833
20160,275
20163,674
20168,125
20172,290
20179,784
20181,101
20186,773
20189,754
20192,25
20193,513
20198,50
20203,649
20205,542
20206,626
20208,218
20211,232
20213,433
20218,543
20219,128
20220,711
20223,16
20230,834
20231,326
20234,539
20235,242
20239,12
20240,204
20242,411
20244,636
20245,436
20246,102
20247,72
20248,44
20250,161
20256,531
20261,298
20262,543
20264,486
20267,27
20271,8
20276,363
20277,99
20280,191
20281,796
20282,612
20284,481
20287,353
20288,619
20289,304
20291,499
20293,384
20294,151
20296,805
20297,588
20298,22
20299,233
20302,708
20304,814
20305,322
20306,753
20307,399
20309,418
20310,411
20313,237
20317,708
20321,209
20323,40
20324,293
20325,464
20326,488
20327,773
20328,762
20329,288
20333,223
20337,245
20338,638
20339,851
20340,539
20341,196
20343,714
20344,823
20345,143
20347,211
20348,723
20350,333
20356,847
20361,515
20362,438
20364,133
20371,573
20373,550
20374,99
20377,729
20378,674
20379,223
20380,26
20384,836
20385,371
20387,226
20388,594
20395,445
20397,201
20398,73
20405,708
20407,649
20411,845
20412,778
20413,458
20414,590
20415,166
20419,39
20420,295
20422,449
20424,570
20425,40
20427,396
20428,202
20429,438
20432,292
20437,785
20441,579
20443,802
20445,555
20448,97
20450,58
20451,650
20453,597
20455,371
20456,645
20461,402
20464,814
20466,591
20467,644
20468,789
20469,590
20473,459
20474,459
20476,775
20479,580
20482,757
20484,502
20487,632
20490,549
20491,587
20492,733
20495,683
20497,450
20502,385
20504,744
20505,534
20513,130
20516,28
20518,223
20521,494
20523,404
20526,559
20527,409
20528,253
20529,761
20530,531
20537,558
20538,210
20541,850
20544,281
20552,310
20554,146
20558,516
20559,51
20560,821
20561,356
20562,390
20563,368
20566,96
20567,256
20571,12
20572,576
20573,0
20574,517
20577,708
20580,155
20581,161
20583,133
20584,91
20586,849
20591,255
20593,53
20595,321
20596,299
20597,28
20598,234
20599,821
20602,242
20605,779
20606,25
20607,521
20608,509
20609,502
20610,307
20614,686
20616,567
20618,533
20624,15
20625,433
20626,168
20627,520
20629,292
20633,456
20635,696
20637,605
20639,614
20641,70
20643,254
20644,242
20646,471
20647,274
20651,239
20652,231
20654,703
20655,593
20656,254
20658,358
20659,603
20661,176
20663,285
20665,344
20667,340
20669,329
20671,98
20672,386
20674,629
20676,593
20683,419
20684,382
20685,453
20686,836
20687,663
20695,845
20698,147
20703,227
20705,327
20707,841
20708,398
20709,161
20710,278
20713,624
20722,802
20723,24
20724,227
20726,104
20734,27
20735,132
20738,61
20739,65
20742,827
20745,802
20746,279
20752,135
20753,2
20754,724
20755,140
20757,348
20758,0
20759,279
20761,403
20763,670
20765,592
20769,834
20773,66
20775,482
20776,751
20777,751
20779,545
20785,469
20787,71
20789,292
20790,406
20791,226
20793,129
20796,428
20797,698
20799,56
20800,215
20802,568
20803,113
20804,554
20806,285
20807,42
20809,239
20810,47
20817,691
20821,826
20823,20
20824,458
20825,105
20826,728
20827,502
20831,482
20834,328
20835,60
20836,182
20838,285
20840,211
20841,679
20843,488
20844,643
20845,569
20846,216
20847,535
20853,519
20856,431
20862,406
20868,12
20871,472
20872,773
20875,88
20876,64
20877,357
20880,439
20882,563
20883,160
20884,51
20888,330
20889,605
20890,545
20893,183
20895,11
20897,519
20898,453
20900,795
20901,517
20903,95
20905,613
20907,721
20911,124
20913,215
20915,526
20916,450
20922,823
20923,766
20927,407
20929,651
20930,465
20933,633
20934,846
20936,297
20937,303
20939,154
20940,235
20941,128
20943,35
20944,214
20947,245
20948,813
20950,48
20952,452
20953,281
20954,523
20956,210
20957,176
20958,281
20959,378
20963,506
20966,382
20968,369
20969,770
20971,544
20973,658
20975,156
20976,703
20977,847
20979,7
20980,760
20981,87
20987,563
20999,540
21001,319
21002,769
21003,797
21004,631
21005,185
21007,807
21010,355
21012,816
21014,63
21015,323
21018,346
21019,434
21020,802
21026,288
21027,205
21033,440
21037,242
21038,135
21039,829
21040,212
21041,397
21044,420
21046,250
21047,352
21049,57
21050,330
21051,614
21052,376
21053,533
21055,21
21058,277
21061,279
21063,353
21066,632
21067,724
21068,613
21069,183
21072,600
21075,443
21076,754
21083,219
21084,747
21085,347
21086,194
21088,336
21090,304
21095,717
21098,744
21099,791
21100,145
21101,226
21102,215
21103,410
21106,137
21108,556
21112,109
21113,484
21116,700
21118,574
21119,412
21120,227
21121,658
21126,791
21129,660
21134,458
21136,495
21138,290
21140,70
21141,1
21142,750
21144,751
21145,448
21151,241
21152,660
21153,202
21157,692
21158,29
21160,518
21161,280
21163,613
21164,806
21166,314
21173,605
21174,260
21175,39
21177,354
21179,517
21180,249
21181,61
21182,486
21185,579
21191,851
21194,38
21195,101
21198,400
21203,380
21204,182
21206,779
21207,59
21210,448
21217,468
21218,436
21220,604
21229,638
21230,118
21232,822
21237,835
21240,603
21250,666
21252,62
21253,527
21254,586
21255,795
21256,60
21257,803
21260,237
21267,403
21268,691
21269,82
21275,497
21280,317
21281,413
21282,206
21284,846
21286,151
21290,421
21296,827
21299,560
21300,167
21302,454
21303,115
21304,475
21306,33
21307,693
21310,77
21311,237
21313,16
21314,602
21317,762
21318,542
21321,282
21324,101
21325,480
21328,629
21329,656
21330,121
21331,600
21334,427
21335,678
21336,840
21337,641
21339,2
21344,398
21345,117
21347,650
21348,338
21350,224
21359,763
21360,628
21361,3
21362,590
21364,492
21365,45
21368,367
21369,765
21370,557
21378,310
21380,61
21381,105
21383,646
21385,351
21386,688
21387,834
21389,525
21392,503
21393,686
21395,122
21397,729
21398,36
21400,650
21402,633
21403,234
21404,629
21407,446
21410,154
21412,269
21415,666
21416,709
21420,392
21421,380
21422,310
21425,37
21427,373
21429,703
21433,580
21435,212
21438,78
21439,229
21442,208
21443,584
21445,290
21446,709
21449,433
21451,227
21452,754
21455,833
21456,417
21458,273
21459,458
21461,673
21462,558
21465,84
21466,100
21468,584
21469,562
21471,15
21472,267
21473,413
21482,678
21485,392
21488,759
21489,190
21490,79
21491,50
21493,252
21494,833
21500,72
21501,462
21503,232
21504,25
21505,774
21510,706
21511,211
21513,368
21515,751
21516,364
21518,221
21521,337
21523,833
21525,442
21526,151
21527,325
21532,229
21534,755
21536,106
21537,283
21538,845
21539,33
21540,69
21541,773
21542,747
21544,212
21549,537
21550,328
21552,229
21554,311
21556,204
21558,722
21559,749
21560,184
21564,465
21566,519
21568,531
21570,282
21571,15
21573,223
21578,223
21583,439
21585,449
21587,25
21590,346
21591,650
21593,364
21595,388
21596,747
21597,812
21598,275
21599,337
21600,517
21603,747
21607,580
21608,212
21618,657
21619,750
21620,571
21621,3
21622,651
21624,165
21631,565
21635,160
21636,600
21637,495
21642,445
21645,68
21649,469
21651,237
21653,577
21655,678
21656,533
21657,508
21661,674
21662,327
21663,411
21664,12
21668,769
21671,65
21672,38
21673,516
21675,176
21676,622
21677,850
21678,625
21679,716
21688,63
21690,677
21692,639
21693,200
21694,748
21696,356
21699,164
21702,750
21703,811
21708,32
21711,126
21714,357
21717,54
21719,454
21721,141
21723,383
21724,371
21729,536
21730,309
21732,739
21737,188
21740,709
21743,192
21745,514
21746,354
21748,545
21751,375
21754,548
21757,681
21759,801
21760,645
21764,760
21766,816
21768,494
21769,87
21772,413
21773,351
21776,158
21780,315
21785,156
21788,846
21790,508
21794,599
21795,588
21796,244
21797,448
21799,248
21801,358
21802,444
21805,477
21806,39
21807,640
21808,26
21809,274
21810,692
21812,243
21813,708
21815,190
21816,355
21817,155
21818,544
21819,224
21821,342
21823,576
21824,187
21827,248
21829,600
21832,260
21834,807
21835,551
21837,176
21842,753
21843,765
21845,530
21846,289
21848,108
21849,602
21850,391
21853,673
21854,817
21856,703
21858,87
21862,228
21865,505
21866,74
21867,259
21870,684
21871,635
21872,828
21874,380
21884,495
21885,143
21896,419
21898,631
21900,603
21901,687
21903,55
21904,527
21905,60
21907,134
21909,204
21912,341
21914,27
21918,307
21919,735
21924,437
21925,178
21926,470
21927,328
21928,742
21929,202
21930,84
21934,542
21935,704
21936,554
21939,823
21941,780
21943,111
21945,61
21947,382
21950,210
21952,426
21954,595
21956,543
21960,507
21963,790
21964,38
21965,246
21968,260
21969,751
21970,208
21972,58
21978,619
21979,614
21982,363
21984,675
21987,745
21988,818
21989,308
21991,479
21993,739
21994,133
21996,652
21998,534
22000,690
22003,436
22007,557
22008,65
22009,277
22010,725
22011,664
22014,609
22015,444
22019,94
22020,368
22021,779
22022,211
22024,667
22025,715
22028,639
22029,672
22032,398
22033,248
22037,220
22038,249
22039,351
22040,205
22041,296
22042,60
22047,120
22049,842
22052,107
22053,412
22055,472
22057,106
22061,86
22064,527
22065,766
22067,705
22068,765
22071,378
22072,820
22073,9
22076,457
22078,396
22079,180
22081,121
22090,233
22091,18
22094,486
22096,268
22097,409
22098,367
22100,13
22104,335
22109,747
22110,203
22113,380
22115,61
22116,846
22117,118
22118,521
22122,492
22123,477
22127,697
22129,1
22133,482
22134,714
22135,442
22136,57
22141,773
22142,440
22144,48
22146,769
22149,577
22154,251
22155,284
22156,76
22158,104
22159,155
22161,114
22163,203
22164,129
22165,387
22168,747
22171,48
22173,511
22175,17
22176,262
22177,389
22178,516
22180,561
22181,373
22184,91
22185,325
22193,724
22195,254
22197,837
22199,782
22200,42
22201,503
22202,496
22204,189
22205,360
22213,620
22214,323
22217,523
22223,479
22224,160
22227,30
22228,62
22231,487
22232,69
22233,472
22234,414
22235,214
22238,399
22239,757
22241,569
22244,337
22247,187
22248,536
22249,621
22250,396
22251,807
22255,574
22256,124
22258,216
22261,505
22264,414
22267,484
22269,701
22271,760
22272,213
22277,394
22278,289
22279,793
22284,502
22287,369
22288,324
22290,308
22291,457
22293,430
22294,636
22295,62
22298,104
22300,845
22301,80
22304,142
22308,604
22309,568
22311,658
22314,552
22315,581
22319,324
22325,760
22327,498
22328,796
22331,339
22335,224
22340,811
22343,20
22345,724
22346,129
22347,408
22348,665
22351,636
22354,47
22358,799
22359,200
22360,434
22361,140
22363,152
22367,623
22368,393
22372,822
22375,327
22382,590
22383,56
22384,319
22387,560
22389,296
22393,634
22394,83
22398,310
22400,220
22402,99
22403,621
22406,795
22407,50
22410,84
22411,16
22413,68
22414,406
22415,172
22416,86
22417,487
22425,292
22427,840
22431,89
22433,250
22435,357
22436,722
22437,445
22438,138
22439,169
22442,413
22443,837
22444,497
22446,34
22449,41
22451,631
22452,820
22453,272
22459,512
22460,150
22463,11
22465,270
22466,743
22468,121
22470,146
22472,463
22474,33
22475,815
22476,292
22477,528
22478,636
22480,836
22481,277
22482,838
22486,341
22488,127
22490,67
22491,65
22495,824
22496,831
22497,656
22502,378
22503,590
22505,565
22507,625
22510,113
22513,83
22514,620
22517,250
22524,699
22525,152
22526,26
22528,428
22529,96
22530,757
22535,479
22537,629
22538,472
22542,55
22546,526
22547,205
22549,784
22553,145
22555,9
22556,801
22557,584
22559,65
22560,353
22561,158
22562,462
22564,129
22566,187
22567,391
22568,638
22577,835
22583,537
22584,426
22587,370
22589,1
22594,780
22599,26
22600,34
22601,751
22602,522
22606,529
22607,538
22612,780
22614,829
22615,100
22620,193
22624,393
22625,563
22627,444
22629,703
22630,544
22631,691
22632,463
22633,466
22635,127
22637,562
22640,641
22642,129
22650,313
22652,695
22654,311
22655,697
22656,454
22659,266
22660,170
22661,365
22666,45
22667,474
22668,751
22670,526
22671,211
22674,280
22675,208
22676,456
22678,791
22680,765
22684,766
22685,512
22686,654
22689,649
22690,420
22691,812
22692,344
22693,360
22695,150
22696,486
22697,55
22698,45
22701,27
22704,592
22707,726
22708,610
22709,626
22710,352
22711,133
22712,714
22713,385
22714,478
22715,336
22718,755
22719,109
22724,85
22726,16
22728,559
22732,13
22733,327
22735,753
22742,524
22744,832
22745,223
22749,351
22750,783
22753,340
22756,254
22757,197
22758,371
22761,707
22762,840
22764,330
22766,393
22770,728
22771,350
22773,602
22774,734
22776,45
22778,764
22781,145
22782,164
22786,358
22789,309
22790,432
22792,668
22794,770
22796,587
22798,518
22799,32
22801,422
22805,414
22807,693
22811,145
22816,225
22820,254
22822,669
22823,90
22825,670
22826,217
22827,504
22829,836
22831,62
22832,783
22835,800
22839,101
22841,720
22846,444
22848,688
22851,448
22852,748
22853,770
22855,46
22856,359
22858,76
22859,269
22862,218
22866,703
22870,512
22877,435
22879,318
22881,24
22882,353
22885,189
22889,432
22891,284
22892,830
22894,526
22895,295
22896,251
22903,574
22907,392
22910,95
22912,761
22913,743
22917,462
22919,291
22923,192
22924,428
22928,790
22930,6
22934,537
22936,365
22939,51
22940,600
22943,594
22945,439
22947,30
22949,731
22951,487
22953,667
22955,260
22957,55
22960,609
22961,762
22962,531
22967,26
22968,662
22969,804
22970,660
22971,11
22975,428
22977,39
22979,422
22980,749
22982,276
22984,450
22989,276
22990,508
22991,154
22993,292
22994,736
22995,750
22997,489
22998,232
23006,118
23009,762
23011,220
23013,374
23014,534
23015,59
23017,213
23022,832
23024,90
23025,18
23027,107
23028,622
23029,649
23032,658
23036,333
23041,676
23045,702
23047,759
23048,222
23049,418
23051,678
23052,661
23053,584
23056,297
23063,680
23066,409
23068,3
23071,603
23072,564
23073,445
23076,355
23078,290
23080,685
23085,80
23086,620
23087,292
23089,775
23090,604
23100,658
23102,480
23103,183
23109,137
23112,743
23113,16
23114,20
23115,468
23122,110
23123,286
23125,468
23126,404
23129,472
23130,807
23133,532
23137,259
23139,764
23140,568
23141,599
23142,7
23144,773
23145,517
23146,3
23151,132
23152,187
23153,377
23161,667
23167,317
23173,216
23174,430
23175,34
23176,13
23178,201
23180,760
23181,812
23184,406
23187,284
23188,410
23193,386
23197,409
23199,437
23200,387
23202,771
23205,176
23206,536
23208,312
23211,108
23212,588
23213,746
23214,362
23215,816
23222,240
23223,22
23225,558
23234,172
23235,652
23236,359
23239,554
23245,353
23247,794
23248,370
23250,721
23252,781
23256,335
23259,387
23260,808
23261,204
23262,690
23264,371
23270,790
23274,123
23278,782
23280,700
23281,570
23282,405
23283,554
23285,695
23289,166
23291,526
23294,380
23295,18
23297,422
23299,465
23300,831
23301,401
23304,835
23306,194
23309,716
23310,303
23314,74
23318,299
23319,30
23321,19
23323,379
23324,265
23326,67
23329,812
23330,195
23331,576
23332,397
23333,501
23339,512
23340,449
23343,724
23344,774
23345,537
23348,113
23352,741
23354,651
23356,77
23358,193
23360,494
23362,624
23363,237
23364,728
23368,745
23369,660
23372,32
23373,259
23374,430
23377,615
23380,296
23381,489
23388,478
23389,221
23392,288
23393,203
23394,797
23395,704
23399,827
23402,786
23404,409
23405,40
23408,183
23409,364
23410,340
23411,379
23415,286
23416,736
23417,132
23418,316
23424,397
23425,615
23426,750
23429,153
23430,621
23432,597
23434,453
23437,469
23439,263
23445,528
23446,354
23448,669
23453,526
23462,502
23463,614
23464,227
23468,368
23469,8
23471,484
23473,561
23476,522
23477,162
23481,184
23482,696
23485,36
23486,189
23489,491
23490,75
23494,751
23495,195
23498,615
23500,410
23501,264
23502,727
23508,624
23511,445
23513,652
23515,732
23517,496
23519,158
23521,788
23528,493
23530,311
23532,529
23533,643
23534,523
23535,105
23536,17
23537,210
23538,102
23542,676
23544,661
23545,273
23547,201
23549,131
23550,512
23551,140
23552,436
23554,246
23555,345
23559,394
23567,389
23570,103
23571,841
23573,292
23574,773
23575,646
23577,540
23578,184
23581,168
23583,552
23584,120
23585,158
23586,179
23590,827
23594,745
23600,641
23601,343
23606,165
23610,649
23612,130
23613,792
23617,423
23618,134
23621,233
23624,464
23627,415
23628,770
23630,171
23633,275
23634,743
23641,354
23642,394
23645,312
23649,528
23650,739
23652,394
23653,476
23662,638
23664,189
23665,755
23668,836
23673,200
23677,300
23679,29
23680,829
23681,815
23682,222
23683,9
23684,794
23685,413
23687,171
23689,6
23697,751
23700,171
23702,290
23706,674
23707,842
23712,615
23713,674
23714,747
23718,137
23719,111
23720,135
23721,383
23724,675
23727,603
23728,719
23729,334
23733,90
23736,125
23738,314
23742,174
23744,313
23746,298
23747,347
23749,799
23752,639
23754,753
23755,764
23756,701
23757,798
23758,811
23766,224
23768,455
23769,293
23771,192
23772,386
23780,503
23781,683
23782,476
23783,835
23784,541
23785,659
23787,159
23791,14
23796,450
23798,88
23799,333
23800,123
23801,21
23804,507
23808,105
23809,285
23810,797
23814,141
23817,436
23819,279
23821,699
23822,461
23823,418
23824,512
23825,159
23830,106
23833,61
23835,275
23840,470
23845,645
23848,54
23849,275
23852,231
23853,534
23854,140
23859,671
23862,23
23866,399
23871,765
23875,723
23878,850
23879,359
23882,148
23883,414
23885,835
23889,116
23890,64
23891,723
23894,551
23896,275
23899,680
23900,103
23909,31
23910,91
23911,51
23912,188
23913,84
23914,815
23915,8
23916,137
23922,147
23923,48
23925,768
23927,463
23928,352
23931,255
23934,408
23936,210
23937,100
23938,700
23940,689
23941,438
23943,591
23947,88
23957,293
23958,745
23960,113
23961,574
23963,452
23964,100
23965,802
23966,348
23970,646
23972,846
23977,474
23978,159
23979,705
23981,114
23982,786
23985,846
23987,71
23989,498
23993,179
23994,130
23995,457
23996,338
23999,447
24002,729
24003,823
24004,710
24006,35
24007,62
24008,471
24014,227
24016,192
24018,473
24019,602
24020,447
24026,595
24027,21
24028,553
24030,9
24032,770
24033,437
24034,58
24036,131
24039,26
24040,250
24041,281
24045,167
24046,523
24049,109
24050,464
24051,613
24055,53
24056,96
24057,751
24062,462
24073,668
24075,361
24076,131
24077,847
24078,258
24079,804
24080,775
24087,820
24090,101
24091,850
24094,603
24096,736
24098,273
24104,99
24108,726
24109,220
24113,203
24118,544
24120,612
24122,180
24127,442
24130,81
24131,124
24133,310
24135,172
24136,372
24139,251
24141,404
24142,384
24143,507
24144,308
24145,503
24146,437
24148,537
24150,167
24153,342
24154,711
24157,150
24159,495
24160,198
24161,14
24162,9
24164,233
24165,290
24166,88
24167,686
24168,476
24170,332
24172,578
24180,662
24181,144
24182,619
24185,745
24186,726
24187,568
24188,645
24191,306
24192,410
24193,222
24194,748
24198,837
24202,412
24206,476
24208,195
24212,238
24214,694
24215,247
24217,613
24219,100
24221,153
24222,677
24223,228
24225,779
24228,54
24231,535
24238,776
24241,271
24243,587
24244,814
24246,732
24247,171
24250,503
24253,776
24255,848
24258,375
24261,568
24265,603
24268,214
24273,287
24274,537
24279,342
24280,2
24282,279
24284,158
24286,404
24289,655
24291,780
24293,352
24295,440
24296,737
24297,538
24300,841
24301,173
24306,695
24307,409
24308,396
24313,596
24314,643
24316,248
24321,302
24325,367
24328,693
24329,415
24330,279
24335,475
24338,664
24339,255
24341,502
24343,412
24345,260
24348,641
24351,236
24354,84
24355,534
24358,242
24359,565
24363,85
24364,577
24366,507
24367,586
24371,694
24372,59
24373,256
24374,151
24376,86
24378,741
24379,728
24380,358
24382,457
24384,258
24386,225
24388,683
24390,371
24391,353
24394,359
24395,351
24398,321
24400,464
24403,234
24406,147
24407,570
24411,20
24417,792
24418,695
24424,362
24426,355
24427,235
24430,115
24432,53
24433,87
24435,651
24438,414
24441,548
24446,209
24448,611
24449,722
24453,496
24456,375
24458,526
24460,541
24463,590
24464,625
24466,355
24469,660
24473,506
24474,777
24479,589
24481,536
24483,263
24488,312
24489,843
24490,51
24491,5
24493,518
24495,756
24497,440
24500,685
24501,208
24504,83
24505,269
24506,85
24509,715
24511,441
24513,457
24515,266
24518,840
24519,250
24520,565
24521,441
24522,336
24523,269
24524,806
24525,421
24527,566
24530,761
24534,271
24536,122
24543,701
24544,568
24546,9
24548,572
24550,332
24553,465
24559,569
24560,370
24561,634
24563,295
24565,471
24566,516
24567,308
24568,117
24569,104
24570,683
24572,581
24576,459
24578,507
24579,396
24583,690
24584,425
24587,383
24588,250
24589,375
24591,684
24592,271
24593,464
24594,410
24595,33
24596,694
24598,299
24601,842
24602,489
24603,293
24604,397
24609,627
24610,442
24613,35
24619,478
24620,622
24624,735
24625,571
24628,85
24629,325
24630,583
24632,294
24633,544
24635,771
24636,13
24637,83
24639,653
24640,97
24643,512
24646,64
24647,728
24648,296
24651,192
24652,342
24656,307
24658,79
24661,222
24662,796
24670,847
24671,297
24674,327
24676,806
24677,542
24680,213
24682,763
24684,465
24686,484
24687,485
24688,461
24689,314
24690,241
24699,209
24703,568
24707,161
24710,289
24711,26
24712,606
24713,418
24721,830
24722,548
24724,271
24725,17
24727,71
24728,228
24738,589
24739,453
24740,538
24741,561
24743,378
24744,401
24749,562
24751,530
24757,741
24760,703
24762,371
24765,382
24769,778
24771,81
24775,342
24777,230
24779,659
24780,92
24781,789
24783,680
24784,418
24785,231
24788,339
24791,51
24792,196
24794,326
24796,743
24797,517
24798,595
24800,663
24801,688
24802,303
24803,14
24811,818
24812,171
24815,140
24816,437
24818,659
24822,13
24825,728
24827,175
24833,480
24835,326
24840,815
24842,579
24843,162
24844,576
24845,238
24846,435
24853,577
24854,725
24855,445
24859,184
24862,783
24865,757
24869,613
24873,644
24887,680
24888,223
24890,640
24892,655
24893,155
24904,83
24905,469
24908,213
24909,43
24910,100
24912,569
24916,545
24917,380
24920,335
24922,641
24925,393
24927,40
24928,272
24930,759
24932,636
24934,603
24941,37
24943,16
24949,65
24951,480
24953,354
24960,625
24962,678
24964,787
24965,503
24966,582
24968,276
24969,163
24970,370
24971,5
24974,262
24976,284
24977,739
24979,659
24980,580
24983,235
24984,330
24985,16
24992,499
24993,95
24995,623
24996,698
24999,775
25001,168
25002,342
25003,239
25006,285
25007,590
25008,348
25009,301
25012,502
25013,526
25014,476
25017,82
25022,309
25024,63
25025,485
25026,380
25029,166
25030,788
25031,808
25035,838
25039,544
25041,502
25046,537
25051,710
25052,548
25054,678
25056,465
25058,268
25060,16
25061,19
25062,538
25063,659
25065,208
25066,53
25070,419
25071,799
25073,169
25075,110
25078,382
25080,636
25082,402
25083,465
25084,370
25085,376
25087,157
25088,369
25092,540
25094,841
25096,378
25097,787
25100,231
25101,551
25103,239
25104,284
25105,737
25106,310
25108,339
25109,761
25110,376
25113,211
25116,664
25120,665
25121,253
25122,225
25123,732
25124,8
25125,114
25126,487
25127,663
25129,713
25130,327
25132,825
25133,654
25137,330
25141,243
25143,715
25145,203
25146,588
25152,19
25153,782
25155,84
25156,195
25157,460
25160,429
25161,829
25162,462
25165,552
25170,415
25172,167
25173,186
25174,690
25177,777
25181,269
25184,225
25185,747
25187,804
25189,417
25198,761
25202,534
25203,374
25204,372
25207,472
25209,442
25212,607
25216,332
25217,402
25219,500
25220,585
25221,273
25222,707
25224,643
25225,598
25227,697
25228,569
25230,405
25232,334
25233,696
25234,743
25237,163
25239,652
25242,744
25243,339
25244,489
25245,399
25247,610
25249,551
25251,349
25253,89
25254,791
25255,251
25257,840
25261,755
25262,210
25267,451
25268,520
25269,99
25270,760
25271,447
25272,820
25273,89
25277,754
25282,367
25283,104
25285,119
25289,795
25290,619
25293,404
25295,431
25297,335
25300,222
25303,135
25307,706
25311,295
25312,138
25313,349
25314,455
25315,317
25317,569
25318,505
25319,714
25320,62
25323,64
25324,81
25325,64
25328,58
25330,205
25331,210
25333,716
25334,181
25335,513
25336,249
25339,275
25341,431
25342,755
25344,552
25346,75
25350,215
25351,412
25358,697
25359,436
25360,647
25366,708
25368,412
25371,122
25372,14
25373,604
25375,360
25376,430
25377,763
25378,339
25380,156
25383,605
25384,357
25385,772
25387,580
25389,254
25391,780
25395,624
25396,562
25397,288
25399,683
25401,634
25403,139
25407,460
25409,230
25410,677
25412,208
25413,700
25416,500
25419,219
25422,174
25423,226
25425,382
25426,116
25428,181
25429,519
25430,235
25431,544
25432,183
25435,83
25436,196
25441,542
25443,789
25445,445
25452,549
25453,182
25458,637
25460,173
25461,327
25464,211
25465,835
25466,637
25468,11
25471,96
25472,216
25473,208
25475,831
25478,510
25487,524
25490,845
25492,305
25493,524
25497,273
25499,341
25500,564
25501,488
25504,125
25508,60
25509,665
25510,361
25511,717
25515,434
25517,662
25518,711
25520,492
25523,744
25524,845
25525,5
25526,109
25530,30
25533,557
25539,457
25540,494
25541,181
25543,138
25546,490
25549,677
25551,246
25553,363
25554,110
25556,351
25558,464
25559,108
25561,336
25562,592
25566,813
25569,756
25571,85
25574,181
25576,780
25577,668
25582,645
25585,241
25587,534
25590,653
25592,92
25593,372
25595,410
25600,154
25602,411
25604,804
25606,102
25607,190
25608,225
25610,736
25618,682
25621,257
25622,365
25625,422
25626,232
25628,533
25630,823
25633,304
25635,146
25643,697
25645,383
25650,286
25651,40
25653,687
25655,601
25656,804
25658,318
25663,654
25666,31
25668,28
25670,182
25673,13
25675,102
25678,285
25681,678
25686,412
25689,592
25690,658
25691,263
25693,614
25695,620
25700,422
25701,242
25705,385
25707,31
25709,390
25710,388
25716,443
25718,490
25719,755
25721,446
25725,758
25728,38
25730,634
25731,328
25733,440
25734,158
25741,583
25742,98
25746,90
25747,361
25750,727
25751,752
25754,723
25756,333
25760,90
25762,353
25766,401
25767,14
25768,157
25769,131
25772,474
25776,456
25780,549
25781,338
25783,128
25786,327
25787,806
25789,380
25791,275
25792,816
25794,502
25795,351
25800,732
25801,476
25803,136
25807,366
25809,819
25814,350
25818,409
25819,614
25820,360
25823,252
25825,570
25829,235
25833,92
25835,453
25838,456
25840,803
25842,569
25845,430
25847,171
25848,338
25850,714
25856,655
25860,694
25861,593
25862,118
25863,327
25865,191
25867,229
25870,47
25872,498
25874,540
25878,530
25880,379
25883,72
25884,735
25893,213
25898,485
25901,837
25904,69
25905,270
25910,586
25913,257
25916,757
25917,342
25920,127
25922,578
25926,550
25927,128
25928,747
25929,311
25935,386
25936,243
25939,428
25941,659
25943,714
25944,582
25952,162
25957,2
25959,278
25961,313
25965,661
25966,691
25968,21
25969,454
25970,619
25972,433
25975,818
25976,580
25978,133
25979,246
25982,318
25985,116
25986,121
25990,339
25993,530
25995,571
25996,752
25999,260
26000,503
26002,132
26005,154
26006,701
26007,39
26009,487
26010,680
26011,58
26012,141
26015,818
26017,645
26018,257
26019,171
26020,803
26021,46
26027,278
26028,659
26032,235
26033,187
26035,590
26036,278
26039,556
26040,556
26043,244
26045,789
26047,102
26049,725
26053,229
26054,825
26057,157
26060,264
26064,678
26066,787
26068,779
26069,307
26071,14
26074,807
26075,106
26076,489
26077,612
26078,430
26079,429
26080,576
26084,537
26087,430
26090,335
26092,419
26098,510
26099,672
26100,686
26101,425
26104,747
26106,112
26107,614
26108,768
26109,746
26110,346
26112,298
26116,732
26119,571
26120,550
26121,622
26122,647
26126,781
26127,329
26130,289
26134,35
26135,404
26136,412
26137,503
26138,58
26139,445
26143,452
26145,493
26146,750
26147,450
26148,83
26151,530
26154,479
26155,606
26156,456
26162,450
26165,194
26166,659
26167,437
26170,721
26174,68
26175,609
26178,262
26179,613
26182,552
26184,371
26187,778
26192,170
26194,560
26202,374
26203,119
26204,151
26206,746
26207,841
26209,224
26211,216
26212,439
26215,799
26216,822
26217,603
26220,39
26222,543
26223,634
26225,733
26226,743
26231,92
26238,539
26239,687
26242,708
26244,666
26245,642
26246,77
26249,312
26250,56
26256,190
26257,45
26258,314
26259,36
26260,343
26262,334
26263,194
26267,304
26270,435
26271,192
26272,460
26279,275
26280,407
26283,92
26285,728
26287,527
26289,45
26291,114
26292,51
26293,631
26295,317
26297,178
26298,202
26299,827
26301,637
26304,778
26305,590
26306,681
26311,91
26313,631
26315,604
26316,29
26319,265
26324,433
26327,847
26329,778
26331,312
26334,835
26341,523
26345,541
26347,189
26348,138
26353,3
26354,557
26355,353
26356,294
26357,640
26358,364
26359,591
26372,817
26375,339
26377,825
26380,163
26382,817
26383,801
26388,792
26390,842
26394,311
26396,21
26398,512
26399,760
26402,464
26404,630
26405,549
26406,733
26407,744
26408,624
26413,273
26414,18
26416,848
26418,552
26419,680
26420,608
26421,649
26423,786
26428,776
26431,451
26432,754
26434,635
26437,289
26439,348
26440,767
26441,33
26442,234
26456,305
26457,252
26462,820
26466,550
26468,549
26469,243
26470,595
26471,771
26472,429
26473,770
26474,358
26477,455
26478,526
26488,848
26489,0
26492,477
26495,255
26499,514
26500,834
26502,104
26503,428
26505,532
26507,726
26508,538
26510,284
26511,617
26519,564
26521,509
26522,615
26523,841
26524,390
26527,533
26531,479
26534,422
26536,77
26537,45
26538,368
26541,24
26543,220
26547,599
26548,248
26550,759
26551,10
26554,148
26555,793
26556,711
26559,598
26563,657
26565,292
26566,160
26567,93
26572,176
26573,498
26574,602
26575,141
26579,36
26581,381
26582,284
26585,746
26586,109
26589,683
26590,713
26591,682
26595,281
26597,665
26602,426
26603,412
26606,84
26607,229
26609,198
26610,650
26613,455
26614,448
26615,131
26619,567
26623,700
26624,228
26625,589
26627,418
26632,361
26633,119
26635,668
26636,204
26641,158
26642,467
26644,335
26645,825
26649,716
26653,497
26659,638
26660,381
26661,503
26663,715
26664,408
26668,620
26669,140
26670,834
26674,373
26676,195
26678,400
26680,7
26682,193
26688,710
26689,234
26693,475
26696,851
26697,764
26703,281
26706,90
26707,602
26717,58
26720,324
26722,2
26726,80
26728,476
26729,358
26732,155
26735,131
26736,71
26741,441
26742,562
26744,368
26748,192
26749,797
26754,405
26756,544
26759,523
26760,450
26761,544
26762,812
26764,151
26768,756
26769,300
26770,693
26771,731
26772,502
26773,216
26776,674
26777,523
26778,807
26779,191
26781,206
26782,167
26784,375
26789,678
26790,28
26792,281
26793,281
26794,614
26795,713
26796,205
26798,18
26800,790
26802,417
26811,378
26812,662
26814,338
26819,101
26820,386
26821,644
26825,47
26827,176
26830,381
26831,283
26832,754
26834,284
26836,43
26838,356
26840,260
26841,598
26847,670
26849,281
26851,104
26852,90
26855,707
26856,142
26866,674
26867,846
26869,784
26871,523
26873,398
26880,345
26882,16
26883,793
26884,2
26885,21
26889,53
26890,823
26893,658
26894,286
26895,681
26899,393
26903,409
26908,796
26909,68
