src_id,dst_id
0,0
1,0
2,0
3,0
4,0
5,0
6,0
7,0
8,0
9,0
10,0
11,0
12,0
13,0
14,0
15,0
16,0
17,0
18,0
19,0
20,0
21,0
22,0
23,0
24,0
25,0
26,0
27,0
28,0
29,0
30,1
31,1
32,1
33,1
34,1
35,1
36,1
37,1
38,1
39,1
40,1
41,1
42,1
43,1
44,1
45,1
46,1
47,1
48,1
49,1
50,1
51,1
52,1
53,1
54,1
55,1
56,1
57,1
58,1
59,1
60,1
61,1
62,1
63,1
64,1
65,1
66,1
67,1
68,1
69,1
70,1
71,1
72,1
73,1
74,1
75,1
76,1
77,1
78,1
79,1
80,1
81,1
82,1
83,2
84,2
85,2
86,2
87,2
88,2
89,2
90,2
91,2
92,2
93,2
94,2
95,2
96,2
97,2
98,2
99,2
100,2
101,2
102,2
103,2
104,2
105,2
106,2
107,2
108,2
109,2
110,2
111,2
112,2
113,2
114,2
115,2
116,2
117,2
118,2
119,2
120,2
121,2
122,2
123,2
124,2
125,2
126,2
127,2
128,2
129,2
130,2
131,2
132,2
133,2
134,2
135,2
136,2
137,2
138,2
139,2
140,2
141,2
142,2
143,2
144,2
145,2
146,2
147,2
148,2
149,2
150,2
151,2
152,2
153,2
154,2
155,2
156,2
157,2
158,2
159,2
160,2
161,2
162,2
163,2
164,2
165,2
166,2
167,2
168,2
169,2
170,2
171,2
172,2
173,2
174,2
175,2
176,2
177,2
178,2
179,2
180,2
181,2
182,2
183,2
184,2
185,2
186,2
187,2
188,2
189,2
190,2
191,2
192,2
193,2
194,2
195,2
196,2
197,2
198,2
199,2
200,2
201,2
202,2
203,2
204,2
205,2
206,3
207,3
208,3
209,3
210,3
211,3
212,3
213,3
214,3
215,3
216,3
217,3
218,3
219,3
220,3
221,3
222,3
223,3
224,3
225,3
226,3
227,3
228,3
229,3
230,3
231,3
232,3
233,3
234,3
235,3
236,3
237,3
238,3
239,3
240,3
241,3
242,3
243,3
244,3
245,3
246,3
247,3
248,3
249,3
250,3
251,3
252,3
253,3
254,3
255,3
256,3
257,3
258,3
259,3
260,3
261,3
262,3
263,4
264,4
265,4
266,4
267,4
268,4
269,4
270,4
271,4
272,4
273,4
274,4
275,4
276,4
277,4
278,4
279,4
280,4
281,4
282,4
283,4
284,4
285,4
286,4
287,4
288,4
289,4
290,4
291,4
292,4
293,4
294,4
295,4
296,4
297,4
298,4
299,4
300,4
301,4
302,4
303,4
304,4
305,4
306,4
307,4
308,4
309,4
310,4
311,4
312,4
313,4
314,4
315,4
316,4
317,4
318,4
319,4
320,4
321,4
322,4
323,4
324,4
325,4
326,4
327,4
328,4
329,4
330,4
331,4
332,4
333,4
334,4
335,4
336,4
337,4
338,4
339,4
340,4
341,4
342,4
343,4
344,4
345,4
346,4
347,4
348,4
349,4
350,4
351,4
352,4
353,4
354,4
355,4
356,4
357,4
358,4
359,4
360,4
361,4
362,4
363,4
364,4
365,4
366,4
367,4
368,4
369,4
370,4
371,4
372,4
373,4
374,4
375,4
376,4
377,4
378,5
379,5
380,5
381,5
382,5
383,5
384,5
385,5
386,5
387,5
388,5
389,5
390,5
391,5
392,5
393,5
394,5
395,5
396,5
397,5
398,5
399,5
400,5
401,5
402,5
403,5
404,5
405,5
406,5
407,5
408,5
409,5
410,5
411,5
412,5
413,6
414,6
415,6
416,6
417,6
418,6
419,6
420,6
421,7
422,7
423,7
424,7
425,7
426,7
427,7
428,7
429,7
430,7
431,7
432,7
433,7
434,7
435,7
436,7
437,7
438,7
439,7
440,7
441,7
442,7
443,7
444,7
445,7
446,7
447,7
448,7
449,7
450,7
451,7
452,7
453,7
454,7
455,7
456,7
457,7
458,7
459,7
460,7
461,7
462,7
463,7
464,7
465,7
466,7
467,7
468,7
469,7
470,7
471,7
472,7
473,7
474,7
475,7
476,7
477,7
478,7
479,7
480,7
481,7
482,7
483,7
484,7
485,7
486,7
487,7
488,7
489,7
490,7
491,7
492,7
493,7
494,7
495,7
496,7
497,7
498,7
499,7
500,7
501,7
502,8
503,8
504,8
505,8
506,8
507,8
508,8
509,8
510,8
511,8
512,8
513,8
514,8
515,9
516,9
517,9
518,9
519,9
520,9
521,9
522,9
523,9
524,9
525,9
526,9
527,9
528,9
529,9
530,9
531,9
532,9
533,9
534,9
535,9
536,9
537,9
538,9
539,9
540,9
541,9
542,9
543,9
544,9
545,9
546,9
547,9
548,9
549,9
550,9
551,9
552,9
553,9
554,9
555,9
556,9
557,9
558,9
559,9
560,9
561,9
562,9
563,9
564,9
565,9
566,9
567,9
568,9
569,9
570,9
571,9
572,9
573,9
574,9
575,9
576,9
577,9
578,9
579,9
580,9
581,9
582,9
583,9
584,9
585,9
586,9
587,9
588,9
589,9
590,9
591,9
592,9
593,9
594,9
595,9
596,9
597,9
598,9
599,9
600,9
601,9
602,9
603,10
604,10
605,10
606,10
607,10
608,10
609,10
610,10
611,10
612,10
613,10
614,10
615,10
616,10
617,10
618,10
619,10
620,10
621,10
622,10
623,10
624,10
625,10
626,10
627,10
628,10
629,10
630,10
631,10
632,10
633,10
634,10
635,10
636,10
637,10
638,10
639,10
640,10
641,10
642,10
643,10
644,10
645,10
646,10
647,10
648,10
649,10
650,10
651,10
652,10
653,10
654,10
655,10
656,11
657,11
658,11
659,11
660,11
661,11
662,11
663,11
664,11
665,11
666,11
667,11
668,11
669,11
670,11
671,11
672,11
673,11
674,11
675,11
676,11
677,11
678,11
679,11
680,11
681,11
682,11
683,11
684,11
685,11
686,11
687,11
688,11
689,11
690,11
691,11
692,11
693,12
694,12
695,12
696,12
697,12
698,12
699,12
700,12
701,12
702,12
703,12
704,12
705,12
706,12
707,12
708,12
709,12
710,12
711,12
712,12
713,12
714,12
715,12
716,12
717,12
718,12
719,13
720,13
721,13
722,13
723,13
724,13
725,13
726,13
727,13
728,13
729,13
730,13
731,13
732,13
733,13
734,13
735,13
736,13
737,13
738,13
739,13
740,13
741,13
742,13
743,13
744,13
745,13
746,13
747,13
748,13
749,13
750,13
751,13
752,13
753,13
754,13
755,13
756,13
757,13
758,13
759,13
760,13
761,13
762,13
763,13
764,13
765,13
766,13
767,13
768,13
769,13
770,13
771,13
772,13
773,13
774,13
775,13
776,13
777,13
778,13
779,13
780,13
781,13
782,13
783,13
784,13
785,13
786,13
787,13
788,13
789,13
790,13
791,13
792,13
793,13
794,14
795,14
796,14
797,14
798,14
799,14
800,14
801,14
802,14
803,14
804,14
805,14
806,14
807,14
808,14
809,14
810,14
811,14
812,14
813,14
814,14
815,14
816,14
817,14
818,14
819,14
820,14
821,14
822,14
823,14
824,15
825,15
826,15
827,15
828,15
829,15
830,15
831,15
832,15
833,15
834,15
835,15
836,15
837,15
838,15
839,15
840,15
841,15
842,15
843,15
844,15
845,15
846,15
847,15
848,15
849,15
850,15
851,15
852,15
853,15
854,15
855,15
856,15
857,15
858,15
859,15
860,15
861,16
862,16
863,16
864,16
865,16
866,16
867,16
868,16
869,16
870,16
871,16
872,16
873,16
874,17
875,17
876,17
877,17
878,17
879,17
880,17
881,17
882,17
883,17
884,17
885,17
886,17
887,17
888,17
889,17
890,17
891,17
892,17
893,17
894,17
895,17
896,17
897,17
898,17
899,17
900,17
901,17
902,17
903,17
904,17
905,17
906,17
907,17
908,17
909,17
910,17
911,17
912,17
913,17
914,17
915,17
916,17
917,17
918,17
919,17
920,17
921,17
922,17
923,17
924,17
925,17
926,17
927,17
928,17
929,17
930,17
931,17
932,17
933,17
934,17
935,17
936,17
937,17
938,17
939,17
940,17
941,17
942,17
943,17
944,17
945,17
946,17
947,17
948,17
949,17
950,17
951,17
952,17
953,17
954,17
955,18
956,18
957,18
958,18
959,18
960,18
961,18
962,18
963,18
964,18
965,18
966,18
967,18
968,18
969,18
970,18
971,18
972,18
973,18
974,18
975,18
976,18
977,18
978,18
979,18
980,18
981,18
982,18
983,18
984,18
985,18
986,18
987,18
988,18
989,18
990,18
991,18
992,18
993,18
994,18
995,18
996,18
997,18
998,18
999,18
1000,18
1001,18
1002,18
1003,18
1004,18
1005,18
1006,18
1007,18
1008,18
1009,18
1010,18
1011,18
1012,18
1013,18
1014,18
1015,18
1016,18
1017,18
1018,18
1019,18
1020,18
1021,18
1022,18
1023,18
1024,18
1025,18
1026,18
1027,19
1028,19
1029,19
1030,19
1031,19
1032,19
1033,19
1034,19
1035,19
1036,19
1037,19
1038,19
1039,19
1040,19
1041,19
1042,19
1043,19
1044,19
1045,19
1046,19
1047,19
1048,19
1049,19
1050,19
1051,19
1052,19
1053,19
1054,19
1055,19
1056,19
1057,19
1058,19
1059,19
1060,19
1061,19
1062,19
1063,19
1064,19
1065,19
1066,19
1067,20
1068,20
1069,20
1070,20
1071,20
1072,20
1073,20
1074,20
1075,20
1076,20
1077,20
1078,20
1079,20
1080,20
1081,20
1082,20
1083,20
1084,20
1085,20
1086,20
1087,20
1088,20
1089,20
1090,20
1091,20
1092,20
1093,20
1094,20
1095,20
1096,20
1097,20
1098,20
1099,20
1100,20
1101,20
1102,20
1103,20
1104,20
1105,20
1106,20
1107,20
1108,20
1109,20
1110,20
1111,20
1112,20
1113,20
1114,20
1115,20
1116,20
1117,20
1118,20
1119,20
1120,20
1121,20
1122,20
1123,20
1124,20
1125,20
1126,20
1127,20
1128,20
1129,20
1130,20
1131,20
1132,20
1133,20
1134,21
1135,21
1136,21
1137,21
1138,21
1139,21
1140,21
1141,21
1142,21
1143,21
1144,21
1145,21
1146,21
1147,21
1148,21
1149,21
1150,21
1151,21
1152,21
1153,21
1154,21
1155,21
1156,21
1157,21
1158,21
1159,21
1160,21
1161,21
1162,21
1163,21
1164,21
1165,21
1166,21
1167,21
1168,21
1169,21
1170,21
1171,21
1172,21
1173,21
1174,21
1175,21
1176,21
1177,21
1178,21
1179,21
1180,21
1181,21
1182,21
1183,21
1184,21
1185,21
1186,21
1187,21
1188,22
1189,22
1190,22
1191,22
1192,22
1193,22
1194,22
1195,22
1196,22
1197,22
1198,22
1199,22
1200,22
1201,22
1202,22
1203,22
1204,22
1205,22
1206,22
1207,22
1208,22
1209,22
1210,22
1211,22
1212,22
1213,22
1214,22
1215,22
1216,22
1217,22
1218,22
1219,23
1220,23
1221,23
1222,23
1223,23
1224,23
1225,23
1226,23
1227,23
1228,23
1229,23
1230,23
1231,23
1232,23
1233,23
1234,23
1235,23
1236,23
1237,23
1238,23
1239,23
1240,23
1241,23
1242,23
1243,23
1244,23
1245,23
1246,23
1247,23
1248,23
1249,23
1250,23
1251,23
1252,23
1253,23
1254,23
1255,23
1256,23
1257,23
1258,23
1259,23
1260,23
1261,23
1262,23
1263,23
1264,23
1265,23
1266,23
1267,23
1268,23
1269,23
1270,23
1271,23
1272,23
1273,23
1274,23
1275,23
1276,23
1277,23
1278,23
1279,23
1280,23
1281,23
1282,23
1283,23
1284,23
1285,23
1286,23
1287,23
1288,23
1289,23
1290,23
1291,23
1292,23
1293,23
1294,23
1295,23
1296,23
1297,23
1298,23
1299,23
1300,23
1301,23
1302,23
1303,23
1304,23
1305,23
1306,23
1307,23
1308,23
1309,23
1310,23
1311,23
1312,23
1313,23
1314,23
1315,23
1316,23
1317,23
1318,23
1319,23
1320,23
1321,23
1322,23
1323,23
1324,23
1325,23
1326,24
1327,24
1328,24
1329,24
1330,24
1331,24
1332,24
1333,24
1334,24
1335,24
1336,24
1337,24
1338,25
1339,25
1340,25
1341,25
1342,25
1343,25
1344,25
1345,25
1346,25
1347,25
1348,25
1349,25
1350,25
1351,25
1352,25
1353,25
1354,25
1355,25
1356,25
1357,25
1358,25
1359,25
1360,25
1361,25
1362,25
1363,25
1364,25
1365,25
1366,25
1367,25
1368,25
1369,25
1370,25
1371,25
1372,25
1373,25
1374,25
1375,25
1376,25
1377,25
1378,25
1379,25
1380,25
1381,25
1382,25
1383,25
1384,25
1385,25
1386,25
1387,25
1388,25
1389,25
1390,25
1391,25
1392,25
1393,25
1394,25
1395,25
1396,25
1397,25
1398,25
1399,25
1400,25
1401,25
1402,25
1403,25
1404,25
1405,25
1406,25
1407,26
1408,26
1409,26
1410,26
1411,26
1412,26
1413,26
1414,26
1415,26
1416,26
1417,26
1418,26
1419,26
1420,26
1421,26
1422,26
1423,26
1424,26
1425,26
1426,26
1427,26
1428,26
1429,26
1430,26
1431,26
1432,26
1433,26
1434,26
1435,26
1436,26
1437,26
1438,26
1439,26
1440,27
1441,27
1442,27
1443,27
1444,27
1445,27
1446,27
1447,27
1448,27
1449,27
1450,27
1451,27
1452,27
1453,27
1454,27
1455,27
1456,27
1457,27
1458,27
1459,27
1460,27
1461,27
1462,27
1463,27
1464,27
1465,27
1466,27
1467,27
1468,27
1469,27
1470,27
1471,27
1472,27
1473,27
1474,27
1475,28
1476,28
1477,28
1478,28
1479,28
1480,28
1481,28
1482,28
1483,28
1484,28
1485,28
1486,28
1487,28
1488,28
1489,28
1490,28
1491,28
1492,28
1493,28
1494,28
1495,28
1496,28
1497,28
1498,28
1499,28
1500,28
1501,28
1502,28
1503,28
1504,28
1505,28
1506,28
1507,28
1508,28
1509,28
1510,28
1511,28
1512,28
1513,28
1514,28
1515,28
1516,28
1517,28
1518,28
1519,28
1520,28
1521,28
1522,28
1523,28
1524,28
1525,28
1526,28
1527,28
1528,28
1529,28
1530,28
1531,28
1532,28
1533,28
1534,28
1535,28
1536,28
1537,28
1538,28
1539,28
1540,28
1541,28
1542,28
1543,28
1544,28
1545,28
1546,28
1547,28
1548,28
1549,28
1550,28
1551,28
1552,28
1553,28
1554,28
1555,28
1556,28
1557,28
1558,28
1559,28
1560,28
1561,28
1562,28
1563,28
1564,28
1565,28
1566,28
1567,28
1568,28
1569,28
1570,28
1571,28
1572,28
1573,28
1574,28
1575,28
1576,28
1577,28
1578,28
1579,28
1580,28
1581,28
1582,28
1583,28
1584,28
1585,28
1586,28
1587,28
1588,28
1589,29
1590,29
1591,29
1592,29
1593,29
1594,29
1595,29
1596,29
1597,29
1598,29
1599,29
1600,29
1601,29
1602,29
1603,29
1604,29
1605,29
1606,29
1607,29
1608,29
1609,29
1610,29
1611,29
1612,29
1613,29
1614,29
1615,29
1616,29
1617,29
1618,29
1619,29
1620,29
1621,29
1622,29
1623,29
1624,29
1625,29
1626,29
1627,29
1628,29
1629,29
1630,29
1631,29
1632,29
1633,29
1634,29
1635,29
1636,29
1637,29
1638,29
1639,29
1640,29
1641,29
1642,29
1643,29
1644,29
1645,29
1646,29
1647,29
1648,29
1649,29
1650,29
1651,29
1652,29
1653,29
1654,29
1655,29
1656,30
1657,30
1658,30
1659,31
1660,31
1661,31
1662,32
1663,32
1664,32
1665,33
1666,33
1667,33
1668,34
1669,34
1670,34
1671,35
1672,35
1673,35
1674,36
1675,36
1676,36
1677,37
1678,37
1679,37
1680,38
1681,38
1682,38
1683,39
1684,39
1685,39
1686,40
1687,40
1688,40
1689,41
1690,41
1691,41
1692,42
1693,42
1694,42
1695,43
1696,43
1697,43
1698,44
1699,45
1700,46
1701,47
1702,48
1703,49
1704,50
1705,51
1706,52
1707,53
1708,53
1709,54
1710,54
1711,55
1712,55
1713,56
1714,56
1715,57
1716,57
1717,58
1718,58
1719,59
1720,59
1721,60
1722,60
1723,61
1724,61
1725,62
1726,62
1727,63
1728,63
1729,64
1730,64
1731,65
1732,65
1733,66
1734,66
1735,67
1736,67
1737,68
1738,68
1739,69
1740,69
1741,69
1742,70
1743,70
1744,70
1745,71
1746,71
1747,71
1748,72
1749,72
1750,72
1751,73
1752,73
1753,73
1754,74
1755,74
1756,74
1757,75
1758,75
1759,75
1760,76
1761,77
1762,78
1763,79
1764,80
1765,81
1766,82
1767,83
1768,83
1769,83
1770,84
1771,84
1772,84
1773,85
1774,85
1775,85
1776,86
1777,86
1778,86
1779,87
1780,88
1781,89
1782,90
1783,91
1784,92
1785,93
1786,94
1787,95
1788,96
1789,97
1790,97
1791,97
1792,98
1793,98
1794,98
1795,99
1796,99
1797,99
1798,100
1799,100
1800,100
1801,101
1802,101
1803,102
1804,102
1805,103
1806,103
1807,104
1808,104
1809,105
1810,105
1811,106
1812,106
1813,107
1814,107
1815,108
1816,108
1817,109
1818,109
1819,110
1820,110
1821,111
1822,111
1823,112
1824,112
1825,113
1826,113
1827,114
1828,114
1829,115
1830,115
1831,115
1832,116
1833,116
1834,116
1835,117
1836,117
1837,117
1838,118
1839,118
1840,118
1841,119
1842,119
1843,119
1844,120
1845,120
1846,120
1847,121
1848,121
1849,121
1850,122
1851,122
1852,123
1853,123
1854,124
1855,124
1856,125
1857,126
1858,127
1859,128
1860,129
1861,130
1862,130
1863,131
1864,131
1865,132
1866,132
1867,133
1868,133
1869,134
1870,134
1871,135
1872,135
1873,136
1874,136
1875,137
1876,137
1877,138
1878,138
1879,139
1880,139
1881,140
1882,140
1883,141
1884,141
1885,142
1886,142
1887,143
1888,143
1889,144
1890,144
1891,145
1892,145
1893,146
1894,146
1895,147
1896,147
1897,148
1898,148
1899,149
1900,149
1901,149
1902,150
1903,150
1904,150
1905,151
1906,151
1907,151
1908,152
1909,152
1910,152
1911,153
1912,153
1913,153
1914,154
1915,154
1916,154
1917,155
1918,155
1919,155
1920,156
1921,156
1922,156
1923,157
1924,157
1925,157
1926,158
1927,158
1928,158
1929,159
1930,159
1931,159
1932,160
1933,160
1934,160
1935,161
1936,161
1937,161
1938,162
1939,162
1940,162
1941,163
1942,163
1943,163
1944,164
1945,164
1946,164
1947,165
1948,165
1949,165
1950,166
1951,166
1952,166
1953,167
1954,168
1955,169
1956,170
1957,171
1958,172
1959,173
1960,174
1961,174
1962,174
1963,175
1964,175
1965,175
1966,176
1967,176
1968,176
1969,177
1970,177
1971,177
1972,178
1973,179
1974,180
1975,181
1976,182
1977,183
1978,184
1979,185
1980,185
1981,186
1982,186
1983,187
1984,187
1985,188
1986,188
1987,189
1988,189
1989,190
1990,190
1991,191
1992,191
1993,192
1994,193
1995,194
1996,195
1997,196
1998,197
1999,198
2000,199
2001,200
2002,201
2003,202
2004,203
2005,204
2006,205
2007,206
2008,207
2009,208
2010,209
2011,210
2012,211
2013,212
2014,213
2015,214
2016,215
2017,216
2018,217
2019,218
2020,219
2021,220
2022,221
2023,222
2024,223
2025,224
2026,225
2027,226
2028,227
2029,228
2030,229
2031,230
2032,231
2033,232
2034,233
2035,234
2036,235
2037,236
2038,237
2039,238
2040,239
2041,240
2042,241
2043,242
2044,243
2045,244
2046,245
2047,246
2048,247
2049,248
2050,249
2051,250
2052,251
2053,252
2054,253
2055,254
2056,255
2057,256
2058,257
2059,258
2060,259
2061,260
2062,261
2063,262
2064,263
2065,264
2066,265
2067,266
2068,267
2069,268
2070,269
2071,270
2072,271
2073,272
2074,273
2075,274
2076,275
2077,276
2078,277
2079,278
2080,279
2081,280
2082,281
2083,282
2084,283
2085,284
2086,285
2087,286
2088,287
2089,288
2090,289
2091,290
2092,291
2093,292
2094,293
2095,294
2096,295
2097,296
2098,297
2099,298
2100,299
2101,300
2102,301
2103,302
2104,303
2105,304
2106,305
2107,306
2108,307
2109,308
2110,309
2111,310
2112,311
2113,312
2114,313
2115,314
2116,315
2117,316
2118,317
2119,318
2120,319
2121,320
2122,321
2123,322
2124,323
2125,324
2126,325
2127,326
2128,327
2129,328
2130,329
2131,330
2132,331
2133,332
2134,333
2135,334
2136,335
2137,336
2138,337
2139,338
2140,339
2141,340
2142,341
2143,342
2144,343
2145,344
2146,345
2147,346
2148,347
2149,348
2150,349
2151,350
2152,351
2153,352
2154,353
2155,354
2156,355
2157,356
2158,357
2159,358
2160,359
2161,360
2162,361
2163,362
2164,363
2165,364
2166,365
2167,366
2168,367
2169,368
2170,369
2171,370
2172,371
2173,372
2174,373
2175,374
2176,375
2177,376
2178,377
2179,378
2180,379
2181,380
2182,381
2183,382
2184,383
2185,384
2186,385
2187,386
2188,387
2189,388
2190,389
2191,390
2192,391
2193,392
2194,393
2195,394
2196,395
2197,396
2198,397
2199,398
2200,399
2201,400
2202,401
2203,402
2204,403
2205,404
2206,405
2207,406
2208,407
2209,408
2210,409
2211,410
2212,411
2213,412
2214,413
2215,414
2216,415
2217,416
2218,417
2219,418
2220,419
2221,420
2222,421
2223,422
2224,423
2225,424
2226,425
2227,426
2228,427
2229,428
2230,429
2231,430
2232,431
2233,432
2234,433
2235,434
2236,435
2237,436
2238,437
2239,438
2240,439
2241,440
2242,441
2243,442
2244,443
2245,444
2246,445
2247,446
2248,447
2249,448
2250,449
2251,450
2252,451
2253,452
2254,453
2255,454
2256,455
2257,456
2258,457
2259,458
2260,459
2261,460
2262,461
2263,462
2264,463
2265,464
2266,465
2267,466
2268,467
2269,468
2270,469
2271,470
2272,471
2273,472
2274,473
2275,474
2276,475
2277,476
2278,477
2279,478
2280,479
2281,480
2282,481
2283,482
2284,483
2285,484
2286,485
2287,486
2288,487
2289,488
2290,489
2291,490
2292,491
2293,492
2294,493
2295,494
2296,495
2297,496
2298,497
2299,498
2300,499
2301,500
2302,501
2303,502
2304,503
2305,504
2306,505
2307,506
2308,507
2309,508
2310,509
2311,510
2312,511
2313,512
2314,513
2315,514
2316,515
2317,516
2318,517
2319,518
2320,519
2321,520
2322,521
2323,522
2324,523
2325,524
2326,525
2327,526
2328,527
2329,528
2330,529
2331,530
2332,531
2333,532
2334,533
2335,534
2336,535
2337,536
2338,537
2339,538
2340,539
2341,540
2342,541
2343,542
2344,543
2345,544
2346,545
2347,546
2348,547
2349,548
2350,549
2351,550
2352,551
2353,552
2354,553
2355,554
2356,555
2357,556
2358,557
2359,558
2360,559
2361,560
2362,561
2363,562
2364,563
2365,564
2366,565
2367,566
2368,567
2369,568
2370,569
2371,570
2372,571
2373,572
2374,573
2375,574
2376,575
2377,576
2378,577
2379,578
2380,579
2381,580
2382,581
2383,582
2384,583
2385,584
2386,585
2387,586
2388,587
2389,588
2390,589
2391,590
2392,591
2393,592
2394,593
2395,594
2396,595
2397,596
2398,597
2399,598
2400,599
2401,600
2402,601
2403,602
2404,603
2405,604
2406,605
2407,606
2408,607
2409,608
2410,609
2411,610
2412,611
2413,612
2414,613
2415,614
2416,615
2417,616
2418,617
2419,618
2420,619
2421,620
2422,621
2423,622
2424,623
2425,624
2426,625
2427,626
2428,627
2429,628
2430,629
2431,630
2432,631
2433,632
2434,633
2435,634
2436,635
2437,636
2438,637
2439,638
2440,639
2441,640
2442,641
2443,642
2444,643
2445,644
2446,645
2447,646
2448,647
2449,648
2450,649
2451,650
2452,651
2453,652
2454,653
2455,654
2456,655
2457,656
2458,657
2459,658
2460,659
2461,660
2462,661
2463,662
2464,664
2465,664
2466,664
2467,663
2468,666
2469,666
2470,666
2471,666
2472,666
2473,666
2474,666
2475,666
2476,667
2477,668
2478,668
2479,668
2480,669
2481,669
2482,670
2483,670
2484,672
2485,672
2486,674
2487,673
2488,674
2489,676
2490,676
2491,678
2492,677
2493,677
2494,679
2495,679
2496,679
2497,680
2498,680
2499,680
2500,681
2501,682
2502,683
2503,684
2504,686
2505,686
2506,688
2507,688
2508,688
2509,689
2510,689
2511,689
2512,689
2513,690
2514,690
2515,690
2516,691
2517,691
2518,692
2519,692
2520,692
2521,693
2522,693
2523,693
2524,693
2525,693
2526,693
2527,693
2528,694
2529,695
2530,695
2531,696
2532,695
2533,698
2534,699
2535,698
2536,697
2537,697
2538,699
2539,697
2540,699
2541,699
2542,699
2543,700
2544,701
2545,701
2546,701
2547,701
2548,701
2549,701
2550,702
2551,702
2552,702
2553,704
2554,706
2555,707
2556,707
2557,709
2558,711
2559,711
2560,710
2561,711
2562,712
2563,712
2564,712
2565,712
2566,713
2567,715
2568,715
2569,716
2570,716
2571,716
2572,717
2573,717
2574,717
2575,718
2576,719
2577,723
2578,724
2579,724
2580,725
2581,725
2582,726
2583,726
2584,726
2585,727
2586,727
2587,728
2588,729
2589,730
2590,731
2591,732
2592,732
2593,732
2594,732
2595,733
2596,733
2597,733
2598,733
2599,734
2600,734
2601,734
2602,734
2603,734
2604,734
2605,735
2606,736
2607,735
2608,737
2609,739
2610,739
2611,740
2612,740
2613,740
2614,741
2615,742
2616,742
2617,742
2618,742
2619,743
2620,743
2621,744
2622,746
2623,748
2624,751
2625,751
2626,751
2627,752
2628,752
2629,752
2630,752
2631,752
2632,753
2633,753
2634,754
2635,756
2636,756
2637,756
2638,757
2639,757
2640,759
2641,760
2642,760
2643,761
2644,761
2645,761
2646,760
2647,760
2648,762
2649,762
2650,763
2651,763
2652,764
2653,767
2654,766
2655,765
2656,768
2657,769
2658,769
2659,770
2660,770
2661,770
2662,770
2663,772
2664,772
2665,773
2666,773
2667,774
2668,774
2669,775
2670,778
2671,779
2672,779
2673,779
2674,779
2675,781
2676,782
2677,782
2678,782
2679,783
2680,784
2681,785
2682,785
2683,785
2684,785
2685,786
2686,786
2687,786
2688,787
2689,787
2690,787
2691,788
2692,790
2693,791
2694,792
2695,794
2696,794
2697,794
2698,794
2699,795
2700,795
2701,795
2702,795
2703,796
2704,796
2705,796
2706,796
2707,797
2708,797
2709,797
2710,797
2711,797
2712,797
2713,797
2714,797
2715,797
2716,797
2717,797
2718,798
2719,798
2720,798
2721,798
2722,800
2723,801
2724,801
2725,801
2726,803
2727,802
2728,804
2729,804
2730,804
2731,804
2732,804
2733,805
2734,806
2735,806
2736,806
2737,806
2738,807
2739,809
2740,810
2741,812
2742,812
2743,811
2744,810
2745,813
2746,813
2747,815
2748,815
2749,814
2750,814
2751,814
2752,815
2753,816
2754,818
2755,818
2756,818
2757,818
2758,818
2759,818
2760,818
2761,818
2762,820
2763,820
2764,821
2765,824
2766,824
2767,823
2768,823
2769,823
2770,825
2771,825
2772,825
2773,826
2774,826
2775,827
2776,828
2777,828
2778,828
2779,828
2780,828
2781,828
2782,829
2783,829
2784,830
2785,831
2786,831
2787,831
2788,831
2789,832
2790,833
2791,834
2792,836
2793,835
2794,835
2795,837
2796,837
2797,837
2798,837
2799,838
2800,839
2801,839
2802,840
2803,841
2804,841
2805,841
2806,841
2807,841
2808,841
2809,841
2810,842
2811,842
2812,842
2813,842
2814,845
2815,844
2816,844
2817,846
2818,848
2819,848
2820,849
2821,849
2822,849
2823,849
2824,850
2825,850
2826,851
2827,851
2828,851
2829,851
2830,851
2831,851
2832,852
2833,852
2834,852
2835,852
2836,853
2837,854
2838,854
2839,854
2840,855
2841,855
2842,855
2843,858
2844,858
2845,858
2846,858
2847,858
2848,859
2849,860
2850,862
2851,864
2852,865
2853,867
2854,866
2855,867
2856,868
2857,871
2858,872
2859,872
2860,872
2861,872
2862,873
2863,873
2864,873
2865,874
2866,875
2867,875
2868,875
2869,877
2870,878
2871,876
2872,876
2873,877
2874,878
2875,876
2876,879
2877,879
2878,879
2879,879
2880,879
2881,879
2882,880
2883,881
2884,881
2885,883
2886,884
2887,884
2888,884
2889,883
2890,885
2891,885
2892,886
2893,886
2894,890
2895,890
2896,889
2897,890
2898,890
2899,891
2900,891
2901,891
2902,893
2903,894
2904,894
2905,895
2906,895
2907,895
2908,896
2909,899
2910,899
2911,900
2912,900
2913,901
2914,901
2915,901
2916,901
2917,902
2918,902
2919,902
2920,902
2921,903
2922,903
2923,903
2924,903
2925,903
2926,904
2927,904
2928,904
2929,904
2930,904
2931,905
2932,906
2933,907
2934,907
2935,907
2936,908
2937,908
2938,909
2939,909
2940,909
2941,909
2942,909
2943,909
2944,909
2945,909
2946,910
2947,910
2948,911
2949,911
2950,912
2951,913
2952,916
2953,917
2954,917
2955,918
2956,918
2957,918
2958,918
2959,918
2960,918
2961,918
2962,919
2963,920
2964,921
2965,920
2966,920
2967,922
2968,925
2969,926
2970,926
2971,927
2972,927
2973,928
2974,929
2975,930
2976,930
2977,931
2978,932
2979,931
2980,933
2981,933
2982,933
2983,933
2984,934
2985,934
2986,934
2987,934
2988,934
2989,934
2990,934
2991,934
2992,935
2993,936
2994,936
2995,936
2996,936
2997,937
2998,938
2999,938
3000,939
3001,939
3002,940
3003,940
3004,941
3005,941
3006,940
3007,941
3008,941
3009,942
3010,942
3011,942
3012,942
3013,943
3014,943
3015,944
3016,944
3017,945
3018,945
3019,945
3020,945
3021,945
3022,945
3023,946
3024,946
3025,946
3026,946
3027,946
3028,946
3029,946
3030,946
3031,946
3032,947
3033,947
3034,947
3035,950
3036,951
3037,951
3038,951
3039,951
3040,952
3041,952
3042,952
3043,952
3044,952
3045,953
3046,953
3047,953
3048,954
3049,955
3050,954
3051,957
3052,957
3053,957
3054,957
3055,958
3056,958
3057,958
3058,958
3059,958
3060,958
3061,958
3062,959
3063,959
3064,959
3065,960
3066,961
3067,961
3068,961
3069,961
3070,961
3071,961
3072,962
3073,962
3074,963
3075,963
3076,965
3077,965
3078,965
3079,966
3080,967
3081,967
3082,969
3083,969
3084,970
3085,970
3086,970
3087,970
3088,970
3089,970
3090,970
3091,970
3092,970
3093,971
3094,971
3095,971
3096,972
3097,972
3098,973
3099,974
3100,975
3101,975
3102,975
3103,976
3104,976
3105,976
3106,977
3107,979
3108,980
3109,979
3110,979
3111,980
3112,982
3113,982
3114,982
3115,983
3116,983
3117,983
3118,984
3119,985
3120,984
3121,986
3122,987
3123,990
3124,991
3125,991
3126,991
3127,991
3128,991
3129,991
3130,992
3131,993
3132,993
3133,994
3134,995
3135,996
3136,996
3137,999
3138,1000
3139,999
3140,1000
3141,1000
3142,999
3143,999
3144,1001
3145,1002
3146,1003
3147,1003
3148,1004
3149,1007
3150,1007
3151,1008
3152,1008
3153,1009
3154,1010
3155,1011
3156,1011
3157,1012
3158,1012
3159,1012
3160,1013
3161,1013
3162,1012
3163,1012
3164,1012
3165,1013
3166,1012
3167,1014
3168,1014
3169,1014
3170,1014
3171,1015
3172,1015
3173,1015
3174,1015
3175,1016
3176,1017
3177,1017
3178,1017
3179,1017
3180,1017
3181,1018
3182,1019
3183,1019
3184,1019
3185,1020
3186,1020
3187,1020
3188,1021
3189,1021
3190,1021
3191,1021
3192,1021
3193,1021
3194,1024
3195,1024
3196,1024
3197,1024
3198,1024
3199,1024
3200,1025
3201,1026
3202,1026
3203,1027
3204,1028
3205,1027
3206,1029
3207,1030
3208,1030
3209,1030
3210,1031
3211,1032
3212,1032
3213,1032
3214,1033
3215,1033
3216,1033
3217,1033
3218,1033
3219,1033
3220,1034
3221,1036
3222,1036
3223,1038
3224,1039
3225,1040
3226,1040
3227,1040
3228,1040
3229,1040
3230,1040
3231,1040
3232,1041
3233,1042
3234,1044
3235,1044
3236,1044
3237,1044
3238,1044
3239,1044
3240,1045
3241,1045
3242,1045
3243,1045
3244,1046
3245,1046
3246,1047
3247,1047
3248,1047
3249,1047
3250,1048
3251,1048
3252,1048
3253,1048
3254,1049
3255,1049
3256,1049
3257,1049
3258,1050
3259,1050
3260,1051
3261,1052
3262,1053
3263,1054
3264,1054
3265,1053
3266,1056
3267,1058
3268,1058
3269,1058
3270,1058
3271,1059
3272,1059
3273,1059
3274,1060
3275,1060
3276,1060
3277,1061
3278,1062
3279,1061
3280,1061
3281,1062
3282,1062
3283,1063
3284,1063
3285,1064
3286,1065
3287,1065
3288,1065
3289,1065
3290,1065
3291,1066
3292,1067
3293,1067
3294,1067
3295,1067
3296,1068
3297,1069
3298,1070
3299,1070
3300,1070
3301,1071
3302,1073
3303,1076
3304,1075
3305,1076
3306,1076
3307,1076
3308,1076
3309,1076
3310,1075
3311,1075
3312,1078
3313,1078
3314,1077
3315,1077
3316,1078
3317,1077
3318,1078
3319,1078
3320,1077
3321,1077
3322,1078
3323,1079
3324,1079
3325,1079
3326,1081
3327,1080
3328,1080
3329,1080
3330,1082
3331,1082
3332,1082
3333,1083
3334,1084
3335,1084
3336,1084
3337,1084
3338,1084
3339,1085
3340,1086
3341,1086
3342,1086
3343,1088
3344,1087
3345,1088
3346,1087
3347,1088
3348,1089
3349,1089
3350,1089
3351,1090
3352,1090
3353,1091
3354,1091
3355,1092
3356,1092
3357,1092
3358,1092
3359,1092
3360,1092
3361,1092
3362,1092
3363,1093
3364,1095
3365,1096
3366,1097
3367,1097
3368,1097
3369,1099
3370,1098
3371,1100
3372,1101
3373,1103
3374,1104
3375,1105
3376,1105
3377,1105
3378,1105
3379,1105
3380,1105
3381,1105
3382,1107
3383,1108
3384,1109
3385,1109
3386,1109
3387,1110
3388,1110
3389,1110
3390,1110
3391,1110
3392,1110
3393,1110
3394,1110
3395,1110
3396,1110
3397,1110
3398,1111
3399,1111
3400,1111
3401,1111
3402,1111
3403,1111
3404,1111
3405,1111
3406,1111
3407,1111
3408,1112
3409,1113
3410,1113
3411,1113
3412,1114
3413,1114
3414,1115
3415,1116
3416,1118
3417,1119
3418,1120
3419,1121
3420,1122
3421,1121
3422,1124
3423,1125
3424,1126
3425,1126
3426,1126
3427,1126
3428,1127
3429,1127
3430,1127
3431,1127
3432,1127
3433,1127
3434,1128
3435,1129
3436,1130
3437,1131
3438,1131
3439,1131
3440,1132
3441,1135
3442,1135
3443,1135
3444,1135
3445,1135
3446,1136
3447,1136
3448,1137
3449,1137
3450,1138
3451,1138
3452,1138
3453,1138
3454,1139
3455,1139
3456,1139
3457,1140
3458,1140
3459,1140
3460,1141
3461,1141
3462,1141
3463,1141
3464,1143
3465,1142
3466,1144
3467,1144
3468,1144
3469,1145
3470,1146
3471,1148
3472,1148
3473,1149
3474,1149
3475,1149
3476,1150
3477,1151
3478,1151
3479,1151
3480,1153
3481,1152
3482,1154
3483,1154
3484,1156
3485,1156
3486,1156
3487,1157
3488,1159
3489,1159
3490,1159
3491,1160
3492,1160
3493,1160
3494,1160
3495,1160
3496,1160
3497,1160
3498,1161
3499,1161
3500,1161
3501,1162
3502,1162
3503,1162
3504,1162
3505,1162
3506,1162
3507,1162
3508,1163
3509,1164
3510,1164
3511,1165
3512,1166
3513,1166
3514,1168
3515,1168
3516,1168
3517,1169
3518,1169
3519,1170
3520,1170
3521,1170
3522,1170
3523,1172
3524,1173
3525,1173
3526,1174
3527,1175
3528,1175
3529,1175
3530,1175
3531,1175
3532,1175
3533,1175
3534,1175
3535,1176
3536,1177
3537,1177
3538,1177
3539,1179
3540,1178
3541,1179
3542,1182
3543,1181
3544,1182
3545,1180
3546,1183
3547,1183
3548,1184
3549,1184
3550,1184
3551,1184
3552,1184
3553,1184
3554,1184
3555,1184
3556,1184
3557,1185
3558,1185
3559,1185
3560,1187
3561,1188
3562,1188
3563,1189
3564,1190
3565,1190
3566,1191
3567,1191
3568,1191
3569,1191
3570,1191
3571,1191
3572,1192
3573,1194
3574,1194
3575,1196
3576,1196
3577,1196
3578,1196
3579,1196
3580,1197
3581,1198
3582,1198
3583,1199
3584,1200
3585,1200
3586,1200
3587,1200
3588,1200
3589,1200
3590,1200
3591,1200
3592,1201
3593,1201
3594,1201
3595,1201
3596,1201
3597,1201
3598,1201
3599,1202
3600,1203
3601,1204
3602,1204
3603,1207
3604,1208
3605,1209
3606,1211
3607,1212
3608,1212
3609,1212
3610,1213
3611,1215
3612,1213
3613,1213
3614,1215
3615,1216
3616,1218
3617,1218
3618,1218
3619,1217
3620,1221
3621,1222
3622,1222
3623,1222
3624,1223
3625,1223
3626,1223
3627,1224
3628,1224
3629,1224
3630,1224
3631,1225
3632,1225
3633,1225
3634,1226
3635,1226
3636,1227
3637,1227
3638,1227
3639,1227
3640,1227
3641,1227
3642,1230
3643,1231
3644,1231
3645,1231
3646,1232
3647,1233
3648,1233
3649,1234
3650,1234
3651,1236
3652,1239
3653,1241
3654,1241
3655,1241
3656,1241
3657,1241
3658,1241
3659,1242
3660,1243
3661,1243
3662,1244
3663,1244
3664,1244
3665,1245
3666,1246
3667,1246
3668,1247
3669,1249
3670,1250
3671,1249
3672,1250
3673,1251
3674,1252
3675,1253
3676,1255
3677,1255
3678,1255
3679,1256
3680,1256
3681,1256
3682,1256
3683,1256
3684,1257
3685,1257
3686,1258
3687,1258
3688,1259
3689,1259
3690,1259
3691,1259
3692,1260
3693,1260
3694,1260
3695,1263
3696,1262
3697,1264
3698,1264
3699,1265
3700,1268
3701,1267
3702,1266
3703,1266
3704,1269
3705,1269
3706,1270
3707,1271
3708,1271
3709,1271
3710,1272
3711,1273
3712,1273
3713,1273
3714,1274
3715,1275
3716,1275
3717,1275
3718,1275
3719,1275
3720,1276
3721,1277
3722,1277
3723,1277
3724,1277
3725,1278
3726,1278
3727,1278
3728,1279
3729,1279
3730,1279
3731,1279
3732,1279
3733,1279
3734,1279
3735,1280
3736,1281
3737,1282
3738,1282
3739,1281
3740,1283
3741,1283
3742,1283
3743,1283
3744,1283
3745,1283
3746,1284
3747,1286
3748,1288
3749,1289
3750,1289
3751,1289
3752,1289
3753,1290
3754,1290
3755,1290
3756,1290
3757,1291
3758,1292
3759,1293
3760,1293
3761,1293
3762,1293
3763,1295
3764,1296
3765,1298
3766,1297
3767,1300
3768,1300
3769,1300
3770,1301
3771,1301
3772,1301
3773,1302
3774,1304
3775,1303
3776,1305
3777,1305
3778,1306
3779,1307
3780,1307
3781,1308
3782,1311
3783,1311
3784,1310
3785,1311
3786,1310
3787,1310
3788,1313
3789,1315
3790,1316
3791,1316
3792,1316
3793,1317
3794,1318
3795,1318
3796,1318
3797,1318
3798,1319
3799,1320
3800,1320
3801,1320
3802,1321
3803,1321
3804,1322
3805,1322
3806,1322
3807,1322
3808,1323
3809,1323
3810,1323
3811,1323
3812,1323
3813,1323
3814,1323
3815,1324
3816,1325
3817,1325
3818,1325
3819,1326
3820,1326
3821,1327
3822,1329
3823,1331
3824,1331
3825,1332
3826,1333
3827,1334
3828,1335
3829,1335
3830,1335
3831,1335
3832,1336
3833,1337
3834,1337
3835,1339
3836,1339
3837,1341
3838,1341
3839,1341
3840,1341
3841,1341
3842,1341
3843,1341
3844,1341
3845,1342
3846,1342
3847,1343
3848,1344
3849,1345
3850,1344
3851,1343
3852,1346
3853,1346
3854,1346
3855,1347
3856,1347
3857,1348
3858,1348
3859,1348
3860,1350
3861,1351
3862,1351
3863,1353
3864,1354
3865,1355
3866,1356
3867,1356
3868,1356
3869,1356
3870,1356
3871,1356
3872,1357
3873,1357
3874,1357
3875,1357
3876,1359
3877,1359
3878,1358
3879,1358
3880,1360
3881,1360
3882,1360
3883,1361
3884,1362
3885,1362
3886,1362
3887,1363
3888,1363
3889,1363
3890,1364
3891,1364
3892,1366
3893,1366
3894,1366
3895,1365
3896,1365
3897,1366
3898,1365
3899,1366
3900,1365
3901,1366
3902,1367
3903,1367
3904,1368
3905,1369
3906,1370
3907,1372
3908,1373
3909,1373
3910,1373
3911,1373
3912,1373
3913,1373
3914,1374
3915,1374
3916,1376
3917,1376
3918,1376
3919,1378
3920,1377
3921,1378
3922,1379
3923,1381
3924,1381
3925,1382
3926,1385
3927,1384
3928,1384
3929,1386
3930,1386
3931,1388
3932,1388
3933,1387
3934,1390
3935,1391
3936,1393
3937,1393
3938,1391
3939,1393
3940,1395
3941,1395
3942,1396
3943,1396
3944,1397
3945,1398
3946,1399
3947,1399
3948,1400
3949,1400
3950,1400
3951,1402
3952,1404
3953,1405
3954,1408
3955,1408
3956,1408
3957,1409
3958,1410
3959,1410
3960,1411
3961,1411
3962,1413
3963,1414
3964,1415
3965,1415
3966,1416
3967,1416
3968,1417
3969,1417
3970,1417
3971,1418
3972,1419
3973,1420
3974,1420
3975,1420
3976,1420
3977,1420
3978,1420
3979,1420
3980,1421
3981,1422
3982,1422
3983,1422
3984,1422
3985,1422
3986,1422
3987,1423
3988,1424
3989,1424
3990,1425
3991,1425
3992,1425
3993,1426
3994,1426
3995,1426
3996,1427
3997,1427
3998,1427
3999,1428
4000,1428
4001,1428
4002,1428
4003,1429
4004,1429
4005,1429
4006,1430
4007,1430
4008,1432
4009,1432
4010,1432
4011,1433
4012,1434
4013,1434
4014,1434
4015,1434
4016,1435
4017,1436
4018,1436
4019,1437
4020,1437
4021,1437
4022,1438
4023,1438
4024,1438
4025,1439
4026,1439
4027,1439
4028,1440
4029,1441
4030,1442
4031,1442
4032,1442
4033,1443
4034,1445
4035,1446
4036,1446
4037,1446
4038,1447
4039,1447
4040,1447
4041,1448
4042,1449
4043,1450
4044,1452
4045,1452
4046,1453
4047,1453
4048,1453
4049,1453
4050,1454
4051,1454
4052,1454
4053,1456
4054,1457
4055,1457
4056,1457
4057,1458
4058,1458
4059,1460
4060,1460
4061,1463
4062,1461
4063,1463
4064,1463
4065,1464
4066,1465
4067,1465
4068,1465
4069,1465
4070,1465
4071,1465
4072,1465
4073,1465
4074,1465
4075,1465
4076,1465
4077,1466
4078,1466
4079,1468
4080,1470
4081,1469
4082,1470
4083,1469
4084,1471
4085,1472
4086,1471
4087,1473
4088,1474
4089,1475
4090,1473
4091,1476
4092,1476
4093,1476
4094,1477
4095,1477
4096,1477
4097,1477
4098,1477
4099,1478
4100,1478
4101,1480
4102,1479
4103,1480
4104,1479
4105,1481
4106,1481
4107,1482
4108,1483
4109,1483
4110,1484
4111,1485
4112,1486
4113,1488
4114,1488
4115,1490
4116,1490
4117,1490
4118,1491
4119,1492
4120,1492
4121,1492
4122,1492
4123,1494
4124,1495
4125,1495
4126,1495
4127,1495
4128,1497
4129,1496
4130,1498
4131,1498
4132,1498
4133,1499
4134,1500
4135,1500
4136,1501
4137,1501
4138,1501
4139,1501
4140,1502
4141,1502
4142,1502
4143,1504
4144,1504
4145,1503
4146,1503
4147,1507
4148,1508
4149,1509
4150,1509
4151,1509
4152,1510
4153,1510
4154,1511
4155,1511
4156,1512
4157,1512
4158,1512
4159,1514
4160,1513
4161,1513
4162,1515
4163,1519
4164,1520
4165,1520
4166,1521
4167,1521
4168,1521
4169,1524
4170,1522
4171,1522
4172,1524
4173,1525
4174,1525
4175,1526
4176,1526
4177,1526
4178,1526
4179,1526
4180,1526
4181,1527
4182,1527
4183,1527
4184,1528
4185,1529
4186,1529
4187,1529
4188,1529
4189,1532
4190,1530
4191,1533
4192,1534
4193,1535
4194,1535
4195,1534
4196,1536
4197,1536
4198,1537
4199,1537
4200,1536
4201,1538
4202,1538
4203,1539
4204,1540
4205,1540
4206,1540
4207,1541
4208,1541
4209,1543
4210,1544
4211,1546
4212,1546
4213,1546
4214,1547
4215,1547
4216,1548
4217,1549
4218,1553
4219,1554
4220,1556
4221,1558
4222,1558
4223,1558
4224,1559
4225,1561
4226,1561
4227,1560
4228,1562
4229,1562
4230,1562
4231,1563
4232,1563
4233,1563
4234,1564
4235,1564
4236,1565
4237,1568
4238,1567
4239,1567
4240,1569
4241,1570
4242,1570
4243,1570
4244,1570
4245,1570
4246,1571
4247,1572
4248,1572
4249,1573
4250,1573
4251,1573
4252,1573
4253,1573
4254,1575
4255,1575
4256,1576
4257,1576
4258,1576
4259,1576
4260,1577
4261,1578
4262,1580
4263,1580
4264,1581
4265,1582
4266,1583
4267,1584
4268,1584
4269,1585
4270,1585
4271,1586
4272,1586
4273,1586
4274,1586
4275,1586
4276,1586
4277,1586
4278,1587
4279,1588
4280,1588
4281,1588
4282,1588
4283,1588
4284,1588
4285,1588
4286,1589
4287,1590
4288,1591
4289,1591
4290,1591
4291,1591
4292,1591
4293,1591
4294,1591
4295,1592
4296,1593
4297,1593
4298,1593
4299,1594
4300,1595
4301,1595
4302,1595
4303,1595
4304,1595
4305,1595
4306,1595
4307,1595
4308,1595
4309,1595
4310,1597
4311,1598
4312,1599
4313,1599
4314,1599
4315,1599
4316,1600
4317,1601
4318,1600
4319,1600
4320,1602
4321,1602
4322,1602
4323,1604
4324,1603
4325,1603
4326,1603
4327,1605
4328,1605
4329,1606
4330,1606
4331,1608
4332,1607
4333,1607
4334,1608
4335,1609
4336,1610
4337,1613
4338,1612
4339,1612
4340,1614
4341,1614
4342,1615
4343,1615
4344,1616
4345,1616
4346,1616
4347,1616
4348,1617
4349,1617
4350,1617
4351,1618
4352,1618
4353,1619
4354,1619
4355,1619
4356,1619
4357,1619
4358,1620
4359,1620
4360,1620
4361,1620
4362,1621
4363,1622
4364,1622
4365,1624
4366,1625
4367,1625
4368,1626
4369,1626
4370,1627
4371,1627
4372,1628
4373,1628
4374,1629
4375,1629
4376,1630
4377,1632
4378,1633
4379,1636
4380,1636
4381,1637
4382,1637
4383,1637
4384,1638
4385,1639
4386,1639
4387,1639
4388,1639
4389,1639
4390,1640
4391,1640
4392,1641
4393,1641
4394,1641
4395,1642
4396,1643
4397,1644
4398,1646
4399,1645
4400,1649
4401,1649
4402,1649
4403,1651
4404,1650
4405,1652
4406,1654
4407,1653
4408,1653
4409,1653
4410,1654
4411,1655
4412,1655
4413,1656
4414,1656
4415,1657
4416,1657
4417,1657
4418,1658
4419,1658
4420,1659
4421,1660
4422,1661
4423,1662
4424,1662
4425,1662
4426,1662
4427,1663
4428,1663
4429,1663
4430,1664
4431,1665
4432,1666
4433,1667
4434,1667
4435,1668
4436,1668
4437,1669
4438,1669
4439,1669
4440,1671
4441,1671
4442,1671
4443,1671
4444,1671
4445,1670
4446,1670
4447,1670
4448,1672
4449,1673
4450,1673
4451,1673
4452,1673
4453,1674
4454,1675
4455,1674
4456,1674
4457,1675
4458,1675
4459,1675
4460,1676
4461,1676
4462,1677
4463,1677
4464,1677
4465,1677
4466,1678
4467,1678
4468,1678
4469,1679
4470,1680
4471,1680
4472,1681
4473,1681
4474,1681
4475,1681
4476,1682
4477,1682
4478,1682
4479,1682
4480,1683
4481,1683
4482,1684
4483,1686
4484,1687
4485,1688
4486,1688
4487,1691
4488,1693
4489,1693
4490,1694
4491,1695
4492,1697
4493,1696
4494,1696
4495,1698
4496,1699
4497,1699
4498,1699
4499,1700
4500,1701
4501,1701
4502,1701
4503,1702
4504,1702
4505,1703
4506,1703
4507,1703
4508,1703
4509,1704
4510,1704
4511,1704
4512,1704
4513,1704
4514,1704
4515,1704
4516,1704
4517,1705
4518,1705
4519,1705
4520,1706
4521,1706
4522,1707
4523,1709
4524,1709
4525,1710
4526,1710
4527,1710
4528,1711
4529,1711
4530,1713
4531,1713
4532,1713
4533,1713
4534,1713
4535,1714
4536,1714
4537,1714
4538,1717
4539,1717
4540,1716
4541,1716
4542,1716
4543,1716
4544,1715
4545,1716
4546,1716
4547,1718
4548,1719
4549,1720
4550,1721
4551,1722
4552,1722
4553,1722
4554,1722
4555,1722
4556,1723
4557,1723
4558,1723
4559,1724
4560,1725
4561,1726
4562,1727
4563,1727
4564,1728
4565,1728
4566,1728
4567,1729
4568,1729
4569,1730
4570,1730
4571,1731
4572,1732
4573,1732
4574,1732
4575,1732
4576,1733
4577,1733
4578,1734
4579,1734
4580,1734
4581,1734
4582,1734
4583,1734
4584,1734
4585,1734
4586,1735
4587,1735
4588,1735
4589,1735
4590,1735
4591,1735
4592,1735
4593,1738
4594,1736
4595,1738
4596,1738
4597,1738
4598,1736
4599,1737
4600,1738
4601,1739
4602,1739
4603,1739
4604,1740
4605,1740
4606,1740
4607,1740
4608,1740
4609,1741
4610,1741
4611,1741
4612,1741
4613,1742
4614,1745
4615,1744
4616,1746
4617,1746
4618,1746
4619,1746
4620,1746
4621,1746
4622,1748
4623,1749
4624,1751
4625,1751
4626,1750
4627,1752
4628,1752
4629,1752
4630,1753
4631,1753
4632,1754
4633,1755
4634,1756
4635,1757
4636,1756
4637,1756
4638,1756
4639,1756
4640,1756
4641,1758
4642,1760
4643,1759
4644,1761
4645,1762
4646,1763
4647,1763
4648,1765
4649,1766
4650,1766
4651,1766
4652,1766
4653,1766
4654,1767
4655,1767
4656,1769
4657,1768
4658,1770
4659,1770
4660,1770
4661,1770
4662,1770
4663,1770
4664,1772
4665,1773
4666,1773
4667,1773
4668,1773
4669,1773
4670,1773
4671,1774
4672,1776
4673,1775
4674,1775
4675,1777
4676,1779
4677,1781
4678,1781
4679,1784
4680,1782
4681,1785
4682,1785
4683,1785
4684,1785
4685,1787
4686,1788
4687,1789
4688,1790
4689,1790
4690,1791
4691,1791
4692,1791
4693,1791
4694,1793
4695,1793
4696,1794
4697,1795
4698,1795
4699,1796
4700,1796
4701,1796
4702,1796
4703,1797
4704,1797
4705,1799
4706,1798
4707,1798
4708,1798
4709,1798
4710,1799
4711,1799
4712,1799
4713,1800
4714,1801
4715,1801
4716,1801
4717,1804
4718,1805
4719,1808
4720,1809
4721,1809
4722,1809
4723,1810
4724,1810
4725,1810
4726,1810
4727,1811
4728,1811
4729,1811
4730,1811
4731,1811
4732,1812
4733,1812
4734,1812
4735,1814
4736,1814
4737,1814
4738,1814
4739,1815
4740,1815
4741,1815
4742,1815
4743,1815
4744,1816
4745,1817
4746,1817
4747,1818
4748,1818
4749,1818
4750,1819
4751,1819
4752,1820
4753,1821
4754,1821
4755,1823
4756,1823
4757,1824
4758,1825
4759,1825
4760,1826
4761,1828
4762,1827
4763,1829
4764,1830
4765,1831
4766,1831
4767,1831
4768,1831
4769,1831
4770,1831
4771,1831
4772,1831
4773,1832
4774,1832
4775,1832
4776,1833
4777,1833
4778,1833
4779,1834
4780,1834
4781,1835
4782,1835
4783,1836
4784,1838
4785,1838
4786,1839
4787,1839
4788,1839
4789,1839
4790,1839
4791,1841
4792,1840
4793,1841
4794,1841
4795,1842
4796,1845
4797,1843
4798,1843
4799,1846
4800,1847
4801,1848
4802,1849
4803,1849
4804,1852
4805,1854
4806,1854
4807,1854
4808,1854
4809,1854
4810,1855
4811,1855
4812,1855
4813,1855
4814,1855
4815,1855
4816,1856
4817,1856
4818,1858
4819,1860
4820,1860
4821,1860
4822,1860
4823,1860
4824,1860
4825,1860
4826,1860
4827,1860
4828,1861
4829,1862
4830,1862
4831,1862
4832,1862
4833,1862
4834,1862
4835,1863
4836,1864
4837,1864
4838,1865
4839,1865
4840,1866
4841,1866
4842,1866
4843,1867
4844,1867
4845,1867
4846,1868
4847,1869
4848,1871
4849,1871
4850,1871
4851,1871
4852,1871
4853,1873
4854,1873
4855,1872
4856,1873
4857,1874
4858,1873
4859,1873
4860,1873
4861,1875
4862,1875
4863,1875
4864,1875
4865,1875
4866,1876
4867,1878
4868,1879
4869,1879
4870,1879
4871,1879
4872,1879
4873,1880
4874,1881
4875,1883
4876,1882
4877,1883
4878,1884
4879,1884
4880,1884
4881,1884
4882,1884
4883,1884
4884,1884
4885,1885
4886,1885
4887,1885
4888,1885
4889,1886
4890,1886
4891,1887
4892,1888
4893,1888
4894,1888
4895,1889
4896,1889
4897,1891
4898,1891
4899,1891
4900,1892
4901,1892
4902,1892
4903,1892
4904,1892
4905,1893
4906,1895
4907,1895
4908,1895
4909,1895
4910,1895
4911,1896
4912,1898
4913,1898
4914,1899
4915,1900
4916,1900
4917,1900
4918,1901
4919,1903
4920,1901
4921,1902
4922,1901
4923,1902
4924,1902
4925,1904
4926,1904
4927,1904
4928,1904
4929,1904
4930,1904
4931,1904
4932,1904
4933,1905
4934,1905
4935,1905
4936,1906
4937,1907
4938,1907
4939,1907
4940,1908
4941,1909
4942,1909
4943,1910
4944,1911
4945,1911
4946,1911
4947,1911
4948,1913
4949,1917
4950,1916
4951,1917
4952,1915
4953,1915
4954,1916
4955,1915
4956,1915
4957,1916
4958,1918
4959,1918
4960,1918
4961,1921
4962,1920
4963,1921
4964,1922
4965,1924
4966,1925
4967,1926
4968,1927
4969,1926
4970,1927
4971,1928
4972,1928
4973,1928
4974,1928
4975,1928
4976,1930
4977,1931
4978,1929
4979,1931
4980,1932
4981,1933
4982,1933
4983,1933
4984,1933
4985,1933
4986,1933
4987,1936
4988,1936
4989,1934
4990,1938
4991,1938
4992,1939
4993,1940
4994,1942
4995,1942
4996,1941
4997,1943
4998,1943
4999,1944
5000,1946
5001,1944
5002,1947
5003,1947
5004,1947
5005,1948
5006,1950
5007,1949
5008,1949
5009,1952
5010,1952
5011,1951
5012,1952
5013,1951
5014,1952
5015,1952
5016,1951
5017,1952
5018,1952
5019,1952
5020,1952
5021,1953
5022,1954
5023,1954
5024,1955
5025,1955
5026,1955
5027,1955
5028,1955
5029,1955
5030,1956
5031,1956
5032,1957
5033,1957
5034,1957
5035,1958
5036,1959
5037,1960
5038,1960
5039,1960
5040,1960
5041,1960
5042,1961
5043,1962
5044,1963
5045,1963
5046,1964
5047,1964
5048,1965
5049,1964
5050,1966
5051,1966
5052,1966
5053,1966
5054,1966
5055,1969
5056,1970
5057,1970
5058,1970
5059,1970
5060,1971
5061,1972
5062,1973
5063,1974
5064,1974
5065,1975
5066,1975
5067,1975
5068,1975
5069,1976
5070,1976
5071,1976
5072,1976
5073,1977
5074,1977
5075,1977
5076,1978
5077,1978
5078,1981
5079,1981
5080,1982
5081,1983
5082,1985
5083,1985
5084,1984
5085,1986
5086,1986
5087,1986
5088,1986
5089,1987
5090,1989
5091,1989
5092,1989
5093,1989
5094,1990
5095,1990
5096,1991
5097,1991
5098,1992
5099,1993
5100,1993
5101,1993
5102,1994
5103,1994
5104,1994
5105,1995
5106,1996
5107,1998
5108,2000
5109,2000
5110,2000
5111,1999
5112,2003
5113,2002
5114,2002
5115,2002
5116,2003
5117,2001
5118,2002
5119,2001
5120,2002
5121,2004
5122,2004
5123,2005
5124,2006
5125,2006
5126,2007
5127,2007
5128,2006
5129,2008
5130,2009
5131,2008
5132,2009
5133,2009
5134,2010
5135,2010
5136,2011
5137,2011
5138,2011
5139,2012
5140,2012
5141,2012
5142,2012
5143,2012
5144,2012
5145,2013
5146,2014
5147,2016
5148,2015
5149,2017
5150,2019
5151,2019
5152,2019
5153,2019
5154,2019
5155,2020
5156,2021
5157,2021
5158,2023
5159,2022
5160,2023
5161,2025
5162,2025
5163,2025
5164,2026
5165,2026
5166,2027
5167,2028
5168,2028
5169,2029
5170,2029
5171,2029
5172,2030
5173,2030
5174,2031
5175,2031
5176,2031
5177,2032
5178,2034
5179,2034
5180,2034
5181,2034
5182,2034
5183,2034
5184,2034
5185,2034
5186,2035
5187,2036
5188,2038
5189,2039
5190,2039
5191,2041
5192,2043
5193,2043
5194,2043
5195,2044
5196,2046
5197,2047
5198,2049
5199,2050
5200,2050
5201,2051
5202,2051
5203,2051
5204,2052
5205,2053
5206,2053
5207,2053
5208,2056
5209,2055
5210,2057
5211,2057
5212,2059
5213,2060
5214,2060
5215,2060
5216,2060
5217,2060
5218,2061
5219,2063
5220,2065
5221,2065
5222,2066
5223,2067
5224,2067
5225,2067
5226,2067
5227,2068
5228,2068
5229,2068
5230,2068
5231,2068
5232,2069
5233,2069
5234,2071
5235,2072
5236,2071
5237,2075
5238,2076
5239,2077
5240,2077
5241,2077
5242,2077
5243,2077
5244,2077
5245,2078
5246,2078
5247,2078
5248,2078
5249,2078
5250,2078
5251,2079
5252,2080
5253,2080
5254,2080
5255,2080
5256,2080
5257,2080
5258,2080
5259,2080
5260,2080
5261,2080
5262,2083
5263,2081
5264,2083
5265,2084
5266,2084
5267,2084
5268,2086
5269,2085
5270,2088
5271,2090
5272,2092
5273,2095
5274,2097
5275,2098
5276,2098
5277,2098
5278,2101
5279,2099
5280,2101
5281,2099
5282,2100
5283,2101
5284,2101
5285,2102
5286,2102
5287,2102
5288,2102
5289,2103
5290,2103
5291,2104
5292,2104
5293,2104
5294,2107
5295,2106
5296,2109
5297,2111
5298,2112
5299,2112
5300,2112
5301,2113
5302,2113
5303,2113
5304,2114
5305,2114
5306,2115
5307,2115
5308,2116
5309,2117
5310,2118
5311,2119
5312,2121
5313,2120
5314,2122
5315,2122
5316,2122
5317,2122
5318,2123
5319,2123
5320,2123
5321,2124
5322,2124
5323,2124
5324,2124
5325,2124
5326,2124
5327,2125
5328,2125
5329,2125
5330,2126
5331,2126
5332,2126
5333,2126
5334,2127
5335,2128
5336,2128
5337,2128
5338,2128
5339,2129
5340,2131
5341,2130
5342,2133
5343,2133
5344,2133
5345,2133
5346,2133
5347,2133
5348,2133
5349,2133
5350,2133
5351,2135
5352,2137
5353,2136
5354,2136
5355,2140
5356,2141
5357,2142
5358,2144
5359,2144
5360,2144
5361,2145
5362,2145
5363,2146
5364,2146
5365,2146
5366,2148
5367,2149
5368,2149
5369,2149
5370,2149
5371,2150
5372,2151
5373,2151
5374,2151
5375,2151
5376,2152
5377,2154
5378,2154
5379,2153
5380,2154
5381,2155
5382,2155
5383,2155
5384,2157
5385,2158
5386,2160
5387,2161
5388,2159
5389,2163
5390,2163
5391,2162
5392,2162
5393,2162
5394,2163
5395,2165
5396,2164
5397,2164
5398,2167
5399,2168
5400,2169
5401,2170
5402,2170
5403,2170
5404,2170
5405,2170
5406,2170
5407,2170
5408,2170
5409,2170
5410,2170
5411,2170
5412,2171
5413,2172
5414,2172
5415,2173
5416,2173
5417,2173
5418,2175
5419,2174
5420,2175
5421,2176
5422,2176
5423,2176
5424,2176
5425,2177
5426,2177
5427,2177
5428,2178
5429,2178
5430,2178
5431,2180
5432,2180
5433,2181
5434,2183
5435,2183
5436,2183
5437,2183
5438,2183
5439,2183
5440,2185
5441,2185
5442,2186
5443,2186
5444,2186
5445,2186
5446,2187
5447,2188
5448,2188
5449,2188
5450,2189
5451,2189
5452,2190
5453,2190
5454,2190
5455,2190
5456,2190
5457,2190
5458,2190
5459,2192
5460,2193
5461,2193
5462,2193
5463,2193
5464,2193
5465,2193
5466,2195
5467,2196
5468,2198
5469,2199
5470,2199
5471,2199
5472,2199
5473,2199
5474,2199
5475,2199
5476,2199
5477,2200
5478,2200
5479,2201
5480,2203
5481,2204
5482,2204
5483,2204
5484,2204
5485,2207
5486,2205
5487,2206
5488,2208
5489,2210
5490,2209
5491,2211
5492,2212
5493,2212
5494,2212
5495,2212
5496,2213
5497,2214
5498,2214
5499,2214
5500,2215
5501,2217
5502,2218
5503,2219
5504,2220
5505,2221
5506,2222
5507,2222
5508,2223
5509,2223
5510,2223
5511,2225
5512,2227
5513,2228
5514,2229
5515,2229
5516,2229
5517,2231
5518,2230
5519,2230
5520,2231
5521,2232
5522,2235
5523,2235
5524,2237
5525,2237
5526,2237
5527,2237
5528,2237
5529,2237
5530,2236
5531,2238
5532,2238
5533,2238
5534,2238
5535,2239
5536,2239
5537,2239
5538,2240
5539,2242
5540,2242
5541,2243
5542,2243
5543,2243
5544,2244
5545,2244
5546,2244
5547,2244
5548,2245
5549,2245
5550,2246
5551,2246
5552,2246
5553,2246
5554,2246
5555,2247
5556,2247
5557,2247
5558,2247
5559,2247
5560,2248
5561,2248
5562,2248
5563,2249
5564,2250
5565,2250
5566,2250
5567,2250
5568,2250
5569,2250
5570,2250
5571,2251
5572,2254
5573,2254
5574,2255
5575,2256
5576,2257
5577,2257
5578,2257
5579,2256
5580,2256
5581,2256
5582,2258
5583,2259
5584,2259
5585,2259
5586,2259
5587,2259
5588,2260
5589,2262
5590,2261
5591,2261
5592,2263
5593,2267
5594,2269
5595,2270
5596,2270
5597,2271
5598,2271
5599,2271
5600,2271
5601,2272
5602,2275
5603,2275
5604,2275
5605,2275
5606,2275
5607,2276
5608,2277
5609,2277
5610,2278
5611,2278
5612,2278
5613,2278
5614,2278
5615,2278
5616,2279
5617,2279
5618,2281
5619,2281
5620,2281
5621,2280
5622,2280
5623,2280
5624,2281
5625,2282
5626,2283
5627,2283
5628,2283
5629,2284
5630,2284
5631,2285
5632,2285
5633,2286
5634,2287
5635,2290
5636,2291
5637,2291
5638,2291
5639,2293
5640,2292
5641,2292
5642,2292
5643,2292
5644,2293
5645,2294
5646,2294
5647,2294
5648,2294
5649,2294
5650,2295
5651,2298
5652,2298
5653,2300
5654,2301
5655,2301
5656,2302
5657,2303
5658,2306
5659,2307
5660,2307
5661,2309
5662,2308
5663,2308
5664,2308
5665,2311
5666,2311
5667,2311
5668,2311
5669,2311
5670,2312
5671,2314
5672,2316
5673,2316
5674,2316
5675,2316
5676,2317
5677,2317
5678,2317
5679,2318
5680,2320
5681,2320
5682,2320
5683,2321
5684,2323
5685,2323
5686,2323
5687,2324
5688,2325
5689,2326
5690,2328
5691,2328
5692,2329
5693,2328
5694,2328
5695,2328
5696,2330
5697,2330
5698,2331
5699,2331
5700,2333
5701,2334
5702,2335
5703,2335
5704,2336
5705,2337
5706,2336
5707,2338
5708,2338
5709,2339
5710,2339
5711,2339
5712,2339
5713,2339
5714,2339
5715,2340
5716,2340
5717,2340
5718,2341
5719,2341
5720,2341
5721,2341
5722,2341
5723,2342
5724,2342
5725,2342
5726,2344
5727,2344
5728,2346
5729,2345
5730,2345
5731,2346
5732,2345
5733,2346
5734,2345
5735,2348
5736,2347
5737,2351
5738,2350
5739,2352
5740,2353
5741,2355
5742,2355
5743,2353
5744,2355
5745,2355
5746,2357
5747,2357
5748,2357
5749,2358
5750,2358
5751,2358
5752,2359
5753,2359
5754,2360
5755,2360
5756,2360
5757,2360
5758,2361
5759,2361
5760,2362
5761,2362
5762,2362
5763,2363
5764,2364
5765,2364
5766,2364
5767,2365
5768,2365
5769,2365
5770,2365
5771,2368
5772,2369
5773,2369
5774,2371
5775,2371
5776,2372
5777,2374
5778,2374
5779,2375
5780,2375
5781,2375
5782,2377
5783,2377
5784,2378
5785,2380
5786,2381
5787,2381
5788,2382
5789,2382
5790,2383
5791,2383
5792,2383
5793,2384
5794,2385
5795,2385
5796,2386
5797,2388
5798,2388
5799,2389
5800,2389
5801,2390
5802,2390
5803,2390
5804,2391
5805,2391
5806,2393
5807,2396
5808,2396
5809,2395
5810,2395
5811,2397
5812,2399
5813,2401
5814,2402
5815,2403
5816,2404
5817,2405
5818,2405
5819,2405
5820,2405
5821,2406
5822,2407
5823,2407
5824,2407
5825,2408
5826,2408
5827,2408
5828,2409
5829,2410
5830,2410
5831,2410
5832,2410
5833,2410
5834,2411
5835,2411
5836,2410
5837,2412
5838,2412
5839,2413
5840,2413
5841,2413
5842,2413
5843,2413
5844,2413
5845,2413
5846,2413
5847,2413
5848,2414
5849,2414
5850,2414
5851,2415
5852,2415
5853,2415
5854,2415
5855,2416
5856,2416
5857,2416
5858,2417
5859,2417
5860,2418
5861,2419
5862,2419
5863,2418
5864,2420
5865,2420
5866,2421
5867,2422
5868,2423
5869,2423
5870,2423
5871,2424
5872,2424
5873,2424
5874,2424
5875,2424
5876,2425
5877,2425
5878,2426
5879,2427
5880,2427
5881,2426
5882,2426
5883,2428
5884,2428
5885,2429
5886,2430
5887,2430
5888,2429
5889,2431
5890,2431
5891,2431
5892,2431
5893,2431
5894,2431
5895,2432
5896,2433
5897,2433
5898,2433
5899,2433
5900,2434
5901,2435
5902,2435
5903,2436
5904,2438
5905,2437
5906,2441
5907,2442
5908,2442
5909,2442
5910,2443
5911,2444
5912,2444
5913,2444
5914,2446
5915,2446
5916,2445
5917,2446
5918,2446
5919,2445
5920,2447
5921,2448
5922,2448
5923,2449
5924,2449
5925,2451
5926,2451
5927,2452
5928,2452
5929,2452
5930,2452
5931,2452
5932,2453
5933,2453
5934,2454
5935,2454
5936,2455
5937,2455
5938,2457
5939,2459
5940,2460
5941,2460
5942,2460
5943,2461
5944,2461
5945,2461
5946,2462
5947,2462
5948,2463
5949,2463
5950,2463
5951,2464
5952,2464
5953,2465
5954,2468
5955,2468
5956,2467
5957,2469
5958,2470
5959,2472
5960,2471
5961,2472
5962,2471
5963,2473
5964,2473
5965,2473
5966,2473
5967,2473
5968,2473
5969,2473
5970,2473
5971,2474
5972,2476
5973,2476
5974,2476
5975,2476
5976,2476
5977,2476
5978,2476
5979,2476
5980,2476
5981,2478
5982,2478
5983,2480
5984,2481
5985,2481
5986,2481
5987,2481
5988,2481
5989,2481
5990,2484
5991,2482
5992,2482
5993,2482
5994,2484
5995,2485
5996,2486
5997,2486
5998,2486
5999,2487
6000,2488
6001,2490
6002,2491
6003,2490
6004,2490
6005,2492
6006,2492
6007,2492
6008,2492
6009,2493
6010,2493
6011,2494
6012,2496
6013,2497
6014,2499
6015,2499
6016,2499
6017,2498
6018,2498
6019,2499
6020,2498
6021,2500
6022,2501
6023,2501
6024,2502
6025,2503
6026,2503
6027,2505
6028,2506
6029,2506
6030,2506
6031,2506
6032,2507
6033,2508
6034,2507
6035,2509
6036,2509
6037,2509
6038,2509
6039,2509
6040,2509
6041,2510
6042,2513
6043,2513
6044,2514
6045,2514
6046,2515
6047,2516
6048,2516
6049,2516
6050,2517
6051,2517
6052,2517
6053,2517
6054,2518
6055,2517
6056,2517
6057,2518
6058,2519
6059,2520
6060,2520
6061,2520
6062,2521
6063,2521
6064,2521
6065,2522
6066,2524
6067,2525
6068,2525
6069,2525
6070,2526
6071,2526
6072,2526
6073,2526
6074,2527
6075,2527
6076,2529
6077,2529
6078,2531
6079,2531
6080,2531
6081,2532
6082,2532
6083,2532
6084,2533
6085,2534
6086,2534
6087,2537
6088,2538
6089,2538
6090,2538
6091,2538
6092,2538
6093,2538
6094,2539
6095,2539
6096,2540
6097,2543
6098,2541
6099,2544
6100,2547
6101,2547
6102,2548
6103,2549
6104,2549
6105,2550
6106,2551
6107,2551
6108,2551
6109,2551
6110,2552
6111,2552
6112,2553
6113,2555
6114,2556
6115,2556
6116,2555
6117,2554
6118,2558
6119,2557
6120,2557
6121,2558
6122,2559
6123,2559
6124,2560
6125,2560
6126,2560
6127,2560
6128,2560
6129,2561
6130,2561
6131,2562
6132,2562
6133,2563
6134,2564
6135,2565
6136,2565
6137,2565
6138,2565
6139,2566
6140,2567
6141,2567
6142,2569
6143,2573
6144,2571
6145,2575
6146,2575
6147,2576
6148,2576
6149,2576
6150,2577
6151,2579
6152,2578
6153,2580
6154,2581
6155,2581
6156,2582
6157,2586
6158,2589
6159,2589
6160,2589
6161,2587
6162,2590
6163,2591
6164,2591
6165,2594
6166,2593
6167,2593
6168,2595
6169,2595
6170,2597
6171,2599
6172,2599
6173,2599
6174,2598
6175,2599
6176,2598
6177,2600
6178,2601
6179,2602
6180,2603
6181,2604
6182,2604
6183,2604
6184,2604
6185,2604
6186,2605
6187,2605
6188,2605
6189,2605
6190,2606
6191,2607
6192,2608
6193,2607
6194,2609
6195,2607
6196,2610
6197,2610
6198,2611
6199,2612
6200,2612
6201,2612
6202,2613
6203,2613
6204,2614
6205,2614
6206,2614
6207,2616
6208,2618
6209,2619
6210,2619
6211,2620
6212,2620
6213,2620
6214,2621
6215,2623
6216,2623
6217,2623
6218,2623
6219,2623
6220,2623
6221,2623
6222,2624
6223,2624
6224,2624
6225,2625
6226,2625
6227,2625
6228,2625
6229,2625
6230,2625
6231,2625
6232,2625
6233,2625
6234,2626
6235,2626
6236,2626
6237,2627
6238,2627
6239,2628
6240,2629
6241,2630
6242,2631
6243,2631
6244,2633
6245,2632
6246,2634
6247,2634
6248,2637
6249,2638
6250,2639
6251,2639
6252,2640
6253,2640
6254,2640
6255,2640
6256,2640
6257,2640
6258,2640
6259,2640
6260,2641
6261,2641
6262,2642
6263,2642
6264,2642
6265,2643
6266,2643
6267,2645
6268,2646
6269,2649
6270,2649
6271,2650
6272,2651
6273,2652
6274,2652
6275,2654
6276,2655
6277,2655
6278,2655
6279,2655
6280,2656
6281,2656
6282,2656
6283,2658
6284,2659
6285,2659
6286,2659
6287,2659
6288,2659
6289,2659
6290,2659
6291,2660
6292,2661
6293,2662
6294,2663
6295,2664
6296,2664
6297,2665
6298,2665
6299,2665
6300,2666
6301,2666
6302,2666
6303,2666
6304,2667
6305,2668
6306,2668
6307,2668
6308,2668
6309,2668
6310,2669
6311,2669
6312,2669
6313,2669
6314,2669
6315,2669
6316,2670
6317,2670
6318,2670
6319,2670
6320,2672
6321,2671
6322,2674
6323,2674
6324,2675
6325,2675
6326,2676
6327,2676
6328,2676
6329,2676
6330,2676
6331,2676
6332,2676
6333,2677
6334,2678
6335,2678
6336,2679
6337,2679
6338,2680
6339,2682
6340,2680
6341,2681
6342,2682
6343,2683
6344,2686
6345,2684
6346,2685
6347,2687
6348,2688
6349,2688
6350,2688
6351,2688
6352,2688
6353,2688
6354,2688
6355,2689
6356,2689
6357,2689
6358,2689
6359,2689
6360,2690
6361,2690
6362,2690
6363,2690
6364,2691
6365,2691
6366,2691
6367,2691
6368,2691
6369,2692
6370,2693
6371,2693
6372,2693
6373,2695
6374,2698
6375,2696
6376,2698
6377,2700
6378,2700
6379,2701
6380,2701
6381,2701
6382,2701
6383,2702
6384,2702
6385,2705
6386,2705
6387,2705
6388,2706
6389,2707
6390,2708
6391,2711
6392,2713
6393,2713
6394,2712
6395,2713
6396,2714
6397,2714
6398,2714
6399,2714
6400,2715
6401,2715
6402,2717
6403,2717
6404,2717
6405,2718
6406,2720
6407,2720
6408,2720
6409,2722
6410,2722
6411,2721
6412,2721
6413,2723
6414,2724
6415,2723
6416,2724
6417,2723
6418,2723
6419,2723
6420,2723
6421,2724
6422,2725
6423,2727
6424,2727
6425,2727
6426,2727
6427,2728
6428,2729
6429,2730
6430,2731
6431,2731
6432,2732
6433,2732
6434,2732
6435,2732
6436,2733
6437,2733
6438,2735
6439,2734
6440,2736
6441,2736
6442,2737
6443,2738
6444,2738
6445,2739
6446,2739
6447,2741
6448,2740
6449,2742
6450,2742
6451,2742
6452,2742
6453,2742
6454,2743
6455,2745
6456,2746
6457,2745
6458,2747
6459,2747
6460,2747
6461,2747
6462,2748
6463,2748
6464,2749
6465,2750
6466,2751
6467,2751
6468,2751
6469,2754
6470,2753
6471,2754
6472,2754
6473,2754
6474,2753
6475,2755
6476,2755
6477,2755
6478,2755
6479,2755
6480,2757
6481,2756
6482,2757
6483,2758
6484,2759
6485,2760
6486,2760
6487,2760
6488,2760
6489,2761
6490,2761
6491,2761
6492,2761
6493,2761
6494,2761
6495,2761
6496,2762
6497,2762
6498,2764
6499,2764
6500,2763
6501,2763
6502,2766
6503,2766
6504,2767
6505,2767
6506,2767
6507,2767
6508,2768
6509,2768
6510,2769
6511,2769
6512,2770
6513,2771
6514,2771
6515,2771
6516,2772
6517,2772
6518,2774
6519,2773
6520,2774
6521,2773
6522,2774
6523,2773
6524,2777
6525,2775
6526,2778
6527,2778
6528,2778
6529,2779
6530,2779
6531,2780
6532,2780
6533,2780
6534,2780
6535,2780
6536,2780
6537,2780
6538,2780
6539,2780
6540,2780
6541,2780
6542,2781
6543,2781
6544,2782
6545,2782
6546,2782
6547,2784
6548,2783
6549,2783
6550,2784
6551,2783
6552,2783
6553,2785
6554,2785
6555,2785
6556,2787
6557,2790
6558,2788
6559,2790
6560,2790
6561,2788
6562,2789
6563,2788
6564,2790
6565,2788
6566,2788
6567,2791
6568,2793
6569,2795
6570,2796
6571,2796
6572,2796
6573,2796
6574,2798
6575,2798
6576,2797
6577,2799
6578,2800
6579,2802
6580,2802
6581,2801
6582,2803
6583,2804
6584,2804
6585,2804
6586,2805
6587,2805
6588,2806
6589,2806
6590,2806
6591,2806
6592,2806
6593,2806
6594,2807
6595,2807
6596,2807
6597,2807
6598,2807
6599,2808
6600,2808
6601,2809
6602,2811
6603,2811
6604,2815
6605,2813
6606,2815
6607,2815
6608,2816
6609,2818
6610,2817
6611,2817
6612,2817
6613,2819
6614,2819
6615,2820
6616,2820
6617,2822
6618,2822
6619,2823
6620,2824
6621,2824
6622,2825
6623,2825
6624,2826
6625,2826
6626,2826
6627,2827
6628,2828
6629,2829
6630,2829
6631,2830
6632,2832
6633,2831
6634,2832
6635,2831
6636,2833
6637,2833
6638,2833
6639,2834
6640,2834
6641,2834
6642,2834
6643,2835
6644,2835
6645,2835
6646,2835
6647,2836
6648,2837
6649,2837
6650,2837
6651,2838
6652,2842
6653,2842
6654,2844
6655,2845
6656,2845
6657,2846
6658,2846
6659,2847
6660,2847
6661,2847
6662,2849
6663,2849
6664,2849
6665,2849
6666,2850
6667,2851
6668,2852
6669,2853
6670,2853
6671,2854
6672,2854
6673,2856
6674,2859
6675,2860
6676,2860
6677,2861
6678,2862
6679,2862
6680,2862
6681,2861
6682,2861
6683,2864
6684,2864
6685,2865
6686,2865
6687,2865
6688,2865
6689,2865
6690,2865
6691,2866
6692,2868
6693,2869
6694,2870
6695,2869
6696,2870
6697,2871
6698,2871
6699,2871
6700,2872
6701,2872
6702,2872
6703,2873
6704,2873
6705,2873
6706,2875
6707,2875
6708,2876
6709,2877
6710,2878
6711,2878
6712,2878
6713,2878
6714,2878
6715,2879
6716,2879
6717,2880
6718,2880
6719,2880
6720,2880
6721,2883
6722,2883
6723,2883
6724,2881
6725,2884
6726,2884
6727,2885
6728,2885
6729,2885
6730,2885
6731,2885
6732,2885
6733,2885
6734,2886
6735,2886
6736,2886
6737,2888
6738,2887
6739,2887
6740,2887
6741,2889
6742,2888
6743,2887
6744,2890
6745,2891
6746,2891
6747,2892
6748,2893
6749,2894
6750,2895
6751,2897
6752,2897
6753,2897
6754,2898
6755,2898
6756,2898
6757,2899
6758,2900
6759,2900
6760,2900
6761,2900
6762,2900
6763,2900
6764,2900
6765,2901
6766,2901
6767,2901
6768,2901
6769,2901
6770,2902
6771,2902
6772,2902
6773,2902
6774,2902
6775,2904
6776,2904
6777,2905
6778,2907
6779,2909
6780,2909
6781,2910
6782,2910
6783,2910
6784,2910
6785,2910
6786,2910
6787,2910
6788,2913
6789,2916
6790,2917
6791,2918
6792,2918
6793,2917
6794,2917
6795,2917
6796,2919
6797,2920
6798,2920
6799,2921
6800,2923
6801,2924
6802,2924
6803,2925
6804,2925
6805,2926
6806,2927
6807,2929
6808,2930
6809,2932
6810,2930
6811,2930
6812,2931
6813,2933
6814,2936
6815,2934
6816,2936
6817,2937
6818,2937
6819,2939
6820,2939
6821,2940
6822,2940
6823,2940
6824,2940
6825,2940
6826,2940
6827,2940
6828,2940
6829,2941
6830,2941
6831,2942
6832,2943
6833,2943
6834,2942
6835,2943
6836,2942
6837,2943
6838,2943
6839,2944
6840,2944
6841,2944
6842,2946
6843,2947
6844,2948
6845,2948
6846,2949
6847,2951
6848,2951
6849,2954
6850,2954
6851,2953
6852,2952
6853,2954
6854,2952
6855,2953
6856,2953
6857,2954
6858,2956
6859,2958
6860,2958
6861,2958
6862,2958
6863,2959
6864,2961
6865,2960
6866,2960
6867,2961
6868,2962
6869,2963
6870,2963
6871,2964
6872,2965
6873,2966
6874,2966
6875,2966
6876,2966
6877,2966
6878,2967
6879,2968
6880,2967
6881,2968
6882,2968
6883,2967
6884,2967
6885,2969
6886,2970
6887,2970
6888,2970
6889,2970
6890,2970
6891,2971
6892,2972
6893,2973
6894,2974
6895,2974
6896,2976
6897,2978
6898,2979
6899,2980
6900,2980
6901,2981
6902,2982
6903,2981
6904,2983
6905,2983
6906,2983
6907,2984
6908,2985
6909,2987
6910,2987
6911,2987
6912,2988
6913,2989
6914,2989
6915,2989
6916,2990
6917,2990
6918,2991
6919,2992
6920,2991
6921,2991
6922,2994
6923,2995
6924,2997
6925,2997
6926,2997
6927,2997
6928,2996
6929,2996
6930,2998
6931,3000
6932,3002
6933,3002
6934,3002
6935,3003
6936,3004
6937,3005
6938,3006
6939,3007
6940,3008
6941,3009
6942,3009
6943,3010
6944,3010
6945,3011
6946,3011
6947,3011
6948,3011
6949,3011
6950,3011
6951,3011
6952,3011
6953,3011
6954,3011
6955,3013
6956,3013
6957,3013
6958,3013
6959,3012
6960,3017
6961,3018
6962,3018
6963,3019
6964,3019
6965,3019
6966,3020
6967,3020
6968,3021
6969,3021
6970,3022
6971,3022
6972,3023
6973,3024
6974,3024
6975,3024
6976,3024
6977,3025
6978,3025
6979,3026
6980,3030
6981,3029
6982,3028
6983,3029
6984,3032
6985,3035
6986,3034
6987,3036
6988,3037
6989,3037
6990,3036
6991,3038
6992,3038
6993,3039
6994,3039
6995,3040
6996,3040
6997,3040
6998,3040
6999,3040
7000,3040
7001,3040
7002,3040
7003,3043
7004,3044
7005,3046
7006,3046
7007,3047
7008,3048
7009,3048
7010,3048
7011,3048
7012,3048
7013,3048
7014,3048
7015,3049
7016,3049
7017,3049
7018,3050
7019,3053
7020,3055
7021,3055
7022,3054
7023,3057
7024,3058
7025,3059
7026,3061
7027,3061
7028,3061
7029,3061
7030,3062
7031,3062
7032,3063
7033,3063
7034,3064
7035,3064
7036,3064
7037,3064
7038,3064
7039,3064
7040,3064
7041,3065
7042,3066
7043,3066
7044,3069
7045,3069
7046,3072
7047,3074
7048,3074
7049,3073
7050,3073
7051,3074
7052,3073
7053,3075
7054,3075
7055,3076
7056,3076
7057,3078
7058,3079
7059,3079
7060,3079
7061,3079
7062,3079
7063,3079
7064,3079
7065,3079
7066,3082
7067,3081
7068,3083
7069,3083
7070,3086
7071,3085
7072,3087
7073,3087
7074,3087
7075,3087
7076,3088
7077,3091
7078,3091
7079,3092
7080,3092
7081,3092
7082,3092
7083,3092
7084,3092
7085,3092
7086,3093
7087,3093
7088,3093
7089,3093
7090,3093
7091,3093
7092,3094
7093,3094
7094,3094
7095,3095
7096,3096
7097,3096
7098,3097
7099,3097
7100,3097
7101,3097
7102,3097
7103,3097
7104,3097
7105,3100
7106,3099
7107,3102
7108,3101
7109,3101
7110,3101
7111,3103
7112,3105
7113,3105
7114,3106
7115,3106
7116,3107
7117,3109
7118,3110
7119,3109
7120,3110
7121,3109
7122,3110
7123,3111
7124,3112
7125,3113
7126,3114
7127,3117
7128,3117
7129,3118
7130,3119
7131,3121
7132,3123
7133,3125
7134,3126
7135,3126
7136,3126
7137,3126
7138,3127
7139,3127
7140,3128
7141,3128
7142,3128
7143,3128
7144,3128
7145,3130
7146,3131
7147,3131
7148,3131
7149,3131
7150,3132
7151,3134
7152,3135
7153,3137
7154,3138
7155,3138
7156,3139
7157,3140
7158,3140
7159,3139
7160,3141
7161,3142
7162,3142
7163,3143
7164,3143
7165,3143
7166,3143
7167,3144
7168,3147
7169,3145
7170,3148
7171,3149
7172,3148
7173,3148
7174,3148
7175,3149
7176,3150
7177,3150
7178,3150
7179,3150
7180,3150
7181,3150
7182,3152
7183,3152
7184,3153
7185,3154
7186,3154
7187,3154
7188,3155
7189,3155
7190,3155
7191,3155
7192,3156
7193,3157
7194,3157
7195,3157
7196,3157
7197,3157
7198,3157
7199,3157
7200,3157
7201,3159
7202,3158
7203,3159
7204,3158
7205,3160
7206,3160
7207,3161
7208,3161
7209,3162
7210,3162
7211,3162
7212,3165
7213,3164
7214,3163
7215,3163
7216,3166
7217,3166
7218,3166
7219,3166
7220,3167
7221,3167
7222,3167
7223,3167
7224,3167
7225,3167
7226,3168
7227,3169
7228,3168
7229,3169
7230,3170
7231,3170
7232,3170
7233,3170
7234,3170
7235,3171
7236,3171
7237,3171
7238,3172
7239,3172
7240,3172
7241,3174
7242,3174
7243,3174
7244,3174
7245,3175
7246,3175
7247,3176
7248,3178
7249,3178
7250,3179
7251,3180
7252,3183
7253,3182
7254,3183
7255,3182
7256,3183
7257,3183
7258,3183
7259,3181
7260,3182
7261,3184
7262,3184
7263,3186
7264,3185
7265,3187
7266,3187
7267,3187
7268,3187
7269,3187
7270,3187
7271,3187
7272,3187
7273,3188
7274,3188
7275,3188
7276,3189
7277,3189
7278,3189
7279,3189
7280,3189
7281,3189
7282,3189
7283,3189
7284,3190
7285,3190
7286,3190
7287,3191
7288,3191
7289,3191
7290,3191
7291,3191
7292,3192
7293,3192
7294,3193
7295,3193
7296,3194
7297,3194
7298,3194
7299,3194
7300,3196
7301,3197
7302,3196
7303,3195
7304,3198
7305,3201
7306,3202
7307,3202
7308,3202
7309,3203
7310,3203
7311,3204
7312,3205
7313,3207
7314,3207
7315,3208
7316,3208
7317,3208
7318,3208
7319,3210
7320,3210
7321,3210
7322,3210
7323,3210
7324,3210
7325,3211
7326,3211
7327,3211
7328,3212
7329,3212
7330,3212
7331,3212
7332,3212
7333,3213
7334,3213
7335,3213
7336,3215
7337,3215
7338,3215
7339,3215
7340,3216
7341,3216
7342,3216
7343,3216
7344,3217
7345,3218
7346,3218
7347,3219
7348,3220
7349,3223
7350,3224
7351,3224
7352,3224
7353,3224
7354,3224
7355,3224
7356,3224
7357,3225
7358,3225
7359,3225
7360,3225
7361,3226
7362,3226
7363,3226
7364,3227
7365,3229
7366,3229
7367,3232
7368,3232
7369,3233
7370,3233
7371,3233
7372,3234
7373,3234
7374,3237
7375,3238
7376,3238
7377,3238
7378,3238
7379,3238
7380,3238
7381,3238
7382,3238
7383,3238
7384,3239
7385,3240
7386,3241
7387,3241
7388,3242
7389,3242
7390,3244
7391,3245
7392,3245
7393,3247
7394,3247
7395,3249
7396,3249
7397,3251
7398,3251
7399,3252
7400,3253
7401,3253
7402,3253
7403,3254
7404,3255
7405,3255
7406,3255
7407,3255
7408,3255
7409,3255
7410,3255
7411,3255
7412,3255
7413,3255
7414,3256
7415,3256
7416,3257
7417,3258
7418,3257
7419,3259
7420,3259
7421,3259
7422,3259
7423,3259
7424,3259
7425,3259
7426,3259
7427,3259
7428,3261
7429,3261
7430,3262
7431,3262
7432,3262
7433,3260
7434,3263
7435,3263
7436,3263
7437,3264
7438,3264
7439,3264
7440,3264
7441,3265
7442,3265
7443,3265
7444,3267
7445,3268
7446,3269
7447,3270
7448,3270
7449,3270
7450,3271
7451,3271
7452,3274
7453,3274
7454,3273
7455,3274
7456,3274
7457,3273
7458,3275
7459,3275
7460,3276
7461,3277
7462,3277
7463,3277
7464,3278
7465,3278
7466,3278
7467,3278
7468,3279
7469,3280
7470,3281
7471,3282
7472,3285
7473,3285
7474,3285
7475,3285
7476,3286
7477,3288
7478,3287
7479,3287
7480,3289
7481,3289
7482,3291
7483,3290
7484,3290
7485,3291
7486,3292
7487,3292
7488,3293
7489,3293
7490,3293
7491,3293
7492,3295
7493,3296
7494,3297
7495,3297
7496,3297
7497,3298
7498,3300
7499,3299
7500,3303
7501,3302
7502,3303
7503,3302
7504,3303
7505,3305
7506,3307
7507,3306
7508,3310
7509,3308
7510,3310
7511,3309
7512,3308
7513,3310
7514,3309
7515,3309
7516,3309
7517,3311
7518,3313
7519,3314
7520,3316
7521,3316
7522,3314
7523,3318
7524,3317
7525,3319
7526,3319
7527,3322
7528,3320
7529,3321
7530,3324
7531,3323
7532,3324
7533,3324
7534,3324
7535,3325
7536,3325
7537,3325
7538,3325
7539,3325
7540,3325
7541,3325
7542,3325
7543,3326
7544,3327
7545,3327
7546,3327
7547,3327
7548,3328
7549,3328
7550,3329
7551,3329
7552,3329
7553,3330
7554,3331
7555,3332
7556,3332
7557,3333
7558,3334
7559,3334
7560,3335
7561,3336
7562,3337
7563,3337
7564,3337
7565,3337
7566,3337
7567,3337
7568,3337
7569,3337
7570,3337
7571,3338
7572,3339
7573,3339
7574,3339
7575,3339
7576,3340
7577,3340
7578,3340
7579,3341
7580,3341
7581,3342
7582,3342
7583,3342
7584,3343
7585,3345
7586,3345
7587,3343
7588,3343
7589,3345
7590,3346
7591,3347
7592,3347
7593,3347
7594,3347
7595,3347
7596,3347
7597,3348
7598,3349
7599,3349
7600,3349
7601,3349
7602,3349
7603,3349
7604,3349
7605,3349
7606,3349
7607,3350
7608,3351
7609,3351
7610,3352
7611,3352
7612,3352
7613,3353
7614,3353
7615,3353
7616,3353
7617,3354
7618,3355
7619,3355
7620,3355
7621,3356
7622,3357
7623,3357
7624,3357
7625,3357
7626,3358
7627,3358
7628,3358
7629,3358
7630,3358
7631,3360
7632,3361
7633,3362
7634,3362
7635,3363
7636,3363
7637,3365
7638,3365
7639,3365
7640,3366
7641,3365
7642,3367
7643,3367
7644,3367
7645,3367
7646,3367
7647,3367
7648,3367
7649,3367
7650,3369
7651,3370
7652,3368
7653,3370
7654,3372
7655,3371
7656,3372
7657,3371
7658,3373
7659,3375
7660,3377
7661,3377
7662,3377
7663,3377
7664,3377
7665,3377
7666,3377
7667,3377
7668,3378
7669,3379
7670,3379
7671,3379
7672,3380
7673,3380
7674,3380
7675,3380
7676,3380
7677,3380
7678,3381
7679,3381
7680,3381
7681,3381
7682,3382
7683,3382
7684,3384
7685,3384
7686,3384
7687,3385
7688,3385
7689,3385
7690,3386
7691,3387
7692,3389
7693,3389
7694,3388
7695,3390
7696,3388
7697,3389
7698,3391
7699,3392
7700,3393
7701,3394
7702,3394
7703,3395
7704,3395
7705,3394
7706,3396
7707,3396
7708,3397
7709,3398
7710,3400
7711,3400
7712,3400
7713,3399
7714,3400
7715,3400
7716,3400
7717,3401
7718,3401
7719,3401
7720,3401
7721,3402
7722,3402
7723,3402
7724,3403
7725,3403
7726,3403
7727,3403
7728,3403
7729,3403
7730,3403
7731,3406
7732,3406
7733,3405
7734,3404
7735,3405
7736,3407
7737,3407
7738,3408
7739,3410
7740,3410
7741,3410
7742,3410
7743,3410
7744,3410
7745,3411
7746,3411
7747,3411
7748,3411
7749,3411
7750,3411
7751,3411
7752,3411
7753,3412
7754,3413
7755,3416
7756,3418
7757,3418
7758,3418
7759,3417
7760,3418
7761,3417
7762,3419
7763,3421
7764,3421
7765,3421
7766,3422
7767,3423
7768,3423
7769,3424
7770,3424
7771,3425
7772,3425
7773,3425
7774,3426
7775,3426
7776,3426
7777,3427
7778,3427
7779,3428
7780,3428
7781,3429
7782,3429
7783,3429
7784,3429
7785,3429
7786,3429
7787,3430
7788,3430
7789,3430
7790,3430
7791,3431
7792,3431
7793,3431
7794,3431
7795,3431
7796,3431
7797,3431
7798,3431
7799,3434
7800,3435
7801,3435
7802,3435
7803,3435
7804,3435
7805,3435
7806,3436
7807,3436
7808,3437
7809,3437
7810,3437
7811,3437
7812,3437
7813,3439
7814,3439
7815,3439
7816,3440
7817,3441
7818,3440
7819,3443
7820,3443
7821,3444
7822,3444
7823,3445
7824,3445
7825,3445
7826,3445
7827,3445
7828,3446
7829,3446
7830,3448
7831,3448
7832,3448
7833,3447
7834,3450
7835,3450
7836,3451
7837,3451
7838,3451
7839,3453
7840,3453
7841,3453
7842,3453
7843,3454
7844,3456
7845,3457
7846,3457
7847,3458
7848,3458
7849,3459
7850,3459
7851,3460
7852,3460
7853,3461
7854,3462
7855,3465
7856,3467
7857,3467
7858,3467
7859,3468
7860,3468
7861,3469
7862,3470
7863,3470
7864,3470
7865,3471
7866,3471
7867,3472
7868,3472
7869,3472
7870,3472
7871,3473
7872,3473
7873,3473
7874,3473
7875,3473
7876,3473
7877,3473
7878,3473
7879,3473
7880,3473
7881,3473
7882,3474
7883,3474
7884,3475
7885,3474
7886,3474
7887,3476
7888,3478
7889,3478
7890,3478
7891,3479
7892,3481
7893,3484
7894,3485
7895,3485
7896,3486
7897,3486
7898,3486
7899,3486
7900,3487
7901,3487
7902,3489
7903,3490
7904,3491
7905,3491
7906,3491
7907,3492
7908,3492
7909,3492
7910,3492
7911,3492
7912,3492
7913,3492
7914,3492
7915,3492
7916,3492
7917,3493
7918,3494
7919,3495
7920,3496
7921,3496
7922,3496
7923,3496
7924,3496
7925,3496
7926,3497
7927,3497
7928,3499
7929,3498
7930,3498
7931,3499
7932,3498
7933,3499
7934,3498
7935,3500
7936,3500
7937,3500
7938,3500
7939,3501
7940,3502
7941,3502
7942,3501
7943,3501
7944,3503
7945,3504
7946,3505
7947,3506
7948,3507
7949,3507
7950,3508
7951,3508
7952,3508
7953,3509
7954,3510
7955,3511
7956,3511
7957,3512
7958,3512
7959,3512
7960,3513
7961,3514
7962,3514
7963,3514
7964,3514
7965,3514
7966,3514
7967,3514
7968,3514
7969,3514
7970,3515
7971,3515
7972,3516
7973,3516
7974,3516
7975,3517
7976,3517
7977,3518
7978,3519
7979,3519
7980,3522
7981,3521
7982,3521
7983,3523
7984,3525
7985,3525
7986,3525
7987,3526
7988,3526
7989,3527
7990,3526
7991,3528
7992,3529
7993,3531
7994,3531
7995,3533
7996,3534
7997,3534
7998,3532
7999,3533
8000,3534
8001,3534
8002,3534
8003,3535
8004,3535
8005,3535
8006,3535
8007,3535
8008,3536
8009,3537
8010,3537
8011,3537
8012,3539
8013,3539
8014,3539
8015,3538
8016,3539
8017,3539
8018,3540
8019,3541
8020,3541
8021,3541
8022,3542
8023,3543
8024,3543
8025,3543
8026,3543
8027,3544
8028,3544
8029,3544
8030,3544
8031,3544
8032,3546
8033,3547
8034,3547
8035,3547
8036,3547
8037,3547
8038,3547
8039,3547
8040,3547
8041,3547
8042,3548
8043,3550
8044,3548
8045,3549
8046,3550
8047,3549
8048,3549
8049,3548
8050,3551
8051,3552
8052,3552
8053,3552
8054,3552
8055,3552
8056,3553
8057,3553
8058,3554
8059,3554
8060,3554
8061,3556
8062,3557
8063,3560
8064,3558
8065,3559
8066,3561
8067,3561
8068,3561
8069,3562
8070,3562
8071,3564
8072,3566
8073,3566
8074,3567
8075,3567
8076,3568
8077,3568
8078,3569
8079,3570
8080,3570
8081,3570
8082,3571
8083,3571
8084,3571
8085,3572
8086,3572
8087,3572
8088,3573
8089,3573
8090,3574
8091,3574
8092,3574
8093,3575
8094,3575
8095,3575
8096,3577
8097,3576
8098,3578
8099,3578
8100,3578
8101,3579
8102,3579
8103,3579
8104,3579
8105,3579
8106,3579
8107,3580
8108,3580
8109,3580
8110,3580
8111,3581
8112,3581
8113,3581
8114,3581
8115,3581
8116,3581
8117,3581
8118,3582
8119,3582
8120,3584
8121,3583
8122,3585
8123,3585
8124,3585
8125,3586
8126,3587
8127,3587
8128,3588
8129,3589
8130,3588
8131,3590
8132,3591
8133,3591
8134,3590
8135,3591
8136,3590
8137,3590
8138,3590
8139,3590
8140,3591
8141,3592
8142,3594
8143,3594
8144,3595
8145,3593
8146,3593
8147,3595
8148,3593
8149,3594
8150,3593
8151,3595
8152,3596
8153,3596
8154,3597
8155,3601
8156,3599
8157,3602
8158,3602
8159,3602
8160,3602
8161,3604
8162,3605
8163,3605
8164,3605
8165,3605
8166,3606
8167,3606
8168,3607
8169,3607
8170,3607
8171,3607
8172,3608
8173,3608
8174,3608
8175,3609
8176,3610
8177,3610
8178,3610
8179,3610
8180,3611
8181,3612
8182,3612
8183,3612
8184,3612
8185,3613
8186,3614
8187,3614
8188,3615
8189,3617
8190,3618
8191,3619
8192,3622
8193,3623
8194,3623
8195,3623
8196,3624
8197,3626
8198,3626
8199,3628
8200,3630
8201,3631
8202,3632
8203,3632
8204,3633
8205,3633
8206,3633
8207,3635
8208,3636
8209,3634
8210,3635
8211,3635
8212,3638
8213,3640
8214,3639
8215,3642
8216,3642
8217,3643
8218,3643
8219,3643
8220,3643
8221,3643
8222,3643
8223,3643
8224,3644
8225,3644
8226,3646
8227,3648
8228,3648
8229,3649
8230,3649
8231,3652
8232,3653
8233,3653
8234,3654
8235,3655
8236,3658
8237,3659
8238,3659
8239,3659
8240,3659
8241,3659
8242,3660
8243,3661
8244,3661
8245,3662
8246,3663
8247,3665
8248,3667
8249,3667
8250,3667
8251,3668
8252,3669
8253,3669
8254,3670
8255,3670
8256,3670
8257,3671
8258,3672
8259,3672
8260,3672
8261,3673
8262,3673
8263,3673
8264,3673
8265,3673
8266,3673
8267,3674
8268,3674
8269,3674
8270,3674
8271,3674
8272,3674
8273,3675
8274,3676
8275,3675
8276,3675
8277,3677
8278,3677
8279,3677
8280,3678
8281,3678
8282,3679
8283,3680
8284,3680
8285,3680
8286,3680
8287,3680
8288,3682
8289,3682
8290,3681
8291,3683
8292,3681
8293,3683
8294,3682
8295,3682
8296,3684
8297,3685
8298,3685
8299,3686
8300,3686
8301,3688
8302,3689
8303,3691
8304,3692
8305,3693
8306,3694
8307,3695
8308,3696
8309,3696
8310,3696
8311,3696
8312,3697
8313,3697
8314,3698
8315,3698
8316,3700
8317,3700
8318,3700
8319,3701
8320,3701
8321,3701
8322,3702
8323,3702
8324,3703
8325,3703
8326,3704
8327,3704
8328,3704
8329,3704
8330,3704
8331,3704
8332,3705
8333,3705
8334,3705
8335,3705
8336,3705
8337,3706
8338,3706
8339,3707
8340,3707
8341,3707
8342,3708
8343,3709
8344,3710
8345,3710
8346,3710
8347,3711
8348,3711
8349,3712
8350,3712
8351,3713
8352,3713
8353,3713
8354,3713
8355,3713
8356,3713
8357,3713
8358,3713
8359,3713
8360,3714
8361,3714
8362,3715
8363,3717
8364,3719
8365,3720
8366,3721
8367,3722
8368,3723
8369,3723
8370,3723
8371,3724
8372,3724
8373,3724
8374,3725
8375,3725
8376,3725
8377,3726
8378,3726
8379,3726
8380,3726
8381,3727
8382,3727
8383,3727
8384,3728
8385,3729
8386,3729
8387,3730
8388,3731
8389,3734
8390,3734
8391,3734
8392,3735
8393,3735
8394,3737
8395,3737
8396,3738
8397,3740
8398,3740
8399,3740
8400,3740
8401,3740
8402,3740
8403,3740
8404,3742
8405,3743
8406,3744
8407,3744
8408,3746
8409,3748
8410,3749
8411,3750
8412,3750
8413,3750
8414,3750
8415,3750
8416,3750
8417,3750
8418,3750
8419,3750
8420,3751
8421,3752
8422,3752
8423,3753
8424,3753
8425,3753
8426,3753
8427,3754
8428,3757
8429,3757
8430,3758
8431,3759
8432,3759
8433,3761
8434,3763
8435,3765
8436,3765
8437,3765
8438,3765
8439,3765
8440,3765
8441,3766
8442,3766
8443,3768
8444,3767
8445,3768
8446,3766
8447,3769
8448,3769
8449,3769
8450,3769
8451,3769
8452,3770
8453,3770
8454,3770
8455,3770
8456,3770
8457,3770
8458,3771
8459,3775
8460,3773
8461,3774
8462,3775
8463,3775
8464,3776
8465,3776
8466,3777
8467,3777
8468,3777
8469,3778
8470,3779
8471,3780
8472,3782
8473,3783
8474,3783
8475,3783
8476,3783
8477,3784
8478,3786
8479,3786
8480,3788
8481,3787
8482,3789
8483,3787
8484,3787
8485,3787
8486,3790
8487,3790
8488,3790
8489,3791
8490,3792
8491,3792
8492,3793
8493,3794
8494,3795
8495,3795
8496,3796
8497,3797
8498,3797
8499,3797
8500,3798
8501,3798
8502,3799
8503,3799
8504,3799
8505,3799
8506,3800
8507,3800
8508,3800
8509,3800
8510,3800
8511,3803
8512,3801
8513,3804
8514,3805
8515,3805
8516,3805
8517,3806
8518,3808
8519,3808
8520,3808
8521,3809
8522,3811
8523,3810
8524,3812
8525,3812
8526,3812
8527,3812
8528,3812
8529,3812
8530,3812
8531,3813
8532,3813
8533,3813
8534,3813
8535,3814
8536,3814
8537,3815
8538,3815
8539,3817
8540,3817
8541,3819
8542,3819
8543,3818
8544,3818
8545,3818
8546,3820
8547,3821
8548,3820
8549,3822
8550,3822
8551,3823
8552,3824
8553,3823
8554,3824
8555,3824
8556,3825
8557,3825
8558,3825
8559,3825
8560,3825
8561,3825
8562,3825
8563,3826
8564,3826
8565,3827
8566,3828
8567,3828
8568,3829
8569,3829
8570,3829
8571,3829
8572,3829
8573,3829
8574,3830
8575,3830
8576,3830
8577,3830
8578,3831
8579,3831
8580,3832
8581,3832
8582,3832
8583,3832
8584,3832
8585,3833
8586,3833
8587,3834
8588,3834
8589,3834
8590,3834
8591,3834
8592,3834
8593,3834
8594,3834
8595,3834
8596,3835
8597,3838
8598,3837
8599,3840
8600,3841
8601,3842
8602,3843
8603,3847
8604,3846
8605,3847
8606,3847
8607,3848
8608,3848
8609,3849
8610,3849
8611,3849
8612,3849
8613,3849
8614,3850
8615,3850
8616,3853
8617,3853
8618,3851
8619,3851
8620,3852
8621,3851
8622,3854
8623,3856
8624,3856
8625,3856
8626,3856
8627,3856
8628,3855
8629,3855
8630,3858
8631,3858
8632,3858
8633,3859
8634,3859
8635,3860
8636,3861
8637,3862
8638,3864
8639,3864
8640,3864
8641,3865
8642,3865
8643,3865
8644,3865
8645,3865
8646,3865
8647,3865
8648,3865
8649,3866
8650,3866
8651,3866
8652,3867
8653,3868
8654,3870
8655,3870
8656,3871
8657,3871
8658,3873
8659,3873
8660,3875
8661,3878
8662,3878
8663,3877
8664,3881
8665,3881
8666,3881
8667,3881
8668,3881
8669,3882
8670,3882
8671,3882
8672,3883
8673,3883
8674,3883
8675,3883
8676,3884
8677,3884
8678,3884
8679,3885
8680,3886
8681,3887
8682,3887
8683,3888
8684,3888
8685,3888
8686,3889
8687,3892
8688,3892
8689,3891
8690,3892
8691,3890
8692,3893
8693,3893
8694,3893
8695,3894
8696,3895
8697,3895
8698,3896
8699,3896
8700,3897
8701,3898
8702,3898
8703,3898
8704,3900
8705,3901
8706,3904
8707,3905
8708,3906
8709,3906
8710,3908
8711,3907
8712,3908
8713,3909
8714,3909
8715,3908
8716,3908
8717,3907
8718,3907
8719,3910
8720,3910
8721,3911
8722,3911
8723,3911
8724,3912
8725,3912
8726,3912
8727,3912
8728,3912
8729,3913
8730,3913
8731,3913
8732,3913
8733,3914
8734,3914
8735,3914
8736,3914
8737,3914
8738,3914
8739,3914
8740,3915
8741,3915
8742,3916
8743,3916
8744,3917
8745,3918
8746,3918
8747,3920
8748,3921
8749,3922
8750,3924
8751,3924
8752,3924
8753,3925
8754,3925
8755,3925
8756,3926
8757,3926
8758,3926
8759,3926
8760,3926
8761,3926
8762,3928
8763,3929
8764,3929
8765,3928
8766,3929
8767,3927
8768,3929
8769,3928
8770,3928
8771,3927
8772,3927
8773,3930
8774,3931
8775,3931
8776,3930
8777,3930
8778,3933
8779,3933
8780,3933
8781,3933
8782,3934
8783,3934
8784,3934
8785,3935
8786,3935
8787,3935
8788,3935
8789,3935
8790,3935
8791,3935
8792,3936
8793,3937
8794,3937
8795,3937
8796,3938
8797,3939
8798,3939
8799,3939
8800,3941
8801,3941
8802,3941
8803,3942
8804,3942
8805,3943
8806,3943
8807,3943
8808,3943
8809,3944
8810,3944
8811,3944
8812,3944
8813,3944
8814,3944
8815,3944
8816,3944
8817,3945
8818,3945
8819,3945
8820,3945
8821,3946
8822,3946
8823,3946
8824,3946
8825,3946
8826,3946
8827,3947
8828,3948
8829,3948
8830,3948
8831,3949
8832,3949
8833,3950
8834,3952
8835,3952
8836,3953
8837,3954
8838,3955
8839,3955
8840,3955
8841,3955
8842,3955
8843,3955
8844,3955
8845,3955
8846,3955
8847,3956
8848,3956
8849,3957
8850,3958
8851,3958
8852,3958
8853,3959
8854,3959
8855,3960
8856,3962
8857,3963
8858,3963
8859,3963
8860,3963
8861,3963
8862,3963
8863,3963
8864,3963
8865,3963
8866,3963
8867,3964
8868,3965
8869,3965
8870,3965
8871,3965
8872,3965
8873,3965
8874,3966
8875,3966
8876,3968
8877,3969
8878,3969
8879,3969
8880,3969
8881,3969
8882,3969
8883,3969
8884,3969
8885,3969
8886,3970
8887,3971
8888,3971
8889,3971
8890,3972
8891,3972
8892,3972
8893,3973
8894,3973
8895,3973
8896,3975
8897,3974
8898,3976
8899,3977
8900,3977
8901,3977
8902,3978
8903,3978
8904,3978
8905,3978
8906,3978
8907,3978
8908,3978
8909,3980
8910,3979
8911,3982
8912,3983
8913,3983
8914,3984
8915,3985
8916,3984
8917,3986
8918,3986
8919,3986
8920,3986
8921,3987
8922,3987
8923,3987
8924,3988
8925,3989
8926,3991
8927,3993
8928,3994
8929,3994
8930,3994
8931,3996
8932,3997
8933,3999
8934,4002
8935,4001
8936,4002
8937,4003
8938,4003
8939,4003
8940,4004
8941,4004
8942,4004
8943,4004
8944,4004
8945,4005
8946,4005
8947,4005
8948,4005
8949,4005
8950,4005
8951,4005
8952,4006
8953,4006
8954,4007
8955,4010
8956,4009
8957,4009
8958,4012
8959,4014
8960,4014
8961,4014
8962,4013
8963,4013
8964,4013
8965,4013
8966,4014
8967,4014
8968,4016
8969,4017
8970,4018
8971,4018
8972,4018
8973,4018
8974,4018
8975,4018
8976,4018
8977,4018
8978,4018
8979,4018
8980,4018
8981,4019
8982,4019
8983,4020
8984,4021
8985,4020
8986,4021
8987,4022
8988,4024
8989,4025
8990,4025
8991,4025
8992,4025
8993,4025
8994,4025
8995,4026
8996,4026
8997,4027
8998,4029
8999,4029
9000,4029
9001,4030
9002,4031
9003,4032
9004,4032
9005,4034
9006,4034
9007,4035
9008,4035
9009,4036
9010,4037
9011,4038
9012,4040
9013,4040
9014,4041
9015,4041
9016,4041
9017,4041
9018,4041
9019,4041
9020,4041
9021,4041
9022,4041
9023,4042
9024,4043
9025,4043
9026,4044
9027,4044
9028,4044
9029,4046
9030,4046
9031,4045
9032,4047
9033,4046
9034,4046
9035,4049
9036,4048
9037,4048
9038,4051
9039,4051
9040,4051
9041,4052
9042,4053
9043,4054
9044,4054
9045,4055
9046,4055
9047,4055
9048,4057
9049,4059
9050,4059
9051,4059
9052,4059
9053,4060
9054,4061
9055,4061
9056,4061
9057,4063
9058,4063
9059,4062
9060,4064
9061,4064
9062,4064
9063,4065
9064,4065
9065,4065
9066,4067
9067,4067
9068,4068
9069,4069
9070,4070
9071,4071
9072,4071
9073,4071
9074,4071
9075,4071
9076,4071
9077,4072
9078,4072
9079,4072
9080,4072
9081,4072
9082,4072
9083,4072
9084,4072
9085,4072
9086,4072
9087,4073
9088,4073
9089,4076
9090,4074
9091,4077
9092,4077
9093,4077
9094,4077
9095,4077
9096,4077
9097,4077
9098,4077
9099,4080
9100,4080
9101,4078
9102,4081
9103,4081
9104,4082
9105,4082
9106,4083
9107,4084
9108,4085
9109,4085
9110,4085
9111,4086
9112,4087
9113,4088
9114,4088
9115,4088
9116,4091
9117,4093
9118,4093
9119,4093
9120,4093
9121,4093
9122,4093
9123,4094
9124,4095
9125,4096
9126,4097
9127,4097
9128,4098
9129,4099
9130,4100
9131,4102
9132,4101
9133,4102
9134,4103
9135,4105
9136,4105
9137,4105
9138,4106
9139,4108
9140,4110
9141,4110
9142,4110
9143,4110
9144,4111
9145,4111
9146,4112
9147,4112
9148,4112
9149,4114
9150,4114
9151,4115
9152,4116
9153,4117
9154,4116
9155,4117
9156,4118
9157,4118
9158,4119
9159,4119
9160,4119
9161,4120
9162,4120
9163,4121
9164,4121
9165,4121
9166,4122
9167,4122
9168,4122
9169,4123
9170,4126
9171,4126
9172,4126
9173,4126
9174,4126
9175,4126
9176,4127
9177,4128
9178,4128
9179,4128
9180,4128
9181,4129
9182,4130
9183,4130
9184,4130
9185,4131
9186,4131
9187,4132
9188,4132
9189,4132
9190,4134
9191,4135
9192,4136
9193,4137
9194,4138
9195,4138
9196,4137
9197,4139
9198,4139
9199,4142
9200,4143
9201,4144
9202,4144
9203,4145
9204,4145
9205,4147
9206,4147
9207,4150
9208,4151
9209,4151
9210,4151
9211,4151
9212,4151
9213,4152
9214,4152
9215,4152
9216,4152
9217,4152
9218,4152
9219,4153
9220,4153
9221,4154
9222,4154
9223,4154
9224,4154
9225,4155
9226,4158
9227,4158
9228,4158
9229,4159
9230,4159
9231,4160
9232,4162
9233,4162
9234,4162
9235,4162
9236,4162
9237,4162
9238,4162
9239,4162
9240,4162
9241,4162
9242,4163
9243,4163
9244,4164
9245,4164
9246,4164
9247,4166
9248,4168
9249,4169
9250,4169
9251,4169
9252,4169
9253,4169
9254,4169
9255,4169
9256,4169
9257,4170
9258,4171
9259,4172
9260,4173
9261,4173
9262,4173
9263,4173
9264,4173
9265,4173
9266,4173
9267,4175
9268,4175
9269,4178
9270,4178
9271,4178
9272,4179
9273,4179
9274,4179
9275,4180
9276,4182
9277,4181
9278,4183
9279,4183
9280,4183
9281,4183
9282,4183
9283,4183
9284,4183
9285,4183
9286,4183
9287,4183
9288,4184
9289,4185
9290,4185
9291,4186
9292,4186
9293,4186
9294,4187
9295,4187
9296,4188
9297,4188
9298,4188
9299,4188
9300,4189
9301,4189
9302,4190
9303,4190
9304,4190
9305,4190
9306,4190
9307,4190
9308,4191
9309,4193
9310,4191
9311,4191
9312,4192
9313,4191
9314,4194
9315,4194
9316,4194
9317,4195
9318,4195
9319,4197
9320,4198
9321,4198
9322,4198
9323,4198
9324,4198
9325,4198
9326,4198
9327,4199
9328,4201
9329,4199
9330,4200
9331,4203
9332,4202
9333,4202
9334,4204
9335,4204
9336,4205
9337,4206
9338,4206
9339,4207
9340,4207
9341,4207
9342,4207
9343,4207
9344,4208
9345,4209
9346,4211
9347,4212
9348,4214
9349,4214
9350,4213
9351,4215
9352,4215
9353,4215
9354,4215
9355,4215
9356,4216
9357,4216
9358,4216
9359,4216
9360,4217
9361,4217
9362,4217
9363,4217
9364,4217
9365,4217
9366,4217
9367,4218
9368,4218
9369,4219
9370,4219
9371,4219
9372,4219
9373,4219
9374,4220
9375,4223
9376,4224
9377,4225
9378,4225
9379,4225
9380,4225
9381,4225
9382,4226
9383,4226
9384,4227
9385,4229
9386,4231
9387,4231
9388,4232
9389,4232
9390,4233
9391,4236
9392,4236
9393,4238
9394,4237
9395,4237
9396,4241
9397,4240
9398,4242
9399,4242
9400,4242
9401,4243
9402,4244
9403,4245
9404,4246
9405,4247
9406,4246
9407,4247
9408,4249
9409,4249
9410,4249
9411,4249
9412,4250
9413,4250
9414,4250
9415,4251
9416,4252
9417,4252
9418,4252
9419,4252
9420,4252
9421,4252
9422,4252
9423,4252
9424,4252
9425,4252
9426,4254
9427,4253
9428,4255
9429,4255
9430,4256
9431,4257
9432,4257
9433,4258
9434,4258
9435,4258
9436,4258
9437,4259
9438,4259
9439,4260
9440,4261
9441,4261
9442,4261
9443,4262
9444,4262
9445,4263
9446,4263
9447,4263
9448,4263
9449,4265
9450,4266
9451,4265
9452,4267
9453,4267
9454,4267
9455,4267
9456,4267
9457,4268
9458,4268
9459,4269
9460,4270
9461,4270
9462,4270
9463,4270
9464,4271
9465,4272
9466,4272
9467,4273
9468,4274
9469,4275
9470,4275
9471,4276
9472,4276
9473,4277
9474,4277
9475,4277
9476,4277
9477,4278
9478,4278
9479,4278
9480,4278
9481,4278
9482,4278
9483,4279
9484,4279
9485,4280
9486,4280
9487,4281
9488,4281
9489,4281
9490,4282
9491,4282
9492,4283
9493,4283
9494,4283
9495,4285
9496,4285
9497,4285
9498,4286
9499,4287
9500,4287
9501,4287
9502,4287
9503,4287
9504,4287
9505,4287
9506,4287
9507,4289
9508,4288
9509,4288
9510,4289
9511,4291
9512,4291
9513,4291
9514,4292
9515,4292
9516,4292
9517,4293
9518,4293
9519,4293
9520,4293
9521,4293
9522,4293
9523,4293
9524,4293
9525,4293
9526,4294
9527,4294
9528,4294
9529,4295
9530,4295
9531,4295
9532,4295
9533,4295
9534,4295
9535,4296
9536,4296
9537,4298
9538,4299
9539,4299
9540,4299
9541,4299
9542,4299
9543,4299
9544,4299
9545,4300
9546,4301
9547,4303
9548,4302
9549,4303
9550,4305
9551,4308
9552,4309
9553,4311
9554,4311
9555,4314
9556,4314
9557,4312
9558,4313
9559,4314
9560,4313
9561,4313
9562,4313
9563,4313
9564,4313
9565,4315
9566,4315
9567,4317
9568,4318
9569,4317
9570,4317
9571,4319
9572,4319
9573,4320
9574,4320
9575,4321
9576,4322
9577,4322
9578,4323
9579,4324
9580,4324
9581,4325
9582,4326
9583,4325
9584,4326
9585,4327
9586,4330
9587,4329
9588,4331
9589,4331
9590,4332
9591,4332
9592,4333
9593,4333
9594,4333
9595,4333
9596,4334
9597,4334
9598,4337
9599,4337
9600,4337
9601,4337
9602,4339
9603,4341
9604,4342
9605,4343
9606,4344
9607,4344
9608,4345
9609,4345
9610,4345
9611,4345
9612,4345
9613,4346
9614,4346
9615,4346
9616,4346
9617,4347
9618,4347
9619,4347
9620,4347
9621,4347
9622,4347
9623,4347
9624,4347
9625,4347
9626,4347
9627,4347
9628,4348
9629,4348
9630,4351
9631,4351
9632,4352
9633,4353
9634,4353
9635,4353
9636,4354
9637,4355
9638,4358
9639,4358
9640,4358
9641,4359
9642,4361
9643,4361
9644,4362
9645,4362
9646,4363
9647,4364
9648,4364
9649,4364
9650,4363
9651,4363
9652,4364
9653,4363
9654,4365
9655,4365
9656,4366
9657,4366
9658,4367
9659,4367
9660,4368
9661,4369
9662,4368
9663,4370
9664,4371
9665,4371
9666,4371
9667,4371
9668,4371
9669,4371
9670,4372
9671,4372
9672,4372
9673,4372
9674,4373
9675,4373
9676,4374
9677,4374
9678,4375
9679,4375
9680,4376
9681,4378
9682,4378
9683,4378
9684,4379
9685,4381
9686,4382
9687,4382
9688,4383
9689,4383
9690,4383
9691,4384
9692,4384
9693,4385
9694,4385
9695,4386
9696,4387
9697,4387
9698,4388
9699,4388
9700,4388
9701,4389
9702,4389
9703,4390
9704,4390
9705,4391
9706,4391
9707,4391
9708,4391
9709,4391
9710,4391
9711,4392
9712,4392
9713,4393
9714,4393
9715,4394
9716,4394
9717,4394
9718,4395
9719,4395
9720,4395
9721,4395
9722,4395
9723,4396
9724,4397
9725,4398
9726,4398
9727,4397
9728,4399
9729,4399
9730,4400
9731,4403
9732,4402
9733,4402
9734,4402
9735,4404
9736,4404
9737,4404
9738,4405
9739,4405
9740,4406
9741,4407
9742,4408
9743,4408
9744,4410
9745,4411
9746,4413
9747,4414
9748,4414
9749,4415
9750,4415
9751,4415
9752,4414
9753,4414
9754,4415
9755,4414
9756,4414
9757,4416
9758,4416
9759,4416
9760,4417
9761,4417
9762,4417
9763,4417
9764,4417
9765,4417
9766,4417
9767,4417
9768,4417
9769,4417
9770,4418
9771,4419
9772,4419
9773,4420
9774,4420
9775,4420
9776,4421
9777,4422
9778,4422
9779,4422
9780,4423
9781,4423
9782,4423
9783,4423
9784,4423
9785,4424
9786,4424
9787,4424
9788,4425
9789,4425
9790,4425
9791,4425
9792,4425
9793,4425
9794,4426
9795,4426
9796,4426
9797,4427
9798,4428
9799,4428
9800,4428
9801,4428
9802,4429
9803,4429
9804,4431
9805,4433
9806,4434
9807,4434
9808,4435
9809,4435
9810,4435
9811,4435
9812,4435
9813,4437
9814,4438
9815,4440
9816,4439
9817,4440
9818,4439
9819,4441
9820,4441
9821,4441
9822,4442
9823,4442
9824,4443
9825,4443
9826,4443
9827,4444
9828,4444
9829,4444
9830,4444
9831,4445
9832,4446
9833,4446
9834,4447
9835,4446
9836,4447
9837,4447
9838,4448
9839,4448
9840,4448
9841,4449
9842,4449
9843,4449
9844,4452
9845,4450
9846,4453
9847,4456
9848,4457
9849,4457
9850,4457
9851,4457
9852,4458
9853,4458
9854,4459
9855,4460
9856,4461
9857,4461
9858,4462
9859,4462
9860,4462
9861,4463
9862,4463
9863,4463
9864,4463
9865,4465
9866,4467
9867,4468
9868,4468
9869,4468
9870,4468
9871,4469
9872,4469
9873,4469
9874,4470
9875,4470
9876,4471
9877,4471
9878,4472
9879,4474
9880,4474
9881,4476
9882,4477
9883,4477
9884,4477
9885,4477
9886,4477
9887,4478
9888,4478
9889,4478
9890,4478
9891,4478
9892,4481
9893,4483
9894,4484
9895,4487
9896,4487
9897,4488
9898,4488
9899,4488
9900,4488
9901,4488
9902,4488
9903,4488
9904,4488
9905,4488
9906,4488
9907,4489
9908,4489
9909,4489
9910,4489
9911,4489
9912,4489
9913,4489
9914,4489
9915,4490
9916,4490
9917,4493
9918,4491
9919,4491
9920,4491
9921,4494
9922,4495
9923,4496
9924,4496
9925,4499
9926,4499
9927,4498
9928,4499
9929,4500
9930,4500
9931,4500
9932,4500
9933,4500
9934,4500
9935,4500
9936,4500
9937,4501
9938,4501
9939,4501
9940,4501
9941,4501
9942,4503
9943,4502
9944,4503
9945,4502
9946,4502
9947,4503
9948,4504
9949,4505
9950,4507
9951,4507
9952,4507
9953,4508
9954,4508
9955,4508
9956,4509
9957,4509
9958,4509
9959,4509
9960,4509
9961,4510
9962,4511
9963,4512
9964,4512
9965,4512
9966,4512
9967,4513
9968,4513
9969,4516
9970,4516
9971,4514
9972,4516
9973,4515
9974,4516
9975,4514
9976,4515
9977,4518
9978,4519
9979,4520
9980,4520
9981,4523
9982,4521
9983,4525
9984,4527
9985,4527
9986,4527
9987,4527
9988,4528
9989,4529
9990,4529
9991,4529
9992,4530
9993,4530
9994,4530
9995,4531
9996,4531
9997,4532
9998,4533
9999,4534
10000,4534
10001,4534
10002,4535
10003,4535
10004,4535
10005,4536
10006,4536
10007,4537
10008,4537
10009,4537
10010,4537
10011,4538
10012,4538
10013,4538
10014,4538
10015,4539
10016,4540
10017,4540
10018,4540
10019,4541
10020,4541
10021,4542
10022,4542
10023,4542
10024,4542
10025,4543
10026,4545
10027,4543
10028,4546
10029,4547
10030,4548
10031,4548
10032,4547
10033,4547
10034,4549
10035,4552
10036,4553
10037,4553
10038,4553
10039,4554
10040,4554
10041,4554
10042,4555
10043,4555
10044,4556
10045,4556
10046,4556
10047,4557
10048,4557
10049,4557
10050,4557
10051,4558
10052,4559
10053,4560
10054,4562
10055,4563
10056,4565
10057,4566
10058,4566
10059,4566
10060,4567
10061,4567
10062,4567
10063,4567
10064,4567
10065,4568
10066,4569
10067,4569
10068,4572
10069,4571
10070,4572
10071,4573
10072,4574
10073,4574
10074,4574
10075,4574
10076,4574
10077,4575
10078,4575
10079,4575
10080,4575
10081,4576
10082,4576
10083,4580
10084,4580
10085,4579
10086,4581
10087,4586
10088,4587
10089,4587
10090,4587
10091,4587
10092,4587
10093,4587
10094,4587
10095,4587
10096,4588
10097,4588
10098,4591
10099,4592
10100,4592
10101,4592
10102,4592
10103,4593
10104,4593
10105,4593
10106,4593
10107,4593
10108,4594
10109,4594
10110,4595
10111,4595
10112,4596
10113,4598
10114,4599
10115,4599
10116,4599
10117,4599
10118,4599
10119,4602
10120,4601
10121,4604
10122,4603
10123,4605
10124,4605
10125,4605
10126,4605
10127,4605
10128,4605
10129,4605
10130,4606
10131,4606
10132,4607
10133,4607
10134,4609
10135,4609
10136,4608
10137,4609
10138,4611
10139,4613
10140,4615
10141,4616
10142,4617
10143,4618
10144,4619
10145,4620
10146,4620
10147,4621
10148,4621
10149,4621
10150,4621
10151,4621
10152,4621
10153,4622
10154,4622
10155,4622
10156,4622
10157,4622
10158,4622
10159,4624
10160,4625
10161,4625
10162,4625
10163,4625
10164,4625
10165,4625
10166,4625
10167,4627
10168,4628
10169,4628
10170,4629
10171,4629
10172,4629
10173,4629
10174,4629
10175,4629
10176,4629
10177,4629
10178,4630
10179,4630
10180,4631
10181,4632
10182,4631
10183,4632
10184,4633
10185,4633
10186,4634
10187,4634
10188,4635
10189,4635
10190,4636
10191,4637
10192,4637
10193,4638
10194,4637
10195,4639
10196,4639
10197,4639
10198,4639
10199,4639
10200,4639
10201,4639
10202,4639
10203,4639
10204,4639
10205,4640
10206,4640
10207,4640
10208,4640
10209,4640
10210,4641
10211,4643
10212,4643
10213,4645
10214,4644
10215,4646
10216,4646
10217,4649
10218,4649
10219,4647
10220,4648
10221,4647
10222,4647
10223,4648
10224,4651
10225,4652
10226,4653
10227,4653
10228,4654
10229,4654
10230,4655
10231,4656
10232,4657
10233,4657
10234,4657
10235,4657
10236,4659
10237,4660
10238,4661
10239,4661
10240,4662
10241,4665
10242,4664
10243,4666
10244,4667
10245,4669
10246,4669
10247,4670
10248,4670
10249,4670
10250,4670
10251,4670
10252,4671
10253,4671
10254,4671
10255,4672
10256,4672
10257,4673
10258,4674
10259,4674
10260,4674
10261,4675
10262,4675
10263,4675
10264,4675
10265,4676
10266,4676
10267,4677
10268,4677
10269,4678
10270,4677
10271,4678
10272,4678
10273,4679
10274,4679
10275,4679
10276,4679
10277,4680
10278,4680
10279,4680
10280,4680
10281,4681
10282,4681
10283,4681
10284,4683
10285,4683
10286,4684
10287,4684
10288,4683
10289,4685
10290,4686
10291,4686
10292,4686
10293,4686
10294,4686
10295,4686
10296,4687
10297,4687
10298,4687
10299,4687
10300,4687
10301,4690
10302,4690
10303,4688
10304,4692
10305,4692
10306,4692
10307,4692
10308,4692
10309,4693
10310,4695
10311,4696
10312,4698
10313,4699
10314,4699
10315,4699
10316,4699
10317,4699
10318,4699
10319,4699
10320,4699
10321,4699
10322,4702
10323,4701
10324,4703
10325,4703
10326,4703
10327,4705
10328,4705
10329,4705
10330,4706
10331,4707
10332,4708
10333,4709
10334,4709
10335,4710
10336,4713
10337,4714
10338,4714
10339,4714
10340,4715
10341,4717
10342,4717
10343,4718
10344,4718
10345,4719
10346,4720
10347,4720
10348,4720
10349,4721
10350,4721
10351,4723
10352,4723
10353,4723
10354,4724
10355,4724
10356,4724
10357,4724
10358,4724
10359,4724
10360,4724
10361,4724
10362,4725
10363,4725
10364,4725
10365,4725
10366,4725
10367,4725
10368,4726
10369,4727
10370,4727
10371,4729
10372,4729
10373,4730
10374,4730
10375,4730
10376,4730
10377,4731
10378,4731
10379,4731
10380,4732
10381,4732
10382,4734
10383,4734
10384,4733
10385,4733
10386,4735
10387,4735
10388,4735
10389,4736
10390,4737
10391,4737
10392,4737
10393,4738
10394,4738
10395,4738
10396,4739
10397,4739
10398,4742
10399,4742
10400,4745
10401,4745
10402,4744
10403,4746
10404,4746
10405,4746
10406,4747
10407,4747
10408,4747
10409,4747
10410,4747
10411,4748
10412,4748
10413,4750
10414,4749
10415,4749
10416,4752
10417,4751
10418,4752
10419,4753
10420,4754
10421,4755
10422,4755
10423,4756
10424,4756
10425,4756
10426,4756
10427,4757
10428,4758
10429,4759
10430,4759
10431,4759
10432,4759
10433,4759
10434,4760
10435,4761
10436,4761
10437,4761
10438,4761
10439,4761
10440,4762
10441,4762
10442,4762
10443,4762
10444,4763
10445,4763
10446,4764
10447,4764
10448,4765
10449,4766
10450,4766
10451,4767
10452,4767
10453,4767
10454,4767
10455,4768
10456,4769
10457,4771
10458,4770
10459,4769
10460,4769
10461,4772
10462,4773
10463,4775
10464,4774
10465,4773
10466,4775
10467,4773
10468,4776
10469,4777
10470,4777
10471,4777
10472,4778
10473,4778
10474,4778
10475,4778
10476,4779
10477,4779
10478,4779
10479,4779
10480,4779
10481,4780
10482,4780
10483,4781
10484,4781
10485,4781
10486,4781
10487,4781
10488,4781
10489,4781
10490,4782
10491,4782
10492,4782
10493,4783
10494,4783
10495,4783
10496,4783
10497,4783
10498,4785
10499,4786
10500,4788
10501,4789
10502,4789
10503,4789
10504,4789
10505,4789
10506,4789
10507,4790
10508,4790
10509,4790
10510,4790
10511,4791
10512,4791
10513,4791
10514,4792
10515,4792
10516,4792
10517,4792
10518,4792
10519,4793
10520,4794
10521,4794
10522,4795
10523,4795
10524,4795
10525,4795
10526,4796
10527,4796
10528,4796
10529,4796
10530,4797
10531,4797
10532,4797
10533,4798
10534,4798
10535,4799
10536,4799
10537,4800
10538,4802
10539,4802
10540,4801
10541,4801
10542,4802
10543,4804
10544,4804
10545,4804
10546,4804
10547,4806
10548,4807
10549,4808
10550,4808
10551,4808
10552,4809
10553,4810
10554,4810
10555,4811
10556,4814
10557,4814
10558,4815
10559,4815
10560,4815
10561,4816
10562,4816
10563,4816
10564,4817
10565,4817
10566,4817
10567,4818
10568,4818
10569,4818
10570,4818
10571,4819
10572,4819
10573,4819
10574,4819
10575,4820
10576,4820
10577,4820
10578,4821
10579,4822
10580,4824
10581,4826
10582,4826
10583,4826
10584,4826
10585,4827
10586,4829
10587,4830
10588,4830
10589,4831
10590,4831
10591,4832
10592,4832
10593,4833
10594,4835
10595,4835
10596,4835
10597,4836
10598,4836
10599,4837
10600,4837
10601,4839
10602,4839
10603,4840
10604,4842
10605,4841
10606,4841
10607,4843
10608,4843
10609,4843
10610,4844
10611,4846
10612,4847
10613,4847
10614,4847
10615,4848
10616,4848
10617,4848
10618,4849
10619,4853
10620,4852
10621,4854
10622,4855
10623,4855
10624,4855
10625,4855
10626,4855
10627,4855
10628,4855
10629,4856
10630,4859
10631,4859
10632,4860
10633,4860
10634,4860
10635,4860
10636,4860
10637,4860
10638,4860
10639,4860
10640,4861
10641,4861
10642,4862
10643,4862
10644,4862
10645,4862
10646,4863
10647,4862
10648,4864
10649,4864
10650,4866
10651,4866
10652,4865
10653,4866
10654,4867
10655,4867
10656,4868
10657,4868
10658,4868
10659,4869
10660,4870
10661,4870
10662,4870
10663,4870
10664,4870
10665,4871
10666,4871
10667,4871
10668,4871
10669,4873
10670,4873
10671,4874
10672,4874
10673,4874
10674,4875
10675,4876
10676,4878
10677,4880
10678,4879
10679,4881
10680,4881
10681,4881
10682,4881
10683,4883
10684,4883
10685,4884
10686,4885
10687,4886
10688,4887
10689,4888
10690,4889
10691,4888
10692,4890
10693,4891
10694,4891
10695,4891
10696,4890
10697,4892
10698,4892
10699,4893
10700,4893
10701,4893
10702,4893
10703,4894
10704,4894
10705,4895
10706,4895
10707,4896
10708,4899
10709,4897
10710,4898
10711,4897
10712,4900
10713,4900
10714,4901
10715,4901
10716,4902
10717,4905
10718,4905
10719,4905
10720,4905
10721,4906
10722,4908
10723,4907
10724,4909
10725,4909
10726,4909
10727,4909
10728,4909
10729,4909
10730,4909
10731,4910
10732,4910
10733,4912
10734,4912
10735,4912
10736,4912
10737,4914
10738,4914
10739,4914
10740,4915
10741,4915
10742,4916
10743,4916
10744,4916
10745,4916
10746,4916
10747,4917
10748,4917
10749,4917
10750,4917
10751,4917
10752,4918
10753,4919
10754,4919
10755,4919
10756,4920
10757,4920
10758,4920
10759,4920
10760,4920
10761,4920
10762,4920
10763,4920
10764,4920
10765,4920
10766,4921
10767,4922
10768,4922
10769,4922
10770,4922
10771,4926
10772,4925
10773,4925
10774,4928
10775,4928
10776,4930
10777,4931
10778,4932
10779,4933
10780,4933
10781,4933
10782,4935
10783,4935
10784,4935
10785,4934
10786,4934
10787,4937
10788,4938
10789,4937
10790,4938
10791,4937
10792,4940
10793,4939
10794,4940
10795,4939
10796,4939
10797,4940
10798,4940
10799,4940
10800,4939
10801,4940
10802,4941
10803,4942
10804,4942
10805,4942
10806,4943
10807,4943
10808,4944
10809,4946
10810,4945
10811,4947
10812,4949
10813,4949
10814,4949
10815,4950
10816,4952
10817,4951
10818,4952
10819,4952
10820,4951
10821,4952
10822,4951
10823,4951
10824,4953
10825,4955
10826,4955
10827,4956
10828,4956
10829,4956
10830,4957
10831,4957
10832,4957
10833,4957
10834,4957
10835,4957
10836,4958
10837,4959
10838,4959
10839,4959
10840,4960
10841,4960
10842,4960
10843,4960
10844,4960
10845,4960
10846,4960
10847,4960
10848,4960
10849,4961
10850,4961
10851,4962
10852,4962
10853,4963
10854,4963
10855,4963
10856,4964
10857,4964
10858,4965
10859,4968
10860,4967
10861,4966
10862,4967
10863,4967
10864,4967
10865,4968
10866,4968
10867,4966
10868,4969
10869,4970
10870,4971
10871,4970
10872,4971
10873,4970
10874,4971
10875,4970
10876,4971
10877,4970
10878,4972
10879,4972
10880,4972
10881,4973
10882,4973
10883,4973
10884,4973
10885,4974
10886,4974
10887,4975
10888,4975
10889,4976
10890,4977
10891,4979
10892,4978
10893,4978
10894,4980
10895,4980
10896,4980
10897,4980
10898,4981
10899,4981
10900,4981
10901,4983
10902,4983
10903,4982
10904,4984
10905,4984
10906,4985
10907,4985
10908,4986
10909,4987
10910,4986
10911,4987
10912,4986
10913,4988
10914,4988
10915,4990
10916,4991
10917,4994
10918,4994
10919,4994
10920,4994
10921,4994
10922,4994
10923,4995
10924,4996
10925,4996
10926,4996
10927,4996
10928,4996
10929,4997
10930,4997
10931,4999
10932,5000
10933,5000
10934,5000
10935,5001
10936,5001
10937,5001
10938,5002
10939,5002
10940,5002
10941,5002
10942,5002
10943,5002
10944,5002
10945,5002
10946,5003
10947,5004
10948,5005
10949,5006
10950,5009
10951,5010
10952,5011
10953,5012
10954,5013
10955,5014
10956,5015
10957,5015
10958,5015
10959,5014
10960,5016
10961,5016
10962,5016
10963,5016
10964,5016
10965,5016
10966,5016
10967,5017
10968,5018
10969,5018
10970,5018
10971,5018
10972,5018
10973,5018
10974,5020
10975,5020
10976,5020
10977,5021
10978,5022
10979,5022
10980,5022
10981,5022
10982,5022
10983,5024
10984,5026
10985,5026
10986,5028
10987,5028
10988,5028
10989,5029
10990,5030
10991,5030
10992,5031
10993,5031
10994,5031
10995,5031
10996,5031
10997,5033
10998,5033
10999,5033
11000,5034
11001,5035
11002,5035
11003,5035
11004,5038
11005,5039
11006,5039
11007,5039
11008,5040
11009,5040
11010,5040
11011,5040
11012,5040
11013,5040
11014,5040
11015,5042
11016,5043
11017,5043
11018,5043
11019,5044
11020,5044
11021,5044
11022,5045
11023,5045
11024,5045
11025,5045
11026,5046
11027,5046
11028,5046
11029,5047
11030,5047
11031,5050
11032,5049
11033,5050
11034,5049
11035,5050
11036,5049
11037,5048
11038,5049
11039,5050
11040,5053
11041,5054
11042,5054
11043,5054
11044,5056
11045,5056
11046,5057
11047,5057
11048,5057
11049,5058
11050,5059
11051,5059
11052,5059
11053,5061
11054,5060
11055,5061
11056,5062
11057,5062
11058,5063
11059,5065
11060,5066
11061,5065
11062,5067
11063,5067
11064,5067
11065,5067
11066,5067
11067,5067
11068,5067
11069,5067
11070,5068
11071,5068
11072,5068
11073,5068
11074,5069
11075,5069
11076,5069
11077,5069
11078,5070
11079,5073
11080,5072
11081,5073
11082,5075
11083,5074
11084,5076
11085,5078
11086,5079
11087,5079
11088,5079
11089,5081
11090,5082
11091,5082
11092,5082
11093,5082
11094,5084
11095,5084
11096,5085
11097,5085
11098,5086
11099,5088
11100,5088
11101,5088
11102,5088
11103,5088
11104,5089
11105,5089
11106,5089
11107,5089
11108,5089
11109,5090
11110,5091
11111,5092
11112,5092
11113,5093
11114,5093
11115,5093
11116,5094
11117,5094
11118,5094
11119,5094
11120,5095
11121,5096
11122,5096
11123,5096
11124,5096
11125,5097
11126,5099
11127,5099
11128,5100
11129,5101
11130,5102
11131,5103
11132,5103
11133,5103
11134,5103
11135,5104
11136,5105
11137,5107
11138,5108
11139,5109
11140,5109
11141,5112
11142,5112
11143,5113
11144,5114
11145,5114
11146,5114
11147,5114
11148,5114
11149,5114
11150,5114
11151,5116
11152,5116
11153,5115
11154,5115
11155,5116
11156,5116
11157,5116
11158,5117
11159,5118
11160,5119
11161,5120
11162,5120
11163,5121
11164,5123
11165,5123
11166,5125
11167,5127
11168,5128
11169,5128
11170,5128
11171,5128
11172,5128
11173,5129
11174,5129
11175,5129
11176,5130
11177,5130
11178,5131
11179,5131
11180,5131
11181,5131
11182,5132
11183,5132
11184,5132
11185,5132
11186,5132
11187,5132
11188,5133
11189,5134
11190,5134
11191,5134
11192,5135
11193,5136
11194,5136
11195,5136
11196,5137
11197,5137
11198,5137
11199,5139
11200,5140
11201,5141
11202,5141
11203,5141
11204,5143
11205,5142
11206,5145
11207,5145
11208,5147
11209,5148
11210,5149
11211,5149
11212,5150
11213,5151
11214,5151
11215,5151
11216,5153
11217,5154
11218,5156
11219,5156
11220,5155
11221,5156
11222,5157
11223,5157
11224,5157
11225,5157
11226,5157
11227,5157
11228,5158
11229,5160
11230,5160
11231,5159
11232,5161
11233,5161
11234,5162
11235,5166
11236,5166
11237,5165
11238,5167
11239,5168
11240,5168
11241,5168
11242,5169
11243,5169
11244,5169
11245,5170
11246,5170
11247,5170
11248,5170
11249,5170
11250,5173
11251,5172
11252,5171
11253,5174
11254,5174
11255,5175
11256,5176
11257,5178
11258,5179
11259,5180
11260,5180
11261,5180
11262,5180
11263,5181
11264,5181
11265,5183
11266,5183
11267,5182
11268,5183
11269,5183
11270,5182
11271,5185
11272,5185
11273,5185
11274,5186
11275,5186
11276,5186
11277,5186
11278,5186
11279,5186
11280,5187
11281,5187
11282,5188
11283,5188
11284,5189
11285,5189
11286,5190
11287,5190
11288,5190
11289,5190
11290,5190
11291,5190
11292,5190
11293,5190
11294,5192
11295,5192
11296,5193
11297,5193
11298,5192
11299,5192
11300,5191
11301,5191
11302,5191
11303,5191
11304,5194
11305,5194
11306,5195
11307,5195
11308,5196
11309,5196
11310,5196
11311,5197
11312,5197
11313,5197
11314,5197
11315,5197
11316,5197
11317,5198
11318,5198
11319,5198
11320,5199
11321,5199
11322,5200
11323,5200
11324,5200
11325,5200
11326,5200
11327,5201
11328,5201
11329,5201
11330,5202
11331,5202
11332,5202
11333,5204
11334,5205
11335,5205
11336,5205
11337,5205
11338,5207
11339,5209
11340,5211
11341,5212
11342,5210
11343,5211
11344,5213
11345,5214
11346,5213
11347,5213
11348,5213
11349,5213
11350,5213
11351,5214
11352,5213
11353,5214
11354,5215
11355,5215
11356,5216
11357,5216
11358,5219
11359,5220
11360,5220
11361,5221
11362,5222
11363,5223
11364,5223
11365,5223
11366,5224
11367,5224
11368,5224
11369,5224
11370,5224
11371,5224
11372,5224
11373,5224
11374,5224
11375,5224
11376,5224
11377,5225
11378,5226
11379,5226
11380,5227
11381,5229
11382,5229
11383,5231
11384,5231
11385,5231
11386,5231
11387,5231
11388,5232
11389,5232
11390,5232
11391,5233
11392,5233
11393,5233
11394,5233
11395,5233
11396,5233
11397,5233
11398,5233
11399,5233
11400,5234
11401,5234
11402,5235
11403,5238
11404,5238
11405,5238
11406,5239
11407,5239
11408,5240
11409,5239
11410,5241
11411,5241
11412,5241
11413,5242
11414,5242
11415,5242
11416,5242
11417,5243
11418,5244
11419,5244
11420,5244
11421,5247
11422,5248
11423,5248
11424,5248
11425,5249
11426,5250
11427,5252
11428,5252
11429,5252
11430,5253
11431,5254
11432,5254
11433,5254
11434,5254
11435,5254
11436,5254
11437,5255
11438,5257
11439,5256
11440,5258
11441,5259
11442,5260
11443,5262
11444,5264
11445,5265
11446,5265
11447,5265
11448,5265
11449,5265
11450,5265
11451,5266
11452,5266
11453,5266
11454,5267
11455,5267
11456,5268
11457,5268
11458,5268
11459,5268
11460,5268
11461,5268
11462,5268
11463,5268
11464,5268
11465,5270
11466,5272
11467,5272
11468,5273
11469,5273
11470,5273
11471,5274
11472,5275
11473,5275
11474,5275
11475,5276
11476,5277
11477,5277
11478,5277
11479,5279
11480,5280
11481,5282
11482,5282
11483,5285
11484,5284
11485,5286
11486,5289
11487,5289
11488,5290
11489,5291
11490,5294
11491,5293
11492,5295
11493,5296
11494,5297
11495,5298
11496,5298
11497,5298
11498,5299
11499,5299
11500,5300
11501,5300
11502,5301
11503,5302
11504,5302
11505,5303
11506,5304
11507,5304
11508,5304
11509,5304
11510,5304
11511,5304
11512,5305
11513,5307
11514,5307
11515,5309
11516,5310
11517,5310
11518,5311
11519,5312
11520,5314
11521,5314
11522,5314
11523,5315
11524,5316
11525,5316
11526,5316
11527,5319
11528,5317
11529,5317
11530,5321
11531,5320
11532,5321
11533,5324
11534,5325
11535,5325
11536,5326
11537,5326
11538,5326
11539,5326
11540,5326
11541,5327
11542,5327
11543,5327
11544,5329
11545,5329
11546,5329
11547,5329
11548,5330
11549,5331
11550,5331
11551,5332
11552,5332
11553,5333
11554,5333
11555,5333
11556,5333
11557,5333
11558,5333
11559,5334
11560,5334
11561,5335
11562,5336
11563,5337
11564,5337
11565,5337
11566,5337
11567,5337
11568,5338
11569,5340
11570,5341
11571,5341
11572,5342
11573,5342
11574,5344
11575,5343
11576,5345
11577,5346
11578,5346
11579,5346
11580,5349
11581,5350
11582,5351
11583,5351
11584,5352
11585,5352
11586,5352
11587,5352
11588,5352
11589,5353
11590,5354
11591,5356
11592,5358
11593,5359
11594,5359
11595,5359
11596,5361
11597,5360
11598,5360
11599,5360
11600,5360
11601,5361
11602,5362
11603,5363
11604,5364
11605,5364
11606,5364
11607,5365
11608,5366
11609,5365
11610,5367
11611,5367
11612,5367
11613,5368
11614,5369
11615,5372
11616,5373
11617,5373
11618,5373
11619,5373
11620,5374
11621,5375
11622,5377
11623,5377
11624,5378
11625,5378
11626,5378
11627,5378
11628,5378
11629,5378
11630,5379
11631,5379
11632,5381
11633,5382
11634,5383
11635,5383
11636,5384
11637,5385
11638,5385
11639,5386
11640,5385
11641,5387
11642,5385
11643,5388
11644,5391
11645,5392
11646,5393
11647,5393
11648,5393
11649,5395
11650,5395
11651,5395
11652,5395
11653,5394
11654,5396
11655,5396
11656,5396
11657,5396
11658,5398
11659,5398
11660,5397
11661,5399
11662,5399
11663,5399
11664,5400
11665,5400
11666,5400
11667,5402
11668,5405
11669,5405
11670,5404
11671,5404
11672,5406
11673,5406
11674,5406
11675,5406
11676,5406
11677,5407
11678,5407
11679,5407
11680,5408
11681,5409
11682,5409
11683,5409
11684,5410
11685,5410
11686,5411
11687,5411
11688,5411
11689,5411
11690,5412
11691,5412
11692,5413
11693,5413
11694,5413
11695,5415
11696,5415
11697,5416
11698,5416
11699,5416
11700,5417
11701,5417
11702,5417
11703,5418
11704,5421
11705,5420
11706,5420
11707,5420
11708,5420
11709,5421
11710,5420
11711,5420
11712,5420
11713,5422
11714,5423
11715,5425
11716,5426
11717,5426
11718,5427
11719,5427
11720,5427
11721,5429
11722,5429
11723,5428
11724,5430
11725,5430
11726,5430
11727,5430
11728,5431
11729,5432
11730,5432
11731,5432
11732,5432
11733,5432
11734,5434
11735,5435
11736,5436
11737,5436
11738,5436
11739,5437
11740,5437
11741,5438
11742,5438
11743,5438
11744,5438
11745,5440
11746,5439
11747,5439
11748,5439
11749,5440
11750,5440
11751,5439
11752,5441
11753,5441
11754,5442
11755,5442
11756,5443
11757,5443
11758,5443
11759,5443
11760,5443
11761,5443
11762,5443
11763,5443
11764,5444
11765,5444
11766,5444
11767,5444
11768,5446
11769,5446
11770,5445
11771,5447
11772,5447
11773,5447
11774,5448
11775,5447
11776,5448
11777,5449
11778,5450
11779,5449
11780,5449
11781,5451
11782,5451
11783,5452
11784,5452
11785,5452
11786,5452
11787,5452
11788,5452
11789,5452
11790,5452
11791,5453
11792,5454
11793,5453
11794,5454
11795,5454
11796,5454
11797,5454
11798,5456
11799,5455
11800,5456
11801,5455
11802,5457
11803,5457
11804,5457
11805,5457
11806,5458
11807,5458
11808,5459
11809,5459
11810,5459
11811,5461
11812,5461
11813,5461
11814,5460
11815,5464
11816,5465
11817,5463
11818,5463
11819,5464
11820,5464
11821,5464
11822,5465
11823,5467
11824,5466
11825,5466
11826,5468
11827,5469
11828,5469
11829,5469
11830,5470
11831,5471
11832,5470
11833,5471
11834,5471
11835,5470
11836,5471
11837,5471
11838,5473
11839,5475
11840,5475
11841,5476
11842,5476
11843,5476
11844,5476
11845,5476
11846,5477
11847,5479
11848,5479
11849,5480
11850,5480
11851,5480
11852,5481
11853,5482
11854,5484
11855,5483
11856,5485
11857,5485
11858,5485
11859,5486
11860,5486
11861,5486
11862,5486
11863,5487
11864,5487
11865,5488
11866,5489
11867,5489
11868,5489
11869,5490
11870,5490
11871,5490
11872,5490
11873,5490
11874,5490
11875,5490
11876,5491
11877,5491
11878,5491
11879,5491
11880,5491
11881,5491
11882,5491
11883,5492
11884,5493
11885,5492
11886,5493
11887,5494
11888,5494
11889,5494
11890,5494
11891,5496
11892,5496
11893,5495
11894,5496
11895,5495
11896,5496
11897,5498
11898,5502
11899,5501
11900,5503
11901,5504
11902,5503
11903,5503
11904,5503
11905,5504
11906,5504
11907,5503
11908,5503
11909,5505
11910,5505
11911,5505
11912,5506
11913,5507
11914,5508
11915,5508
11916,5508
11917,5509
11918,5509
11919,5509
11920,5509
11921,5510
11922,5510
11923,5511
11924,5513
11925,5512
11926,5514
11927,5514
11928,5515
11929,5515
11930,5515
11931,5516
11932,5516
11933,5516
11934,5516
11935,5516
11936,5516
11937,5517
11938,5518
11939,5519
11940,5519
11941,5519
11942,5520
11943,5520
11944,5520
11945,5520
11946,5520
11947,5520
11948,5521
11949,5524
11950,5523
11951,5523
11952,5525
11953,5525
11954,5525
11955,5525
11956,5525
11957,5525
11958,5525
11959,5525
11960,5526
11961,5526
11962,5526
11963,5528
11964,5528
11965,5529
11966,5530
11967,5531
11968,5531
11969,5531
11970,5531
11971,5531
11972,5531
11973,5531
11974,5532
11975,5534
11976,5534
11977,5535
11978,5535
11979,5536
11980,5537
11981,5539
11982,5539
11983,5539
11984,5540
11985,5540
11986,5543
11987,5544
11988,5544
11989,5544
11990,5544
11991,5545
11992,5545
11993,5546
11994,5546
11995,5547
11996,5548
11997,5549
11998,5549
11999,5552
12000,5552
12001,5552
12002,5553
12003,5553
12004,5553
12005,5553
12006,5553
12007,5554
12008,5554
12009,5555
12010,5556
12011,5556
12012,5557
12013,5558
12014,5558
12015,5558
12016,5558
12017,5558
12018,5558
12019,5558
12020,5558
12021,5558
12022,5558
12023,5559
12024,5559
12025,5559
12026,5559
12027,5560
12028,5560
12029,5560
12030,5560
12031,5560
12032,5561
12033,5562
12034,5562
12035,5562
12036,5562
12037,5562
12038,5562
12039,5562
12040,5562
12041,5562
12042,5562
12043,5564
12044,5565
12045,5568
12046,5568
12047,5568
12048,5568
12049,5568
12050,5568
12051,5568
12052,5568
12053,5568
12054,5568
12055,5569
12056,5572
12057,5570
12058,5570
12059,5573
12060,5573
12061,5573
12062,5573
12063,5574
12064,5575
12065,5575
12066,5576
12067,5576
12068,5577
12069,5577
12070,5577
12071,5578
12072,5578
12073,5579
12074,5579
12075,5579
12076,5580
12077,5580
12078,5580
12079,5580
12080,5581
12081,5582
12082,5581
12083,5581
12084,5582
12085,5581
12086,5582
12087,5583
12088,5583
12089,5583
12090,5583
12091,5583
12092,5583
12093,5584
12094,5584
12095,5584
12096,5584
12097,5584
12098,5584
12099,5584
12100,5584
12101,5584
12102,5584
12103,5584
12104,5584
12105,5584
12106,5585
12107,5585
12108,5585
12109,5586
12110,5586
12111,5586
12112,5586
12113,5587
12114,5588
12115,5590
12116,5590
12117,5591
12118,5592
12119,5596
12120,5594
12121,5595
12122,5596
12123,5597
12124,5598
12125,5601
12126,5601
12127,5601
12128,5602
12129,5602
12130,5602
12131,5602
12132,5602
12133,5604
12134,5603
12135,5605
12136,5606
12137,5608
12138,5608
12139,5609
12140,5610
12141,5610
12142,5610
12143,5610
12144,5610
12145,5610
12146,5610
12147,5610
12148,5610
12149,5610
12150,5611
12151,5611
12152,5611
12153,5611
12154,5612
12155,5613
12156,5613
12157,5614
12158,5614
12159,5614
12160,5614
12161,5614
12162,5614
12163,5615
12164,5616
12165,5617
12166,5617
12167,5617
12168,5617
12169,5618
12170,5618
12171,5618
12172,5619
12173,5619
12174,5620
12175,5619
12176,5619
12177,5620
12178,5620
12179,5621
12180,5623
12181,5623
12182,5626
12183,5625
12184,5627
12185,5627
12186,5627
12187,5628
12188,5630
12189,5629
12190,5631
12191,5631
12192,5631
12193,5632
12194,5632
12195,5632
12196,5633
12197,5633
12198,5636
12199,5636
12200,5636
12201,5634
12202,5634
12203,5637
12204,5638
12205,5639
12206,5639
12207,5640
12208,5641
12209,5641
12210,5642
12211,5642
12212,5643
12213,5643
12214,5644
12215,5644
12216,5647
12217,5647
12218,5647
12219,5647
12220,5649
12221,5649
12222,5650
12223,5651
12224,5651
12225,5651
12226,5653
12227,5654
12228,5655
12229,5657
12230,5657
12231,5657
12232,5657
12233,5659
12234,5658
12235,5659
12236,5660
12237,5660
12238,5660
12239,5661
12240,5661
12241,5661
12242,5661
12243,5661
12244,5661
12245,5661
12246,5661
12247,5662
12248,5662
12249,5662
12250,5663
12251,5664
12252,5664
12253,5664
12254,5665
12255,5667
12256,5667
12257,5667
12258,5667
12259,5667
12260,5669
12261,5671
12262,5671
12263,5672
12264,5673
12265,5673
12266,5673
12267,5674
12268,5674
12269,5674
12270,5674
12271,5675
12272,5675
12273,5675
12274,5675
12275,5676
12276,5677
12277,5677
12278,5676
12279,5676
12280,5677
12281,5677
12282,5678
12283,5679
12284,5679
12285,5680
12286,5680
12287,5680
12288,5680
12289,5680
12290,5680
12291,5681
12292,5681
12293,5681
12294,5682
12295,5684
12296,5685
12297,5687
12298,5688
12299,5687
12300,5689
12301,5690
12302,5690
12303,5691
12304,5691
12305,5692
12306,5691
12307,5692
12308,5692
12309,5691
12310,5693
12311,5694
12312,5693
12313,5694
12314,5694
12315,5693
12316,5694
12317,5695
12318,5695
12319,5695
12320,5696
12321,5696
12322,5696
12323,5697
12324,5697
12325,5698
12326,5698
12327,5699
12328,5699
12329,5699
12330,5699
12331,5700
12332,5700
12333,5701
12334,5702
12335,5703
12336,5704
12337,5705
12338,5706
12339,5706
12340,5707
12341,5707
12342,5709
12343,5711
12344,5712
12345,5714
12346,5714
12347,5714
12348,5715
12349,5715
12350,5715
12351,5717
12352,5716
12353,5718
12354,5718
12355,5718
12356,5718
12357,5719
12358,5720
12359,5723
12360,5722
12361,5723
12362,5724
12363,5724
12364,5724
12365,5724
12366,5726
12367,5726
12368,5727
12369,5727
12370,5729
12371,5729
12372,5729
12373,5728
12374,5728
12375,5728
12376,5730
12377,5730
12378,5730
12379,5730
12380,5731
12381,5731
12382,5732
12383,5732
12384,5733
12385,5734
12386,5734
12387,5733
12388,5733
12389,5735
12390,5735
12391,5735
12392,5737
12393,5736
12394,5736
12395,5738
12396,5739
12397,5739
12398,5739
12399,5739
12400,5739
12401,5740
12402,5740
12403,5741
12404,5741
12405,5741
12406,5741
12407,5742
12408,5742
12409,5742
12410,5742
12411,5744
12412,5745
12413,5745
12414,5745
12415,5746
12416,5746
12417,5746
12418,5746
12419,5746
12420,5746
12421,5746
12422,5746
12423,5746
12424,5746
12425,5746
12426,5747
12427,5747
12428,5747
12429,5748
12430,5748
12431,5749
12432,5749
12433,5749
12434,5750
12435,5751
12436,5751
12437,5751
12438,5752
12439,5752
12440,5752
12441,5753
12442,5753
12443,5754
12444,5754
12445,5754
12446,5755
12447,5756
12448,5756
12449,5756
12450,5756
12451,5757
12452,5757
12453,5757
12454,5757
12455,5758
12456,5758
12457,5759
12458,5759
12459,5759
12460,5759
12461,5760
12462,5760
12463,5760
12464,5760
12465,5760
12466,5760
12467,5760
12468,5761
12469,5763
12470,5764
12471,5764
12472,5764
12473,5764
12474,5764
12475,5764
12476,5764
12477,5764
12478,5765
12479,5766
12480,5766
12481,5766
12482,5767
12483,5769
12484,5769
12485,5769
12486,5770
12487,5771
12488,5771
12489,5771
12490,5771
12491,5771
12492,5771
12493,5771
12494,5771
12495,5771
12496,5771
12497,5771
12498,5772
12499,5772
12500,5772
12501,5773
12502,5774
12503,5775
12504,5776
12505,5776
12506,5776
12507,5776
12508,5777
12509,5777
12510,5778
12511,5778
12512,5780
12513,5781
12514,5781
12515,5781
12516,5781
12517,5782
12518,5783
12519,5783
12520,5783
12521,5783
12522,5783
12523,5783
12524,5783
12525,5783
12526,5783
12527,5783
12528,5785
12529,5785
12530,5785
12531,5784
12532,5784
12533,5786
12534,5787
12535,5787
12536,5786
12537,5787
12538,5786
12539,5786
12540,5787
12541,5787
12542,5786
12543,5786
12544,5786
12545,5788
12546,5789
12547,5789
12548,5789
12549,5790
12550,5791
12551,5792
12552,5794
12553,5793
12554,5794
12555,5794
12556,5793
12557,5793
12558,5793
12559,5794
12560,5794
12561,5795
12562,5795
12563,5795
12564,5797
12565,5797
12566,5797
12567,5798
12568,5799
12569,5799
12570,5800
12571,5800
12572,5799
12573,5799
12574,5800
12575,5803
12576,5804
12577,5804
12578,5805
12579,5806
12580,5806
12581,5806
12582,5806
12583,5807
12584,5807
12585,5808
12586,5808
12587,5808
12588,5809
12589,5809
12590,5809
12591,5811
12592,5812
12593,5813
12594,5813
12595,5813
12596,5813
12597,5813
12598,5814
12599,5817
12600,5816
12601,5817
12602,5818
12603,5818
12604,5818
12605,5819
12606,5819
12607,5820
12608,5821
12609,5821
12610,5821
12611,5821
12612,5822
12613,5822
12614,5822
12615,5822
12616,5822
12617,5824
12618,5824
12619,5824
12620,5825
12621,5826
12622,5826
12623,5827
12624,5827
12625,5827
12626,5828
12627,5828
12628,5828
12629,5828
12630,5829
12631,5829
12632,5829
12633,5830
12634,5831
12635,5832
12636,5833
12637,5833
12638,5834
12639,5834
12640,5834
12641,5835
12642,5835
12643,5835
12644,5835
12645,5836
12646,5837
12647,5838
12648,5838
12649,5840
12650,5841
12651,5841
12652,5841
12653,5841
12654,5841
12655,5843
12656,5843
12657,5846
12658,5850
12659,5849
12660,5850
12661,5849
12662,5851
12663,5851
12664,5852
12665,5852
12666,5853
12667,5853
12668,5854
12669,5854
12670,5854
12671,5854
12672,5855
12673,5855
12674,5855
12675,5855
12676,5855
12677,5855
12678,5857
12679,5859
12680,5861
12681,5861
12682,5862
12683,5863
12684,5864
12685,5865
12686,5865
12687,5867
12688,5866
12689,5868
12690,5869
12691,5870
12692,5871
12693,5872
12694,5872
12695,5872
12696,5872
12697,5873
12698,5873
12699,5873
12700,5873
12701,5873
12702,5873
12703,5873
12704,5873
12705,5873
12706,5873
12707,5874
12708,5875
12709,5875
12710,5876
12711,5877
12712,5879
12713,5879
12714,5880
12715,5880
12716,5880
12717,5880
12718,5880
12719,5880
12720,5881
12721,5882
12722,5882
12723,5883
12724,5883
12725,5883
12726,5885
12727,5885
12728,5885
12729,5886
12730,5886
12731,5888
12732,5889
12733,5889
12734,5891
12735,5894
12736,5893
12737,5893
12738,5893
12739,5895
12740,5896
12741,5897
12742,5898
12743,5900
12744,5899
12745,5901
12746,5902
12747,5901
12748,5903
12749,5903
12750,5903
12751,5903
12752,5903
12753,5905
12754,5907
12755,5907
12756,5907
12757,5907
12758,5907
12759,5907
12760,5907
12761,5908
12762,5908
12763,5908
12764,5908
12765,5909
12766,5910
12767,5910
12768,5910
12769,5910
12770,5911
12771,5912
12772,5912
12773,5912
12774,5912
12775,5912
12776,5913
12777,5914
12778,5914
12779,5915
12780,5916
12781,5916
12782,5916
12783,5916
12784,5918
12785,5919
12786,5920
12787,5920
12788,5921
12789,5921
12790,5921
12791,5922
12792,5922
12793,5922
12794,5922
12795,5922
12796,5922
12797,5922
12798,5922
12799,5922
12800,5923
12801,5923
12802,5924
12803,5925
12804,5926
12805,5928
12806,5927
12807,5930
12808,5931
12809,5931
12810,5931
12811,5931
12812,5932
12813,5932
12814,5932
12815,5932
12816,5932
12817,5933
12818,5933
12819,5934
12820,5935
12821,5935
12822,5936
12823,5936
12824,5936
12825,5936
12826,5936
12827,5936
12828,5936
12829,5936
12830,5936
12831,5936
12832,5937
12833,5938
12834,5938
12835,5938
12836,5939
12837,5939
12838,5939
12839,5939
12840,5939
12841,5939
12842,5940
12843,5940
12844,5940
12845,5941
12846,5942
12847,5942
12848,5942
12849,5942
12850,5942
12851,5942
12852,5942
12853,5942
12854,5943
12855,5944
12856,5945
12857,5948
12858,5946
12859,5948
12860,5949
12861,5949
12862,5950
12863,5950
12864,5955
12865,5955
12866,5954
12867,5955
12868,5953
12869,5953
12870,5956
12871,5957
12872,5957
12873,5957
12874,5959
12875,5961
12876,5961
12877,5961
12878,5961
12879,5961
12880,5961
12881,5961
12882,5962
12883,5962
12884,5962
12885,5962
12886,5962
12887,5962
12888,5962
12889,5965
12890,5966
12891,5967
12892,5967
12893,5967
12894,5967
12895,5967
12896,5967
12897,5968
12898,5968
12899,5970
12900,5969
12901,5970
12902,5970
12903,5971
12904,5973
12905,5972
12906,5972
12907,5973
12908,5973
12909,5973
12910,5973
12911,5974
12912,5974
12913,5974
12914,5975
12915,5975
12916,5975
12917,5975
12918,5976
12919,5977
12920,5978
12921,5979
12922,5979
12923,5979
12924,5980
12925,5980
12926,5980
12927,5980
12928,5980
12929,5983
12930,5982
12931,5984
12932,5985
12933,5985
12934,5985
12935,5985
12936,5985
12937,5985
12938,5985
12939,5985
12940,5985
12941,5986
12942,5987
12943,5987
12944,5988
12945,5988
12946,5988
12947,5988
12948,5988
12949,5990
12950,5991
12951,5989
12952,5990
12953,5990
12954,5989
12955,5990
12956,5990
12957,5991
12958,5991
12959,5993
12960,5992
12961,5994
12962,5996
12963,5997
12964,5998
12965,5998
12966,5998
12967,5998
12968,5998
12969,5999
12970,5999
12971,5999
12972,6000
12973,6001
12974,6001
12975,6001
12976,6001
12977,6001
12978,6001
12979,6001
12980,6002
12981,6002
12982,6002
12983,6002
12984,6004
12985,6003
12986,6003
12987,6003
12988,6005
12989,6005
12990,6005
12991,6005
12992,6007
12993,6008
12994,6006
12995,6008
12996,6008
12997,6009
12998,6010
12999,6011
13000,6011
13001,6011
13002,6011
13003,6012
13004,6012
13005,6012
13006,6012
13007,6013
13008,6014
13009,6016
13010,6015
13011,6018
13012,6017
13013,6019
13014,6019
13015,6020
13016,6020
13017,6020
13018,6020
13019,6020
13020,6021
13021,6022
13022,6022
13023,6022
13024,6022
13025,6022
13026,6023
13027,6023
13028,6025
13029,6026
13030,6026
13031,6026
13032,6026
13033,6028
13034,6028
13035,6027
13036,6028
13037,6027
13038,6028
13039,6027
13040,6029
13041,6029
13042,6029
13043,6030
13044,6031
13045,6031
13046,6031
13047,6031
13048,6032
13049,6033
13050,6032
13051,6035
13052,6035
13053,6035
13054,6035
13055,6035
13056,6035
13057,6035
13058,6035
13059,6037
13060,6038
13061,6039
13062,6039
13063,6039
13064,6040
13065,6041
13066,6041
13067,6042
13068,6043
13069,6044
13070,6046
13071,6046
13072,6046
13073,6048
13074,6049
13075,6050
13076,6050
13077,6051
13078,6051
13079,6053
13080,6052
13081,6055
13082,6056
13083,6057
13084,6057
13085,6057
13086,6057
13087,6058
13088,6059
13089,6059
13090,6059
13091,6059
13092,6060
13093,6060
13094,6060
13095,6060
13096,6060
13097,6060
13098,6060
13099,6060
13100,6061
13101,6061
13102,6064
13103,6064
13104,6064
13105,6064
13106,6064
13107,6064
13108,6064
13109,6064
13110,6064
13111,6064
13112,6065
13113,6065
13114,6065
13115,6066
13116,6068
13117,6069
13118,6069
13119,6070
13120,6070
13121,6071
13122,6071
13123,6071
13124,6071
13125,6071
13126,6072
13127,6073
13128,6073
13129,6073
13130,6074
13131,6074
13132,6075
13133,6077
13134,6077
13135,6078
13136,6079
13137,6080
13138,6080
13139,6081
13140,6081
13141,6082
13142,6083
13143,6083
13144,6084
13145,6084
13146,6084
13147,6084
13148,6084
13149,6086
13150,6085
13151,6085
13152,6085
13153,6087
13154,6088
13155,6088
13156,6090
13157,6091
13158,6089
13159,6093
13160,6092
13161,6092
13162,6092
13163,6093
13164,6095
13165,6095
13166,6094
13167,6095
13168,6096
13169,6097
13170,6098
13171,6099
13172,6100
13173,6099
13174,6100
13175,6100
13176,6101
13177,6101
13178,6100
13179,6099
13180,6099
13181,6100
13182,6101
13183,6101
13184,6102
13185,6103
13186,6104
13187,6104
13188,6104
13189,6104
13190,6104
13191,6104
13192,6104
13193,6104
13194,6104
13195,6105
13196,6106
13197,6105
13198,6107
13199,6107
13200,6108
13201,6108
13202,6108
13203,6108
13204,6109
13205,6109
13206,6109
13207,6109
13208,6110
13209,6112
13210,6111
13211,6112
13212,6113
13213,6113
13214,6114
13215,6115
13216,6115
13217,6115
13218,6116
13219,6116
13220,6117
13221,6120
13222,6120
13223,6120
13224,6121
13225,6122
13226,6122
13227,6123
13228,6123
13229,6124
13230,6124
13231,6124
13232,6124
13233,6124
13234,6124
13235,6124
13236,6126
13237,6127
13238,6127
13239,6127
13240,6128
13241,6128
13242,6128
13243,6128
13244,6131
13245,6130
13246,6130
13247,6130
13248,6130
13249,6129
13250,6132
13251,6133
13252,6133
13253,6134
13254,6134
13255,6135
13256,6135
13257,6136
13258,6136
13259,6136
13260,6137
13261,6138
13262,6138
13263,6138
13264,6138
13265,6138
13266,6138
13267,6138
13268,6138
13269,6138
13270,6139
13271,6139
13272,6139
13273,6139
13274,6139
13275,6139
13276,6141
13277,6142
13278,6142
13279,6143
13280,6143
13281,6143
13282,6143
13283,6143
13284,6143
13285,6143
13286,6143
13287,6143
13288,6144
13289,6147
13290,6147
13291,6148
13292,6149
13293,6149
13294,6149
13295,6150
13296,6150
13297,6151
13298,6151
13299,6151
13300,6151
13301,6152
13302,6152
13303,6153
13304,6154
13305,6155
13306,6156
13307,6156
13308,6156
13309,6157
13310,6158
13311,6159
13312,6159
13313,6160
13314,6160
13315,6160
13316,6161
13317,6161
13318,6161
13319,6161
13320,6162
13321,6163
13322,6165
13323,6163
13324,6164
13325,6166
13326,6169
13327,6169
13328,6169
13329,6169
13330,6169
13331,6170
13332,6170
13333,6170
13334,6170
13335,6170
13336,6171
13337,6171
13338,6171
13339,6171
13340,6171
13341,6171
13342,6171
13343,6173
13344,6172
13345,6173
13346,6174
13347,6175
13348,6175
13349,6176
13350,6176
13351,6176
13352,6176
13353,6176
13354,6176
13355,6176
13356,6177
13357,6178
13358,6177
13359,6178
13360,6178
13361,6179
13362,6179
13363,6179
13364,6180
13365,6180
13366,6180
13367,6181
13368,6182
13369,6183
13370,6185
13371,6186
13372,6186
13373,6186
13374,6187
13375,6187
13376,6187
13377,6188
13378,6188
13379,6188
13380,6189
13381,6190
13382,6190
13383,6191
13384,6191
13385,6192
13386,6192
13387,6192
13388,6193
13389,6195
13390,6194
13391,6195
13392,6196
13393,6196
13394,6196
13395,6196
13396,6196
13397,6199
13398,6200
13399,6200
13400,6200
13401,6201
13402,6201
13403,6201
13404,6201
13405,6201
13406,6202
13407,6202
13408,6203
13409,6204
13410,6205
13411,6205
13412,6205
13413,6205
13414,6206
13415,6206
13416,6206
13417,6208
13418,6208
13419,6209
13420,6210
13421,6211
13422,6211
13423,6213
13424,6213
13425,6212
13426,6213
13427,6214
13428,6214
13429,6217
13430,6217
13431,6217
13432,6219
13433,6219
13434,6221
13435,6222
13436,6222
13437,6221
13438,6222
13439,6223
13440,6223
13441,6224
13442,6224
13443,6225
13444,6225
13445,6225
13446,6226
13447,6227
13448,6227
13449,6231
13450,6231
13451,6232
13452,6232
13453,6233
13454,6235
13455,6237
13456,6238
13457,6238
13458,6238
13459,6239
13460,6240
13461,6241
13462,6242
13463,6243
13464,6243
13465,6243
13466,6243
13467,6244
13468,6244
13469,6244
13470,6245
13471,6246
13472,6246
13473,6245
13474,6247
13475,6247
13476,6248
13477,6247
13478,6249
13479,6249
13480,6250
13481,6250
13482,6250
13483,6250
13484,6250
13485,6250
13486,6251
13487,6252
13488,6252
13489,6253
13490,6253
13491,6253
13492,6253
13493,6253
13494,6255
13495,6254
13496,6256
13497,6256
13498,6257
13499,6259
13500,6259
13501,6259
13502,6259
13503,6259
13504,6259
13505,6259
13506,6259
13507,6259
13508,6259
13509,6260
13510,6260
13511,6262
13512,6263
13513,6263
13514,6263
13515,6263
13516,6263
13517,6263
13518,6263
13519,6263
13520,6263
13521,6263
13522,6263
13523,6263
13524,6263
13525,6263
13526,6265
13527,6265
13528,6267
13529,6268
13530,6269
13531,6271
13532,6272
13533,6276
13534,6275
13535,6275
13536,6274
13537,6274
13538,6275
13539,6276
13540,6275
13541,6277
13542,6278
13543,6278
13544,6278
13545,6279
13546,6279
13547,6279
13548,6279
13549,6279
13550,6279
13551,6279
13552,6279
13553,6281
13554,6281
13555,6281
13556,6280
13557,6282
13558,6282
13559,6282
13560,6282
13561,6282
13562,6282
13563,6282
13564,6282
13565,6283
13566,6283
13567,6284
13568,6284
13569,6285
13570,6285
13571,6286
13572,6286
13573,6286
13574,6286
13575,6286
13576,6286
13577,6287
13578,6288
13579,6288
13580,6288
13581,6289
13582,6287
13583,6289
13584,6288
13585,6289
13586,6288
13587,6291
13588,6290
13589,6293
13590,6293
13591,6293
13592,6294
13593,6295
13594,6297
13595,6296
13596,6299
13597,6299
13598,6299
13599,6299
13600,6299
13601,6299
13602,6299
13603,6299
13604,6300
13605,6301
13606,6301
13607,6302
13608,6302
13609,6303
13610,6304
13611,6304
13612,6304
13613,6304
13614,6305
13615,6305
13616,6305
13617,6305
13618,6306
13619,6306
13620,6307
13621,6307
13622,6309
13623,6311
13624,6313
13625,6313
13626,6312
13627,6314
13628,6314
13629,6315
13630,6315
13631,6316
13632,6315
13633,6315
13634,6316
13635,6315
13636,6316
13637,6315
13638,6317
13639,6317
13640,6318
13641,6318
13642,6318
13643,6319
13644,6320
13645,6322
13646,6322
13647,6322
13648,6322
13649,6322
13650,6322
13651,6323
13652,6323
13653,6323
13654,6323
13655,6324
13656,6323
13657,6325
13658,6326
13659,6326
13660,6326
13661,6326
13662,6327
13663,6327
13664,6327
13665,6329
13666,6330
13667,6330
13668,6330
13669,6330
13670,6331
13671,6333
13672,6332
13673,6334
13674,6334
13675,6336
13676,6335
13677,6336
13678,6335
13679,6336
13680,6337
13681,6337
13682,6335
13683,6340
13684,6338
13685,6342
13686,6341
13687,6342
13688,6342
13689,6343
13690,6343
13691,6343
13692,6343
13693,6343
13694,6343
13695,6343
13696,6344
13697,6344
13698,6344
13699,6346
13700,6346
13701,6346
13702,6345
13703,6346
13704,6345
13705,6345
13706,6347
13707,6349
13708,6349
13709,6350
13710,6351
13711,6351
13712,6350
13713,6352
13714,6352
13715,6354
13716,6353
13717,6354
13718,6353
13719,6355
13720,6355
13721,6355
13722,6355
13723,6355
13724,6356
13725,6357
13726,6357
13727,6359
13728,6360
13729,6360
13730,6361
13731,6361
13732,6362
13733,6362
13734,6362
13735,6363
13736,6363
13737,6363
13738,6363
13739,6363
13740,6364
13741,6365
13742,6365
13743,6365
13744,6366
13745,6366
13746,6367
13747,6367
13748,6367
13749,6367
13750,6368
13751,6369
13752,6369
13753,6370
13754,6371
13755,6371
13756,6372
13757,6372
13758,6373
13759,6373
13760,6375
13761,6376
13762,6376
13763,6377
13764,6377
13765,6378
13766,6378
13767,6378
13768,6378
13769,6379
13770,6380
13771,6381
13772,6381
13773,6383
13774,6383
13775,6383
13776,6384
13777,6384
13778,6385
13779,6385
13780,6385
13781,6385
13782,6387
13783,6387
13784,6386
13785,6386
13786,6388
13787,6390
13788,6391
13789,6391
13790,6391
13791,6393
13792,6394
13793,6392
13794,6395
13795,6396
13796,6397
13797,6397
13798,6398
13799,6398
13800,6399
13801,6399
13802,6399
13803,6399
13804,6400
13805,6402
13806,6404
13807,6404
13808,6405
13809,6407
13810,6406
13811,6409
13812,6410
13813,6413
13814,6413
13815,6413
13816,6412
13817,6413
13818,6413
13819,6413
13820,6414
13821,6414
13822,6414
13823,6414
13824,6414
13825,6414
13826,6416
13827,6417
13828,6418
13829,6419
13830,6419
13831,6420
13832,6423
13833,6422
13834,6424
13835,6424
13836,6425
13837,6425
13838,6426
13839,6428
13840,6428
13841,6427
13842,6429
13843,6429
13844,6429
13845,6429
13846,6430
13847,6432
13848,6432
13849,6432
13850,6432
13851,6434
13852,6433
13853,6436
13854,6438
13855,6438
13856,6439
13857,6440
13858,6440
13859,6440
13860,6440
13861,6440
13862,6441
13863,6441
13864,6442
13865,6442
13866,6443
13867,6442
13868,6444
13869,6445
13870,6446
13871,6446
13872,6447
13873,6447
13874,6447
13875,6448
13876,6448
13877,6448
13878,6448
13879,6448
13880,6448
13881,6448
13882,6448
13883,6448
13884,6448
13885,6448
13886,6448
13887,6448
13888,6449
13889,6449
13890,6450
13891,6450
13892,6450
13893,6452
13894,6452
13895,6452
13896,6453
13897,6453
13898,6454
13899,6454
13900,6456
13901,6456
13902,6456
13903,6457
13904,6458
13905,6458
13906,6459
13907,6459
13908,6459
13909,6459
13910,6459
13911,6459
13912,6460
13913,6461
13914,6462
13915,6464
13916,6463
13917,6464
13918,6465
13919,6467
13920,6465
13921,6465
13922,6468
13923,6468
13924,6468
13925,6468
13926,6469
13927,6469
13928,6471
13929,6472
13930,6473
13931,6473
13932,6473
13933,6473
13934,6474
13935,6474
13936,6475
13937,6474
13938,6475
13939,6474
13940,6476
13941,6476
13942,6476
13943,6476
13944,6478
13945,6477
13946,6477
13947,6478
13948,6478
13949,6480
13950,6481
13951,6481
13952,6481
13953,6481
13954,6481
13955,6481
13956,6481
13957,6481
13958,6482
13959,6482
13960,6482
13961,6482
13962,6483
13963,6483
13964,6483
13965,6483
13966,6484
13967,6485
13968,6487
13969,6487
13970,6485
13971,6489
13972,6489
13973,6490
13974,6490
13975,6490
13976,6490
13977,6491
13978,6492
13979,6492
13980,6493
13981,6493
13982,6493
13983,6495
13984,6495
13985,6495
13986,6497
13987,6498
13988,6498
13989,6498
13990,6500
13991,6500
13992,6500
13993,6500
13994,6500
13995,6501
13996,6502
13997,6504
13998,6503
13999,6504
14000,6503
14001,6505
14002,6506
14003,6508
14004,6512
14005,6511
14006,6513
14007,6514
14008,6514
14009,6514
14010,6515
14011,6515
14012,6515
14013,6516
14014,6516
14015,6517
14016,6517
14017,6517
14018,6517
14019,6517
14020,6517
14021,6518
14022,6518
14023,6518
14024,6518
14025,6518
14026,6518
14027,6519
14028,6520
14029,6520
14030,6520
14031,6522
14032,6523
14033,6521
14034,6522
14035,6522
14036,6522
14037,6521
14038,6521
14039,6523
14040,6522
14041,6521
14042,6522
14043,6524
14044,6524
14045,6524
14046,6524
14047,6525
14048,6525
14049,6525
14050,6525
14051,6526
14052,6527
14053,6528
14054,6528
14055,6528
14056,6528
14057,6531
14058,6531
14059,6531
14060,6529
14061,6530
14062,6530
14063,6530
14064,6529
14065,6531
14066,6530
14067,6532
14068,6534
14069,6536
14070,6536
14071,6536
14072,6536
14073,6536
14074,6536
14075,6536
14076,6536
14077,6538
14078,6538
14079,6537
14080,6538
14081,6539
14082,6539
14083,6539
14084,6539
14085,6539
14086,6540
14087,6540
14088,6541
14089,6541
14090,6542
14091,6542
14092,6542
14093,6542
14094,6542
14095,6542
14096,6543
14097,6543
14098,6543
14099,6545
14100,6545
14101,6544
14102,6545
14103,6544
14104,6544
14105,6544
14106,6546
14107,6546
14108,6546
14109,6546
14110,6547
14111,6550
14112,6549
14113,6549
14114,6551
14115,6551
14116,6551
14117,6551
14118,6551
14119,6551
14120,6552
14121,6552
14122,6552
14123,6553
14124,6553
14125,6554
14126,6554
14127,6555
14128,6557
14129,6558
14130,6562
14131,6562
14132,6562
14133,6562
14134,6563
14135,6564
14136,6564
14137,6565
14138,6566
14139,6565
14140,6567
14141,6567
14142,6567
14143,6567
14144,6568
14145,6570
14146,6569
14147,6569
14148,6571
14149,6572
14150,6572
14151,6573
14152,6573
14153,6574
14154,6574
14155,6575
14156,6575
14157,6575
14158,6575
14159,6575
14160,6575
14161,6576
14162,6577
14163,6577
14164,6577
14165,6578
14166,6580
14167,6581
14168,6581
14169,6582
14170,6582
14171,6582
14172,6582
14173,6583
14174,6583
14175,6584
14176,6584
14177,6584
14178,6584
14179,6585
14180,6586
14181,6587
14182,6589
14183,6589
14184,6589
14185,6590
14186,6590
14187,6590
14188,6590
14189,6590
14190,6591
14191,6591
14192,6591
14193,6592
14194,6592
14195,6592
14196,6592
14197,6592
14198,6592
14199,6592
14200,6592
14201,6592
14202,6593
14203,6596
14204,6596
14205,6595
14206,6599
14207,6597
14208,6599
14209,6597
14210,6599
14211,6597
14212,6597
14213,6600
14214,6601
14215,6600
14216,6601
14217,6600
14218,6601
14219,6600
14220,6600
14221,6602
14222,6602
14223,6602
14224,6602
14225,6603
14226,6604
14227,6604
14228,6604
14229,6604
14230,6605
14231,6605
14232,6605
14233,6605
14234,6607
14235,6607
14236,6607
14237,6607
14238,6607
14239,6608
14240,6608
14241,6608
14242,6609
14243,6609
14244,6609
14245,6609
14246,6610
14247,6610
14248,6610
14249,6610
14250,6610
14251,6611
14252,6612
14253,6611
14254,6611
14255,6613
14256,6613
14257,6614
14258,6614
14259,6615
14260,6615
14261,6616
14262,6617
14263,6618
14264,6618
14265,6619
14266,6619
14267,6622
14268,6622
14269,6622
14270,6622
14271,6622
14272,6622
14273,6622
14274,6622
14275,6622
14276,6622
14277,6622
14278,6623
14279,6623
14280,6623
14281,6624
14282,6625
14283,6625
14284,6626
14285,6627
14286,6628
14287,6629
14288,6629
14289,6629
14290,6630
14291,6630
14292,6630
14293,6630
14294,6630
14295,6630
14296,6630
14297,6633
14298,6634
14299,6634
14300,6634
14301,6634
14302,6634
14303,6634
14304,6634
14305,6634
14306,6635
14307,6636
14308,6636
14309,6637
14310,6638
14311,6638
14312,6639
14313,6640
14314,6640
14315,6641
14316,6641
14317,6641
14318,6643
14319,6646
14320,6645
14321,6647
14322,6647
14323,6647
14324,6647
14325,6647
14326,6647
14327,6647
14328,6647
14329,6647
14330,6649
14331,6649
14332,6650
14333,6651
14334,6652
14335,6652
14336,6653
14337,6653
14338,6652
14339,6652
14340,6653
14341,6654
14342,6654
14343,6656
14344,6656
14345,6656
14346,6656
14347,6657
14348,6657
14349,6657
14350,6657
14351,6658
14352,6658
14353,6659
14354,6659
14355,6659
14356,6660
14357,6662
14358,6663
14359,6663
14360,6664
14361,6664
14362,6664
14363,6665
14364,6665
14365,6665
14366,6665
14367,6665
14368,6665
14369,6666
14370,6668
14371,6668
14372,6668
14373,6670
14374,6670
14375,6671
14376,6671
14377,6671
14378,6671
14379,6671
14380,6671
14381,6671
14382,6671
14383,6671
14384,6671
14385,6672
14386,6672
14387,6674
14388,6674
14389,6675
14390,6675
14391,6676
14392,6677
14393,6677
14394,6677
14395,6677
14396,6678
14397,6679
14398,6679
14399,6680
14400,6680
14401,6680
14402,6681
14403,6682
14404,6683
14405,6683
14406,6684
14407,6684
14408,6684
14409,6683
14410,6684
14411,6684
14412,6684
14413,6685
14414,6686
14415,6686
14416,6686
14417,6687
14418,6687
14419,6687
14420,6688
14421,6688
14422,6689
14423,6690
14424,6691
14425,6692
14426,6692
14427,6692
14428,6692
14429,6693
14430,6694
14431,6696
14432,6695
14433,6696
14434,6695
14435,6698
14436,6699
14437,6699
14438,6699
14439,6699
14440,6699
14441,6699
14442,6699
14443,6699
14444,6701
14445,6701
14446,6700
14447,6702
14448,6702
14449,6702
14450,6703
14451,6704
14452,6705
14453,6705
14454,6705
14455,6706
14456,6706
14457,6706
14458,6707
14459,6707
14460,6707
14461,6707
14462,6708
14463,6708
14464,6708
14465,6708
14466,6708
14467,6709
14468,6709
14469,6708
14470,6710
14471,6710
14472,6710
14473,6710
14474,6711
14475,6711
14476,6712
14477,6713
14478,6714
14479,6715
14480,6717
14481,6717
14482,6717
14483,6719
14484,6719
14485,6720
14486,6720
14487,6721
14488,6722
14489,6722
14490,6722
14491,6723
14492,6723
14493,6723
14494,6723
14495,6723
14496,6723
14497,6723
14498,6723
14499,6724
14500,6724
14501,6725
14502,6725
14503,6725
14504,6726
14505,6727
14506,6729
14507,6728
14508,6728
14509,6732
14510,6731
14511,6731
14512,6731
14513,6734
14514,6735
14515,6736
14516,6737
14517,6740
14518,6740
14519,6741
14520,6742
14521,6742
14522,6744
14523,6744
14524,6747
14525,6747
14526,6748
14527,6748
14528,6748
14529,6749
14530,6749
14531,6749
14532,6749
14533,6749
14534,6751
14535,6750
14536,6751
14537,6751
14538,6751
14539,6752
14540,6752
14541,6752
14542,6753
14543,6753
14544,6754
14545,6754
14546,6754
14547,6755
14548,6755
14549,6757
14550,6759
14551,6758
14552,6758
14553,6758
14554,6759
14555,6761
14556,6761
14557,6762
14558,6762
14559,6762
14560,6763
14561,6763
14562,6763
14563,6764
14564,6767
14565,6768
14566,6767
14567,6767
14568,6770
14569,6770
14570,6770
14571,6772
14572,6773
14573,6772
14574,6772
14575,6774
14576,6775
14577,6775
14578,6775
14579,6775
14580,6776
14581,6777
14582,6777
14583,6778
14584,6778
14585,6779
14586,6778
14587,6778
14588,6778
14589,6781
14590,6783
14591,6786
14592,6785
14593,6787
14594,6789
14595,6789
14596,6790
14597,6790
14598,6790
14599,6790
14600,6792
14601,6791
14602,6792
14603,6793
14604,6793
14605,6793
14606,6793
14607,6794
14608,6795
14609,6795
14610,6796
14611,6797
14612,6797
14613,6798
14614,6798
14615,6800
14616,6801
14617,6800
14618,6800
14619,6802
14620,6803
14621,6803
14622,6804
14623,6804
14624,6804
14625,6805
14626,6806
14627,6806
14628,6806
14629,6806
14630,6807
14631,6808
14632,6810
14633,6810
14634,6811
14635,6811
14636,6812
14637,6813
14638,6816
14639,6814
14640,6815
14641,6817
14642,6818
14643,6818
14644,6818
14645,6818
14646,6818
14647,6818
14648,6819
14649,6819
14650,6819
14651,6820
14652,6820
14653,6820
14654,6820
14655,6821
14656,6822
14657,6822
14658,6823
14659,6823
14660,6823
14661,6824
14662,6825
14663,6827
14664,6828
14665,6828
14666,6828
14667,6829
14668,6829
14669,6831
14670,6833
14671,6832
14672,6834
14673,6834
14674,6837
14675,6838
14676,6839
14677,6839
14678,6840
14679,6840
14680,6841
14681,6842
14682,6842
14683,6842
14684,6843
14685,6844
14686,6844
14687,6844
14688,6844
14689,6844
14690,6845
14691,6845
14692,6846
14693,6846
14694,6848
14695,6849
14696,6849
14697,6848
14698,6849
14699,6850
14700,6851
14701,6852
14702,6852
14703,6853
14704,6852
14705,6854
14706,6854
14707,6854
14708,6854
14709,6856
14710,6857
14711,6857
14712,6858
14713,6858
14714,6858
14715,6858
14716,6859
14717,6859
14718,6859
14719,6860
14720,6860
14721,6860
14722,6861
14723,6864
14724,6862
14725,6865
14726,6865
14727,6866
14728,6866
14729,6867
14730,6868
14731,6868
14732,6869
14733,6869
14734,6869
14735,6869
14736,6869
14737,6869
14738,6870
14739,6870
14740,6871
14741,6871
14742,6871
14743,6871
14744,6871
14745,6872
14746,6873
14747,6873
14748,6873
14749,6873
14750,6874
14751,6874
14752,6877
14753,6877
14754,6876
14755,6877
14756,6875
14757,6879
14758,6880
14759,6881
14760,6882
14761,6883
14762,6883
14763,6883
14764,6884
14765,6885
14766,6885
14767,6888
14768,6887
14769,6888
14770,6889
14771,6889
14772,6890
14773,6890
14774,6892
14775,6894
14776,6894
14777,6893
14778,6895
14779,6897
14780,6898
14781,6898
14782,6898
14783,6898
14784,6898
14785,6899
14786,6900
14787,6900
14788,6900
14789,6900
14790,6901
14791,6901
14792,6901
14793,6902
14794,6905
14795,6905
14796,6907
14797,6909
14798,6910
14799,6912
14800,6912
14801,6913
14802,6914
14803,6913
14804,6915
14805,6915
14806,6915
14807,6916
14808,6917
14809,6917
14810,6917
14811,6918
14812,6920
14813,6920
14814,6920
14815,6920
14816,6921
14817,6921
14818,6923
14819,6924
14820,6925
14821,6925
14822,6926
14823,6927
14824,6928
14825,6929
14826,6929
14827,6929
14828,6929
14829,6929
14830,6931
14831,6930
14832,6932
14833,6932
14834,6932
14835,6932
14836,6932
14837,6933
14838,6933
14839,6934
14840,6934
14841,6935
14842,6935
14843,6935
14844,6936
14845,6937
14846,6937
14847,6938
14848,6939
14849,6939
14850,6940
14851,6941
14852,6941
14853,6942
14854,6942
14855,6942
14856,6942
14857,6945
14858,6945
14859,6946
14860,6946
14861,6947
14862,6947
14863,6947
14864,6950
14865,6948
14866,6952
14867,6951
14868,6954
14869,6955
14870,6956
14871,6956
14872,6956
14873,6956
14874,6957
14875,6958
14876,6958
14877,6959
14878,6958
14879,6962
14880,6962
14881,6962
14882,6960
14883,6960
14884,6963
14885,6963
14886,6964
14887,6965
14888,6965
14889,6965
14890,6966
14891,6967
14892,6967
14893,6967
14894,6968
14895,6969
14896,6971
14897,6970
14898,6970
14899,6970
14900,6971
14901,6970
14902,6970
14903,6972
14904,6972
14905,6972
14906,6973
14907,6973
14908,6974
14909,6974
14910,6974
14911,6975
14912,6977
14913,6976
14914,6978
14915,6979
14916,6981
14917,6982
14918,6982
14919,6983
14920,6984
14921,6984
14922,6985
14923,6986
14924,6987
14925,6988
14926,6989
14927,6989
14928,6990
14929,6990
14930,6990
14931,6991
14932,6991
14933,6992
14934,6994
14935,6994
14936,6994
14937,6995
14938,6996
14939,6996
14940,6997
14941,6997
14942,6997
14943,6997
14944,6997
14945,6997
14946,6998
14947,6998
14948,6998
14949,6998
14950,6998
14951,6998
14952,6998
14953,6999
14954,7000
14955,7000
14956,6999
14957,7000
14958,7000
14959,7001
14960,7001
14961,7001
14962,7001
14963,7002
14964,7002
14965,7002
14966,7003
14967,7003
14968,7004
14969,7004
14970,7004
14971,7004
14972,7004
14973,7004
14974,7004
14975,7004
14976,7004
14977,7004
14978,7005
14979,7005
14980,7005
14981,7005
14982,7006
14983,7007
14984,7007
14985,7007
14986,7007
14987,7007
14988,7008
14989,7008
14990,7008
14991,7009
14992,7011
14993,7012
14994,7012
14995,7012
14996,7012
14997,7013
14998,7013
14999,7014
15000,7014
15001,7014
15002,7015
15003,7017
15004,7016
15005,7018
15006,7019
15007,7020
15008,7021
15009,7021
15010,7021
15011,7021
15012,7021
15013,7021
15014,7023
15015,7023
15016,7022
15017,7024
15018,7025
15019,7025
15020,7025
15021,7025
15022,7025
15023,7025
15024,7025
15025,7026
15026,7028
15027,7026
15028,7029
15029,7030
15030,7030
15031,7030
15032,7030
15033,7031
15034,7031
15035,7031
15036,7031
15037,7031
15038,7032
15039,7032
15040,7032
15041,7032
15042,7033
15043,7035
15044,7035
15045,7035
15046,7037
15047,7038
15048,7038
15049,7038
15050,7039
15051,7039
15052,7041
15053,7041
15054,7042
15055,7042
15056,7043
15057,7042
15058,7044
15059,7045
15060,7046
15061,7046
15062,7047
15063,7047
15064,7047
15065,7047
15066,7048
15067,7050
15068,7051
15069,7051
15070,7052
15071,7052
15072,7053
15073,7053
15074,7053
15075,7055
15076,7054
15077,7055
15078,7054
15079,7056
15080,7058
15081,7060
15082,7060
15083,7061
15084,7061
15085,7061
15086,7062
15087,7062
15088,7062
15089,7062
15090,7063
15091,7065
15092,7065
15093,7065
15094,7065
15095,7066
15096,7067
15097,7068
15098,7069
15099,7069
15100,7071
15101,7071
15102,7070
15103,7074
15104,7072
15105,7074
15106,7077
15107,7076
15108,7078
15109,7078
15110,7078
15111,7078
15112,7079
15113,7079
15114,7080
15115,7081
15116,7081
15117,7082
15118,7083
15119,7083
15120,7083
15121,7083
15122,7084
15123,7085
15124,7085
15125,7088
15126,7087
15127,7089
15128,7090
15129,7091
15130,7091
15131,7091
15132,7092
15133,7092
15134,7092
15135,7092
15136,7092
15137,7093
15138,7093
15139,7093
15140,7093
15141,7093
15142,7094
15143,7095
15144,7095
15145,7095
15146,7095
15147,7095
15148,7096
15149,7096
15150,7096
15151,7096
15152,7096
15153,7097
15154,7097
15155,7097
15156,7098
15157,7099
15158,7099
15159,7100
15160,7102
15161,7101
15162,7103
15163,7103
15164,7103
15165,7104
15166,7105
15167,7106
15168,7106
15169,7107
15170,7108
15171,7108
15172,7109
15173,7109
15174,7109
15175,7109
15176,7109
15177,7109
15178,7109
15179,7110
15180,7110
15181,7110
15182,7110
15183,7110
15184,7111
15185,7111
15186,7112
15187,7112
15188,7112
15189,7113
15190,7113
15191,7113
15192,7113
15193,7116
15194,7115
15195,7114
15196,7116
15197,7114
15198,7115
15199,7114
15200,7115
15201,7117
15202,7117
15203,7117
15204,7118
15205,7119
15206,7118
15207,7118
15208,7120
15209,7120
15210,7120
15211,7120
15212,7121
15213,7121
15214,7122
15215,7122
15216,7123
15217,7124
15218,7124
15219,7125
15220,7126
15221,7126
15222,7127
15223,7129
15224,7128
15225,7130
15226,7128
15227,7130
15228,7129
15229,7129
15230,7131
15231,7132
15232,7133
15233,7134
15234,7135
15235,7136
15236,7136
15237,7138
15238,7137
15239,7137
15240,7138
15241,7137
15242,7138
15243,7139
15244,7140
15245,7142
15246,7142
15247,7142
15248,7143
15249,7144
15250,7144
15251,7144
15252,7144
15253,7144
15254,7146
15255,7147
15256,7147
15257,7148
15258,7149
15259,7149
15260,7149
15261,7150
15262,7150
15263,7150
15264,7151
15265,7153
15266,7153
15267,7153
15268,7154
15269,7156
15270,7157
15271,7157
15272,7158
15273,7159
15274,7162
15275,7160
15276,7162
15277,7164
15278,7166
15279,7166
15280,7166
15281,7166
15282,7167
15283,7168
15284,7168
15285,7169
15286,7169
15287,7170
15288,7170
15289,7169
15290,7170
15291,7172
15292,7173
15293,7173
15294,7174
15295,7174
15296,7175
15297,7175
15298,7175
15299,7176
15300,7176
15301,7176
15302,7176
15303,7178
15304,7178
15305,7177
15306,7177
15307,7177
15308,7178
15309,7177
15310,7178
15311,7177
15312,7180
15313,7179
15314,7182
15315,7184
15316,7184
15317,7184
15318,7184
15319,7184
15320,7186
15321,7185
15322,7185
15323,7185
15324,7186
15325,7188
15326,7188
15327,7188
15328,7188
15329,7189
15330,7189
15331,7190
15332,7190
15333,7190
15334,7190
15335,7190
15336,7191
15337,7191
15338,7191
15339,7192
15340,7192
15341,7193
15342,7195
15343,7196
15344,7199
15345,7199
15346,7198
15347,7200
15348,7201
15349,7201
15350,7201
15351,7200
15352,7201
15353,7201
15354,7200
15355,7201
15356,7201
15357,7201
15358,7201
15359,7200
15360,7201
15361,7202
15362,7202
15363,7204
15364,7205
15365,7205
15366,7205
15367,7206
15368,7206
15369,7206
15370,7207
15371,7207
15372,7207
15373,7208
15374,7209
15375,7209
15376,7210
15377,7211
15378,7213
15379,7214
15380,7215
15381,7215
15382,7215
15383,7216
15384,7216
15385,7217
15386,7219
15387,7221
15388,7221
15389,7221
15390,7222
15391,7222
15392,7223
15393,7224
15394,7224
15395,7225
15396,7225
15397,7225
15398,7226
15399,7226
15400,7229
15401,7230
15402,7231
15403,7231
15404,7232
15405,7232
15406,7233
15407,7233
15408,7235
15409,7236
15410,7236
15411,7236
15412,7236
15413,7236
15414,7236
15415,7236
15416,7236
15417,7237
15418,7238
15419,7239
15420,7239
15421,7239
15422,7240
15423,7241
15424,7242
15425,7242
15426,7243
15427,7244
15428,7244
15429,7244
15430,7246
15431,7249
15432,7248
15433,7250
15434,7251
15435,7252
15436,7252
15437,7252
15438,7254
15439,7254
15440,7254
15441,7255
15442,7255
15443,7255
15444,7256
15445,7256
15446,7256
15447,7257
15448,7258
15449,7258
15450,7259
15451,7261
15452,7262
15453,7263
15454,7263
15455,7263
15456,7263
15457,7263
15458,7263
15459,7264
15460,7264
15461,7264
15462,7264
15463,7265
15464,7265
15465,7266
15466,7266
15467,7266
15468,7266
15469,7266
15470,7266
15471,7266
15472,7267
15473,7267
15474,7267
15475,7268
15476,7268
15477,7268
15478,7270
15479,7272
15480,7272
15481,7273
15482,7273
15483,7275
15484,7276
15485,7276
15486,7277
15487,7277
15488,7278
15489,7278
15490,7279
15491,7280
15492,7280
15493,7280
15494,7280
15495,7280
15496,7280
15497,7280
15498,7280
15499,7280
15500,7281
15501,7281
15502,7281
15503,7283
15504,7283
15505,7282
15506,7282
15507,7285
15508,7284
15509,7287
15510,7287
15511,7286
15512,7288
15513,7287
15514,7290
15515,7292
15516,7292
15517,7293
15518,7293
15519,7293
15520,7293
15521,7293
15522,7293
15523,7293
15524,7293
15525,7293
15526,7295
15527,7297
15528,7297
15529,7298
15530,7298
15531,7298
15532,7299
15533,7299
15534,7299
15535,7299
15536,7301
15537,7301
15538,7300
15539,7300
15540,7302
15541,7304
15542,7304
15543,7306
15544,7308
15545,7307
15546,7308
15547,7308
15548,7308
15549,7307
15550,7309
15551,7309
15552,7309
15553,7312
15554,7311
15555,7310
15556,7315
15557,7314
15558,7315
15559,7314
15560,7315
15561,7315
15562,7315
15563,7315
15564,7316
15565,7316
15566,7317
15567,7318
15568,7319
15569,7319
15570,7319
15571,7320
15572,7320
15573,7321
15574,7321
15575,7321
15576,7321
15577,7321
15578,7322
15579,7322
15580,7322
15581,7322
15582,7323
15583,7324
15584,7324
15585,7326
15586,7327
15587,7328
15588,7329
15589,7329
15590,7329
15591,7329
15592,7330
15593,7332
15594,7331
15595,7335
15596,7334
15597,7334
15598,7336
15599,7336
15600,7336
15601,7336
15602,7336
15603,7336
15604,7336
15605,7336
15606,7336
15607,7337
15608,7339
15609,7339
15610,7339
15611,7339
15612,7338
15613,7340
15614,7340
15615,7340
15616,7340
15617,7340
15618,7341
15619,7341
15620,7341
15621,7341
15622,7343
15623,7342
15624,7343
15625,7342
15626,7343
15627,7343
15628,7344
15629,7345
15630,7346
15631,7347
15632,7347
15633,7347
15634,7347
15635,7348
15636,7350
15637,7351
15638,7353
15639,7353
15640,7353
15641,7353
15642,7353
15643,7353
15644,7353
15645,7353
15646,7353
15647,7353
15648,7354
15649,7355
15650,7356
15651,7356
15652,7358
15653,7358
15654,7357
15655,7357
15656,7357
15657,7357
15658,7358
15659,7358
15660,7357
15661,7358
15662,7359
15663,7359
15664,7359
15665,7359
15666,7359
15667,7359
15668,7360
15669,7360
15670,7360
15671,7360
15672,7360
15673,7360
15674,7360
15675,7360
15676,7361
15677,7361
15678,7361
15679,7361
15680,7362
15681,7364
15682,7364
15683,7365
15684,7365
15685,7365
15686,7365
15687,7366
15688,7367
15689,7367
15690,7367
15691,7368
15692,7368
15693,7368
15694,7369
15695,7369
15696,7370
15697,7371
15698,7371
15699,7371
15700,7371
15701,7371
15702,7371
15703,7371
15704,7371
15705,7371
15706,7372
15707,7372
15708,7373
15709,7373
15710,7373
15711,7373
15712,7373
15713,7374
15714,7374
15715,7374
15716,7374
15717,7374
15718,7374
15719,7376
15720,7376
15721,7376
15722,7376
15723,7376
15724,7375
15725,7376
15726,7377
15727,7378
15728,7378
15729,7379
15730,7379
15731,7379
15732,7379
15733,7379
15734,7379
15735,7379
15736,7380
15737,7382
15738,7383
15739,7385
15740,7386
15741,7386
15742,7386
15743,7387
15744,7387
15745,7387
15746,7388
15747,7388
15748,7388
15749,7391
15750,7392
15751,7392
15752,7392
15753,7392
15754,7392
15755,7392
15756,7392
15757,7392
15758,7392
15759,7392
15760,7394
15761,7394
15762,7396
15763,7398
15764,7398
15765,7398
15766,7399
15767,7400
15768,7400
15769,7400
15770,7400
15771,7400
15772,7400
15773,7400
15774,7400
15775,7401
15776,7404
15777,7404
15778,7405
15779,7405
15780,7405
15781,7406
15782,7406
15783,7407
15784,7408
15785,7409
15786,7410
15787,7411
15788,7412
15789,7413
15790,7413
15791,7413
15792,7413
15793,7415
15794,7415
15795,7416
15796,7417
15797,7417
15798,7417
15799,7418
15800,7418
15801,7418
15802,7419
15803,7420
15804,7421
15805,7421
15806,7421
15807,7422
15808,7422
15809,7422
15810,7422
15811,7423
15812,7424
15813,7424
15814,7424
15815,7424
15816,7424
15817,7425
15818,7426
15819,7427
15820,7427
15821,7428
15822,7428
15823,7429
15824,7429
15825,7431
15826,7433
15827,7433
15828,7435
15829,7435
15830,7436
15831,7436
15832,7437
15833,7438
15834,7439
15835,7439
15836,7439
15837,7439
15838,7439
15839,7439
15840,7440
15841,7440
15842,7441
15843,7441
15844,7441
15845,7443
15846,7443
15847,7443
15848,7444
15849,7444
15850,7445
15851,7448
15852,7447
15853,7447
15854,7448
15855,7446
15856,7449
15857,7451
15858,7451
15859,7451
15860,7452
15861,7455
15862,7457
15863,7455
15864,7458
15865,7458
15866,7458
15867,7459
15868,7460
15869,7460
15870,7460
15871,7460
15872,7460
15873,7460
15874,7462
15875,7462
15876,7463
15877,7464
15878,7464
15879,7464
15880,7464
15881,7464
15882,7464
15883,7464
15884,7464
15885,7464
15886,7466
15887,7465
15888,7467
15889,7468
15890,7468
15891,7469
15892,7472
15893,7472
15894,7474
15895,7475
15896,7475
15897,7473
15898,7477
15899,7479
15900,7480
15901,7480
15902,7480
15903,7480
15904,7480
15905,7480
15906,7480
15907,7480
15908,7481
15909,7481
15910,7481
15911,7481
15912,7481
15913,7481
15914,7481
15915,7481
15916,7481
15917,7482
15918,7482
15919,7484
15920,7486
15921,7485
15922,7487
15923,7487
15924,7487
15925,7487
15926,7488
15927,7488
15928,7488
15929,7488
15930,7488
15931,7489
15932,7490
15933,7491
15934,7493
15935,7493
15936,7494
15937,7494
15938,7496
15939,7496
15940,7496
15941,7498
15942,7498
15943,7499
15944,7500
15945,7500
15946,7503
15947,7501
15948,7502
15949,7502
15950,7502
15951,7502
15952,7502
15953,7504
15954,7505
15955,7505
15956,7505
15957,7505
15958,7505
15959,7505
15960,7506
15961,7506
15962,7507
15963,7508
15964,7508
15965,7508
15966,7509
15967,7510
15968,7510
15969,7510
15970,7511
15971,7511
15972,7511
15973,7511
15974,7513
15975,7512
15976,7512
15977,7513
15978,7512
15979,7513
15980,7514
15981,7514
15982,7514
15983,7514
15984,7514
15985,7514
15986,7516
15987,7517
15988,7518
15989,7518
15990,7519
15991,7519
15992,7519
15993,7519
15994,7519
15995,7519
15996,7520
15997,7520
15998,7521
15999,7521
16000,7521
16001,7521
16002,7521
16003,7521
16004,7522
16005,7522
16006,7523
16007,7524
16008,7524
16009,7524
16010,7524
16011,7525
16012,7525
16013,7525
16014,7526
16015,7526
16016,7527
16017,7528
16018,7529
16019,7530
16020,7530
16021,7530
16022,7531
16023,7531
16024,7532
16025,7532
16026,7533
16027,7533
16028,7533
16029,7534
16030,7534
16031,7534
16032,7536
16033,7537
16034,7537
16035,7537
16036,7538
16037,7538
16038,7539
16039,7540
16040,7540
16041,7540
16042,7541
16043,7542
16044,7543
16045,7543
16046,7544
16047,7544
16048,7545
16049,7546
16050,7546
16051,7547
16052,7548
16053,7549
16054,7550
16055,7550
16056,7551
16057,7552
16058,7553
16059,7553
16060,7554
16061,7554
16062,7555
16063,7555
16064,7555
16065,7555
16066,7555
16067,7555
16068,7556
16069,7556
16070,7556
16071,7557
16072,7557
16073,7557
16074,7558
16075,7559
16076,7559
16077,7561
16078,7561
16079,7562
16080,7561
16081,7561
16082,7561
16083,7561
16084,7563
16085,7566
16086,7566
16087,7567
16088,7568
16089,7568
16090,7568
16091,7568
16092,7568
16093,7569
16094,7569
16095,7570
16096,7570
16097,7573
16098,7572
16099,7574
16100,7575
16101,7575
16102,7575
16103,7576
16104,7576
16105,7576
16106,7576
16107,7576
16108,7577
16109,7577
16110,7578
16111,7579
16112,7580
16113,7580
16114,7580
16115,7581
16116,7581
16117,7581
16118,7580
16119,7581
16120,7580
16121,7582
16122,7585
16123,7586
16124,7587
16125,7587
16126,7587
16127,7587
16128,7587
16129,7587
16130,7587
16131,7587
16132,7587
16133,7588
16134,7588
16135,7588
16136,7589
16137,7591
16138,7591
16139,7590
16140,7593
16141,7593
16142,7593
16143,7593
16144,7593
16145,7594
16146,7594
16147,7594
16148,7594
16149,7594
16150,7594
16151,7594
16152,7594
16153,7595
16154,7595
16155,7596
16156,7597
16157,7597
16158,7597
16159,7598
16160,7598
16161,7598
16162,7600
16163,7601
16164,7602
16165,7605
16166,7605
16167,7606
16168,7606
16169,7607
16170,7607
16171,7607
16172,7609
16173,7610
16174,7611
16175,7611
16176,7611
16177,7612
16178,7612
16179,7612
16180,7612
16181,7612
16182,7612
16183,7614
16184,7614
16185,7613
16186,7616
16187,7617
16188,7619
16189,7619
16190,7619
16191,7619
16192,7620
16193,7621
16194,7621
16195,7621
16196,7621
16197,7621
16198,7622
16199,7622
16200,7623
16201,7623
16202,7623
16203,7623
16204,7623
16205,7625
16206,7626
16207,7626
16208,7627
16209,7628
16210,7629
16211,7630
16212,7630
16213,7632
16214,7631
16215,7631
16216,7633
16217,7633
16218,7633
16219,7633
16220,7634
16221,7634
16222,7634
16223,7634
16224,7634
16225,7634
16226,7634
16227,7634
16228,7634
16229,7634
16230,7634
16231,7635
16232,7636
16233,7636
16234,7637
16235,7638
16236,7639
16237,7639
16238,7639
16239,7640
16240,7640
16241,7642
16242,7643
16243,7644
16244,7644
16245,7644
16246,7644
16247,7645
16248,7645
16249,7646
16250,7646
16251,7646
16252,7646
16253,7646
16254,7647
16255,7648
16256,7649
16257,7649
16258,7649
16259,7649
16260,7649
16261,7649
16262,7649
16263,7650
16264,7650
16265,7651
16266,7651
16267,7652
16268,7652
16269,7652
16270,7652
16271,7652
16272,7653
16273,7654
16274,7654
16275,7654
16276,7654
16277,7654
16278,7655
16279,7655
16280,7655
16281,7655
16282,7655
16283,7655
16284,7655
16285,7656
16286,7657
16287,7658
16288,7661
16289,7662
16290,7666
16291,7664
16292,7667
16293,7668
16294,7668
16295,7668
16296,7669
16297,7669
16298,7669
16299,7670
16300,7671
16301,7671
16302,7671
16303,7671
16304,7671
16305,7671
16306,7672
16307,7672
16308,7672
16309,7672
16310,7675
16311,7675
16312,7674
16313,7674
16314,7676
16315,7676
16316,7677
16317,7678
16318,7679
16319,7679
16320,7679
16321,7679
16322,7679
16323,7680
16324,7680
16325,7680
16326,7680
16327,7681
16328,7683
16329,7683
16330,7685
16331,7685
16332,7684
16333,7686
16334,7686
16335,7684
16336,7685
16337,7686
16338,7687
16339,7688
16340,7688
16341,7688
16342,7688
16343,7688
16344,7688
16345,7689
16346,7690
16347,7692
16348,7692
16349,7692
16350,7693
16351,7693
16352,7693
16353,7693
16354,7694
16355,7694
16356,7694
16357,7694
16358,7694
16359,7695
16360,7696
16361,7697
16362,7698
16363,7698
16364,7698
16365,7699
16366,7699
16367,7700
16368,7704
16369,7703
16370,7704
16371,7703
16372,7704
16373,7705
16374,7705
16375,7707
16376,7707
16377,7707
16378,7708
16379,7708
16380,7708
16381,7710
16382,7710
16383,7710
16384,7712
16385,7715
16386,7716
16387,7716
16388,7715
16389,7715
16390,7715
16391,7715
16392,7715
16393,7717
16394,7718
16395,7718
16396,7718
16397,7721
16398,7721
16399,7721
16400,7722
16401,7723
16402,7724
16403,7725
16404,7725
16405,7725
16406,7725
16407,7725
16408,7726
16409,7728
16410,7728
16411,7727
16412,7727
16413,7727
16414,7727
16415,7729
16416,7729
16417,7730
16418,7730
16419,7731
16420,7731
16421,7731
16422,7731
16423,7732
16424,7732
16425,7732
16426,7733
16427,7733
16428,7734
16429,7734
16430,7735
16431,7736
16432,7735
16433,7736
16434,7735
16435,7735
16436,7736
16437,7736
16438,7735
16439,7736
16440,7735
16441,7737
16442,7737
16443,7737
16444,7738
16445,7739
16446,7739
16447,7740
16448,7741
16449,7742
16450,7744
16451,7744
16452,7744
16453,7746
16454,7746
16455,7747
16456,7748
16457,7748
16458,7748
16459,7748
16460,7749
16461,7749
16462,7750
16463,7750
16464,7751
16465,7751
16466,7751
16467,7752
16468,7753
16469,7754
16470,7755
16471,7755
16472,7755
16473,7755
16474,7756
16475,7756
16476,7756
16477,7756
16478,7758
16479,7758
16480,7758
16481,7759
16482,7759
16483,7760
16484,7760
16485,7760
16486,7761
16487,7761
16488,7761
16489,7761
16490,7762
16491,7762
16492,7762
16493,7762
16494,7764
16495,7764
16496,7763
16497,7763
16498,7763
16499,7763
16500,7764
16501,7765
16502,7765
16503,7766
16504,7767
16505,7767
16506,7767
16507,7769
16508,7768
16509,7769
16510,7770
16511,7770
16512,7772
16513,7772
16514,7772
16515,7772
16516,7773
16517,7773
16518,7774
16519,7775
16520,7776
16521,7776
16522,7776
16523,7778
16524,7779
16525,7779
16526,7779
16527,7780
16528,7780
16529,7780
16530,7780
16531,7781
16532,7781
16533,7782
16534,7782
16535,7782
16536,7782
16537,7782
16538,7782
16539,7782
16540,7783
16541,7783
16542,7783
16543,7784
16544,7785
16545,7788
16546,7788
16547,7789
16548,7789
16549,7790
16550,7790
16551,7791
16552,7793
16553,7793
16554,7793
16555,7791
16556,7792
16557,7792
16558,7792
16559,7792
16560,7793
16561,7794
16562,7794
16563,7794
16564,7797
16565,7798
16566,7798
16567,7798
16568,7798
16569,7798
16570,7798
16571,7798
16572,7798
16573,7799
16574,7799
16575,7799
16576,7799
16577,7799
16578,7799
16579,7799
16580,7799
16581,7801
16582,7801
16583,7800
16584,7801
16585,7802
16586,7802
16587,7802
16588,7802
16589,7803
16590,7803
16591,7803
16592,7803
16593,7804
16594,7804
16595,7804
16596,7804
16597,7806
16598,7807
16599,7809
16600,7809
16601,7810
16602,7811
16603,7811
16604,7811
16605,7811
16606,7811
16607,7811
16608,7811
16609,7811
16610,7812
16611,7812
16612,7812
16613,7813
16614,7813
16615,7813
16616,7814
16617,7814
16618,7817
16619,7815
16620,7816
16621,7817
16622,7817
16623,7819
16624,7818
16625,7822
16626,7822
16627,7821
16628,7822
16629,7821
16630,7822
16631,7824
16632,7824
16633,7824
16634,7824
16635,7824
16636,7825
16637,7825
16638,7825
16639,7828
16640,7828
16641,7830
16642,7830
16643,7829
16644,7829
16645,7832
16646,7832
16647,7832
16648,7832
16649,7832
16650,7833
16651,7833
16652,7833
16653,7833
16654,7833
16655,7833
16656,7833
16657,7834
16658,7835
16659,7836
16660,7837
16661,7837
16662,7837
16663,7838
16664,7840
16665,7839
16666,7841
16667,7841
16668,7841
16669,7841
16670,7841
16671,7841
16672,7841
16673,7841
16674,7841
16675,7841
16676,7842
16677,7843
16678,7843
16679,7843
16680,7843
16681,7846
16682,7845
16683,7844
16684,7847
16685,7848
16686,7848
16687,7849
16688,7849
16689,7849
16690,7849
16691,7850
16692,7851
16693,7851
16694,7851
16695,7851
16696,7851
16697,7852
16698,7853
16699,7855
16700,7856
16701,7856
16702,7856
16703,7856
16704,7856
16705,7856
16706,7856
16707,7856
16708,7856
16709,7857
16710,7857
16711,7857
16712,7857
16713,7857
16714,7857
16715,7857
16716,7857
16717,7857
16718,7857
16719,7858
16720,7861
16721,7861
16722,7861
16723,7861
16724,7862
16725,7862
16726,7863
16727,7864
16728,7865
16729,7865
16730,7866
16731,7867
16732,7867
16733,7868
16734,7868
16735,7870
16736,7869
16737,7871
16738,7870
16739,7872
16740,7872
16741,7872
16742,7872
16743,7873
16744,7874
16745,7875
16746,7875
16747,7875
16748,7875
16749,7875
16750,7875
16751,7876
16752,7876
16753,7877
16754,7878
16755,7879
16756,7879
16757,7879
16758,7880
16759,7880
16760,7881
16761,7883
16762,7885
16763,7886
16764,7885
16765,7886
16766,7888
16767,7889
16768,7889
16769,7889
16770,7889
16771,7889
16772,7890
16773,7891
16774,7892
16775,7892
16776,7893
16777,7893
16778,7894
16779,7895
16780,7897
16781,7897
16782,7897
16783,7898
16784,7899
16785,7900
16786,7901
16787,7901
16788,7903
16789,7901
16790,7903
16791,7902
16792,7906
16793,7907
16794,7907
16795,7907
16796,7909
16797,7911
16798,7911
16799,7911
16800,7911
16801,7912
16802,7912
16803,7912
16804,7913
16805,7913
16806,7913
16807,7913
16808,7914
16809,7914
16810,7914
16811,7914
16812,7916
16813,7917
16814,7919
16815,7920
16816,7922
16817,7923
16818,7923
16819,7923
16820,7923
16821,7923
16822,7923
16823,7923
16824,7923
16825,7923
16826,7923
16827,7923
16828,7924
16829,7924
16830,7924
16831,7925
16832,7925
16833,7927
16834,7926
16835,7929
16836,7929
16837,7930
16838,7931
16839,7931
16840,7932
16841,7935
16842,7934
16843,7935
16844,7936
16845,7936
16846,7937
16847,7937
16848,7937
16849,7937
16850,7937
16851,7938
16852,7939
16853,7939
16854,7939
16855,7939
16856,7939
16857,7940
16858,7940
16859,7940
16860,7940
16861,7940
16862,7940
16863,7940
16864,7940
16865,7941
16866,7941
16867,7942
16868,7942
16869,7942
16870,7942
16871,7942
16872,7942
16873,7942
16874,7942
16875,7942
16876,7942
16877,7943
16878,7943
16879,7944
16880,7944
16881,7944
16882,7944
16883,7946
16884,7948
16885,7947
16886,7947
16887,7949
16888,7949
16889,7949
16890,7950
16891,7950
16892,7950
16893,7951
16894,7953
16895,7953
16896,7956
16897,7957
16898,7957
16899,7957
16900,7958
16901,7958
16902,7959
16903,7960
16904,7960
16905,7961
16906,7961
16907,7961
16908,7962
16909,7963
16910,7965
16911,7965
16912,7963
16913,7967
16914,7966
16915,7968
16916,7968
16917,7968
16918,7968
16919,7969
16920,7969
16921,7969
16922,7969
16923,7969
16924,7969
16925,7970
16926,7970
16927,7972
16928,7971
16929,7973
16930,7973
16931,7973
16932,7973
16933,7974
16934,7976
16935,7976
16936,7977
16937,7978
16938,7978
16939,7978
16940,7979
16941,7982
16942,7982
16943,7982
16944,7982
16945,7982
16946,7982
16947,7983
16948,7983
16949,7985
16950,7987
16951,7987
16952,7987
16953,7987
16954,7987
16955,7987
16956,7987
16957,7988
16958,7988
16959,7991
16960,7993
16961,7993
16962,7993
16963,7992
16964,7992
16965,7994
16966,7993
16967,7993
16968,7995
16969,7995
16970,7996
16971,7997
16972,7997
16973,7997
16974,7997
16975,7997
16976,7997
16977,7998
16978,7999
16979,8000
16980,8000
16981,8001
16982,8001
16983,8001
16984,8001
16985,8002
16986,8002
16987,8003
16988,8003
16989,8003
16990,8003
16991,8003
16992,8004
16993,8004
16994,8005
16995,8008
16996,8008
16997,8009
16998,8009
16999,8010
17000,8010
17001,8012
17002,8011
17003,8013
17004,8013
17005,8013
17006,8013
17007,8013
17008,8014
17009,8015
17010,8014
17011,8014
17012,8015
17013,8016
17014,8016
17015,8017
17016,8017
17017,8017
17018,8019
17019,8019
17020,8021
17021,8022
17022,8022
17023,8023
17024,8026
17025,8026
17026,8025
17027,8025
17028,8027
17029,8030
17030,8030
17031,8029
17032,8031
17033,8033
17034,8034
17035,8034
17036,8034
17037,8035
17038,8036
17039,8038
17040,8038
17041,8038
17042,8038
17043,8038
17044,8039
17045,8039
17046,8039
17047,8039
17048,8040
17049,8041
17050,8041
17051,8041
17052,8041
17053,8041
17054,8042
17055,8042
17056,8043
17057,8043
17058,8043
17059,8043
17060,8043
17061,8044
17062,8044
17063,8044
17064,8044
17065,8045
17066,8046
17067,8046
17068,8046
17069,8046
17070,8046
17071,8046
17072,8046
17073,8046
17074,8046
17075,8047
17076,8048
17077,8048
17078,8048
17079,8048
17080,8048
17081,8048
17082,8049
17083,8049
17084,8049
17085,8050
17086,8050
17087,8050
17088,8050
17089,8051
17090,8051
17091,8051
17092,8051
17093,8051
17094,8051
17095,8051
17096,8052
17097,8053
17098,8053
17099,8054
17100,8054
17101,8054
17102,8054
17103,8055
17104,8055
17105,8055
17106,8055
17107,8057
17108,8057
17109,8058
17110,8059
17111,8059
17112,8059
17113,8059
17114,8060
17115,8061
17116,8062
17117,8063
17118,8065
17119,8066
17120,8067
17121,8067
17122,8068
17123,8069
17124,8069
17125,8069
17126,8069
17127,8069
17128,8069
17129,8070
17130,8070
17131,8071
17132,8072
17133,8072
17134,8072
17135,8073
17136,8073
17137,8073
17138,8073
17139,8073
17140,8073
17141,8073
17142,8074
17143,8076
17144,8076
17145,8075
17146,8077
17147,8078
17148,8078
17149,8079
17150,8079
17151,8079
17152,8080
17153,8083
17154,8083
17155,8083
17156,8083
17157,8083
17158,8084
17159,8085
17160,8086
17161,8086
17162,8086
17163,8087
17164,8088
17165,8090
17166,8091
17167,8091
17168,8091
17169,8091
17170,8091
17171,8091
17172,8092
17173,8093
17174,8094
17175,8096
17176,8097
17177,8097
17178,8097
17179,8097
17180,8097
17181,8097
17182,8097
17183,8097
17184,8097
17185,8097
17186,8098
17187,8099
17188,8098
17189,8101
17190,8101
17191,8102
17192,8104
17193,8104
17194,8105
17195,8105
17196,8105
17197,8105
17198,8105
17199,8105
17200,8106
17201,8106
17202,8107
17203,8109
17204,8109
17205,8109
17206,8110
17207,8110
17208,8110
17209,8111
17210,8111
17211,8114
17212,8114
17213,8113
17214,8112
17215,8112
17216,8112
17217,8115
17218,8116
17219,8116
17220,8117
17221,8118
17222,8118
17223,8118
17224,8118
17225,8119
17226,8119
17227,8119
17228,8119
17229,8119
17230,8120
17231,8120
17232,8120
17233,8120
17234,8120
17235,8121
17236,8121
17237,8122
17238,8124
17239,8124
17240,8124
17241,8126
17242,8125
17243,8127
17244,8127
17245,8128
17246,8128
17247,8128
17248,8128
17249,8128
17250,8128
17251,8128
17252,8128
17253,8128
17254,8129
17255,8130
17256,8130
17257,8131
17258,8131
17259,8132
17260,8132
17261,8132
17262,8132
17263,8132
17264,8132
17265,8132
17266,8132
17267,8133
17268,8133
17269,8133
17270,8133
17271,8134
17272,8134
17273,8134
17274,8135
17275,8137
17276,8138
17277,8139
17278,8143
17279,8143
17280,8143
17281,8141
17282,8143
17283,8141
17284,8144
17285,8144
17286,8144
17287,8145
17288,8146
17289,8147
17290,8149
17291,8150
17292,8151
17293,8152
17294,8152
17295,8152
17296,8152
17297,8152
17298,8153
17299,8154
17300,8154
17301,8155
17302,8155
17303,8155
17304,8155
17305,8156
17306,8157
17307,8158
17308,8158
17309,8158
17310,8158
17311,8158
17312,8159
17313,8159
17314,8160
17315,8160
17316,8160
17317,8161
17318,8161
17319,8162
17320,8162
17321,8162
17322,8163
17323,8164
17324,8165
17325,8165
17326,8166
17327,8166
17328,8166
17329,8167
17330,8167
17331,8167
17332,8168
17333,8168
17334,8168
17335,8168
17336,8168
17337,8168
17338,8168
17339,8168
17340,8168
17341,8168
17342,8168
17343,8168
17344,8170
17345,8169
17346,8171
17347,8173
17348,8173
17349,8173
17350,8173
17351,8174
17352,8174
17353,8174
17354,8174
17355,8175
17356,8175
17357,8176
17358,8176
17359,8176
17360,8176
17361,8176
17362,8176
17363,8176
17364,8176
17365,8176
17366,8177
17367,8177
17368,8177
17369,8177
17370,8178
17371,8181
17372,8181
17373,8181
17374,8181
17375,8181
17376,8182
17377,8183
17378,8184
17379,8185
17380,8185
17381,8185
17382,8185
17383,8185
17384,8185
17385,8185
17386,8185
17387,8185
17388,8186
17389,8186
17390,8186
17391,8187
17392,8187
17393,8188
17394,8190
17395,8190
17396,8191
17397,8191
17398,8192
17399,8192
17400,8192
17401,8192
17402,8193
17403,8193
17404,8193
17405,8193
17406,8193
17407,8194
17408,8194
17409,8194
17410,8194
17411,8194
17412,8194
17413,8195
17414,8195
17415,8197
17416,8197
17417,8197
17418,8199
17419,8199
17420,8200
17421,8200
17422,8200
17423,8201
17424,8202
17425,8202
17426,8202
17427,8203
17428,8204
17429,8204
17430,8204
17431,8204
17432,8205
17433,8205
17434,8205
17435,8205
17436,8205
17437,8205
17438,8206
17439,8208
17440,8210
17441,8211
17442,8211
17443,8211
17444,8212
17445,8213
17446,8213
17447,8213
17448,8214
17449,8214
17450,8214
17451,8217
17452,8218
17453,8218
17454,8220
17455,8220
17456,8220
17457,8220
17458,8220
17459,8220
17460,8221
17461,8223
17462,8224
17463,8225
17464,8225
17465,8224
17466,8224
17467,8226
17468,8226
17469,8226
17470,8229
17471,8228
17472,8230
17473,8230
17474,8230
17475,8230
17476,8231
17477,8232
17478,8232
17479,8233
17480,8235
17481,8235
17482,8236
17483,8235
17484,8236
17485,8236
17486,8237
17487,8238
17488,8237
17489,8237
17490,8237
17491,8237
17492,8237
17493,8239
17494,8239
17495,8239
17496,8239
17497,8240
17498,8240
17499,8242
17500,8243
17501,8244
17502,8246
17503,8245
17504,8247
17505,8248
17506,8248
17507,8248
17508,8248
17509,8249
17510,8251
17511,8252
17512,8252
17513,8253
17514,8254
17515,8254
17516,8257
17517,8257
17518,8255
17519,8258
17520,8260
17521,8260
17522,8260
17523,8260
17524,8262
17525,8262
17526,8262
17527,8264
17528,8267
17529,8265
17530,8267
17531,8266
17532,8268
17533,8268
17534,8268
17535,8268
17536,8268
17537,8269
17538,8270
17539,8271
17540,8271
17541,8271
17542,8272
17543,8272
17544,8272
17545,8272
17546,8273
17547,8273
17548,8273
17549,8273
17550,8273
17551,8275
17552,8274
17553,8274
17554,8276
17555,8277
17556,8277
17557,8277
17558,8278
17559,8278
17560,8278
17561,8280
17562,8281
17563,8282
17564,8282
17565,8282
17566,8282
17567,8282
17568,8282
17569,8283
17570,8284
17571,8284
17572,8285
17573,8285
17574,8285
17575,8285
17576,8286
17577,8286
17578,8286
17579,8287
17580,8287
17581,8287
17582,8287
17583,8287
17584,8287
17585,8287
17586,8287
17587,8288
17588,8289
17589,8291
17590,8291
17591,8290
17592,8290
17593,8291
17594,8290
17595,8292
17596,8290
17597,8290
17598,8293
17599,8293
17600,8294
17601,8295
17602,8295
17603,8294
17604,8295
17605,8296
17606,8297
17607,8297
17608,8298
17609,8299
17610,8299
17611,8299
17612,8300
17613,8301
17614,8302
17615,8302
17616,8303
17617,8303
17618,8303
17619,8303
17620,8303
17621,8303
17622,8303
17623,8303
17624,8304
17625,8304
17626,8305
17627,8306
17628,8306
17629,8306
17630,8306
17631,8307
17632,8309
17633,8311
17634,8311
17635,8312
17636,8312
17637,8313
17638,8313
17639,8313
17640,8314
17641,8314
17642,8314
17643,8315
17644,8316
17645,8316
17646,8316
17647,8316
17648,8316
17649,8316
17650,8316
17651,8317
17652,8318
17653,8318
17654,8318
17655,8319
17656,8319
17657,8319
17658,8319
17659,8319
17660,8320
17661,8322
17662,8322
17663,8323
17664,8323
17665,8323
17666,8323
17667,8324
17668,8324
17669,8324
17670,8325
17671,8325
17672,8325
17673,8325
17674,8325
17675,8326
17676,8326
17677,8326
17678,8326
17679,8329
17680,8328
17681,8328
17682,8329
17683,8329
17684,8330
17685,8330
17686,8330
17687,8331
17688,8331
17689,8331
17690,8331
17691,8331
17692,8331
17693,8333
17694,8335
17695,8335
17696,8337
17697,8340
17698,8341
17699,8341
17700,8341
17701,8341
17702,8342
17703,8344
17704,8347
17705,8348
17706,8349
17707,8350
17708,8350
17709,8350
17710,8351
17711,8350
17712,8350
17713,8351
17714,8352
17715,8352
17716,8352
17717,8352
17718,8352
17719,8352
17720,8352
17721,8353
17722,8354
17723,8355
17724,8356
17725,8356
17726,8356
17727,8357
17728,8357
17729,8357
17730,8357
17731,8357
17732,8357
17733,8357
17734,8357
17735,8357
17736,8358
17737,8359
17738,8359
17739,8359
17740,8359
17741,8359
17742,8361
17743,8360
17744,8361
17745,8361
17746,8362
17747,8362
17748,8364
17749,8364
17750,8363
17751,8366
17752,8366
17753,8366
17754,8366
17755,8367
17756,8367
17757,8367
17758,8368
17759,8369
17760,8369
17761,8370
17762,8371
17763,8372
17764,8373
17765,8374
17766,8374
17767,8374
17768,8374
17769,8374
17770,8374
17771,8375
17772,8377
17773,8378
17774,8378
17775,8378
17776,8380
17777,8380
17778,8380
17779,8380
17780,8381
17781,8381
17782,8381
17783,8381
17784,8381
17785,8381
17786,8381
17787,8381
17788,8383
17789,8385
17790,8386
17791,8386
17792,8386
17793,8387
17794,8387
17795,8387
17796,8387
17797,8388
17798,8388
17799,8388
17800,8388
17801,8388
17802,8389
17803,8389
17804,8389
17805,8389
17806,8390
17807,8391
17808,8392
17809,8392
17810,8392
17811,8393
17812,8394
17813,8395
17814,8395
17815,8395
17816,8395
17817,8395
17818,8396
17819,8397
17820,8397
17821,8398
17822,8399
17823,8399
17824,8400
17825,8403
17826,8403
17827,8403
17828,8403
17829,8403
17830,8404
17831,8404
17832,8405
17833,8405
17834,8408
17835,8409
17836,8409
17837,8411
17838,8411
17839,8410
17840,8411
17841,8411
17842,8411
17843,8414
17844,8413
17845,8414
17846,8415
17847,8415
17848,8415
17849,8415
17850,8416
17851,8416
17852,8416
17853,8417
17854,8417
17855,8418
17856,8418
17857,8418
17858,8418
17859,8418
17860,8419
17861,8421
17862,8420
17863,8420
17864,8422
17865,8423
17866,8424
17867,8424
17868,8426
17869,8426
17870,8425
17871,8427
17872,8428
17873,8427
17874,8429
17875,8429
17876,8429
17877,8430
17878,8431
17879,8431
17880,8431
17881,8431
17882,8432
17883,8432
17884,8433
17885,8434
17886,8434
17887,8435
17888,8437
17889,8438
17890,8438
17891,8438
17892,8438
17893,8439
17894,8440
17895,8440
17896,8440
17897,8441
17898,8442
17899,8443
17900,8443
17901,8443
17902,8443
17903,8444
17904,8445
17905,8444
17906,8446
17907,8446
17908,8446
17909,8447
17910,8448
17911,8448
17912,8449
17913,8449
17914,8449
17915,8449
17916,8450
17917,8450
17918,8450
17919,8450
17920,8450
17921,8451
17922,8451
17923,8451
17924,8452
17925,8453
17926,8453
17927,8454
17928,8454
17929,8454
17930,8454
17931,8456
17932,8457
17933,8460
17934,8461
17935,8461
17936,8462
17937,8464
17938,8464
17939,8465
17940,8465
17941,8465
17942,8466
17943,8466
17944,8466
17945,8467
17946,8468
17947,8468
17948,8468
17949,8469
17950,8472
17951,8472
17952,8473
17953,8473
17954,8474
17955,8475
17956,8476
17957,8476
17958,8476
17959,8476
17960,8477
17961,8477
17962,8477
17963,8477
17964,8477
17965,8477
17966,8477
17967,8477
17968,8477
17969,8478
17970,8480
17971,8479
17972,8479
17973,8482
17974,8483
17975,8485
17976,8487
17977,8487
17978,8489
17979,8488
17980,8489
17981,8488
17982,8490
17983,8491
17984,8491
17985,8491
17986,8491
17987,8491
17988,8491
17989,8491
17990,8492
17991,8493
17992,8494
17993,8494
17994,8495
17995,8495
17996,8495
17997,8495
17998,8495
17999,8496
18000,8498
18001,8499
18002,8498
18003,8498
18004,8499
18005,8501
18006,8500
18007,8501
18008,8500
18009,8502
18010,8503
18011,8503
18012,8503
18013,8503
18014,8505
18015,8507
18016,8507
18017,8507
18018,8507
18019,8508
18020,8508
18021,8508
18022,8510
18023,8511
18024,8511
18025,8511
18026,8511
18027,8511
18028,8511
18029,8512
18030,8513
18031,8513
18032,8513
18033,8514
18034,8515
18035,8517
18036,8518
18037,8518
18038,8518
18039,8518
18040,8518
18041,8520
18042,8521
18043,8521
18044,8522
18045,8523
18046,8523
18047,8524
18048,8525
18049,8528
18050,8529
18051,8529
18052,8529
18053,8530
18054,8530
18055,8530
18056,8531
18057,8531
18058,8531
18059,8531
18060,8531
18061,8533
18062,8533
18063,8532
18064,8532
18065,8532
18066,8532
18067,8533
18068,8533
18069,8535
18070,8535
18071,8535
18072,8535
18073,8535
18074,8535
18075,8536
18076,8538
18077,8540
18078,8541
18079,8544
18080,8545
18081,8547
18082,8547
18083,8547
18084,8546
18085,8547
18086,8547
18087,8548
18088,8548
18089,8548
18090,8549
18091,8549
18092,8549
18093,8550
18094,8552
18095,8552
18096,8551
18097,8553
18098,8553
18099,8553
18100,8553
18101,8553
18102,8553
18103,8555
18104,8555
18105,8555
18106,8557
18107,8557
18108,8558
18109,8559
18110,8559
18111,8560
18112,8560
18113,8561
18114,8564
18115,8564
18116,8565
18117,8565
18118,8565
18119,8565
18120,8567
18121,8566
18122,8566
18123,8567
18124,8567
18125,8568
18126,8568
18127,8568
18128,8568
18129,8568
18130,8569
18131,8569
18132,8571
18133,8571
18134,8571
18135,8572
18136,8573
18137,8574
18138,8574
18139,8575
18140,8575
18141,8575
18142,8576
18143,8576
18144,8578
18145,8578
18146,8579
18147,8579
18148,8579
18149,8579
18150,8579
18151,8580
18152,8580
18153,8580
18154,8580
18155,8581
18156,8581
18157,8581
18158,8582
18159,8582
18160,8582
18161,8582
18162,8582
18163,8583
18164,8583
18165,8584
18166,8586
18167,8587
18168,8587
18169,8587
18170,8586
18171,8586
18172,8587
18173,8588
18174,8588
18175,8588
18176,8589
18177,8589
18178,8590
18179,8590
18180,8590
18181,8590
18182,8590
18183,8590
18184,8590
18185,8592
18186,8592
18187,8592
18188,8591
18189,8592
18190,8592
18191,8593
18192,8593
18193,8593
18194,8593
18195,8594
18196,8594
18197,8597
18198,8598
18199,8598
18200,8598
18201,8598
18202,8598
18203,8598
18204,8599
18205,8599
18206,8600
18207,8603
18208,8601
18209,8604
18210,8604
18211,8604
18212,8605
18213,8605
18214,8607
18215,8607
18216,8607
18217,8608
18218,8609
18219,8609
18220,8609
18221,8610
18222,8613
18223,8614
18224,8615
18225,8615
18226,8616
18227,8616
18228,8617
18229,8618
18230,8618
18231,8619
18232,8620
18233,8620
18234,8621
18235,8621
18236,8621
18237,8621
18238,8621
18239,8622
18240,8622
18241,8622
18242,8622
18243,8622
18244,8623
18245,8623
18246,8624
18247,8624
18248,8624
18249,8624
18250,8623
18251,8625
18252,8627
18253,8626
18254,8628
18255,8629
18256,8629
18257,8632
18258,8633
18259,8633
18260,8635
18261,8635
18262,8636
18263,8639
18264,8639
18265,8639
18266,8639
18267,8639
18268,8640
18269,8640
18270,8641
18271,8641
18272,8641
18273,8641
18274,8641
18275,8641
18276,8641
18277,8641
18278,8642
18279,8642
18280,8642
18281,8642
18282,8642
18283,8643
18284,8643
18285,8643
18286,8644
18287,8644
18288,8645
18289,8646
18290,8646
18291,8646
18292,8646
18293,8647
18294,8647
18295,8648
18296,8648
18297,8648
18298,8648
18299,8648
18300,8648
18301,8648
18302,8648
18303,8650
18304,8650
18305,8650
18306,8650
18307,8649
18308,8652
18309,8652
18310,8652
18311,8654
18312,8655
18313,8656
18314,8656
18315,8656
18316,8656
18317,8656
18318,8656
18319,8656
18320,8657
18321,8658
18322,8659
18323,8659
18324,8659
18325,8660
18326,8660
18327,8660
18328,8660
18329,8661
18330,8661
18331,8662
18332,8662
18333,8663
18334,8663
18335,8664
18336,8664
18337,8664
18338,8665
18339,8665
18340,8666
18341,8666
18342,8666
18343,8667
18344,8667
18345,8671
18346,8670
18347,8671
18348,8670
18349,8670
18350,8670
18351,8672
18352,8674
18353,8674
18354,8675
18355,8675
18356,8674
18357,8676
18358,8676
18359,8676
18360,8677
18361,8677
18362,8677
18363,8677
18364,8678
18365,8679
18366,8679
18367,8680
18368,8680
18369,8680
18370,8680
18371,8680
18372,8681
18373,8681
18374,8681
18375,8681
18376,8681
18377,8681
18378,8681
18379,8681
18380,8682
18381,8683
18382,8684
18383,8684
18384,8684
18385,8684
18386,8687
18387,8685
18388,8685
18389,8687
18390,8689
18391,8692
18392,8692
18393,8691
18394,8693
18395,8696
18396,8694
18397,8694
18398,8697
18399,8697
18400,8697
18401,8697
18402,8698
18403,8699
18404,8699
18405,8699
18406,8699
18407,8698
18408,8699
18409,8700
18410,8701
18411,8702
18412,8702
18413,8702
18414,8701
18415,8703
18416,8703
18417,8703
18418,8703
18419,8703
18420,8704
18421,8704
18422,8704
18423,8706
18424,8707
18425,8707
18426,8708
18427,8708
18428,8709
18429,8710
18430,8711
18431,8713
18432,8713
18433,8712
18434,8714
18435,8715
18436,8716
18437,8717
18438,8717
18439,8718
18440,8718
18441,8719
18442,8719
18443,8719
18444,8719
18445,8720
18446,8720
18447,8720
18448,8721
18449,8721
18450,8721
18451,8722
18452,8722
18453,8722
18454,8722
18455,8723
18456,8724
18457,8727
18458,8728
18459,8728
18460,8730
18461,8732
18462,8732
18463,8733
18464,8733
18465,8733
18466,8733
18467,8733
18468,8733
18469,8734
18470,8734
18471,8735
18472,8735
18473,8735
18474,8735
18475,8735
18476,8735
18477,8736
18478,8737
18479,8737
18480,8736
18481,8737
18482,8738
18483,8738
18484,8739
18485,8739
18486,8739
18487,8739
18488,8739
18489,8740
18490,8741
18491,8741
18492,8741
18493,8741
18494,8742
18495,8742
18496,8742
18497,8743
18498,8744
18499,8745
18500,8744
18501,8746
18502,8747
18503,8747
18504,8747
18505,8747
18506,8748
18507,8748
18508,8748
18509,8749
18510,8749
18511,8749
18512,8749
18513,8750
18514,8751
18515,8752
18516,8752
18517,8752
18518,8752
18519,8753
18520,8753
18521,8754
18522,8754
18523,8755
18524,8755
18525,8755
18526,8755
18527,8758
18528,8759
18529,8759
18530,8759
18531,8759
18532,8759
18533,8759
18534,8760
18535,8760
18536,8761
18537,8762
18538,8763
18539,8763
18540,8763
18541,8765
18542,8766
18543,8766
18544,8766
18545,8766
18546,8766
18547,8766
18548,8766
18549,8766
18550,8769
18551,8769
18552,8770
18553,8770
18554,8770
18555,8772
18556,8771
18557,8773
18558,8772
18559,8771
18560,8773
18561,8772
18562,8771
18563,8771
18564,8773
18565,8775
18566,8775
18567,8775
18568,8776
18569,8776
18570,8776
18571,8776
18572,8777
18573,8778
18574,8778
18575,8779
18576,8780
18577,8780
18578,8781
18579,8783
18580,8784
18581,8784
18582,8785
18583,8787
18584,8786
18585,8788
18586,8790
18587,8789
18588,8790
18589,8791
18590,8791
18591,8792
18592,8792
18593,8792
18594,8792
18595,8793
18596,8793
18597,8793
18598,8794
18599,8795
18600,8795
18601,8796
18602,8796
18603,8796
18604,8797
18605,8797
18606,8797
18607,8797
18608,8797
18609,8798
18610,8798
18611,8798
18612,8798
18613,8799
18614,8799
18615,8799
18616,8800
18617,8800
18618,8800
18619,8800
18620,8800
18621,8800
18622,8800
18623,8800
18624,8800
18625,8801
18626,8801
18627,8801
18628,8801
18629,8801
18630,8802
18631,8802
18632,8803
18633,8803
18634,8804
18635,8804
18636,8805
18637,8806
18638,8807
18639,8807
18640,8808
18641,8808
18642,8809
18643,8809
18644,8809
18645,8809
18646,8809
18647,8810
18648,8811
18649,8810
18650,8811
18651,8812
18652,8812
18653,8813
18654,8815
18655,8815
18656,8818
18657,8819
18658,8819
18659,8819
18660,8821
18661,8821
18662,8823
18663,8824
18664,8824
18665,8825
18666,8826
18667,8827
18668,8827
18669,8827
18670,8827
18671,8827
18672,8828
18673,8829
18674,8829
18675,8829
18676,8829
18677,8829
18678,8829
18679,8829
18680,8830
18681,8830
18682,8831
18683,8832
18684,8834
18685,8835
18686,8835
18687,8835
18688,8835
18689,8837
18690,8836
18691,8837
18692,8837
18693,8836
18694,8837
18695,8837
18696,8838
18697,8839
18698,8839
18699,8840
18700,8840
18701,8840
18702,8841
18703,8842
18704,8843
18705,8844
18706,8844
18707,8845
18708,8845
18709,8845
18710,8845
18711,8845
18712,8845
18713,8846
18714,8847
18715,8849
18716,8851
18717,8852
18718,8852
18719,8853
18720,8854
18721,8855
18722,8855
18723,8854
18724,8854
18725,8854
18726,8855
18727,8854
18728,8855
18729,8857
18730,8858
18731,8858
18732,8859
18733,8859
18734,8860
18735,8860
18736,8861
18737,8860
18738,8859
18739,8862
18740,8863
18741,8863
18742,8865
18743,8865
18744,8865
18745,8864
18746,8864
18747,8865
18748,8865
18749,8867
18750,8866
18751,8866
18752,8868
18753,8868
18754,8869
18755,8869
18756,8869
18757,8869
18758,8870
18759,8873
18760,8872
18761,8873
18762,8874
18763,8874
18764,8877
18765,8875
18766,8877
18767,8878
18768,8878
18769,8878
18770,8879
18771,8879
18772,8879
18773,8879
18774,8879
18775,8879
18776,8879
18777,8880
18778,8882
18779,8881
18780,8883
18781,8883
18782,8884
18783,8884
18784,8885
18785,8885
18786,8885
18787,8886
18788,8886
18789,8887
18790,8887
18791,8887
18792,8887
18793,8887
18794,8888
18795,8888
18796,8888
18797,8888
18798,8891
18799,8890
18800,8892
18801,8893
18802,8893
18803,8893
18804,8894
18805,8894
18806,8894
18807,8894
18808,8895
18809,8895
18810,8895
18811,8896
18812,8897
18813,8899
18814,8899
18815,8899
18816,8899
18817,8900
18818,8900
18819,8900
18820,8901
18821,8901
18822,8902
18823,8903
18824,8903
18825,8903
18826,8903
18827,8903
18828,8903
18829,8903
18830,8905
18831,8906
18832,8906
18833,8906
18834,8906
18835,8906
18836,8907
18837,8909
18838,8910
18839,8910
18840,8911
18841,8911
18842,8912
18843,8915
18844,8916
18845,8916
18846,8916
18847,8916
18848,8916
18849,8917
18850,8917
18851,8918
18852,8918
18853,8918
18854,8918
18855,8917
18856,8917
18857,8918
18858,8918
18859,8917
18860,8918
18861,8918
18862,8919
18863,8920
18864,8922
18865,8921
18866,8921
18867,8922
18868,8922
18869,8921
18870,8921
18871,8923
18872,8923
18873,8923
18874,8923
18875,8924
18876,8925
18877,8925
18878,8925
18879,8925
18880,8925
18881,8926
18882,8929
18883,8930
18884,8930
18885,8931
18886,8932
18887,8932
18888,8932
18889,8932
18890,8932
18891,8933
18892,8933
18893,8933
18894,8933
18895,8933
18896,8933
18897,8933
18898,8934
18899,8935
18900,8936
18901,8936
18902,8935
18903,8935
18904,8936
18905,8937
18906,8937
18907,8938
18908,8939
18909,8940
18910,8941
18911,8941
18912,8942
18913,8942
18914,8943
18915,8947
18916,8948
18917,8948
18918,8949
18919,8949
18920,8950
18921,8950
18922,8950
18923,8950
18924,8950
18925,8950
18926,8950
18927,8950
18928,8950
18929,8950
18930,8950
18931,8951
18932,8951
18933,8951
18934,8952
18935,8952
18936,8952
18937,8952
18938,8954
18939,8955
18940,8956
18941,8956
18942,8956
18943,8957
18944,8957
18945,8957
18946,8957
18947,8957
18948,8957
18949,8957
18950,8958
18951,8958
18952,8958
18953,8958
18954,8958
18955,8959
18956,8959
18957,8959
18958,8962
18959,8965
18960,8965
18961,8965
18962,8964
18963,8965
18964,8963
18965,8966
18966,8966
18967,8966
18968,8966
18969,8966
18970,8967
18971,8968
18972,8971
18973,8972
18974,8973
18975,8973
18976,8973
18977,8974
18978,8974
18979,8974
18980,8975
18981,8976
18982,8976
18983,8978
18984,8979
18985,8979
18986,8979
18987,8980
18988,8980
18989,8980
18990,8981
18991,8981
18992,8981
18993,8984
18994,8984
18995,8984
18996,8985
18997,8986
18998,8987
18999,8988
19000,8988
19001,8989
19002,8989
19003,8989
19004,8989
19005,8989
19006,8989
19007,8990
19008,8990
19009,8991
19010,8991
19011,8994
19012,8995
19013,8995
19014,8995
19015,8995
19016,8995
19017,8996
19018,8997
19019,8998
19020,8998
19021,8998
19022,8998
19023,8998
19024,8998
19025,8999
19026,8999
19027,9000
19028,9000
19029,9000
19030,9001
19031,9003
19032,9003
19033,9004
19034,9006
19035,9005
19036,9007
19037,9008
19038,9008
19039,9008
19040,9008
19041,9008
19042,9008
19043,9008
19044,9008
19045,9008
19046,9008
19047,9008
19048,9009
19049,9009
19050,9009
19051,9009
19052,9010
19053,9010
19054,9011
19055,9013
19056,9013
19057,9014
19058,9014
19059,9017
19060,9018
19061,9019
19062,9022
19063,9023
19064,9023
19065,9023
19066,9023
19067,9024
19068,9025
19069,9028
19070,9026
19071,9029
19072,9029
19073,9030
19074,9031
19075,9033
19076,9033
19077,9033
19078,9033
19079,9033
19080,9033
19081,9034
19082,9034
19083,9034
19084,9034
19085,9034
19086,9035
19087,9036
19088,9037
19089,9037
19090,9037
19091,9037
19092,9037
19093,9037
19094,9038
19095,9038
19096,9038
19097,9040
19098,9041
19099,9042
19100,9042
19101,9042
19102,9043
19103,9043
19104,9043
19105,9043
19106,9044
19107,9044
19108,9044
19109,9044
19110,9044
19111,9045
19112,9045
19113,9045
19114,9046
19115,9047
19116,9049
19117,9049
19118,9049
19119,9049
19120,9050
19121,9050
19122,9051
19123,9051
19124,9051
19125,9051
19126,9051
19127,9051
19128,9051
19129,9051
19130,9051
19131,9052
19132,9052
19133,9054
19134,9055
19135,9057
19136,9056
19137,9060
19138,9061
19139,9061
19140,9061
19141,9062
19142,9062
19143,9062
19144,9063
19145,9063
19146,9063
19147,9063
19148,9064
19149,9064
19150,9066
19151,9065
19152,9065
19153,9066
19154,9067
19155,9068
19156,9068
19157,9068
19158,9069
19159,9069
19160,9069
19161,9069
19162,9069
19163,9069
19164,9069
19165,9069
19166,9069
19167,9070
19168,9071
19169,9071
19170,9073
19171,9072
19172,9072
19173,9072
19174,9072
19175,9074
19176,9074
19177,9075
19178,9075
19179,9076
19180,9076
19181,9077
19182,9076
19183,9076
19184,9077
19185,9078
19186,9078
19187,9078
19188,9078
19189,9078
19190,9079
19191,9079
19192,9080
19193,9081
19194,9081
19195,9082
19196,9082
19197,9082
19198,9083
19199,9083
19200,9083
19201,9083
19202,9083
19203,9084
19204,9084
19205,9084
19206,9084
19207,9084
19208,9085
19209,9086
19210,9088
19211,9088
19212,9088
19213,9089
19214,9088
19215,9090
19216,9090
19217,9091
19218,9091
19219,9091
19220,9092
19221,9092
19222,9094
19223,9093
19224,9095
19225,9095
19226,9095
19227,9095
19228,9095
19229,9096
19230,9096
19231,9096
19232,9096
19233,9097
19234,9099
19235,9099
19236,9099
19237,9099
19238,9099
19239,9099
19240,9099
19241,9099
19242,9100
19243,9102
19244,9102
19245,9102
19246,9102
19247,9102
19248,9103
19249,9103
19250,9104
19251,9104
19252,9104
19253,9103
19254,9106
19255,9105
19256,9107
19257,9109
19258,9108
19259,9110
19260,9110
19261,9110
19262,9110
19263,9110
19264,9110
19265,9110
19266,9110
19267,9110
19268,9111
19269,9111
19270,9114
19271,9113
19272,9115
19273,9115
19274,9115
19275,9115
19276,9116
19277,9118
19278,9118
19279,9118
19280,9119
19281,9119
19282,9121
19283,9120
19284,9120
19285,9121
19286,9122
19287,9124
19288,9124
19289,9124
19290,9124
19291,9125
19292,9125
19293,9125
19294,9126
19295,9126
19296,9126
19297,9127
19298,9127
19299,9127
19300,9128
19301,9129
19302,9130
19303,9130
19304,9130
19305,9131
19306,9132
19307,9132
19308,9132
19309,9132
19310,9132
19311,9132
19312,9132
19313,9132
19314,9133
19315,9133
19316,9134
19317,9135
19318,9135
19319,9135
19320,9135
19321,9136
19322,9136
19323,9137
19324,9138
19325,9140
19326,9141
19327,9141
19328,9141
19329,9142
19330,9143
19331,9145
19332,9144
19333,9144
19334,9146
19335,9146
19336,9146
19337,9146
19338,9146
19339,9148
19340,9148
19341,9148
19342,9147
19343,9149
19344,9150
19345,9151
19346,9151
19347,9152
19348,9152
19349,9152
19350,9152
19351,9152
19352,9152
19353,9152
19354,9152
19355,9152
19356,9152
19357,9154
19358,9154
19359,9154
19360,9155
19361,9156
19362,9157
19363,9157
19364,9158
19365,9159
19366,9160
19367,9161
19368,9160
19369,9162
19370,9162
19371,9162
19372,9163
19373,9163
19374,9163
19375,9164
19376,9164
19377,9165
19378,9165
19379,9165
19380,9165
19381,9165
19382,9165
19383,9165
19384,9165
19385,9165
19386,9166
19387,9166
19388,9166
19389,9166
19390,9166
19391,9167
19392,9168
19393,9168
19394,9168
19395,9168
19396,9168
19397,9168
19398,9168
19399,9168
19400,9168
19401,9168
19402,9169
19403,9170
19404,9171
19405,9171
19406,9172
19407,9172
19408,9172
19409,9173
19410,9173
19411,9173
19412,9174
19413,9176
19414,9178
19415,9178
19416,9180
19417,9179
19418,9180
19419,9179
19420,9180
19421,9179
19422,9181
19423,9181
19424,9181
19425,9181
19426,9181
19427,9181
19428,9182
19429,9182
19430,9182
19431,9184
19432,9184
19433,9185
19434,9185
19435,9185
19436,9184
19437,9185
19438,9185
19439,9184
19440,9185
19441,9186
19442,9186
19443,9188
19444,9188
19445,9188
19446,9188
19447,9187
19448,9189
19449,9189
19450,9189
19451,9189
19452,9189
19453,9189
19454,9189
19455,9190
19456,9190
19457,9190
19458,9190
19459,9190
19460,9191
19461,9191
19462,9191
19463,9191
19464,9191
19465,9194
19466,9194
19467,9192
19468,9193
19469,9194
19470,9195
19471,9196
19472,9196
19473,9196
19474,9197
19475,9197
19476,9197
19477,9197
19478,9197
19479,9197
19480,9197
19481,9197
19482,9197
19483,9199
19484,9198
19485,9198
19486,9202
19487,9200
19488,9200
19489,9203
19490,9203
19491,9204
19492,9205
19493,9205
19494,9206
19495,9206
19496,9206
19497,9206
19498,9206
19499,9206
19500,9206
19501,9206
19502,9207
19503,9207
19504,9208
19505,9208
19506,9209
19507,9210
19508,9210
19509,9212
19510,9212
19511,9212
19512,9212
19513,9212
19514,9213
19515,9214
19516,9215
19517,9215
19518,9214
19519,9214
19520,9215
19521,9214
19522,9214
19523,9214
19524,9215
19525,9215
19526,9214
19527,9216
19528,9217
19529,9217
19530,9218
19531,9218
19532,9218
19533,9218
19534,9219
19535,9219
19536,9219
19537,9219
19538,9219
19539,9219
19540,9219
19541,9219
19542,9219
19543,9219
19544,9220
19545,9222
19546,9222
19547,9222
19548,9222
19549,9223
19550,9223
19551,9223
19552,9224
19553,9224
19554,9224
19555,9226
19556,9226
19557,9225
19558,9225
19559,9227
19560,9227
19561,9227
19562,9227
19563,9227
19564,9228
19565,9230
19566,9232
19567,9234
19568,9235
19569,9236
19570,9236
19571,9238
19572,9238
19573,9238
19574,9238
19575,9240
19576,9241
19577,9241
19578,9241
19579,9241
19580,9241
19581,9242
19582,9243
19583,9243
19584,9243
19585,9244
19586,9247
19587,9248
19588,9250
19589,9253
19590,9253
19591,9253
19592,9253
19593,9253
19594,9253
19595,9253
19596,9254
19597,9254
19598,9255
19599,9256
19600,9257
19601,9258
19602,9258
19603,9258
19604,9259
19605,9259
19606,9260
19607,9261
19608,9261
19609,9262
19610,9262
19611,9263
19612,9264
19613,9264
19614,9265
19615,9265
19616,9266
19617,9266
19618,9266
19619,9267
19620,9267
19621,9267
19622,9268
19623,9268
19624,9269
19625,9269
19626,9270
19627,9270
19628,9270
19629,9272
19630,9272
19631,9271
19632,9273
19633,9273
19634,9273
19635,9274
19636,9276
19637,9276
19638,9277
19639,9278
19640,9278
19641,9278
19642,9279
19643,9279
19644,9279
19645,9281
19646,9281
19647,9281
19648,9281
19649,9282
19650,9283
19651,9284
19652,9284
19653,9285
19654,9285
19655,9285
19656,9287
19657,9288
19658,9288
19659,9288
19660,9288
19661,9289
19662,9289
19663,9289
19664,9290
19665,9290
19666,9290
19667,9290
19668,9292
19669,9293
19670,9293
19671,9293
19672,9291
19673,9292
19674,9291
19675,9294
19676,9294
19677,9295
19678,9295
19679,9294
19680,9294
19681,9296
19682,9296
19683,9296
19684,9296
19685,9296
19686,9296
19687,9296
19688,9296
19689,9297
19690,9298
19691,9298
19692,9299
19693,9300
19694,9299
19695,9300
19696,9302
19697,9301
19698,9303
19699,9303
19700,9303
19701,9303
19702,9303
19703,9303
19704,9303
19705,9303
19706,9303
19707,9303
19708,9303
19709,9305
19710,9304
19711,9305
19712,9304
19713,9307
19714,9306
19715,9308
19716,9309
19717,9309
19718,9309
19719,9309
19720,9309
19721,9309
19722,9309
19723,9309
19724,9309
19725,9310
19726,9310
19727,9311
19728,9311
19729,9311
19730,9312
19731,9313
19732,9313
19733,9313
19734,9314
19735,9314
19736,9315
19737,9315
19738,9315
19739,9315
19740,9316
19741,9316
19742,9317
19743,9317
19744,9317
19745,9317
19746,9317
19747,9317
19748,9318
19749,9318
19750,9319
19751,9319
19752,9319
19753,9321
19754,9320
19755,9320
19756,9320
19757,9322
19758,9323
19759,9324
19760,9324
19761,9325
19762,9325
19763,9325
19764,9325
19765,9326
19766,9327
19767,9327
19768,9329
19769,9328
19770,9329
19771,9329
19772,9330
19773,9332
19774,9333
19775,9334
19776,9334
19777,9334
19778,9334
19779,9334
19780,9334
19781,9334
19782,9334
19783,9336
19784,9335
19785,9337
19786,9338
19787,9338
19788,9338
19789,9339
19790,9340
19791,9342
19792,9342
19793,9341
19794,9343
19795,9343
19796,9343
19797,9344
19798,9345
19799,9346
19800,9347
19801,9347
19802,9347
19803,9348
19804,9348
19805,9350
19806,9350
19807,9351
19808,9353
19809,9353
19810,9353
19811,9354
19812,9354
19813,9357
19814,9358
19815,9358
19816,9358
19817,9358
19818,9359
19819,9359
19820,9360
19821,9360
19822,9360
19823,9360
19824,9360
19825,9360
19826,9360
19827,9360
19828,9360
19829,9360
19830,9361
19831,9362
19832,9366
19833,9367
19834,9365
19835,9366
19836,9366
19837,9366
19838,9366
19839,9365
19840,9368
19841,9369
19842,9371
19843,9372
19844,9373
19845,9373
19846,9372
19847,9373
19848,9373
19849,9372
19850,9372
19851,9373
19852,9374
19853,9374
19854,9375
19855,9375
19856,9376
19857,9377
19858,9378
19859,9378
19860,9378
19861,9381
19862,9380
19863,9381
19864,9381
19865,9382
19866,9383
19867,9382
19868,9385
19869,9384
19870,9385
19871,9384
19872,9385
19873,9384
19874,9386
19875,9386
19876,9387
19877,9386
19878,9387
19879,9386
19880,9386
19881,9388
19882,9388
19883,9388
19884,9388
19885,9388
19886,9388
19887,9388
19888,9388
19889,9388
19890,9388
19891,9388
19892,9388
19893,9389
19894,9389
19895,9389
19896,9389
19897,9389
19898,9390
19899,9392
19900,9392
19901,9393
19902,9393
19903,9394
19904,9394
19905,9395
19906,9396
19907,9396
19908,9396
19909,9396
19910,9396
19911,9396
19912,9396
19913,9397
19914,9397
19915,9401
19916,9402
19917,9404
19918,9405
19919,9405
19920,9405
19921,9405
19922,9405
19923,9406
19924,9406
19925,9406
19926,9407
19927,9407
19928,9408
19929,9408
19930,9408
19931,9408
19932,9408
19933,9408
19934,9408
19935,9408
19936,9408
19937,9409
19938,9409
19939,9409
19940,9410
19941,9410
19942,9410
19943,9410
19944,9411
19945,9411
19946,9411
19947,9411
19948,9411
19949,9411
19950,9412
19951,9412
19952,9412
19953,9412
19954,9412
19955,9412
19956,9412
19957,9413
19958,9413
19959,9413
19960,9414
19961,9415
19962,9415
19963,9415
19964,9416
19965,9416
19966,9417
19967,9417
19968,9417
19969,9417
19970,9417
19971,9417
19972,9418
19973,9418
19974,9418
19975,9420
19976,9420
19977,9421
19978,9421
19979,9421
19980,9422
19981,9426
19982,9427
19983,9427
19984,9428
19985,9429
19986,9429
19987,9429
19988,9430
19989,9430
19990,9430
19991,9430
19992,9430
19993,9431
19994,9431
19995,9434
19996,9435
19997,9435
19998,9436
19999,9436
20000,9437
20001,9439
20002,9439
20003,9440
20004,9440
20005,9440
20006,9440
20007,9443
20008,9442
20009,9444
20010,9445
20011,9445
20012,9445
20013,9445
20014,9446
20015,9448
20016,9448
20017,9448
20018,9448
20019,9448
20020,9447
20021,9447
20022,9448
20023,9450
20024,9450
20025,9451
20026,9451
20027,9451
20028,9452
20029,9452
20030,9453
20031,9454
20032,9454
20033,9454
20034,9454
20035,9454
20036,9454
20037,9455
20038,9455
20039,9455
20040,9455
20041,9455
20042,9455
20043,9455
20044,9455
20045,9455
20046,9456
20047,9457
20048,9459
20049,9458
20050,9459
20051,9459
20052,9458
20053,9458
20054,9460
20055,9460
20056,9460
20057,9462
20058,9461
20059,9461
20060,9463
20061,9463
20062,9463
20063,9464
20064,9464
20065,9465
20066,9465
20067,9465
20068,9465
20069,9466
20070,9467
20071,9468
20072,9468
20073,9469
20074,9470
20075,9470
20076,9471
20077,9472
20078,9472
20079,9472
20080,9472
20081,9473
20082,9473
20083,9473
20084,9473
20085,9473
20086,9473
20087,9476
20088,9475
20089,9474
20090,9476
20091,9474
20092,9477
20093,9478
20094,9479
20095,9479
20096,9480
20097,9481
20098,9482
20099,9482
20100,9482
20101,9483
20102,9484
20103,9485
20104,9486
20105,9486
20106,9486
20107,9486
20108,9486
20109,9486
20110,9486
20111,9486
20112,9486
20113,9486
20114,9487
20115,9488
20116,9488
20117,9488
20118,9490
20119,9490
20120,9492
20121,9492
20122,9493
20123,9493
20124,9494
20125,9494
20126,9495
20127,9496
20128,9497
20129,9498
20130,9498
20131,9498
20132,9498
20133,9498
20134,9498
20135,9498
20136,9499
20137,9500
20138,9500
20139,9502
20140,9501
20141,9504
20142,9503
20143,9504
20144,9505
20145,9506
20146,9506
20147,9507
20148,9507
20149,9507
20150,9507
20151,9508
20152,9508
20153,9508
20154,9509
20155,9509
20156,9509
20157,9509
20158,9510
20159,9512
20160,9513
20161,9514
20162,9514
20163,9514
20164,9517
20165,9515
20166,9517
20167,9518
20168,9519
20169,9518
20170,9520
20171,9520
20172,9519
20173,9521
20174,9521
20175,9521
20176,9522
20177,9522
20178,9522
20179,9523
20180,9524
20181,9525
20182,9525
20183,9526
20184,9527
20185,9527
20186,9529
20187,9528
20188,9530
20189,9530
20190,9530
20191,9531
20192,9531
20193,9531
20194,9532
20195,9532
20196,9532
20197,9533
20198,9533
20199,9534
20200,9535
20201,9535
20202,9535
20203,9535
20204,9536
20205,9536
20206,9536
20207,9536
20208,9537
20209,9537
20210,9538
20211,9538
20212,9538
20213,9539
20214,9541
20215,9541
20216,9541
20217,9541
20218,9541
20219,9542
20220,9544
20221,9543
20222,9544
20223,9546
20224,9546
20225,9545
20226,9545
20227,9546
20228,9545
20229,9545
20230,9546
20231,9547
20232,9547
20233,9549
20234,9549
20235,9548
20236,9549
20237,9551
20238,9551
20239,9552
20240,9552
20241,9553
20242,9553
20243,9556
20244,9555
20245,9555
20246,9555
20247,9555
20248,9557
20249,9557
20250,9557
20251,9558
20252,9558
20253,9558
20254,9558
20255,9558
20256,9558
20257,9558
20258,9558
20259,9558
20260,9559
20261,9559
20262,9559
20263,9559
20264,9561
20265,9564
20266,9562
20267,9564
20268,9562
20269,9565
20270,9565
20271,9565
20272,9566
20273,9566
20274,9566
20275,9567
20276,9567
20277,9568
20278,9568
20279,9568
20280,9568
20281,9568
20282,9568
20283,9569
20284,9571
20285,9573
20286,9573
20287,9574
20288,9574
20289,9575
20290,9575
20291,9576
20292,9576
20293,9576
20294,9576
20295,9576
20296,9576
20297,9576
20298,9577
20299,9578
20300,9578
20301,9578
20302,9578
20303,9578
20304,9578
20305,9578
20306,9579
20307,9580
20308,9582
20309,9582
20310,9582
20311,9583
20312,9583
20313,9584
20314,9584
20315,9585
20316,9586
20317,9587
20318,9587
20319,9587
20320,9587
20321,9587
20322,9588
20323,9589
20324,9589
20325,9590
20326,9590
20327,9590
20328,9592
20329,9592
20330,9593
20331,9593
20332,9594
20333,9594
20334,9596
20335,9597
20336,9597
20337,9600
20338,9600
20339,9599
20340,9601
20341,9602
20342,9602
20343,9602
20344,9603
20345,9603
20346,9604
20347,9604
20348,9604
20349,9604
20350,9604
20351,9604
20352,9604
20353,9604
20354,9604
20355,9605
20356,9606
20357,9606
20358,9605
20359,9605
20360,9607
20361,9607
20362,9607
20363,9607
20364,9607
20365,9607
20366,9607
20367,9609
20368,9609
20369,9608
20370,9609
20371,9608
20372,9610
20373,9610
20374,9610
20375,9610
20376,9610
20377,9610
20378,9610
20379,9610
20380,9610
20381,9610
20382,9610
20383,9610
20384,9612
20385,9612
20386,9614
20387,9614
20388,9616
20389,9615
20390,9615
20391,9616
20392,9615
20393,9616
20394,9617
20395,9617
20396,9617
20397,9617
20398,9618
20399,9618
20400,9619
20401,9619
20402,9620
20403,9623
20404,9623
20405,9624
20406,9625
20407,9626
20408,9626
20409,9627
20410,9627
20411,9627
20412,9627
20413,9627
20414,9627
20415,9627
20416,9627
20417,9627
20418,9627
20419,9627
20420,9627
20421,9628
20422,9628
20423,9628
20424,9628
20425,9628
20426,9628
20427,9629
20428,9629
20429,9630
20430,9630
20431,9630
20432,9632
20433,9634
20434,9634
20435,9635
20436,9635
20437,9636
20438,9638
20439,9639
20440,9639
20441,9639
20442,9639
20443,9641
20444,9641
20445,9641
20446,9643
20447,9644
20448,9645
20449,9645
20450,9647
20451,9646
20452,9648
20453,9649
20454,9650
20455,9651
20456,9652
20457,9652
20458,9652
20459,9653
20460,9653
20461,9654
20462,9655
20463,9654
20464,9656
20465,9656
20466,9656
20467,9656
20468,9658
20469,9657
20470,9657
20471,9659
20472,9659
20473,9660
20474,9662
20475,9663
20476,9662
20477,9662
20478,9663
20479,9662
20480,9663
20481,9663
20482,9663
20483,9664
20484,9664
20485,9664
20486,9664
20487,9665
20488,9665
20489,9665
20490,9665
20491,9666
20492,9667
20493,9668
20494,9668
20495,9669
20496,9669
20497,9669
20498,9669
20499,9669
20500,9671
20501,9673
20502,9672
20503,9674
20504,9676
20505,9676
20506,9676
20507,9677
20508,9677
20509,9677
20510,9678
20511,9678
20512,9679
20513,9680
20514,9681
20515,9681
20516,9681
20517,9681
20518,9682
20519,9681
20520,9681
20521,9683
20522,9683
20523,9685
20524,9685
20525,9685
20526,9685
20527,9686
20528,9687
20529,9687
20530,9687
20531,9687
20532,9687
20533,9690
20534,9691
20535,9692
20536,9694
20537,9694
20538,9694
20539,9694
20540,9696
20541,9695
20542,9696
20543,9697
20544,9697
20545,9697
20546,9697
20547,9698
20548,9698
20549,9698
20550,9698
20551,9699
20552,9700
20553,9700
20554,9700
20555,9700
20556,9700
20557,9701
20558,9701
20559,9702
20560,9702
20561,9703
20562,9703
20563,9704
20564,9705
20565,9706
20566,9707
20567,9707
20568,9708
20569,9709
20570,9709
20571,9709
20572,9709
20573,9710
20574,9710
20575,9711
20576,9711
20577,9713
20578,9713
20579,9712
20580,9715
20581,9714
20582,9717
20583,9716
20584,9717
20585,9718
20586,9718
20587,9718
20588,9718
20589,9719
20590,9721
20591,9723
20592,9721
20593,9722
20594,9722
20595,9723
20596,9725
20597,9725
20598,9726
20599,9726
20600,9726
20601,9726
20602,9727
20603,9727
20604,9728
20605,9729
20606,9729
20607,9729
20608,9730
20609,9731
20610,9731
20611,9732
20612,9732
20613,9733
20614,9733
20615,9733
20616,9733
20617,9733
20618,9734
20619,9735
20620,9735
20621,9735
20622,9737
20623,9739
20624,9741
20625,9742
20626,9743
20627,9742
20628,9745
20629,9745
20630,9750
20631,9750
20632,9751
20633,9751
20634,9752
20635,9754
20636,9754
20637,9753
20638,9753
20639,9753
20640,9755
20641,9755
20642,9755
20643,9756
20644,9756
20645,9756
20646,9757
20647,9757
20648,9757
20649,9757
20650,9757
20651,9757
20652,9757
20653,9758
20654,9758
20655,9758
20656,9759
20657,9760
20658,9761
20659,9762
20660,9762
20661,9762
20662,9762
20663,9764
20664,9765
20665,9765
20666,9765
20667,9767
20668,9766
20669,9766
20670,9767
20671,9768
20672,9768
20673,9768
20674,9769
20675,9769
20676,9769
20677,9770
20678,9770
20679,9772
20680,9771
20681,9774
20682,9774
20683,9775
20684,9775
20685,9775
20686,9776
20687,9776
20688,9777
20689,9777
20690,9778
20691,9778
20692,9778
20693,9779
20694,9779
20695,9780
20696,9780
20697,9780
20698,9781
20699,9781
20700,9781
20701,9781
20702,9781
20703,9781
20704,9781
20705,9783
20706,9785
20707,9786
20708,9787
20709,9787
20710,9789
20711,9791
20712,9791
20713,9793
20714,9792
20715,9793
20716,9792
20717,9792
20718,9794
20719,9794
20720,9794
20721,9795
20722,9795
20723,9796
20724,9796
20725,9796
20726,9797
20727,9797
20728,9797
20729,9797
20730,9797
20731,9798
20732,9798
20733,9798
20734,9800
20735,9800
20736,9800
20737,9800
20738,9800
20739,9800
20740,9801
20741,9802
20742,9802
20743,9802
20744,9802
20745,9803
20746,9803
20747,9803
20748,9805
20749,9805
20750,9806
20751,9808
20752,9808
20753,9808
20754,9810
20755,9810
20756,9810
20757,9810
20758,9810
20759,9810
20760,9810
20761,9810
20762,9810
20763,9811
20764,9811
20765,9811
20766,9813
20767,9812
20768,9814
20769,9814
20770,9813
20771,9815
20772,9818
20773,9817
20774,9817
20775,9820
20776,9820
20777,9821
20778,9822
20779,9823
20780,9826
20781,9826
20782,9827
20783,9827
20784,9827
20785,9827
20786,9827
20787,9828
20788,9829
20789,9829
20790,9830
20791,9830
20792,9830
20793,9830
20794,9830
20795,9830
20796,9831
20797,9831
20798,9831
20799,9831
20800,9831
20801,9831
20802,9831
20803,9831
20804,9832
20805,9833
20806,9833
20807,9833
20808,9834
20809,9835
20810,9836
20811,9838
20812,9838
20813,9840
20814,9840
20815,9841
20816,9841
20817,9842
20818,9843
20819,9845
20820,9845
20821,9847
20822,9850
20823,9848
20824,9851
20825,9851
20826,9851
20827,9851
20828,9851
20829,9851
20830,9852
20831,9852
20832,9853
20833,9853
20834,9853
20835,9853
20836,9854
20837,9855
20838,9855
20839,9856
20840,9857
20841,9857
20842,9857
20843,9857
20844,9857
20845,9857
20846,9857
20847,9858
20848,9859
20849,9859
20850,9858
20851,9860
20852,9860
20853,9860
20854,9860
20855,9860
20856,9860
20857,9860
20858,9860
20859,9861
20860,9861
20861,9861
20862,9862
20863,9863
20864,9863
20865,9864
20866,9864
20867,9865
20868,9866
20869,9866
20870,9866
20871,9866
20872,9866
20873,9866
20874,9866
20875,9866
20876,9866
20877,9866
20878,9866
20879,9866
20880,9867
20881,9867
20882,9868
20883,9867
20884,9867
20885,9868
20886,9869
20887,9869
20888,9869
20889,9870
20890,9870
20891,9871
20892,9871
20893,9871
20894,9871
20895,9872
20896,9872
20897,9872
20898,9873
20899,9874
20900,9874
20901,9875
20902,9875
20903,9876
20904,9876
20905,9877
20906,9880
20907,9879
20908,9881
20909,9881
20910,9881
20911,9881
20912,9881
20913,9883
20914,9883
20915,9883
20916,9882
20917,9883
20918,9883
20919,9884
20920,9883
20921,9882
20922,9882
20923,9885
20924,9885
20925,9886
20926,9887
20927,9887
20928,9887
20929,9887
20930,9888
20931,9888
20932,9888
20933,9889
20934,9889
20935,9891
20936,9890
20937,9890
20938,9890
20939,9892
20940,9892
20941,9894
20942,9895
20943,9895
20944,9895
20945,9895
20946,9895
20947,9896
20948,9896
20949,9896
20950,9897
20951,9897
20952,9898
20953,9898
20954,9898
20955,9898
20956,9898
20957,9898
20958,9898
20959,9898
20960,9898
20961,9899
20962,9899
20963,9900
20964,9901
20965,9900
20966,9900
20967,9901
20968,9901
20969,9902
20970,9903
20971,9903
20972,9903
20973,9903
20974,9904
20975,9904
20976,9905
20977,9906
20978,9906
20979,9906
20980,9907
20981,9907
20982,9907
20983,9908
20984,9909
20985,9908
20986,9910
20987,9911
20988,9912
20989,9912
20990,9913
20991,9914
20992,9914
20993,9915
20994,9916
20995,9915
20996,9916
20997,9917
20998,9917
20999,9917
21000,9919
21001,9919
21002,9919
21003,9920
21004,9920
21005,9920
21006,9920
21007,9920
21008,9920
21009,9921
21010,9921
21011,9922
21012,9922
21013,9922
21014,9922
21015,9922
21016,9923
21017,9924
21018,9924
21019,9924
21020,9924
21021,9924
21022,9925
21023,9925
21024,9925
21025,9925
21026,9925
21027,9925
21028,9925
21029,9925
21030,9926
21031,9926
21032,9928
21033,9927
21034,9929
21035,9930
21036,9931
21037,9932
21038,9935
21039,9934
21040,9935
21041,9937
21042,9939
21043,9942
21044,9943
21045,9943
21046,9943
21047,9943
21048,9944
21049,9944
21050,9944
21051,9945
21052,9945
21053,9946
21054,9948
21055,9947
21056,9947
21057,9949
21058,9949
21059,9950
21060,9951
21061,9951
21062,9952
21063,9952
21064,9952
21065,9953
21066,9953
21067,9955
21068,9956
21069,9956
21070,9957
21071,9957
21072,9957
21073,9959
21074,9960
21075,9960
21076,9961
21077,9961
21078,9961
21079,9962
21080,9962
21081,9962
21082,9962
21083,9962
21084,9962
21085,9962
21086,9963
21087,9963
21088,9963
21089,9963
21090,9963
21091,9964
21092,9966
21093,9966
21094,9966
21095,9965
21096,9967
21097,9967
21098,9968
21099,9968
21100,9969
21101,9969
21102,9970
21103,9970
21104,9971
21105,9971
21106,9971
21107,9972
21108,9972
21109,9972
21110,9972
21111,9972
21112,9973
21113,9974
21114,9975
21115,9975
21116,9975
21117,9975
21118,9975
21119,9975
21120,9975
21121,9976
21122,9978
21123,9977
21124,9977
21125,9978
21126,9977
21127,9978
21128,9977
21129,9979
21130,9979
21131,9979
21132,9981
21133,9981
21134,9980
21135,9981
21136,9980
21137,9980
21138,9981
21139,9981
21140,9982
21141,9982
21142,9982
21143,9982
21144,9982
21145,9982
21146,9982
21147,9982
21148,9983
21149,9984
21150,9984
21151,9984
21152,9984
21153,9985
21154,9985
21155,9985
21156,9986
21157,9986
21158,9987
21159,9987
21160,9987
21161,9988
21162,9990
21163,9988
21164,9988
21165,9991
21166,9991
21167,9991
21168,9991
21169,9991
21170,9991
21171,9992
21172,9992
21173,9992
21174,9992
21175,9992
21176,9993
21177,9994
21178,9994
21179,9995
21180,9996
21181,9996
21182,9997
21183,9997
21184,9998
21185,9999
21186,9999
21187,9999
21188,10000
21189,10000
21190,10000
21191,10001
21192,10002
21193,10003
21194,10003
21195,10003
21196,10004
21197,10006
21198,10007
21199,10008
21200,10008
21201,10008
21202,10009
21203,10009
21204,10010
21205,10010
21206,10010
21207,10010
21208,10011
21209,10012
21210,10013
21211,10014
21212,10015
21213,10015
21214,10015
21215,10016
21216,10016
21217,10016
21218,10016
21219,10017
21220,10017
21221,10017
21222,10017
21223,10017
21224,10018
21225,10018
21226,10018
21227,10018
21228,10021
21229,10019
21230,10022
21231,10022
21232,10022
21233,10022
21234,10023
21235,10025
21236,10025
21237,10026
21238,10027
21239,10027
21240,10027
21241,10027
21242,10027
21243,10027
21244,10027
21245,10027
21246,10027
21247,10029
21248,10028
21249,10030
21250,10030
21251,10033
21252,10033
21253,10033
21254,10033
21255,10032
21256,10035
21257,10035
21258,10034
21259,10036
21260,10036
21261,10037
21262,10037
21263,10038
21264,10039
21265,10039
21266,10039
21267,10039
21268,10039
21269,10041
21270,10040
21271,10041
21272,10041
21273,10040
21274,10042
21275,10043
21276,10044
21277,10044
21278,10045
21279,10047
21280,10047
21281,10048
21282,10049
21283,10049
21284,10049
21285,10050
21286,10051
21287,10053
21288,10054
21289,10056
21290,10056
21291,10056
21292,10058
21293,10058
21294,10058
21295,10059
21296,10060
21297,10059
21298,10060
21299,10060
21300,10060
21301,10061
21302,10061
21303,10062
21304,10063
21305,10063
21306,10066
21307,10065
21308,10067
21309,10067
21310,10067
21311,10068
21312,10068
21313,10069
21314,10069
21315,10069
21316,10069
21317,10069
21318,10070
21319,10070
21320,10071
21321,10071
21322,10072
21323,10074
21324,10073
21325,10075
21326,10076
21327,10077
21328,10077
21329,10078
21330,10078
21331,10078
21332,10078
21333,10078
21334,10078
21335,10078
21336,10078
21337,10080
21338,10079
21339,10079
21340,10080
21341,10079
21342,10080
21343,10080
21344,10079
21345,10080
21346,10081
21347,10081
21348,10081
21349,10081
21350,10081
21351,10081
21352,10082
21353,10082
21354,10083
21355,10085
21356,10086
21357,10085
21358,10087
21359,10087
21360,10088
21361,10090
21362,10090
21363,10089
21364,10092
21365,10092
21366,10093
21367,10095
21368,10096
21369,10096
21370,10098
21371,10098
21372,10098
21373,10099
21374,10099
21375,10099
21376,10099
21377,10099
21378,10099
21379,10099
21380,10101
21381,10101
21382,10100
21383,10101
21384,10102
21385,10102
21386,10102
21387,10102
21388,10102
21389,10102
21390,10102
21391,10102
21392,10102
21393,10102
21394,10102
21395,10103
21396,10104
21397,10107
21398,10108
21399,10108
21400,10111
21401,10109
21402,10109
21403,10109
21404,10110
21405,10112
21406,10113
21407,10113
21408,10113
21409,10113
21410,10113
21411,10113
21412,10113
21413,10113
21414,10114
21415,10114
21416,10114
21417,10115
21418,10116
21419,10117
21420,10117
21421,10117
21422,10117
21423,10118
21424,10118
21425,10118
21426,10118
21427,10118
21428,10118
21429,10119
21430,10119
21431,10119
21432,10119
21433,10120
21434,10120
21435,10120
21436,10120
21437,10121
21438,10122
21439,10122
21440,10122
21441,10122
21442,10123
21443,10123
21444,10125
21445,10125
21446,10125
21447,10125
21448,10126
21449,10127
21450,10127
21451,10127
21452,10127
21453,10127
21454,10127
21455,10127
21456,10128
21457,10128
21458,10129
21459,10129
21460,10130
21461,10130
21462,10131
21463,10132
21464,10133
21465,10133
21466,10134
21467,10134
21468,10137
21469,10136
21470,10137
21471,10135
21472,10136
21473,10135
21474,10135
21475,10135
21476,10137
21477,10135
21478,10138
21479,10139
21480,10140
21481,10140
21482,10140
21483,10141
21484,10141
21485,10141
21486,10142
21487,10142
21488,10142
21489,10142
21490,10143
21491,10145
21492,10146
21493,10147
21494,10148
21495,10148
21496,10149
21497,10149
21498,10150
21499,10151
21500,10151
21501,10151
21502,10151
21503,10151
21504,10152
21505,10153
21506,10154
21507,10156
21508,10156
21509,10157
21510,10157
21511,10158
21512,10158
21513,10159
21514,10160
21515,10161
21516,10161
21517,10161
21518,10162
21519,10162
21520,10162
21521,10163
21522,10164
21523,10164
21524,10166
21525,10166
21526,10167
21527,10166
21528,10166
21529,10168
21530,10168
21531,10168
21532,10168
21533,10168
21534,10169
21535,10169
21536,10169
21537,10170
21538,10170
21539,10170
21540,10171
21541,10171
21542,10172
21543,10173
21544,10174
21545,10174
21546,10175
21547,10175
21548,10177
21549,10177
21550,10177
21551,10177
21552,10177
21553,10178
21554,10178
21555,10179
21556,10179
21557,10180
21558,10180
21559,10180
21560,10180
21561,10181
21562,10182
21563,10182
21564,10182
21565,10182
21566,10184
21567,10184
21568,10184
21569,10185
21570,10185
21571,10187
21572,10187
21573,10187
21574,10188
21575,10189
21576,10189
21577,10190
21578,10192
21579,10192
21580,10192
21581,10193
21582,10193
21583,10194
21584,10194
21585,10194
21586,10195
21587,10195
21588,10196
21589,10196
21590,10196
21591,10197
21592,10198
21593,10197
21594,10197
21595,10197
21596,10199
21597,10200
21598,10200
21599,10200
21600,10201
21601,10202
21602,10202
21603,10203
21604,10204
21605,10204
21606,10207
21607,10208
21608,10208
21609,10208
21610,10209
21611,10209
21612,10209
21613,10209
21614,10211
21615,10211
21616,10211
21617,10210
21618,10212
21619,10212
21620,10212
21621,10212
21622,10213
21623,10213
21624,10213
21625,10213
21626,10214
21627,10215
21628,10217
21629,10217
21630,10219
21631,10221
21632,10222
21633,10222
21634,10222
21635,10222
21636,10222
21637,10222
21638,10222
21639,10223
21640,10223
21641,10224
21642,10224
21643,10225
21644,10225
21645,10226
21646,10226
21647,10226
21648,10226
21649,10226
21650,10227
21651,10228
21652,10227
21653,10229
21654,10229
21655,10230
21656,10230
21657,10231
21658,10231
21659,10232
21660,10232
21661,10232
21662,10232
21663,10232
21664,10232
21665,10232
21666,10232
21667,10232
21668,10233
21669,10233
21670,10233
21671,10233
21672,10233
21673,10233
21674,10233
21675,10233
21676,10234
21677,10235
21678,10237
21679,10238
21680,10238
21681,10238
21682,10239
21683,10239
21684,10240
21685,10240
21686,10240
21687,10240
21688,10242
21689,10241
21690,10241
21691,10244
21692,10243
21693,10245
21694,10245
21695,10246
21696,10246
21697,10246
21698,10247
21699,10248
21700,10249
21701,10249
21702,10249
21703,10249
21704,10250
21705,10250
21706,10251
21707,10253
21708,10254
21709,10254
21710,10256
21711,10255
21712,10255
21713,10255
21714,10255
21715,10256
21716,10255
21717,10255
21718,10256
21719,10255
21720,10257
21721,10257
21722,10257
21723,10257
21724,10257
21725,10257
21726,10257
21727,10259
21728,10259
21729,10260
21730,10261
21731,10263
21732,10264
21733,10265
21734,10265
21735,10265
21736,10265
21737,10265
21738,10266
21739,10266
21740,10266
21741,10266
21742,10266
21743,10266
21744,10266
21745,10266
21746,10266
21747,10266
21748,10267
21749,10267
21750,10268
21751,10270
21752,10271
21753,10273
21754,10272
21755,10272
21756,10271
21757,10274
21758,10275
21759,10276
21760,10276
21761,10276
21762,10276
21763,10276
21764,10276
21765,10277
21766,10277
21767,10277
21768,10278
21769,10278
21770,10278
21771,10279
21772,10280
21773,10281
21774,10282
21775,10284
21776,10285
21777,10285
21778,10285
21779,10286
21780,10286
21781,10286
21782,10287
21783,10289
21784,10288
21785,10288
21786,10291
21787,10291
21788,10292
21789,10293
21790,10294
21791,10296
21792,10298
21793,10297
21794,10298
21795,10299
21796,10300
21797,10300
21798,10300
21799,10300
21800,10301
21801,10301
21802,10302
21803,10302
21804,10302
21805,10303
21806,10306
21807,10307
21808,10307
21809,10308
21810,10308
21811,10309
21812,10309
21813,10311
21814,10312
21815,10313
21816,10316
21817,10316
21818,10316
21819,10316
21820,10316
21821,10317
21822,10317
21823,10318
21824,10318
21825,10319
21826,10319
21827,10321
21828,10322
21829,10325
21830,10323
21831,10324
21832,10326
21833,10327
21834,10327
21835,10328
21836,10328
21837,10328
21838,10328
21839,10328
21840,10328
21841,10328
21842,10328
21843,10329
21844,10330
21845,10331
21846,10331
21847,10331
21848,10331
21849,10332
21850,10335
21851,10334
21852,10333
21853,10335
21854,10336
21855,10336
21856,10336
21857,10337
21858,10337
21859,10338
21860,10338
21861,10339
21862,10340
21863,10340
21864,10340
21865,10342
21866,10341
21867,10344
21868,10346
21869,10344
21870,10348
21871,10349
21872,10349
21873,10349
21874,10350
21875,10350
21876,10350
21877,10351
21878,10351
21879,10351
21880,10351
21881,10351
21882,10352
21883,10352
21884,10352
21885,10353
21886,10353
21887,10354
21888,10354
21889,10356
21890,10356
21891,10358
21892,10359
21893,10359
21894,10357
21895,10360
21896,10360
21897,10361
21898,10361
21899,10361
21900,10361
21901,10362
21902,10362
21903,10364
21904,10364
21905,10364
21906,10363
21907,10364
21908,10365
21909,10366
21910,10365
21911,10366
21912,10366
21913,10369
21914,10370
21915,10370
21916,10370
21917,10370
21918,10370
21919,10371
21920,10372
21921,10372
21922,10372
21923,10372
21924,10372
21925,10372
21926,10372
21927,10372
21928,10373
21929,10373
21930,10374
21931,10375
21932,10376
21933,10376
21934,10376
21935,10378
21936,10379
21937,10380
21938,10380
21939,10381
21940,10383
21941,10383
21942,10383
21943,10385
21944,10384
21945,10386
21946,10387
21947,10387
21948,10387
21949,10388
21950,10389
21951,10389
21952,10389
21953,10389
21954,10390
21955,10389
21956,10391
21957,10391
21958,10391
21959,10391
21960,10392
21961,10394
21962,10394
21963,10394
21964,10394
21965,10394
21966,10394
21967,10394
21968,10394
21969,10394
21970,10394
21971,10395
21972,10395
21973,10396
21974,10398
21975,10397
21976,10398
21977,10399
21978,10400
21979,10400
21980,10400
21981,10400
21982,10400
21983,10400
21984,10401
21985,10401
21986,10402
21987,10402
21988,10402
21989,10402
21990,10402
21991,10402
21992,10402
21993,10402
21994,10402
21995,10403
21996,10407
21997,10407
21998,10407
21999,10406
22000,10406
22001,10406
22002,10406
22003,10408
22004,10409
22005,10410
22006,10411
22007,10412
22008,10414
22009,10413
22010,10414
22011,10413
22012,10413
22013,10414
22014,10414
22015,10413
22016,10413
22017,10414
22018,10416
22019,10416
22020,10418
22021,10418
22022,10420
22023,10419
22024,10422
22025,10422
22026,10423
22027,10423
22028,10423
22029,10423
22030,10424
22031,10424
22032,10424
22033,10425
22034,10425
22035,10426
22036,10427
22037,10428
22038,10428
22039,10427
22040,10430
22041,10429
22042,10431
22043,10431
22044,10432
22045,10432
22046,10432
22047,10432
22048,10433
22049,10433
22050,10434
22051,10435
22052,10436
22053,10436
22054,10437
22055,10438
22056,10439
22057,10440
22058,10440
22059,10440
22060,10440
22061,10440
22062,10440
22063,10440
22064,10440
22065,10441
22066,10443
22067,10444
22068,10445
22069,10445
22070,10446
22071,10446
22072,10446
22073,10447
22074,10447
22075,10447
22076,10448
22077,10448
22078,10449
22079,10450
22080,10450
22081,10450
22082,10450
22083,10450
22084,10451
22085,10451
22086,10452
22087,10453
22088,10453
22089,10453
22090,10453
22091,10454
22092,10454
22093,10454
22094,10456
22095,10456
22096,10457
22097,10457
22098,10457
22099,10457
22100,10458
22101,10459
22102,10459
22103,10459
22104,10459
22105,10459
22106,10461
22107,10463
22108,10462
22109,10462
22110,10465
22111,10466
22112,10467
22113,10468
22114,10469
22115,10469
22116,10470
22117,10472
22118,10470
22119,10473
22120,10473
22121,10473
22122,10474
22123,10474
22124,10475
22125,10478
22126,10478
22127,10478
22128,10481
22129,10479
22130,10481
22131,10480
22132,10482
22133,10483
22134,10484
22135,10487
22136,10487
22137,10487
22138,10488
22139,10488
22140,10488
22141,10488
22142,10488
22143,10488
22144,10490
22145,10491
22146,10491
22147,10491
22148,10491
22149,10491
22150,10491
22151,10491
22152,10492
22153,10493
22154,10493
22155,10492
22156,10493
22157,10493
22158,10494
22159,10495
22160,10495
22161,10495
22162,10495
22163,10495
22164,10495
22165,10496
22166,10497
22167,10496
22168,10498
22169,10498
22170,10498
22171,10498
22172,10499
22173,10499
22174,10499
22175,10499
22176,10499
22177,10500
22178,10500
22179,10500
22180,10501
22181,10500
22182,10502
22183,10503
22184,10503
22185,10505
22186,10505
22187,10506
22188,10506
22189,10506
22190,10506
22191,10507
22192,10507
22193,10507
22194,10508
22195,10509
22196,10509
22197,10511
22198,10510
22199,10513
22200,10514
22201,10515
22202,10516
22203,10516
22204,10516
22205,10516
22206,10517
22207,10517
22208,10517
22209,10518
22210,10518
22211,10519
22212,10519
22213,10520
22214,10520
22215,10521
22216,10521
22217,10521
22218,10522
22219,10524
22220,10524
22221,10525
22222,10525
22223,10525
22224,10525
22225,10526
22226,10526
22227,10526
22228,10527
22229,10527
22230,10527
22231,10528
22232,10530
22233,10530
22234,10532
22235,10533
22236,10533
22237,10534
22238,10534
22239,10535
22240,10535
22241,10536
22242,10537
22243,10537
22244,10537
22245,10537
22246,10538
22247,10538
22248,10539
22249,10540
22250,10540
22251,10540
22252,10541
22253,10542
22254,10542
22255,10543
22256,10543
22257,10543
22258,10544
22259,10544
22260,10544
22261,10544
22262,10545
22263,10545
22264,10545
22265,10546
22266,10546
22267,10547
22268,10548
22269,10549
22270,10549
22271,10550
22272,10551
22273,10552
22274,10552
22275,10552
22276,10553
22277,10553
22278,10554
22279,10554
22280,10556
22281,10555
22282,10556
22283,10556
22284,10557
22285,10557
22286,10558
22287,10559
22288,10559
22289,10559
22290,10560
22291,10561
22292,10564
22293,10567
22294,10568
22295,10568
22296,10568
22297,10568
22298,10569
22299,10569
22300,10569
22301,10569
22302,10569
22303,10569
22304,10569
22305,10569
22306,10569
22307,10569
22308,10570
22309,10570
22310,10570
22311,10570
22312,10570
22313,10571
22314,10572
22315,10573
22316,10572
22317,10573
22318,10573
22319,10572
22320,10572
22321,10572
22322,10573
22323,10575
22324,10577
22325,10576
22326,10580
22327,10578
22328,10579
22329,10580
22330,10581
22331,10581
22332,10581
22333,10581
22334,10581
22335,10581
22336,10581
22337,10581
22338,10582
22339,10583
22340,10583
22341,10583
22342,10583
22343,10583
22344,10584
22345,10586
22346,10587
22347,10588
22348,10589
22349,10591
22350,10590
22351,10589
22352,10591
22353,10589
22354,10590
22355,10589
22356,10592
22357,10592
22358,10592
22359,10592
22360,10592
22361,10593
22362,10595
22363,10595
22364,10595
22365,10596
22366,10596
22367,10596
22368,10597
22369,10597
22370,10597
22371,10597
22372,10597
22373,10597
22374,10597
22375,10597
22376,10597
22377,10597
22378,10598
22379,10599
22380,10601
22381,10600
22382,10600
22383,10602
22384,10603
22385,10603
22386,10604
22387,10607
22388,10607
22389,10607
22390,10607
22391,10609
22392,10611
22393,10613
22394,10614
22395,10615
22396,10615
22397,10615
22398,10615
22399,10615
22400,10616
22401,10617
22402,10617
22403,10618
22404,10619
22405,10619
22406,10620
22407,10620
22408,10620
22409,10620
22410,10620
22411,10621
22412,10621
22413,10623
22414,10624
22415,10625
22416,10623
22417,10626
22418,10626
22419,10626
22420,10626
22421,10627
22422,10627
22423,10627
22424,10627
22425,10630
22426,10628
22427,10631
22428,10631
22429,10631
22430,10632
22431,10632
22432,10632
22433,10632
22434,10633
22435,10633
22436,10634
22437,10635
22438,10635
22439,10635
22440,10635
22441,10635
22442,10636
22443,10636
22444,10637
22445,10638
22446,10639
22447,10639
22448,10639
22449,10641
22450,10640
22451,10640
22452,10641
22453,10641
22454,10640
22455,10642
22456,10642
22457,10643
22458,10643
22459,10644
22460,10645
22461,10645
22462,10644
22463,10645
22464,10644
22465,10644
22466,10646
22467,10646
22468,10647
22469,10649
22470,10648
22471,10650
22472,10651
22473,10651
22474,10651
22475,10653
22476,10653
22477,10653
22478,10654
22479,10655
22480,10655
22481,10654
22482,10655
22483,10654
22484,10654
22485,10656
22486,10657
22487,10658
22488,10658
22489,10658
22490,10659
22491,10659
22492,10659
22493,10660
22494,10661
22495,10661
22496,10661
22497,10661
22498,10662
22499,10662
22500,10662
22501,10662
22502,10662
22503,10663
22504,10663
22505,10665
22506,10664
22507,10666
22508,10666
22509,10668
22510,10668
22511,10669
22512,10669
22513,10670
22514,10670
22515,10670
22516,10671
22517,10672
22518,10675
22519,10675
22520,10677
22521,10676
22522,10677
22523,10678
22524,10678
22525,10678
22526,10678
22527,10679
22528,10679
22529,10679
22530,10679
22531,10679
22532,10680
22533,10680
22534,10680
22535,10680
22536,10681
22537,10681
22538,10682
22539,10683
22540,10686
22541,10687
22542,10687
22543,10685
22544,10686
22545,10687
22546,10688
22547,10689
22548,10689
22549,10690
22550,10690
22551,10690
22552,10690
22553,10690
22554,10692
22555,10693
22556,10694
22557,10694
22558,10694
22559,10694
22560,10694
22561,10695
22562,10697
22563,10697
22564,10697
22565,10698
22566,10698
22567,10698
22568,10698
22569,10698
22570,10699
22571,10699
22572,10700
22573,10701
22574,10701
22575,10701
22576,10702
22577,10703
22578,10703
22579,10703
22580,10704
22581,10704
22582,10705
22583,10706
22584,10706
22585,10707
22586,10707
22587,10707
22588,10707
22589,10708
22590,10709
22591,10709
22592,10709
22593,10709
22594,10709
22595,10710
22596,10710
22597,10711
22598,10711
22599,10711
22600,10711
22601,10711
22602,10711
22603,10711
22604,10711
22605,10712
22606,10712
22607,10712
22608,10712
22609,10713
22610,10714
22611,10714
22612,10715
22613,10715
22614,10715
22615,10715
22616,10715
22617,10716
22618,10716
22619,10716
22620,10718
22621,10718
22622,10719
22623,10719
22624,10720
22625,10720
22626,10721
22627,10721
22628,10721
22629,10722
22630,10722
22631,10724
22632,10725
22633,10725
22634,10725
22635,10726
22636,10726
22637,10726
22638,10726
22639,10726
22640,10726
22641,10726
22642,10729
22643,10730
22644,10730
22645,10730
22646,10730
22647,10730
22648,10730
22649,10730
22650,10731
22651,10731
22652,10731
22653,10733
22654,10733
22655,10733
22656,10734
22657,10735
22658,10735
22659,10735
22660,10735
22661,10736
22662,10736
22663,10736
22664,10737
22665,10737
22666,10738
22667,10738
22668,10738
22669,10738
22670,10739
22671,10742
22672,10741
22673,10742
22674,10743
22675,10743
22676,10743
22677,10744
22678,10744
22679,10744
22680,10745
22681,10745
22682,10745
22683,10745
22684,10745
22685,10746
22686,10746
22687,10746
22688,10746
22689,10746
22690,10746
22691,10746
22692,10746
22693,10746
22694,10747
22695,10749
22696,10750
22697,10750
22698,10750
22699,10750
22700,10751
22701,10751
22702,10751
22703,10753
22704,10753
22705,10755
22706,10756
22707,10756
22708,10758
22709,10759
22710,10759
22711,10758
22712,10760
22713,10761
22714,10763
22715,10763
22716,10762
22717,10765
22718,10766
22719,10766
22720,10766
22721,10766
22722,10767
22723,10768
22724,10768
22725,10768
22726,10770
22727,10770
22728,10771
22729,10771
22730,10771
22731,10772
22732,10771
22733,10771
22734,10773
22735,10777
22736,10777
22737,10775
22738,10777
22739,10775
22740,10775
22741,10776
22742,10777
22743,10777
22744,10777
22745,10777
22746,10775
22747,10775
22748,10778
22749,10778
22750,10778
22751,10779
22752,10779
22753,10779
22754,10780
22755,10780
22756,10780
22757,10780
22758,10780
22759,10781
22760,10781
22761,10781
22762,10783
22763,10782
22764,10784
22765,10782
22766,10786
22767,10785
22768,10788
22769,10788
22770,10789
22771,10789
22772,10789
22773,10790
22774,10790
22775,10790
22776,10791
22777,10791
22778,10792
22779,10792
22780,10792
22781,10794
22782,10794
22783,10795
22784,10796
22785,10796
22786,10796
22787,10796
22788,10797
22789,10797
22790,10797
22791,10797
22792,10797
22793,10798
22794,10799
22795,10801
22796,10801
22797,10802
22798,10802
22799,10803
22800,10803
22801,10804
22802,10804
22803,10804
22804,10804
22805,10806
22806,10805
22807,10806
22808,10805
22809,10806
22810,10806
22811,10806
22812,10805
22813,10808
22814,10810
22815,10810
22816,10811
22817,10811
22818,10811
22819,10811
22820,10811
22821,10812
22822,10814
22823,10813
22824,10813
22825,10813
22826,10812
22827,10815
22828,10815
22829,10816
22830,10816
22831,10819
22832,10819
22833,10820
22834,10821
22835,10821
22836,10820
22837,10821
22838,10821
22839,10820
22840,10821
22841,10821
22842,10821
22843,10822
22844,10822
22845,10822
22846,10822
22847,10823
22848,10823
22849,10823
22850,10825
22851,10827
22852,10827
22853,10826
22854,10827
22855,10828
22856,10828
22857,10829
22858,10829
22859,10829
22860,10829
22861,10831
22862,10831
22863,10831
22864,10831
22865,10830
22866,10831
22867,10832
22868,10834
22869,10835
22870,10835
22871,10838
22872,10838
22873,10838
22874,10839
22875,10840
22876,10840
22877,10840
22878,10841
22879,10842
22880,10843
22881,10844
22882,10843
22883,10843
22884,10845
22885,10846
22886,10847
22887,10848
22888,10848
22889,10850
22890,10849
22891,10852
22892,10853
22893,10854
22894,10855
22895,10855
22896,10856
22897,10858
22898,10857
22899,10859
22900,10860
22901,10861
22902,10861
22903,10862
22904,10863
22905,10863
22906,10864
22907,10867
22908,10868
22909,10869
22910,10869
22911,10872
22912,10873
22913,10873
22914,10873
22915,10874
22916,10875
22917,10877
22918,10877
22919,10877
22920,10877
22921,10877
22922,10878
22923,10879
22924,10880
22925,10881
22926,10882
22927,10882
22928,10881
22929,10882
22930,10881
22931,10883
22932,10884
22933,10885
22934,10885
22935,10887
22936,10889
22937,10889
22938,10889
22939,10889
22940,10890
22941,10892
22942,10892
22943,10892
22944,10892
22945,10892
22946,10892
22947,10892
22948,10893
22949,10895
22950,10897
22951,10897
22952,10898
22953,10898
22954,10899
22955,10899
22956,10900
22957,10902
22958,10902
22959,10903
22960,10903
22961,10903
22962,10906
22963,10906
22964,10906
22965,10905
22966,10905
22967,10905
22968,10905
22969,10906
22970,10907
22971,10907
22972,10908
22973,10908
22974,10908
22975,10909
22976,10909
22977,10909
22978,10910
22979,10910
22980,10910
22981,10910
22982,10910
22983,10911
22984,10912
22985,10914
22986,10914
22987,10915
22988,10916
22989,10916
22990,10916
22991,10916
22992,10916
22993,10916
22994,10916
22995,10916
22996,10916
22997,10917
22998,10918
22999,10918
23000,10919
23001,10918
23002,10920
23003,10920
23004,10921
23005,10922
23006,10922
23007,10923
23008,10923
23009,10925
23010,10926
23011,10926
23012,10926
23013,10926
23014,10926
23015,10926
23016,10926
23017,10927
23018,10927
23019,10929
23020,10929
23021,10930
23022,10930
23023,10930
23024,10931
23025,10932
23026,10932
23027,10932
23028,10933
23029,10935
23030,10935
23031,10936
23032,10938
23033,10937
23034,10939
23035,10939
23036,10939
23037,10939
23038,10939
23039,10939
23040,10939
23041,10940
23042,10940
23043,10940
23044,10941
23045,10942
23046,10942
23047,10942
23048,10942
23049,10942
23050,10943
23051,10943
23052,10943
23053,10944
23054,10945
23055,10945
23056,10945
23057,10945
23058,10945
23059,10947
23060,10948
23061,10949
23062,10949
23063,10950
23064,10952
23065,10952
23066,10950
23067,10952
23068,10953
23069,10953
23070,10954
23071,10954
23072,10956
23073,10956
23074,10957
23075,10959
23076,10958
23077,10958
23078,10962
23079,10962
23080,10963
23081,10963
23082,10961
23083,10963
23084,10963
23085,10962
23086,10964
23087,10964
23088,10964
23089,10965
23090,10966
23091,10966
23092,10966
23093,10966
23094,10967
23095,10967
23096,10967
23097,10968
23098,10969
23099,10969
23100,10969
23101,10970
23102,10970
23103,10970
23104,10970
23105,10970
23106,10971
23107,10971
23108,10971
23109,10971
23110,10971
23111,10971
23112,10971
23113,10972
23114,10972
23115,10973
23116,10975
23117,10975
23118,10976
23119,10976
23120,10976
23121,10976
23122,10977
23123,10977
23124,10978
23125,10978
23126,10978
23127,10978
23128,10979
23129,10979
23130,10979
23131,10979
23132,10980
23133,10980
23134,10981
23135,10983
23136,10983
23137,10984
23138,10984
23139,10984
23140,10984
23141,10984
23142,10984
23143,10985
23144,10986
23145,10987
23146,10987
23147,10987
23148,10987
23149,10988
23150,10988
23151,10988
23152,10988
23153,10989
23154,10989
23155,10989
23156,10989
23157,10990
23158,10991
23159,10991
23160,10992
23161,10993
23162,10994
23163,10994
23164,10996
23165,10997
23166,10997
23167,10999
23168,11000
23169,11000
23170,11000
23171,11002
23172,11002
23173,11003
23174,11003
23175,11003
23176,11003
23177,11003
23178,11006
23179,11007
23180,11007
23181,11009
23182,11011
23183,11011
23184,11014
23185,11014
23186,11014
23187,11015
23188,11016
23189,11015
23190,11017
23191,11017
23192,11017
23193,11020
23194,11021
23195,11024
23196,11025
23197,11025
23198,11025
23199,11025
23200,11026
23201,11026
23202,11027
23203,11027
23204,11027
23205,11027
23206,11027
23207,11027
23208,11027
23209,11028
23210,11028
23211,11029
23212,11030
23213,11030
23214,11030
23215,11030
23216,11031
23217,11032
23218,11034
23219,11035
23220,11035
23221,11035
23222,11035
23223,11035
23224,11035
23225,11035
23226,11036
23227,11036
23228,11036
23229,11037
23230,11038
23231,11038
23232,11039
23233,11040
23234,11040
23235,11041
23236,11042
23237,11043
23238,11043
23239,11043
23240,11043
23241,11043
23242,11043
23243,11044
23244,11044
23245,11045
23246,11045
23247,11045
23248,11045
23249,11045
23250,11047
23251,11047
23252,11047
23253,11050
23254,11049
23255,11050
23256,11052
23257,11051
23258,11052
23259,11051
23260,11051
23261,11052
23262,11051
23263,11053
23264,11055
23265,11055
23266,11054
23267,11054
23268,11056
23269,11056
23270,11056
23271,11056
23272,11057
23273,11057
23274,11058
23275,11058
23276,11059
23277,11059
23278,11060
23279,11062
23280,11061
23281,11062
23282,11062
23283,11062
23284,11061
23285,11063
23286,11063
23287,11065
23288,11067
23289,11067
23290,11068
23291,11068
23292,11070
23293,11070
23294,11070
23295,11072
23296,11073
23297,11073
23298,11073
23299,11073
23300,11073
23301,11073
23302,11073
23303,11073
23304,11074
23305,11074
23306,11075
23307,11076
23308,11079
23309,11079
23310,11080
23311,11080
23312,11082
23313,11081
23314,11081
23315,11082
23316,11081
23317,11081
23318,11081
23319,11082
23320,11082
23321,11081
23322,11083
23323,11083
23324,11084
23325,11085
23326,11085
23327,11085
23328,11086
23329,11087
23330,11086
23331,11088
23332,11088
23333,11088
23334,11088
23335,11089
23336,11091
23337,11093
23338,11093
23339,11092
23340,11094
23341,11094
23342,11094
23343,11095
23344,11095
23345,11095
23346,11095
23347,11095
23348,11097
23349,11099
23350,11099
23351,11099
23352,11099
23353,11099
23354,11099
23355,11099
23356,11100
23357,11102
23358,11103
23359,11105
23360,11106
23361,11107
23362,11106
23363,11107
23364,11106
23365,11106
23366,11108
23367,11109
23368,11109
23369,11109
23370,11110
23371,11111
23372,11111
23373,11111
23374,11111
23375,11111
23376,11111
23377,11112
23378,11113
23379,11113
23380,11113
23381,11113
23382,11113
23383,11114
23384,11114
23385,11114
23386,11114
23387,11114
23388,11115
23389,11115
23390,11115
23391,11115
23392,11116
23393,11116
23394,11117
23395,11118
23396,11118
23397,11118
23398,11118
23399,11118
23400,11118
23401,11118
23402,11119
23403,11119
23404,11119
23405,11120
23406,11121
23407,11122
23408,11122
23409,11122
23410,11123
23411,11123
23412,11124
23413,11124
23414,11124
23415,11124
23416,11124
23417,11124
23418,11124
23419,11125
23420,11125
23421,11127
23422,11128
23423,11129
23424,11129
23425,11130
23426,11130
23427,11130
23428,11130
23429,11131
23430,11131
23431,11132
23432,11132
23433,11132
23434,11132
23435,11133
23436,11134
23437,11135
23438,11134
23439,11134
23440,11135
23441,11134
23442,11134
23443,11136
23444,11136
23445,11136
23446,11136
23447,11136
23448,11136
23449,11136
23450,11139
23451,11139
23452,11139
23453,11137
23454,11139
23455,11140
23456,11140
23457,11140
23458,11140
23459,11140
23460,11141
23461,11141
23462,11141
23463,11141
23464,11142
23465,11142
23466,11143
23467,11143
23468,11143
23469,11143
23470,11144
23471,11144
23472,11144
23473,11145
23474,11146
23475,11147
23476,11149
23477,11153
23478,11152
23479,11154
23480,11154
23481,11156
23482,11156
23483,11156
23484,11159
23485,11159
23486,11160
23487,11161
23488,11161
23489,11163
23490,11163
23491,11163
23492,11163
23493,11163
23494,11164
23495,11164
23496,11164
23497,11164
23498,11164
23499,11165
23500,11165
23501,11165
23502,11166
23503,11167
23504,11167
23505,11168
23506,11168
23507,11168
23508,11168
23509,11169
23510,11169
23511,11169
23512,11170
23513,11171
23514,11171
23515,11172
23516,11173
23517,11173
23518,11173
23519,11174
23520,11174
23521,11174
23522,11174
23523,11174
23524,11175
23525,11175
23526,11175
23527,11175
23528,11176
23529,11176
23530,11177
23531,11177
23532,11177
23533,11178
23534,11179
23535,11179
23536,11178
23537,11183
23538,11182
23539,11183
23540,11181
23541,11184
23542,11184
23543,11184
23544,11185
23545,11185
23546,11185
23547,11185
23548,11186
23549,11187
23550,11187
23551,11188
23552,11189
23553,11189
23554,11189
23555,11189
23556,11190
23557,11191
23558,11191
23559,11191
23560,11192
23561,11194
23562,11193
23563,11193
23564,11193
23565,11195
23566,11195
23567,11197
23568,11198
23569,11198
23570,11198
23571,11198
23572,11199
23573,11201
23574,11201
23575,11202
23576,11202
23577,11202
23578,11202
23579,11202
23580,11203
23581,11203
23582,11203
23583,11203
23584,11204
23585,11205
23586,11205
23587,11206
23588,11207
23589,11207
23590,11209
23591,11209
23592,11210
23593,11211
23594,11212
23595,11212
23596,11213
23597,11216
23598,11215
23599,11217
23600,11217
23601,11217
23602,11217
23603,11217
23604,11217
23605,11217
23606,11218
23607,11218
23608,11218
23609,11219
23610,11219
23611,11219
23612,11219
23613,11219
23614,11220
23615,11221
23616,11223
23617,11225
23618,11225
23619,11225
23620,11226
23621,11228
23622,11227
23623,11228
23624,11228
23625,11227
23626,11227
23627,11228
23628,11227
23629,11227
23630,11229
23631,11231
23632,11231
23633,11231
23634,11232
23635,11233
23636,11233
23637,11234
23638,11234
23639,11235
23640,11235
23641,11235
23642,11235
23643,11235
23644,11235
23645,11235
23646,11235
23647,11236
23648,11236
23649,11236
23650,11237
23651,11237
23652,11237
23653,11238
23654,11239
23655,11239
23656,11238
23657,11240
23658,11240
23659,11241
23660,11241
23661,11242
23662,11242
23663,11242
23664,11242
23665,11242
23666,11243
23667,11244
23668,11244
23669,11245
23670,11245
23671,11245
23672,11245
23673,11245
23674,11245
23675,11246
23676,11248
23677,11247
23678,11249
23679,11249
23680,11249
23681,11249
23682,11251
23683,11253
23684,11253
23685,11254
23686,11254
23687,11254
23688,11255
23689,11255
23690,11255
23691,11256
23692,11257
23693,11258
23694,11257
23695,11257
23696,11258
23697,11259
23698,11262
23699,11262
23700,11263
23701,11263
23702,11263
23703,11263
23704,11263
23705,11263
23706,11264
23707,11265
23708,11265
23709,11265
23710,11265
23711,11265
23712,11265
23713,11265
23714,11266
23715,11267
23716,11267
23717,11269
23718,11271
23719,11271
23720,11270
23721,11273
23722,11273
23723,11273
23724,11273
23725,11274
23726,11274
23727,11276
23728,11277
23729,11279
23730,11279
23731,11278
23732,11281
23733,11281
23734,11281
23735,11282
23736,11283
23737,11285
23738,11285
23739,11286
23740,11286
23741,11286
23742,11287
23743,11287
23744,11287
23745,11288
23746,11288
23747,11291
23748,11292
23749,11293
23750,11293
23751,11293
23752,11293
23753,11293
23754,11293
23755,11293
23756,11293
23757,11293
23758,11294
23759,11295
23760,11295
23761,11296
23762,11298
23763,11298
23764,11298
23765,11298
23766,11299
23767,11299
23768,11302
23769,11301
23770,11303
23771,11304
23772,11304
23773,11305
23774,11305
23775,11307
23776,11307
23777,11307
23778,11308
23779,11308
23780,11308
23781,11308
23782,11308
23783,11309
23784,11309
23785,11309
23786,11310
23787,11310
23788,11310
23789,11310
23790,11310
23791,11311
23792,11311
23793,11314
23794,11314
23795,11313
23796,11313
23797,11316
23798,11317
23799,11317
23800,11317
23801,11318
23802,11318
23803,11319
23804,11319
23805,11320
23806,11322
23807,11322
23808,11322
23809,11322
23810,11323
23811,11323
23812,11323
23813,11323
23814,11323
23815,11324
23816,11324
23817,11324
23818,11324
23819,11324
23820,11326
23821,11327
23822,11327
23823,11327
23824,11328
23825,11329
23826,11329
23827,11329
23828,11329
23829,11331
23830,11330
23831,11332
23832,11332
23833,11332
23834,11332
23835,11332
23836,11333
23837,11333
23838,11335
23839,11336
23840,11337
23841,11337
23842,11338
23843,11337
23844,11339
23845,11339
23846,11339
23847,11342
23848,11343
23849,11343
23850,11345
23851,11345
23852,11344
23853,11346
23854,11347
23855,11349
23856,11350
23857,11351
23858,11351
23859,11353
23860,11355
23861,11355
23862,11355
23863,11356
23864,11356
23865,11356
23866,11356
23867,11356
23868,11357
23869,11359
23870,11359
23871,11358
23872,11358
23873,11360
23874,11360
23875,11361
23876,11362
23877,11364
23878,11364
23879,11365
23880,11366
23881,11367
23882,11367
23883,11368
23884,11368
23885,11368
23886,11368
23887,11369
23888,11369
23889,11369
23890,11369
23891,11370
23892,11371
23893,11371
23894,11371
23895,11371
23896,11372
23897,11373
23898,11373
23899,11373
23900,11376
23901,11374
23902,11374
23903,11378
23904,11377
23905,11377
23906,11377
23907,11377
23908,11377
23909,11377
23910,11377
23911,11377
23912,11378
23913,11378
23914,11379
23915,11379
23916,11379
23917,11379
23918,11381
23919,11382
23920,11382
23921,11383
23922,11383
23923,11383
23924,11383
23925,11384
23926,11384
23927,11385
23928,11385
23929,11386
23930,11386
23931,11386
23932,11387
23933,11387
23934,11387
23935,11387
23936,11388
23937,11388
23938,11388
23939,11389
23940,11389
23941,11389
23942,11389
23943,11389
23944,11389
23945,11389
23946,11389
23947,11389
23948,11389
23949,11390
23950,11390
23951,11391
23952,11392
23953,11392
23954,11393
23955,11394
23956,11397
23957,11397
23958,11397
23959,11398
23960,11397
23961,11397
23962,11397
23963,11397
23964,11398
23965,11397
23966,11399
23967,11399
23968,11399
23969,11401
23970,11401
23971,11401
23972,11402
23973,11402
23974,11402
23975,11403
23976,11403
23977,11403
23978,11403
23979,11403
23980,11403
23981,11404
23982,11404
23983,11404
23984,11404
23985,11404
23986,11404
23987,11405
23988,11405
23989,11407
23990,11407
23991,11406
23992,11409
23993,11410
23994,11410
23995,11412
23996,11412
23997,11411
23998,11413
23999,11414
24000,11414
24001,11415
24002,11415
24003,11416
24004,11417
24005,11418
24006,11417
24007,11419
24008,11419
24009,11420
24010,11420
24011,11421
24012,11424
24013,11424
24014,11424
24015,11425
24016,11425
24017,11425
24018,11426
24019,11426
24020,11426
24021,11426
24022,11427
24023,11429
24024,11430
24025,11431
24026,11431
24027,11431
24028,11431
24029,11431
24030,11431
24031,11432
24032,11432
24033,11432
24034,11432
24035,11432
24036,11433
24037,11433
24038,11435
24039,11435
24040,11434
24041,11436
24042,11438
24043,11438
24044,11439
24045,11440
24046,11440
24047,11440
24048,11440
24049,11441
24050,11441
24051,11442
24052,11442
24053,11442
24054,11442
24055,11443
24056,11443
24057,11443
24058,11444
24059,11444
24060,11444
24061,11445
24062,11445
24063,11445
24064,11445
24065,11445
24066,11445
24067,11446
24068,11446
24069,11446
24070,11446
24071,11447
24072,11447
24073,11447
24074,11447
24075,11447
24076,11448
24077,11451
24078,11451
24079,11451
24080,11452
24081,11453
24082,11452
24083,11452
24084,11453
24085,11453
24086,11454
24087,11454
24088,11454
24089,11455
24090,11456
24091,11456
24092,11457
24093,11457
24094,11458
24095,11459
24096,11459
24097,11459
24098,11460
24099,11460
24100,11460
24101,11462
24102,11463
24103,11463
24104,11463
24105,11464
24106,11464
24107,11464
24108,11465
24109,11465
24110,11466
24111,11467
24112,11468
24113,11469
24114,11469
24115,11470
24116,11470
24117,11470
24118,11471
24119,11474
24120,11474
24121,11474
24122,11474
24123,11475
24124,11475
24125,11476
24126,11476
24127,11477
24128,11477
24129,11478
24130,11480
24131,11480
24132,11481
24133,11482
24134,11483
24135,11483
24136,11484
24137,11485
24138,11485
24139,11485
24140,11485
24141,11486
24142,11486
24143,11486
24144,11488
24145,11489
24146,11489
24147,11489
24148,11489
24149,11489
24150,11491
24151,11490
24152,11490
24153,11491
24154,11492
24155,11491
24156,11492
24157,11490
24158,11493
24159,11493
24160,11496
24161,11496
24162,11496
24163,11496
24164,11497
24165,11498
24166,11500
24167,11501
24168,11502
24169,11501
24170,11505
24171,11503
24172,11506
24173,11506
24174,11506
24175,11506
24176,11506
24177,11506
24178,11506
24179,11506
24180,11506
24181,11506
24182,11506
24183,11507
24184,11507
24185,11507
24186,11508
24187,11508
24188,11509
24189,11509
24190,11511
24191,11511
24192,11511
24193,11512
24194,11513
24195,11517
24196,11515
24197,11518
24198,11518
24199,11518
24200,11518
24201,11518
24202,11518
24203,11518
24204,11518
24205,11519
24206,11519
24207,11519
24208,11519
24209,11519
24210,11519
24211,11519
24212,11522
24213,11521
24214,11522
24215,11522
24216,11523
24217,11523
24218,11524
24219,11524
24220,11526
24221,11526
24222,11528
24223,11529
24224,11529
24225,11529
24226,11530
24227,11531
24228,11532
24229,11532
24230,11532
24231,11533
24232,11533
24233,11533
24234,11534
24235,11535
24236,11535
24237,11536
24238,11536
24239,11536
24240,11537
24241,11537
24242,11538
24243,11538
24244,11538
24245,11538
24246,11538
24247,11540
24248,11541
24249,11541
24250,11541
24251,11541
24252,11541
24253,11541
24254,11543
24255,11543
24256,11543
24257,11542
24258,11544
24259,11548
24260,11547
24261,11548
24262,11547
24263,11547
24264,11549
24265,11550
24266,11550
24267,11550
24268,11550
24269,11551
24270,11551
24271,11552
24272,11552
24273,11552
24274,11553
24275,11553
24276,11553
24277,11553
24278,11556
24279,11557
24280,11558
24281,11558
24282,11558
24283,11559
24284,11559
24285,11559
24286,11560
24287,11561
24288,11561
24289,11564
24290,11563
24291,11565
24292,11565
24293,11565
24294,11565
24295,11566
24296,11566
24297,11566
24298,11569
24299,11570
24300,11571
24301,11571
24302,11572
24303,11572
24304,11572
24305,11572
24306,11573
24307,11573
24308,11573
24309,11573
24310,11574
24311,11574
24312,11574
24313,11574
24314,11574
24315,11574
24316,11575
24317,11576
24318,11576
24319,11577
24320,11577
24321,11577
24322,11578
24323,11579
24324,11580
24325,11580
24326,11581
24327,11582
24328,11583
24329,11585
24330,11585
24331,11587
24332,11587
24333,11588
24334,11588
24335,11588
24336,11588
24337,11588
24338,11589
24339,11589
24340,11589
24341,11590
24342,11591
24343,11591
24344,11590
24345,11590
24346,11593
24347,11593
24348,11593
24349,11593
24350,11593
24351,11593
24352,11593
24353,11594
24354,11595
24355,11595
24356,11595
24357,11596
24358,11597
24359,11597
24360,11597
24361,11598
24362,11599
24363,11600
24364,11600
24365,11600
24366,11601
24367,11601
24368,11602
24369,11602
24370,11603
24371,11604
24372,11605
24373,11606
24374,11606
24375,11606
24376,11607
24377,11609
24378,11609
24379,11610
24380,11610
24381,11609
24382,11611
24383,11611
24384,11611
24385,11611
24386,11611
24387,11611
24388,11611
24389,11612
24390,11612
24391,11612
24392,11613
24393,11613
24394,11613
24395,11613
24396,11615
24397,11615
24398,11614
24399,11614
24400,11615
24401,11616
24402,11616
24403,11616
24404,11617
24405,11617
24406,11617
24407,11617
24408,11618
24409,11618
24410,11618
24411,11619
24412,11619
24413,11620
24414,11621
24415,11621
24416,11621
24417,11622
24418,11623
24419,11623
24420,11623
24421,11623
24422,11625
24423,11624
24424,11626
24425,11626
24426,11626
24427,11627
24428,11629
24429,11629
24430,11629
24431,11629
24432,11630
24433,11631
24434,11632
24435,11632
24436,11635
24437,11635
24438,11634
24439,11634
24440,11634
24441,11634
24442,11636
24443,11636
24444,11637
24445,11637
24446,11638
24447,11638
24448,11639
24449,11639
24450,11639
24451,11639
24452,11640
24453,11641
24454,11640
24455,11641
24456,11641
24457,11640
24458,11641
24459,11640
24460,11640
24461,11640
24462,11642
24463,11643
24464,11643
24465,11643
24466,11643
24467,11643
24468,11644
24469,11645
24470,11645
24471,11646
24472,11646
24473,11646
24474,11646
24475,11647
24476,11647
24477,11648
24478,11648
24479,11648
24480,11648
24481,11649
24482,11650
24483,11652
24484,11651
24485,11652
24486,11651
24487,11653
24488,11656
24489,11655
24490,11658
24491,11659
24492,11659
24493,11660
24494,11660
24495,11661
24496,11661
24497,11663
24498,11662
24499,11664
24500,11664
24501,11664
24502,11665
24503,11665
24504,11665
24505,11668
24506,11668
24507,11669
24508,11669
24509,11669
24510,11669
24511,11669
24512,11670
24513,11670
24514,11670
24515,11672
24516,11672
24517,11672
24518,11673
24519,11675
24520,11675
24521,11675
24522,11676
24523,11676
24524,11677
24525,11677
24526,11677
24527,11678
24528,11678
24529,11679
24530,11679
24531,11680
24532,11681
24533,11681
24534,11681
24535,11683
24536,11684
24537,11684
24538,11684
24539,11684
24540,11684
24541,11684
24542,11684
24543,11684
24544,11685
24545,11685
24546,11686
24547,11686
24548,11686
24549,11686
24550,11686
24551,11687
24552,11688
24553,11692
24554,11690
24555,11692
24556,11690
24557,11692
24558,11693
24559,11693
24560,11694
24561,11694
24562,11694
24563,11694
24564,11694
24565,11694
24566,11694
24567,11696
24568,11695
24569,11696
24570,11697
24571,11697
24572,11697
24573,11698
24574,11700
24575,11701
24576,11701
24577,11702
24578,11702
24579,11702
24580,11702
24581,11702
24582,11702
24583,11702
24584,11702
24585,11704
24586,11704
24587,11703
24588,11704
24589,11703
24590,11704
24591,11704
24592,11704
24593,11703
24594,11704
24595,11705
24596,11705
24597,11705
24598,11705
24599,11706
24600,11706
24601,11707
24602,11707
24603,11708
24604,11709
24605,11709
24606,11709
24607,11710
24608,11710
24609,11710
24610,11711
24611,11711
24612,11711
24613,11711
24614,11711
24615,11711
24616,11711
24617,11712
24618,11712
24619,11712
24620,11712
24621,11713
24622,11713
24623,11713
24624,11714
24625,11714
24626,11714
24627,11715
24628,11715
24629,11715
24630,11715
24631,11715
24632,11715
24633,11717
24634,11717
24635,11717
24636,11716
24637,11718
24638,11721
24639,11720
24640,11721
24641,11720
24642,11721
24643,11722
24644,11722
24645,11725
24646,11724
24647,11724
24648,11726
24649,11727
24650,11727
24651,11727
24652,11728
24653,11728
24654,11728
24655,11730
24656,11732
24657,11733
24658,11734
24659,11735
24660,11735
24661,11735
24662,11734
24663,11734
24664,11734
24665,11735
24666,11735
24667,11736
24668,11736
24669,11736
24670,11737
24671,11738
24672,11738
24673,11738
24674,11739
24675,11740
24676,11740
24677,11741
24678,11741
24679,11741
24680,11742
24681,11745
24682,11745
24683,11747
24684,11748
24685,11748
24686,11750
24687,11753
24688,11754
24689,11755
24690,11755
24691,11755
24692,11756
24693,11757
24694,11758
24695,11758
24696,11758
24697,11759
24698,11759
24699,11759
24700,11760
24701,11760
24702,11760
24703,11760
24704,11761
24705,11761
24706,11763
24707,11763
24708,11762
24709,11765
24710,11764
24711,11767
24712,11767
24713,11767
24714,11767
24715,11767
24716,11768
24717,11770
24718,11772
24719,11772
24720,11774
24721,11775
24722,11776
24723,11777
24724,11777
24725,11780
24726,11781
24727,11784
24728,11782
24729,11785
24730,11785
24731,11786
24732,11786
24733,11786
24734,11786
24735,11786
24736,11786
24737,11786
24738,11786
24739,11788
24740,11788
24741,11788
24742,11789
24743,11788
24744,11791
24745,11791
24746,11791
24747,11791
24748,11791
24749,11792
24750,11792
24751,11794
24752,11795
24753,11795
24754,11796
24755,11796
24756,11796
24757,11796
24758,11796
24759,11797
24760,11798
24761,11799
24762,11800
24763,11801
24764,11801
24765,11801
24766,11801
24767,11803
24768,11802
24769,11804
24770,11804
24771,11804
24772,11805
24773,11805
24774,11806
24775,11807
24776,11808
24777,11808
24778,11808
24779,11810
24780,11811
24781,11811
24782,11811
24783,11811
24784,11813
24785,11814
24786,11814
24787,11816
24788,11817
24789,11817
24790,11818
24791,11818
24792,11818
24793,11818
24794,11819
24795,11818
24796,11818
24797,11818
24798,11818
24799,11818
24800,11820
24801,11820
24802,11820
24803,11820
24804,11820
24805,11821
24806,11821
24807,11821
24808,11821
24809,11821
24810,11821
24811,11821
24812,11822
24813,11822
24814,11822
24815,11823
24816,11823
24817,11823
24818,11823
24819,11824
24820,11824
24821,11825
24822,11827
24823,11827
24824,11828
24825,11828
24826,11829
24827,11829
24828,11829
24829,11829
24830,11830
24831,11830
24832,11833
24833,11831
24834,11834
24835,11837
24836,11838
24837,11838
24838,11839
24839,11842
24840,11842
24841,11843
24842,11845
24843,11846
24844,11846
24845,11847
24846,11848
24847,11848
24848,11849
24849,11850
24850,11850
24851,11850
24852,11850
24853,11850
24854,11851
24855,11853
24856,11853
24857,11852
24858,11853
24859,11854
24860,11854
24861,11854
24862,11854
24863,11854
24864,11854
24865,11855
24866,11855
24867,11855
24868,11855
24869,11855
24870,11856
24871,11856
24872,11856
24873,11856
24874,11857
24875,11857
24876,11859
24877,11859
24878,11859
24879,11859
24880,11858
24881,11858
24882,11860
24883,11860
24884,11861
24885,11862
24886,11862
24887,11862
24888,11863
24889,11864
24890,11864
24891,11864
24892,11865
24893,11865
24894,11866
24895,11868
24896,11868
24897,11868
24898,11868
24899,11869
24900,11869
24901,11870
24902,11871
24903,11871
24904,11871
24905,11871
24906,11871
24907,11871
24908,11872
24909,11873
24910,11873
24911,11873
24912,11874
24913,11875
24914,11875
24915,11876
24916,11876
24917,11876
24918,11876
24919,11876
24920,11877
24921,11877
24922,11877
24923,11877
24924,11877
24925,11878
24926,11879
24927,11879
24928,11882
24929,11881
24930,11881
24931,11883
24932,11883
24933,11884
24934,11885
24935,11885
24936,11885
24937,11885
24938,11886
24939,11886
24940,11887
24941,11887
24942,11888
24943,11890
24944,11890
24945,11891
24946,11889
24947,11890
24948,11889
24949,11889
24950,11889
24951,11893
24952,11892
24953,11894
24954,11895
24955,11895
24956,11896
24957,11896
24958,11897
24959,11897
24960,11897
24961,11897
24962,11897
24963,11897
24964,11897
24965,11900
24966,11898
24967,11898
24968,11900
24969,11901
24970,11902
24971,11903
24972,11903
24973,11903
24974,11903
24975,11905
24976,11904
24977,11906
24978,11906
24979,11906
24980,11906
24981,11907
24982,11907
24983,11907
24984,11907
24985,11907
24986,11907
24987,11907
24988,11909
24989,11908
24990,11910
24991,11910
24992,11910
24993,11910
24994,11910
24995,11910
24996,11911
24997,11911
24998,11911
24999,11912
25000,11912
25001,11912
25002,11913
25003,11913
25004,11913
25005,11913
25006,11913
25007,11913
25008,11913
25009,11914
25010,11915
25011,11917
25012,11917
25013,11917
25014,11917
25015,11917
25016,11917
25017,11918
25018,11918
25019,11918
25020,11920
25021,11920
25022,11921
25023,11921
25024,11921
25025,11922
25026,11922
25027,11923
25028,11923
25029,11923
25030,11923
25031,11923
25032,11923
25033,11923
25034,11923
25035,11924
25036,11925
25037,11926
25038,11925
25039,11925
25040,11925
25041,11926
25042,11925
25043,11925
25044,11925
25045,11925
25046,11926
25047,11927
25048,11928
25049,11928
25050,11928
25051,11929
25052,11930
25053,11930
25054,11930
25055,11930
25056,11930
25057,11930
25058,11930
25059,11930
25060,11931
25061,11932
25062,11933
25063,11933
25064,11932
25065,11932
25066,11932
25067,11932
25068,11932
25069,11933
25070,11932
25071,11934
25072,11934
25073,11934
25074,11934
25075,11934
25076,11934
25077,11935
25078,11935
25079,11935
25080,11936
25081,11938
25082,11939
25083,11937
25084,11939
25085,11940
25086,11940
25087,11941
25088,11942
25089,11942
25090,11942
25091,11943
25092,11943
25093,11943
25094,11943
25095,11942
25096,11944
25097,11944
25098,11944
25099,11945
25100,11945
25101,11945
25102,11946
25103,11947
25104,11947
25105,11947
25106,11947
25107,11947
25108,11947
25109,11948
25110,11949
25111,11948
25112,11949
25113,11950
25114,11950
25115,11950
25116,11950
25117,11951
25118,11951
25119,11951
25120,11953
25121,11954
25122,11954
25123,11954
25124,11954
25125,11955
25126,11955
25127,11956
25128,11956
25129,11956
25130,11956
25131,11957
25132,11957
25133,11957
25134,11957
25135,11958
25136,11958
25137,11958
25138,11958
25139,11958
25140,11959
25141,11959
25142,11959
25143,11961
25144,11962
25145,11962
25146,11963
25147,11965
25148,11965
25149,11965
25150,11966
25151,11966
25152,11967
25153,11968
25154,11968
25155,11969
25156,11969
25157,11970
25158,11971
25159,11972
25160,11974
25161,11974
25162,11973
25163,11974
25164,11975
25165,11976
25166,11976
25167,11976
25168,11976
25169,11977
25170,11977
25171,11977
25172,11978
25173,11979
25174,11978
25175,11981
25176,11981
25177,11980
25178,11980
25179,11982
25180,11983
25181,11983
25182,11983
25183,11982
25184,11983
25185,11984
25186,11985
25187,11985
25188,11985
25189,11985
25190,11986
25191,11987
25192,11987
25193,11989
25194,11990
25195,11991
25196,11991
25197,11991
25198,11993
25199,11994
25200,11995
25201,11996
25202,11996
25203,11997
25204,11997
25205,11998
25206,11998
25207,11998
25208,11999
25209,12000
25210,12000
25211,12000
25212,12001
25213,12001
25214,12001
25215,12001
25216,12001
25217,12001
25218,12001
25219,12001
25220,12001
25221,12001
25222,12002
25223,12002
25224,12002
25225,12003
25226,12005
25227,12008
25228,12009
25229,12011
25230,12011
25231,12012
25232,12012
25233,12013
25234,12015
25235,12015
25236,12015
25237,12015
25238,12016
25239,12018
25240,12018
25241,12018
25242,12017
25243,12017
25244,12019
25245,12020
25246,12020
25247,12020
25248,12020
25249,12021
25250,12021
25251,12021
25252,12021
25253,12022
25254,12022
25255,12025
25256,12023
25257,12025
25258,12026
25259,12026
25260,12026
25261,12026
25262,12027
25263,12028
25264,12028
25265,12028
25266,12028
25267,12028
25268,12028
25269,12030
25270,12029
25271,12030
25272,12029
25273,12031
25274,12032
25275,12033
25276,12033
25277,12034
25278,12035
25279,12035
25280,12035
25281,12035
25282,12036
25283,12036
25284,12036
25285,12036
25286,12036
25287,12036
25288,12036
25289,12036
25290,12037
25291,12038
25292,12038
25293,12038
25294,12039
25295,12039
25296,12039
25297,12040
25298,12041
25299,12042
25300,12042
25301,12043
25302,12043
25303,12045
25304,12046
25305,12046
25306,12046
25307,12046
25308,12046
25309,12046
25310,12046
25311,12046
25312,12047
25313,12047
25314,12047
25315,12048
25316,12048
25317,12048
25318,12051
25319,12052
25320,12052
25321,12054
25322,12054
25323,12055
25324,12056
25325,12056
25326,12056
25327,12057
25328,12060
25329,12061
25330,12061
25331,12061
25332,12061
25333,12061
25334,12062
25335,12063
25336,12063
25337,12063
25338,12063
25339,12063
25340,12063
25341,12063
25342,12063
25343,12063
25344,12065
25345,12066
25346,12066
25347,12066
25348,12066
25349,12066
25350,12066
25351,12066
25352,12066
25353,12067
25354,12067
25355,12067
25356,12068
25357,12068
25358,12068
25359,12069
25360,12070
25361,12070
25362,12070
25363,12070
25364,12071
25365,12071
25366,12073
25367,12076
25368,12076
25369,12077
25370,12077
25371,12077
25372,12077
25373,12078
25374,12078
25375,12078
25376,12078
25377,12078
25378,12078
25379,12079
25380,12079
25381,12080
25382,12082
25383,12081
25384,12081
25385,12082
25386,12084
25387,12084
25388,12085
25389,12085
25390,12085
25391,12085
25392,12088
25393,12086
25394,12088
25395,12088
25396,12087
25397,12089
25398,12089
25399,12090
25400,12090
25401,12090
25402,12091
25403,12091
25404,12092
25405,12092
25406,12092
25407,12092
25408,12092
25409,12092
25410,12093
25411,12093
25412,12093
25413,12093
25414,12093
25415,12095
25416,12095
25417,12094
25418,12095
25419,12094
25420,12094
25421,12095
25422,12095
25423,12094
25424,12096
25425,12096
25426,12098
25427,12097
25428,12098
25429,12097
25430,12097
25431,12098
25432,12099
25433,12102
25434,12103
25435,12103
25436,12104
25437,12105
25438,12105
25439,12105
25440,12108
25441,12106
25442,12109
25443,12109
25444,12110
25445,12112
25446,12111
25447,12111
25448,12111
25449,12113
25450,12113
25451,12113
25452,12113
25453,12113
25454,12113
25455,12113
25456,12114
25457,12114
25458,12114
25459,12114
25460,12114
25461,12115
25462,12115
25463,12116
25464,12117
25465,12118
25466,12117
25467,12117
25468,12119
25469,12120
25470,12121
25471,12121
25472,12121
25473,12121
25474,12122
25475,12122
25476,12122
25477,12123
25478,12123
25479,12123
25480,12124
25481,12124
25482,12125
25483,12125
25484,12126
25485,12126
25486,12126
25487,12126
25488,12127
25489,12127
25490,12127
25491,12127
25492,12127
25493,12127
25494,12127
25495,12127
25496,12127
25497,12128
25498,12130
25499,12130
25500,12130
25501,12128
25502,12130
25503,12131
25504,12131
25505,12133
25506,12132
25507,12132
25508,12132
25509,12133
25510,12133
25511,12133
25512,12132
25513,12134
25514,12137
25515,12138
25516,12139
25517,12140
25518,12140
25519,12140
25520,12140
25521,12141
25522,12141
25523,12141
25524,12141
25525,12143
25526,12144
25527,12142
25528,12145
25529,12145
25530,12148
25531,12149
25532,12149
25533,12149
25534,12150
25535,12152
25536,12151
25537,12152
25538,12150
25539,12152
25540,12150
25541,12150
25542,12153
25543,12153
25544,12153
25545,12153
25546,12154
25547,12154
25548,12154
25549,12154
25550,12155
25551,12159
25552,12159
25553,12158
25554,12159
25555,12160
25556,12160
25557,12161
25558,12161
25559,12161
25560,12161
25561,12161
25562,12162
25563,12163
25564,12163
25565,12164
25566,12164
25567,12165
25568,12165
25569,12165
25570,12165
25571,12166
25572,12166
25573,12166
25574,12166
25575,12166
25576,12166
25577,12166
25578,12166
25579,12167
25580,12167
25581,12168
25582,12168
25583,12169
25584,12171
25585,12172
25586,12171
25587,12173
25588,12173
25589,12173
25590,12173
25591,12174
25592,12174
25593,12174
25594,12174
25595,12175
25596,12175
25597,12176
25598,12176
25599,12177
25600,12177
25601,12179
25602,12178
25603,12179
25604,12181
25605,12182
25606,12182
25607,12182
25608,12183
25609,12183
25610,12183
25611,12184
25612,12184
25613,12184
25614,12187
25615,12188
25616,12190
25617,12190
25618,12189
25619,12189
25620,12192
25621,12193
25622,12193
25623,12193
25624,12194
25625,12195
25626,12195
25627,12196
25628,12197
25629,12197
25630,12197
25631,12197
25632,12197
25633,12197
25634,12197
25635,12197
25636,12199
25637,12200
25638,12198
25639,12200
25640,12201
25641,12202
25642,12202
25643,12202
25644,12202
25645,12203
25646,12203
25647,12205
25648,12207
25649,12207
25650,12207
25651,12208
25652,12210
25653,12212
25654,12212
25655,12213
25656,12213
25657,12214
25658,12215
25659,12215
25660,12215
25661,12215
25662,12216
25663,12216
25664,12216
25665,12217
25666,12217
25667,12217
25668,12219
25669,12220
25670,12220
25671,12220
25672,12220
25673,12220
25674,12220
25675,12220
25676,12220
25677,12220
25678,12221
25679,12221
25680,12222
25681,12222
25682,12224
25683,12223
25684,12224
25685,12227
25686,12228
25687,12228
25688,12228
25689,12230
25690,12230
25691,12230
25692,12230
25693,12230
25694,12230
25695,12230
25696,12231
25697,12231
25698,12231
25699,12232
25700,12234
25701,12234
25702,12234
25703,12236
25704,12236
25705,12235
25706,12237
25707,12237
25708,12237
25709,12237
25710,12237
25711,12237
25712,12237
25713,12237
25714,12237
25715,12237
25716,12238
25717,12238
25718,12239
25719,12240
25720,12240
25721,12240
25722,12240
25723,12240
25724,12241
25725,12241
25726,12242
25727,12242
25728,12243
25729,12243
25730,12244
25731,12244
25732,12246
25733,12246
25734,12248
25735,12248
25736,12248
25737,12248
25738,12248
25739,12248
25740,12249
25741,12249
25742,12249
25743,12249
25744,12249
25745,12249
25746,12249
25747,12252
25748,12253
25749,12253
25750,12253
25751,12254
25752,12254
25753,12254
25754,12254
25755,12255
25756,12257
25757,12257
25758,12257
25759,12257
25760,12258
25761,12260
25762,12260
25763,12259
25764,12262
25765,12262
25766,12261
25767,12263
25768,12263
25769,12264
25770,12265
25771,12267
25772,12267
25773,12268
25774,12269
25775,12269
25776,12269
25777,12269
25778,12269
25779,12269
25780,12269
25781,12269
25782,12270
25783,12270
25784,12271
25785,12271
25786,12271
25787,12271
25788,12271
25789,12273
25790,12274
25791,12275
25792,12276
25793,12276
25794,12276
25795,12279
25796,12277
25797,12281
25798,12281
25799,12281
25800,12282
25801,12283
25802,12283
25803,12283
25804,12284
25805,12284
25806,12284
25807,12285
25808,12286
25809,12286
25810,12287
25811,12287
25812,12287
25813,12287
25814,12290
25815,12291
25816,12291
25817,12291
25818,12292
25819,12292
25820,12292
25821,12293
25822,12293
25823,12295
25824,12295
25825,12297
25826,12297
25827,12297
25828,12297
25829,12298
25830,12300
25831,12300
25832,12300
25833,12302
25834,12303
25835,12302
25836,12302
25837,12303
25838,12304
25839,12304
25840,12304
25841,12304
25842,12305
25843,12308
25844,12309
25845,12310
25846,12309
25847,12310
25848,12309
25849,12311
25850,12311
25851,12312
25852,12312
25853,12312
25854,12313
25855,12313
25856,12313
25857,12314
25858,12314
25859,12314
25860,12317
25861,12315
25862,12315
25863,12318
25864,12319
25865,12319
25866,12319
25867,12319
25868,12319
25869,12320
25870,12320
25871,12321
25872,12321
25873,12323
25874,12322
25875,12323
25876,12323
25877,12322
25878,12323
25879,12324
25880,12324
25881,12324
25882,12325
25883,12326
25884,12326
25885,12326
25886,12326
25887,12327
25888,12327
25889,12327
25890,12328
25891,12329
25892,12329
25893,12329
25894,12331
25895,12331
25896,12331
25897,12330
25898,12332
25899,12332
25900,12335
25901,12335
25902,12335
25903,12335
25904,12334
25905,12333
25906,12336
25907,12336
25908,12336
25909,12337
25910,12337
25911,12337
25912,12337
25913,12339
25914,12339
25915,12338
25916,12341
25917,12340
25918,12342
25919,12342
25920,12344
25921,12345
25922,12346
25923,12346
25924,12346
25925,12346
25926,12346
25927,12346
25928,12346
25929,12346
25930,12347
25931,12348
25932,12348
25933,12348
25934,12348
25935,12348
25936,12349
25937,12349
25938,12350
25939,12350
25940,12350
25941,12351
25942,12351
25943,12352
25944,12352
25945,12353
25946,12353
25947,12354
25948,12354
25949,12355
25950,12356
25951,12356
25952,12355
25953,12355
25954,12357
25955,12358
25956,12359
25957,12358
25958,12358
25959,12358
25960,12359
25961,12359
25962,12358
25963,12359
25964,12358
25965,12361
25966,12360
25967,12361
25968,12361
25969,12361
25970,12361
25971,12363
25972,12363
25973,12363
25974,12364
25975,12366
25976,12368
25977,12368
25978,12369
25979,12371
25980,12371
25981,12371
25982,12371
25983,12371
25984,12371
25985,12371
25986,12371
25987,12372
25988,12372
25989,12373
25990,12373
25991,12373
25992,12374
25993,12374
25994,12375
25995,12375
25996,12375
25997,12376
25998,12378
25999,12379
26000,12379
26001,12379
26002,12379
26003,12380
26004,12380
26005,12380
26006,12380
26007,12380
26008,12381
26009,12381
26010,12381
26011,12381
26012,12382
26013,12382
26014,12384
26015,12385
26016,12386
26017,12388
26018,12386
26019,12387
26020,12387
26021,12389
26022,12389
26023,12390
26024,12391
26025,12391
26026,12392
26027,12394
26028,12394
26029,12396
26030,12395
26031,12397
26032,12398
26033,12399
26034,12399
26035,12401
26036,12400
26037,12403
26038,12404
26039,12404
26040,12405
26041,12405
26042,12405
26043,12405
26044,12405
26045,12405
26046,12405
26047,12405
26048,12405
26049,12405
26050,12405
26051,12407
26052,12407
26053,12409
26054,12409
26055,12409
26056,12410
26057,12410
26058,12413
26059,12413
26060,12413
26061,12413
26062,12413
26063,12414
26064,12414
26065,12414
26066,12414
26067,12414
26068,12414
26069,12414
26070,12416
26071,12416
26072,12418
26073,12418
26074,12419
26075,12420
26076,12420
26077,12421
26078,12421
26079,12422
26080,12425
26081,12425
26082,12425
26083,12425
26084,12425
26085,12425
26086,12426
26087,12426
26088,12428
26089,12428
26090,12430
26091,12431
26092,12431
26093,12431
26094,12431
26095,12431
26096,12431
26097,12432
26098,12432
26099,12432
26100,12433
26101,12435
26102,12435
26103,12435
26104,12436
26105,12436
26106,12437
26107,12437
26108,12437
26109,12437
26110,12438
26111,12438
26112,12438
26113,12438
26114,12438
26115,12439
26116,12440
26117,12439
26118,12440
26119,12441
26120,12441
26121,12442
26122,12442
26123,12443
26124,12443
26125,12444
26126,12444
26127,12446
26128,12447
26129,12447
26130,12447
26131,12449
26132,12449
26133,12449
26134,12449
26135,12449
26136,12449
26137,12449
26138,12449
26139,12449
26140,12452
26141,12453
26142,12453
26143,12453
26144,12453
26145,12453
26146,12454
26147,12455
26148,12456
26149,12456
26150,12456
26151,12456
26152,12456
26153,12457
26154,12457
26155,12457
26156,12458
26157,12458
26158,12459
26159,12460
26160,12460
26161,12460
26162,12461
26163,12461
26164,12461
26165,12462
26166,12464
26167,12464
26168,12466
26169,12466
26170,12467
26171,12470
26172,12472
26173,12472
26174,12473
26175,12473
26176,12473
26177,12473
26178,12475
26179,12476
26180,12475
26181,12477
26182,12477
26183,12477
26184,12478
26185,12479
26186,12479
26187,12479
26188,12479
26189,12479
26190,12479
26191,12479
26192,12479
26193,12479
26194,12480
26195,12480
26196,12480
26197,12480
26198,12480
26199,12481
26200,12483
26201,12484
26202,12484
26203,12484
26204,12485
26205,12485
26206,12485
26207,12487
26208,12489
26209,12489
26210,12489
26211,12490
26212,12490
26213,12491
26214,12491
26215,12491
26216,12494
26217,12493
26218,12495
26219,12495
26220,12496
26221,12496
26222,12496
26223,12496
26224,12496
26225,12496
26226,12496
26227,12496
26228,12496
26229,12499
26230,12502
26231,12502
26232,12502
26233,12501
26234,12503
26235,12503
26236,12504
26237,12504
26238,12506
26239,12506
26240,12504
26241,12507
26242,12508
26243,12508
26244,12508
26245,12508
26246,12509
26247,12509
26248,12510
26249,12510
26250,12510
26251,12511
26252,12511
26253,12511
26254,12512
26255,12513
26256,12514
26257,12514
26258,12514
26259,12515
26260,12516
26261,12517
26262,12518
26263,12518
26264,12518
26265,12518
26266,12518
26267,12518
26268,12519
26269,12519
26270,12519
26271,12520
26272,12521
26273,12521
26274,12521
26275,12522
26276,12524
26277,12526
26278,12527
26279,12527
26280,12528
26281,12531
26282,12531
26283,12532
26284,12532
26285,12532
26286,12532
26287,12532
26288,12533
26289,12533
26290,12533
26291,12533
26292,12533
26293,12533
26294,12533
26295,12533
26296,12533
26297,12533
26298,12536
26299,12538
26300,12539
26301,12539
26302,12539
26303,12539
26304,12539
26305,12539
26306,12539
26307,12539
26308,12539
26309,12539
26310,12540
26311,12540
26312,12540
26313,12541
26314,12541
26315,12542
26316,12542
26317,12542
26318,12542
26319,12542
26320,12542
26321,12542
26322,12542
26323,12543
26324,12543
26325,12545
26326,12546
26327,12547
26328,12547
26329,12547
26330,12547
26331,12547
26332,12547
26333,12547
26334,12548
26335,12548
26336,12548
26337,12549
26338,12549
26339,12549
26340,12550
26341,12551
26342,12552
26343,12552
26344,12552
26345,12553
26346,12554
26347,12555
26348,12556
26349,12557
26350,12558
26351,12558
26352,12560
26353,12561
26354,12561
26355,12562
26356,12562
26357,12564
26358,12565
26359,12565
26360,12566
26361,12567
26362,12567
26363,12568
26364,12568
26365,12568
26366,12568
26367,12569
26368,12569
26369,12569
26370,12570
26371,12571
26372,12571
26373,12571
26374,12573
26375,12573
26376,12577
26377,12578
26378,12578
26379,12578
26380,12578
26381,12579
26382,12579
26383,12579
26384,12580
26385,12580
26386,12580
26387,12580
26388,12580
26389,12580
26390,12581
26391,12581
26392,12581
26393,12581
26394,12582
26395,12582
26396,12583
26397,12583
26398,12583
26399,12583
26400,12583
26401,12584
26402,12586
26403,12585
26404,12586
26405,12587
26406,12587
26407,12587
26408,12587
26409,12589
26410,12590
26411,12591
26412,12591
26413,12591
26414,12591
26415,12594
26416,12595
26417,12595
26418,12595
26419,12596
26420,12597
26421,12597
26422,12598
26423,12598
26424,12598
26425,12598
26426,12598
26427,12599
26428,12601
26429,12601
26430,12602
26431,12602
26432,12603
26433,12603
26434,12603
26435,12604
26436,12605
26437,12605
26438,12605
26439,12605
26440,12605
26441,12606
26442,12606
26443,12606
26444,12606
26445,12607
26446,12608
26447,12608
26448,12609
26449,12611
26450,12611
26451,12611
26452,12613
26453,12615
26454,12615
26455,12615
26456,12615
26457,12615
26458,12615
26459,12616
26460,12619
26461,12618
26462,12620
26463,12620
26464,12621
26465,12622
26466,12623
26467,12624
26468,12624
26469,12625
26470,12626
26471,12626
26472,12627
26473,12627
26474,12627
26475,12627
26476,12627
26477,12627
26478,12627
26479,12627
26480,12628
26481,12630
26482,12632
26483,12634
26484,12635
26485,12637
26486,12639
26487,12638
26488,12638
26489,12638
26490,12639
26491,12639
26492,12638
26493,12639
26494,12640
26495,12640
26496,12641
26497,12641
26498,12641
26499,12641
26500,12641
26501,12642
26502,12642
26503,12642
26504,12643
26505,12643
26506,12643
26507,12643
26508,12643
26509,12643
26510,12643
26511,12643
26512,12643
26513,12643
26514,12644
26515,12645
26516,12645
26517,12645
26518,12645
26519,12645
26520,12645
26521,12646
26522,12646
26523,12647
26524,12648
26525,12648
26526,12648
26527,12648
26528,12648
26529,12649
26530,12650
26531,12650
26532,12653
26533,12653
26534,12652
26535,12652
26536,12653
26537,12652
26538,12653
26539,12654
26540,12654
26541,12656
26542,12656
26543,12656
26544,12656
26545,12656
26546,12656
26547,12656
26548,12657
26549,12657
26550,12657
26551,12658
26552,12660
26553,12660
26554,12661
26555,12661
26556,12661
26557,12661
26558,12661
26559,12661
26560,12661
26561,12661
26562,12662
26563,12662
26564,12663
26565,12663
26566,12664
26567,12664
26568,12664
26569,12665
26570,12665
26571,12666
26572,12666
26573,12665
26574,12667
26575,12667
26576,12667
26577,12667
26578,12668
26579,12668
26580,12669
26581,12669
26582,12669
26583,12669
26584,12670
26585,12671
26586,12672
26587,12674
26588,12674
26589,12674
26590,12674
26591,12675
26592,12675
26593,12675
26594,12678
26595,12678
26596,12678
26597,12677
26598,12677
26599,12678
26600,12678
26601,12678
26602,12678
26603,12680
26604,12679
26605,12680
26606,12680
26607,12679
26608,12681
26609,12682
26610,12683
26611,12683
26612,12683
26613,12684
26614,12686
26615,12686
26616,12686
26617,12686
26618,12686
26619,12687
26620,12687
26621,12688
26622,12688
26623,12688
26624,12690
26625,12688
26626,12690
26627,12688
26628,12688
26629,12691
26630,12691
26631,12691
26632,12691
26633,12691
26634,12692
26635,12695
26636,12693
26637,12695
26638,12693
26639,12696
26640,12697
26641,12697
26642,12698
26643,12699
26644,12699
26645,12702
26646,12704
26647,12704
26648,12703
26649,12705
26650,12705
26651,12706
26652,12706
26653,12707
26654,12708
26655,12710
26656,12710
26657,12708
26658,12711
26659,12711
26660,12711
26661,12712
26662,12714
26663,12715
26664,12715
26665,12717
26666,12718
26667,12717
26668,12716
26669,12716
26670,12718
26671,12720
26672,12720
26673,12721
26674,12722
26675,12723
26676,12723
26677,12725
26678,12724
26679,12724
26680,12725
26681,12726
26682,12727
26683,12727
26684,12728
26685,12729
26686,12729
26687,12730
26688,12730
26689,12730
26690,12732
26691,12731
26692,12731
26693,12732
26694,12732
26695,12733
26696,12733
26697,12734
26698,12734
26699,12734
26700,12734
26701,12734
26702,12734
26703,12734
26704,12735
26705,12736
26706,12737
26707,12737
26708,12737
26709,12737
26710,12737
26711,12737
26712,12737
26713,12738
26714,12739
26715,12739
26716,12740
26717,12740
26718,12741
26719,12741
26720,12742
26721,12744
26722,12746
26723,12747
26724,12746
26725,12749
26726,12750
26727,12751
26728,12755
26729,12755
26730,12754
26731,12756
26732,12757
26733,12757
26734,12758
26735,12758
26736,12759
26737,12760
26738,12759
26739,12759
26740,12761
26741,12761
26742,12763
26743,12764
26744,12764
26745,12764
26746,12765
26747,12765
26748,12765
26749,12766
26750,12766
26751,12766
26752,12767
26753,12768
26754,12767
26755,12769
26756,12770
26757,12771
26758,12772
26759,12774
26760,12774
26761,12774
26762,12775
26763,12775
26764,12775
26765,12776
26766,12776
26767,12776
26768,12778
26769,12777
26770,12778
26771,12778
26772,12777
26773,12779
26774,12779
26775,12781
26776,12781
26777,12783
26778,12783
26779,12784
26780,12784
26781,12786
26782,12786
26783,12786
26784,12786
26785,12785
26786,12785
26787,12785
26788,12787
26789,12787
26790,12788
26791,12789
26792,12789
26793,12789
26794,12789
26795,12790
26796,12790
26797,12790
26798,12790
26799,12790
26800,12791
26801,12791
26802,12791
26803,12792
26804,12793
26805,12794
26806,12797
26807,12799
26808,12799
26809,12797
26810,12798
26811,12800
26812,12801
26813,12800
26814,12801
26815,12800
26816,12801
26817,12800
26818,12801
26819,12801
26820,12800
26821,12800
26822,12802
26823,12803
26824,12803
26825,12804
26826,12804
26827,12804
26828,12804
26829,12804
26830,12804
26831,12805
26832,12805
26833,12806
26834,12806
26835,12806
26836,12805
26837,12808
26838,12808
26839,12807
26840,12807
26841,12808
26842,12807
26843,12807
26844,12807
26845,12809
26846,12809
26847,12809
26848,12809
26849,12810
26850,12810
26851,12810
26852,12810
26853,12810
26854,12811
26855,12811
26856,12812
26857,12813
26858,12815
26859,12814
26860,12816
26861,12816
26862,12816
26863,12816
26864,12816
26865,12818
26866,12819
26867,12820
26868,12820
26869,12820
26870,12820
26871,12822
26872,12821
26873,12823
26874,12823
26875,12823
26876,12823
26877,12824
26878,12824
26879,12824
26880,12825
26881,12828
26882,12829
26883,12829
26884,12829
26885,12829
26886,12830
26887,12830
26888,12831
26889,12831
26890,12831
26891,12832
26892,12832
26893,12834
26894,12835
26895,12833
26896,12836
26897,12836
26898,12836
26899,12836
26900,12837
26901,12837
26902,12838
26903,12838
26904,12838
26905,12839
26906,12839
26907,12839
26908,12840
26909,12841
