src_id,dst_id
0,1341
1,1434
2,1434
3,1434
4,1434
5,870
6,1434
7,870
8,870
9,870
10,1434
11,1341
12,870
13,870
14,1434
15,1341
16,870
17,1434
18,1434
19,1434
20,870
21,870
22,1341
23,870
24,1434
25,1341
26,1434
27,1434
28,870
29,870
30,1440
31,1440
32,1440
33,1440
34,1440
35,1440
36,1440
37,1440
38,1440
39,1440
40,1440
41,1440
42,1440
43,1440
44,1440
45,1440
46,1440
47,1440
48,1440
49,1440
50,1440
51,1440
52,1440
53,1440
54,1440
55,1440
56,1440
57,1440
58,1440
59,1440
60,1440
61,1440
62,1440
63,1440
64,1440
65,1440
66,1440
67,1440
68,1440
69,1440
70,1440
71,1440
72,1440
73,1440
74,1440
75,1440
76,1440
77,1440
78,1440
79,1440
80,1440
81,1440
82,1440
83,796
84,1348
85,796
86,796
87,796
88,796
89,1098
90,1098
91,1098
92,1348
93,1348
94,1098
95,1348
96,1098
97,1098
98,1348
99,796
100,796
101,796
102,1098
103,1098
104,796
105,796
106,1098
107,1348
108,1098
109,796
110,1348
111,1098
112,1348
113,796
114,1348
115,1098
116,1348
117,1098
118,796
119,1348
120,1348
121,1098
122,1348
123,796
124,1348
125,1348
126,1098
127,796
128,1348
129,1348
130,1348
131,796
132,796
133,1098
134,1348
135,1098
136,1348
137,1098
138,796
139,1348
140,796
141,1098
142,1348
143,796
144,796
145,796
146,1348
147,1348
148,796
149,1098
150,1098
151,796
152,1098
153,796
154,796
155,1098
156,1348
157,1098
158,1348
159,1348
160,796
161,1098
162,1098
163,1348
164,1348
165,796
166,1098
167,1098
168,1348
169,796
170,796
171,1348
172,1098
173,796
174,796
175,1098
176,796
177,1098
178,1098
179,1348
180,1348
181,796
182,796
183,1098
184,1348
185,1098
186,796
187,1348
188,1348
189,796
190,796
191,1098
192,1098
193,1098
194,1348
195,796
196,1098
197,1348
198,796
199,796
200,1098
201,1348
202,796
203,1098
204,1348
205,796
206,118
207,118
208,118
209,188
210,118
211,118
212,118
213,188
214,118
215,1303
216,118
217,1303
218,188
219,1303
220,1303
221,118
222,1303
223,188
224,118
225,1303
226,118
227,188
228,118
229,118
230,118
231,1303
232,1303
233,118
234,188
235,188
236,188
237,118
238,188
239,188
240,188
241,188
242,1303
243,188
244,1303
245,1303
246,188
247,118
248,188
249,118
250,188
251,188
252,1303
253,118
254,188
255,1303
256,118
257,1303
258,1303
259,188
260,188
261,1303
262,1303
263,1099
264,333
265,333
266,765
267,333
268,333
269,1099
270,333
271,333
272,765
273,333
274,1099
275,333
276,1099
277,765
278,333
279,333
280,1099
281,1099
282,1099
283,765
284,333
285,1099
286,765
287,765
288,765
289,1099
290,765
291,333
292,765
293,333
294,1099
295,1099
296,765
297,765
298,1099
299,765
300,765
301,765
302,765
303,765
304,765
305,1099
306,333
307,765
308,333
309,1099
310,333
311,1099
312,333
313,1099
314,1099
315,765
316,765
317,1099
318,765
319,765
320,1099
321,333
322,333
323,1099
324,1099
325,333
326,1099
327,1099
328,1099
329,1099
330,1099
331,765
332,765
333,1099
334,333
335,333
336,765
337,333
338,333
339,333
340,765
341,1099
342,1099
343,765
344,1099
345,765
346,333
347,333
348,765
349,333
350,765
351,1099
352,333
353,765
354,333
355,765
356,765
357,1099
358,333
359,1099
360,1099
361,333
362,765
363,1099
364,333
365,1099
366,1099
367,1099
368,333
369,1099
370,1099
371,333
372,1099
373,1099
374,765
375,1099
376,1099
377,1099
378,1303
379,1303
380,1303
381,588
382,811
383,1303
384,1303
385,588
386,588
387,1303
388,811
389,1303
390,1303
391,588
392,588
393,588
394,588
395,1303
396,1303
397,588
398,588
399,1303
400,1303
401,1303
402,588
403,588
404,588
405,588
406,1303
407,588
408,811
409,1303
410,811
411,588
412,811
413,1004
414,542
415,1004
416,542
417,1004
418,542
419,1004
420,542
421,1378
422,850
423,1378
424,850
425,1378
426,850
427,1378
428,1378
429,230
430,850
431,850
432,230
433,850
434,230
435,230
436,230
437,230
438,1378
439,1378
440,850
441,850
442,1378
443,230
444,850
445,1378
446,230
447,850
448,230
449,1378
450,1378
451,230
452,850
453,230
454,1378
455,230
456,850
457,230
458,850
459,230
460,1378
461,850
462,230
463,850
464,850
465,1378
466,850
467,850
468,230
469,230
470,1378
471,850
472,1378
473,230
474,230
475,1378
476,850
477,850
478,850
479,230
480,1378
481,1378
482,850
483,850
484,850
485,850
486,850
487,1378
488,1378
489,1378
490,1378
491,230
492,230
493,850
494,230
495,230
496,850
497,850
498,850
499,230
500,230
501,1378
502,1140
503,291
504,1140
505,291
506,291
507,291
508,1140
509,291
510,291
511,198
512,198
513,291
514,1140
515,962
516,962
517,360
518,962
519,360
520,962
521,962
522,360
523,360
524,962
525,962
526,962
527,962
528,962
529,360
530,360
531,360
532,360
533,360
534,360
535,360
536,360
537,962
538,962
539,360
540,360
541,962
542,962
543,962
544,962
545,360
546,962
547,962
548,962
549,360
550,360
551,360
552,360
553,962
554,962
555,360
556,360
557,962
558,962
559,360
560,962
561,962
562,360
563,360
564,962
565,962
566,360
567,962
568,360
569,360
570,360
571,962
572,962
573,360
574,962
575,962
576,360
577,360
578,962
579,962
580,962
581,962
582,962
583,962
584,360
585,962
586,962
587,962
588,962
589,360
590,360
591,962
592,360
593,360
594,962
595,360
596,962
597,962
598,962
599,962
600,962
601,360
602,360
603,493
604,438
605,170
606,493
607,438
608,438
609,438
610,170
611,438
612,438
613,170
614,170
615,493
616,170
617,493
618,170
619,493
620,493
621,170
622,438
623,438
624,493
625,438
626,438
627,438
628,170
629,493
630,438
631,438
632,438
633,493
634,170
635,438
636,170
637,438
638,170
639,170
640,438
641,493
642,493
643,438
644,493
645,493
646,438
647,170
648,438
649,493
650,438
651,493
652,438
653,493
654,170
655,170
656,78
657,78
658,78
659,78
660,78
661,78
662,78
663,78
664,78
665,78
666,78
667,78
668,78
669,78
670,78
671,78
672,78
673,78
674,78
675,78
676,78
677,78
678,78
679,78
680,78
681,78
682,78
683,78
684,78
685,78
686,78
687,78
688,78
689,78
690,78
691,78
692,78
693,906
694,906
695,906
696,906
697,906
698,906
699,906
700,906
701,906
702,906
703,906
704,906
705,906
706,906
707,906
708,906
709,906
710,906
711,906
712,906
713,906
714,906
715,906
716,906
717,906
718,906
719,664
720,664
721,721
722,492
723,492
724,721
725,664
726,664
727,492
728,664
729,664
730,721
731,492
732,664
733,664
734,721
735,492
736,721
737,664
738,664
739,492
740,664
741,492
742,721
743,664
744,492
745,721
746,664
747,492
748,721
749,492
750,492
751,492
752,721
753,492
754,492
755,721
756,492
757,721
758,721
759,492
760,664
761,664
762,721
763,492
764,664
765,664
766,664
767,492
768,721
769,664
770,664
771,492
772,492
773,721
774,664
775,492
776,492
777,664
778,492
779,721
780,721
781,721
782,664
783,664
784,721
785,721
786,721
787,492
788,492
789,664
790,492
791,721
792,664
793,721
794,572
795,1057
796,1140
797,572
798,572
799,1057
800,572
801,572
802,1057
803,1140
804,1057
805,1057
806,1140
807,572
808,1140
809,1057
810,1057
811,572
812,1057
813,1140
814,1057
815,1057
816,572
817,1140
818,572
819,572
820,572
821,572
822,1140
823,1140
824,92
825,92
826,1437
827,92
828,92
829,92
830,1437
831,92
832,1014
833,92
834,92
835,92
836,1014
837,1437
838,1014
839,1437
840,92
841,1014
842,92
843,92
844,92
845,92
846,1437
847,1014
848,1014
849,1014
850,1014
851,1014
852,92
853,92
854,1437
855,92
856,1014
857,92
858,1014
859,1014
860,92
861,18
862,4
863,948
864,18
865,4
866,18
867,18
868,18
869,4
870,18
871,18
872,18
873,4
874,1376
875,1376
876,1376
877,1376
878,1376
879,1376
880,1376
881,1376
882,1376
883,1376
884,1376
885,1376
886,1376
887,1376
888,1376
889,1376
890,1376
891,1376
892,1376
893,1376
894,1376
895,1376
896,1376
897,1376
898,1376
899,1376
900,1376
901,1376
902,1376
903,1376
904,1376
905,1376
906,1376
907,1376
908,1376
909,1376
910,1376
911,1376
912,1376
913,1376
914,1376
915,1376
916,1376
917,1376
918,1376
919,1376
920,1376
921,1376
922,1376
923,1376
924,1376
925,1376
926,1376
927,1376
928,1376
929,1376
930,1376
931,1376
932,1376
933,1376
934,1376
935,1376
936,1376
937,1376
938,1376
939,1376
940,1376
941,1376
942,1376
943,1376
944,1376
945,1376
946,1376
947,1376
948,1376
949,1376
950,1376
951,1376
952,1376
953,1376
954,1376
955,1095
956,1095
957,926
958,1095
959,926
960,926
961,1095
962,926
963,926
964,926
965,1095
966,926
967,1095
968,926
969,926
970,926
971,1095
972,926
973,631
974,926
975,926
976,631
977,1095
978,631
979,631
980,631
981,926
982,926
983,1095
984,926
985,926
986,631
987,926
988,631
989,631
990,1095
991,926
992,631
993,631
994,926
995,926
996,631
997,926
998,1095
999,1095
1000,631
1001,926
1002,1095
1003,631
1004,926
1005,1095
1006,1095
1007,1095
1008,926
1009,926
1010,631
1011,926
1012,1095
1013,926
1014,926
1015,926
1016,631
1017,631
1018,1095
1019,631
1020,631
1021,631
1022,1095
1023,926
1024,1095
1025,926
1026,926
1027,77
1028,112
1029,77
1030,112
1031,77
1032,288
1033,112
1034,112
1035,288
1036,112
1037,112
1038,112
1039,112
1040,77
1041,77
1042,112
1043,288
1044,77
1045,77
1046,77
1047,77
1048,112
1049,112
1050,288
1051,288
1052,288
1053,77
1054,77
1055,77
1056,112
1057,112
1058,288
1059,288
1060,77
1061,112
1062,112
1063,288
1064,112
1065,288
1066,112
1067,1250
1068,787
1069,1250
1070,1250
1071,787
1072,787
1073,787
1074,787
1075,1250
1076,1250
1077,1250
1078,1250
1079,1250
1080,1250
1081,787
1082,787
1083,787
1084,787
1085,787
1086,787
1087,1250
1088,787
1089,787
1090,1250
1091,1250
1092,1250
1093,1250
1094,1250
1095,1250
1096,1250
1097,787
1098,787
1099,787
1100,787
1101,1250
1102,787
1103,1250
1104,787
1105,1250
1106,787
1107,1250
1108,787
1109,1250
1110,1250
1111,787
1112,787
1113,787
1114,787
1115,1250
1116,787
1117,1250
1118,787
1119,1250
1120,787
1121,787
1122,1250
1123,787
1124,787
1125,787
1126,787
1127,787
1128,1250
1129,1250
1130,1250
1131,787
1132,787
1133,1250
1134,254
1135,459
1136,254
1137,254
1138,459
1139,254
1140,459
1141,459
1142,459
1143,101
1144,459
1145,459
1146,459
1147,459
1148,459
1149,254
1150,101
1151,459
1152,459
1153,101
1154,101
1155,459
1156,459
1157,459
1158,459
1159,101
1160,101
1161,101
1162,101
1163,459
1164,254
1165,459
1166,101
1167,459
1168,101
1169,459
1170,254
1171,254
1172,101
1173,254
1174,459
1175,101
1176,254
1177,459
1178,459
1179,459
1180,254
1181,101
1182,459
1183,459
1184,101
1185,459
1186,101
1187,254
1188,932
1189,932
1190,932
1191,932
1192,932
1193,932
1194,932
1195,932
1196,932
1197,932
1198,932
1199,932
1200,932
1201,932
1202,932
1203,932
1204,932
1205,932
1206,932
1207,932
1208,932
1209,932
1210,932
1211,932
1212,932
1213,932
1214,932
1215,932
1216,932
1217,932
1218,932
1219,816
1220,416
1221,816
1222,816
1223,416
1224,816
1225,816
1226,416
1227,416
1228,816
1229,416
1230,816
1231,816
1232,416
1233,416
1234,416
1235,416
1236,816
1237,816
1238,416
1239,416
1240,416
1241,816
1242,416
1243,416
1244,816
1245,416
1246,816
1247,416
1248,416
1249,416
1250,816
1251,416
1252,816
1253,416
1254,816
1255,816
1256,816
1257,416
1258,416
1259,416
1260,816
1261,416
1262,816
1263,416
1264,416
1265,416
1266,816
1267,816
1268,416
1269,816
1270,416
1271,416
1272,416
1273,416
1274,416
1275,816
1276,816
1277,416
1278,816
1279,416
1280,816
1281,816
1282,416
1283,816
1284,816
1285,816
1286,816
1287,416
1288,416
1289,816
1290,816
1291,416
1292,416
1293,816
1294,816
1295,416
1296,416
1297,416
1298,416
1299,416
1300,416
1301,416
1302,816
1303,816
1304,416
1305,816
1306,416
1307,416
1308,416
1309,816
1310,816
1311,416
1312,816
1313,816
1314,816
1315,416
1316,816
1317,416
1318,416
1319,816
1320,816
1321,816
1322,416
1323,416
1324,816
1325,816
1326,1155
1327,1143
1328,1155
1329,1155
1330,1155
1331,1143
1332,1155
1333,1143
1334,1155
1335,1143
1336,1155
1337,1143
1338,1308
1339,734
1340,1212
1341,1212
1342,734
1343,1308
1344,1212
1345,1212
1346,1212
1347,1212
1348,734
1349,734
1350,1308
1351,1308
1352,1308
1353,734
1354,734
1355,734
1356,1308
1357,1308
1358,1308
1359,734
1360,1212
1361,1212
1362,1212
1363,1212
1364,1212
1365,1212
1366,1308
1367,1212
1368,1308
1369,734
1370,734
1371,1212
1372,1308
1373,734
1374,1308
1375,1212
1376,734
1377,1212
1378,1308
1379,1212
1380,1308
1381,1308
1382,734
1383,734
1384,734
1385,1308
1386,1212
1387,734
1388,1212
1389,1212
1390,1308
1391,734
1392,1308
1393,734
1394,1308
1395,734
1396,1212
1397,1308
1398,1308
1399,734
1400,1308
1401,1308
1402,734
1403,734
1404,734
1405,1212
1406,1308
1407,795
1408,795
1409,795
1410,795
1411,795
1412,795
1413,795
1414,795
1415,795
1416,795
1417,795
1418,795
1419,795
1420,795
1421,795
1422,795
1423,795
1424,795
1425,795
1426,795
1427,795
1428,795
1429,795
1430,795
1431,795
1432,795
1433,795
1434,795
1435,795
1436,795
1437,795
1438,795
1439,795
1440,556
1441,556
1442,556
1443,556
1444,556
1445,556
1446,556
1447,556
1448,556
1449,556
1450,556
1451,556
1452,556
1453,556
1454,556
1455,556
1456,556
1457,556
1458,556
1459,556
1460,556
1461,556
1462,556
1463,556
1464,556
1465,556
1466,556
1467,556
1468,556
1469,556
1470,556
1471,556
1472,556
1473,556
1474,556
1475,755
1476,755
1477,1474
1478,1474
1479,1474
1480,1474
1481,1474
1482,1474
1483,755
1484,1474
1485,755
1486,1474
1487,1474
1488,1474
1489,1474
1490,755
1491,755
1492,755
1493,1474
1494,1474
1495,1474
1496,755
1497,755
1498,755
1499,755
1500,755
1501,755
1502,755
1503,755
1504,755
1505,1474
1506,755
1507,755
1508,1474
1509,755
1510,755
1511,755
1512,755
1513,755
1514,755
1515,755
1516,1474
1517,755
1518,1474
1519,1474
1520,1474
1521,1474
1522,1474
1523,1474
1524,755
1525,1474
1526,755
1527,755
1528,1474
1529,755
1530,755
1531,755
1532,1474
1533,1474
1534,755
1535,755
1536,755
1537,755
1538,1474
1539,1474
1540,755
1541,1474
1542,755
1543,755
1544,755
1545,1474
1546,1474
1547,1474
1548,1474
1549,1474
1550,1474
1551,755
1552,1474
1553,755
1554,1474
1555,1474
1556,1474
1557,1474
1558,755
1559,755
1560,1474
1561,1474
1562,1474
1563,1474
1564,1474
1565,755
1566,755
1567,1474
1568,755
1569,755
1570,755
1571,755
1572,755
1573,1474
1574,755
1575,1474
1576,1474
1577,1474
1578,755
1579,755
1580,1474
1581,755
1582,755
1583,1474
1584,1474
1585,1474
1586,755
1587,1474
1588,755
1589,1088
1590,1088
1591,1088
1592,1088
1593,1088
1594,1088
1595,1088
1596,1088
1597,1088
1598,1088
1599,1088
1600,1088
1601,1088
1602,1088
1603,1088
1604,1088
1605,1088
1606,1088
1607,1088
1608,1088
1609,1088
1610,1088
1611,1088
1612,1088
1613,1088
1614,1088
1615,1088
1616,1088
1617,1088
1618,1088
1619,1088
1620,1088
1621,1088
1622,1088
1623,1088
1624,1088
1625,1088
1626,1088
1627,1088
1628,1088
1629,1088
1630,1088
1631,1088
1632,1088
1633,1088
1634,1088
1635,1088
1636,1088
1637,1088
1638,1088
1639,1088
1640,1088
1641,1088
1642,1088
1643,1088
1644,1088
1645,1088
1646,1088
1647,1088
1648,1088
1649,1088
1650,1088
1651,1088
1652,1088
1653,1088
1654,1088
1655,1088
1994,825
1995,229
1997,667
1999,835
2000,627
2001,1399
2006,159
2008,1150
2009,1245
2010,304
2011,1339
2012,1402
2013,40
2014,826
2020,854
2022,1320
2025,1377
2026,1270
2027,20
2028,1316
2029,361
2031,254
2034,1123
2035,473
2036,1016
2037,1060
2039,818
2042,1427
2045,42
2046,124
2048,1375
2049,1286
2050,397
2051,306
2054,412
2056,352
2057,817
2058,1462
2059,1317
2060,550
2063,383
2064,18
2065,785
2066,744
2067,1403
2068,675
2069,1254
2074,211
2077,1127
2078,830
2079,794
2080,1135
2081,1111
2084,1121
2087,1105
2089,578
2091,852
2092,642
2094,1044
2097,126
2099,1174
2102,410
2105,576
2106,1030
2108,952
2109,244
2111,1046
2112,1219
2113,496
2116,42
2117,693
2118,125
2119,1267
2122,1276
2123,1236
2124,560
2125,628
2127,704
2130,317
2132,915
2133,20
2134,735
2135,650
2136,1107
2137,817
2140,196
2143,117
2144,1255
2145,426
2146,564
2147,1426
2148,1014
2150,1228
2151,1045
2152,1453
2155,151
2156,296
2157,1199
2158,1322
2159,675
2160,1057
2161,1341
2162,1217
2164,995
2165,781
2166,615
2169,643
2173,45
2176,1317
2177,1438
2178,988
2179,73
2181,1373
2185,328
2186,1223
2187,1323
2189,660
2191,958
2192,574
2193,1446
2194,317
2195,1473
2196,360
2197,339
2198,351
2200,394
2201,1409
2205,72
2206,1487
2208,99
2209,626
2210,799
2211,1357
2212,517
2213,425
2214,1200
2216,397
2217,707
2219,1326
2220,941
2221,448
2222,1002
2223,341
2224,62
2225,1215
2226,124
2227,603
2228,1371
2229,139
2232,1457
2236,222
2242,199
2244,1409
2245,1069
2247,237
2248,480
2251,48
2252,53
2253,488
2254,856
2255,41
2258,1303
2259,75
2260,260
2261,235
2263,992
2264,1285
2266,1490
2267,1008
2269,1499
2270,331
2271,524
2273,804
2274,1195
2275,1223
2278,813
2279,348
2280,764
2284,804
2286,1031
2287,834
2291,16
2292,58
2293,776
2296,1345
2297,301
2299,564
2302,245
2303,746
2304,674
2305,1365
2307,1124
2308,735
2309,713
2311,675
2316,831
2317,1345
2321,1070
2325,862
2326,212
2327,959
2328,187
2329,1251
2330,1399
2331,1449
2332,1270
2333,68
2334,910
2337,1009
2339,596
2341,881
2342,868
2343,701
2344,115
2345,661
2346,1181
2349,449
2351,14
2352,883
2354,1106
2356,92
2359,1111
2360,1330
2362,465
2364,901
2366,391
2367,1287
2369,935
2370,701
2371,902
2372,784
2375,1185
2380,125
2381,648
2383,1327
2387,1340
2388,1064
2389,611
2390,390
2391,1166
2392,875
2393,204
2394,249
2395,1185
2396,1100
2398,309
2399,1097
2401,280
2402,1103
2403,1170
2405,1281
2408,1210
2409,222
2410,54
2412,1342
2413,157
2415,382
2416,1491
2418,797
2423,1445
2424,493
2425,56
2426,61
2427,873
2428,1100
2429,1361
2432,284
2433,1214
2435,586
2438,774
2439,46
2440,1301
2445,603
2448,1055
2449,1070
2450,792
2451,580
2452,1177
2454,257
2455,1319
2456,211
2457,582
2458,761
2460,1431
2461,584
2462,617
2463,1101
2465,37
2466,1227
2467,1134
2470,1033
2471,197
2475,1140
2478,1488
2479,698
2481,212
2488,837
2490,475
2492,7
2493,1097
2495,956
2496,565
2497,51
2499,1108
2500,1171
2501,1188
2502,242
2505,1339
2506,1378
2507,392
2508,147
2511,771
2512,1240
2518,502
2519,429
2520,453
2522,349
2524,623
2527,413
2529,1217
2532,1238
2538,1124
2542,467
2543,982
2546,555
2547,121
2548,1090
2550,923
2552,205
2554,388
2555,1370
2557,740
2558,516
2559,1150
2560,23
2562,1208
2564,1086
2566,993
2568,273
2570,377
2572,1086
2579,477
2580,1352
2582,104
2583,21
2587,81
2590,1383
2594,148
2597,862
2601,75
2602,1355
2605,1376
2608,1234
2612,13
2616,53
2617,382
2623,674
2624,649
2625,1481
2627,771
2631,781
2632,1173
2634,651
2637,876
2640,864
2641,849
2643,61
2645,344
2647,107
2648,279
2649,472
2650,733
2651,777
2652,1258
2653,845
2658,1434
2659,61
2660,719
2661,1239
2662,1371
2663,241
2664,88
2665,1135
2666,837
2667,838
2670,901
2672,542
2673,960
2674,651
2675,1123
2676,943
2678,753
2681,91
2682,890
2683,654
2685,1334
2686,1440
2688,147
2694,1323
2696,613
2697,299
2698,153
2699,1349
2700,565
2701,310
2702,775
2705,563
2706,879
2710,494
2711,939
2713,152
2714,358
2717,1239
2719,952
2720,778
2723,615
2724,220
2725,624
2726,898
2729,654
2731,1064
2732,1168
2734,813
2736,990
2737,44
2738,1240
2739,434
2740,230
2741,721
2742,509
2745,241
2747,291
2749,1210
2750,951
2751,1267
2754,516
2755,1171
2756,463
2757,1471
2758,791
2761,1007
2763,790
2764,1120
2765,144
2768,4
2770,1263
2771,858
2772,1193
2773,1245
2774,1325
2775,1438
2776,318
2777,60
2782,619
2783,1353
2784,1328
2785,372
2786,1473
2789,820
2791,628
2792,125
2794,1133
2796,2
2798,1430
2800,1239
2804,625
2806,66
2807,362
2809,1264
2812,598
2813,577
2815,1355
2816,315
2818,1099
2821,63
2823,1025
2824,451
2828,94
2830,404
2832,90
2834,401
2835,741
2836,703
2837,502
2839,290
2840,116
2841,715
2842,1134
2844,786
2845,1461
2848,708
2849,902
2850,988
2851,1238
2854,68
2855,1389
2857,875
2858,730
2859,882
2861,1294
2863,1147
2865,963
2867,1062
2868,267
2869,949
2872,211
2876,33
2877,1499
2882,541
2883,642
2886,194
2887,877
2889,844
2891,362
2892,640
2893,475
2894,212
2895,984
2896,578
2899,357
2900,150
2901,412
2904,58
2905,1190
2912,1252
2914,286
2915,167
2916,1039
2917,644
2918,356
2919,531
2921,790
2923,1152
2927,679
2928,1369
2930,704
2932,544
2935,931
2938,662
2939,1406
2941,945
2942,611
2944,1263
2945,1479
2946,779
2951,725
2952,800
2958,280
2959,176
2960,316
2961,592
2962,1084
2963,807
2964,249
2965,581
2966,850
2968,586
2969,966
2971,1426
2974,1044
2977,1032
2978,1481
2979,761
2984,975
2985,5
2987,934
2988,1048
2989,728
2994,1382
2996,6
2998,848
2999,824
3000,507
3001,14
3002,93
3003,1218
3005,961
3011,1207
3012,979
3013,73
3014,1441
3015,882
3016,798
3017,1083
3018,1462
3019,945
3020,250
3023,745
3024,1281
3025,878
3026,1150
3027,6
3028,1404
3029,1314
3030,1150
3033,923
3035,1286
3037,149
3038,898
3039,1496
3041,59
3047,159
3049,141
3050,930
3051,330
3053,1171
3055,994
3057,779
3058,714
3059,1486
3065,164
3068,1265
3069,1127
3071,608
3075,257
3076,774
3078,586
3079,1324
3082,855
3086,1136
3088,1204
3090,73
3092,1166
3094,1368
3095,1104
3096,365
3099,335
3102,64
3104,712
3106,1457
3109,17
3112,1122
3115,578
3116,1070
3119,1014
3121,1498
3122,391
3123,1335
3124,297
3127,763
3130,1310
3133,1254
3137,706
3138,181
3139,874
3142,1491
3148,991
3150,1189
3151,578
3152,21
3155,280
3158,441
3159,465
3160,558
3161,948
3162,994
3163,1218
3165,35
3167,1490
3170,1319
3176,313
3178,862
3179,594
3180,535
3181,229
3182,1480
3183,506
3184,633
3186,175
3188,1197
3189,109
3191,29
3193,124
3196,865
3199,32
3201,1102
3202,1339
3204,1239
3205,418
3206,900
3207,944
3210,128
3211,576
3212,1396
3213,1098
3216,971
3218,50
3219,1335
3220,573
3223,385
3225,1354
3226,1250
3227,1342
3231,788
3233,211
3234,527
3236,415
3238,378
3239,71
3242,1306
3243,1310
3245,1142
3246,67
3248,415
3249,554
3253,349
3257,1284
3258,212
3259,671
3260,148
3261,965
3262,720
3265,906
3266,1170
3267,39
3268,1257
3269,619
3271,870
3275,1381
3276,534
3278,1111
3281,926
3282,1090
3283,1375
3284,1292
3285,1154
3286,1135
3288,1130
3290,525
3292,334
3294,698
3295,1367
3296,123
3298,72
3299,804
3300,1446
3302,1156
3306,1333
3307,309
3310,1302
3312,114
3313,427
3316,973
3317,1171
3318,503
3319,1479
3320,939
3323,90
3324,218
3325,810
3326,1132
3327,1006
3328,547
3330,1084
3331,379
3332,1254
3334,1183
3335,920
3336,389
3337,736
3340,1126
3344,1034
3345,1461
3350,1222
3351,391
3352,854
3353,171
3354,698
3356,38
3357,399
3358,554
3360,751
3361,1216
3362,629
3367,842
3368,760
3370,1410
3373,1098
3380,61
3381,1140
3383,773
3386,1335
3387,309
3390,1154
3394,733
3397,1429
3400,956
3401,595
3402,549
3403,1261
3405,1285
3406,838
3412,449
3414,611
3415,102
3416,337
3417,1480
3419,1276
3420,975
3421,547
3422,1089
3423,1351
3424,164
3425,276
3426,1039
3427,406
3429,1173
3430,447
3431,1387
3432,111
3436,102
3437,613
3438,1273
3439,188
3440,120
3441,1348
3442,1072
3443,784
3444,562
3445,1155
3446,1407
3448,982
3451,88
3452,1293
3454,1243
3456,439
3457,1364
3459,1414
3464,517
3466,1309
3469,973
3471,500
3473,1351
3474,1120
3476,547
3478,656
3481,358
3483,1347
3484,895
3489,669
3490,670
3491,871
3492,1396
3493,301
3496,150
3501,953
3502,1002
3504,1157
3505,1298
3506,193
3508,599
3509,100
3510,3
3512,1146
3514,1011
3515,653
3516,218
3517,1047
3521,841
3522,357
3528,35
3530,298
3531,573
3532,1185
3537,1346
3538,536
3542,1379
3543,183
3550,217
3551,1473
3552,1380
3555,163
3557,626
3558,425
3564,442
3566,793
3571,1025
3572,1293
3574,296
3575,522
3576,555
3577,1339
3578,1154
3583,615
3584,926
3587,98
3589,747
3590,530
3591,1264
3593,1491
3598,145
3599,703
3601,1408
3602,667
3605,958
3606,354
3607,1136
3609,805
3610,1241
3611,821
3612,1074
3614,249
3615,97
3616,574
3619,249
3621,1499
3622,147
3623,882
3624,596
3625,1113
3626,1033
3627,940
3628,1398
3630,331
3631,1081
3634,1107
3635,445
3636,1368
3637,880
3639,111
3641,885
3642,318
3646,654
3647,1235
3648,1020
3649,1435
3650,1170
3652,612
3656,881
3658,1435
3659,618
3660,324
3662,1110
3666,661
3667,962
3668,190
3671,1241
3673,983
3675,213
3682,237
3684,428
3686,1459
3690,537
3691,348
3692,916
3693,1057
3694,1466
3695,864
3696,1424
3697,565
3700,852
3701,1438
3702,748
3704,1059
3707,1426
3708,281
3709,615
3710,1064
3711,1385
3714,1110
3715,585
3717,1303
3718,143
3720,30
3722,506
3723,733
3725,1253
3726,271
3728,673
3729,20
3731,414
3734,484
3735,1463
3736,758
3737,1409
3739,163
3742,817
3743,1230
3747,1063
3748,138
3751,608
3752,513
3753,1087
3756,958
3758,872
3759,857
3762,1453
3763,1416
3765,820
3767,92
3768,1077
3771,905
3772,205
3775,77
3778,781
3780,1158
3783,81
3784,1477
3785,43
3787,6
3788,555
3789,1080
3790,948
3791,1062
3796,857
3797,136
3798,1229
3799,1405
3800,869
3801,217
3802,367
3803,1472
3804,216
3806,654
3807,1
3809,989
3810,112
3812,1098
3813,996
3815,1049
3817,443
3818,974
3819,309
3821,1153
3822,34
3827,1266
3830,768
3831,874
3832,1495
3837,632
3839,1332
3842,1149
3844,1264
3845,679
3852,127
3853,763
3855,744
3856,1369
3858,881
3862,161
3863,998
3865,1153
3866,914
3867,1290
3869,671
3870,495
3871,771
3874,323
3876,855
3877,713
3878,34
3881,180
3882,179
3883,23
3886,369
3890,1257
3892,1134
3894,1115
3897,84
3899,358
3902,471
3903,1451
3904,631
3905,410
3908,276
3909,315
3911,1080
3912,290
3913,1173
3915,1211
3916,582
3918,692
3919,744
3923,1058
3924,172
3925,869
3926,776
3927,321
3929,1186
3931,1470
3932,1014
3935,1300
3936,1406
3937,55
3941,1308
3943,337
3944,1153
3947,1194
3948,1158
3950,288
3952,433
3953,514
3957,93
3958,654
3963,1193
3965,729
3966,1470
3967,1018
3968,1497
3969,159
3973,1259
3975,356
3976,555
3977,1447
3979,1459
3980,600
3982,431
3984,580
3985,230
3986,363
3989,562
3990,438
3991,1184
3992,424
3993,277
3994,1381
3995,365
3997,921
4001,824
4003,409
4005,799
4008,353
4009,1082
4011,994
4015,1197
4019,1444
4020,512
4023,1164
4026,162
4029,542
4030,442
4031,435
4033,1141
4035,465
4036,228
4040,1060
4041,751
4044,379
4046,1177
4047,1483
4049,243
4050,193
4053,130
4056,1302
4057,899
4059,1176
4060,159
4062,451
4064,802
4066,554
4068,931
4069,481
4070,1344
4072,470
4075,808
4076,397
4077,155
4078,994
4079,1364
4080,1371
4081,1158
4083,813
4085,1458
4086,890
4089,321
4091,848
4092,1458
4093,70
4097,927
4100,1288
4101,1228
4102,174
4103,1201
4107,901
4108,275
4110,1326
4111,856
4112,274
4113,366
4115,643
4116,458
4117,439
4119,94
4120,1190
4121,298
4124,25
4125,1293
4127,1039
4128,1118
4129,1188
4130,247
4132,689
4134,831
4135,1185
4136,685
4138,1417
4140,242
4142,564
4144,517
4146,858
4148,859
4149,663
4151,474
4152,54
4153,1167
4154,33
4155,314
4159,1171
4161,679
4164,815
4165,459
4166,1340
4168,411
4169,995
4171,1247
4172,1111
4173,1332
4174,482
4176,1202
4177,1439
4178,597
4180,440
4181,258
4183,1201
4184,1414
4186,539
4187,606
4190,204
4192,828
4193,1453
4195,579
4196,756
4197,333
4198,489
4199,861
4200,121
4201,1175
4206,536
4207,147
4209,551
4211,648
4215,496
4216,1328
4217,1069
4218,105
4219,194
4220,719
4221,1487
4222,118
4223,1310
4225,192
4226,852
4227,781
4228,903
4230,788
4232,1172
4233,557
4234,1028
4235,256
4237,363
4241,1321
4242,416
4243,1130
4246,1206
4247,77
4251,938
4253,1256
4257,121
4260,1135
4261,956
4263,52
4264,280
4270,1230
4271,800
4272,495
4273,180
4274,989
4275,750
4276,598
4278,1291
4281,9
4283,1457
4285,1067
4287,732
4288,108
4291,495
4292,130
4294,1450
4295,347
4298,1132
4299,1108
4302,605
4303,1105
4306,26
4307,1335
4311,825
4313,849
4314,799
4315,696
4316,1199
4320,354
4325,187
4328,526
4330,1288
4331,837
4332,739
4337,1316
4339,183
4343,1491
4345,897
4347,1313
4348,247
4351,1418
4355,173
4358,1309
4359,1001
4361,609
4365,1305
4369,428
4370,1293
4371,1468
4372,971
4373,1323
4374,967
4376,1258
4377,932
4380,711
4381,633
4382,654
4384,1297
4387,1458
4388,1279
4389,632
4390,134
4392,610
4393,502
4399,813
4400,934
4407,1254
4408,626
4409,870
4410,61
4412,1432
4414,1250
4416,642
4419,236
4420,887
4425,1301
4427,1026
4434,174
4435,222
4438,513
4439,109
4440,1112
4442,411
4443,536
4445,216
4453,60
4454,509
4455,744
4456,712
4457,1448
4458,1044
4459,1214
4460,718
4461,229
4462,1224
4463,1045
4465,486
4466,948
4467,39
4469,1061
4473,745
4477,587
4481,1423
4482,136
4483,640
4486,655
4490,617
4495,662
4499,994
4501,1031
4502,1027
4503,164
4506,289
4514,800
4516,748
4520,1043
4523,568
4524,918
4527,5
4529,315
4531,1185
4532,1277
4535,760
4536,920
4537,183
4542,559
4543,1497
4544,252
4545,1428
4548,1337
4550,524
4552,351
4553,975
4554,738
4555,79
4556,838
4557,892
4558,382
4559,121
4560,794
4561,749
4564,690
4565,262
4566,740
4567,994
4569,456
4570,55
4571,772
4572,189
4574,1110
4575,1373
4576,825
4577,618
4578,78
4581,135
4582,1141
4583,985
4584,779
4585,202
4586,850
4588,409
4591,571
4593,134
4594,6
4595,626
4596,121
4597,1432
4598,1077
4604,552
4605,640
4606,106
4612,1020
4613,1087
4616,1055
4618,694
4619,839
4620,795
4621,211
4625,729
4627,1276
4629,697
4631,577
4632,1026
4633,1415
4634,1144
4635,1160
4636,1216
4637,1094
4640,153
4643,1241
4644,605
4645,1290
4646,312
4648,1064
4650,379
4651,552
4653,701
4656,680
4659,568
4664,813
4666,966
4668,1301
4671,1294
4673,1298
4674,335
4676,1058
4677,499
4678,1025
4679,866
4680,934
4683,995
4687,1048
4688,81
4689,28
4690,525
4692,650
4694,263
4696,875
4697,1468
4698,268
4699,699
4709,1050
4711,465
4713,1110
4714,1413
4715,1404
4718,810
4719,1267
4721,1193
4724,646
4725,1144
4727,89
4728,1087
4729,441
4730,201
4731,549
4732,964
4733,1423
4734,1053
4737,352
4738,1428
4739,251
4740,875
4741,449
4745,863
4746,665
4747,630
4752,1362
4753,1309
4754,911
4755,1077
4759,992
4761,15
4762,1236
4764,669
4767,1112
4770,26
4772,1300
4773,1373
4775,675
4776,986
4777,813
4779,912
4780,1144
4783,340
4784,276
4785,1408
4786,307
4787,385
4788,432
4790,1271
4793,96
4794,1357
4795,522
4796,950
4797,862
4800,457
4801,1435
4802,1491
4805,1322
4807,260
4808,386
4809,557
4810,666
4811,349
4815,570
4816,1444
4817,1149
4821,67
4822,884
4823,643
4825,914
4827,914
4830,121
4831,174
4832,1241
4833,721
4835,320
4836,102
4837,788
4838,919
4841,986
4842,644
4844,724
4845,1126
4848,75
4849,15
4852,1046
4853,218
4854,445
4859,717
4861,170
4862,1149
4864,237
4865,1469
4867,1292
4869,693
4870,121
4872,342
4873,1453
4875,523
4877,1238
4879,1429
4881,829
4882,870
4885,1366
4887,1205
4891,178
4894,675
4898,1400
4901,32
4902,151
4903,384
4904,1423
4905,1018
4906,887
4909,1312
4910,1045
4911,118
4913,1059
4914,326
4918,133
4919,1175
4920,1228
4921,642
4922,470
4925,831
4927,98
4929,692
4930,439
4932,728
4935,1163
4938,1076
4939,348
4940,1478
4941,242
4942,1245
4944,2
4945,995
4946,597
4947,942
4948,851
4949,126
4951,1070
4952,424
4955,227
4956,591
4957,1431
4958,1071
4961,255
4963,1426
4964,1084
4966,48
4967,1173
4968,1211
4970,187
4972,437
4975,1488
4976,367
4981,639
4982,837
4984,1308
4986,1342
4990,1340
4991,732
4993,1044
4997,187
4998,1071
5002,479
5003,678
5004,185
5005,1027
5007,1499
5008,1264
5009,1439
5013,251
5014,681
5016,648
5017,461
5020,271
5021,525
5022,472
5023,902
5025,957
5026,1468
5029,952
5030,744
5031,319
5033,873
5034,546
5035,167
5038,385
5041,1086
5042,744
5043,179
5044,605
5046,833
5050,70
5051,365
5053,786
5055,121
5056,195
5057,796
5058,555
5061,462
5062,994
5063,626
5065,650
5066,1249
5069,1374
5072,193
5074,266
5075,386
5076,477
5079,1116
5081,521
5082,157
5083,330
5084,1443
5090,744
5096,811
5098,1467
5099,33
5102,820
5103,82
5105,1422
5107,403
5110,695
5111,637
5115,453
5116,229
5117,1352
5119,319
5120,288
5121,585
5124,1273
5126,1021
5127,750
5133,711
5134,1473
5138,160
5139,324
5141,893
5142,754
5145,1456
5147,140
5148,935
5150,1441
5153,1043
5157,1016
5158,672
5159,1106
5160,1059
5161,1298
5166,1346
5167,63
5169,1255
5174,919
5176,1354
5177,917
5181,487
5182,867
5185,1176
5186,340
5189,250
5191,117
5192,1491
5193,1000
5195,276
5197,1431
5203,1326
5204,138
5206,1411
5208,641
5210,335
5211,1159
5213,233
5214,72
5217,176
5220,1407
5221,542
5222,1339
5223,559
5225,1249
5226,183
5227,988
5228,64
5230,837
5231,973
5232,985
5234,1414
5235,751
5236,1175
5237,1271
5238,716
5239,4
5241,847
5242,298
5244,1076
5247,763
5248,1413
5250,213
5251,536
5255,421
5256,525
5257,552
5260,443
5261,33
5263,875
5265,628
5266,29
5267,684
5268,458
5269,597
5270,656
5271,1109
5273,1017
5274,223
5275,716
5276,263
5277,924
5278,1454
5279,1020
5280,357
5281,559
5283,649
5284,619
5285,779
5286,409
5287,1429
5290,439
5292,846
5296,1156
5297,915
5298,1490
5301,400
5302,507
5307,1009
5308,1193
5313,311
5314,781
5316,352
5317,1235
5319,594
5320,11
5321,119
5322,784
5324,1148
5325,958
5326,930
5332,1136
5333,851
5334,714
5335,838
5342,413
5346,833
5348,1285
5350,260
5352,251
5354,271
5358,1265
5360,375
5363,43
5365,665
5368,222
5369,693
5373,404
5374,1444
5375,1164
5376,1129
5381,122
5383,144
5384,1172
5388,270
5391,906
5392,645
5393,1301
5395,1024
5396,1180
5397,773
5398,1044
5400,1194
5407,932
5408,393
5409,1027
5410,1343
5411,560
5413,1062
5414,1382
5416,813
5417,637
5418,41
5422,849
5423,1066
5426,192
5427,1445
5429,1074
5430,982
5432,1020
5433,954
5434,388
5436,497
5438,1045
5439,1240
5440,993
5442,759
5443,365
5444,1112
5448,187
5449,1101
5450,332
5451,1262
5453,243
5454,507
5457,482
5459,515
5462,221
5466,8
5467,1081
5469,561
5473,209
5474,611
5475,437
5480,926
5481,1060
5483,469
5485,1148
5486,309
5487,366
5488,1118
5491,1208
5492,1006
5493,55
5495,917
5497,458
5499,183
5500,467
5502,61
5503,1036
5504,1429
5505,929
5506,200
5509,746
5510,418
5511,1248
5514,129
5518,396
5520,7
5522,327
5523,108
5524,807
5525,1448
5526,869
5527,110
5529,1451
5531,1413
5532,930
5533,1190
5535,1054
5536,1400
5537,606
5538,1409
5540,335
5541,879
5544,1288
5546,1013
5549,233
5550,1230
5553,191
5557,953
5558,1407
5560,743
5561,247
5563,418
5564,359
5565,769
5568,914
5569,292
5571,315
5572,692
5574,84
5575,756
5576,1404
5577,866
5578,675
5579,1451
5580,344
5582,267
5586,567
5587,716
5590,572
5594,79
5598,552
5599,1475
5601,372
5602,643
5603,1257
5604,470
5605,103
5606,128
5607,616
5608,787
5612,1275
5614,160
5615,941
5617,196
5621,842
5622,690
5623,902
5627,419
5628,1398
5629,734
5630,1326
5635,736
5636,904
5637,778
5638,560
5640,895
5642,338
5643,656
5646,870
5647,1106
5648,1027
5649,107
5651,1459
5652,943
5653,76
5657,730
5658,1484
5661,922
5662,956
5665,718
5666,1261
5667,230
5669,961
5670,749
5671,1054
5673,1430
5675,29
5676,383
5678,668
5680,200
5681,379
5682,1027
5683,308
5684,866
5685,716
5686,882
5687,33
5688,507
5690,1267
5691,929
5692,1109
5694,1397
5698,152
5699,935
5704,264
5706,1172
5710,839
5711,214
5713,609
5714,696
5715,1367
5718,1118
5719,256
5726,771
5727,1056
5728,230
5729,1135
5730,239
5731,904
5734,1094
5736,401
5740,1314
5744,1145
5745,612
5747,641
5748,1470
5749,1457
5751,1477
5754,339
5755,1140
5756,305
5757,825
5758,1336
5760,1153
5761,536
5765,13
5766,1240
5767,1498
5770,43
5774,1394
5775,702
5780,969
5781,136
5782,108
5783,891
5785,624
5786,414
5789,1352
5790,293
5792,1062
5795,745
5798,34
5800,523
5801,1440
5803,1028
5805,974
5806,804
5808,578
5809,554
5813,1439
5815,224
5816,675
5821,464
5822,283
5825,955
5832,975
5836,255
5843,1458
5845,844
5846,851
5847,1184
5849,1108
5851,523
5858,25
5861,202
5863,916
5865,803
5867,780
5868,244
5870,520
5871,855
5873,186
5874,607
5877,69
5878,308
5883,1255
5885,1198
5887,964
5888,490
5892,56
5893,856
5894,430
5895,640
5898,336
5902,400
5903,626
5904,600
5906,703
5907,179
5909,779
5910,686
5911,663
5913,995
5915,1018
5917,139
5919,328
5920,62
5921,1207
5922,656
5923,217
5926,1260
5927,562
5931,260
5932,1110
5933,406
5936,1177
5937,122
5938,283
5941,1399
5945,881
5947,1420
5948,323
5949,601
5950,576
5952,405
5953,893
5958,162
5963,1499
5964,168
5965,1376
5967,273
5968,587
5969,268
5971,134
5973,439
5974,749
5975,859
5976,1469
5978,1367
5979,178
5981,949
5983,500
5986,1006
5987,237
5988,853
5990,1375
5991,683
5992,1135
5993,804
5994,841
5995,387
5997,914
5998,1173
6000,1318
6001,1169
6002,968
6005,212
6006,604
6007,1474
6008,597
6013,990
6014,1175
6015,708
6016,347
6017,1418
6018,881
6019,1006
6020,375
6021,1264
6023,1322
6024,784
6027,273
6030,828
6031,900
6033,517
6037,905
6038,873
6039,1495
6040,78
6041,444
6042,346
6043,477
6044,1127
6045,1294
6046,1385
6047,372
6049,1406
6052,275
6053,709
6057,231
6058,655
6060,247
6063,432
6069,686
6070,743
6071,366
6072,362
6073,1368
6074,536
6076,911
6077,607
6078,843
6080,536
6083,1359
6084,1183
6085,382
6087,413
6089,936
6090,724
6094,1305
6096,1274
6097,461
6098,956
6099,326
6101,1149
6103,201
6104,1129
6105,143
6106,50
6110,80
6112,1378
6113,814
6114,1221
6115,1235
6118,158
6120,814
6121,1454
6123,177
6125,1487
6127,308
6129,1437
6130,440
6131,613
6132,292
6134,143
6138,1098
6139,1060
6140,324
6141,777
6142,464
6143,1236
6145,859
6146,21
6147,1392
6148,402
6150,1426
6152,1463
6153,323
6154,564
6155,513
6156,626
6158,1015
6159,783
6160,1452
6163,427
6166,1228
6167,72
6169,54
6170,776
6172,873
6174,1189
6175,736
6177,1238
6181,1379
6183,453
6184,4
6188,1020
6189,724
6190,212
6191,980
6195,749
6199,935
6200,69
6201,1207
6210,962
6212,1410
6220,537
6224,744
6226,412
6227,492
6230,1316
6232,917
6233,195
6234,528
6235,863
6237,200
6239,994
6242,1430
6243,888
6245,492
6248,1409
6250,1397
6251,516
6253,924
6254,359
6256,1100
6257,77
6260,801
6261,823
6262,30
6263,273
6265,802
6266,1063
6268,1313
6269,1324
6271,1224
6273,303
6274,424
6275,1137
6277,1130
6280,104
6283,504
6284,2
6286,1002
6287,1439
6290,1356
6291,491
6292,1102
6293,965
6298,125
6302,98
6308,493
6309,393
6311,364
6312,626
6315,443
6317,1358
6318,1390
6323,569
6324,1233
6325,414
6326,73
6327,1333
6328,310
6330,1431
6332,662
6333,635
6334,929
6335,68
6336,1464
6340,856
6341,1234
6344,1301
6347,116
6349,462
6350,369
6351,65
6353,125
6354,16
6359,756
6360,872
6365,330
6366,414
6367,532
6368,1320
6369,125
6371,813
6373,988
6375,891
6378,1415
6381,830
6383,568
6385,262
6388,1255
6391,694
6392,100
6394,637
6395,1187
6396,575
6397,338
6398,1182
6400,780
6402,784
6404,105
6405,804
6407,1101
6408,51
6409,776
6410,411
6411,1131
6413,1084
6415,794
6420,1311
6423,661
6424,917
6427,786
6428,1127
6429,855
6430,1011
6431,224
6434,705
6436,265
6437,1140
6438,1448
6439,809
6444,93
6445,1315
6446,1225
6447,1225
6448,1417
6449,811
6450,1367
6453,401
6454,533
6456,630
6457,1147
6458,1493
6459,1223
6461,715
6462,767
6463,354
6466,1278
6469,949
6470,1065
6471,980
6472,1478
6475,893
6477,30
6479,672
6480,598
6482,1492
6485,409
6486,338
6488,540
6491,499
6492,1147
6493,666
6494,1311
6496,1324
6499,1118
6504,1421
6505,173
6509,790
6510,601
6513,562
6514,931
6515,818
6516,608
6519,812
6520,244
6521,556
6522,818
6526,1320
6527,1337
6528,902
6529,896
6530,1332
6531,1003
6533,1003
6534,630
6536,184
6540,1020
6542,1063
6543,475
6547,437
6548,262
6550,234
6551,1426
6552,870
6553,1054
6554,122
6556,1438
6557,775
6558,60
6561,1364
6562,1185
6563,132
6564,612
6565,960
6566,224
6567,1190
6571,1377
6574,1210
6575,581
6576,1468
6580,1066
6582,777
6583,832
6584,1416
6586,1461
6587,41
6589,509
6593,664
6594,259
6596,1240
6597,764
6598,1253
6599,1181
6608,1041
6611,608
6612,222
6616,805
6619,261
6620,1247
6622,12
6624,384
6625,1064
6627,413
6628,222
6631,701
6633,1372
6634,726
6635,869
6636,575
6638,916
6639,112
6640,1023
6641,188
6647,571
6648,922
6650,1378
6651,554
6652,648
6653,1250
6654,259
6656,547
6657,640
6658,274
6661,440
6662,607
6664,786
6665,290
6667,888
6669,1423
6670,1321
6672,1387
6673,1
6675,856
6677,307
6680,966
6682,411
6683,887
6684,983
6691,983
6692,1416
6703,969
6704,216
6706,255
6707,1039
6708,277
6709,792
6710,1203
6711,9
6713,1156
6714,1283
6715,207
6717,824
6718,1347
6723,1231
6724,495
6725,1398
6730,948
6732,1189
6734,506
6736,877
6737,1432
6738,603
6741,1130
6742,893
6744,515
6745,991
6746,1015
6747,1362
6749,227
6750,1418
6752,444
6754,1347
6756,22
6758,936
6759,41
6765,361
6767,1052
6768,1122
6769,839
6770,637
6773,1166
6774,1188
6775,16
6777,523
6778,1404
6779,407
6780,307
6781,920
6782,420
6783,961
6785,1434
6786,1267
6788,1157
6789,0
6790,988
6795,318
6800,1282
6801,139
6802,1269
6805,829
6806,1234
6807,1170
6810,1088
6811,970
6812,207
6813,1319
6814,1341
6816,1364
6819,134
6820,1488
6821,1205
6822,458
6823,802
6826,707
6828,1334
6832,694
6833,1033
6835,1487
6837,155
6839,1426
6841,930
6843,3
6845,89
6846,1214
6847,1146
6850,816
6851,856
6852,804
6857,897
6858,3
6859,527
6861,1031
6862,312
6863,1037
6864,843
6867,865
6868,518
6869,249
6870,384
6871,370
6872,88
6873,758
6876,883
6877,1366
6878,38
6882,836
6884,480
6885,1150
6887,1264
6889,885
6890,948
6891,1367
6892,1206
6893,608
6894,361
6896,1493
6898,501
6899,800
6902,337
6903,603
6904,627
6905,1280
6906,1451
6909,1308
6910,556
6911,948
6913,961
6917,652
6919,172
6921,195
6923,857
6925,1393
6928,1137
6929,660
6930,914
6936,911
6937,954
6939,1371
6940,987
6941,396
6942,1203
6943,238
6944,1202
6945,647
6946,692
6947,1178
6949,684
6953,1475
6956,910
6957,1193
6958,1313
6961,43
6962,765
6963,70
6964,402
6965,1279
6967,1188
6968,1021
6969,354
6973,1348
6977,170
6981,490
6982,503
6983,1463
6984,1305
6986,1425
6987,544
6988,1056
6989,1077
6993,205
6995,1310
6999,1075
7001,389
7003,1014
7004,1451
7005,1144
7006,362
7010,536
7012,461
7013,242
7016,154
7017,107
7019,101
7020,100
7022,823
7025,308
7026,785
7027,1036
7028,1039
7029,38
7030,1037
7032,1152
7035,1190
7036,1218
7037,1054
7038,969
7041,307
7042,180
7044,916
7045,1030
7047,967
7048,1226
7051,1450
7053,945
7055,1212
7060,1258
7062,1426
7064,1274
7065,557
7066,326
7068,1096
7069,1184
7073,944
7075,15
7076,301
7078,282
7079,749
7080,274
7084,1498
7085,899
7086,1098
7087,905
7088,626
7095,1314
7097,1
7098,1329
7099,1196
7100,1151
7101,75
7102,710
7103,1338
7104,382
7107,1099
7108,875
7109,1354
7114,785
7115,1458
7116,605
7118,797
7119,1104
7122,968
7125,896
7126,1468
7128,340
7129,796
7131,500
7132,800
7133,1495
7134,1227
7135,1169
7141,716
7143,565
7144,15
7147,1436
7148,1043
7149,431
7152,948
7153,408
7154,284
7157,1390
7158,1380
7160,239
7161,1465
7162,1160
7163,874
7164,716
7166,747
7167,46
7168,1197
7169,459
7170,339
7172,148
7173,172
7174,40
7175,1406
7176,1482
7178,938
7181,1330
7182,458
7184,159
7185,1397
7186,343
7188,383
7189,931
7190,130
7197,680
7201,500
7203,698
7205,245
7207,531
7208,1317
7210,630
7211,950
7213,905
7216,193
7219,575
7221,1387
7224,1060
7225,231
7226,564
7228,1097
7231,1066
7233,841
7235,8
7237,757
7238,172
7239,780
7241,1307
7246,627
7253,199
7254,1186
7255,1378
7257,195
7259,1034
7261,747
7262,1266
7263,932
7264,119
7269,984
7270,580
7271,1408
7272,647
7273,27
7274,232
7276,340
7277,195
7278,1350
7279,698
7280,812
7281,17
7282,497
7283,766
7284,901
7285,798
7288,1214
7293,1283
7298,1142
7299,1031
7301,448
7302,321
7304,312
7306,118
7307,1421
7308,1416
7310,630
7311,337
7312,1292
7313,1117
7317,1131
7319,482
7322,1445
7323,1136
7327,142
7328,0
7331,1149
7333,1155
7334,207
7339,109
7340,252
7341,1454
7342,498
7344,557
7346,661
7347,60
7349,1190
7350,799
7353,1147
7355,838
7357,694
7360,79
7362,1039
7363,1222
7365,42
7366,849
7369,1338
7371,529
7372,1481
7373,961
7374,1084
7375,611
7378,1106
7379,569
7381,532
7382,995
7383,549
7384,1237
7385,1479
7389,903
7390,510
7391,968
7393,1100
7395,310
7397,1002
7399,1351
7400,1077
7401,1108
7402,1397
7403,1201
7405,958
7406,401
7407,209
7408,764
7409,440
7410,145
7411,591
7412,1373
7414,1018
7416,825
7419,9
7420,904
7426,71
7427,1239
7428,843
7429,1327
7430,1012
7432,505
7433,363
7438,752
7439,1044
7444,252
7445,742
7447,1209
7448,1397
7450,270
7451,102
7453,427
7454,1325
7455,417
7458,697
7459,464
7461,1032
7462,1031
7463,611
7464,763
7465,1210
7466,693
7467,1479
7469,915
7470,457
7471,138
7475,131
7477,59
7478,808
7482,531
7483,1176
7484,1163
7486,380
7487,279
7488,985
7490,1207
7491,730
7492,366
7495,864
7498,871
7499,460
7500,1156
7502,1311
7503,1409
7504,788
7507,108
7509,933
7511,120
7512,128
7513,84
7515,443
7517,1131
7518,471
7521,1338
7522,1156
7526,1489
7528,403
7529,1191
7530,739
7533,93
7537,341
7539,490
7541,1195
7542,889
7544,93
7545,145
7546,433
7547,405
7551,253
7552,944
7553,733
7554,511
7555,1469
7557,908
7560,342
7561,335
7563,486
7565,1349
7566,1267
7569,794
7571,956
7574,1
7575,883
7577,408
7581,1270
7582,378
7584,714
7585,101
7588,32
7590,1207
7592,1045
7593,849
7595,183
7596,178
7597,836
7599,495
7600,1007
7603,158
7604,91
7620,961
7622,696
7623,1439
7625,527
7626,132
7627,1103
7629,634
7631,332
7632,1178
7633,592
7635,943
7638,223
7640,711
7642,1291
7644,1280
7647,758
7650,120
7653,1233
7655,55
7656,1052
7657,518
7658,815
7659,1320
7662,699
7667,945
7671,187
7672,827
7673,304
7675,530
7676,868
7677,1472
7678,1455
7679,439
7682,367
7683,97
7684,42
7685,205
7686,290
7688,1379
7689,1248
7690,354
7693,1198
7694,205
7697,1216
7701,1165
7704,1193
7707,672
7710,1192
7711,806
7712,1400
7713,1209
7714,1086
7715,165
7716,30
7718,940
7719,540
7720,973
7721,553
7724,273
7725,233
7726,1
7727,61
7729,23
7730,864
7732,208
7735,1274
7739,566
7740,519
7742,632
7743,1255
7744,1348
7749,195
7751,457
7753,1015
7754,1482
7760,440
7761,1131
7762,1057
7763,112
7764,1043
7767,617
7769,446
7771,662
7774,635
7775,102
7776,1283
7780,667
7782,1312
7783,1246
7785,1167
7786,1374
7787,1296
7791,221
7792,593
7793,574
7795,813
7796,988
7797,287
7798,802
7799,253
7800,689
7801,296
7806,565
7807,1235
7809,939
7810,937
7812,1049
7815,359
7817,395
7818,1299
7820,41
7821,180
7822,55
7823,957
7827,123
7832,505
7833,936
7834,389
7835,450
7838,478
7840,106
7842,49
7843,983
7845,224
7846,746
7847,24
7853,146
7854,1149
7855,521
7858,396
7859,984
7863,687
7864,1101
7866,1128
7867,896
7869,550
7870,466
7872,592
7873,386
7874,332
7876,1323
7877,81
7881,1068
7882,917
7886,393
7887,478
7888,725
7890,431
7891,1211
7893,1071
7896,1242
7897,1276
7900,38
7901,331
7905,32
7907,523
7909,780
7912,985
7914,2
7916,1129
7920,1034
7921,810
7922,724
7924,135
7928,294
7930,252
7931,803
7934,197
7936,1357
7937,71
7938,884
7939,1418
7941,1477
7945,1125
7946,386
7947,620
7951,1112
7953,1124
7955,1134
7958,739
7959,1130
7960,1420
7962,386
7963,733
7965,278
7966,1088
7968,827
7970,95
7973,1429
7976,176
7979,313
7980,1093
7984,1117
7985,615
7992,502
7993,1013
7994,789
7995,933
7998,340
8000,79
8001,1176
8006,1139
8008,686
8013,44
8015,1415
8016,368
8020,1296
8021,1258
8023,1254
8028,146
8029,315
8031,1226
8032,215
8033,569
8035,1194
8036,876
8037,1400
8039,1497
8040,228
8044,1480
8046,293
8050,682
8051,1060
8054,1399
8055,1022
8056,966
8057,173
8058,1456
8061,976
8062,515
8067,249
8070,295
8071,654
8072,1011
8074,738
8075,95
8077,1154
8079,1403
8081,1311
8085,321
8086,544
8087,747
8091,1240
8092,1127
8094,1076
8096,869
8098,202
8099,585
8100,1162
8104,938
8106,237
8107,152
8108,916
8110,641
8114,248
8115,95
8116,879
8118,286
8119,709
8120,1294
8123,53
8128,754
8130,1200
8131,476
8133,1474
8135,636
8141,1289
8143,895
8147,760
8152,1408
8153,490
8155,1057
8156,37
8159,245
8161,519
8163,1378
8167,226
8169,1052
8171,815
8172,1382
8174,178
8176,539
8179,626
8181,1499
8182,1454
8183,41
8185,3
8186,963
8187,248
8191,1151
8192,872
8195,709
8196,1362
8197,1070
8198,160
8199,1482
8200,755
8201,323
8202,892
8203,502
8204,1043
8205,1486
8207,430
8208,513
8209,596
8210,457
8213,458
8214,938
8215,458
8216,866
8217,852
8218,111
8222,420
8223,1419
8225,847
8226,936
8227,438
8229,1146
8230,1301
8231,321
8232,314
8233,1285
8234,546
8238,338
8239,1432
8240,874
8241,1063
8242,347
8243,971
8244,1029
8245,212
8247,1154
8248,1344
8250,29
8251,443
8254,1326
8256,904
8257,1292
8258,449
8259,847
8261,631
8262,1010
8267,1147
8270,1133
8271,679
8272,463
8273,77
8274,59
8275,1078
8276,844
8278,1113
8279,456
8280,585
8282,540
8283,804
8284,1348
8287,476
8291,656
8292,915
8294,1322
8295,428
8296,970
8299,1198
8300,1001
8301,1181
8302,194
8303,1036
8305,517
8309,977
8310,1172
8312,1061
8313,1117
8315,1100
8316,434
8317,1405
8318,409
8319,600
8321,680
8326,334
8327,38
8329,814
8330,770
8331,1020
8332,270
8333,753
8335,1206
8336,223
8337,818
8340,371
8341,540
8342,84
8344,894
8345,1362
8346,336
8347,301
8348,1246
8349,719
8351,100
8354,204
8355,1230
8356,1466
8360,780
8362,389
8364,873
8365,168
8367,1077
8371,1310
8372,33
8375,814
8376,31
8377,629
8378,292
8379,1091
8381,1431
8383,1089
8384,472
8385,59
8387,832
8393,281
8394,233
8397,268
8400,230
8401,400
8403,326
8404,925
8405,479
8408,879
8409,578
8411,766
8412,998
8413,547
8418,862
8420,312
8421,690
8423,497
8424,1119
8426,949
8428,67
8435,1259
8436,1267
8437,461
8440,10
8442,1318
8444,460
8446,1134
8447,1059
8448,657
8453,1042
8454,1161
8458,549
8462,839
8463,1209
8471,567
8472,1080
8475,463
8476,237
8477,371
8478,911
8481,1387
8482,514
8483,908
8485,1323
8487,1371
8488,562
8490,707
8491,760
8492,743
8494,1483
8495,149
8496,355
8500,1121
8501,1216
8502,255
8503,1200
8505,566
8507,1036
8508,584
8511,480
8513,598
8514,1281
8515,1447
8518,1420
8519,1092
8520,1334
8522,561
8523,794
8525,1441
8526,1288
8528,332
8529,951
8530,521
8532,634
8533,1206
8534,758
8537,591
8540,895
8543,1457
8545,782
8547,1018
8549,850
8550,975
8553,1241
8554,351
8558,1293
8560,1045
8561,587
8562,138
8563,859
8565,1373
8566,844
8571,1165
8572,115
8573,1078
8574,1156
8577,460
8580,286
8583,961
8584,836
8586,209
8587,5
8588,264
8589,1496
8590,1274
8591,565
8593,928
8596,124
8597,1265
8598,265
8599,73
8601,901
8605,873
8608,533
8610,44
8611,1042
8615,281
8616,1450
8619,888
8620,831
8621,1482
8622,782
8623,1030
8624,813
8625,177
8627,1452
8635,945
8636,1494
8637,704
8640,269
8641,967
8642,715
8643,1459
8644,1192
8645,899
8646,1096
8649,1180
8650,720
8651,1041
8653,1034
8654,435
8658,348
8659,257
8660,229
8662,447
8663,1210
8664,46
8665,1196
8667,1237
8669,623
8672,1220
8673,1441
8674,1031
8675,523
8676,1227
8678,1423
8683,747
8684,908
8686,1195
8689,660
8690,226
8691,1229
8694,50
8695,486
8697,153
8698,1047
8705,585
8707,743
8709,461
8711,670
8712,1369
8713,219
8714,338
8716,737
8720,926
8721,377
8724,527
8726,512
8729,141
8730,926
8731,1206
8736,643
8737,932
8740,651
8741,434
8742,1372
8743,838
8747,439
8748,118
8749,365
8750,531
8752,1037
8754,1272
8755,865
8756,1363
8758,1230
8759,1238
8760,186
8761,221
8762,649
8766,841
8767,346
8768,1099
8771,1038
8772,1278
8774,711
8776,1088
8778,373
8779,303
8782,267
8783,389
8784,913
8785,154
8786,1110
8787,1102
8788,254
8792,394
8793,115
8794,804
8801,1081
8803,534
8805,1418
8807,513
8809,607
8810,968
8812,1456
8813,253
8814,1366
8819,205
8823,379
8824,495
8828,300
8829,156
8834,534
8836,268
8837,1142
8838,1151
8840,1405
8843,812
8844,1212
8845,1040
8846,624
8850,1130
8853,870
8856,1271
8858,1085
8860,1137
8861,171
8866,822
8868,1368
8869,807
8870,793
8872,1062
8874,719
8875,660
8876,700
8877,1205
8878,1263
8880,1124
8881,1291
8882,501
8883,425
8885,891
8886,1059
8888,11
8889,1377
8890,1278
8891,751
8892,779
8895,841
8897,799
8898,561
8899,848
8903,104
8905,1242
8909,1203
8913,947
8915,334
8918,427
8919,1091
8920,872
8921,460
8922,710
8926,1045
8928,324
8930,66
8931,126
8934,442
8935,149
8936,410
8937,1294
8939,318
8940,485
8941,1183
8942,831
8944,93
8945,1374
8947,138
8950,1155
8953,70
8956,675
8957,374
8958,1420
8959,221
8961,83
8962,280
8963,537
8964,1441
8966,333
8968,209
8969,1064
8970,1087
8971,429
8972,1214
8973,1286
8974,749
8976,1180
8977,887
8980,1336
8981,1293
8982,957
8984,871
8985,873
8988,1178
8995,253
8996,364
8997,841
8998,1199
8999,1431
9003,248
9004,751
9005,1290
9007,1483
9009,1198
9011,636
9012,1223
9013,1071
9016,1362
9018,440
9021,1156
9022,1360
9023,442
9025,1063
9026,1288
9028,687
9030,374
9032,374
9037,1307
9038,893
9040,1310
9043,608
9044,323
9045,893
9046,249
9047,519
9049,920
9050,741
9051,1068
9055,202
9056,1123
9060,272
9061,1440
9062,1428
9064,83
9065,580
9066,1133
9068,1130
9070,1330
9071,389
9072,1043
9073,9
9074,1246
9075,264
9076,1023
9077,488
9079,232
9080,667
9081,107
9082,1317
9083,1494
9085,526
9088,1412
9091,1181
9092,53
9093,1487
9094,868
9095,265
9099,751
9100,1290
9101,302
9105,109
9107,724
9109,518
9111,93
9112,1035
9115,956
9117,618
9119,32
9122,437
9123,217
9126,1421
9128,346
9129,993
9130,736
9131,261
9134,1448
9136,376
9137,207
9138,708
9140,1302
9141,275
9142,612
9143,582
9144,1449
9145,1210
9146,708
9147,1274
9148,180
9149,44
9151,320
9158,1274
9161,1185
9162,1320
9164,17
9165,966
9166,90
9168,70
9170,924
9174,1243
9176,80
9178,310
9181,1146
9184,489
9185,191
9187,655
9188,1454
9190,1243
9191,133
9192,81
9193,1241
9196,776
9198,1035
9200,876
9202,136
9203,202
9204,586
9207,870
9208,1418
9210,792
9211,26
9212,33
9213,691
9214,98
9216,179
9217,221
9218,1176
9220,786
9221,959
9222,1114
9227,403
9228,940
9229,365
9232,1096
9236,19
9237,148
9239,863
9240,104
9242,1132
9243,598
9244,453
9246,1475
9247,1068
9248,151
9249,456
9250,565
9252,137
9255,165
9256,1026
9259,1457
9260,1040
9262,343
9263,524
9265,246
9267,237
9270,439
9271,1471
9273,822
9274,1170
9276,9
9279,872
9281,962
9282,471
9283,1071
9286,1378
9287,919
9291,911
9292,1216
9294,1388
9295,523
9297,1480
9299,146
9301,627
9302,376
9303,797
9305,262
9306,319
9308,63
9310,964
9311,641
9313,769
9316,449
9317,510
9318,493
9320,1486
9321,526
9322,53
9323,218
9324,466
9326,698
9328,551
9330,697
9332,869
9334,1029
9335,1355
9336,1283
9338,1430
9339,561
9343,1237
9344,1245
9345,1116
9346,776
9347,184
9348,261
9352,1105
9353,1179
9354,468
9355,197
9358,342
9359,237
9361,629
9367,134
9370,999
9371,416
9373,84
9375,1381
9377,1455
9378,265
9379,288
9380,168
9382,1488
9383,1037
9384,545
9386,422
9390,1210
9393,883
9394,724
9396,1170
9398,773
9400,497
9401,97
9402,21
9404,527
9412,401
9413,51
9415,186
9417,205
9419,717
9420,521
9422,200
9423,1199
9424,854
9427,251
9429,746
9430,1042
9431,882
9432,1336
9434,739
9436,412
9437,245
9438,1241
9439,801
9440,714
9443,188
9445,1067
9446,479
9447,262
9449,1180
9454,354
9456,0
9457,1234
9458,23
9459,1268
9460,1322
9461,1069
9462,710
9463,967
9465,299
9466,1152
9467,1496
9468,21
9469,570
9470,158
9473,910
9475,159
9479,1027
9480,424
9482,725
9485,663
9486,42
9489,744
9495,746
9496,1256
9499,222
9500,73
9501,900
9505,1302
9506,326
9507,1236
9508,216
9509,1156
9510,319
9511,130
9512,456
9513,1105
9514,964
9516,22
9519,873
9520,550
9529,657
9530,1447
9531,1347
9533,108
9534,1396
9537,1093
9538,397
9539,840
9542,1008
9543,894
9544,373
9547,1302
9548,592
9549,527
9550,1017
9551,636
9552,1099
9553,100
9554,705
9555,607
9558,364
9559,595
9562,607
9563,589
9565,1164
9567,1076
9569,1476
9571,1481
9573,290
9575,1274
9577,361
9578,759
9580,390
9582,23
9583,124
9589,1442
9591,347
9592,242
9593,1051
9598,256
9599,823
9600,1313
9601,778
9602,1361
9603,1487
9604,158
9605,116
9606,131
9607,517
9609,105
9610,433
9611,1482
9613,372
9614,582
9615,735
9617,1198
9620,329
9621,347
9622,421
9624,1455
9625,778
9626,1002
9627,928
9630,344
9637,1225
9638,1476
9640,60
9641,1146
9642,470
9643,180
9644,169
9646,1229
9647,227
9648,488
9650,1316
9654,967
9655,59
9656,381
9660,1152
9663,676
9664,229
9665,471
9666,1424
9667,1133
9669,1016
9670,319
9673,279
9674,688
9676,335
9677,776
9684,473
9685,456
9691,891
9692,314
9693,972
9695,1011
9696,1297
9697,415
9698,631
9699,1395
9700,677
9701,944
9702,1432
9703,687
9704,566
9705,1228
9706,164
9707,840
9709,511
9710,684
9711,1460
9713,823
9714,140
9716,453
9717,662
9718,974
9719,1329
9720,965
9721,296
9722,9
9723,496
9725,132
9726,949
9727,1415
9728,659
9729,303
9731,365
9733,545
9734,1275
9736,1185
9738,535
9739,1313
9740,623
9741,96
9743,298
9744,201
9747,1490
9748,1469
9749,662
9750,576
9755,1291
9756,1473
9757,320
9759,2
9760,342
9765,1109
9766,11
9768,1203
9769,1156
9770,988
9774,1328
9775,76
9777,906
9778,655
9779,1366
9781,758
9782,282
9783,190
9785,207
9787,785
9788,1304
9789,517
9791,571
9792,1168
9793,862
9795,717
9796,1109
9797,223
9798,23
9799,783
9800,100
9802,1116
9804,175
9806,458
9810,473
9812,341
9813,1212
9814,1354
9815,204
9816,1381
9818,519
9827,762
9829,1031
9831,1406
9833,1050
9834,57
9835,390
9836,103
9838,1044
9839,674
9840,713
9841,734
9842,549
9843,294
9846,0
9848,502
9849,1324
9850,416
9851,1450
9852,900
9853,577
9854,416
9857,739
9858,1126
9862,1106
9868,620
9873,953
9875,56
9877,782
9878,58
9879,220
9880,129
9881,569
9882,898
9885,821
9886,83
9887,1248
9888,716
9889,474
9893,1123
9894,210
9895,94
9897,1358
9899,1050
9901,308
9903,1131
9905,1291
9907,821
9908,521
9911,769
9912,669
9914,751
9915,611
9916,620
9918,1266
9920,1493
9923,498
9927,957
9929,877
9931,882
9933,1071
9936,22
9937,155
9938,637
9940,463
9942,1224
9943,803
9944,1306
9945,72
9946,97
9947,857
9950,1173
9951,1317
9952,1252
9956,1321
9957,343
9958,926
9959,1210
9960,174
9964,1385
9968,1386
9969,1250
9971,1040
9972,181
9973,736
9975,465
9976,1455
9978,26
9979,1308
9980,1040
9981,769
9985,487
9990,607
9993,1069
9994,766
9995,71
9998,1348
10000,906
10001,242
10003,622
10005,302
10006,1237
10007,825
10009,1238
10010,1311
10011,53
10012,1381
10013,87
10014,651
10017,1466
10018,1498
10020,152
10021,168
10022,394
10025,1404
10026,968
10027,1178
10028,365
10029,9
10030,819
10031,1002
10033,297
10034,989
10035,967
10036,1032
10037,791
10039,1479
10041,143
10046,1366
10049,123
10050,1205
10051,937
10056,1300
10057,2
10058,554
10063,1203
10065,1244
10066,254
10067,1097
10068,609
10071,994
10072,373
10074,700
10075,724
10076,277
10077,1137
10081,1334
10082,292
10088,553
10089,639
10090,1369
10092,532
10096,733
10101,289
10102,556
10103,351
10104,851
10106,1157
10109,1024
10110,546
10113,489
10114,194
10117,456
10118,1340
10120,1147
10121,1452
10122,1114
10123,1442
10124,999
10126,968
10127,1182
10131,91
10132,360
10133,515
10136,435
10137,870
10139,373
10140,328
10144,870
10146,360
10148,906
10149,986
10151,883
10153,86
10154,1223
10155,1053
10161,1354
10162,594
10163,902
10165,1497
10166,237
10167,279
10169,827
10170,61
10171,1417
10176,1473
10177,414
10178,478
10179,945
10180,1136
10186,508
10189,185
10190,1145
10191,38
10192,585
10193,849
10196,1326
10198,250
10199,92
10201,558
10202,253
10205,44
10208,1063
10209,582
10210,1090
10213,962
10214,125
10218,984
10221,1221
10222,417
10224,835
10225,371
10226,1234
10227,443
10229,128
10230,652
10236,431
10238,589
10239,485
10241,1318
10244,770
10248,1169
10249,1026
10252,388
10253,611
10254,522
10255,973
10256,420
10258,605
10261,1288
10262,1457
10263,730
10264,1396
10265,488
10268,704
10271,1388
10272,806
10273,1098
10275,507
10276,1273
10279,675
10280,1308
10284,1314
10285,1441
10286,1317
10287,1390
10288,127
10291,282
10293,1448
10297,138
10298,516
10300,873
10301,691
10302,926
10304,348
10306,263
10310,1201
10313,1403
10314,560
10315,395
10318,1348
10319,304
10320,263
10324,1295
10327,875
10328,1206
10329,152
10330,810
10331,284
10332,35
10334,1142
10335,652
10338,1249
10340,551
10341,66
10345,193
10348,254
10349,1217
10350,235
10351,522
10352,1425
10355,891
10356,531
10357,1427
10359,812
10360,1342
10361,1079
10364,313
10365,1029
10366,1434
10370,452
10372,1120
10375,1161
10376,1124
10377,903
10378,492
10379,460
10380,917
10382,1368
10384,79
10385,838
10387,475
10388,1036
10389,1391
10390,849
10394,426
10395,633
10396,1019
10397,975
10398,264
10399,1273
10400,948
10401,1466
10404,1032
10406,1266
10408,431
10410,1297
10413,1460
10414,934
10417,404
10419,672
10420,379
10421,569
10423,431
10425,969
10426,1404
10427,181
10431,720
10433,77
10435,6
10436,1038
10438,1114
10439,1052
10441,705
10443,943
10444,381
10450,1063
10451,616
10453,363
10454,383
10455,41
10458,381
10459,980
10462,488
10464,201
10465,1311
10466,372
10467,1349
10470,1463
10471,290
10473,556
10475,1473
10477,719
10478,435
10482,493
10483,106
10484,1119
10485,1148
10487,1085
10488,838
10489,249
10490,1009
10492,1378
10493,962
10498,1353
10500,504
10501,992
10502,1055
10509,1410
10510,1475
10512,1206
10513,687
10515,1390
10516,807
10517,1454
10518,590
10519,760
10520,1486
10522,565
10524,590
10526,1310
10527,124
10529,1281
10533,340
10534,622
10537,689
10539,1349
10540,1292
10541,356
10546,1458
10547,786
10549,838
10550,771
10551,1217
10555,159
10556,792
10561,902
10563,250
10565,365
10567,1105
10568,486
10569,702
10570,1306
10573,152
10576,178
10577,611
10579,1207
10580,1431
10582,1260
10583,351
10584,958
10586,324
10589,1477
10591,603
10592,171
10593,128
10598,823
10600,497
10601,1352
10602,554
10604,1255
10605,222
10606,798
10607,1430
10608,1184
10611,1340
10612,744
10613,1138
10614,296
10615,166
10618,519
10620,888
10622,203
10623,179
10626,454
10627,366
10635,59
10636,838
10637,687
10638,128
10639,1204
10641,1185
10642,1471
10643,1261
10645,1396
10646,279
10647,1457
10648,1279
10650,969
10651,906
10652,1048
10654,1235
10657,754
10658,232
10659,884
10663,921
10665,609
10669,1398
10670,976
10671,250
10672,1012
10673,390
10675,1093
10682,228
10684,1179
10685,777
10690,141
10692,295
10693,1225
10695,295
10696,1134
10698,585
10700,256
10701,890
10703,659
10706,663
10708,2
10709,146
10710,1125
10711,943
10712,1336
10714,1024
10715,890
10716,1195
10720,1020
10724,321
10726,694
10727,818
10729,1461
10730,500
10731,169
10732,1373
10733,973
10734,444
10735,1157
10736,44
10737,1121
10738,1495
10739,301
10743,1008
10744,1314
10745,806
10747,382
10750,625
10752,677
10754,854
10759,499
10760,291
10761,577
10766,1180
10767,676
10768,563
10771,408
10772,886
10780,219
10781,1233
10782,101
10783,533
10784,445
10786,1028
10789,403
10790,500
10794,758
10797,674
10799,1456
10800,1382
10802,1167
10803,53
10805,150
10806,974
10807,573
10808,386
10809,78
10811,1227
10812,72
10813,605
10814,332
10815,194
10817,38
10818,400
10819,1110
10821,592
10822,106
10824,1355
10827,1315
10831,1212
10832,868
10833,172
10834,1195
10836,1271
10837,224
10839,240
10840,280
10842,1032
10847,557
10848,612
10850,171
10851,177
10852,1276
10853,104
10854,753
10855,510
10856,1218
10857,1415
10859,780
10860,648
10861,985
10862,168
10863,263
10864,80
10865,1151
10866,1013
10867,807
10868,786
10869,1187
10873,1164
10874,704
10876,125
10884,1356
10888,1292
10890,7
10891,355
10893,360
10895,177
10898,1103
10901,1055
10903,1022
10904,371
10906,518
10907,1372
10910,981
10912,946
10914,1151
10917,1259
10918,390
10920,122
10921,784
10923,346
10924,1153
10926,103
10928,121
10929,1063
10931,645
10932,252
10934,1342
10936,454
10937,433
10938,166
10939,270
10940,415
10941,41
10950,164
10952,416
10953,798
10954,1171
10955,524
10956,1437
10957,496
10959,437
10960,56
10961,1164
10963,702
10966,1345
10967,1089
10968,1316
10969,270
10973,449
10974,343
10975,892
10982,518
10984,1180
10987,1378
10990,1147
10991,697
10993,743
10996,203
10998,176
10999,338
11002,689
11007,502
11008,446
11010,337
11011,1337
11013,1066
11014,111
11015,1287
11019,678
11020,95
11021,1272
11025,26
11026,116
11027,1288
11030,1329
11031,898
11032,599
11033,1053
11034,707
11035,669
11036,956
11039,140
11040,86
11041,1357
11043,1006
11044,1202
11045,252
11049,1436
11052,381
11053,809
11055,969
11056,1380
11057,232
11058,1377
11059,266
11061,867
11064,205
11066,1085
11067,64
11073,1067
11078,701
11079,671
11082,39
11084,1310
11087,717
11088,107
11089,275
11091,173
11092,953
11093,425
11095,1496
11097,182
11098,861
11099,1296
11100,1167
11101,1267
11103,488
11105,1277
11106,1279
11108,233
11112,796
11113,1425
11116,996
11119,715
11120,1192
11121,1005
11122,1171
11123,407
11124,424
11128,939
11129,637
11131,755
11132,1056
11133,169
11134,677
11135,1279
11137,253
11138,0
11141,506
11142,1382
11143,1331
11145,984
11147,116
11148,996
11149,1121
11150,748
11151,737
11152,102
11153,1166
11154,1425
11155,1008
11157,1256
11158,231
11160,1345
11161,333
11162,470
11163,740
11164,182
11168,873
11170,371
11171,326
11172,419
11173,911
11174,79
11175,960
11176,357
11177,1381
11179,1089
11183,519
11184,1285
11185,1036
11187,109
11188,1189
11189,74
11190,1139
11191,97
11192,202
11193,387
11194,996
11200,833
11202,477
11203,1048
11205,1214
11208,972
11210,1342
11211,1412
11212,521
11213,776
11214,620
11215,1345
11218,75
11220,1249
11221,333
11222,1368
11226,482
11228,581
11233,179
11234,878
11235,66
11237,1226
11238,963
11239,946
11243,584
11244,793
11245,1482
11248,622
11252,363
11253,277
11256,130
11257,98
11259,444
11260,857
11261,327
11262,1474
11264,1348
11266,460
11267,589
11268,234
11270,198
11278,1166
11279,538
11280,142
11282,909
11283,98
11285,1445
11288,631
11289,509
11290,1470
11291,839
11292,68
11293,78
11295,111
11297,1054
11298,205
11302,833
11304,107
11307,455
11309,870
11311,770
11314,1284
11317,1037
11318,23
11320,1128
11321,1336
11322,469
11323,856
11326,759
11327,222
11328,896
11329,729
11331,1074
11332,1244
11333,1468
11335,1262
11336,1212
11338,270
11339,405
11342,341
11343,524
11344,764
11347,347
11348,1386
11350,740
11352,23
11354,128
11355,901
11357,28
11358,874
11360,3
11361,51
11362,1086
11364,1429
11365,657
11366,364
11369,1267
11370,1080
11373,49
11374,19
11375,584
11377,164
11378,105
11380,323
11382,210
11383,769
11384,280
11385,604
11387,757
11388,130
11391,85
11392,977
11393,1475
11395,1295
11396,37
11397,1210
11400,176
11401,1136
11403,904
11404,1444
11407,394
11408,845
11410,770
11411,562
11412,760
11417,1405
11420,1067
11421,1297
11422,373
11424,1300
11426,386
11428,1476
11429,1350
11430,964
11431,192
11432,672
11433,687
11434,740
11437,256
11438,72
11440,1024
11441,509
11443,853
11444,831
11448,568
11449,972
11450,301
11451,43
11454,1471
11455,765
11456,513
11458,881
11460,1114
11461,671
11462,369
11464,632
11465,375
11466,689
11470,351
11473,180
11474,660
11477,419
11485,483
11486,951
11488,1478
11489,145
11491,555
11494,1072
11495,1357
11496,293
11500,872
11502,621
11503,1290
11506,756
11510,444
11514,551
11517,1247
11519,382
11520,496
11523,1373
11524,1228
11526,985
11527,1002
11530,142
11531,1370
11532,1183
11536,970
11537,5
11538,556
11540,1421
11541,701
11543,1313
11544,138
11545,69
11548,896
11549,1405
11550,1196
11552,1310
11553,499
11555,509
11556,473
11557,746
11560,152
11562,883
11563,325
11564,790
11567,5
11569,203
11570,664
11575,1438
11576,1195
11577,212
11578,785
11579,84
11580,358
11583,265
11586,542
11587,658
11588,1267
11590,1199
11591,1420
11596,1184
11597,468
11601,386
11603,830
11604,506
11605,957
11606,511
11607,542
11608,1468
11609,450
11611,885
11613,77
11615,669
11616,774
11617,370
11620,1256
11621,1298
11623,699
11624,965
11625,1296
11628,951
11629,1084
11633,430
11635,598
11636,865
11637,90
11640,371
11642,1150
11643,761
11644,9
11645,1434
11647,838
11648,814
11649,936
11650,1167
11651,920
11652,347
11655,42
11656,640
11659,1185
11664,1139
11665,29
11666,1016
11667,638
11669,1442
11670,1401
11671,1461
11673,655
11678,680
11680,344
11686,459
11687,1271
11688,682
11691,1064
11695,705
11697,1438
11700,1407
11703,527
11705,909
11708,1094
11709,28
11712,1443
11714,901
11717,82
11718,1259
11719,1038
11720,533
11723,1329
11724,131
11725,110
11726,985
11729,1102
11731,1470
11736,523
11737,729
11738,1319
11740,948
11742,181
11743,1254
11745,969
11747,21
11748,561
11750,1192
11751,1279
11752,444
11759,1467
11760,1
11762,1316
11764,716
11765,588
11766,1311
11768,363
11769,1471
11770,1278
11772,1021
11773,1377
11774,1245
11776,1047
11777,369
11778,856
11779,207
11780,945
11782,1133
11784,1203
11788,1260
11789,590
11790,276
11793,666
11795,1394
11796,478
11800,605
11805,1110
11806,680
11807,395
11808,445
11810,173
11811,1054
11812,765
11813,1279
11814,1274
11816,486
11821,1121
11823,1220
11826,540
11828,992
11829,674
11830,540
11831,49
11832,965
11834,980
11836,743
11837,425
11838,760
11839,184
11840,946
11843,1309
11846,831
11847,929
11848,1358
11849,913
11853,1399
11857,793
11859,445
11860,232
11862,1391
11863,60
11864,503
11865,1416
11868,56
11869,80
11872,566
11874,1023
11875,817
11876,692
11879,1072
11880,1002
11881,995
11882,151
11883,922
11884,158
11885,960
11886,487
11888,99
11891,726
11892,773
11893,467
11894,1245
11895,349
11896,937
11898,1172
11902,273
11903,906
11904,713
11907,99
11910,796
11913,985
11914,273
11917,637
11918,967
11919,1118
11924,261
11925,862
11927,777
11928,1424
11931,1393
11932,826
11933,861
11934,334
11939,627
11941,1304
11942,1129
11945,1157
11946,812
11947,1322
11948,1104
11949,620
11951,166
11952,141
11955,145
11957,846
11958,444
11959,291
11961,490
11962,668
11963,495
11964,1376
11965,404
11968,473
11969,102
11971,1255
11972,417
11974,1005
11975,22
11977,1065
11979,1433
11982,434
11983,36
11984,306
11985,84
11989,694
11990,112
11994,454
11995,1093
11996,628
11997,200
11998,1156
12001,780
12002,915
12003,476
12005,769
12006,912
12012,506
12014,492
12015,701
12017,874
12019,1150
12021,897
12024,1363
12026,975
12027,1207
12028,527
12030,584
12031,353
12034,732
12036,466
12039,642
12043,1035
12044,188
12047,677
12048,1041
12049,152
12052,584
12054,1485
12056,1371
12058,1381
12059,407
12061,1388
12062,642
12065,31
12068,1374
12069,62
12070,447
12071,1387
12072,214
12073,1296
12074,1420
12076,48
12078,1027
12079,626
12083,68
12084,676
12086,1358
12088,1036
12089,1429
12093,1176
12094,785
12096,1238
12097,898
12098,268
12100,258
12104,487
12106,257
12108,1061
12111,1092
12112,711
12113,820
12114,839
12116,572
12119,474
12120,776
12121,442
12122,614
12123,1224
12125,859
12126,1059
12127,874
12129,420
12133,614
12134,907
12135,450
12137,606
12141,1478
12142,1303
12143,910
12144,350
12146,1457
12147,1251
12149,332
12151,332
12152,710
12153,314
12154,1257
12155,1389
12160,1079
12163,1283
12164,1285
12171,170
12172,781
12174,676
12175,853
12176,999
12179,754
12180,656
12181,384
12182,1158
12187,543
12190,523
12192,1216
12194,1457
12195,308
12198,556
12200,884
12201,1437
12202,1450
12203,559
12204,759
12205,131
12209,113
12211,432
12212,1049
12213,1333
12215,334
12218,1030
12224,535
12225,955
12227,1047
12228,1231
12229,1223
12230,251
12237,440
12239,15
12242,294
12243,1146
12245,210
12248,1438
12250,1031
12251,1279
12253,739
12254,139
12255,181
12256,930
12257,935
12260,574
12262,393
12263,656
12265,468
12266,1246
12267,1169
12268,1056
12269,628
12270,303
12273,74
12274,1288
12276,1093
12281,896
12283,1351
12284,599
12285,872
12286,1469
12287,939
12288,1478
12291,1471
12295,1435
12296,468
12297,798
12300,373
12303,1082
12304,964
12305,1262
12307,1091
12309,862
12310,624
12312,1155
12314,1256
12315,1424
12316,408
12317,1211
12318,633
12324,858
12326,1364
12328,824
12330,1032
12332,851
12333,482
12334,1463
12335,848
12337,651
12340,109
12342,127
12343,108
12344,1091
12346,594
12347,709
12348,1308
12349,403
12350,510
12356,1158
12357,1364
12359,686
12362,1315
12363,998
12364,467
12365,1361
12367,913
12371,683
12372,324
12373,446
12374,1044
12375,205
12377,1499
12378,1265
12380,1445
12381,801
12382,290
12386,1102
12387,528
12388,1020
12390,19
12391,418
12392,380
12397,690
12403,1361
12405,651
12407,1462
12408,372
12410,342
12412,1470
12413,447
12416,121
12418,43
12419,95
12421,442
12422,59
12424,121
12426,511
12427,276
12429,352
12430,535
12431,848
12434,1035
12435,1014
12438,759
12439,1202
12441,1077
12443,1441
12444,624
12445,401
12446,767
12450,698
12452,402
12453,1364
12454,268
12455,434
12457,1157
12462,1321
12463,134
12466,924
12467,975
12470,840
12472,186
12474,1350
12476,930
12477,270
12479,973
12480,1323
12481,978
12486,1344
12487,657
12488,1188
12489,1336
12491,38
12493,1331
12495,1440
12497,525
12498,528
12502,603
12504,1014
12505,495
12506,1028
12508,61
12509,985
12510,233
12511,739
12512,495
12514,871
12516,395
12517,1083
12518,91
12520,785
12522,160
12523,1100
12524,225
12525,1030
12535,1380
12536,39
12538,1029
12539,703
12540,1392
12542,378
12546,1121
12547,1291
12548,588
12553,1397
12554,3
12556,264
12558,1396
12559,788
12561,1487
12562,244
12564,933
12567,265
12569,1124
12571,864
12573,1306
12574,1007
12575,1018
12580,1189
12582,976
12583,88
12584,31
12585,1408
12587,750
12590,866
12592,378
12596,675
12597,295
12598,1253
12599,1282
12602,420
12604,1112
12605,461
12606,1106
12607,528
12610,840
12614,51
12615,1294
12618,560
12619,805
12621,220
12622,223
12623,1140
12625,1465
12627,369
12628,366
12629,124
12631,1190
12635,1311
12636,58
12637,1116
12638,77
12642,822
12645,1412
12646,721
12647,1417
12648,783
12649,307
12650,619
12652,345
12653,349
12654,1312
12656,1169
12657,1392
12659,1128
12662,1078
12663,447
12664,1123
12665,1284
12667,204
12668,814
12670,1346
12671,1016
12673,1130
12674,902
12676,699
12677,1276
12678,760
12679,767
12680,1442
12681,365
12682,85
12684,929
12686,1324
12688,438
12691,761
12692,1491
12693,915
12694,219
12695,650
12696,473
12697,399
12698,1143
12700,1344
12701,350
12705,1360
12709,318
12710,1364
12711,1113
12712,1300
12713,1365
12715,399
12718,997
12720,368
12721,1206
12723,933
12724,760
12725,642
12726,615
12728,900
12733,913
12736,219
12739,720
12740,1372
12742,1340
12743,644
12745,258
12746,1155
12749,1386
12750,1218
12752,100
12753,1034
12754,88
12755,384
12756,1214
12758,161
12759,879
12761,1039
12770,41
12772,1406
12774,22
12775,1321
12776,977
12778,567
12779,37
12780,1036
12781,255
12782,557
12784,372
12785,629
12786,919
12787,1296
12788,934
12789,1007
12790,717
12792,1460
12793,1415
12794,4
12797,82
12800,223
12803,647
12808,1421
12809,443
12811,596
12812,222
12813,527
12814,428
12815,421
12816,387
12817,1094
12819,895
12821,400
12822,995
12823,1130
12828,589
12829,402
12833,613
12836,977
12837,366
12839,569
12842,1246
12844,319
12845,1057
12847,1362
12851,1374
12852,738
12854,934
12855,697
12857,1473
12860,965
12861,837
12863,331
12865,872
12868,766
12870,1262
12872,113
12877,132
12879,811
12883,779
12884,111
12885,1013
12886,514
12887,184
12888,976
12890,935
12892,1344
12894,1144
12897,1486
12901,705
12902,1304
12903,904
12906,1445
12907,692
12908,1438
12909,321
12911,644
12912,329
12914,876
12915,1405
12916,1400
12918,1096
12921,97
12924,210
12926,1024
12928,1309
12929,8
12931,239
12934,1044
12935,518
12937,525
12940,710
12941,1462
12943,1175
12944,1102
12945,1336
12946,540
12947,612
12948,1110
12949,941
12950,643
12951,626
12952,2
12953,348
12955,1431
12956,849
12958,135
12959,560
12960,542
12961,605
12962,672
12963,515
12964,668
12965,1483
12967,980
12968,152
12970,1140
12975,782
12977,65
12978,492
12980,641
12981,1165
12983,619
12988,118
12989,1034
12991,590
12992,395
12995,1454
12998,406
12999,1128
13001,778
13002,330
13005,763
13007,962
13008,1230
13010,147
13012,527
13014,25
13016,1246
13018,784
13019,1048
13021,862
13022,1067
13025,811
13028,888
13029,817
13030,451
13032,864
13033,1085
13034,274
13039,1045
13040,696
13042,74
13044,84
13048,1054
13049,1390
13051,757
13052,752
13056,497
13057,616
13062,326
13063,770
13064,228
13066,1277
13067,388
13069,1205
13070,76
13071,102
13072,1259
13073,277
13074,1465
13075,769
13076,1406
13081,1200
13083,922
13085,1255
13086,1442
13089,93
13095,8
13098,1024
13101,546
13102,763
13104,392
13105,466
13106,1443
13107,175
13111,696
13112,979
13114,864
13115,329
13116,1423
13117,556
13118,1105
13119,569
13120,600
13121,987
13122,576
13124,439
13125,415
13126,327
13127,767
13128,22
13129,524
13132,168
13134,635
13136,526
13139,1485
13142,442
13143,1265
13144,1470
13147,1402
13150,1089
13151,1350
13154,597
13156,249
13157,55
13160,1403
13161,444
13162,130
13166,318
13167,1128
13168,578
13169,1247
13170,1079
13172,1286
13176,1339
13177,742
13180,767
13182,928
13184,512
13185,1019
13186,1365
13188,1444
13189,571
13190,1090
13191,897
13192,1392
13193,486
13194,453
13196,394
13198,786
13201,335
13203,263
13204,743
13205,379
13206,278
13207,791
13211,888
13212,885
13213,1360
13215,1412
13216,35
13220,892
13222,161
13223,974
13224,492
13226,1494
13227,1210
13228,1337
13229,1303
13230,261
13232,255
13233,36
13234,77
13238,556
13240,826
13242,613
13243,307
13244,1210
13248,924
13250,151
13253,1229
13254,274
13255,877
13257,230
13259,1306
13260,440
13262,895
13265,718
13267,1256
13269,1292
13271,875
13275,857
13276,442
13278,1132
13283,847
13285,1240
13287,400
13288,750
13290,659
13292,649
13294,780
13295,686
13296,1176
13297,1183
13298,117
13299,364
13304,1299
13306,1328
13307,145
13308,320
13313,734
13317,472
13323,1009
13326,483
13327,1144
13328,1114
13329,266
13335,1209
13336,523
13337,845
13338,1047
13339,212
13340,386
13341,623
13342,457
13346,198
13347,1196
13348,35
13349,667
13350,109
13352,704
13357,214
13361,750
13365,909
13367,744
13368,358
13369,705
13372,1022
13373,1472
13374,1062
13380,60
13381,89
13382,10
13383,367
13384,469
13385,779
13386,405
13388,1148
13390,369
13391,817
13393,604
13396,504
13400,712
13403,1123
13405,1364
13407,595
13411,658
13412,145
13415,1351
13416,802
13417,339
13418,812
13420,402
13422,78
13423,594
13424,264
13425,695
13426,135
13427,1050
13428,337
13429,116
13431,14
13433,622
13434,1133
13436,1153
13441,1167
13442,859
13443,1013
13447,1309
13452,412
13454,336
13455,1461
13459,968
13461,743
13462,1182
13463,1153
13464,566
13465,60
13468,983
13470,686
13473,488
13477,895
13479,175
13480,170
13485,1272
13489,674
13490,428
13491,61
13493,393
13495,589
13496,1317
13501,1480
13504,933
13505,915
13506,914
13508,664
13511,875
13512,1278
13513,59
13514,494
13515,1336
13520,1064
13525,717
13526,464
13530,1089
13533,1057
13534,453
13538,1484
13541,943
13542,991
13545,713
13547,309
13550,273
13551,763
13552,1305
13555,1426
13559,387
13560,1219
13565,567
13566,871
13568,176
13569,976
13571,889
13572,406
13573,1036
13574,1274
13575,1495
13577,1182
13580,77
13584,510
13585,513
13586,1456
13588,1
13589,1136
13590,245
13591,220
13592,1421
13593,1037
13595,1266
13596,809
13599,570
13600,687
13601,97
13604,1173
13606,1353
13607,1065
13611,474
13612,1140
13613,1225
13614,951
13616,60
13617,558
13619,1031
13620,179
13621,1370
13623,584
13628,702
13630,611
13631,462
13634,299
13637,342
13638,1180
13642,217
13643,63
13645,1053
13647,480
13652,492
13653,1141
13654,249
13655,83
13658,726
13659,147
13660,310
13661,513
13664,546
13665,222
13666,1139
13667,592
13668,86
13669,681
13672,605
13674,279
13675,368
13676,361
13677,479
13678,513
13679,740
13680,875
13681,1302
13683,1314
13686,125
13687,304
13688,953
13691,655
13692,1335
13693,336
13695,287
13701,817
13702,1006
13703,743
13705,680
13706,941
13707,591
13708,910
13709,1212
13710,84
13711,714
13714,261
13715,1289
13716,1375
13724,735
13726,1201
13728,1426
13729,367
13730,506
13731,1392
13732,950
13733,418
13736,127
13739,1446
13740,856
13741,11
13742,547
13745,1086
13746,1259
13748,1385
13750,628
13751,1222
13752,871
13755,1474
13756,941
13758,1238
13759,597
13760,735
13762,480
13764,360
13767,1269
13769,1392
13771,612
13775,541
13777,689
13778,1056
13780,731
13781,699
13782,386
13786,568
13787,870
13788,68
13792,1271
13793,146
13794,1
13795,66
13796,580
13800,1340
13801,967
13802,628
13804,996
13807,95
13808,359
13812,1459
13815,846
13816,497
13818,922
13819,1338
13821,131
13822,1473
13823,822
13825,1342
13828,613
13833,1300
13834,1177
13837,194
13838,1003
13839,758
13840,1316
13841,1152
13842,948
13844,738
13846,1051
13848,879
13851,1176
13852,944
13854,805
13856,950
13857,537
13858,709
13860,84
13861,1327
13862,435
13865,38
13866,1421
13867,401
13871,881
13872,383
13873,457
13874,529
13876,586
13877,373
13878,148
13883,1455
13884,878
13887,670
13888,648
13894,845
13896,1297
13899,704
13901,880
13903,24
13906,1257
13907,1189
13908,160
13909,1094
13911,1381
13913,313
13914,1029
13915,303
13918,613
13919,810
13920,853
13921,150
13924,954
13925,111
13927,263
13928,953
13930,482
13931,670
13933,223
13934,1101
13939,1023
13940,143
13941,567
13942,879
13946,1056
13947,567
13948,399
13949,530
13950,555
13952,1132
13953,301
13954,267
13955,558
13957,94
13959,666
13961,1471
13962,1288
13963,83
13964,1224
13965,935
13966,1122
13967,645
13971,848
13972,649
13973,230
13974,234
13975,1308
13977,50
13978,400
13980,304
13982,1270
13983,471
13984,1353
13985,1186
13987,1496
13988,475
13989,1125
13991,80
13993,864
13994,1156
13996,200
13999,809
14001,546
14006,648
14007,130
14009,516
14012,1205
14013,535
14019,556
14021,758
14022,23
14024,685
14025,598
14027,644
14029,34
14035,872
14037,1156
14041,1249
14042,1039
14046,1035
14050,548
14051,612
14052,444
14053,931
14054,1315
14056,840
14057,506
14058,715
14059,1007
14060,86
14062,487
14063,716
14064,1185
14065,626
14066,305
14067,6
14069,1097
14071,395
14072,594
14074,804
14078,175
14079,1272
14080,285
14081,378
14083,876
14084,693
14086,659
14087,395
14088,630
14090,382
14091,268
14092,1312
14093,517
14094,161
14098,192
14101,1335
14104,537
14105,247
14107,910
14108,987
14111,735
14112,628
14114,1305
14116,15
14117,351
14118,536
14119,1359
14121,1007
14122,1373
14125,238
14128,590
14130,1102
14132,1391
14133,850
14136,1459
14138,1313
14139,721
14140,535
14142,207
14144,598
14145,102
14146,235
14152,1391
14154,870
14155,864
14156,213
14159,172
14161,775
14163,19
14164,1115
14167,1444
14168,1161
14170,778
14171,183
14172,285
14173,481
14175,532
14178,240
14179,62
14180,914
14182,61
14183,945
14184,1237
14186,535
14190,758
14193,996
14194,430
14197,868
14198,901
14199,1166
14200,680
14203,782
14209,654
14211,763
14212,855
14213,973
14219,1018
14220,25
14221,302
14224,103
14225,1037
14226,883
14227,342
14230,851
14232,384
14234,1128
14235,234
14239,870
14243,911
14244,1490
14249,106
14251,800
14252,8
14253,975
14255,218
14256,965
14257,879
14258,169
14259,372
14261,1026
14267,61
14270,566
14271,218
14272,624
14276,265
14279,253
14280,957
14281,1277
14283,890
14286,1054
14288,825
14290,434
14291,103
14292,1165
14296,1183
14297,639
14298,1021
14300,557
14301,1297
14303,603
14305,845
14306,1082
14307,653
14308,734
14309,585
14312,870
14313,1138
14314,588
14315,1237
14318,1135
14319,1437
14321,890
14325,757
14326,54
14327,1016
14328,1326
14329,37
14330,1344
14331,1079
14332,1017
14334,1047
14335,1187
14336,562
14339,293
14340,341
14342,902
14343,438
14345,1041
14346,237
14350,507
14351,1303
14353,82
14357,672
14358,614
14360,743
14361,504
14362,357
14363,187
14364,440
14365,1123
14366,17
14367,485
14368,1149
14371,424
14372,123
14373,1493
14374,244
14376,1056
14378,429
14379,448
14380,730
14384,222
14386,901
14390,318
14391,111
14395,236
14396,1383
14397,828
14398,482
14399,342
14404,755
14407,948
14408,382
14409,1038
14410,243
14412,389
14413,820
14414,1259
14415,1098
14417,1402
14418,64
14419,1004
14420,1247
14421,1441
14422,816
14424,655
14425,820
14426,1439
14427,372
14428,140
14431,421
14434,1141
14435,361
14436,1125
14437,1480
14438,30
14439,477
14440,362
14442,550
14444,1263
14445,785
14446,450
14447,78
14451,821
14452,394
14453,1108
14454,187
14455,949
14456,176
14457,1345
14458,932
14459,1338
14461,1231
14462,1211
14463,697
14464,611
14466,304
14467,1283
14468,106
14469,503
14470,608
14471,834
14474,1012
14475,1073
14476,425
14479,1372
14480,1034
14484,857
14485,1431
14486,868
14487,1463
14489,674
14490,1325
14491,334
14492,1090
14496,1252
14498,1137
14500,606
14502,670
14503,582
14504,728
14505,990
14506,7
14509,288
14512,385
14514,575
14515,1390
14516,217
14518,1328
14519,581
14521,773
14523,250
14524,1131
14525,1086
14528,522
14529,499
14530,1103
14531,1160
14534,395
14536,1190
14537,1064
14540,924
14542,583
14544,80
14545,130
14546,320
14547,352
14548,1454
14550,1283
14552,58
14553,273
14554,618
14555,307
14556,1440
14557,616
14558,230
14559,1252
14560,317
14562,1146
14563,784
14565,983
14566,401
14567,482
14569,307
14570,1299
14571,1142
14573,1375
14574,696
14577,1425
14578,1311
14579,164
14581,442
14582,1129
14584,331
14585,798
14586,1485
14587,286
14588,93
14589,155
14590,367
14593,1449
14594,1359
14595,943
14598,961
14599,546
14600,497
14601,1335
14602,1173
14605,1441
14606,865
14607,1244
14608,272
14610,580
14613,796
14617,1108
14618,781
14621,563
14622,572
14623,1297
14624,1027
14626,972
14628,1118
14629,475
14636,1175
14639,74
14640,295
14641,330
14643,1262
14644,215
14645,86
14648,681
14649,355
14650,1134
14652,260
14653,942
14654,637
14656,1496
14658,19
14659,1161
14662,326
14668,553
14670,1002
14673,427
14675,963
14676,1126
14678,488
14679,43
14680,701
14683,807
14685,832
14686,807
14687,1290
14688,71
14689,5
14690,118
14691,1292
14692,337
14693,324
14694,920
14695,619
14696,954
14697,1054
14702,960
14703,759
14704,561
14705,705
14707,775
14708,833
14710,1134
14711,1072
14712,505
14714,39
14716,697
14717,1380
14718,536
14719,1139
14720,637
14721,1040
14722,720
14723,1114
14724,874
14725,715
14726,587
14727,1394
14729,28
14731,133
14734,470
14735,1299
14739,1246
14741,135
14742,1260
14743,23
14745,848
14747,1100
14748,1017
14751,12
14752,818
14754,686
14755,872
14756,734
14757,564
14758,936
14761,756
14762,682
14763,528
14764,1439
14765,1383
14766,1165
14767,379
14769,1142
14770,924
14771,90
14772,1134
14773,808
14775,1039
14776,747
14777,1094
14780,300
14782,48
14785,429
14788,1095
14790,416
14791,1108
14792,1270
14795,12
14797,994
14798,433
14799,1442
14800,25
14801,87
14804,1271
14805,717
14806,585
14809,1280
14810,648
14812,628
14813,1483
14815,68
14817,970
14820,449
14823,662
14824,1360
14825,1324
14826,14
14827,574
14828,1335
14832,916
14833,153
14834,187
14835,290
14836,18
14838,292
14839,40
14844,260
14845,973
14847,212
14849,214
14850,1382
14853,246
14854,5
14855,455
14858,17
14859,797
14862,72
14864,674
14865,542
14866,995
14867,1492
14868,823
14870,218
14872,214
14873,843
14874,1206
14875,602
14876,948
14877,1104
14878,1237
14880,1344
14881,1126
14883,588
14885,414
14886,518
14887,1197
14889,428
14890,462
14895,418
14898,1255
14899,1280
14902,401
14906,270
14907,1174
14908,530
14909,1422
14911,232
14913,668
14914,161
14915,208
14919,1228
14921,1307
14922,353
14925,105
14926,1478
14927,185
14928,253
14929,1322
14930,1153
14932,1385
14933,1257
14936,662
14937,373
14941,1188
14944,1203
14945,5
14947,96
14948,613
14953,1368
14954,86
14955,661
14956,1215
14957,751
14958,259
14959,526
14961,1436
14962,1198
14963,395
14965,1199
14967,1093
14968,1447
14969,1039
14970,966
14971,1071
14972,932
14973,230
14974,1270
14975,1175
14978,264
14980,1394
14981,304
14983,230
14984,1006
14986,805
14987,853
14989,1289
14990,276
14991,1034
14992,1422
14993,241
14995,90
14996,407
14997,1144
15005,1466
15006,929
15007,1225
15013,913
15015,852
15016,292
15019,1000
15020,519
15022,963
15023,619
15025,80
15026,989
15027,624
15029,388
15030,528
15031,779
15037,466
15041,1474
15042,783
15044,1270
15046,1436
15049,1046
15051,1112
15052,87
15053,1471
15054,229
15057,44
15060,849
15062,596
15064,403
15066,1262
15067,428
15068,403
15069,766
15070,774
15072,492
15073,1410
15076,254
15077,32
15081,345
15084,663
15087,1491
15090,1386
15095,664
15096,291
15100,931
15101,1478
15103,1439
15104,914
15107,1223
15108,1122
15109,448
15113,233
15114,200
15115,999
15116,560
15117,194
15118,1213
15125,584
15127,1296
15132,393
15134,751
15135,318
15136,772
15137,1125
15139,860
15141,970
15142,1092
15143,721
15145,324
15147,599
15148,557
15150,514
15156,979
15160,792
15162,158
15163,1109
15164,1059
15165,998
15171,1211
15173,416
15174,443
15175,390
15176,1310
15179,1449
15184,1105
15186,616
15187,1473
15190,491
15192,1009
15193,1267
15194,81
15195,750
15197,1
15198,113
15200,1016
15202,1170
15203,714
15204,368
15206,420
15207,392
15209,733
15210,1384
15211,119
15213,441
15214,736
15215,591
15219,1142
15222,1137
15226,1250
15229,648
15231,1250
15232,749
15237,206
15239,44
15240,643
15241,1482
15242,1211
15247,1226
15249,1472
15250,860
15251,801
15252,168
15254,679
15255,999
15256,1106
15258,1318
15273,396
15280,459
15285,309
15286,1439
15287,1484
15289,1171
15291,1069
15292,25
15294,781
15295,764
15296,1216
15297,821
15298,377
15301,385
15302,241
15303,65
15308,840
15311,199
15312,1436
15317,1229
15318,749
15321,372
15323,1405
15324,1262
15326,332
15329,1011
15330,1052
15332,810
15333,1433
15334,721
15335,229
15336,690
15338,642
15339,106
15340,850
15341,324
15342,511
15344,297
15346,669
15348,1214
15349,230
15352,398
15353,1187
15354,1270
15355,124
15357,626
15359,781
15360,248
15361,852
15362,791
15363,494
15365,1494
15366,430
15367,1030
15369,55
15371,440
15372,1066
15373,989
15375,1109
15379,303
15380,1190
15383,663
15385,355
15387,718
15389,650
15391,1487
15393,1392
15394,446
15395,75
15396,1135
15397,450
15399,492
15400,188
15404,98
15406,892
15408,12
15411,306
15412,279
15413,110
15414,59
15416,1421
15417,1333
15418,310
15419,552
15422,1247
15423,1067
15424,1493
15427,500
15435,107
15442,36
15443,444
15444,414
15445,836
15447,828
15448,1090
15449,406
15450,505
15451,858
15452,1489
15456,1440
15457,1170
15458,84
15459,367
15460,280
15462,1002
15466,692
15471,385
15472,1054
15473,1200
15478,431
15481,465
15482,842
15483,470
15484,1324
15489,1336
15490,1344
15491,653
15493,911
15494,606
15496,1086
15498,833
15499,1231
15500,909
15502,684
15503,1409
15504,1118
15506,409
15508,497
15509,221
15510,1380
15511,1439
15513,85
15516,540
15519,770
15520,471
15523,807
15526,1113
15529,39
15530,1076
15532,453
15534,1035
15535,1191
15536,201
15537,1245
15539,699
15542,106
15543,1316
15547,448
15548,667
15549,783
15552,155
15554,1405
15555,105
15556,640
15557,87
15558,880
15561,545
15562,1294
15563,1008
15564,356
15566,346
15567,434
15569,200
15571,1150
15574,290
15575,816
15576,845
15577,119
15580,924
15581,851
15583,1228
15587,562
15589,315
15590,1030
15592,551
15595,827
15596,73
15599,240
15602,84
15607,1315
15608,21
15609,142
15612,914
15613,1376
15614,449
15616,284
15617,1230
15619,1357
15621,22
15622,456
15623,758
15624,18
15627,974
15628,1376
15629,353
15630,379
15632,829
15634,341
15636,700
15637,400
15638,1205
15640,308
15642,1332
15643,489
15649,105
15650,559
15651,436
15653,305
15654,588
15657,1392
15658,1463
15660,1216
15663,1086
15664,295
15665,796
15667,227
15670,1314
15672,666
15673,104
15674,204
15676,847
15679,971
15680,19
15682,208
15683,1142
15684,1321
15685,389
15687,110
15690,367
15692,49
15694,216
15696,1441
15697,553
15699,244
15700,1225
15701,1029
15703,324
15705,1339
15706,1318
15707,201
15708,502
15711,889
15712,148
15713,1005
15714,1120
15716,972
15717,1109
15718,67
15719,73
15720,1105
15724,979
15728,615
15732,198
15736,276
15738,1128
15739,1051
15740,230
15741,934
15743,1363
15744,681
15747,1197
15748,864
15751,1260
15752,1152
15753,1228
15754,863
15755,770
15758,357
15759,404
15761,272
15763,194
15764,1466
15767,297
15768,822
15769,1472
15771,255
15772,981
15774,1376
15776,751
15777,1261
15778,394
15781,41
15782,1024
15784,811
15785,1346
15786,302
15790,931
15791,1220
15794,294
15795,1107
15798,172
15800,197
15801,638
15804,1014
15807,589
15808,1166
15809,1308
15810,506
15812,418
15814,1366
15815,361
15820,727
15822,1213
15823,199
15824,238
15826,122
15828,1134
15830,179
15831,1173
15833,202
15834,1443
15838,969
15839,203
15840,426
15842,502
15846,835
15847,821
15849,985
15852,1294
15854,1189
15856,168
15858,793
15859,470
15861,1191
15865,1213
15866,822
15867,957
15869,824
15872,925
15876,1401
15877,1465
15879,628
15880,481
15883,404
15885,993
15886,297
15887,610
15893,74
15894,250
15895,804
15896,802
15897,1171
15902,1139
15903,803
15904,816
15907,1269
15910,815
15911,969
15912,885
15913,647
15914,591
15915,7
15916,574
15917,552
15919,1051
15920,428
15922,643
15926,54
15928,418
15929,70
15930,355
15932,567
15936,1116
15938,232
15939,79
15943,566
15945,317
15946,910
15949,1417
15952,615
15953,1464
15954,1124
15955,518
15956,220
15958,68
15959,1323
15960,1173
15963,1494
15964,1297
15967,888
15969,527
15970,1257
15973,694
15978,1276
15980,858
15982,1275
15983,1153
15984,1476
15987,802
15990,138
15992,1022
15994,1066
15995,897
15996,741
15997,688
15998,1450
15999,818
16000,558
16001,762
16002,128
16003,1300
16005,1049
16006,1378
16008,282
16009,723
16012,753
16013,102
16015,117
16017,234
16019,662
16021,1031
16023,97
16025,879
16028,1202
16029,1241
16030,859
16031,935
16032,1273
16033,190
16034,577
16036,212
16037,987
16039,610
16040,1137
16044,1149
16048,756
16051,148
16052,1337
16057,1258
16059,161
16061,465
16062,1297
16064,779
16066,720
16071,182
16072,1426
16075,1359
16078,822
16079,1088
16080,635
16081,714
16083,1321
16084,803
16085,1023
16086,930
16090,1114
16092,1161
16093,466
16094,104
16095,155
16096,70
16098,307
16099,1035
16102,379
16107,146
16109,351
16110,491
16116,366
16119,877
16122,783
16123,909
16125,366
16127,249
16128,738
16129,332
16131,174
16132,576
16134,1453
16135,808
16137,1209
16138,1369
16139,135
16140,735
16142,190
16148,1417
16149,596
16153,183
16155,1030
16157,129
16158,205
16159,76
16160,1414
16164,644
16165,319
16166,309
16167,730
16168,197
16169,926
16170,704
16173,1318
16174,306
16178,602
16179,1229
16180,306
16181,13
16185,157
16186,1162
16194,738
16195,304
16196,933
16197,3
16199,575
16201,800
16203,1128
16204,90
16207,293
16209,349
16211,1275
16213,1309
16215,415
16219,49
16220,1064
16222,862
16224,23
16228,382
16231,312
16233,467
16234,1476
16236,803
16237,1411
16238,1322
16241,789
16243,1447
16248,899
16249,706
16251,1484
16252,364
16256,1252
16258,271
16259,579
16260,57
16262,719
16267,759
16272,965
16274,122
16276,1086
16279,1477
16280,772
16281,1322
16284,324
16285,1141
16287,971
16288,1349
16290,804
16292,926
16295,959
16296,629
16298,754
16300,253
16302,837
16303,72
16305,1053
16311,1061
16314,1090
16316,1204
16317,143
16318,1076
16324,1315
16325,692
16328,1057
16329,1494
16331,428
16332,1001
16335,263
16336,1226
16337,934
16339,1318
16340,242
16341,1371
16347,1110
16350,732
16352,1407
16353,1130
16354,563
16355,1429
16356,988
16357,207
16359,427
16360,1456
16361,90
16362,1436
16363,1056
16365,1140
16366,1199
16367,130
16368,202
16370,1236
16371,739
16373,998
16374,165
16376,1470
16377,1343
16378,138
16383,1288
16386,1092
16387,417
16388,162
16389,1129
16390,616
16391,641
16392,86
16394,1457
16396,487
16397,744
16398,1150
16399,726
16400,821
16401,1182
16402,58
16403,1448
16406,243
16407,1078
16410,25
16411,530
16412,76
16413,420
16415,644
16416,928
16417,1272
16419,1300
16423,52
16424,1178
16425,761
16429,131
16431,1037
16435,826
16436,14
16437,440
16438,1196
16439,497
16441,858
16442,1235
16443,1243
16445,733
16446,505
16450,285
16451,905
16453,329
16454,484
16457,353
16459,481
16461,515
16465,625
16466,562
16470,1421
16471,416
16472,21
16476,289
16477,588
16479,414
16480,385
16482,282
16484,784
16487,585
16488,462
16489,710
16490,888
16491,787
16492,120
16495,22
16496,159
16500,5
16501,168
16504,1121
16507,77
16508,69
16509,418
16514,885
16516,94
16517,1162
16520,1152
16521,857
16523,1384
16527,490
16530,562
16536,809
16537,984
16538,348
16540,417
16541,963
16542,619
16543,98
16544,915
16545,508
16546,301
16548,634
16551,548
16552,1464
16553,558
16555,358
16556,1219
16557,180
16558,1144
16559,1426
16561,296
16562,1045
16563,78
16564,875
16565,307
16567,294
16568,1160
16569,319
16571,1082
16573,209
16576,353
16577,691
16578,1201
16581,1055
16583,407
16586,898
16588,387
16589,503
16590,12
16592,821
16593,585
16594,551
16596,373
16597,1155
16600,586
16602,45
16604,280
16606,1263
16607,108
16608,953
16612,1217
16613,1212
16615,1183
16616,751
16617,155
16619,214
16620,619
16624,434
16626,536
16627,529
16630,775
16632,769
16633,1040
16634,182
16636,1494
16638,235
16639,903
16641,1315
16642,249
16643,530
16644,1471
16650,1234
16651,489
16652,1336
16654,461
16655,835
16656,1293
16657,1143
16658,215
16659,43
16660,195
16661,1078
16662,655
16663,946
16664,194
16666,465
16667,654
16670,219
16674,1002
16676,912
16679,135
16680,260
16681,31
16682,1009
16683,428
16686,846
16687,1078
16690,330
16691,38
16693,1489
16694,520
16698,1399
16700,103
16702,510
16703,60
16705,1220
16707,345
16708,1049
16709,606
16714,928
16716,932
16717,934
16719,507
16721,76
16723,571
16724,768
16726,1421
16727,1165
16733,53
16738,583
16739,500
16740,278
16741,229
16744,795
16746,122
16750,117
16753,33
16754,663
16756,159
16757,420
16758,238
16760,888
16762,1272
16765,305
16767,537
16768,1417
16769,629
16771,1260
16774,166
16778,1244
16779,674
16780,563
16785,111
16786,298
16787,724
16789,725
16790,732
16791,611
16792,575
16794,796
16795,725
16796,1270
16798,32
16799,51
16800,645
16801,845
16802,773
16804,1158
16805,569
16809,1116
16815,820
16816,1252
16818,1489
16821,1200
16825,806
16829,148
16831,140
16833,1024
16837,1030
16840,1316
16842,427
16845,739
16846,1344
16849,734
16852,629
16853,1253
16854,210
16856,147
16858,1126
16860,477
16861,573
16863,716
16864,711
16865,530
16866,1429
16871,513
16875,481
16876,1099
16877,21
16879,1322
16880,963
16881,1466
16883,550
16887,511
16888,310
16890,1145
16891,876
16896,314
16897,674
16898,51
16899,775
16901,1048
16903,954
16905,200
16906,958
16907,707
16909,336
16913,1239
16914,119
16916,177
16919,1042
16920,1405
16921,810
16922,611
16928,1204
16929,654
16930,122
16931,199
16935,1449
16939,1136
16940,1059
16944,728
16946,974
16948,91
16949,1482
16954,532
16955,891
16956,283
16959,292
16960,18
16961,943
16963,884
16967,1440
16968,279
16969,1319
16970,1352
16971,739
16972,144
16976,1391
16977,715
16978,471
16979,64
16980,73
16981,443
16982,873
16983,1233
16989,720
16990,1495
16993,1052
16996,1432
16997,358
16999,1084
17000,863
17001,518
17002,203
17006,620
17008,449
17011,1260
17016,1071
17018,8
17020,507
17021,1189
17026,892
17028,1494
17029,33
17030,269
17031,75
17032,381
17033,782
17034,473
17035,719
17036,1068
17037,1023
17038,630
17039,771
17040,1403
17041,1120
17042,1131
17044,441
17051,283
17053,1315
17054,111
17055,1207
17056,1106
17058,61
17059,28
17060,78
17061,1064
17062,1190
17064,335
17068,816
17069,482
17070,1318
17072,1176
17078,371
17080,553
17081,117
17083,1152
17085,279
17086,246
17087,973
17091,940
17092,1090
17093,691
17094,596
17097,140
17098,108
17100,495
17102,1136
17104,1015
17110,15
17113,64
17117,221
17118,944
17119,1382
17120,1144
17121,1159
17122,1230
17123,160
17125,533
17129,858
17130,970
17133,1271
17136,175
17137,809
17138,403
17139,848
17141,48
17143,949
17144,694
17145,1115
17146,162
17149,975
17151,525
17153,173
17154,1000
17159,927
17160,785
17162,685
17163,1350
17164,1347
17165,378
17167,565
17170,1010
17171,827
17173,385
17175,98
17181,508
17183,954
17185,912
17190,591
17197,503
17200,332
17203,554
17204,1321
17206,779
17207,979
17210,588
17213,1430
17217,199
17218,339
17221,1201
17224,1260
17227,1310
17228,675
17229,149
17230,1400
17231,217
17232,1033
17234,820
17235,565
17236,420
17237,1077
17238,568
17240,562
17242,500
17243,735
17246,671
17247,646
17249,684
17251,167
17252,849
17254,746
17256,1471
17258,504
17259,52
17260,652
17261,863
17262,321
17264,578
17266,1340
17268,263
17269,471
17271,86
17272,361
17273,359
17274,690
17275,614
17279,804
17280,1271
17281,451
17282,686
17283,1363
17287,1497
17289,1431
17290,523
17291,987
17293,799
17294,981
17295,54
17296,493
17297,1467
17298,601
17299,604
17300,62
17301,1063
17302,1357
17304,1094
17305,602
17307,344
17309,1281
17311,56
17312,558
17313,1032
17314,1249
17316,993
17317,163
17318,945
17321,82
17322,891
17323,1133
17324,588
17326,1298
17327,353
17329,721
17330,473
17331,743
17334,352
17335,1012
17337,1041
17338,962
17340,923
17342,960
17348,865
17349,1050
17350,90
17351,615
17357,776
17360,264
17363,341
17366,53
17367,1283
17371,125
17372,1455
17374,610
17375,1219
17381,971
17383,1496
17388,1114
17389,750
17390,557
17392,755
17393,777
17394,328
17395,1306
17397,637
17403,420
17405,472
17407,1205
17408,243
17409,592
17410,581
17411,1141
17412,622
17413,1335
17416,839
17417,1300
17418,710
17420,264
17421,851
17422,976
17428,1200
17429,374
17430,1149
17433,459
17436,209
17437,1004
17438,840
17439,693
17442,1291
17443,650
17444,737
17447,1191
17448,479
17450,1263
17452,620
17455,698
17456,375
17458,551
17459,1237
17461,339
17462,188
17463,1302
17464,1206
17465,808
17466,119
17467,1184
17468,1029
17471,1314
17472,324
17475,943
17479,994
17480,1415
17482,240
17483,1488
17491,194
17492,106
17493,1498
17495,1195
17496,458
17497,789
17498,357
17499,908
17503,1068
17505,219
17506,1161
17509,1290
17513,1450
17515,243
17517,937
17518,887
17519,153
17520,869
17521,381
17522,880
17523,1246
17525,627
17527,1015
17528,1458
17529,855
17531,931
17532,1239
17533,861
17534,757
17536,197
17537,1088
17538,214
17540,568
17542,604
17545,1496
17546,317
17549,1120
17550,413
17551,1021
17554,630
17558,398
17560,539
17561,541
17565,1390
17566,237
17567,247
17568,1190
17570,1210
17571,1250
17573,830
17574,1153
17575,1284
17577,1365
17578,1358
17580,1278
17583,937
17584,308
17585,173
17586,497
17587,627
17588,520
17589,1013
17590,414
17592,1492
17594,1405
17598,523
17599,1402
17600,1495
17602,431
17604,1423
17605,775
17611,1105
17614,1394
17616,196
17617,416
17618,1316
17620,1246
17621,421
17622,1163
17623,364
17625,582
17626,1109
17627,251
17631,1246
17632,609
17633,924
17634,1432
17636,31
17639,1375
17640,908
17641,47
17644,374
17645,589
17647,1321
17648,365
17649,599
17650,387
17651,682
17654,601
17655,1358
17656,153
17657,184
17658,1278
17659,1078
17660,1121
17663,939
17664,415
17667,691
17668,87
17669,234
17670,320
17671,419
17672,1051
17674,659
17677,1410
17679,926
17682,943
17685,47
17686,173
17687,1009
17689,1358
17692,805
17694,624
17695,1056
17697,1459
17698,898
17700,637
17701,949
17705,1249
17706,1268
17708,265
17709,11
17710,869
17711,553
17713,125
17714,22
17716,275
17717,609
17718,195
17719,443
17720,401
17721,1267
17722,624
17723,546
17724,495
17726,1474
17729,960
17730,1378
17732,14
17733,101
17736,475
17739,963
17740,408
17741,66
17742,29
17743,843
17745,58
17746,1262
17749,612
17753,797
17754,760
17756,962
17757,396
17758,1385
17760,1253
17765,1277
17767,915
17769,961
17771,1480
17775,1394
17776,150
17777,87
17779,1135
17780,953
17781,110
17784,1158
17785,1015
17787,1041
17788,942
17791,488
17792,591
17795,150
17800,886
17801,1007
17808,411
17809,1044
17812,237
17813,713
17816,387
17820,771
17825,1006
17832,183
17833,264
17834,164
17835,374
17836,504
17837,519
17841,434
17844,228
17846,60
17848,1427
17849,1435
17850,35
17851,44
17853,872
17854,82
17855,847
17860,162
17863,1443
17865,276
17866,866
17867,577
17868,791
17869,421
17871,8
17872,1189
17873,1159
17875,790
17877,416
17878,571
17879,915
17885,84
17889,375
17890,273
17892,299
17897,1191
17899,851
17904,1332
17908,1308
17909,919
17910,1063
17913,379
17914,1147
17916,1046
17918,987
17919,325
17920,231
17924,1498
17925,1077
17926,142
17927,303
17928,1397
17929,1239
17930,924
17931,44
17932,24
17937,567
17939,834
17941,569
17942,943
17943,351
17944,179
17945,345
17946,796
17949,466
17951,382
17952,1079
17955,631
17956,535
17958,1361
17962,828
17964,97
17969,1094
17970,313
17972,581
17975,1192
17976,1276
17977,1493
17979,386
17980,998
17983,564
17987,1209
17989,775
17991,985
17993,985
17995,1259
17996,464
17997,1188
17998,815
18000,1350
18001,917
18003,885
18005,431
18006,611
18009,519
18011,1144
18012,347
18013,42
18014,1240
18015,1116
18017,1095
18018,1229
18019,851
18020,126
18021,1484
18022,949
18023,528
18027,241
18028,1429
18029,1337
18030,1432
18031,1374
18034,619
18036,290
18038,490
18039,1463
18040,225
18042,171
18043,432
18044,2
18045,1070
18046,670
18047,448
18049,1134
18053,931
18054,1357
18059,870
18060,972
18061,1256
18062,816
18063,1255
18064,1232
18065,175
18066,1279
18067,438
18068,1284
18070,146
18072,172
18073,341
18074,647
18076,894
18077,450
18078,1036
18079,300
18081,654
18082,1214
18085,1423
18087,1266
18088,739
18089,767
18090,415
18092,689
18093,899
18095,229
18096,875
18100,101
18102,995
18107,939
18108,106
18109,640
18111,1460
18116,1402
18117,594
18119,1179
18121,4
18124,927
18125,723
18126,77
18127,803
18128,1095
18129,1051
18130,128
18136,939
18138,1264
18139,876
18140,432
18141,131
18145,1046
18146,1324
18148,973
18150,1333
18151,1463
18153,539
18154,843
18158,382
18160,1441
18161,1317
18163,899
18164,933
18166,682
18168,303
18175,231
18176,1438
18180,125
18181,726
18183,134
18185,915
18186,80
18187,211
18190,130
18191,700
18193,1136
18196,934
18197,1067
18198,541
18199,506
18200,193
18205,420
18206,443
18207,500
18208,977
18211,552
18212,850
18216,1225
18217,1488
18221,370
18223,25
18227,104
18228,461
18231,242
18234,1136
18235,253
18236,630
18237,388
18242,137
18243,38
18246,320
18247,610
18248,1109
18253,1468
18254,184
18256,607
18258,290
18259,732
18260,391
18261,729
18262,348
18263,38
18264,94
18265,658
18268,1403
18269,1186
18270,671
18272,242
18273,1375
18274,1057
18276,793
18279,846
18283,974
18286,124
18290,726
18291,212
18293,733
18300,759
18301,800
18302,1491
18304,371
18306,980
18307,313
18308,1351
18311,1374
18312,1411
18316,215
18318,954
18321,982
18322,805
18323,525
18324,779
18325,828
18327,658
18328,491
18330,494
18331,1049
18334,500
18336,568
18337,396
18339,226
18340,1379
18344,1302
18347,697
18349,334
18350,1341
18352,1144
18354,744
18355,1435
18356,1215
18357,6
18359,998
18361,1108
18364,1047
18365,200
18366,941
18368,283
18369,1139
18370,1119
18371,43
18372,1315
18374,692
18375,578
18378,1213
18379,1171
18381,425
18385,155
18386,115
18388,1367
18389,421
18390,172
18392,1208
18393,724
18396,219
18397,483
18398,1195
18399,963
18400,849
18402,1331
18406,111
18407,682
18409,1183
18410,746
18411,1105
18412,1200
18414,1224
18415,1303
18416,331
18417,959
18421,808
18422,963
18426,1482
18428,376
18429,1062
18432,1002
18433,1315
18437,1181
18438,711
18439,100
18440,138
18441,251
18443,1124
18444,611
18445,325
18448,1328
18449,481
18451,1145
18452,665
18453,347
18454,1081
18456,866
18459,1201
18460,666
18461,1305
18462,935
18463,1046
18466,85
18467,828
18468,361
18469,135
18470,1431
18472,178
18473,1373
18474,628
18475,487
18476,995
18477,1069
18478,666
18481,628
18482,662
18485,1398
18486,830
18488,1319
18491,251
18494,189
18495,914
18497,1413
18504,1254
18507,691
18510,649
18513,1216
18516,144
18518,1008
18519,1420
18520,668
18522,89
18523,399
18524,592
18525,63
18526,751
18527,1413
18529,301
18533,1238
18534,1087
18535,985
18536,55
18538,492
18539,396
18544,736
18546,109
18547,157
18549,304
18551,1472
18552,1050
18553,687
18555,1217
18558,1434
18559,358
18560,1175
18561,883
18562,1141
18563,874
18564,1365
18566,473
18567,827
18569,925
18570,1428
18572,1388
18576,509
18578,1336
18579,83
18580,479
18583,307
18584,1072
18588,1216
18591,679
18594,927
18596,634
18598,512
18601,1148
18603,950
18605,602
18606,119
18612,1027
18615,180
18616,114
18617,277
18618,1310
18619,158
18620,137
18622,1373
18624,1435
18628,117
18629,150
18630,1450
18631,564
18632,923
18633,481
18634,74
18635,1139
18636,1370
18638,552
18639,24
18641,548
18643,947
18644,292
18646,90
18648,1401
18649,869
18650,115
18651,1400
18652,1003
18653,1449
18654,1221
18655,151
18657,730
18659,1497
18660,888
18663,1408
18665,1159
18666,404
18668,1027
18669,1331
18670,1436
18674,1405
18680,1083
18681,1163
18682,1171
18683,279
18684,166
18687,55
18688,1107
18692,1451
18696,1265
18699,453
18700,1393
18702,229
18704,540
18710,793
18711,635
18712,644
18713,236
18714,1183
18715,892
18716,1087
18722,967
18724,510
18725,907
18728,616
18731,281
18732,390
18733,187
18734,1277
18735,603
18736,1080
18737,959
18738,146
18739,1060
18740,328
18742,1042
18743,754
18744,259
18745,908
18746,1052
18747,1251
18751,1443
18752,898
18753,715
18754,1334
18756,477
18757,396
18758,1170
18759,768
18763,483
18764,600
18765,932
18768,528
18773,373
18775,92
18776,902
18777,1288
18782,1421
18783,272
18784,481
18786,647
18787,237
18789,252
18790,1197
18791,921
18793,160
18795,472
18796,1140
18797,1466
18800,1309
18801,356
18802,694
18803,108
18805,344
18806,1270
18807,747
18808,82
18809,1175
18811,651
18813,902
18816,30
18818,357
18821,1234
18822,1310
18823,1097
18825,21
18827,47
18829,1228
18830,1402
18831,797
18832,536
18833,1120
18834,881
18836,408
18837,166
18839,359
18841,878
18844,730
18845,151
18849,648
18850,918
18852,778
18854,134
18856,13
18857,648
18859,1467
18860,488
18865,191
18867,441
18868,958
18870,957
18872,684
18873,124
18874,637
18876,1024
18877,1095
18878,643
18879,485
18880,1041
18883,425
18885,947
18886,1022
18888,928
18890,1171
18891,894
18892,1341
18895,669
18896,1289
18897,1266
18902,170
18906,893
18908,450
18909,100
18910,260
18914,1005
18915,1053
18919,1068
18921,1369
18922,1075
18923,366
18924,950
18925,1185
18926,93
18929,570
18930,883
18931,175
18932,1472
18934,1240
18935,136
18938,872
18939,1276
18941,857
18943,287
18944,1137
18945,156
18946,212
18949,1093
18950,1058
18951,1331
18952,1050
18954,1227
18955,815
18959,1308
18961,645
18962,534
18964,995
18966,722
18969,1307
18972,1305
18979,1285
18980,166
18981,910
18982,185
18985,501
18986,675
18987,1361
18988,575
18992,802
18993,1074
18995,1097
18996,1208
19002,252
19005,154
19007,311
19008,572
19009,1414
19013,529
19014,979
19015,876
19016,250
19021,541
19025,869
19027,1129
19028,1239
19030,635
19031,299
19032,56
19033,165
19034,1198
19035,1108
19037,1449
19039,799
19040,367
19041,654
19044,1356
19047,996
19048,1237
19049,1445
19050,303
19055,1091
19056,18
19057,1465
19060,153
19061,501
19067,861
19069,268
19070,959
19071,954
19072,583
19073,729
19074,790
19077,1279
19079,354
19080,1268
19083,390
19085,791
19086,969
19087,948
19088,996
19089,1227
19091,1151
19092,936
19095,1252
19097,617
19098,825
19099,1281
19100,125
19103,863
19104,352
19107,926
19108,1081
19109,137
19111,24
19114,1086
19115,1294
19116,1190
19117,1339
19118,49
19126,518
19129,957
19130,1406
19131,1031
19132,512
19133,1058
19134,24
19136,46
19137,312
19138,325
19140,231
19142,511
19143,239
19144,827
19151,365
19152,691
19156,1310
19157,1483
19158,1165
19161,1047
19162,618
19164,372
19165,624
19166,1151
19167,385
19168,91
19169,645
19170,1226
19171,485
19172,230
19173,628
19175,1397
19179,200
19181,77
19182,781
19183,715
19184,539
19185,1112
19187,981
19188,1029
19194,1067
19197,1249
19199,1300
19201,1275
19202,243
19208,1377
19209,665
19210,530
19211,459
19217,1068
19218,972
19219,198
19220,797
19221,1001
19222,23
19223,1074
19224,90
19225,651
19227,1184
19228,1008
19230,1401
19231,1221
19232,985
19236,35
19238,1146
19239,159
19242,864
19245,1291
19246,220
19247,1145
19250,1108
19251,175
19252,45
19253,1011
19256,118
19262,391
19263,420
19264,1284
19265,1102
19271,1087
19273,1154
19274,303
19275,251
19276,312
19282,295
19284,359
19287,262
19288,548
19289,675
19290,886
19296,384
19297,606
19299,1062
19300,206
19301,873
19302,1133
19303,24
19304,300
19305,222
19307,618
19308,785
19309,854
19312,1380
19314,1129
19318,713
19321,1149
19324,122
19326,508
19328,500
19329,472
19331,668
19336,873
19337,398
19339,1344
19340,343
19341,1294
19344,492
19345,1434
19346,499
19348,144
19349,654
19351,458
19353,13
19354,9
19356,1341
19358,1187
19359,1354
19360,948
19362,74
19367,420
19369,254
19370,1366
19371,140
19372,1353
19379,114
19380,138
19382,1235
19383,565
19384,365
19386,253
19388,31
19390,1056
19391,476
19396,605
19397,406
19400,600
19401,40
19402,333
19403,1407
19404,660
19405,779
19410,70
19412,167
19416,1217
19419,288
19420,441
19421,136
19422,193
19423,877
19425,522
19426,1435
19429,732
19430,14
19433,693
19435,1461
19436,759
19440,695
19446,23
19450,531
19451,174
19452,982
19453,620
19456,1086
19457,985
19458,1458
19459,1007
19460,1303
19461,279
19462,707
19465,466
19466,1486
19467,579
19468,492
19469,211
19470,904
19471,105
19474,1405
19476,1191
19478,1434
19479,500
19480,795
19483,820
19484,507
19487,1263
19488,466
19489,204
19491,1172
19492,1313
19494,13
19496,178
19499,1191
19500,985
19501,1177
19505,653
19506,675
19507,1239
19510,315
19511,80
19512,644
19513,570
19514,820
19517,12
19519,212
19522,1157
19523,761
19524,892
19527,211
19529,415
19530,1173
19531,746
19532,569
19535,368
19540,870
19541,758
19543,1452
19544,386
19547,26
19548,570
19549,299
19550,3
19556,908
19557,281
19560,254
19561,450
19562,1047
19563,626
19565,140
19566,457
19567,803
19569,568
19571,562
19573,1027
19575,1427
19577,316
19579,491
19582,1233
19583,1238
19584,1176
19586,45
19589,9
19591,1359
19593,547
19594,161
19596,289
19597,966
19600,1019
19601,1292
19602,468
19604,1432
19605,531
19606,1366
19607,875
19608,1435
19612,1417
19613,962
19615,1023
19616,908
19617,1274
19620,853
19621,861
19623,264
19625,45
19626,902
19628,257
19629,789
19631,1113
19632,1308
19633,586
19634,919
19635,237
19638,612
19646,768
19647,852
19648,132
19650,245
19652,1004
19654,672
19656,1162
19657,967
19659,1063
19662,1170
19663,524
19664,1480
19665,667
19666,385
19668,1476
19671,1332
19672,1114
19673,806
19674,330
19675,37
19678,274
19680,550
19682,1187
19684,89
19686,1267
19688,218
19689,1338
19691,541
19696,1295
19697,1256
19698,1026
19699,122
19700,923
19701,788
19702,980
19706,319
19708,13
19709,1290
19712,826
19713,126
19714,29
19716,356
19723,1276
19725,78
19729,648
19736,1157
19737,1049
19738,1493
19739,923
19742,259
19743,996
19744,1478
19745,1459
19746,548
19748,425
19750,885
19751,343
19752,756
19754,1021
19760,535
19761,838
19762,1051
19770,1218
19771,484
19772,175
19773,630
19775,1146
19776,474
19778,296
19779,946
19780,672
19782,1168
19783,98
19784,1195
19787,70
19789,273
19792,1262
19793,1286
19796,1399
19797,1141
19798,1014
19801,618
19802,1196
19804,1090
19805,1411
19808,794
19810,512
19811,19
19812,993
19813,1483
19814,742
19816,629
19818,311
19819,1436
19820,918
19822,976
19824,468
19827,1358
19829,1116
19831,90
19832,697
19833,471
19834,668
19835,461
19836,270
19839,142
19840,624
19841,767
19842,1437
19844,13
19846,1123
19849,240
19850,392
19852,549
19854,1285
19855,159
19857,743
19858,629
19859,862
19860,757
19861,343
19863,1315
19864,906
19865,268
19870,427
19873,70
19875,1324
19877,282
19878,1009
19881,446
19882,506
19884,897
19885,215
19888,503
19890,1236
19892,1450
19894,154
19895,56
19897,57
19900,1340
19901,1137
19902,979
19904,1435
19906,386
19908,685
19909,1231
19910,1147
19911,577
19912,850
19913,113
19917,699
19918,224
19921,1004
19922,371
19923,27
19925,646
19926,552
19927,599
19929,91
19930,1426
19931,1366
19936,546
19937,539
19939,1499
19940,596
19945,1189
19946,209
19947,251
19949,189
19950,551
19952,245
19953,715
19957,969
19959,541
19960,958
19961,467
19968,422
19969,1413
19971,1392
19975,715
19977,1454
19979,71
19981,474
19982,1455
19984,1095
19985,332
19989,184
19992,1337
19993,547
19995,105
19997,681
19998,568
19999,135
20003,1446
20004,1401
20006,380
20008,219
20009,1095
20010,1272
20011,1094
20012,520
20016,1464
20017,1128
20018,1458
20019,12
20020,405
20022,616
20023,997
20025,866
20029,176
20030,1226
20032,471
20033,18
20034,528
20035,675
20036,1390
20037,92
20038,1339
20040,1423
20042,901
20043,827
20044,752
20048,549
20050,22
20051,920
20053,960
20055,93
20058,1081
20059,1439
20061,1226
20062,753
20063,1230
20065,1313
20066,163
20067,199
20069,185
20071,501
20072,812
20073,60
20074,834
20079,1033
20080,1383
20082,1228
20087,572
20088,595
20090,180
20091,773
20092,200
20093,160
20097,662
20101,1009
20103,535
20104,1376
20105,1065
20108,590
20109,707
20111,212
20112,652
20117,90
20119,919
20123,1294
20124,578
20127,123
20128,4
20130,738
20132,283
20134,100
20135,1234
20138,550
20141,441
20142,853
20145,1173
20147,1476
20148,26
20150,159
20151,346
20156,769
20158,1148
20159,1162
20161,895
20162,515
20164,455
20165,156
20166,230
20167,1343
20169,1338
20170,1378
20171,1204
20173,620
20174,1001
20175,902
20176,35
20177,730
20178,268
20180,4
20182,263
20183,622
20184,794
20185,1256
20187,1483
20188,518
20190,123
20191,512
20194,974
20195,232
20196,1080
20197,770
20199,332
20200,1043
20201,397
20202,1195
20204,794
20207,445
20209,887
20210,1015
20212,3
20214,1244
20215,544
20216,1459
20217,618
20221,1163
20222,622
20224,149
20225,1121
20226,935
20227,1436
20228,1120
20229,332
20232,380
20233,1233
20236,814
20237,1079
20238,1208
20241,202
20243,160
20249,107
20251,1033
20252,686
20253,239
20254,239
20255,831
20257,698
20258,692
20259,1344
20260,373
20263,1212
20265,263
20266,1141
20268,338
20269,415
20270,1381
20272,112
20273,220
20274,345
20275,702
20278,1417
20279,1318
20283,605
20285,1322
20286,793
20290,464
20292,381
20295,1483
20300,1497
20301,107
20303,578
20308,1014
20311,98
20312,403
20314,1410
20315,1157
20316,644
20318,1157
20319,982
20320,976
20322,1302
20330,1323
20331,193
20332,70
20334,917
20335,1214
20336,1100
20342,733
20346,1073
20349,1350
20351,874
20352,477
20353,1142
20354,160
20355,1313
20357,761
20358,866
20359,820
20360,1213
20363,8
20365,55
20366,209
20367,433
20368,1136
20369,672
20370,232
20372,347
20375,516
20376,467
20381,630
20382,1390
20383,37
20386,1
20389,1177
20390,135
20391,1180
20392,310
20393,150
20394,1406
20396,636
20399,1157
20400,749
20401,977
20402,1262
20403,1485
20404,966
20406,397
20408,559
20409,1036
20410,120
20416,865
20417,1067
20418,56
20421,595
20423,306
20426,388
20430,179
20431,891
20433,892
20434,981
20435,602
20436,408
20438,931
20439,912
20440,954
20442,1428
20444,1132
20446,1379
20447,1417
20449,1391
20452,454
20454,365
20457,1449
20458,852
20459,1394
20460,246
20462,898
20463,204
20465,181
20470,668
20471,1018
20472,1131
20475,1418
20477,1190
20478,395
20480,1083
20481,1474
20483,503
20485,856
20486,571
20488,1360
20489,828
20493,683
20494,591
20496,1426
20498,1097
20499,130
20500,1212
20501,1231
20503,598
20506,312
20507,1403
20508,787
20509,1486
20510,193
20511,197
20512,344
20514,1333
20515,64
20517,453
20519,1086
20520,1215
20522,602
20524,1134
20525,478
20531,1406
20532,303
20533,708
20534,280
20535,577
20536,819
20539,173
20540,346
20542,1356
20543,284
20545,433
20546,1259
20547,994
20548,290
20549,893
20550,945
20551,40
20553,519
20555,85
20556,575
20557,174
20564,1439
20565,1045
20568,763
20569,980
20570,658
20575,1046
20576,1400
20578,561
20579,417
20582,153
20585,639
20587,704
20588,1142
20589,361
20590,1232
20592,1277
20594,571
20600,79
20601,927
20603,273
20604,714
20611,957
20612,14
20613,744
20615,129
20617,1326
20619,901
20620,885
20621,994
20622,633
20623,761
20628,1098
20630,16
20631,1385
20632,629
20634,661
20636,443
20638,924
20640,644
20642,1363
20645,1217
20648,1366
20649,419
20650,285
20653,150
20657,251
20660,1242
20662,1442
20664,1351
20666,1355
20668,350
20670,1242
20673,995
20675,147
20677,140
20678,317
20679,1209
20680,334
20681,986
20682,1061
20688,1229
20689,988
20690,537
20691,506
20692,1125
20693,962
20694,1465
20696,4
20697,769
20699,1191
20700,2
20701,1111
20702,1199
20704,937
20706,1465
20711,1263
20712,917
20714,821
20715,494
20716,1129
20717,1131
20718,885
20719,1271
20720,765
20721,860
20725,288
20727,545
20728,760
20729,1033
20730,1322
20731,878
20732,111
20733,571
20736,351
20737,1044
20740,391
20741,1105
20743,1329
20744,568
20747,726
20748,51
20749,491
20750,1145
20751,1215
20756,1234
20760,860
20762,14
20764,542
20766,202
20767,788
20768,1413
20770,661
20771,531
20772,348
20774,562
20778,1039
20780,978
20781,1001
20782,1064
20783,928
20784,433
20786,1035
20788,1425
20792,275
20794,438
20795,815
20798,389
20801,256
20805,1303
20808,812
20811,323
20812,111
20813,985
20814,822
20815,368
20816,1358
20818,389
20819,838
20820,984
20822,1127
20828,1323
20829,1365
20830,1306
20832,71
20833,172
20837,558
20839,1052
20842,782
20848,1353
20849,641
20850,1392
20851,1337
20852,1118
20854,882
20855,360
20857,430
20858,649
20859,1117
20860,599
20861,1315
20863,685
20864,92
20865,934
20866,799
20867,306
20869,300
20870,1237
20873,754
20874,939
20878,148
20879,841
20881,1433
20885,1080
20886,1262
20887,134
20891,1075
20892,948
20894,969
20896,997
20899,934
20902,238
20904,871
20906,175
20908,1070
20909,1120
20910,1488
20912,873
20914,997
20917,1402
20918,365
20919,1476
20920,974
20921,1190
20924,299
20925,438
20926,600
20928,1138
20931,504
20932,290
20935,1365
20938,658
20942,384
20945,252
20946,146
20949,683
20951,544
20955,1049
20960,779
20961,262
20962,1272
20964,1407
20965,1243
20967,1325
20970,1200
20972,1262
20974,402
20978,1022
20982,598
20983,1351
20984,1372
20985,1052
20986,1419
20988,269
20989,1305
20990,1256
20991,103
20992,1285
20993,419
20994,1360
20995,78
20996,1019
20997,1319
20998,1232
21000,1151
21006,301
21008,635
21009,1023
21011,37
21013,283
21016,217
21017,1078
21021,142
21022,1114
21023,397
21024,177
21025,381
21028,664
21029,431
21030,1373
21031,781
21032,1195
21034,1473
21035,137
21036,1244
21042,298
21043,1448
21045,204
21048,1
21054,765
21056,1051
21057,617
21059,299
21060,1457
21062,829
21064,18
21065,397
21070,725
21071,720
21073,1303
21074,514
21077,632
21078,98
21079,979
21080,150
21081,1272
21082,624
21087,515
21089,255
21091,841
21092,900
21093,362
21094,1286
21096,556
21097,659
21104,922
21105,1164
21107,840
21109,1467
21110,166
21111,172
21114,941
21115,792
21117,680
21122,425
21123,567
21124,149
21125,11
21127,1134
21128,1170
21130,711
21131,17
21132,693
21133,1230
21135,988
21137,1498
21139,1100
21143,1131
21146,1373
21147,952
21148,627
21149,701
21150,1421
21154,891
21155,196
21156,1206
21159,802
21162,960
21165,1161
21167,398
21168,475
21169,839
21170,1146
21171,172
21172,1200
21176,594
21178,813
21183,316
21184,695
21186,582
21187,416
21188,934
21189,749
21190,1204
21192,1426
21193,638
21196,700
21197,218
21199,1279
21200,839
21201,1346
21202,747
21205,1448
21208,1382
21209,455
21211,388
21212,1061
21213,1470
21214,904
21215,241
21216,68
21219,166
21221,1424
21222,564
21223,1235
21224,310
21225,1221
21226,268
21227,917
21228,841
21231,474
21233,188
21234,56
21235,114
21236,644
21238,1360
21239,316
21241,1097
21242,177
21243,1407
21244,343
21245,22
21246,1389
21247,995
21248,1458
21249,782
21251,1308
21258,534
21259,576
21261,1216
21262,349
21263,1335
21264,60
21265,656
21266,385
21270,1130
21271,909
21272,55
21273,1335
21274,272
21276,608
21277,674
21278,612
21279,1491
21283,452
21285,515
21287,925
21288,1059
21289,306
21291,1424
21292,388
21293,1323
21294,910
21295,801
21297,793
21298,87
21301,981
21305,433
21308,485
21309,583
21312,595
21315,1326
21316,845
21319,246
21320,682
21322,716
21323,515
21326,568
21327,1015
21332,619
21333,452
21338,967
21340,330
21341,567
21342,729
21343,667
21346,768
21349,1416
21351,262
21352,1221
21353,570
21354,979
21355,357
21356,1285
21357,717
21358,622
21363,96
21366,931
21367,1457
21371,834
21372,541
21373,1304
21374,1065
21375,153
21376,577
21377,1446
21379,1496
21382,715
21384,1064
21388,183
21390,1412
21391,1358
21394,520
21396,738
21399,1137
21401,665
21405,1189
21406,213
21408,717
21409,358
21411,1314
21413,733
21414,1098
21417,727
21418,318
21419,418
21423,711
21424,308
21426,1388
21428,448
21430,572
21431,597
21432,457
21434,25
21436,295
21437,356
21440,977
21441,156
21444,468
21447,385
21448,246
21450,1422
21453,798
21454,888
21457,834
21460,318
21463,346
21464,473
21467,120
21470,258
21474,497
21475,0
21476,1162
21477,357
21478,1361
21479,39
21480,548
21481,307
21483,757
21484,616
21486,1
21487,812
21492,567
21495,306
21496,267
21497,348
21498,725
21499,1488
21502,659
21506,1154
21507,98
21508,1123
21509,404
21512,536
21514,315
21517,1430
21519,589
21520,537
21522,464
21524,1216
21528,1099
21529,31
21530,953
21531,525
21533,1176
21535,283
21543,1141
21545,1393
21546,20
21547,462
21548,1356
21551,144
21553,420
21555,1031
21557,15
21561,1243
21562,49
21563,429
21565,724
21567,721
21569,1350
21572,14
21574,1010
21575,548
21576,878
21577,941
21579,1246
21580,1466
21581,1324
21582,550
21584,532
21586,986
21588,922
21589,352
21592,666
21594,474
21601,885
21602,266
21604,381
21605,97
21606,64
21609,1013
21610,267
21611,849
21612,758
21613,1073
21614,348
21615,975
21616,1485
21617,1146
21623,1381
21625,40
21626,490
21627,1365
21628,1246
21629,2
21630,372
21632,1496
21633,1156
21634,118
21638,239
21639,69
21640,1141
21641,507
21643,500
21644,792
21646,798
21647,776
21648,117
21650,220
21652,1063
21654,764
21658,735
21659,1162
21660,1049
21665,327
21666,1338
21667,770
21669,1346
21670,455
21674,1150
21680,1202
21681,838
21682,68
21683,243
21684,1493
21685,1365
21686,305
21687,1387
21689,918
21691,477
21695,1418
21697,799
21698,412
21700,225
21701,128
21704,594
21705,131
21706,54
21707,640
21709,376
21710,472
21712,1318
21713,1348
21715,381
21716,362
21718,317
21720,1388
21722,402
21725,186
21726,1054
21727,946
21728,1331
21731,14
21733,1118
21734,1166
21735,234
21736,1259
21738,755
21739,456
21741,408
21742,1075
21744,520
21747,1463
21749,650
21750,1070
21752,526
21753,1045
21755,587
21756,169
21758,1496
21761,172
21762,332
21763,1120
21765,546
21767,539
21770,739
21771,460
21774,1358
21775,482
21777,437
21778,714
21779,160
21781,321
21782,891
21783,1302
21784,1403
21786,954
21787,976
21789,1493
21791,195
21792,927
21793,1476
21798,986
21800,971
21803,1478
21804,1407
21811,173
21814,484
21820,815
21822,125
21825,731
21826,345
21828,144
21830,664
21831,1389
21833,6
21836,867
21838,1264
21839,181
21840,876
21841,1048
21844,289
21847,236
21851,492
21852,522
21855,393
21857,535
21859,1306
21860,862
21861,1350
21863,963
21864,867
21868,750
21869,161
21873,332
21875,246
21876,1069
21877,8
21878,702
21879,468
21880,400
21881,789
21882,322
21883,1297
21886,1341
21887,1313
21888,1327
21889,742
21890,243
21891,659
21892,187
21893,769
21894,1092
21895,1315
21897,972
21899,521
21902,244
21906,479
21908,1467
21910,161
21911,255
21913,865
21915,672
21916,156
21917,1389
21920,332
21921,1208
21922,958
21923,1435
21931,760
21932,584
21933,1087
21937,42
21938,441
21940,378
21942,730
21944,34
21946,1373
21948,459
21949,988
21951,1238
21953,1256
21955,120
21957,347
21958,632
21959,171
21961,1334
21962,403
21966,1171
21967,1223
21971,481
21973,1178
21974,522
21975,999
21976,605
21977,635
21980,1082
21981,731
21983,781
21985,1302
21986,160
21990,560
21992,486
21995,1329
21997,423
21999,48
22001,1004
22002,585
22004,229
22005,476
22006,1133
22012,1373
22013,758
22016,329
22017,1215
22018,1198
22023,164
22026,728
22027,1288
22030,62
22031,285
22034,803
22035,493
22036,1191
22043,1019
22044,1004
22045,378
22046,239
22048,736
22050,454
22051,818
22054,1405
22056,1013
22058,1074
22059,765
22060,658
22062,1003
22063,1300
22066,1278
22069,39
22070,514
22074,248
22075,1036
22077,1406
22080,791
22082,606
22083,943
22084,1044
22085,710
22086,361
22087,1103
22088,325
22089,463
22092,1073
22093,734
22095,1319
22099,1125
22101,1395
22102,866
22103,1489
22105,983
22106,30
22107,408
22108,1185
22111,553
22112,919
22114,362
22119,1281
22120,231
22121,389
22124,1422
22125,702
22126,873
22128,499
22130,714
22131,1103
22132,1087
22137,316
22138,206
22139,506
22140,928
22143,930
22145,1223
22147,386
22148,1433
22150,441
22151,254
22152,491
22153,219
22157,629
22160,744
22162,538
22166,662
22167,2
22169,920
22170,1476
22172,156
22174,653
22179,579
22182,687
22183,724
22186,310
22187,1051
22188,713
22189,90
22190,244
22191,622
22192,1201
22194,1112
22196,558
22198,29
22203,1389
22206,838
22207,832
22208,21
22209,1017
22210,252
22211,1288
22212,109
22215,840
22216,1328
22218,1241
22219,1475
22220,1328
22221,1421
22222,1468
22225,1059
22226,294
22229,1205
22230,956
22236,932
22237,1378
22240,1223
22242,746
22243,1334
22245,116
22246,259
22252,1058
22253,493
22254,827
22257,376
22259,1103
22260,973
22262,794
22263,775
22265,732
22266,1065
22268,505
22270,301
22273,95
22274,1430
22275,261
22276,738
22280,1413
22281,763
22282,1235
22283,1062
22285,71
22286,1167
22289,94
22292,711
22296,1310
22297,118
22299,844
22302,425
22303,18
22305,1245
22306,1229
22307,625
22310,1251
22312,404
22313,925
22316,973
22317,566
22318,127
22320,782
22321,115
22322,268
22323,547
22324,931
22326,21
22329,1165
22330,354
22332,681
22333,1415
22334,474
22336,4
22337,1341
22338,357
22339,343
22341,1011
22342,603
22344,1153
22349,354
22350,1444
22352,1417
22353,417
22355,407
22356,976
22357,1158
22362,600
22364,453
22365,1026
22366,824
22369,673
22370,940
22371,318
22373,1331
22374,65
22376,56
22377,425
22378,1230
22379,1411
22380,1376
22381,25
22385,1308
22386,1239
22388,1315
22390,847
22391,283
22392,1208
22395,1122
22396,1275
22397,1442
22399,707
22401,90
22404,230
22405,232
22408,1263
22409,241
22412,85
22418,227
22419,562
22420,1076
22421,410
22422,167
22423,474
22424,1329
22426,1052
22428,90
22429,40
22430,131
22432,1194
22434,54
22440,67
22441,1356
22445,308
22447,694
22448,761
22450,445
22454,1404
22455,446
22456,924
22457,1274
22458,772
22461,1079
22462,504
22464,1063
22467,35
22469,757
22471,69
22473,1473
22479,229
22483,397
22484,800
22485,320
22487,238
22489,1190
22492,1301
22493,299
22494,14
22498,1073
22499,1166
22500,111
22501,653
22504,1169
22506,945
22508,637
22509,1257
22511,107
22512,1149
22515,273
22516,1075
22518,256
22519,513
22520,390
22521,328
22522,1456
22523,104
22527,164
22531,764
22532,420
22533,29
22534,807
22536,60
22539,1066
22540,1341
22541,788
22543,1488
22544,526
22545,501
22548,1119
22550,540
22551,750
22552,703
22554,799
22558,704
22563,570
22565,400
22569,681
22570,1380
22571,306
22572,1372
22573,622
22574,813
22575,55
22576,213
22578,440
22579,575
22580,1261
22581,849
22582,992
22585,1346
22586,1212
22588,728
22590,1237
22591,1329
22592,573
22593,1212
22595,888
22596,1228
22597,1348
22598,588
22603,243
22604,950
22605,700
22608,1473
22609,1078
22610,491
22611,456
22613,706
22616,418
22617,1440
22618,120
22619,587
22621,1174
22622,127
22623,1078
22626,292
22628,751
22634,743
22636,964
22638,826
22639,466
22641,572
22643,556
22644,10
22645,169
22646,803
22647,1054
22648,503
22649,1479
22651,600
22653,869
22657,262
22658,1324
22662,1308
22663,1448
22664,1456
22665,382
22669,421
22672,1101
22673,971
22677,439
22679,1374
22681,1365
22682,211
22683,290
22687,769
22688,1176
22694,1177
22699,199
22700,1329
22702,202
22703,218
22705,1254
22706,675
22716,636
22717,644
22720,1436
22721,724
22722,402
22723,1045
22725,674
22727,501
22729,1429
22730,857
22731,1094
22734,560
22736,466
22737,356
22738,1486
22739,600
22740,178
22741,478
22743,1435
22746,22
22747,317
22748,554
22751,1487
22752,616
22754,920
22755,677
22759,1436
22760,996
22763,645
22765,1130
22767,955
22768,244
22769,439
22772,239
22775,1052
22777,161
22779,294
22780,1068
22783,31
22784,1310
22785,150
22787,941
22788,803
22791,1042
22793,1358
22795,1440
22797,838
22800,702
22802,639
22803,178
22804,488
22806,419
22808,1405
22809,1061
22810,63
22812,627
22813,71
22814,453
22815,1212
22817,878
22818,310
22819,318
22821,1243
22824,1040
22828,1138
22830,1279
22833,1260
22834,307
22836,712
22837,1266
22838,359
22840,42
22842,1347
22843,150
22844,424
22845,1368
22847,90
22849,946
22850,1089
22854,711
22857,1266
22860,745
22861,176
22863,928
22864,229
22865,213
22867,861
22868,52
22869,1337
22871,1136
22872,1321
22873,516
22874,695
22875,1235
22876,847
22878,325
22880,1468
22883,1119
22884,59
22886,600
22887,1164
22888,144
22890,539
22893,955
22897,315
22898,669
22899,454
22900,799
22901,1288
22902,715
22904,1036
22905,551
22906,1133
22908,1413
22909,280
22911,202
22914,940
22915,687
22916,363
22918,1295
22920,819
22921,1492
22922,304
22925,1497
22926,832
22927,54
22929,504
22931,145
22932,555
22933,1439
22935,335
22937,815
22938,1280
22941,142
22942,1317
22944,431
22946,1453
22948,25
22950,1339
22952,1103
22954,901
22956,1071
22958,387
22959,994
22963,205
22964,891
22965,43
22966,222
22972,403
22973,960
22974,989
22976,996
22978,100
22981,451
22983,483
22985,1421
22986,569
22987,1060
22988,14
22992,16
22996,287
22999,131
23000,886
23001,733
23002,882
23003,590
23004,1295
23005,1210
23007,401
23008,1423
23010,766
23012,820
23016,1392
23018,790
23019,547
23020,826
23021,1104
23023,487
23026,850
23030,957
23031,1394
23033,478
23034,625
23035,467
23037,568
23038,1368
23039,1286
23040,355
23042,1214
23043,1158
23044,1026
23046,498
23050,1227
23054,1019
23055,1102
23057,1460
23058,1076
23059,165
23060,1103
23061,638
23062,1103
23064,79
23065,789
23067,863
23069,1244
23070,1499
23074,61
23075,758
23077,389
23079,1251
23081,1219
23082,955
23083,1462
23084,152
23088,624
23091,139
23092,975
23093,1113
23094,511
23095,930
23096,933
23097,1444
23098,1139
23099,361
23101,622
23104,1217
23105,1309
23106,447
23107,145
23108,301
23110,475
23111,1497
23116,1054
23117,295
23118,1354
23119,869
23120,1197
23121,1127
23124,731
23127,588
23128,1257
23131,849
23132,11
23134,150
23135,561
23136,1430
23138,734
23143,339
23147,1084
23148,924
23149,1069
23150,977
23154,1121
23155,173
23156,606
23157,884
23158,19
23159,673
23160,500
23162,16
23163,871
23164,372
23165,418
23166,1109
23168,248
23169,709
23170,1456
23171,431
23172,1421
23177,948
23179,353
23182,1160
23183,524
23185,880
23186,23
23189,525
23190,1487
23191,116
23192,213
23194,209
23195,615
23196,587
23198,943
23201,485
23203,950
23204,1456
23207,516
23209,144
23210,1287
23216,363
23217,264
23218,3
23219,383
23220,1462
23221,702
23224,1352
23226,1057
23227,563
23228,1367
23229,506
23230,707
23231,1101
23232,1166
23233,359
23237,528
23238,245
23240,952
23241,1385
23242,575
23243,1045
23244,1276
23246,27
23249,443
23251,950
23253,290
23254,689
23255,524
23257,335
23258,875
23263,1384
23265,1049
23266,914
23267,1331
23268,322
23269,66
23271,91
23272,269
23273,813
23275,1219
23276,665
23277,81
23279,1221
23284,908
23286,1198
23287,1030
23288,851
23290,1178
23292,832
23293,1398
23296,1388
23298,103
23302,1164
23303,1115
23305,218
23307,862
23308,1247
23311,19
23312,750
23313,733
23315,1198
23316,38
23317,1449
23320,491
23322,153
23325,553
23327,136
23328,106
23334,456
23335,814
23336,1065
23337,1014
23338,200
23341,478
23342,1097
23346,428
23347,975
23349,1309
23350,1340
23351,1241
23353,1450
23355,538
23357,1070
23359,962
23361,1069
23365,1215
23366,265
23367,912
23370,1266
23371,1100
23375,937
23376,1287
23378,143
23379,826
23382,99
23383,70
23384,1024
23385,336
23386,1234
23387,631
23390,381
23391,1194
23396,344
23397,555
23398,1277
23400,963
23401,1054
23403,349
23406,1106
23407,234
23412,390
23413,600
23414,1474
23419,1293
23420,436
23421,1314
23422,1056
23423,379
23427,227
23428,1131
23431,908
23433,220
23435,221
23436,55
23438,233
23440,325
23441,269
23442,1398
23443,1431
23444,710
23447,1369
23449,21
23450,358
23451,1065
23452,1257
23454,961
23455,27
23456,728
23457,339
23458,1091
23459,221
23460,1328
23461,657
23465,373
23466,530
23467,1397
23470,882
23472,634
23474,1282
23475,1068
23478,24
23479,1192
23480,450
23483,463
23484,189
23487,1174
23488,409
23491,1349
23492,807
23493,324
23496,349
23497,960
23499,89
23503,799
23504,280
23505,158
23506,1413
23507,598
23509,1219
23510,994
23512,822
23514,1143
23516,324
23518,1199
23520,990
23522,436
23523,3
23524,718
23525,756
23526,1383
23527,1118
23529,228
23531,1282
23539,216
23540,348
23541,419
23543,298
23546,1383
23548,806
23553,925
23556,1457
23557,338
23558,953
23560,862
23561,865
23562,1452
23563,1368
23564,1357
23565,568
23566,1022
23568,381
23569,669
23572,207
23576,644
23579,1061
23580,479
23582,1460
23587,321
23588,227
23589,1206
23591,1360
23592,80
23593,432
23595,429
23596,1309
23597,806
23598,822
23599,1442
23602,226
23603,776
23604,828
23605,920
23607,788
23608,467
23609,564
23611,1462
23614,125
23615,1195
23616,1429
23619,522
23620,688
23622,1092
23623,1392
23625,470
23626,574
23629,350
23631,1167
23632,694
23635,275
23636,15
23637,395
23638,1114
23639,610
23640,584
23643,416
23644,1471
23646,397
23647,1152
23648,1366
23651,916
23654,1428
23655,779
23656,588
23657,643
23658,192
23659,1390
23660,1284
23661,813
23663,1300
23666,1277
23667,872
23669,598
23670,19
23671,56
23672,1390
23674,1306
23675,39
23676,1354
23678,92
23686,940
23688,660
23690,603
23691,161
23692,13
23693,444
23694,896
23695,1196
23696,1438
23698,503
23699,220
23701,574
23703,418
23704,258
23705,1303
23708,86
23709,924
23710,78
23711,1366
23715,1113
23716,1485
23717,493
23722,1097
23723,99
23725,29
23726,204
23730,96
23731,482
23732,487
23734,348
23735,1453
23737,480
23739,618
23740,607
23741,1459
23743,887
23745,1094
23748,471
23750,1085
23751,1038
23753,620
23759,615
23760,733
23761,1142
23762,532
23763,429
23764,1489
23765,594
23767,806
23770,673
23773,122
23774,309
23775,1148
23776,491
23777,1373
23778,567
23779,973
23786,608
23788,1277
23789,1311
23790,985
23792,229
23793,835
23794,1070
23795,859
23797,1065
23802,272
23803,269
23805,9
23806,1197
23807,263
23811,418
23812,546
23813,365
23815,511
23816,96
23818,1062
23820,263
23826,1096
23827,1493
23828,711
23829,1005
23831,744
23832,1228
23834,1415
23836,558
23837,814
23838,381
23839,1432
23841,1167
23842,511
23843,1097
23844,809
23846,959
23847,1356
23850,1241
23851,817
23855,1279
23856,748
23857,471
23858,933
23860,1013
23861,350
23863,828
23864,776
23865,1180
23867,266
23868,192
23869,1057
23870,470
23872,767
23873,1465
23874,942
23876,233
23877,876
23880,849
23881,1286
23884,269
23886,979
23887,273
23888,240
23892,399
23893,284
23895,620
23897,1437
23898,116
23901,25
23902,354
23903,1281
23904,1212
23905,1106
23906,1270
23907,139
23908,1049
23917,179
23918,275
23919,1484
23920,109
23921,1269
23924,1271
23926,809
23929,1331
23930,839
23932,1130
23933,139
23935,1330
23939,514
23942,1141
23944,258
23945,507
23946,709
23948,1326
23949,253
23950,104
23951,127
23952,131
23953,397
23954,1270
23955,355
23956,311
23959,1311
23962,841
23967,269
23968,749
23969,715
23971,419
23973,342
23974,913
23975,159
23976,1150
23980,1030
23983,1039
23984,427
23986,15
23988,1268
23990,465
23991,958
23992,1255
23997,119
23998,1246
24000,659
24001,522
24005,391
24009,1114
24010,48
24011,1356
24012,1257
24013,421
24015,737
24017,980
24021,1066
24022,414
24023,1205
24024,900
24025,79
24029,1475
24031,496
24035,387
24037,108
24038,580
24042,1113
24043,105
24044,967
24047,1263
24048,389
24052,1201
24053,1239
24054,870
24058,31
24059,540
24060,1184
24061,190
24063,944
24064,1359
24065,927
24066,1294
24067,44
24068,1402
24069,731
24070,901
24071,442
24072,846
24074,1474
24081,893
24082,1412
24083,1155
24084,118
24085,714
24086,352
24088,1426
24089,451
24092,939
24093,19
24095,1236
24097,16
24099,150
24100,507
24101,568
24102,709
24103,587
24105,949
24106,424
24107,31
24110,871
24111,136
24112,58
24114,135
24115,1084
24116,1434
24117,629
24119,205
24121,921
24123,2
24124,494
24125,1160
24126,911
24128,934
24129,554
24132,179
24134,410
24137,1444
24138,402
24140,195
24147,1421
24149,341
24151,1324
24152,359
24155,120
24156,570
24158,246
24163,1162
24169,689
24171,299
24173,1305
24174,793
24175,819
24176,845
24177,289
24178,87
24179,175
24183,1398
24184,1061
24189,598
24190,864
24195,844
24196,104
24197,629
24199,817
24200,17
24201,529
24203,1326
24204,27
24205,1332
24207,455
24209,238
24210,1434
24211,1497
24213,406
24216,34
24218,1086
24220,823
24224,587
24226,705
24227,1316
24229,1106
24230,675
24232,1249
24233,1047
24234,1233
24235,159
24236,148
24237,42
24239,1398
24240,1269
24242,1300
24245,1423
24248,848
24249,588
24251,829
24252,805
24254,129
24256,995
24257,1424
24259,1184
24260,649
24262,1001
24263,757
24264,441
24266,459
24267,413
24269,469
24270,1026
24271,464
24272,1489
24275,1185
24276,495
24277,1310
24278,1378
24281,270
24283,341
24285,324
24287,1291
24288,1188
24290,1209
24292,528
24294,454
24298,805
24299,1114
24302,915
24303,926
24304,1054
24305,876
24309,774
24310,1413
24311,960
24312,1051
24315,976
24317,825
24318,380
24319,1434
24320,240
24322,6
24323,617
24324,120
24326,1319
24327,876
24331,390
24332,1070
24333,331
24334,1304
24336,745
24337,1219
24340,749
24342,566
24344,210
24346,1006
24347,961
24349,1107
24350,332
24352,1269
24353,101
24356,608
24357,586
24360,245
24361,351
24362,358
24365,889
24368,1127
24369,493
24370,218
24375,1459
24377,1435
24381,1360
24383,962
24385,104
24387,1015
24389,990
24392,10
24393,1148
24396,8
24397,223
24399,298
24401,784
24402,1336
24404,1323
24405,951
24408,1377
24409,146
24410,1216
24412,426
24413,996
24414,1016
24415,1439
24416,220
24419,251
24420,1411
24421,1
24422,1077
24423,610
24425,512
24428,1075
24429,208
24431,908
24434,323
24436,1193
24437,540
24439,1070
24440,615
24442,1205
24443,971
24444,149
24445,1200
24447,918
24450,731
24451,1478
24452,1309
24454,1092
24455,399
24457,1185
24459,1087
24461,723
24462,1333
24465,987
24467,391
24468,523
24470,1189
24471,1233
24472,1132
24475,37
24476,1081
24477,178
24478,1420
24480,35
24482,922
24484,1310
24485,901
24486,1011
24487,629
24492,553
24494,267
24496,1489
24498,754
24499,781
24502,208
24503,87
24507,1407
24508,463
24510,730
24512,1025
24514,1248
24516,875
24517,730
24526,465
24528,1445
24529,1294
24531,633
24532,286
24533,371
24535,1034
24537,160
24538,139
24539,1095
24540,827
24541,198
24542,447
24545,355
24547,360
24549,701
24551,1457
24552,846
24554,300
24555,519
24556,532
24557,857
24558,180
24562,42
24564,478
24571,1090
24573,1141
24574,687
24575,520
24577,541
24580,522
24581,1062
24582,138
24585,270
24586,1046
24590,536
24597,339
24599,753
24600,1064
24605,502
24606,1078
24607,310
24608,1060
24611,729
24612,1406
24614,480
24615,30
24616,941
24617,1224
24618,574
24621,42
24622,516
24623,1199
24626,770
24627,181
24631,1260
24634,1116
24638,907
24641,680
24642,448
24644,840
24645,465
24649,579
24650,492
24653,988
24654,501
24655,985
24657,1295
24659,140
24660,1014
24663,953
24664,1280
24665,657
24666,762
24667,842
24668,714
24669,1368
24672,530
24673,1334
24675,1046
24678,717
24679,1013
24681,1082
24683,799
24685,1030
24691,604
24692,833
24693,389
24694,906
24695,37
24696,1311
24697,468
24698,534
24700,808
24701,782
24702,1277
24704,1020
24705,363
24706,319
24708,1395
24709,401
24714,342
24715,559
24716,253
24717,302
24718,1316
24719,389
24720,590
24723,55
24726,821
24729,348
24730,163
24731,1432
24732,379
24733,191
24734,1233
24735,949
24736,1467
24737,1090
24742,369
24745,331
24746,765
24747,407
24748,1499
24750,814
24752,520
24753,445
24754,565
24755,442
24756,304
24758,1183
24759,358
24761,518
24763,1351
24764,791
24766,564
24767,864
24768,859
24770,948
24772,406
24773,1152
24774,618
24776,1069
24778,922
24782,1444
24786,381
24787,331
24789,1103
24790,874
24793,936
24795,1039
24799,415
24804,592
24805,11
24806,232
24807,1458
24808,163
24809,1312
24810,1485
24813,1235
24814,130
24817,1405
24819,1033
24820,548
24821,1442
24823,524
24824,869
24826,1371
24828,871
24829,143
24830,940
24831,1238
24832,46
24834,203
24836,765
24837,933
24838,550
24839,953
24841,390
24847,52
24848,1180
24849,718
24850,1069
24851,611
24852,846
24856,518
24857,105
24858,357
24860,1077
24861,143
24863,705
24864,657
24866,72
24867,774
24868,1162
24870,1333
24871,398
24872,1183
24874,144
24875,211
24876,427
24877,534
24878,1030
24879,74
24880,502
24881,315
24882,1484
24883,152
24884,591
24885,1258
24886,977
24889,140
24891,1036
24894,1210
24895,568
24896,1234
24897,448
24898,1025
24899,461
24900,1383
24901,393
24902,350
24903,650
24906,942
24907,1397
24911,1254
24913,1293
24914,200
24915,304
24918,378
24919,71
24921,201
24923,975
24924,1108
24926,1048
24929,117
24931,1187
24933,374
24935,372
24936,190
24937,137
24938,760
24939,989
24940,1314
24942,270
24944,1289
24945,217
24946,715
24947,1279
24948,692
24950,1335
24952,441
24954,450
24955,345
24956,362
24957,1016
24958,1077
24959,1430
24961,1449
24963,1187
24967,488
24972,384
24973,29
24975,1491
24978,1076
24981,570
24982,401
24986,870
24987,944
24988,537
24989,1338
24990,859
24991,671
24994,613
24997,800
24998,572
25000,606
25004,183
25005,459
25010,1188
25011,939
25015,492
25016,1035
25018,249
25019,386
25020,1008
25021,1135
25023,894
25027,1144
25028,1007
25032,50
25033,1310
25034,1496
25036,754
25037,1041
25038,530
25040,1060
25042,1260
25043,1317
25044,486
25045,448
25047,148
25048,1282
25049,1406
25050,90
25053,480
25055,60
25057,393
25059,139
25064,1301
25067,179
25068,113
25069,272
25072,1449
25074,1311
25076,1489
25077,1031
25079,1391
25081,1320
25086,607
25089,267
25090,783
25091,625
25093,5
25095,718
25098,393
25099,648
25102,240
25107,506
25111,805
25112,769
25114,1290
25115,1248
25117,707
25118,714
25119,873
25128,473
25131,748
25134,456
25135,1279
25136,873
25138,524
25139,1003
25140,1111
25142,2
25144,1449
25147,117
25148,51
25149,1161
25150,1335
25151,1040
25154,253
25158,378
25159,1336
25163,1477
25164,208
25166,1365
25167,684
25168,207
25169,574
25171,405
25175,357
25176,1001
25178,421
25179,217
25180,911
25182,258
25183,1085
25186,17
25188,1353
25190,222
25191,242
25192,705
25193,1494
25194,361
25195,515
25196,595
25197,1246
25199,405
25200,240
25201,80
25205,1236
25206,381
25208,1060
25210,180
25211,32
25213,454
25214,822
25215,1465
25218,442
25223,586
25226,839
25229,1004
25231,263
25235,849
25236,683
25238,1288
25240,52
25241,1263
25246,960
25248,703
25250,832
25252,1170
25256,357
25258,514
25259,946
25260,863
25263,770
25264,1317
25265,815
25266,797
25274,1326
25275,239
25276,228
25278,850
25279,45
25280,526
25281,861
25284,255
25286,1234
25287,352
25288,500
25291,265
25292,446
25294,1268
25296,105
25298,1104
25299,485
25301,1077
25302,1255
25304,94
25305,1058
25306,84
25308,1324
25309,81
25310,812
25316,255
25321,1163
25322,1482
25326,490
25327,1273
25329,490
25332,302
25337,901
25338,1487
25340,938
25343,1129
25345,535
25347,1467
25348,1162
25349,468
25352,414
25353,856
25354,584
25355,576
25356,568
25357,457
25361,335
25362,1301
25363,932
25364,482
25365,3
25367,151
25369,1453
25370,821
25374,473
25379,295
25381,972
25382,1128
25386,1062
25388,1412
25390,1499
25392,1303
25393,780
25394,986
25398,179
25400,356
25402,614
25404,984
25405,1308
25406,1127
25408,426
25411,1071
25414,772
25415,674
25417,3
25418,1239
25420,913
25421,967
25424,773
25427,1066
25433,443
25434,1061
25437,1365
25438,981
25439,1248
25440,443
25442,42
25444,87
25446,1315
25447,1063
25448,1053
25449,1027
25450,221
25451,1284
25454,162
25455,1008
25456,223
25457,454
25459,396
25462,428
25463,236
25467,1328
25469,754
25470,65
25474,251
25476,372
25477,1229
25479,1428
25480,411
25481,875
25482,229
25483,409
25484,404
25485,346
25486,716
25488,880
25489,575
25491,1090
25494,337
25495,1070
25496,528
25498,400
25502,329
25503,1055
25505,373
25506,324
25507,458
25512,1385
25513,132
25514,748
25516,765
25519,1187
25521,1259
25522,497
25527,631
25528,1004
25529,1071
25531,1353
25532,18
25534,545
25535,582
25536,1488
25537,119
25538,864
25542,692
25544,194
25545,378
25547,798
25548,888
25550,1075
25552,1265
25555,138
25557,1376
25560,434
25563,414
25564,138
25565,530
25567,1449
25568,1191
25570,222
25572,1011
25573,81
25575,557
25578,543
25579,438
25580,678
25581,809
25583,165
25584,247
25586,1475
25588,284
25589,947
25591,1313
25594,1195
25596,1027
25597,354
25598,134
25599,1088
25601,1052
25603,643
25605,986
25609,464
25611,1439
25612,252
25613,74
25614,967
25615,939
25616,764
25617,57
25619,312
25620,1427
25623,363
25624,526
25627,113
25629,1309
25631,420
25632,1455
25634,418
25636,1225
25637,1356
25638,181
25639,397
25640,1496
25641,1130
25642,350
25644,704
25646,694
25647,1076
25648,110
25649,38
25652,472
25654,882
25657,1346
25659,1401
25660,795
25661,1251
25662,1199
25664,196
25665,826
25667,87
25669,458
25671,1486
25672,623
25674,1402
25676,386
25677,68
25679,1224
25680,1229
25682,70
25683,1494
25684,1048
25685,562
25687,340
25688,453
25692,1043
25694,356
25696,1459
25697,159
25698,264
25699,1322
25702,728
25703,728
25704,403
25706,225
25708,1118
25711,1339
25712,622
25713,324
25714,895
25715,179
25717,910
25720,71
25722,431
25723,324
25724,833
25726,1395
25727,1044
25729,101
25732,788
25735,92
25736,1426
25737,20
25738,1348
25739,1187
25740,295
25743,745
25744,1216
25745,103
25748,1442
25749,174
25752,1294
25753,151
25755,1009
25757,708
25758,1345
25759,859
25761,736
25763,1041
25764,191
25765,737
25770,1113
25771,275
25773,382
25774,1459
25775,1398
25777,812
25778,1257
25779,1398
25782,1338
25784,63
25785,489
25788,74
25790,1476
25793,613
25796,1175
25797,33
25798,1282
25799,261
25802,1005
25804,474
25805,1484
25806,1245
25808,76
25810,176
25811,600
25812,462
25813,177
25815,153
25816,189
25817,774
25821,237
25822,758
25824,544
25826,1428
25827,718
25828,1429
25830,1214
25831,1125
25832,1381
25834,1291
25836,971
25837,14
25839,388
25841,791
25843,1024
25844,1328
25846,464
25849,1433
25851,819
25852,1136
25853,686
25854,802
25855,236
25857,343
25858,788
25859,1297
25864,538
25866,195
25868,827
25869,490
25871,1372
25873,973
25875,1073
25876,1224
25877,431
25879,964
25881,1342
25882,649
25885,1128
25886,196
25887,35
25888,1306
25889,517
25890,974
25891,162
25892,641
25894,388
25895,1277
25896,19
25897,1138
25899,784
25900,1039
25902,75
25903,739
25906,695
25907,44
25908,1424
25909,984
25911,19
25912,555
25914,328
25915,1320
25918,4
25919,1031
25921,1222
25923,149
25924,694
25925,1
25930,1282
25931,627
25932,846
25933,1423
25934,300
25937,77
25938,1180
25940,403
25942,335
25945,1078
25946,408
25947,582
25948,829
25949,234
25950,468
25951,1323
25953,678
25954,999
25955,1004
25956,1187
25958,129
25960,968
25962,287
25963,201
25964,103
25967,1387
25971,859
25973,1120
25974,561
25977,1469
25980,1129
25981,194
25983,517
25984,1024
25987,677
25988,363
25989,1277
25991,1190
25992,267
25994,1209
25997,1425
25998,996
26001,392
26003,1357
26004,437
26008,1186
26013,977
26014,97
26016,909
26022,414
26023,406
26024,810
26025,530
26026,987
26029,1405
26030,529
26031,1035
26034,823
26037,1452
26038,701
26041,259
26042,313
26044,1171
26046,376
26048,1208
26050,1282
26051,543
26052,144
26055,624
26056,147
26058,1006
26059,345
26061,186
26062,1304
26063,1106
26065,1364
26067,356
26070,773
26072,1410
26073,1478
26081,1273
26082,913
26083,247
26085,49
26086,349
26088,714
26089,1324
26091,1173
26093,1290
26094,700
26095,748
26096,60
26097,1486
26102,523
26103,592
26105,842
26111,986
26113,408
26114,1431
26115,759
26117,1374
26118,143
26123,877
26124,990
26125,304
26128,352
26129,890
26131,406
26132,331
26133,410
26140,874
26141,145
26142,850
26144,465
26149,956
26150,955
26152,585
26153,571
26157,248
26158,1169
26159,1422
26160,147
26161,1351
26163,159
26164,919
26168,205
26169,436
26171,1353
26172,46
26173,1098
26176,1298
26177,487
26180,1489
26181,1162
26183,1473
26185,586
26186,186
26188,264
26189,422
26190,529
26191,517
26193,888
26195,1095
26196,387
26197,1499
26198,1130
26199,1001
26200,1046
26201,1438
26205,693
26208,622
26210,806
26213,949
26214,1127
26218,952
26219,879
26221,883
26224,1262
26227,1158
26228,1381
26229,275
26230,1061
26232,704
26233,1467
26234,784
26235,720
26236,115
26237,946
26240,418
26241,1254
26243,336
26247,1460
26248,191
26251,40
26252,1276
26253,311
26254,71
26255,577
26261,102
26264,738
26265,157
26266,290
26268,265
26269,1306
26273,1433
26274,554
26275,1178
26276,846
26277,1235
26278,1030
26281,1177
26282,595
26284,242
26286,1236
26288,1217
26290,595
26294,157
26296,1275
26300,1195
26302,1274
26303,1323
26307,593
26308,465
26309,170
26310,120
26312,1424
26314,111
26317,1081
26318,91
26320,518
26321,411
26322,711
26323,1042
26325,747
26326,41
26328,134
26330,58
26332,182
26333,174
26335,334
26336,223
26337,897
26338,404
26339,1305
26340,1220
26342,1274
26343,1188
26344,966
26346,76
26349,758
26350,338
26351,1294
26352,701
26360,1182
26361,519
26362,616
26363,997
26364,605
26365,1264
26366,1170
26367,985
26368,696
26369,41
26370,1241
26371,1231
26373,739
26374,248
26376,61
26378,533
26379,662
26381,638
26384,1295
26385,950
26386,1265
26387,1429
26389,657
26391,597
26392,503
26393,1363
26395,1424
26397,720
26400,1040
26401,1127
26403,1241
26409,96
26410,385
26411,173
26412,164
26415,1366
26417,1420
26422,847
26424,212
26425,75
26426,1024
26427,1226
26429,577
26430,357
26433,1154
26435,303
26436,446
26438,75
26443,88
26444,512
26445,1357
26446,476
26447,222
26448,436
26449,899
26450,868
26451,759
26452,355
26453,1352
26454,114
26455,256
26458,983
26459,1203
26460,105
26461,262
26463,160
26464,313
26465,1196
26467,1013
26475,521
26476,1292
26479,135
26480,318
26481,670
26482,315
26483,1413
26484,621
26485,868
26486,1195
26487,1058
26490,1014
26491,1224
26493,620
26494,1114
26496,845
26497,46
26498,80
26501,360
26504,418
26506,468
26509,1014
26512,1436
26513,644
26514,1258
26515,669
26516,582
26517,820
26518,578
26520,1499
26525,861
26526,1063
26528,413
26529,75
26530,635
26532,731
26533,1282
26535,300
26539,60
26540,790
26542,5
26544,1299
26545,1373
26546,1056
26549,1427
26552,824
26553,261
26557,961
26558,751
26560,1104
26561,1392
26562,1446
26564,757
26568,255
26569,1021
26570,132
26571,1242
26576,1086
26577,913
26578,775
26580,256
26583,862
26584,496
26587,1046
26588,970
26592,595
26593,435
26594,1362
26596,1413
26598,343
26599,470
26600,1049
26601,524
26604,402
26605,429
26608,454
26611,1382
26612,1283
26616,1205
26617,766
26618,108
26620,124
26621,467
26622,340
26626,1260
26628,572
26629,769
26630,1343
26631,1389
26634,1335
26637,1392
26638,876
26639,1027
26640,769
26643,742
26646,730
26647,827
26648,652
26650,1016
26651,395
26652,1295
26654,698
26655,625
26656,252
26657,786
26658,906
26662,1385
26665,807
26666,276
26667,449
26671,594
26672,208
26673,1429
26675,1423
26677,106
26679,1319
26681,1077
26683,852
26684,731
26685,663
26686,743
26687,1263
26690,727
26691,73
26692,911
26694,941
26695,131
26698,739
26699,212
26700,555
26701,1123
26702,813
26704,932
26705,1006
26708,802
26709,975
26710,478
26711,479
26712,987
26713,402
26714,409
26715,1325
26716,1086
26718,1229
26719,464
26721,628
26723,638
26724,1372
26725,1067
26727,472
26730,1111
26731,299
26733,1337
26734,1460
26737,514
26738,129
26739,1422
26740,184
26743,172
26745,688
26746,420
26747,83
26750,748
26751,315
26752,21
26753,532
26755,1275
26757,553
26758,1094
26763,1194
26765,320
26766,93
26767,578
26774,1289
26775,163
26780,387
26783,1426
26785,1295
26786,66
26787,1278
26788,112
26791,344
26797,811
26799,238
26801,472
26803,1358
26804,113
26805,1171
26806,895
26807,594
26808,1264
26809,222
26810,739
26813,684
26815,63
26816,106
26817,1128
26818,694
26822,1484
26823,252
26824,1448
26826,1476
26828,1007
26829,762
26833,815
26835,750
26837,1247
26839,177
26842,1266
26843,114
26844,902
26845,1406
26846,364
26848,772
26850,332
26853,1358
26854,128
26857,68
26858,1144
26859,338
26860,86
26861,810
26862,1405
26863,210
26864,186
26865,1249
26868,1465
26870,1420
26872,1284
26874,221
26875,1440
26876,1406
26877,966
26878,1329
26879,129
26881,214
26886,1364
26887,1230
26888,1146
26891,1333
26892,680
26896,1
26897,226
26898,1165
26900,424
26901,1417
26902,1199
26904,1244
26905,274
26906,240
26907,1106
