src_id,dst_id
1,0
1,1
1,2
1,3
1,4
1,5
1,6
1,7
1,8
2,9
2,10
3,11
3,12
3,13
3,14
3,15
4,16
4,17
4,18
4,19
4,20
4,21
4,22
4,23
4,24
5,25
5,26
5,27
5,28
5,29
7,30
7,31
7,32
7,33
8,34
8,35
9,36
9,37
9,38
9,39
9,40
9,41
9,42
10,43
10,44
10,45
10,46
11,47
11,48
11,49
11,50
11,51
11,52
11,53
11,54
11,55
12,56
12,57
12,58
12,59
13,60
13,61
13,62
13,63
13,64
13,65
14,66
14,67
14,68
14,69
14,70
14,71
14,72
14,73
14,74
15,75
15,76
16,77
16,78
16,79
16,80
16,81
16,82
18,83
18,84
18,85
18,86
18,87
18,88
18,89
19,90
19,91
19,92
19,93
19,94
19,95
19,96
19,97
19,98
20,99
20,100
20,101
20,102
20,103
20,104
20,105
21,106
21,107
21,108
21,109
21,110
21,111
21,112
21,113
22,114
22,115
22,116
22,117
22,118
23,119
23,120
23,121
23,122
23,123
23,124
23,125
23,126
23,127
24,128
24,129
24,130
25,131
25,132
25,133
25,134
25,135
25,136
25,137
25,138
26,139
26,140
26,141
26,142
26,143
26,144
26,145
27,146
27,147
27,148
28,149
28,150
28,151
28,152
28,153
28,154
28,155
29,156
29,157
29,158
30,159
30,160
30,161
30,162
31,163
31,164
31,165
31,166
31,167
31,168
31,169
32,170
32,171
32,172
32,173
32,174
32,175
32,176
33,177
33,178
33,179
33,180
33,181
33,182
33,183
33,184
34,185
34,186
34,187
34,188
34,189
35,190
35,191
35,192
35,193
35,194
35,195
35,196
35,197
35,198
36,199
36,200
36,201
36,202
36,203
36,204
36,205
38,206
38,207
38,208
38,209
38,210
38,211
38,212
39,213
39,214
39,215
40,216
40,217
40,218
40,219
40,220
40,221
40,222
40,223
41,224
41,225
41,226
41,227
41,228
42,229
42,230
42,231
42,232
42,233
42,234
43,235
43,236
43,237
43,238
43,239
43,240
43,241
44,242
44,243
44,244
44,245
44,246
44,247
44,248
44,249
45,250
45,251
45,252
46,253
46,254
46,255
46,256
46,257
47,258
47,259
47,260
47,261
47,262
49,263
49,264
49,265
49,266
49,267
49,268
49,269
49,270
50,271
50,272
50,273
50,274
50,275
50,276
50,277
50,278
51,279
51,280
51,281
51,282
51,283
52,284
52,285
52,286
53,287
53,288
53,289
53,290
53,291
53,292
53,293
53,294
53,295
54,296
54,297
54,298
54,299
54,300
55,301
55,302
55,303
55,304
55,305
55,306
55,307
56,308
56,309
56,310
56,311
56,312
56,313
56,314
56,315
57,316
57,317
57,318
57,319
57,320
58,321
58,322
58,323
58,324
58,325
58,326
59,327
59,328
59,329
59,330
59,331
59,332
59,333
60,334
60,335
60,336
61,337
61,338
61,339
61,340
61,341
61,342
61,343
61,344
61,345
62,346
62,347
62,348
63,349
63,350
63,351
64,352
64,353
65,354
65,355
65,356
65,357
65,358
65,359
65,360
65,361
65,362
66,363
66,364
66,365
66,366
66,367
66,368
66,369
67,370
67,371
67,372
67,373
67,374
67,375
67,376
67,377
69,378
69,379
69,380
70,381
70,382
70,383
70,384
70,385
71,386
71,387
71,388
72,389
72,390
72,391
72,392
72,393
72,394
72,395
72,396
72,397
73,398
73,399
74,400
74,401
74,402
74,403
74,404
74,405
75,406
75,407
75,408
75,409
75,410
75,411
75,412
77,413
77,414
77,415
77,416
78,417
78,418
78,419
78,420
80,421
80,422
80,423
80,424
80,425
80,426
80,427
81,428
81,429
81,430
81,431
81,432
81,433
81,434
81,435
82,436
82,437
82,438
82,439
82,440
82,441
82,442
83,443
83,444
83,445
83,446
83,447
83,448
83,449
84,450
84,451
84,452
84,453
84,454
84,455
84,456
84,457
84,458
85,459
85,460
85,461
85,462
86,463
86,464
86,465
86,466
86,467
86,468
86,469
86,470
86,471
87,472
87,473
87,474
87,475
87,476
87,477
87,478
87,479
88,480
88,481
88,482
88,483
88,484
88,485
88,486
89,487
89,488
90,489
90,490
90,491
90,492
91,493
91,494
91,495
91,496
91,497
91,498
91,499
91,500
91,501
93,502
93,503
93,504
93,505
94,506
94,507
94,508
94,509
94,510
94,511
94,512
94,513
94,514
96,515
96,516
96,517
96,518
97,519
97,520
97,521
97,522
97,523
97,524
97,525
97,526
97,527
98,528
98,529
98,530
98,531
99,532
99,533
99,534
99,535
100,536
100,537
100,538
100,539
100,540
100,541
100,542
100,543
100,544
101,545
101,546
101,547
101,548
101,549
101,550
101,551
102,552
102,553
102,554
102,555
102,556
102,557
102,558
103,559
103,560
103,561
103,562
104,563
104,564
104,565
104,566
105,567
105,568
105,569
105,570
105,571
105,572
105,573
105,574
106,575
106,576
106,577
106,578
106,579
106,580
106,581
107,582
107,583
107,584
107,585
107,586
107,587
107,588
108,589
108,590
108,591
108,592
108,593
108,594
108,595
108,596
108,597
109,598
109,599
109,600
109,601
109,602
111,603
111,604
111,605
112,606
112,607
112,608
112,609
112,610
112,611
112,612
112,613
112,614
113,615
113,616
113,617
113,618
114,619
114,620
114,621
114,622
114,623
115,624
115,625
115,626
116,627
116,628
116,629
116,630
116,631
116,632
116,633
116,634
116,635
117,636
117,637
117,638
117,639
117,640
117,641
117,642
117,643
118,644
118,645
118,646
118,647
118,648
118,649
118,650
118,651
118,652
119,653
119,654
119,655
121,656
121,657
121,658
121,659
121,660
122,661
122,662
122,663
122,664
122,665
122,666
122,667
123,668
123,669
123,670
124,671
124,672
124,673
124,674
124,675
124,676
124,677
124,678
124,679
125,680
125,681
125,682
126,683
126,684
127,685
127,686
127,687
127,688
127,689
127,690
127,691
127,692
129,693
129,694
129,695
129,696
129,697
129,698
129,699
129,700
129,701
130,702
130,703
130,704
130,705
130,706
130,707
130,708
130,709
130,710
131,711
131,712
131,713
131,714
131,715
132,716
132,717
132,718
134,719
134,720
135,721
135,722
135,723
135,724
136,725
136,726
136,727
136,728
136,729
136,730
136,731
136,732
136,733
137,734
137,735
137,736
137,737
137,738
137,739
138,740
138,741
138,742
138,743
138,744
138,745
138,746
139,747
139,748
139,749
139,750
140,751
140,752
140,753
141,754
141,755
141,756
141,757
141,758
141,759
141,760
141,761
142,762
142,763
142,764
142,765
142,766
142,767
143,768
143,769
143,770
143,771
144,772
144,773
145,774
145,775
145,776
145,777
145,778
145,779
145,780
146,781
146,782
146,783
146,784
146,785
147,786
147,787
147,788
147,789
147,790
147,791
147,792
147,793
149,794
149,795
149,796
149,797
149,798
149,799
150,800
150,801
150,802
151,803
151,804
152,805
152,806
152,807
152,808
152,809
152,810
153,811
153,812
153,813
153,814
154,815
154,816
154,817
154,818
154,819
154,820
154,821
154,822
154,823
156,824
156,825
156,826
156,827
156,828
156,829
156,830
156,831
157,832
157,833
158,834
158,835
158,836
158,837
158,838
158,839
158,840
159,841
159,842
159,843
159,844
159,845
160,846
160,847
160,848
160,849
160,850
160,851
160,852
160,853
160,854
161,855
161,856
161,857
162,858
162,859
162,860
164,861
164,862
164,863
164,864
165,865
165,866
165,867
165,868
165,869
165,870
165,871
165,872
165,873
167,874
167,875
167,876
167,877
168,878
168,879
168,880
168,881
168,882
168,883
168,884
168,885
169,886
169,887
169,888
169,889
169,890
169,891
169,892
169,893
170,894
170,895
170,896
170,897
170,898
170,899
171,900
171,901
171,902
171,903
171,904
171,905
171,906
171,907
171,908
172,909
172,910
172,911
172,912
172,913
172,914
172,915
172,916
173,917
173,918
173,919
173,920
173,921
173,922
173,923
174,924
174,925
174,926
174,927
175,928
175,929
175,930
175,931
176,932
176,933
176,934
176,935
177,936
177,937
177,938
177,939
177,940
177,941
177,942
178,943
178,944
178,945
179,946
179,947
179,948
179,949
179,950
180,951
180,952
180,953
180,954
182,955
182,956
182,957
182,958
182,959
182,960
182,961
183,962
183,963
183,964
183,965
183,966
183,967
183,968
184,969
184,970
184,971
184,972
184,973
184,974
185,975
185,976
185,977
185,978
185,979
185,980
185,981
185,982
185,983
186,984
186,985
186,986
186,987
186,988
186,989
186,990
187,991
187,992
187,993
188,994
188,995
188,996
188,997
188,998
188,999
188,1000
188,1001
189,1002
189,1003
189,1004
189,1005
189,1006
190,1007
190,1008
190,1009
190,1010
190,1011
190,1012
190,1013
190,1014
190,1015
191,1016
191,1017
191,1018
191,1019
192,1020
192,1021
192,1022
192,1023
193,1024
193,1025
193,1026
195,1027
195,1028
195,1029
196,1030
196,1031
197,1032
197,1033
198,1034
198,1035
198,1036
198,1037
198,1038
198,1039
198,1040
199,1041
199,1042
199,1043
199,1044
199,1045
199,1046
199,1047
199,1048
200,1049
200,1050
201,1051
201,1052
201,1053
201,1054
201,1055
201,1056
201,1057
201,1058
202,1059
202,1060
202,1061
202,1062
202,1063
202,1064
202,1065
202,1066
204,1067
204,1068
204,1069
204,1070
204,1071
204,1072
204,1073
204,1074
205,1075
205,1076
205,1077
205,1078
205,1079
205,1080
205,1081
205,1082
206,1083
206,1084
206,1085
206,1086
207,1087
207,1088
208,1089
208,1090
208,1091
208,1092
208,1093
208,1094
209,1095
209,1096
209,1097
209,1098
209,1099
209,1100
209,1101
209,1102
209,1103
210,1104
210,1105
210,1106
210,1107
210,1108
210,1109
210,1110
211,1111
211,1112
211,1113
211,1114
212,1115
212,1116
212,1117
212,1118
213,1119
213,1120
213,1121
213,1122
213,1123
213,1124
213,1125
213,1126
213,1127
214,1128
214,1129
214,1130
214,1131
214,1132
214,1133
216,1134
216,1135
216,1136
216,1137
217,1138
217,1139
217,1140
217,1141
217,1142
217,1143
217,1144
217,1145
217,1146
218,1147
218,1148
218,1149
218,1150
218,1151
219,1152
219,1153
219,1154
220,1155
220,1156
220,1157
220,1158
220,1159
220,1160
220,1161
221,1162
221,1163
221,1164
221,1165
221,1166
221,1167
221,1168
221,1169
222,1170
222,1171
222,1172
222,1173
222,1174
222,1175
222,1176
222,1177
222,1178
223,1179
223,1180
223,1181
223,1182
224,1183
224,1184
224,1185
224,1186
224,1187
226,1188
226,1189
227,1190
227,1191
227,1192
227,1193
227,1194
227,1195
227,1196
227,1197
228,1198
228,1199
228,1200
228,1201
228,1202
229,1203
229,1204
229,1205
229,1206
229,1207
230,1208
230,1209
230,1210
230,1211
230,1212
230,1213
230,1214
231,1215
231,1216
231,1217
231,1218
233,1219
233,1220
233,1221
233,1222
233,1223
234,1224
234,1225
234,1226
234,1227
234,1228
234,1229
234,1230
234,1231
235,1232
235,1233
235,1234
235,1235
235,1236
235,1237
235,1238
235,1239
236,1240
236,1241
236,1242
236,1243
236,1244
236,1245
237,1246
237,1247
237,1248
237,1249
238,1250
238,1251
238,1252
238,1253
239,1254
239,1255
239,1256
239,1257
239,1258
239,1259
239,1260
239,1261
239,1262
240,1263
240,1264
240,1265
240,1266
240,1267
240,1268
240,1269
240,1270
241,1271
241,1272
241,1273
241,1274
241,1275
241,1276
242,1277
242,1278
242,1279
242,1280
242,1281
242,1282
242,1283
242,1284
243,1285
243,1286
243,1287
243,1288
243,1289
243,1290
244,1291
244,1292
244,1293
244,1294
244,1295
244,1296
244,1297
245,1298
245,1299
245,1300
245,1301
245,1302
246,1303
246,1304
246,1305
246,1306
246,1307
246,1308
246,1309
246,1310
246,1311
247,1312
247,1313
248,1314
248,1315
248,1316
248,1317
248,1318
249,1319
249,1320
249,1321
249,1322
249,1323
249,1324
249,1325
251,1326
251,1327
251,1328
251,1329
251,1330
252,1331
252,1332
253,1333
253,1334
253,1335
253,1336
253,1337
255,1338
255,1339
255,1340
255,1341
255,1342
255,1343
255,1344
255,1345
256,1346
256,1347
257,1348
257,1349
257,1350
257,1351
257,1352
257,1353
258,1354
258,1355
258,1356
258,1357
259,1358
259,1359
259,1360
259,1361
259,1362
260,1363
260,1364
260,1365
260,1366
260,1367
261,1368
261,1369
261,1370
261,1371
262,1372
262,1373
263,1374
263,1375
263,1376
263,1377
263,1378
263,1379
264,1380
264,1381
264,1382
264,1383
264,1384
264,1385
264,1386
265,1387
265,1388
266,1389
266,1390
266,1391
266,1392
266,1393
266,1394
267,1395
267,1396
267,1397
267,1398
267,1399
267,1400
267,1401
267,1402
268,1403
268,1404
268,1405
268,1406
270,1407
270,1408
270,1409
270,1410
270,1411
270,1412
270,1413
270,1414
270,1415
271,1416
271,1417
271,1418
271,1419
271,1420
271,1421
271,1422
271,1423
272,1424
272,1425
272,1426
272,1427
272,1428
272,1429
273,1430
273,1431
273,1432
273,1433
273,1434
274,1435
274,1436
275,1437
275,1438
275,1439
277,1440
277,1441
277,1442
277,1443
277,1444
277,1445
278,1446
278,1447
278,1448
278,1449
278,1450
278,1451
278,1452
279,1453
279,1454
279,1455
279,1456
279,1457
279,1458
279,1459
279,1460
279,1461
280,1462
280,1463
280,1464
280,1465
280,1466
280,1467
281,1468
281,1469
281,1470
281,1471
281,1472
281,1473
281,1474
283,1475
283,1476
283,1477
283,1478
283,1479
283,1480
284,1481
284,1482
285,1483
285,1484
285,1485
285,1486
285,1487
285,1488
285,1489
285,1490
285,1491
286,1492
286,1493
286,1494
286,1495
287,1496
287,1497
287,1498
287,1499
287,1500
287,1501
287,1502
287,1503
287,1504
288,1505
288,1506
288,1507
288,1508
288,1509
288,1510
289,1511
289,1512
289,1513
290,1514
290,1515
290,1516
290,1517
290,1518
290,1519
290,1520
291,1521
291,1522
291,1523
291,1524
291,1525
292,1526
292,1527
292,1528
292,1529
292,1530
292,1531
292,1532
292,1533
292,1534
293,1535
293,1536
293,1537
293,1538
293,1539
293,1540
294,1541
294,1542
294,1543
295,1544
295,1545
295,1546
295,1547
295,1548
295,1549
296,1550
296,1551
296,1552
296,1553
297,1554
297,1555
297,1556
297,1557
297,1558
297,1559
298,1560
298,1561
298,1562
298,1563
298,1564
299,1565
299,1566
299,1567
299,1568
299,1569
299,1570
299,1571
299,1572
299,1573
300,1574
300,1575
300,1576
300,1577
300,1578
300,1579
301,1580
301,1581
301,1582
301,1583
301,1584
301,1585
301,1586
301,1587
301,1588
303,1589
303,1590
303,1591
304,1592
304,1593
304,1594
304,1595
304,1596
304,1597
305,1598
305,1599
305,1600
305,1601
306,1602
306,1603
306,1604
307,1605
307,1606
307,1607
307,1608
307,1609
308,1610
308,1611
308,1612
308,1613
309,1614
309,1615
309,1616
309,1617
310,1618
310,1619
311,1620
311,1621
311,1622
311,1623
312,1624
312,1625
312,1626
312,1627
312,1628
313,1629
313,1630
313,1631
313,1632
313,1633
313,1634
313,1635
314,1636
314,1637
314,1638
314,1639
315,1640
315,1641
315,1642
315,1643
315,1644
315,1645
316,1646
316,1647
316,1648
317,1649
317,1650
317,1651
317,1652
317,1653
317,1654
317,1655
329,1656
329,1657
329,1658
330,1659
330,1660
330,1661
331,1662
331,1663
331,1664
332,1665
332,1666
332,1667
333,1668
333,1669
333,1670
334,1671
334,1672
334,1673
335,1674
335,1675
335,1676
336,1677
336,1678
336,1679
337,1680
337,1681
337,1682
345,1683
345,1684
345,1685
346,1686
346,1687
346,1688
347,1689
347,1690
347,1691
348,1692
348,1693
348,1694
349,1695
349,1696
349,1697
355,1698
356,1699
357,1700
358,1701
359,1702
360,1703
361,1704
362,1705
363,1706
378,1707
378,1708
379,1709
379,1710
380,1711
380,1712
381,1713
381,1714
382,1715
382,1716
383,1717
383,1718
384,1719
384,1720
392,1721
392,1722
393,1723
393,1724
394,1725
394,1726
395,1727
395,1728
396,1729
396,1730
397,1731
397,1732
398,1733
398,1734
399,1735
399,1736
400,1737
400,1738
420,1739
420,1740
420,1741
421,1742
421,1743
421,1744
422,1745
422,1746
422,1747
423,1748
423,1749
423,1750
445,1751
445,1752
445,1753
446,1754
446,1755
446,1756
447,1757
447,1758
447,1759
462,1760
463,1761
464,1762
465,1763
466,1764
467,1765
468,1766
480,1767
480,1768
480,1769
481,1770
481,1771
481,1772
482,1773
482,1774
482,1775
483,1776
483,1777
483,1778
503,1779
504,1780
505,1781
506,1782
507,1783
508,1784
509,1785
510,1786
511,1787
512,1788
536,1789
536,1790
536,1791
537,1792
537,1793
537,1794
538,1795
538,1796
538,1797
539,1798
539,1799
539,1800
557,1801
557,1802
558,1803
558,1804
559,1805
559,1806
560,1807
560,1808
561,1809
561,1810
562,1811
562,1812
563,1813
563,1814
564,1815
564,1816
565,1817
565,1818
566,1819
566,1820
579,1821
579,1822
580,1823
580,1824
581,1825
581,1826
582,1827
582,1828
603,1829
603,1830
603,1831
604,1832
604,1833
604,1834
605,1835
605,1836
605,1837
606,1838
606,1839
606,1840
607,1841
607,1842
607,1843
608,1844
608,1845
608,1846
609,1847
609,1848
609,1849
629,1850
629,1851
630,1852
630,1853
631,1854
631,1855
643,1856
644,1857
645,1858
646,1859
647,1860
661,1861
661,1862
662,1863
662,1864
663,1865
663,1866
664,1867
664,1868
665,1869
665,1870
666,1871
666,1872
667,1873
667,1874
668,1875
668,1876
669,1877
669,1878
677,1879
677,1880
678,1881
678,1882
679,1883
679,1884
680,1885
680,1886
681,1887
681,1888
682,1889
682,1890
683,1891
683,1892
706,1893
706,1894
707,1895
707,1896
708,1897
708,1898
728,1899
728,1900
728,1901
729,1902
729,1903
729,1904
730,1905
730,1906
730,1907
731,1908
731,1909
731,1910
732,1911
732,1912
732,1913
733,1914
733,1915
733,1916
734,1917
734,1918
734,1919
735,1920
735,1921
735,1922
736,1923
736,1924
736,1925
737,1926
737,1927
737,1928
738,1929
738,1930
738,1931
749,1932
749,1933
749,1934
750,1935
750,1936
750,1937
751,1938
751,1939
751,1940
752,1941
752,1942
752,1943
753,1944
753,1945
753,1946
754,1947
754,1948
754,1949
755,1950
755,1951
755,1952
767,1953
768,1954
769,1955
770,1956
771,1957
772,1958
773,1959
779,1960
779,1961
779,1962
780,1963
780,1964
780,1965
781,1966
781,1967
781,1968
782,1969
782,1970
782,1971
802,1972
803,1973
804,1974
805,1975
806,1976
807,1977
808,1978
817,1979
817,1980
818,1981
818,1982
819,1983
819,1984
820,1985
820,1986
821,1987
821,1988
822,1989
822,1990
823,1991
823,1992
824,1993
825,1994
826,1995
827,1996
828,1997
829,1998
830,1999
831,2000
832,2001
833,2002
834,2003
835,2004
836,2005
837,2006
838,2007
839,2008
840,2009
841,2010
842,2011
843,2012
844,2013
845,2014
846,2015
847,2016
848,2017
849,2018
850,2019
851,2020
852,2021
853,2022
854,2023
855,2024
856,2025
857,2026
858,2027
859,2028
860,2029
861,2030
862,2031
863,2032
864,2033
865,2034
866,2035
867,2036
868,2037
869,2038
870,2039
871,2040
872,2041
873,2042
874,2043
875,2044
876,2045
877,2046
878,2047
879,2048
880,2049
881,2050
882,2051
883,2052
884,2053
885,2054
886,2055
887,2056
888,2057
889,2058
890,2059
891,2060
892,2061
893,2062
894,2063
895,2064
896,2065
897,2066
898,2067
899,2068
900,2069
901,2070
902,2071
903,2072
904,2073
905,2074
906,2075
907,2076
908,2077
909,2078
910,2079
911,2080
912,2081
913,2082
914,2083
915,2084
916,2085
917,2086
918,2087
919,2088
920,2089
921,2090
922,2091
923,2092
924,2093
925,2094
926,2095
927,2096
928,2097
929,2098
930,2099
931,2100
932,2101
933,2102
934,2103
935,2104
936,2105
937,2106
938,2107
939,2108
940,2109
941,2110
942,2111
943,2112
944,2113
945,2114
946,2115
947,2116
948,2117
949,2118
950,2119
951,2120
952,2121
953,2122
954,2123
955,2124
956,2125
957,2126
958,2127
959,2128
960,2129
961,2130
962,2131
963,2132
964,2133
965,2134
966,2135
967,2136
968,2137
969,2138
970,2139
971,2140
972,2141
973,2142
974,2143
975,2144
976,2145
977,2146
978,2147
979,2148
980,2149
981,2150
982,2151
983,2152
984,2153
985,2154
986,2155
987,2156
988,2157
989,2158
990,2159
991,2160
992,2161
993,2162
994,2163
995,2164
996,2165
997,2166
998,2167
999,2168
1000,2169
1001,2170
1002,2171
1003,2172
1004,2173
1005,2174
1006,2175
1007,2176
1008,2177
1009,2178
1010,2179
1011,2180
1012,2181
1013,2182
1014,2183
1015,2184
1016,2185
1017,2186
1018,2187
1019,2188
1020,2189
1021,2190
1022,2191
1023,2192
1024,2193
1025,2194
1026,2195
1027,2196
1028,2197
1029,2198
1030,2199
1031,2200
1032,2201
1033,2202
1034,2203
1035,2204
1036,2205
1037,2206
1038,2207
1039,2208
1040,2209
1041,2210
1042,2211
1043,2212
1044,2213
1045,2214
1046,2215
1047,2216
1048,2217
1049,2218
1050,2219
1051,2220
1052,2221
1053,2222
1054,2223
1055,2224
1056,2225
1057,2226
1058,2227
1059,2228
1060,2229
1061,2230
1062,2231
1063,2232
1064,2233
1065,2234
1066,2235
1067,2236
1068,2237
1069,2238
1070,2239
1071,2240
1072,2241
1073,2242
1074,2243
1075,2244
1076,2245
1077,2246
1078,2247
1079,2248
1080,2249
1081,2250
1082,2251
1083,2252
1084,2253
1085,2254
1086,2255
1087,2256
1088,2257
1089,2258
1090,2259
1091,2260
1092,2261
1093,2262
1094,2263
1095,2264
1096,2265
1097,2266
1098,2267
1099,2268
1100,2269
1101,2270
1102,2271
1103,2272
1104,2273
1105,2274
1106,2275
1107,2276
1108,2277
1109,2278
1110,2279
1111,2280
1112,2281
1113,2282
1114,2283
1115,2284
1116,2285
1117,2286
1118,2287
1119,2288
1120,2289
1121,2290
1122,2291
1123,2292
1124,2293
1125,2294
1126,2295
1127,2296
1128,2297
1129,2298
1130,2299
1131,2300
1132,2301
1133,2302
1134,2303
1135,2304
1136,2305
1137,2306
1138,2307
1139,2308
1140,2309
1141,2310
1142,2311
1143,2312
1144,2313
1145,2314
1146,2315
1147,2316
1148,2317
1149,2318
1150,2319
1151,2320
1152,2321
1153,2322
1154,2323
1155,2324
1156,2325
1157,2326
1158,2327
1159,2328
1160,2329
1161,2330
1162,2331
1163,2332
1164,2333
1165,2334
1166,2335
1167,2336
1168,2337
1169,2338
1170,2339
1171,2340
1172,2341
1173,2342
1174,2343
1175,2344
1176,2345
1177,2346
1178,2347
1179,2348
1180,2349
1181,2350
1182,2351
1183,2352
1184,2353
1185,2354
1186,2355
1187,2356
1188,2357
1189,2358
1190,2359
1191,2360
1192,2361
1193,2362
1194,2363
1195,2364
1196,2365
1197,2366
1198,2367
1199,2368
1200,2369
1201,2370
1202,2371
1203,2372
1204,2373
1205,2374
1206,2375
1207,2376
1208,2377
1209,2378
1210,2379
1211,2380
1212,2381
1213,2382
1214,2383
1215,2384
1216,2385
1217,2386
1218,2387
1219,2388
1220,2389
1221,2390
1222,2391
1223,2392
1224,2393
1225,2394
1226,2395
1227,2396
1228,2397
1229,2398
1230,2399
1231,2400
1232,2401
1233,2402
1234,2403
1235,2404
1236,2405
1237,2406
1238,2407
1239,2408
1240,2409
1241,2410
1242,2411
1243,2412
1244,2413
1245,2414
1246,2415
1247,2416
1248,2417
1249,2418
1250,2419
1251,2420
1252,2421
1253,2422
1254,2423
1255,2424
1256,2425
1257,2426
1258,2427
1259,2428
1260,2429
1261,2430
1262,2431
1263,2432
1264,2433
1265,2434
1266,2435
1267,2436
1268,2437
1269,2438
1270,2439
1271,2440
1272,2441
1273,2442
1274,2443
1275,2444
1276,2445
1277,2446
1278,2447
1279,2448
1280,2449
1281,2450
1282,2451
1283,2452
1284,2453
1285,2454
1286,2455
1287,2456
1288,2457
1289,2458
1290,2459
1291,2460
1292,2461
1293,2462
1294,2463
1295,2464
1295,2465
1295,2466
1295,2467
1296,2468
1296,2469
1296,2470
1296,2471
1296,2472
1296,2473
1296,2474
1296,2475
1297,2476
1298,2477
1298,2478
1298,2479
1299,2480
1299,2481
1300,2482
1300,2483
1301,2484
1301,2485
1302,2486
1302,2487
1302,2488
1303,2489
1303,2490
1304,2491
1304,2492
1304,2493
1305,2494
1305,2495
1305,2496
1306,2497
1306,2498
1306,2499
1307,2500
1308,2501
1308,2502
1309,2503
1310,2504
1310,2505
1311,2506
1311,2507
1311,2508
1312,2509
1312,2510
1312,2511
1312,2512
1313,2513
1313,2514
1313,2515
1314,2516
1314,2517
1315,2518
1315,2519
1315,2520
1316,2521
1316,2522
1316,2523
1316,2524
1316,2525
1316,2526
1316,2527
1317,2528
1318,2529
1318,2530
1318,2531
1318,2532
1319,2533
1319,2534
1319,2535
1319,2536
1319,2537
1319,2538
1319,2539
1319,2540
1319,2541
1319,2542
1320,2543
1321,2544
1321,2545
1321,2546
1321,2547
1321,2548
1321,2549
1322,2550
1322,2551
1322,2552
1323,2553
1324,2554
1325,2555
1325,2556
1326,2557
1327,2558
1327,2559
1327,2560
1327,2561
1328,2562
1328,2563
1328,2564
1328,2565
1329,2566
1330,2567
1330,2568
1331,2569
1331,2570
1331,2571
1332,2572
1332,2573
1332,2574
1333,2575
1334,2576
1335,2577
1336,2578
1336,2579
1337,2580
1337,2581
1338,2582
1338,2583
1338,2584
1339,2585
1339,2586
1340,2587
1341,2588
1342,2589
1343,2590
1344,2591
1344,2592
1344,2593
1344,2594
1345,2595
1345,2596
1345,2597
1345,2598
1346,2599
1346,2600
1346,2601
1346,2602
1346,2603
1346,2604
1347,2605
1347,2606
1347,2607
1348,2608
1349,2609
1349,2610
1350,2611
1350,2612
1350,2613
1351,2614
1352,2615
1352,2616
1352,2617
1352,2618
1353,2619
1353,2620
1354,2621
1355,2622
1356,2623
1357,2624
1357,2625
1357,2626
1358,2627
1358,2628
1358,2629
1358,2630
1358,2631
1359,2632
1359,2633
1360,2634
1361,2635
1361,2636
1361,2637
1362,2638
1362,2639
1363,2640
1364,2641
1364,2642
1364,2643
1364,2644
1364,2645
1364,2646
1364,2647
1365,2648
1365,2649
1366,2650
1366,2651
1367,2652
1368,2653
1368,2654
1368,2655
1369,2656
1370,2657
1370,2658
1371,2659
1371,2660
1371,2661
1371,2662
1372,2663
1372,2664
1373,2665
1373,2666
1374,2667
1374,2668
1375,2669
1376,2670
1377,2671
1377,2672
1377,2673
1377,2674
1378,2675
1379,2676
1379,2677
1379,2678
1380,2679
1380,2680
1381,2681
1381,2682
1381,2683
1381,2684
1382,2685
1382,2686
1382,2687
1383,2688
1383,2689
1383,2690
1384,2691
1385,2692
1386,2693
1387,2694
1388,2695
1388,2696
1388,2697
1388,2698
1389,2699
1389,2700
1389,2701
1389,2702
1390,2703
1390,2704
1390,2705
1390,2706
1391,2707
1391,2708
1391,2709
1391,2710
1391,2711
1391,2712
1391,2713
1391,2714
1391,2715
1391,2716
1391,2717
1392,2718
1392,2719
1392,2720
1392,2721
1393,2722
1394,2723
1394,2724
1394,2725
1395,2726
1395,2727
1396,2728
1396,2729
1396,2730
1396,2731
1396,2732
1397,2733
1398,2734
1398,2735
1398,2736
1398,2737
1399,2738
1400,2739
1401,2740
1401,2741
1401,2742
1401,2743
1401,2744
1402,2745
1402,2746
1403,2747
1403,2748
1403,2749
1403,2750
1403,2751
1403,2752
1404,2753
1405,2754
1405,2755
1405,2756
1405,2757
1405,2758
1405,2759
1405,2760
1405,2761
1406,2762
1406,2763
1407,2764
1408,2765
1408,2766
1408,2767
1408,2768
1408,2769
1409,2770
1409,2771
1409,2772
1410,2773
1410,2774
1411,2775
1412,2776
1412,2777
1412,2778
1412,2779
1412,2780
1412,2781
1413,2782
1413,2783
1414,2784
1415,2785
1415,2786
1415,2787
1415,2788
1416,2789
1417,2790
1418,2791
1419,2792
1419,2793
1419,2794
1420,2795
1420,2796
1420,2797
1420,2798
1421,2799
1422,2800
1422,2801
1423,2802
1424,2803
1424,2804
1424,2805
1424,2806
1424,2807
1424,2808
1424,2809
1425,2810
1425,2811
1425,2812
1425,2813
1426,2814
1426,2815
1426,2816
1427,2817
1428,2818
1428,2819
1428,2820
1428,2821
1428,2822
1428,2823
1429,2824
1429,2825
1430,2826
1430,2827
1430,2828
1430,2829
1430,2830
1430,2831
1431,2832
1431,2833
1431,2834
1431,2835
1432,2836
1433,2837
1433,2838
1433,2839
1434,2840
1434,2841
1434,2842
1435,2843
1435,2844
1435,2845
1435,2846
1435,2847
1436,2848
1437,2849
1438,2850
1439,2851
1440,2852
1441,2853
1441,2854
1441,2855
1442,2856
1443,2857
1444,2858
1444,2859
1444,2860
1444,2861
1445,2862
1445,2863
1445,2864
1446,2865
1447,2866
1447,2867
1447,2868
1448,2869
1448,2870
1448,2871
1448,2872
1448,2873
1448,2874
1448,2875
1449,2876
1449,2877
1449,2878
1449,2879
1449,2880
1449,2881
1450,2882
1451,2883
1451,2884
1452,2885
1452,2886
1452,2887
1452,2888
1452,2889
1453,2890
1453,2891
1454,2892
1454,2893
1455,2894
1455,2895
1455,2896
1455,2897
1455,2898
1456,2899
1456,2900
1456,2901
1457,2902
1458,2903
1458,2904
1459,2905
1459,2906
1459,2907
1460,2908
1461,2909
1461,2910
1462,2911
1462,2912
1463,2913
1463,2914
1463,2915
1463,2916
1464,2917
1464,2918
1464,2919
1464,2920
1465,2921
1465,2922
1465,2923
1465,2924
1465,2925
1466,2926
1466,2927
1466,2928
1466,2929
1466,2930
1467,2931
1468,2932
1469,2933
1469,2934
1469,2935
1470,2936
1470,2937
1471,2938
1471,2939
1471,2940
1471,2941
1471,2942
1471,2943
1471,2944
1471,2945
1472,2946
1472,2947
1473,2948
1473,2949
1474,2950
1474,2951
1475,2952
1476,2953
1476,2954
1477,2955
1477,2956
1477,2957
1477,2958
1477,2959
1477,2960
1477,2961
1478,2962
1479,2963
1479,2964
1479,2965
1479,2966
1480,2967
1481,2968
1482,2969
1482,2970
1483,2971
1483,2972
1484,2973
1485,2974
1486,2975
1486,2976
1487,2977
1487,2978
1487,2979
1488,2980
1488,2981
1488,2982
1488,2983
1489,2984
1489,2985
1489,2986
1489,2987
1489,2988
1489,2989
1489,2990
1489,2991
1490,2992
1491,2993
1491,2994
1491,2995
1491,2996
1492,2997
1493,2998
1493,2999
1494,3000
1494,3001
1495,3002
1495,3003
1495,3004
1495,3005
1495,3006
1495,3007
1495,3008
1496,3009
1496,3010
1496,3011
1496,3012
1497,3013
1497,3014
1498,3015
1498,3016
1499,3017
1499,3018
1499,3019
1499,3020
1499,3021
1499,3022
1500,3023
1500,3024
1500,3025
1500,3026
1500,3027
1500,3028
1500,3029
1500,3030
1500,3031
1501,3032
1501,3033
1501,3034
1502,3035
1503,3036
1503,3037
1503,3038
1503,3039
1504,3040
1504,3041
1504,3042
1504,3043
1504,3044
1505,3045
1505,3046
1505,3047
1506,3048
1506,3049
1506,3050
1507,3051
1507,3052
1507,3053
1507,3054
1508,3055
1508,3056
1508,3057
1508,3058
1508,3059
1508,3060
1508,3061
1509,3062
1509,3063
1509,3064
1510,3065
1511,3066
1511,3067
1511,3068
1511,3069
1511,3070
1511,3071
1512,3072
1512,3073
1513,3074
1513,3075
1514,3076
1514,3077
1514,3078
1515,3079
1516,3080
1516,3081
1517,3082
1517,3083
1518,3084
1518,3085
1518,3086
1518,3087
1518,3088
1518,3089
1518,3090
1518,3091
1518,3092
1519,3093
1519,3094
1519,3095
1520,3096
1520,3097
1521,3098
1522,3099
1523,3100
1523,3101
1523,3102
1524,3103
1524,3104
1524,3105
1525,3106
1526,3107
1526,3108
1526,3109
1526,3110
1526,3111
1527,3112
1527,3113
1527,3114
1528,3115
1528,3116
1528,3117
1529,3118
1529,3119
1529,3120
1530,3121
1531,3122
1532,3123
1533,3124
1533,3125
1533,3126
1533,3127
1533,3128
1533,3129
1534,3130
1535,3131
1535,3132
1536,3133
1537,3134
1538,3135
1538,3136
1539,3137
1539,3138
1539,3139
1539,3140
1539,3141
1539,3142
1539,3143
1540,3144
1541,3145
1542,3146
1542,3147
1543,3148
1544,3149
1544,3150
1545,3151
1545,3152
1546,3153
1547,3154
1548,3155
1548,3156
1549,3157
1549,3158
1549,3159
1549,3160
1549,3161
1549,3162
1549,3163
1549,3164
1549,3165
1549,3166
1550,3167
1550,3168
1550,3169
1550,3170
1551,3171
1551,3172
1551,3173
1551,3174
1552,3175
1553,3176
1553,3177
1553,3178
1553,3179
1553,3180
1554,3181
1555,3182
1555,3183
1555,3184
1556,3185
1556,3186
1556,3187
1557,3188
1557,3189
1557,3190
1557,3191
1557,3192
1557,3193
1558,3194
1558,3195
1558,3196
1558,3197
1558,3198
1558,3199
1559,3200
1560,3201
1560,3202
1561,3203
1561,3204
1561,3205
1562,3206
1563,3207
1563,3208
1563,3209
1564,3210
1565,3211
1565,3212
1565,3213
1566,3214
1566,3215
1566,3216
1566,3217
1566,3218
1566,3219
1567,3220
1568,3221
1568,3222
1569,3223
1569,3224
1570,3225
1570,3226
1570,3227
1570,3228
1570,3229
1570,3230
1570,3231
1571,3232
1572,3233
1573,3234
1573,3235
1573,3236
1573,3237
1573,3238
1573,3239
1574,3240
1574,3241
1574,3242
1574,3243
1575,3244
1575,3245
1576,3246
1576,3247
1576,3248
1576,3249
1577,3250
1577,3251
1577,3252
1577,3253
1578,3254
1578,3255
1578,3256
1578,3257
1579,3258
1579,3259
1580,3260
1581,3261
1582,3262
1582,3263
1582,3264
1582,3265
1583,3266
1584,3267
1584,3268
1584,3269
1584,3270
1585,3271
1585,3272
1585,3273
1586,3274
1586,3275
1586,3276
1587,3277
1587,3278
1587,3279
1587,3280
1587,3281
1587,3282
1588,3283
1588,3284
1589,3285
1590,3286
1590,3287
1590,3288
1590,3289
1590,3290
1591,3291
1592,3292
1592,3293
1592,3294
1592,3295
1593,3296
1594,3297
1595,3298
1595,3299
1595,3300
1596,3301
1597,3302
1598,3303
1598,3304
1598,3305
1598,3306
1598,3307
1598,3308
1598,3309
1598,3310
1598,3311
1599,3312
1599,3313
1599,3314
1599,3315
1599,3316
1599,3317
1599,3318
1599,3319
1599,3320
1599,3321
1599,3322
1600,3323
1600,3324
1600,3325
1601,3326
1601,3327
1601,3328
1601,3329
1602,3330
1602,3331
1602,3332
1603,3333
1604,3334
1604,3335
1604,3336
1604,3337
1604,3338
1605,3339
1606,3340
1606,3341
1606,3342
1607,3343
1607,3344
1607,3345
1607,3346
1607,3347
1608,3348
1608,3349
1608,3350
1609,3351
1609,3352
1610,3353
1610,3354
1611,3355
1611,3356
1611,3357
1611,3358
1611,3359
1611,3360
1611,3361
1611,3362
1612,3363
1613,3364
1614,3365
1615,3366
1615,3367
1615,3368
1616,3369
1616,3370
1617,3371
1618,3372
1619,3373
1619,3374
1620,3375
1620,3376
1620,3377
1620,3378
1620,3379
1620,3380
1620,3381
1621,3382
1621,3383
1622,3384
1622,3385
1622,3386
1623,3387
1623,3388
1623,3389
1623,3390
1623,3391
1623,3392
1623,3393
1623,3394
1623,3395
1623,3396
1623,3397
1624,3398
1624,3399
1624,3400
1624,3401
1624,3402
1624,3403
1624,3404
1624,3405
1624,3406
1624,3407
1625,3408
1626,3409
1626,3410
1626,3411
1627,3412
1627,3413
1628,3414
1629,3415
1630,3416
1631,3417
1632,3418
1633,3419
1633,3420
1633,3421
1634,3422
1634,3423
1635,3424
1635,3425
1635,3426
1635,3427
1636,3428
1636,3429
1636,3430
1636,3431
1636,3432
1636,3433
1637,3434
1638,3435
1638,3436
1639,3437
1639,3438
1639,3439
1640,3440
1641,3441
1641,3442
1641,3443
1641,3444
1641,3445
1642,3446
1642,3447
1643,3448
1643,3449
1644,3450
1644,3451
1644,3452
1644,3453
1645,3454
1645,3455
1645,3456
1646,3457
1646,3458
1646,3459
1647,3460
1647,3461
1647,3462
1647,3463
1648,3464
1648,3465
1649,3466
1649,3467
1649,3468
1650,3469
1651,3470
1652,3471
1652,3472
1653,3473
1653,3474
1653,3475
1653,3476
1654,3477
1654,3478
1654,3479
1655,3480
1655,3481
1656,3482
1656,3483
1657,3484
1657,3485
1657,3486
1658,3487
1659,3488
1659,3489
1659,3490
1660,3491
1660,3492
1660,3493
1660,3494
1660,3495
1660,3496
1660,3497
1661,3498
1661,3499
1661,3500
1662,3501
1662,3502
1662,3503
1662,3504
1662,3505
1662,3506
1662,3507
1663,3508
1664,3509
1664,3510
1665,3511
1666,3512
1666,3513
1667,3514
1667,3515
1667,3516
1668,3517
1668,3518
1669,3519
1669,3520
1669,3521
1669,3522
1670,3523
1671,3524
1671,3525
1672,3526
1673,3527
1673,3528
1673,3529
1673,3530
1673,3531
1673,3532
1673,3533
1673,3534
1674,3535
1675,3536
1675,3537
1675,3538
1676,3539
1676,3540
1676,3541
1677,3542
1677,3543
1677,3544
1677,3545
1678,3546
1678,3547
1679,3548
1679,3549
1679,3550
1679,3551
1679,3552
1679,3553
1679,3554
1679,3555
1679,3556
1680,3557
1680,3558
1680,3559
1681,3560
1682,3561
1682,3562
1683,3563
1684,3564
1684,3565
1685,3566
1685,3567
1685,3568
1685,3569
1685,3570
1685,3571
1686,3572
1687,3573
1687,3574
1688,3575
1688,3576
1688,3577
1688,3578
1688,3579
1689,3580
1689,3581
1689,3582
1690,3583
1691,3584
1691,3585
1691,3586
1691,3587
1691,3588
1691,3589
1691,3590
1691,3591
1692,3592
1692,3593
1692,3594
1692,3595
1692,3596
1692,3597
1692,3598
1693,3599
1694,3600
1695,3601
1695,3602
1696,3603
1697,3604
1698,3605
1698,3606
1699,3607
1699,3608
1699,3609
1700,3610
1700,3611
1700,3612
1700,3613
1700,3614
1701,3615
1702,3616
1702,3617
1702,3618
1702,3619
1703,3620
1704,3621
1704,3622
1704,3623
1705,3624
1705,3625
1705,3626
1706,3627
1706,3628
1706,3629
1706,3630
1707,3631
1707,3632
1707,3633
1708,3634
1708,3635
1709,3636
1709,3637
1709,3638
1709,3639
1709,3640
1709,3641
1710,3642
1711,3643
1711,3644
1711,3645
1712,3646
1713,3647
1713,3648
1713,3649
1713,3650
1714,3651
1715,3652
1716,3653
1716,3654
1716,3655
1716,3656
1716,3657
1716,3658
1717,3659
1717,3660
1717,3661
1718,3662
1718,3663
1718,3664
1719,3665
1720,3666
1720,3667
1720,3668
1721,3669
1721,3670
1721,3671
1721,3672
1722,3673
1723,3674
1724,3675
1725,3676
1725,3677
1725,3678
1726,3679
1726,3680
1726,3681
1726,3682
1726,3683
1727,3684
1727,3685
1728,3686
1728,3687
1729,3688
1729,3689
1729,3690
1729,3691
1730,3692
1730,3693
1730,3694
1731,3695
1731,3696
1732,3697
1732,3698
1733,3699
1734,3700
1734,3701
1734,3702
1734,3703
1735,3704
1735,3705
1736,3706
1737,3707
1737,3708
1737,3709
1738,3710
1739,3711
1739,3712
1739,3713
1740,3714
1741,3715
1741,3716
1741,3717
1741,3718
1741,3719
1742,3720
1743,3721
1743,3722
1743,3723
1743,3724
1744,3725
1744,3726
1744,3727
1745,3728
1745,3729
1745,3730
1745,3731
1745,3732
1745,3733
1745,3734
1746,3735
1747,3736
1747,3737
1747,3738
1747,3739
1748,3740
1748,3741
1748,3742
1748,3743
1748,3744
1748,3745
1749,3746
1750,3747
1751,3748
1752,3749
1752,3750
1752,3751
1752,3752
1753,3753
1753,3754
1753,3755
1753,3756
1754,3757
1755,3758
1756,3759
1756,3760
1756,3761
1756,3762
1757,3763
1757,3764
1758,3765
1758,3766
1759,3767
1759,3768
1759,3769
1760,3770
1760,3771
1760,3772
1761,3773
1762,3774
1762,3775
1763,3776
1763,3777
1764,3778
1765,3779
1765,3780
1766,3781
1767,3782
1767,3783
1767,3784
1767,3785
1767,3786
1767,3787
1768,3788
1769,3789
1770,3790
1770,3791
1770,3792
1771,3793
1772,3794
1772,3795
1772,3796
1772,3797
1773,3798
1774,3799
1774,3800
1774,3801
1775,3802
1775,3803
1776,3804
1776,3805
1776,3806
1776,3807
1777,3808
1777,3809
1777,3810
1777,3811
1777,3812
1777,3813
1777,3814
1778,3815
1779,3816
1779,3817
1779,3818
1780,3819
1780,3820
1781,3821
1782,3822
1783,3823
1783,3824
1784,3825
1785,3826
1786,3827
1787,3828
1787,3829
1787,3830
1787,3831
1788,3832
1788,3833
1788,3834
1789,3835
1789,3836
1790,3837
1790,3838
1790,3839
1790,3840
1790,3841
1790,3842
1790,3843
1790,3844
1791,3845
1791,3846
1792,3847
1792,3848
1792,3849
1792,3850
1792,3851
1793,3852
1793,3853
1793,3854
1794,3855
1794,3856
1795,3857
1795,3858
1795,3859
1796,3860
1796,3861
1796,3862
1797,3863
1797,3864
1798,3865
1799,3866
1799,3867
1799,3868
1799,3869
1799,3870
1799,3871
1800,3872
1800,3873
1800,3874
1800,3875
1801,3876
1801,3877
1801,3878
1801,3879
1802,3880
1802,3881
1802,3882
1803,3883
1804,3884
1804,3885
1804,3886
1805,3887
1805,3888
1805,3889
1806,3890
1806,3891
1807,3892
1807,3893
1807,3894
1807,3895
1807,3896
1807,3897
1807,3898
1807,3899
1807,3900
1807,3901
1808,3902
1808,3903
1809,3904
1810,3905
1811,3906
1812,3907
1813,3908
1813,3909
1813,3910
1813,3911
1813,3912
1813,3913
1814,3914
1814,3915
1815,3916
1815,3917
1815,3918
1816,3919
1816,3920
1816,3921
1817,3922
1818,3923
1818,3924
1819,3925
1820,3926
1820,3927
1820,3928
1821,3929
1821,3930
1822,3931
1822,3932
1822,3933
1823,3934
1824,3935
1824,3936
1824,3937
1824,3938
1824,3939
1825,3940
1825,3941
1826,3942
1826,3943
1826,3944
1827,3945
1828,3946
1828,3947
1829,3948
1829,3949
1829,3950
1830,3951
1831,3952
1832,3953
1833,3954
1833,3955
1833,3956
1834,3957
1835,3958
1835,3959
1836,3960
1836,3961
1837,3962
1838,3963
1839,3964
1839,3965
1840,3966
1840,3967
1841,3968
1841,3969
1841,3970
1842,3971
1842,3972
1842,3973
1842,3974
1842,3975
1842,3976
1842,3977
1842,3978
1842,3979
1843,3980
1844,3981
1844,3982
1844,3983
1844,3984
1844,3985
1844,3986
1845,3987
1846,3988
1846,3989
1847,3990
1847,3991
1847,3992
1848,3993
1848,3994
1848,3995
1849,3996
1849,3997
1849,3998
1850,3999
1850,4000
1850,4001
1850,4002
1851,4003
1851,4004
1851,4005
1852,4006
1852,4007
1853,4008
1853,4009
1853,4010
1854,4011
1855,4012
1855,4013
1855,4014
1855,4015
1856,4016
1857,4017
1857,4018
1858,4019
1858,4020
1858,4021
1859,4022
1859,4023
1859,4024
1860,4025
1860,4026
1860,4027
1860,4028
1861,4029
1862,4030
1862,4031
1862,4032
1863,4033
1864,4034
1865,4035
1865,4036
1865,4037
1866,4038
1866,4039
1866,4040
1867,4041
1868,4042
1869,4043
1870,4044
1870,4045
1871,4046
1871,4047
1871,4048
1871,4049
1872,4050
1872,4051
1872,4052
1873,4053
1874,4054
1874,4055
1874,4056
1875,4057
1875,4058
1876,4059
1876,4060
1877,4061
1877,4062
1877,4063
1877,4064
1878,4065
1879,4066
1879,4067
1879,4068
1879,4069
1879,4070
1879,4071
1879,4072
1879,4073
1879,4074
1879,4075
1879,4076
1880,4077
1880,4078
1881,4079
1882,4080
1882,4081
1882,4082
1882,4083
1883,4084
1883,4085
1883,4086
1884,4087
1884,4088
1884,4089
1884,4090
1885,4091
1885,4092
1885,4093
1886,4094
1886,4095
1886,4096
1886,4097
1886,4098
1887,4099
1887,4100
1888,4101
1888,4102
1888,4103
1888,4104
1889,4105
1889,4106
1890,4107
1891,4108
1891,4109
1892,4110
1893,4111
1894,4112
1895,4113
1895,4114
1896,4115
1896,4116
1896,4117
1897,4118
1898,4119
1898,4120
1898,4121
1898,4122
1899,4123
1900,4124
1900,4125
1900,4126
1900,4127
1901,4128
1901,4129
1902,4130
1902,4131
1902,4132
1903,4133
1904,4134
1904,4135
1905,4136
1905,4137
1905,4138
1905,4139
1906,4140
1906,4141
1906,4142
1907,4143
1907,4144
1907,4145
1907,4146
1908,4147
1909,4148
1910,4149
1910,4150
1910,4151
1911,4152
1911,4153
1912,4154
1912,4155
1913,4156
1913,4157
1913,4158
1914,4159
1914,4160
1914,4161
1915,4162
1916,4163
1917,4164
1917,4165
1918,4166
1918,4167
1918,4168
1919,4169
1919,4170
1919,4171
1919,4172
1920,4173
1920,4174
1921,4175
1921,4176
1921,4177
1921,4178
1921,4179
1921,4180
1922,4181
1922,4182
1922,4183
1923,4184
1923,4185
1923,4186
1923,4187
1923,4188
1924,4189
1924,4190
1925,4191
1926,4192
1926,4193
1926,4194
1926,4195
1927,4196
1927,4197
1927,4198
1927,4199
1927,4200
1928,4201
1928,4202
1929,4203
1930,4204
1930,4205
1930,4206
1931,4207
1931,4208
1932,4209
1933,4210
1934,4211
1934,4212
1934,4213
1935,4214
1935,4215
1936,4216
1937,4217
1938,4218
1938,4219
1939,4220
1940,4221
1940,4222
1940,4223
1941,4224
1941,4225
1941,4226
1941,4227
1942,4228
1942,4229
1942,4230
1943,4231
1943,4232
1943,4233
1944,4234
1944,4235
1945,4236
1946,4237
1946,4238
1946,4239
1947,4240
1948,4241
1948,4242
1948,4243
1948,4244
1948,4245
1949,4246
1950,4247
1950,4248
1951,4249
1951,4250
1951,4251
1951,4252
1951,4253
1952,4254
1952,4255
1953,4256
1953,4257
1953,4258
1953,4259
1954,4260
1954,4261
1955,4262
1955,4263
1956,4264
1957,4265
1957,4266
1958,4267
1958,4268
1959,4269
1959,4270
1960,4271
1960,4272
1960,4273
1960,4274
1960,4275
1960,4276
1960,4277
1961,4278
1962,4279
1962,4280
1962,4281
1962,4282
1962,4283
1962,4284
1962,4285
1963,4286
1964,4287
1965,4288
1965,4289
1965,4290
1965,4291
1965,4292
1965,4293
1965,4294
1966,4295
1967,4296
1967,4297
1967,4298
1968,4299
1969,4300
1969,4301
1969,4302
1969,4303
1969,4304
1969,4305
1969,4306
1969,4307
1969,4308
1969,4309
1970,4310
1971,4311
1971,4312
1971,4313
1971,4314
1971,4315
1972,4316
1972,4317
1972,4318
1972,4319
1973,4320
1973,4321
1973,4322
1974,4323
1974,4324
1974,4325
1974,4326
1975,4327
1975,4328
1976,4329
1976,4330
1977,4331
1977,4332
1977,4333
1977,4334
1978,4335
1979,4336
1980,4337
1980,4338
1980,4339
1981,4340
1981,4341
1982,4342
1982,4343
1983,4344
1983,4345
1983,4346
1983,4347
1984,4348
1984,4349
1984,4350
1985,4351
1985,4352
1986,4353
1986,4354
1986,4355
1986,4356
1986,4357
1987,4358
1987,4359
1987,4360
1987,4361
1988,4362
1989,4363
1989,4364
1990,4365
1991,4366
1991,4367
1992,4368
1992,4369
1992,4370
1992,4371
1993,4372
1993,4373
1994,4374
1994,4375
1995,4376
1996,4377
1997,4378
1998,4379
1998,4380
1999,4381
1999,4382
1999,4383
2000,4384
2001,4385
2001,4386
2001,4387
2001,4388
2001,4389
2002,4390
2002,4391
2003,4392
2003,4393
2003,4394
2004,4395
2005,4396
2006,4397
2007,4398
2007,4399
2008,4400
2008,4401
2008,4402
2009,4403
2009,4404
2010,4405
2011,4406
2011,4407
2011,4408
2011,4409
2011,4410
2012,4411
2012,4412
2013,4413
2013,4414
2014,4415
2014,4416
2014,4417
2015,4418
2015,4419
2015,4420
2016,4421
2017,4422
2018,4423
2018,4424
2018,4425
2018,4426
2019,4427
2019,4428
2019,4429
2020,4430
2020,4431
2021,4432
2022,4433
2022,4434
2023,4435
2023,4436
2024,4437
2024,4438
2024,4439
2025,4440
2025,4441
2025,4442
2025,4443
2025,4444
2025,4445
2025,4446
2025,4447
2026,4448
2027,4449
2027,4450
2027,4451
2027,4452
2028,4453
2028,4454
2028,4455
2028,4456
2028,4457
2028,4458
2028,4459
2029,4460
2029,4461
2030,4462
2030,4463
2030,4464
2030,4465
2031,4466
2031,4467
2031,4468
2032,4469
2033,4470
2033,4471
2034,4472
2034,4473
2034,4474
2034,4475
2035,4476
2035,4477
2035,4478
2035,4479
2036,4480
2036,4481
2036,4482
2037,4483
2038,4484
2039,4485
2039,4486
2040,4487
2041,4488
2041,4489
2042,4490
2043,4491
2044,4492
2044,4493
2044,4494
2045,4495
2046,4496
2046,4497
2046,4498
2047,4499
2048,4500
2048,4501
2048,4502
2049,4503
2049,4504
2050,4505
2050,4506
2050,4507
2050,4508
2051,4509
2051,4510
2051,4511
2051,4512
2051,4513
2051,4514
2051,4515
2051,4516
2052,4517
2052,4518
2052,4519
2053,4520
2053,4521
2054,4522
2055,4523
2055,4524
2056,4525
2056,4526
2056,4527
2057,4528
2057,4529
2058,4530
2058,4531
2058,4532
2058,4533
2058,4534
2059,4535
2059,4536
2059,4537
2060,4538
2060,4539
2060,4540
2060,4541
2060,4542
2060,4543
2060,4544
2060,4545
2060,4546
2061,4547
2062,4548
2063,4549
2063,4550
2064,4551
2064,4552
2064,4553
2064,4554
2064,4555
2065,4556
2065,4557
2065,4558
2066,4559
2066,4560
2067,4561
2068,4562
2068,4563
2069,4564
2069,4565
2069,4566
2070,4567
2070,4568
2071,4569
2071,4570
2072,4571
2073,4572
2073,4573
2073,4574
2073,4575
2074,4576
2074,4577
2075,4578
2075,4579
2075,4580
2075,4581
2075,4582
2075,4583
2075,4584
2075,4585
2076,4586
2076,4587
2076,4588
2076,4589
2076,4590
2076,4591
2076,4592
2077,4593
2077,4594
2077,4595
2077,4596
2077,4597
2077,4598
2077,4599
2077,4600
2078,4601
2078,4602
2078,4603
2079,4604
2079,4605
2079,4606
2079,4607
2079,4608
2080,4609
2080,4610
2080,4611
2080,4612
2081,4613
2082,4614
2082,4615
2083,4616
2083,4617
2083,4618
2083,4619
2083,4620
2083,4621
2084,4622
2084,4623
2085,4624
2085,4625
2085,4626
2086,4627
2086,4628
2086,4629
2087,4630
2087,4631
2088,4632
2088,4633
2089,4634
2089,4635
2089,4636
2089,4637
2089,4638
2089,4639
2089,4640
2090,4641
2091,4642
2091,4643
2091,4644
2092,4645
2093,4646
2093,4647
2094,4648
2095,4649
2095,4650
2095,4651
2095,4652
2095,4653
2096,4654
2096,4655
2097,4656
2097,4657
2098,4658
2098,4659
2098,4660
2098,4661
2098,4662
2098,4663
2099,4664
2100,4665
2100,4666
2100,4667
2100,4668
2100,4669
2100,4670
2101,4671
2102,4672
2102,4673
2102,4674
2103,4675
2104,4676
2105,4677
2105,4678
2106,4679
2106,4680
2107,4681
2107,4682
2107,4683
2107,4684
2108,4685
2109,4686
2110,4687
2111,4688
2111,4689
2112,4690
2112,4691
2112,4692
2112,4693
2113,4694
2113,4695
2114,4696
2115,4697
2115,4698
2116,4699
2116,4700
2116,4701
2116,4702
2117,4703
2117,4704
2118,4705
2118,4706
2118,4707
2118,4708
2118,4709
2118,4710
2118,4711
2118,4712
2119,4713
2120,4714
2120,4715
2120,4716
2121,4717
2122,4718
2123,4719
2124,4720
2124,4721
2124,4722
2125,4723
2125,4724
2125,4725
2125,4726
2126,4727
2126,4728
2126,4729
2126,4730
2126,4731
2127,4732
2127,4733
2127,4734
2128,4735
2128,4736
2128,4737
2128,4738
2129,4739
2129,4740
2129,4741
2129,4742
2129,4743
2130,4744
2131,4745
2131,4746
2132,4747
2132,4748
2132,4749
2133,4750
2133,4751
2134,4752
2135,4753
2135,4754
2136,4755
2136,4756
2137,4757
2138,4758
2138,4759
2139,4760
2140,4761
2140,4762
2141,4763
2142,4764
2143,4765
2143,4766
2143,4767
2143,4768
2143,4769
2143,4770
2143,4771
2143,4772
2144,4773
2144,4774
2144,4775
2145,4776
2145,4777
2145,4778
2146,4779
2146,4780
2147,4781
2147,4782
2148,4783
2149,4784
2149,4785
2150,4786
2150,4787
2150,4788
2150,4789
2150,4790
2151,4791
2151,4792
2151,4793
2151,4794
2152,4795
2153,4796
2153,4797
2153,4798
2154,4799
2154,4800
2155,4801
2155,4802
2155,4803
2156,4804
2157,4805
2157,4806
2157,4807
2157,4808
2157,4809
2158,4810
2158,4811
2158,4812
2158,4813
2158,4814
2158,4815
2159,4816
2159,4817
2160,4818
2161,4819
2161,4820
2161,4821
2161,4822
2161,4823
2161,4824
2161,4825
2161,4826
2161,4827
2162,4828
2163,4829
2163,4830
2163,4831
2163,4832
2163,4833
2163,4834
2163,4835
2164,4836
2164,4837
2164,4838
2164,4839
2165,4840
2165,4841
2165,4842
2166,4843
2166,4844
2166,4845
2167,4846
2168,4847
2169,4848
2169,4849
2169,4850
2169,4851
2169,4852
2170,4853
2170,4854
2170,4855
2170,4856
2170,4857
2170,4858
2170,4859
2170,4860
2171,4861
2171,4862
2171,4863
2171,4864
2171,4865
2171,4866
2172,4867
2173,4868
2173,4869
2173,4870
2173,4871
2173,4872
2174,4873
2175,4874
2176,4875
2176,4876
2176,4877
2177,4878
2177,4879
2177,4880
2177,4881
2177,4882
2177,4883
2177,4884
2178,4885
2178,4886
2178,4887
2178,4888
2179,4889
2179,4890
2180,4891
2181,4892
2181,4893
2181,4894
2182,4895
2182,4896
2183,4897
2183,4898
2183,4899
2184,4900
2184,4901
2184,4902
2184,4903
2184,4904
2185,4905
2186,4906
2186,4907
2186,4908
2186,4909
2186,4910
2187,4911
2188,4912
2188,4913
2189,4914
2190,4915
2190,4916
2190,4917
2191,4918
2191,4919
2191,4920
2191,4921
2191,4922
2191,4923
2191,4924
2192,4925
2192,4926
2192,4927
2192,4928
2192,4929
2192,4930
2192,4931
2192,4932
2193,4933
2193,4934
2193,4935
2194,4936
2195,4937
2195,4938
2195,4939
2196,4940
2197,4941
2197,4942
2198,4943
2198,4944
2198,4945
2198,4946
2198,4947
2199,4948
2200,4949
2200,4950
2200,4951
2200,4952
2200,4953
2200,4954
2200,4955
2200,4956
2200,4957
2201,4958
2201,4959
2201,4960
2202,4961
2202,4962
2202,4963
2203,4964
2204,4965
2205,4966
2205,4967
2205,4968
2205,4969
2205,4970
2206,4971
2206,4972
2206,4973
2206,4974
2206,4975
2207,4976
2207,4977
2207,4978
2207,4979
2208,4980
2209,4981
2209,4982
2209,4983
2209,4984
2209,4985
2209,4986
2210,4987
2210,4988
2210,4989
2211,4990
2211,4991
2212,4992
2213,4993
2214,4994
2214,4995
2214,4996
2215,4997
2215,4998
2216,4999
2216,5000
2216,5001
2217,5002
2217,5003
2217,5004
2218,5005
2218,5006
2218,5007
2218,5008
2219,5009
2219,5010
2219,5011
2219,5012
2219,5013
2219,5014
2219,5015
2219,5016
2219,5017
2219,5018
2219,5019
2219,5020
2220,5021
2221,5022
2221,5023
2222,5024
2222,5025
2222,5026
2222,5027
2222,5028
2222,5029
2223,5030
2223,5031
2224,5032
2224,5033
2224,5034
2225,5035
2226,5036
2227,5037
2227,5038
2227,5039
2227,5040
2227,5041
2228,5042
2229,5043
2230,5044
2230,5045
2231,5046
2231,5047
2231,5048
2231,5049
2232,5050
2232,5051
2232,5052
2232,5053
2232,5054
2233,5055
2234,5056
2234,5057
2234,5058
2234,5059
2235,5060
2235,5061
2236,5062
2237,5063
2237,5064
2238,5065
2238,5066
2238,5067
2238,5068
2239,5069
2239,5070
2239,5071
2239,5072
2240,5073
2240,5074
2240,5075
2241,5076
2241,5077
2242,5078
2242,5079
2243,5080
2244,5081
2245,5082
2245,5083
2245,5084
2246,5085
2246,5086
2246,5087
2246,5088
2247,5089
2248,5090
2248,5091
2248,5092
2248,5093
2249,5094
2249,5095
2250,5096
2250,5097
2251,5098
2252,5099
2252,5100
2252,5101
2253,5102
2253,5103
2253,5104
2254,5105
2255,5106
2256,5107
2257,5108
2257,5109
2257,5110
2257,5111
2258,5112
2258,5113
2258,5114
2258,5115
2258,5116
2258,5117
2258,5118
2258,5119
2258,5120
2259,5121
2259,5122
2260,5123
2261,5124
2261,5125
2261,5126
2261,5127
2261,5128
2262,5129
2262,5130
2262,5131
2262,5132
2262,5133
2263,5134
2263,5135
2264,5136
2264,5137
2264,5138
2265,5139
2265,5140
2265,5141
2265,5142
2265,5143
2265,5144
2266,5145
2267,5146
2268,5147
2268,5148
2269,5149
2270,5150
2270,5151
2270,5152
2270,5153
2270,5154
2271,5155
2271,5156
2271,5157
2272,5158
2272,5159
2272,5160
2273,5161
2273,5162
2273,5163
2274,5164
2274,5165
2275,5166
2276,5167
2276,5168
2277,5169
2277,5170
2277,5171
2278,5172
2278,5173
2279,5174
2279,5175
2279,5176
2279,5177
2280,5178
2280,5179
2280,5180
2280,5181
2280,5182
2280,5183
2280,5184
2280,5185
2281,5186
2282,5187
2283,5188
2284,5189
2284,5190
2285,5191
2286,5192
2286,5193
2286,5194
2287,5195
2288,5196
2289,5197
2290,5198
2291,5199
2291,5200
2291,5201
2291,5202
2291,5203
2292,5204
2293,5205
2293,5206
2293,5207
2294,5208
2294,5209
2295,5210
2295,5211
2296,5212
2297,5213
2297,5214
2297,5215
2297,5216
2297,5217
2298,5218
2299,5219
2300,5220
2300,5221
2301,5222
2302,5223
2302,5224
2302,5225
2302,5226
2303,5227
2303,5228
2303,5229
2303,5230
2303,5231
2304,5232
2304,5233
2305,5234
2305,5235
2305,5236
2306,5237
2307,5238
2308,5239
2308,5240
2308,5241
2308,5242
2308,5243
2308,5244
2309,5245
2309,5246
2309,5247
2309,5248
2309,5249
2309,5250
2310,5251
2311,5252
2311,5253
2311,5254
2311,5255
2311,5256
2311,5257
2311,5258
2311,5259
2311,5260
2311,5261
2312,5262
2312,5263
2312,5264
2313,5265
2313,5266
2313,5267
2314,5268
2314,5269
2315,5270
2316,5271
2317,5272
2318,5273
2318,5274
2319,5275
2319,5276
2319,5277
2320,5278
2320,5279
2320,5280
2320,5281
2320,5282
2320,5283
2320,5284
2321,5285
2321,5286
2321,5287
2321,5288
2322,5289
2322,5290
2323,5291
2323,5292
2323,5293
2324,5294
2324,5295
2325,5296
2326,5297
2327,5298
2327,5299
2327,5300
2328,5301
2328,5302
2328,5303
2329,5304
2329,5305
2330,5306
2330,5307
2331,5308
2332,5309
2333,5310
2334,5311
2335,5312
2335,5313
2336,5314
2336,5315
2336,5316
2336,5317
2337,5318
2337,5319
2337,5320
2338,5321
2338,5322
2338,5323
2338,5324
2338,5325
2338,5326
2339,5327
2339,5328
2339,5329
2340,5330
2340,5331
2340,5332
2340,5333
2341,5334
2342,5335
2342,5336
2342,5337
2342,5338
2343,5339
2344,5340
2344,5341
2345,5342
2345,5343
2345,5344
2345,5345
2345,5346
2345,5347
2345,5348
2345,5349
2345,5350
2346,5351
2347,5352
2347,5353
2347,5354
2348,5355
2349,5356
2350,5357
2351,5358
2351,5359
2351,5360
2352,5361
2352,5362
2353,5363
2353,5364
2353,5365
2354,5366
2355,5367
2355,5368
2355,5369
2355,5370
2356,5371
2357,5372
2357,5373
2357,5374
2357,5375
2358,5376
2359,5377
2359,5378
2359,5379
2359,5380
2360,5381
2360,5382
2360,5383
2361,5384
2361,5385
2362,5386
2362,5387
2362,5388
2363,5389
2363,5390
2363,5391
2363,5392
2363,5393
2363,5394
2364,5395
2364,5396
2364,5397
2365,5398
2366,5399
2367,5400
2368,5401
2368,5402
2368,5403
2368,5404
2368,5405
2368,5406
2368,5407
2368,5408
2368,5409
2368,5410
2368,5411
2369,5412
2370,5413
2370,5414
2371,5415
2371,5416
2371,5417
2372,5418
2372,5419
2372,5420
2373,5421
2373,5422
2373,5423
2373,5424
2374,5425
2374,5426
2374,5427
2375,5428
2375,5429
2375,5430
2376,5431
2376,5432
2377,5433
2378,5434
2378,5435
2378,5436
2378,5437
2378,5438
2378,5439
2379,5440
2379,5441
2380,5442
2380,5443
2380,5444
2380,5445
2381,5446
2382,5447
2382,5448
2382,5449
2383,5450
2383,5451
2384,5452
2384,5453
2384,5454
2384,5455
2384,5456
2384,5457
2384,5458
2385,5459
2386,5460
2386,5461
2386,5462
2386,5463
2386,5464
2386,5465
2387,5466
2388,5467
2389,5468
2390,5469
2390,5470
2390,5471
2390,5472
2390,5473
2390,5474
2390,5475
2390,5476
2391,5477
2391,5478
2392,5479
2393,5480
2394,5481
2394,5482
2394,5483
2394,5484
2395,5485
2395,5486
2395,5487
2396,5488
2397,5489
2397,5490
2398,5491
2399,5492
2399,5493
2399,5494
2399,5495
2400,5496
2401,5497
2401,5498
2401,5499
2402,5500
2403,5501
2404,5502
2404,5503
2405,5504
2406,5505
2407,5506
2407,5507
2408,5508
2408,5509
2408,5510
2409,5511
2410,5512
2411,5513
2412,5514
2412,5515
2412,5516
2413,5517
2413,5518
2413,5519
2413,5520
2414,5521
2415,5522
2415,5523
2416,5524
2416,5525
2416,5526
2416,5527
2416,5528
2416,5529
2416,5530
2417,5531
2417,5532
2417,5533
2417,5534
2418,5535
2418,5536
2418,5537
2419,5538
2420,5539
2420,5540
2421,5541
2421,5542
2421,5543
2422,5544
2422,5545
2422,5546
2422,5547
2423,5548
2423,5549
2424,5550
2424,5551
2424,5552
2424,5553
2424,5554
2425,5555
2425,5556
2425,5557
2425,5558
2425,5559
2426,5560
2426,5561
2426,5562
2427,5563
2428,5564
2428,5565
2428,5566
2428,5567
2428,5568
2428,5569
2428,5570
2429,5571
2430,5572
2430,5573
2431,5574
2432,5575
2432,5576
2432,5577
2432,5578
2432,5579
2432,5580
2432,5581
2433,5582
2434,5583
2434,5584
2434,5585
2434,5586
2434,5587
2435,5588
2436,5589
2436,5590
2436,5591
2437,5592
2438,5593
2439,5594
2440,5595
2440,5596
2441,5597
2441,5598
2441,5599
2441,5600
2442,5601
2443,5602
2443,5603
2443,5604
2443,5605
2443,5606
2444,5607
2445,5608
2445,5609
2446,5610
2446,5611
2446,5612
2446,5613
2446,5614
2446,5615
2447,5616
2447,5617
2448,5618
2448,5619
2448,5620
2448,5621
2448,5622
2448,5623
2448,5624
2449,5625
2450,5626
2450,5627
2450,5628
2451,5629
2451,5630
2452,5631
2452,5632
2453,5633
2454,5634
2455,5635
2456,5636
2456,5637
2456,5638
2457,5639
2457,5640
2457,5641
2457,5642
2457,5643
2457,5644
2458,5645
2458,5646
2458,5647
2458,5648
2458,5649
2459,5650
2460,5651
2460,5652
2461,5653
2462,5654
2462,5655
2463,5656
2463,5657
2464,5658
2465,5659
2465,5660
2466,5661
2466,5662
2466,5663
2466,5664
2467,5665
2467,5666
2467,5667
2467,5668
2467,5669
2468,5670
2469,5671
2470,5672
2470,5673
2470,5674
2470,5675
2471,5676
2471,5677
2471,5678
2472,5679
2473,5680
2473,5681
2473,5682
2474,5683
2475,5684
2475,5685
2475,5686
2476,5687
2477,5688
2478,5689
2479,5690
2479,5691
2479,5692
2479,5693
2479,5694
2479,5695
2480,5696
2480,5697
2481,5698
2481,5699
2482,5700
2483,5701
2484,5702
2484,5703
2485,5704
2485,5705
2485,5706
2486,5707
2486,5708
2487,5709
2487,5710
2487,5711
2487,5712
2487,5713
2487,5714
2488,5715
2488,5716
2488,5717
2489,5718
2489,5719
2489,5720
2489,5721
2489,5722
2490,5723
2490,5724
2490,5725
2491,5726
2491,5727
2492,5728
2492,5729
2492,5730
2492,5731
2492,5732
2492,5733
2492,5734
2493,5735
2493,5736
2494,5737
2494,5738
2495,5739
2496,5740
2496,5741
2496,5742
2496,5743
2496,5744
2496,5745
2497,5746
2497,5747
2497,5748
2498,5749
2498,5750
2498,5751
2499,5752
2499,5753
2500,5754
2500,5755
2500,5756
2500,5757
2501,5758
2501,5759
2502,5760
2502,5761
2502,5762
2503,5763
2504,5764
2504,5765
2504,5766
2505,5767
2505,5768
2505,5769
2505,5770
2506,5771
2507,5772
2507,5773
2507,5774
2507,5775
2508,5776
2509,5777
2509,5778
2510,5779
2510,5780
2510,5781
2511,5782
2511,5783
2512,5784
2513,5785
2513,5786
2513,5787
2514,5788
2514,5789
2515,5790
2515,5791
2515,5792
2516,5793
2517,5794
2517,5795
2518,5796
2519,5797
2519,5798
2520,5799
2520,5800
2521,5801
2521,5802
2521,5803
2522,5804
2522,5805
2523,5806
2524,5807
2524,5808
2524,5809
2524,5810
2525,5811
2526,5812
2527,5813
2527,5814
2528,5815
2529,5816
2530,5817
2530,5818
2530,5819
2530,5820
2531,5821
2532,5822
2532,5823
2532,5824
2533,5825
2533,5826
2533,5827
2534,5828
2535,5829
2535,5830
2535,5831
2535,5832
2535,5833
2535,5834
2535,5835
2535,5836
2536,5837
2536,5838
2537,5839
2537,5840
2537,5841
2537,5842
2537,5843
2537,5844
2537,5845
2537,5846
2537,5847
2538,5848
2538,5849
2538,5850
2539,5851
2539,5852
2539,5853
2539,5854
2540,5855
2540,5856
2540,5857
2541,5858
2541,5859
2542,5860
2542,5861
2542,5862
2542,5863
2543,5864
2543,5865
2544,5866
2545,5867
2546,5868
2546,5869
2546,5870
2547,5871
2547,5872
2547,5873
2547,5874
2547,5875
2548,5876
2548,5877
2549,5878
2549,5879
2549,5880
2549,5881
2549,5882
2550,5883
2550,5884
2551,5885
2551,5886
2551,5887
2551,5888
2552,5889
2552,5890
2552,5891
2552,5892
2552,5893
2552,5894
2553,5895
2554,5896
2554,5897
2554,5898
2554,5899
2555,5900
2556,5901
2556,5902
2557,5903
2558,5904
2558,5905
2559,5906
2560,5907
2560,5908
2560,5909
2561,5910
2562,5911
2562,5912
2562,5913
2563,5914
2563,5915
2563,5916
2563,5917
2563,5918
2563,5919
2564,5920
2565,5921
2565,5922
2566,5923
2566,5924
2567,5925
2567,5926
2568,5927
2568,5928
2568,5929
2568,5930
2568,5931
2569,5932
2569,5933
2570,5934
2570,5935
2571,5936
2571,5937
2572,5938
2573,5939
2574,5940
2574,5941
2574,5942
2575,5943
2575,5944
2575,5945
2576,5946
2576,5947
2577,5948
2577,5949
2577,5950
2578,5951
2578,5952
2579,5953
2580,5954
2580,5955
2580,5956
2581,5957
2582,5958
2583,5959
2583,5960
2583,5961
2583,5962
2584,5963
2584,5964
2584,5965
2584,5966
2584,5967
2584,5968
2584,5969
2584,5970
2585,5971
2586,5972
2586,5973
2586,5974
2586,5975
2586,5976
2586,5977
2586,5978
2586,5979
2586,5980
2587,5981
2587,5982
2588,5983
2589,5984
2589,5985
2589,5986
2589,5987
2589,5988
2589,5989
2590,5990
2590,5991
2590,5992
2590,5993
2590,5994
2591,5995
2592,5996
2592,5997
2592,5998
2593,5999
2594,6000
2595,6001
2595,6002
2595,6003
2595,6004
2596,6005
2596,6006
2596,6007
2596,6008
2597,6009
2597,6010
2598,6011
2599,6012
2600,6013
2601,6014
2601,6015
2601,6016
2601,6017
2601,6018
2601,6019
2601,6020
2601,6021
2602,6022
2602,6023
2603,6024
2604,6025
2604,6026
2605,6027
2606,6028
2606,6029
2606,6030
2606,6031
2607,6032
2607,6033
2607,6034
2608,6035
2608,6036
2608,6037
2608,6038
2608,6039
2608,6040
2609,6041
2610,6042
2610,6043
2611,6044
2611,6045
2612,6046
2613,6047
2613,6048
2613,6049
2614,6050
2614,6051
2614,6052
2614,6053
2614,6054
2614,6055
2614,6056
2614,6057
2615,6058
2616,6059
2616,6060
2616,6061
2617,6062
2617,6063
2617,6064
2618,6065
2619,6066
2620,6067
2620,6068
2620,6069
2621,6070
2621,6071
2621,6072
2621,6073
2622,6074
2622,6075
2623,6076
2623,6077
2624,6078
2624,6079
2624,6080
2625,6081
2625,6082
2625,6083
2626,6084
2626,6085
2626,6086
2627,6087
2628,6088
2628,6089
2628,6090
2628,6091
2628,6092
2628,6093
2629,6094
2629,6095
2629,6096
2630,6097
2630,6098
2631,6099
2632,6100
2632,6101
2632,6102
2633,6103
2633,6104
2634,6105
2635,6106
2635,6107
2635,6108
2635,6109
2636,6110
2636,6111
2637,6112
2638,6113
2638,6114
2638,6115
2638,6116
2638,6117
2639,6118
2639,6119
2639,6120
2639,6121
2640,6122
2640,6123
2641,6124
2641,6125
2641,6126
2641,6127
2641,6128
2642,6129
2642,6130
2643,6131
2643,6132
2644,6133
2644,6134
2645,6135
2645,6136
2645,6137
2645,6138
2646,6139
2647,6140
2647,6141
2648,6142
2649,6143
2649,6144
2650,6145
2650,6146
2651,6147
2651,6148
2651,6149
2652,6150
2652,6151
2652,6152
2653,6153
2654,6154
2654,6155
2654,6156
2655,6157
2656,6158
2656,6159
2656,6160
2656,6161
2657,6162
2658,6163
2658,6164
2659,6165
2659,6166
2659,6167
2660,6168
2660,6169
2661,6170
2662,6171
2662,6172
2662,6173
2662,6174
2662,6175
2662,6176
2663,6177
2664,6178
2665,6179
2666,6180
2667,6181
2667,6182
2667,6183
2667,6184
2667,6185
2668,6186
2668,6187
2668,6188
2668,6189
2669,6190
2670,6191
2670,6192
2670,6193
2670,6194
2670,6195
2671,6196
2671,6197
2672,6198
2673,6199
2673,6200
2673,6201
2674,6202
2674,6203
2675,6204
2675,6205
2675,6206
2676,6207
2677,6208
2678,6209
2678,6210
2679,6211
2679,6212
2679,6213
2680,6214
2681,6215
2681,6216
2681,6217
2681,6218
2681,6219
2681,6220
2681,6221
2682,6222
2682,6223
2682,6224
2683,6225
2683,6226
2683,6227
2683,6228
2683,6229
2683,6230
2683,6231
2683,6232
2683,6233
2684,6234
2684,6235
2684,6236
2685,6237
2685,6238
2686,6239
2687,6240
2688,6241
2689,6242
2689,6243
2690,6244
2690,6245
2690,6246
2690,6247
2691,6248
2692,6249
2692,6250
2692,6251
2693,6252
2693,6253
2693,6254
2693,6255
2693,6256
2693,6257
2693,6258
2693,6259
2694,6260
2694,6261
2695,6262
2695,6263
2695,6264
2696,6265
2696,6266
2697,6267
2698,6268
2699,6269
2699,6270
2700,6271
2701,6272
2702,6273
2702,6274
2703,6275
2704,6276
2704,6277
2704,6278
2704,6279
2705,6280
2705,6281
2705,6282
2706,6283
2707,6284
2707,6285
2707,6286
2707,6287
2707,6288
2707,6289
2707,6290
2708,6291
2709,6292
2710,6293
2711,6294
2712,6295
2712,6296
2713,6297
2713,6298
2713,6299
2714,6300
2714,6301
2714,6302
2714,6303
2715,6304
2716,6305
2716,6306
2716,6307
2716,6308
2716,6309
2717,6310
2717,6311
2717,6312
2717,6313
2717,6314
2717,6315
2718,6316
2718,6317
2718,6318
2718,6319
2719,6320
2719,6321
2720,6322
2720,6323
2721,6324
2721,6325
2722,6326
2722,6327
2722,6328
2722,6329
2722,6330
2722,6331
2722,6332
2723,6333
2724,6334
2724,6335
2725,6336
2725,6337
2726,6338
2726,6339
2726,6340
2726,6341
2726,6342
2727,6343
2728,6344
2728,6345
2728,6346
2729,6347
2730,6348
2730,6349
2730,6350
2730,6351
2730,6352
2730,6353
2730,6354
2731,6355
2731,6356
2731,6357
2731,6358
2731,6359
2732,6360
2732,6361
2732,6362
2732,6363
2733,6364
2733,6365
2733,6366
2733,6367
2733,6368
2734,6369
2735,6370
2735,6371
2735,6372
2736,6373
2737,6374
2737,6375
2737,6376
2738,6377
2738,6378
2739,6379
2739,6380
2739,6381
2739,6382
2740,6383
2740,6384
2741,6385
2741,6386
2741,6387
2742,6388
2742,6389
2743,6390
2744,6391
2745,6392
2745,6393
2745,6394
2745,6395
2746,6396
2746,6397
2746,6398
2746,6399
2747,6400
2747,6401
2748,6402
2748,6403
2748,6404
2749,6405
2750,6406
2750,6407
2750,6408
2751,6409
2751,6410
2751,6411
2751,6412
2752,6413
2752,6414
2752,6415
2752,6416
2752,6417
2752,6418
2752,6419
2752,6420
2752,6421
2753,6422
2754,6423
2754,6424
2754,6425
2754,6426
2755,6427
2756,6428
2757,6429
2758,6430
2758,6431
2759,6432
2759,6433
2759,6434
2759,6435
2760,6436
2760,6437
2761,6438
2761,6439
2762,6440
2762,6441
2762,6442
2763,6443
2763,6444
2764,6445
2764,6446
2765,6447
2765,6448
2766,6449
2766,6450
2766,6451
2766,6452
2766,6453
2767,6454
2768,6455
2768,6456
2768,6457
2769,6458
2769,6459
2769,6460
2769,6461
2770,6462
2770,6463
2771,6464
2772,6465
2773,6466
2773,6467
2773,6468
2774,6469
2774,6470
2774,6471
2774,6472
2774,6473
2774,6474
2775,6475
2775,6476
2775,6477
2775,6478
2775,6479
2776,6480
2776,6481
2776,6482
2777,6483
2778,6484
2779,6485
2779,6486
2779,6487
2779,6488
2780,6489
2780,6490
2780,6491
2780,6492
2780,6493
2780,6494
2780,6495
2781,6496
2781,6497
2782,6498
2782,6499
2782,6500
2782,6501
2783,6502
2783,6503
2784,6504
2784,6505
2784,6506
2784,6507
2785,6508
2785,6509
2786,6510
2786,6511
2787,6512
2788,6513
2788,6514
2788,6515
2789,6516
2789,6517
2790,6518
2790,6519
2790,6520
2790,6521
2790,6522
2790,6523
2791,6524
2791,6525
2792,6526
2792,6527
2792,6528
2793,6529
2793,6530
2794,6531
2794,6532
2794,6533
2794,6534
2794,6535
2794,6536
2794,6537
2794,6538
2794,6539
2794,6540
2794,6541
2795,6542
2795,6543
2796,6544
2796,6545
2796,6546
2797,6547
2797,6548
2797,6549
2797,6550
2797,6551
2797,6552
2798,6553
2798,6554
2798,6555
2799,6556
2800,6557
2800,6558
2800,6559
2800,6560
2800,6561
2800,6562
2800,6563
2800,6564
2800,6565
2800,6566
2801,6567
2802,6568
2803,6569
2804,6570
2804,6571
2804,6572
2804,6573
2805,6574
2805,6575
2805,6576
2806,6577
2807,6578
2808,6579
2808,6580
2808,6581
2809,6582
2810,6583
2810,6584
2810,6585
2811,6586
2811,6587
2812,6588
2812,6589
2812,6590
2812,6591
2812,6592
2812,6593
2813,6594
2813,6595
2813,6596
2813,6597
2813,6598
2814,6599
2814,6600
2815,6601
2816,6602
2816,6603
2817,6604
2817,6605
2817,6606
2817,6607
2818,6608
2819,6609
2819,6610
2819,6611
2819,6612
2820,6613
2820,6614
2821,6615
2821,6616
2822,6617
2822,6618
2823,6619
2824,6620
2824,6621
2825,6622
2825,6623
2826,6624
2826,6625
2826,6626
2827,6627
2827,6628
2828,6629
2828,6630
2828,6631
2829,6632
2829,6633
2829,6634
2829,6635
2830,6636
2830,6637
2830,6638
2831,6639
2831,6640
2831,6641
2831,6642
2832,6643
2832,6644
2832,6645
2832,6646
2833,6647
2834,6648
2834,6649
2834,6650
2835,6651
2836,6652
2836,6653
2837,6654
2838,6655
2838,6656
2839,6657
2839,6658
2840,6659
2840,6660
2840,6661
2841,6662
2841,6663
2841,6664
2841,6665
2842,6666
2843,6667
2844,6668
2845,6669
2845,6670
2846,6671
2846,6672
2847,6673
2848,6674
2849,6675
2849,6676
2850,6677
2850,6678
2850,6679
2850,6680
2850,6681
2850,6682
2851,6683
2851,6684
2852,6685
2852,6686
2852,6687
2852,6688
2852,6689
2852,6690
2853,6691
2853,6692
2854,6693
2854,6694
2854,6695
2854,6696
2855,6697
2855,6698
2855,6699
2856,6700
2856,6701
2856,6702
2857,6703
2857,6704
2857,6705
2858,6706
2858,6707
2859,6708
2860,6709
2861,6710
2861,6711
2861,6712
2861,6713
2861,6714
2862,6715
2862,6716
2863,6717
2863,6718
2863,6719
2863,6720
2864,6721
2864,6722
2864,6723
2864,6724
2865,6725
2865,6726
2866,6727
2866,6728
2866,6729
2866,6730
2866,6731
2866,6732
2866,6733
2867,6734
2867,6735
2867,6736
2868,6737
2868,6738
2868,6739
2868,6740
2868,6741
2868,6742
2868,6743
2869,6744
2869,6745
2869,6746
2870,6747
2870,6748
2871,6749
2872,6750
2873,6751
2873,6752
2873,6753
2874,6754
2874,6755
2874,6756
2875,6757
2876,6758
2876,6759
2876,6760
2876,6761
2876,6762
2876,6763
2876,6764
2877,6765
2877,6766
2877,6767
2877,6768
2877,6769
2878,6770
2878,6771
2878,6772
2878,6773
2878,6774
2879,6775
2879,6776
2880,6777
2881,6778
2882,6779
2882,6780
2883,6781
2883,6782
2883,6783
2883,6784
2883,6785
2883,6786
2883,6787
2884,6788
2885,6789
2886,6790
2886,6791
2886,6792
2886,6793
2886,6794
2886,6795
2887,6796
2888,6797
2888,6798
2889,6799
2890,6800
2890,6801
2890,6802
2891,6803
2891,6804
2892,6805
2893,6806
2894,6807
2895,6808
2895,6809
2895,6810
2895,6811
2895,6812
2896,6813
2897,6814
2897,6815
2897,6816
2898,6817
2898,6818
2899,6819
2899,6820
2900,6821
2900,6822
2900,6823
2900,6824
2900,6825
2900,6826
2900,6827
2900,6828
2901,6829
2901,6830
2902,6831
2902,6832
2902,6833
2902,6834
2902,6835
2902,6836
2902,6837
2902,6838
2903,6839
2903,6840
2903,6841
2904,6842
2904,6843
2905,6844
2905,6845
2906,6846
2907,6847
2907,6848
2908,6849
2908,6850
2908,6851
2908,6852
2908,6853
2908,6854
2908,6855
2908,6856
2908,6857
2909,6858
2910,6859
2910,6860
2910,6861
2910,6862
2911,6863
2912,6864
2912,6865
2912,6866
2912,6867
2913,6868
2914,6869
2914,6870
2915,6871
2916,6872
2917,6873
2917,6874
2917,6875
2917,6876
2917,6877
2918,6878
2918,6879
2918,6880
2918,6881
2918,6882
2918,6883
2918,6884
2919,6885
2920,6886
2920,6887
2920,6888
2920,6889
2920,6890
2921,6891
2921,6892
2922,6893
2923,6894
2923,6895
2924,6896
2925,6897
2926,6898
2927,6899
2927,6900
2928,6901
2928,6902
2928,6903
2929,6904
2929,6905
2929,6906
2930,6907
2931,6908
2932,6909
2932,6910
2932,6911
2933,6912
2934,6913
2934,6914
2934,6915
2935,6916
2935,6917
2935,6918
2935,6919
2935,6920
2935,6921
2936,6922
2937,6923
2938,6924
2938,6925
2938,6926
2938,6927
2938,6928
2938,6929
2939,6930
2939,6931
2940,6932
2940,6933
2940,6934
2941,6935
2942,6936
2943,6937
2944,6938
2945,6939
2946,6940
2947,6941
2947,6942
2948,6943
2948,6944
2949,6945
2949,6946
2949,6947
2949,6948
2949,6949
2949,6950
2949,6951
2949,6952
2949,6953
2949,6954
2950,6955
2950,6956
2950,6957
2950,6958
2950,6959
2951,6960
2952,6961
2952,6962
2953,6963
2953,6964
2953,6965
2954,6966
2954,6967
2955,6968
2955,6969
2956,6970
2956,6971
2957,6972
2958,6973
2958,6974
2958,6975
2958,6976
2959,6977
2959,6978
2960,6979
2961,6980
2961,6981
2961,6982
2961,6983
2962,6984
2963,6985
2963,6986
2964,6987
2964,6988
2964,6989
2964,6990
2965,6991
2965,6992
2966,6993
2966,6994
2967,6995
2967,6996
2967,6997
2967,6998
2967,6999
2967,7000
2967,7001
2967,7002
2968,7003
2969,7004
2970,7005
2970,7006
2971,7007
2972,7008
2972,7009
2972,7010
2972,7011
2972,7012
2972,7013
2972,7014
2973,7015
2973,7016
2973,7017
2974,7018
2975,7019
2976,7020
2976,7021
2976,7022
2977,7023
2978,7024
2979,7025
2980,7026
2980,7027
2980,7028
2980,7029
2981,7030
2981,7031
2982,7032
2982,7033
2983,7034
2983,7035
2983,7036
2983,7037
2983,7038
2983,7039
2983,7040
2984,7041
2985,7042
2985,7043
2986,7044
2986,7045
2987,7046
2988,7047
2988,7048
2988,7049
2988,7050
2988,7051
2988,7052
2989,7053
2989,7054
2990,7055
2990,7056
2991,7057
2992,7058
2992,7059
2992,7060
2992,7061
2992,7062
2992,7063
2992,7064
2992,7065
2993,7066
2993,7067
2994,7068
2994,7069
2995,7070
2995,7071
2996,7072
2996,7073
2996,7074
2996,7075
2997,7076
2998,7077
2998,7078
2999,7079
2999,7080
2999,7081
2999,7082
2999,7083
2999,7084
2999,7085
3000,7086
3000,7087
3000,7088
3000,7089
3000,7090
3000,7091
3001,7092
3001,7093
3001,7094
3002,7095
3003,7096
3003,7097
3004,7098
3004,7099
3004,7100
3004,7101
3004,7102
3004,7103
3004,7104
3005,7105
3005,7106
3006,7107
3006,7108
3006,7109
3006,7110
3007,7111
3008,7112
3008,7113
3009,7114
3009,7115
3010,7116
3011,7117
3011,7118
3011,7119
3011,7120
3011,7121
3011,7122
3012,7123
3013,7124
3013,7125
3014,7126
3015,7127
3015,7128
3016,7129
3017,7130
3018,7131
3019,7132
3020,7133
3021,7134
3021,7135
3021,7136
3021,7137
3022,7138
3022,7139
3023,7140
3023,7141
3023,7142
3023,7143
3023,7144
3024,7145
3025,7146
3025,7147
3025,7148
3025,7149
3026,7150
3027,7151
3028,7152
3029,7153
3029,7154
3029,7155
3030,7156
3030,7157
3030,7158
3030,7159
3031,7160
3032,7161
3032,7162
3033,7163
3033,7164
3033,7165
3033,7166
3034,7167
3035,7168
3035,7169
3036,7170
3036,7171
3036,7172
3036,7173
3036,7174
3036,7175
3037,7176
3037,7177
3037,7178
3037,7179
3037,7180
3037,7181
3038,7182
3038,7183
3039,7184
3040,7185
3040,7186
3040,7187
3041,7188
3041,7189
3041,7190
3041,7191
3042,7192
3043,7193
3043,7194
3043,7195
3043,7196
3043,7197
3043,7198
3043,7199
3043,7200
3044,7201
3044,7202
3044,7203
3044,7204
3045,7205
3045,7206
3046,7207
3046,7208
3047,7209
3047,7210
3047,7211
3048,7212
3048,7213
3048,7214
3048,7215
3049,7216
3049,7217
3049,7218
3049,7219
3050,7220
3050,7221
3050,7222
3050,7223
3050,7224
3050,7225
3051,7226
3051,7227
3051,7228
3051,7229
3052,7230
3052,7231
3052,7232
3052,7233
3052,7234
3053,7235
3053,7236
3053,7237
3054,7238
3054,7239
3054,7240
3055,7241
3055,7242
3055,7243
3055,7244
3056,7245
3056,7246
3057,7247
3058,7248
3058,7249
3059,7250
3059,7251
3060,7252
3060,7253
3060,7254
3060,7255
3060,7256
3060,7257
3060,7258
3060,7259
3060,7260
3061,7261
3061,7262
3062,7263
3062,7264
3063,7265
3063,7266
3063,7267
3063,7268
3063,7269
3063,7270
3063,7271
3063,7272
3064,7273
3064,7274
3064,7275
3065,7276
3065,7277
3065,7278
3065,7279
3065,7280
3065,7281
3065,7282
3065,7283
3066,7284
3066,7285
3066,7286
3067,7287
3067,7288
3067,7289
3067,7290
3067,7291
3068,7292
3068,7293
3069,7294
3069,7295
3070,7296
3070,7297
3070,7298
3070,7299
3071,7300
3071,7301
3071,7302
3071,7303
3072,7304
3073,7305
3074,7306
3074,7307
3074,7308
3075,7309
3075,7310
3075,7311
3076,7312
3077,7313
3077,7314
3078,7315
3078,7316
3078,7317
3078,7318
3079,7319
3079,7320
3079,7321
3079,7322
3079,7323
3079,7324
3080,7325
3080,7326
3080,7327
3081,7328
3081,7329
3081,7330
3081,7331
3081,7332
3082,7333
3082,7334
3082,7335
3083,7336
3083,7337
3083,7338
3083,7339
3084,7340
3084,7341
3084,7342
3084,7343
3085,7344
3086,7345
3086,7346
3087,7347
3088,7348
3089,7349
3090,7350
3090,7351
3090,7352
3090,7353
3090,7354
3090,7355
3090,7356
3091,7357
3091,7358
3091,7359
3091,7360
3092,7361
3092,7362
3092,7363
3093,7364
3094,7365
3094,7366
3095,7367
3095,7368
3096,7369
3096,7370
3096,7371
3097,7372
3097,7373
3098,7374
3099,7375
3099,7376
3099,7377
3099,7378
3099,7379
3099,7380
3099,7381
3099,7382
3099,7383
3100,7384
3100,7385
3101,7386
3101,7387
3102,7388
3102,7389
3103,7390
3104,7391
3104,7392
3105,7393
3105,7394
3106,7395
3106,7396
3107,7397
3107,7398
3108,7399
3109,7400
3109,7401
3109,7402
3110,7403
3111,7404
3111,7405
3111,7406
3111,7407
3111,7408
3111,7409
3111,7410
3111,7411
3111,7412
3111,7413
3112,7414
3112,7415
3113,7416
3113,7417
3113,7418
3114,7419
3114,7420
3114,7421
3114,7422
3114,7423
3114,7424
3114,7425
3114,7426
3114,7427
3115,7428
3115,7429
3115,7430
3115,7431
3115,7432
3115,7433
3116,7434
3116,7435
3116,7436
3117,7437
3117,7438
3117,7439
3117,7440
3117,7441
3117,7442
3117,7443
3118,7444
3119,7445
3120,7446
3121,7447
3121,7448
3121,7449
3122,7450
3122,7451
3123,7452
3123,7453
3123,7454
3123,7455
3123,7456
3123,7457
3124,7458
3124,7459
3125,7460
3126,7461
3126,7462
3126,7463
3127,7464
3127,7465
3127,7466
3127,7467
3128,7468
3128,7469
3129,7470
3130,7471
3131,7472
3131,7473
3131,7474
3131,7475
3132,7476
3133,7477
3133,7478
3133,7479
3134,7480
3134,7481
3135,7482
3135,7483
3135,7484
3135,7485
3136,7486
3136,7487
3137,7488
3137,7489
3137,7490
3137,7491
3138,7492
3139,7493
3140,7494
3140,7495
3140,7496
3141,7497
3142,7498
3142,7499
3143,7500
3143,7501
3143,7502
3143,7503
3143,7504
3144,7505
3144,7506
3144,7507
3145,7508
3145,7509
3145,7510
3145,7511
3145,7512
3145,7513
3145,7514
3145,7515
3145,7516
3146,7517
3146,7518
3147,7519
3147,7520
3147,7521
3147,7522
3148,7523
3148,7524
3149,7525
3149,7526
3150,7527
3150,7528
3150,7529
3151,7530
3151,7531
3151,7532
3151,7533
3151,7534
3152,7535
3152,7536
3152,7537
3152,7538
3152,7539
3152,7540
3152,7541
3152,7542
3153,7543
3154,7544
3154,7545
3154,7546
3154,7547
3155,7548
3155,7549
3156,7550
3156,7551
3156,7552
3157,7553
3158,7554
3159,7555
3159,7556
3160,7557
3161,7558
3161,7559
3162,7560
3163,7561
3164,7562
3164,7563
3164,7564
3164,7565
3164,7566
3164,7567
3164,7568
3164,7569
3164,7570
3165,7571
3166,7572
3166,7573
3166,7574
3166,7575
3167,7576
3167,7577
3167,7578
3167,7579
3167,7580
3168,7581
3168,7582
3168,7583
3169,7584
3169,7585
3169,7586
3169,7587
3169,7588
3169,7589
3170,7590
3171,7591
3171,7592
3171,7593
3171,7594
3171,7595
3171,7596
3172,7597
3173,7598
3173,7599
3173,7600
3173,7601
3173,7602
3173,7603
3173,7604
3173,7605
3173,7606
3174,7607
3175,7608
3175,7609
3176,7610
3176,7611
3176,7612
3177,7613
3177,7614
3177,7615
3177,7616
3178,7617
3178,7618
3178,7619
3178,7620
3179,7621
3180,7622
3180,7623
3180,7624
3180,7625
3181,7626
3181,7627
3181,7628
3181,7629
3181,7630
3182,7631
3182,7632
3183,7633
3183,7634
3184,7635
3184,7636
3185,7637
3185,7638
3185,7639
3185,7640
3185,7641
3186,7642
3186,7643
3186,7644
3186,7645
3186,7646
3186,7647
3186,7648
3186,7649
3187,7650
3187,7651
3187,7652
3187,7653
3188,7654
3188,7655
3188,7656
3188,7657
3188,7658
3189,7659
3190,7660
3190,7661
3190,7662
3190,7663
3190,7664
3190,7665
3190,7666
3190,7667
3191,7668
3192,7669
3192,7670
3192,7671
3193,7672
3193,7673
3193,7674
3193,7675
3193,7676
3193,7677
3194,7678
3194,7679
3194,7680
3194,7681
3195,7682
3195,7683
3196,7684
3196,7685
3196,7686
3197,7687
3197,7688
3197,7689
3198,7690
3199,7691
3200,7692
3200,7693
3200,7694
3200,7695
3200,7696
3200,7697
3201,7698
3202,7699
3203,7700
3204,7701
3204,7702
3204,7703
3204,7704
3204,7705
3205,7706
3205,7707
3206,7708
3207,7709
3208,7710
3208,7711
3208,7712
3208,7713
3208,7714
3208,7715
3208,7716
3209,7717
3209,7718
3209,7719
3209,7720
3210,7721
3210,7722
3210,7723
3211,7724
3211,7725
3211,7726
3211,7727
3211,7728
3211,7729
3211,7730
3212,7731
3212,7732
3212,7733
3212,7734
3212,7735
3213,7736
3213,7737
3214,7738
3215,7739
3215,7740
3215,7741
3215,7742
3215,7743
3215,7744
3216,7745
3216,7746
3216,7747
3216,7748
3216,7749
3216,7750
3216,7751
3216,7752
3217,7753
3218,7754
3219,7755
3220,7756
3220,7757
3220,7758
3220,7759
3220,7760
3220,7761
3221,7762
3222,7763
3222,7764
3222,7765
3223,7766
3224,7767
3224,7768
3225,7769
3225,7770
3226,7771
3226,7772
3226,7773
3227,7774
3227,7775
3227,7776
3227,7777
3227,7778
3228,7779
3228,7780
3229,7781
3229,7782
3229,7783
3229,7784
3229,7785
3229,7786
3229,7787
3229,7788
3229,7789
3229,7790
3230,7791
3230,7792
3230,7793
3230,7794
3230,7795
3230,7796
3230,7797
3230,7798
3231,7799
3232,7800
3232,7801
3232,7802
3232,7803
3232,7804
3232,7805
3233,7806
3233,7807
3234,7808
3234,7809
3234,7810
3234,7811
3234,7812
3235,7813
3235,7814
3235,7815
3236,7816
3236,7817
3236,7818
3237,7819
3237,7820
3238,7821
3238,7822
3239,7823
3239,7824
3239,7825
3239,7826
3239,7827
3240,7828
3240,7829
3241,7830
3241,7831
3241,7832
3241,7833
3242,7834
3242,7835
3243,7836
3243,7837
3243,7838
3244,7839
3244,7840
3244,7841
3244,7842
3245,7843
3246,7844
3247,7845
3247,7846
3248,7847
3248,7848
3249,7849
3249,7850
3250,7851
3250,7852
3250,7853
3251,7854
3252,7855
3253,7856
3253,7857
3253,7858
3254,7859
3254,7860
3255,7861
3256,7862
3256,7863
3256,7864
3257,7865
3257,7866
3258,7867
3258,7868
3258,7869
3258,7870
3259,7871
3259,7872
3259,7873
3259,7874
3259,7875
3259,7876
3259,7877
3259,7878
3259,7879
3259,7880
3259,7881
3260,7882
3260,7883
3260,7884
3260,7885
3260,7886
3261,7887
3262,7888
3262,7889
3262,7890
3263,7891
3264,7892
3265,7893
3266,7894
3266,7895
3267,7896
3267,7897
3267,7898
3267,7899
3268,7900
3268,7901
3269,7902
3270,7903
3271,7904
3271,7905
3271,7906
3272,7907
3272,7908
3272,7909
3272,7910
3272,7911
3272,7912
3272,7913
3272,7914
3272,7915
3272,7916
3273,7917
3273,7918
3274,7919
3275,7920
3275,7921
3275,7922
3275,7923
3275,7924
3275,7925
3276,7926
3276,7927
3277,7928
3277,7929
3277,7930
3277,7931
3277,7932
3277,7933
3277,7934
3278,7935
3278,7936
3278,7937
3278,7938
3279,7939
3279,7940
3279,7941
3279,7942
3279,7943
3280,7944
3281,7945
3282,7946
3283,7947
3283,7948
3283,7949
3284,7950
3284,7951
3284,7952
3285,7953
3286,7954
3287,7955
3287,7956
3288,7957
3288,7958
3288,7959
3289,7960
3290,7961
3290,7962
3290,7963
3290,7964
3290,7965
3290,7966
3290,7967
3290,7968
3290,7969
3291,7970
3291,7971
3292,7972
3292,7973
3292,7974
3293,7975
3293,7976
3294,7977
3295,7978
3295,7979
3296,7980
3296,7981
3296,7982
3297,7983
3298,7984
3298,7985
3298,7986
3299,7987
3299,7988
3299,7989
3299,7990
3300,7991
3301,7992
3302,7993
3302,7994
3303,7995
3303,7996
3303,7997
3303,7998
3303,7999
3303,8000
3303,8001
3303,8002
3304,8003
3304,8004
3304,8005
3304,8006
3304,8007
3305,8008
3306,8009
3306,8010
3306,8011
3307,8012
3307,8013
3307,8014
3307,8015
3307,8016
3307,8017
3308,8018
3309,8019
3309,8020
3309,8021
3310,8022
3311,8023
3311,8024
3311,8025
3311,8026
3312,8027
3312,8028
3312,8029
3312,8030
3312,8031
3313,8032
3314,8033
3314,8034
3314,8035
3314,8036
3314,8037
3314,8038
3314,8039
3314,8040
3314,8041
3315,8042
3315,8043
3315,8044
3315,8045
3315,8046
3315,8047
3315,8048
3315,8049
3316,8050
3317,8051
3317,8052
3317,8053
3317,8054
3317,8055
3318,8056
3318,8057
3319,8058
3319,8059
3319,8060
3320,8061
3320,8062
3321,8063
3321,8064
3321,8065
3322,8066
3322,8067
3322,8068
3323,8069
3323,8070
3324,8071
3325,8072
3325,8073
3326,8074
3326,8075
3326,8076
3326,8077
3327,8078
3328,8079
3328,8080
3328,8081
3329,8082
3329,8083
3329,8084
3330,8085
3330,8086
3330,8087
3331,8088
3331,8089
3332,8090
3332,8091
3332,8092
3333,8093
3333,8094
3333,8095
3334,8096
3334,8097
3335,8098
3335,8099
3335,8100
3336,8101
3336,8102
3336,8103
3336,8104
3336,8105
3336,8106
3337,8107
3337,8108
3337,8109
3337,8110
3338,8111
3338,8112
3338,8113
3338,8114
3338,8115
3338,8116
3338,8117
3339,8118
3339,8119
3339,8120
3339,8121
3340,8122
3340,8123
3340,8124
3341,8125
3342,8126
3342,8127
3343,8128
3343,8129
3343,8130
3344,8131
3344,8132
3344,8133
3344,8134
3344,8135
3344,8136
3344,8137
3344,8138
3344,8139
3344,8140
3345,8141
3346,8142
3346,8143
3346,8144
3346,8145
3346,8146
3346,8147
3346,8148
3346,8149
3346,8150
3346,8151
3347,8152
3347,8153
3348,8154
3349,8155
3349,8156
3350,8157
3350,8158
3350,8159
3350,8160
3351,8161
3352,8162
3352,8163
3352,8164
3352,8165
3353,8166
3353,8167
3354,8168
3354,8169
3354,8170
3354,8171
3355,8172
3355,8173
3355,8174
3356,8175
3357,8176
3357,8177
3357,8178
3357,8179
3358,8180
3359,8181
3359,8182
3359,8183
3359,8184
3360,8185
3361,8186
3361,8187
3362,8188
3363,8189
3364,8190
3365,8191
3366,8192
3367,8193
3367,8194
3367,8195
3368,8196
3369,8197
3369,8198
3370,8199
3371,8200
3372,8201
3373,8202
3373,8203
3374,8204
3374,8205
3374,8206
3375,8207
3375,8208
3375,8209
3375,8210
3375,8211
3376,8212
3377,8213
3377,8214
3378,8215
3378,8216
3379,8217
3379,8218
3379,8219
3379,8220
3379,8221
3379,8222
3379,8223
3380,8224
3380,8225
3381,8226
3382,8227
3382,8228
3382,8229
3382,8230
3383,8231
3384,8232
3384,8233
3384,8234
3385,8235
3386,8236
3387,8237
3387,8238
3387,8239
3387,8240
3387,8241
3388,8242
3389,8243
3389,8244
3390,8245
3391,8246
3392,8247
3393,8248
3393,8249
3393,8250
3394,8251
3395,8252
3395,8253
3396,8254
3396,8255
3396,8256
3397,8257
3397,8258
3397,8259
3397,8260
3398,8261
3398,8262
3398,8263
3398,8264
3398,8265
3398,8266
3399,8267
3399,8268
3399,8269
3399,8270
3399,8271
3399,8272
3400,8273
3400,8274
3400,8275
3400,8276
3401,8277
3401,8278
3401,8279
3402,8280
3402,8281
3403,8282
3404,8283
3404,8284
3404,8285
3404,8286
3404,8287
3405,8288
3405,8289
3405,8290
3405,8291
3405,8292
3405,8293
3405,8294
3405,8295
3406,8296
3407,8297
3407,8298
3408,8299
3408,8300
3409,8301
3410,8302
3411,8303
3412,8304
3413,8305
3414,8306
3415,8307
3416,8308
3416,8309
3416,8310
3416,8311
3417,8312
3417,8313
3418,8314
3418,8315
3419,8316
3419,8317
3419,8318
3420,8319
3420,8320
3420,8321
3421,8322
3421,8323
3422,8324
3422,8325
3423,8326
3423,8327
3423,8328
3423,8329
3423,8330
3423,8331
3424,8332
3424,8333
3424,8334
3424,8335
3424,8336
3425,8337
3425,8338
3426,8339
3426,8340
3426,8341
3427,8342
3428,8343
3429,8344
3429,8345
3429,8346
3430,8347
3430,8348
3431,8349
3431,8350
3432,8351
3432,8352
3432,8353
3432,8354
3432,8355
3432,8356
3432,8357
3432,8358
3432,8359
3433,8360
3433,8361
3434,8362
3435,8363
3436,8364
3437,8365
3438,8366
3439,8367
3440,8368
3440,8369
3440,8370
3441,8371
3441,8372
3441,8373
3442,8374
3442,8375
3442,8376
3443,8377
3443,8378
3443,8379
3443,8380
3444,8381
3444,8382
3444,8383
3445,8384
3446,8385
3446,8386
3447,8387
3448,8388
3449,8389
3449,8390
3449,8391
3450,8392
3450,8393
3451,8394
3451,8395
3452,8396
3453,8397
3453,8398
3453,8399
3453,8400
3453,8401
3453,8402
3453,8403
3454,8404
3455,8405
3456,8406
3456,8407
3457,8408
3458,8409
3459,8410
3460,8411
3460,8412
3460,8413
3460,8414
3460,8415
3460,8416
3460,8417
3460,8418
3460,8419
3461,8420
3462,8421
3462,8422
3463,8423
3463,8424
3463,8425
3463,8426
3464,8427
3465,8428
3465,8429
3466,8430
3467,8431
3467,8432
3468,8433
3469,8434
3470,8435
3470,8436
3470,8437
3470,8438
3470,8439
3470,8440
3471,8441
3471,8442
3471,8443
3471,8444
3471,8445
3471,8446
3472,8447
3472,8448
3472,8449
3472,8450
3472,8451
3473,8452
3473,8453
3473,8454
3473,8455
3473,8456
3473,8457
3474,8458
3475,8459
3475,8460
3475,8461
3475,8462
3475,8463
3476,8464
3476,8465
3477,8466
3477,8467
3477,8468
3478,8469
3479,8470
3480,8471
3481,8472
3482,8473
3482,8474
3482,8475
3482,8476
3483,8477
3484,8478
3484,8479
3485,8480
3485,8481
3485,8482
3485,8483
3485,8484
3485,8485
3486,8486
3486,8487
3486,8488
3486,8489
3487,8490
3487,8491
3488,8492
3489,8493
3489,8494
3489,8495
3490,8496
3491,8497
3491,8498
3491,8499
3492,8500
3492,8501
3493,8502
3493,8503
3493,8504
3493,8505
3494,8506
3494,8507
3494,8508
3494,8509
3494,8510
3495,8511
3495,8512
3496,8513
3497,8514
3497,8515
3497,8516
3498,8517
3499,8518
3499,8519
3499,8520
3500,8521
3501,8522
3501,8523
3502,8524
3502,8525
3502,8526
3502,8527
3502,8528
3502,8529
3502,8530
3503,8531
3503,8532
3503,8533
3503,8534
3504,8535
3504,8536
3505,8537
3505,8538
3506,8539
3506,8540
3507,8541
3507,8542
3507,8543
3507,8544
3507,8545
3508,8546
3508,8547
3508,8548
3509,8549
3509,8550
3510,8551
3510,8552
3510,8553
3510,8554
3510,8555
3511,8556
3511,8557
3511,8558
3511,8559
3511,8560
3511,8561
3511,8562
3512,8563
3512,8564
3513,8565
3514,8566
3514,8567
3515,8568
3515,8569
3515,8570
3515,8571
3515,8572
3515,8573
3516,8574
3516,8575
3516,8576
3516,8577
3517,8578
3517,8579
3518,8580
3518,8581
3518,8582
3518,8583
3518,8584
3519,8585
3519,8586
3520,8587
3520,8588
3520,8589
3520,8590
3520,8591
3520,8592
3520,8593
3520,8594
3520,8595
3521,8596
3522,8597
3522,8598
3523,8599
3524,8600
3525,8601
3526,8602
3527,8603
3527,8604
3527,8605
3527,8606
3528,8607
3528,8608
3529,8609
3529,8610
3529,8611
3529,8612
3529,8613
3530,8614
3530,8615
3531,8616
3531,8617
3531,8618
3531,8619
3531,8620
3531,8621
3532,8622
3533,8623
3533,8624
3533,8625
3533,8626
3533,8627
3533,8628
3533,8629
3534,8630
3534,8631
3534,8632
3535,8633
3535,8634
3536,8635
3537,8636
3538,8637
3539,8638
3539,8639
3539,8640
3540,8641
3540,8642
3540,8643
3540,8644
3540,8645
3540,8646
3540,8647
3540,8648
3541,8649
3541,8650
3541,8651
3542,8652
3543,8653
3544,8654
3544,8655
3545,8656
3545,8657
3546,8658
3546,8659
3547,8660
3548,8661
3548,8662
3548,8663
3549,8664
3549,8665
3549,8666
3549,8667
3549,8668
3550,8669
3550,8670
3550,8671
3551,8672
3551,8673
3551,8674
3551,8675
3552,8676
3552,8677
3552,8678
3553,8679
3554,8680
3555,8681
3555,8682
3556,8683
3556,8684
3556,8685
3557,8686
3558,8687
3558,8688
3558,8689
3558,8690
3558,8691
3559,8692
3559,8693
3559,8694
3560,8695
3561,8696
3561,8697
3562,8698
3562,8699
3563,8700
3564,8701
3564,8702
3564,8703
3565,8704
3566,8705
3567,8706
3568,8707
3569,8708
3569,8709
3570,8710
3570,8711
3570,8712
3570,8713
3570,8714
3570,8715
3570,8716
3570,8717
3570,8718
3571,8719
3571,8720
3572,8721
3572,8722
3572,8723
3573,8724
3573,8725
3573,8726
3573,8727
3573,8728
3574,8729
3574,8730
3574,8731
3574,8732
3575,8733
3575,8734
3575,8735
3575,8736
3575,8737
3575,8738
3575,8739
3576,8740
3576,8741
3577,8742
3577,8743
3578,8744
3579,8745
3579,8746
3579,8747
3580,8748
3580,8749
3581,8750
3581,8751
3581,8752
3582,8753
3582,8754
3582,8755
3583,8756
3583,8757
3583,8758
3583,8759
3583,8760
3583,8761
3584,8762
3584,8763
3584,8764
3584,8765
3584,8766
3584,8767
3584,8768
3584,8769
3584,8770
3584,8771
3584,8772
3585,8773
3585,8774
3585,8775
3585,8776
3585,8777
3586,8778
3586,8779
3586,8780
3586,8781
3587,8782
3587,8783
3587,8784
3588,8785
3588,8786
3588,8787
3588,8788
3588,8789
3588,8790
3588,8791
3589,8792
3590,8793
3590,8794
3590,8795
3591,8796
3592,8797
3592,8798
3592,8799
3593,8800
3593,8801
3593,8802
3594,8803
3594,8804
3595,8805
3595,8806
3595,8807
3595,8808
3596,8809
3596,8810
3596,8811
3596,8812
3596,8813
3596,8814
3596,8815
3596,8816
3597,8817
3597,8818
3597,8819
3597,8820
3598,8821
3598,8822
3598,8823
3598,8824
3598,8825
3598,8826
3599,8827
3600,8828
3600,8829
3600,8830
3601,8831
3601,8832
3602,8833
3603,8834
3603,8835
3604,8836
3605,8837
3606,8838
3606,8839
3606,8840
3606,8841
3606,8842
3606,8843
3606,8844
3606,8845
3606,8846
3607,8847
3607,8848
3608,8849
3609,8850
3609,8851
3609,8852
3610,8853
3610,8854
3611,8855
3611,8856
3612,8857
3612,8858
3612,8859
3612,8860
3612,8861
3612,8862
3612,8863
3612,8864
3612,8865
3612,8866
3613,8867
3614,8868
3614,8869
3614,8870
3614,8871
3614,8872
3614,8873
3615,8874
3615,8875
3616,8876
3617,8877
3617,8878
3617,8879
3617,8880
3617,8881
3617,8882
3617,8883
3617,8884
3617,8885
3618,8886
3619,8887
3619,8888
3619,8889
3620,8890
3620,8891
3620,8892
3621,8893
3621,8894
3621,8895
3622,8896
3622,8897
3623,8898
3624,8899
3624,8900
3624,8901
3625,8902
3625,8903
3625,8904
3625,8905
3625,8906
3625,8907
3625,8908
3626,8909
3626,8910
3627,8911
3628,8912
3628,8913
3629,8914
3629,8915
3629,8916
3630,8917
3630,8918
3630,8919
3630,8920
3631,8921
3631,8922
3631,8923
3632,8924
3632,8925
3633,8926
3634,8927
3635,8928
3635,8929
3635,8930
3636,8931
3637,8932
3638,8933
3639,8934
3639,8935
3639,8936
3640,8937
3640,8938
3640,8939
3641,8940
3641,8941
3641,8942
3641,8943
3641,8944
3642,8945
3642,8946
3642,8947
3642,8948
3642,8949
3642,8950
3642,8951
3643,8952
3643,8953
3644,8954
3645,8955
3645,8956
3645,8957
3646,8958
3647,8959
3647,8960
3647,8961
3647,8962
3647,8963
3647,8964
3647,8965
3647,8966
3647,8967
3648,8968
3648,8969
3649,8970
3649,8971
3649,8972
3649,8973
3649,8974
3649,8975
3649,8976
3649,8977
3649,8978
3649,8979
3649,8980
3650,8981
3650,8982
3651,8983
3651,8984
3651,8985
3651,8986
3652,8987
3652,8988
3653,8989
3653,8990
3653,8991
3653,8992
3653,8993
3653,8994
3654,8995
3654,8996
3655,8997
3656,8998
3656,8999
3656,9000
3657,9001
3658,9002
3659,9003
3659,9004
3660,9005
3660,9006
3661,9007
3661,9008
3662,9009
3663,9010
3664,9011
3664,9012
3664,9013
3665,9014
3665,9015
3665,9016
3665,9017
3665,9018
3665,9019
3665,9020
3665,9021
3665,9022
3666,9023
3667,9024
3667,9025
3668,9026
3668,9027
3668,9028
3669,9029
3669,9030
3669,9031
3669,9032
3669,9033
3669,9034
3670,9035
3670,9036
3670,9037
3671,9038
3671,9039
3671,9040
3672,9041
3673,9042
3674,9043
3674,9044
3675,9045
3675,9046
3675,9047
3676,9048
3677,9049
3677,9050
3677,9051
3677,9052
3678,9053
3679,9054
3679,9055
3679,9056
3680,9057
3680,9058
3680,9059
3681,9060
3681,9061
3681,9062
3682,9063
3682,9064
3682,9065
3683,9066
3683,9067
3684,9068
3685,9069
3686,9070
3687,9071
3687,9072
3687,9073
3687,9074
3687,9075
3687,9076
3688,9077
3688,9078
3688,9079
3688,9080
3688,9081
3688,9082
3688,9083
3688,9084
3688,9085
3688,9086
3689,9087
3689,9088
3690,9089
3690,9090
3691,9091
3691,9092
3691,9093
3691,9094
3691,9095
3691,9096
3691,9097
3691,9098
3692,9099
3692,9100
3692,9101
3693,9102
3693,9103
3694,9104
3694,9105
3695,9106
3696,9107
3697,9108
3697,9109
3697,9110
3698,9111
3699,9112
3700,9113
3700,9114
3700,9115
3701,9116
3702,9117
3702,9118
3702,9119
3702,9120
3702,9121
3702,9122
3703,9123
3704,9124
3705,9125
3706,9126
3706,9127
3707,9128
3707,9129
3708,9130
3709,9131
3709,9132
3709,9133
3710,9134
3711,9135
3711,9136
3711,9137
3712,9138
3713,9139
3714,9140
3714,9141
3714,9142
3714,9143
3715,9144
3715,9145
3716,9146
3716,9147
3716,9148
3717,9149
3717,9150
3718,9151
3719,9152
3719,9153
3719,9154
3719,9155
3720,9156
3720,9157
3721,9158
3721,9159
3721,9160
3722,9161
3722,9162
3723,9163
3723,9164
3723,9165
3724,9166
3724,9167
3724,9168
3725,9169
3726,9170
3726,9171
3726,9172
3726,9173
3726,9174
3726,9175
3727,9176
3728,9177
3728,9178
3728,9179
3728,9180
3729,9181
3730,9182
3730,9183
3730,9184
3731,9185
3731,9186
3732,9187
3732,9188
3732,9189
3733,9190
3734,9191
3735,9192
3736,9193
3736,9194
3736,9195
3736,9196
3737,9197
3737,9198
3738,9199
3739,9200
3740,9201
3740,9202
3741,9203
3741,9204
3742,9205
3742,9206
3743,9207
3744,9208
3744,9209
3744,9210
3744,9211
3744,9212
3745,9213
3745,9214
3745,9215
3745,9216
3745,9217
3745,9218
3746,9219
3746,9220
3747,9221
3747,9222
3747,9223
3747,9224
3748,9225
3749,9226
3749,9227
3749,9228
3750,9229
3750,9230
3751,9231
3752,9232
3752,9233
3752,9234
3752,9235
3752,9236
3752,9237
3752,9238
3752,9239
3752,9240
3752,9241
3753,9242
3753,9243
3754,9244
3754,9245
3754,9246
3755,9247
3756,9248
3757,9249
3757,9250
3757,9251
3757,9252
3757,9253
3757,9254
3757,9255
3757,9256
3758,9257
3759,9258
3759,9259
3760,9260
3760,9261
3760,9262
3760,9263
3760,9264
3760,9265
3760,9266
3761,9267
3761,9268
3762,9269
3762,9270
3762,9271
3763,9272
3763,9273
3763,9274
3764,9275
3764,9276
3764,9277
3765,9278
3765,9279
3765,9280
3765,9281
3765,9282
3765,9283
3765,9284
3765,9285
3765,9286
3765,9287
3766,9288
3767,9289
3767,9290
3768,9291
3768,9292
3768,9293
3769,9294
3769,9295
3770,9296
3770,9297
3770,9298
3770,9299
3771,9300
3771,9301
3772,9302
3772,9303
3772,9304
3772,9305
3772,9306
3772,9307
3773,9308
3773,9309
3773,9310
3773,9311
3773,9312
3773,9313
3774,9314
3774,9315
3774,9316
3775,9317
3775,9318
3776,9319
3777,9320
3777,9321
3777,9322
3777,9323
3777,9324
3777,9325
3777,9326
3778,9327
3778,9328
3778,9329
3778,9330
3779,9331
3779,9332
3779,9333
3780,9334
3780,9335
3781,9336
3781,9337
3781,9338
3782,9339
3782,9340
3782,9341
3782,9342
3782,9343
3783,9344
3783,9345
3784,9346
3785,9347
3786,9348
3786,9349
3786,9350
3787,9351
3787,9352
3787,9353
3787,9354
3787,9355
3788,9356
3788,9357
3788,9358
3788,9359
3789,9360
3789,9361
3789,9362
3789,9363
3789,9364
3789,9365
3789,9366
3790,9367
3790,9368
3791,9369
3791,9370
3791,9371
3791,9372
3791,9373
3792,9374
3793,9375
3794,9376
3795,9377
3795,9378
3795,9379
3795,9380
3795,9381
3796,9382
3796,9383
3797,9384
3798,9385
3799,9386
3799,9387
3800,9388
3800,9389
3801,9390
3802,9391
3802,9392
3803,9393
3803,9394
3803,9395
3804,9396
3804,9397
3805,9398
3805,9399
3805,9400
3806,9401
3807,9402
3808,9403
3809,9404
3809,9405
3809,9406
3809,9407
3810,9408
3810,9409
3810,9410
3810,9411
3811,9412
3811,9413
3811,9414
3812,9415
3813,9416
3813,9417
3813,9418
3813,9419
3813,9420
3813,9421
3813,9422
3813,9423
3813,9424
3813,9425
3814,9426
3814,9427
3815,9428
3815,9429
3816,9430
3816,9431
3816,9432
3817,9433
3817,9434
3817,9435
3817,9436
3818,9437
3818,9438
3819,9439
3820,9440
3820,9441
3820,9442
3821,9443
3821,9444
3822,9445
3822,9446
3822,9447
3822,9448
3823,9449
3823,9450
3823,9451
3824,9452
3824,9453
3824,9454
3824,9455
3824,9456
3825,9457
3825,9458
3826,9459
3827,9460
3827,9461
3827,9462
3827,9463
3828,9464
3829,9465
3829,9466
3830,9467
3830,9468
3831,9469
3831,9470
3832,9471
3832,9472
3833,9473
3833,9474
3833,9475
3833,9476
3834,9477
3834,9478
3834,9479
3834,9480
3834,9481
3834,9482
3835,9483
3835,9484
3836,9485
3836,9486
3837,9487
3837,9488
3837,9489
3838,9490
3838,9491
3839,9492
3839,9493
3839,9494
3840,9495
3840,9496
3840,9497
3841,9498
3842,9499
3842,9500
3842,9501
3842,9502
3842,9503
3842,9504
3842,9505
3842,9506
3843,9507
3843,9508
3843,9509
3843,9510
3844,9511
3844,9512
3844,9513
3845,9514
3845,9515
3845,9516
3846,9517
3846,9518
3846,9519
3846,9520
3846,9521
3846,9522
3846,9523
3846,9524
3846,9525
3847,9526
3847,9527
3847,9528
3848,9529
3848,9530
3848,9531
3848,9532
3848,9533
3848,9534
3849,9535
3849,9536
3850,9537
3851,9538
3851,9539
3851,9540
3851,9541
3851,9542
3851,9543
3851,9544
3852,9545
3853,9546
3854,9547
3854,9548
3854,9549
3855,9550
3856,9551
3857,9552
3858,9553
3858,9554
3859,9555
3859,9556
3859,9557
3859,9558
3859,9559
3859,9560
3859,9561
3859,9562
3859,9563
3859,9564
3860,9565
3860,9566
3861,9567
3861,9568
3861,9569
3861,9570
3862,9571
3862,9572
3863,9573
3863,9574
3864,9575
3865,9576
3865,9577
3866,9578
3867,9579
3867,9580
3868,9581
3868,9582
3868,9583
3868,9584
3869,9585
3870,9586
3870,9587
3870,9588
3870,9589
3871,9590
3871,9591
3872,9592
3872,9593
3872,9594
3872,9595
3873,9596
3873,9597
3874,9598
3874,9599
3874,9600
3874,9601
3875,9602
3876,9603
3877,9604
3878,9605
3879,9606
3879,9607
3880,9608
3880,9609
3880,9610
3880,9611
3880,9612
3881,9613
3881,9614
3881,9615
3881,9616
3882,9617
3882,9618
3882,9619
3882,9620
3882,9621
3882,9622
3882,9623
3882,9624
3882,9625
3882,9626
3882,9627
3883,9628
3883,9629
3884,9630
3884,9631
3885,9632
3886,9633
3886,9634
3886,9635
3887,9636
3888,9637
3889,9638
3889,9639
3889,9640
3890,9641
3891,9642
3891,9643
3892,9644
3892,9645
3893,9646
3893,9647
3893,9648
3893,9649
3893,9650
3893,9651
3893,9652
3893,9653
3894,9654
3894,9655
3895,9656
3895,9657
3896,9658
3896,9659
3897,9660
3897,9661
3897,9662
3898,9663
3899,9664
3899,9665
3899,9666
3899,9667
3899,9668
3899,9669
3900,9670
3900,9671
3900,9672
3900,9673
3901,9674
3901,9675
3902,9676
3902,9677
3903,9678
3903,9679
3904,9680
3905,9681
3905,9682
3905,9683
3906,9684
3907,9685
3908,9686
3908,9687
3909,9688
3909,9689
3909,9690
3910,9691
3910,9692
3911,9693
3911,9694
3912,9695
3912,9696
3912,9697
3913,9698
3913,9699
3913,9700
3914,9701
3914,9702
3915,9703
3915,9704
3916,9705
3916,9706
3916,9707
3916,9708
3916,9709
3916,9710
3917,9711
3917,9712
3918,9713
3918,9714
3919,9715
3919,9716
3919,9717
3920,9718
3920,9719
3920,9720
3920,9721
3920,9722
3921,9723
3922,9724
3922,9725
3922,9726
3922,9727
3923,9728
3923,9729
3924,9730
3925,9731
3925,9732
3925,9733
3925,9734
3926,9735
3926,9736
3926,9737
3927,9738
3927,9739
3928,9740
3929,9741
3930,9742
3930,9743
3931,9744
3932,9745
3933,9746
3934,9747
3934,9748
3934,9749
3934,9750
3934,9751
3934,9752
3934,9753
3934,9754
3934,9755
3934,9756
3935,9757
3935,9758
3935,9759
3936,9760
3936,9761
3936,9762
3936,9763
3936,9764
3936,9765
3936,9766
3936,9767
3936,9768
3936,9769
3937,9770
3938,9771
3938,9772
3939,9773
3939,9774
3939,9775
3940,9776
3941,9777
3941,9778
3941,9779
3942,9780
3942,9781
3942,9782
3942,9783
3942,9784
3943,9785
3943,9786
3943,9787
3944,9788
3944,9789
3944,9790
3944,9791
3944,9792
3944,9793
3945,9794
3945,9795
3945,9796
3946,9797
3947,9798
3947,9799
3947,9800
3947,9801
3948,9802
3948,9803
3949,9804
3950,9805
3951,9806
3951,9807
3952,9808
3952,9809
3952,9810
3952,9811
3952,9812
3953,9813
3954,9814
3955,9815
3955,9816
3955,9817
3955,9818
3956,9819
3956,9820
3956,9821
3957,9822
3957,9823
3958,9824
3958,9825
3958,9826
3959,9827
3959,9828
3959,9829
3959,9830
3960,9831
3961,9832
3961,9833
3961,9834
3961,9835
3961,9836
3961,9837
3962,9838
3962,9839
3962,9840
3963,9841
3963,9842
3963,9843
3964,9844
3964,9845
3965,9846
3966,9847
3967,9848
3967,9849
3967,9850
3967,9851
3968,9852
3968,9853
3969,9854
3969,9855
3970,9856
3970,9857
3971,9858
3971,9859
3971,9860
3972,9861
3972,9862
3972,9863
3972,9864
3973,9865
3974,9866
3975,9867
3975,9868
3975,9869
3975,9870
3976,9871
3976,9872
3976,9873
3977,9874
3977,9875
3978,9876
3978,9877
3979,9878
3980,9879
3980,9880
3981,9881
3982,9882
3982,9883
3982,9884
3982,9885
3982,9886
3983,9887
3983,9888
3983,9889
3983,9890
3983,9891
3984,9892
3985,9893
3986,9894
3987,9895
3987,9896
3988,9897
3988,9898
3988,9899
3988,9900
3988,9901
3988,9902
3988,9903
3988,9904
3988,9905
3988,9906
3989,9907
3989,9908
3989,9909
3989,9910
3989,9911
3989,9912
3989,9913
3989,9914
3990,9915
3990,9916
3991,9917
3991,9918
3991,9919
3991,9920
3992,9921
3993,9922
3994,9923
3994,9924
3995,9925
3995,9926
3995,9927
3995,9928
3996,9929
3996,9930
3996,9931
3996,9932
3996,9933
3996,9934
3996,9935
3996,9936
3997,9937
3997,9938
3997,9939
3997,9940
3997,9941
3998,9942
3998,9943
3998,9944
3998,9945
3998,9946
3998,9947
3999,9948
4000,9949
4001,9950
4001,9951
4001,9952
4002,9953
4002,9954
4002,9955
4003,9956
4003,9957
4003,9958
4003,9959
4003,9960
4004,9961
4005,9962
4006,9963
4006,9964
4006,9965
4006,9966
4007,9967
4007,9968
4008,9969
4008,9970
4008,9971
4008,9972
4008,9973
4008,9974
4008,9975
4008,9976
4009,9977
4010,9978
4011,9979
4011,9980
4012,9981
4012,9982
4013,9983
4014,9984
4014,9985
4014,9986
4014,9987
4015,9988
4016,9989
4016,9990
4016,9991
4017,9992
4017,9993
4017,9994
4018,9995
4018,9996
4019,9997
4020,9998
4021,9999
4021,10000
4021,10001
4022,10002
4022,10003
4022,10004
4023,10005
4023,10006
4024,10007
4024,10008
4024,10009
4024,10010
4025,10011
4025,10012
4025,10013
4025,10014
4025,10015
4026,10016
4026,10017
4026,10018
4027,10019
4027,10020
4028,10021
4028,10022
4028,10023
4028,10024
4029,10025
4029,10026
4029,10027
4030,10028
4031,10029
4031,10030
4031,10031
4031,10032
4031,10033
4032,10034
4033,10035
4034,10036
4034,10037
4034,10038
4035,10039
4035,10040
4035,10041
4036,10042
4036,10043
4037,10044
4037,10045
4037,10046
4038,10047
4038,10048
4038,10049
4038,10050
4039,10051
4040,10052
4040,10053
4041,10054
4042,10055
4042,10056
4043,10057
4043,10058
4043,10059
4044,10060
4044,10061
4044,10062
4044,10063
4044,10064
4045,10065
4046,10066
4046,10067
4047,10068
4047,10069
4047,10070
4048,10071
4049,10072
4049,10073
4049,10074
4049,10075
4049,10076
4050,10077
4050,10078
4050,10079
4050,10080
4051,10081
4051,10082
4052,10083
4052,10084
4052,10085
4053,10086
4054,10087
4055,10088
4055,10089
4055,10090
4055,10091
4055,10092
4055,10093
4055,10094
4055,10095
4056,10096
4056,10097
4057,10098
4058,10099
4058,10100
4058,10101
4058,10102
4059,10103
4059,10104
4059,10105
4059,10106
4059,10107
4060,10108
4060,10109
4061,10110
4061,10111
4061,10112
4062,10113
4063,10114
4063,10115
4063,10116
4063,10117
4063,10118
4064,10119
4064,10120
4065,10121
4065,10122
4066,10123
4066,10124
4066,10125
4066,10126
4066,10127
4066,10128
4066,10129
4067,10130
4067,10131
4068,10132
4068,10133
4069,10134
4069,10135
4069,10136
4069,10137
4070,10138
4071,10139
4072,10140
4073,10141
4074,10142
4075,10143
4076,10144
4077,10145
4077,10146
4078,10147
4078,10148
4078,10149
4078,10150
4078,10151
4078,10152
4079,10153
4079,10154
4079,10155
4079,10156
4079,10157
4079,10158
4080,10159
4081,10160
4081,10161
4081,10162
4081,10163
4081,10164
4081,10165
4081,10166
4082,10167
4083,10168
4083,10169
4084,10170
4084,10171
4084,10172
4084,10173
4084,10174
4084,10175
4084,10176
4084,10177
4085,10178
4085,10179
4086,10180
4086,10181
4086,10182
4086,10183
4087,10184
4087,10185
4087,10186
4087,10187
4088,10188
4088,10189
4089,10190
4090,10191
4090,10192
4090,10193
4090,10194
4091,10195
4091,10196
4091,10197
4091,10198
4091,10199
4091,10200
4091,10201
4091,10202
4091,10203
4091,10204
4092,10205
4092,10206
4092,10207
4092,10208
4092,10209
4093,10210
4094,10211
4094,10212
4095,10213
4095,10214
4096,10215
4096,10216
4097,10217
4097,10218
4097,10219
4097,10220
4097,10221
4097,10222
4097,10223
4098,10224
4099,10225
4100,10226
4100,10227
4100,10228
4100,10229
4101,10230
4102,10231
4103,10232
4103,10233
4103,10234
4103,10235
4104,10236
4105,10237
4106,10238
4106,10239
4107,10240
4108,10241
4108,10242
4109,10243
4110,10244
4111,10245
4111,10246
4112,10247
4112,10248
4112,10249
4112,10250
4112,10251
4113,10252
4113,10253
4113,10254
4114,10255
4114,10256
4115,10257
4116,10258
4116,10259
4116,10260
4117,10261
4117,10262
4117,10263
4117,10264
4118,10265
4118,10266
4119,10267
4119,10268
4119,10269
4119,10270
4119,10271
4119,10272
4120,10273
4120,10274
4120,10275
4120,10276
4121,10277
4121,10278
4121,10279
4121,10280
4122,10281
4122,10282
4122,10283
4123,10284
4123,10285
4123,10286
4123,10287
4123,10288
4124,10289
4125,10290
4125,10291
4125,10292
4125,10293
4125,10294
4125,10295
4126,10296
4126,10297
4126,10298
4126,10299
4126,10300
4127,10301
4127,10302
4127,10303
4128,10304
4128,10305
4128,10306
4128,10307
4128,10308
4129,10309
4130,10310
4131,10311
4132,10312
4133,10313
4133,10314
4133,10315
4133,10316
4133,10317
4133,10318
4133,10319
4133,10320
4133,10321
4134,10322
4134,10323
4135,10324
4135,10325
4135,10326
4136,10327
4136,10328
4136,10329
4137,10330
4138,10331
4139,10332
4140,10333
4140,10334
4141,10335
4142,10336
4143,10337
4143,10338
4143,10339
4144,10340
4144,10341
4144,10342
4145,10343
4145,10344
4146,10345
4147,10346
4147,10347
4147,10348
4148,10349
4148,10350
4149,10351
4149,10352
4149,10353
4150,10354
4150,10355
4150,10356
4150,10357
4150,10358
4150,10359
4150,10360
4150,10361
4151,10362
4151,10363
4151,10364
4151,10365
4151,10366
4151,10367
4152,10368
4153,10369
4153,10370
4154,10371
4154,10372
4155,10373
4155,10374
4155,10375
4155,10376
4156,10377
4156,10378
4156,10379
4157,10380
4157,10381
4158,10382
4158,10383
4158,10384
4158,10385
4159,10386
4159,10387
4159,10388
4160,10389
4161,10390
4161,10391
4161,10392
4162,10393
4162,10394
4162,10395
4163,10396
4163,10397
4164,10398
4164,10399
4165,10400
4165,10401
4165,10402
4166,10403
4166,10404
4166,10405
4167,10406
4167,10407
4167,10408
4167,10409
4167,10410
4168,10411
4168,10412
4169,10413
4169,10414
4169,10415
4170,10416
4170,10417
4170,10418
4171,10419
4172,10420
4173,10421
4173,10422
4174,10423
4174,10424
4174,10425
4174,10426
4175,10427
4176,10428
4177,10429
4177,10430
4177,10431
4177,10432
4177,10433
4178,10434
4179,10435
4179,10436
4179,10437
4179,10438
4179,10439
4180,10440
4180,10441
4180,10442
4180,10443
4181,10444
4181,10445
4182,10446
4182,10447
4183,10448
4184,10449
4184,10450
4185,10451
4185,10452
4185,10453
4185,10454
4186,10455
4187,10456
4187,10457
4187,10458
4187,10459
4187,10460
4188,10461
4189,10462
4189,10463
4189,10464
4189,10465
4189,10466
4189,10467
4190,10468
4191,10469
4191,10470
4191,10471
4192,10472
4192,10473
4192,10474
4192,10475
4193,10476
4193,10477
4193,10478
4193,10479
4193,10480
4194,10481
4194,10482
4195,10483
4195,10484
4195,10485
4195,10486
4195,10487
4195,10488
4195,10489
4196,10490
4196,10491
4196,10492
4197,10493
4197,10494
4197,10495
4197,10496
4197,10497
4198,10498
4199,10499
4199,10500
4200,10501
4200,10502
4200,10503
4200,10504
4200,10505
4200,10506
4201,10507
4201,10508
4201,10509
4201,10510
4202,10511
4202,10512
4202,10513
4203,10514
4203,10515
4203,10516
4203,10517
4203,10518
4204,10519
4205,10520
4205,10521
4206,10522
4206,10523
4206,10524
4206,10525
4207,10526
4207,10527
4207,10528
4207,10529
4208,10530
4208,10531
4208,10532
4209,10533
4209,10534
4210,10535
4210,10536
4211,10537
4212,10538
4212,10539
4212,10540
4212,10541
4212,10542
4213,10543
4213,10544
4213,10545
4213,10546
4214,10547
4215,10548
4216,10549
4216,10550
4216,10551
4217,10552
4218,10553
4218,10554
4219,10555
4220,10556
4220,10557
4221,10558
4221,10559
4221,10560
4222,10561
4222,10562
4222,10563
4223,10564
4223,10565
4223,10566
4224,10567
4224,10568
4224,10569
4224,10570
4225,10571
4225,10572
4225,10573
4225,10574
4226,10575
4226,10576
4226,10577
4227,10578
4228,10579
4229,10580
4230,10581
4230,10582
4230,10583
4230,10584
4231,10585
4232,10586
4233,10587
4233,10588
4234,10589
4234,10590
4235,10591
4235,10592
4236,10593
4237,10594
4237,10595
4237,10596
4238,10597
4238,10598
4239,10599
4239,10600
4240,10601
4240,10602
4241,10603
4242,10604
4242,10605
4242,10606
4243,10607
4243,10608
4243,10609
4244,10610
4245,10611
4246,10612
4246,10613
4246,10614
4247,10615
4247,10616
4247,10617
4248,10618
4249,10619
4249,10620
4250,10621
4251,10622
4251,10623
4251,10624
4251,10625
4251,10626
4251,10627
4251,10628
4252,10629
4253,10630
4253,10631
4254,10632
4254,10633
4254,10634
4254,10635
4254,10636
4254,10637
4254,10638
4254,10639
4255,10640
4255,10641
4256,10642
4256,10643
4256,10644
4256,10645
4256,10646
4256,10647
4257,10648
4257,10649
4258,10650
4258,10651
4258,10652
4258,10653
4258,10654
4258,10655
4259,10656
4259,10657
4259,10658
4260,10659
4261,10660
4261,10661
4261,10662
4261,10663
4261,10664
4262,10665
4262,10666
4262,10667
4262,10668
4263,10669
4263,10670
4264,10671
4264,10672
4264,10673
4265,10674
4266,10675
4267,10676
4268,10677
4268,10678
4269,10679
4269,10680
4269,10681
4269,10682
4270,10683
4270,10684
4271,10685
4271,10686
4272,10687
4273,10688
4274,10689
4274,10690
4274,10691
4275,10692
4275,10693
4275,10694
4275,10695
4275,10696
4276,10697
4276,10698
4277,10699
4277,10700
4277,10701
4277,10702
4278,10703
4278,10704
4279,10705
4279,10706
4280,10707
4281,10708
4281,10709
4281,10710
4281,10711
4282,10712
4282,10713
4283,10714
4283,10715
4284,10716
4285,10717
4285,10718
4285,10719
4285,10720
4286,10721
4287,10722
4287,10723
4288,10724
4288,10725
4288,10726
4288,10727
4288,10728
4288,10729
4288,10730
4289,10731
4289,10732
4290,10733
4290,10734
4290,10735
4290,10736
4291,10737
4291,10738
4291,10739
4292,10740
4292,10741
4293,10742
4293,10743
4293,10744
4293,10745
4293,10746
4294,10747
4294,10748
4294,10749
4294,10750
4294,10751
4295,10752
4296,10753
4296,10754
4296,10755
4297,10756
4297,10757
4297,10758
4297,10759
4297,10760
4297,10761
4297,10762
4297,10763
4297,10764
4297,10765
4298,10766
4299,10767
4299,10768
4299,10769
4299,10770
4300,10771
4300,10772
4300,10773
4301,10774
4301,10775
4302,10776
4302,10777
4303,10778
4304,10779
4304,10780
4304,10781
4305,10782
4305,10783
4305,10784
4305,10785
4305,10786
4306,10787
4306,10788
4306,10789
4306,10790
4306,10791
4307,10792
4307,10793
4307,10794
4307,10795
4307,10796
4307,10797
4307,10798
4307,10799
4307,10800
4307,10801
4308,10802
4309,10803
4309,10804
4309,10805
4310,10806
4310,10807
4311,10808
4312,10809
4312,10810
4313,10811
4314,10812
4314,10813
4314,10814
4315,10815
4316,10816
4316,10817
4316,10818
4316,10819
4316,10820
4316,10821
4316,10822
4316,10823
4317,10824
4318,10825
4318,10826
4319,10827
4319,10828
4319,10829
4320,10830
4320,10831
4320,10832
4320,10833
4320,10834
4320,10835
4321,10836
4322,10837
4322,10838
4322,10839
4323,10840
4323,10841
4323,10842
4323,10843
4323,10844
4323,10845
4323,10846
4323,10847
4323,10848
4324,10849
4324,10850
4325,10851
4325,10852
4326,10853
4326,10854
4326,10855
4327,10856
4327,10857
4328,10858
4329,10859
4329,10860
4329,10861
4329,10862
4329,10863
4329,10864
4329,10865
4329,10866
4329,10867
4330,10868
4331,10869
4331,10870
4331,10871
4331,10872
4331,10873
4331,10874
4331,10875
4331,10876
4331,10877
4332,10878
4332,10879
4332,10880
4333,10881
4333,10882
4333,10883
4333,10884
4334,10885
4334,10886
4334,10887
4334,10888
4335,10889
4336,10890
4336,10891
4336,10892
4336,10893
4337,10894
4337,10895
4337,10896
4337,10897
4338,10898
4338,10899
4338,10900
4339,10901
4339,10902
4339,10903
4340,10904
4340,10905
4341,10906
4341,10907
4342,10908
4342,10909
4342,10910
4342,10911
4342,10912
4343,10913
4343,10914
4344,10915
4345,10916
4346,10917
4346,10918
4346,10919
4346,10920
4346,10921
4346,10922
4347,10923
4348,10924
4348,10925
4348,10926
4348,10927
4348,10928
4349,10929
4349,10930
4350,10931
4351,10932
4351,10933
4351,10934
4352,10935
4352,10936
4352,10937
4353,10938
4353,10939
4353,10940
4353,10941
4353,10942
4353,10943
4353,10944
4353,10945
4354,10946
4355,10947
4356,10948
4357,10949
4358,10950
4358,10951
4358,10952
4359,10953
4360,10954
4361,10955
4361,10956
4361,10957
4361,10958
4361,10959
4362,10960
4362,10961
4362,10962
4362,10963
4362,10964
4362,10965
4362,10966
4363,10967
4364,10968
4364,10969
4364,10970
4364,10971
4364,10972
4364,10973
4365,10974
4365,10975
4365,10976
4366,10977
4367,10978
4367,10979
4367,10980
4367,10981
4367,10982
4368,10983
4369,10984
4369,10985
4370,10986
4370,10987
4370,10988
4370,10989
4371,10990
4371,10991
4372,10992
4372,10993
4372,10994
4372,10995
4372,10996
4373,10997
4373,10998
4373,10999
4374,11000
4375,11001
4375,11002
4375,11003
4376,11004
4377,11005
4377,11006
4377,11007
4378,11008
4378,11009
4378,11010
4378,11011
4378,11012
4378,11013
4378,11014
4379,11015
4380,11016
4380,11017
4380,11018
4381,11019
4381,11020
4381,11021
4382,11022
4382,11023
4382,11024
4382,11025
4383,11026
4383,11027
4383,11028
4384,11029
4384,11030
4385,11031
4385,11032
4385,11033
4385,11034
4385,11035
4385,11036
4385,11037
4385,11038
4385,11039
4386,11040
4387,11041
4387,11042
4387,11043
4388,11044
4388,11045
4389,11046
4389,11047
4389,11048
4390,11049
4391,11050
4391,11051
4391,11052
4392,11053
4392,11054
4392,11055
4393,11056
4393,11057
4394,11058
4395,11059
4395,11060
4395,11061
4396,11062
4396,11063
4396,11064
4396,11065
4396,11066
4396,11067
4396,11068
4396,11069
4397,11070
4397,11071
4397,11072
4397,11073
4398,11074
4398,11075
4398,11076
4398,11077
4399,11078
4400,11079
4400,11080
4400,11081
4401,11082
4401,11083
4402,11084
4403,11085
4404,11086
4404,11087
4404,11088
4405,11089
4406,11090
4406,11091
4406,11092
4406,11093
4407,11094
4407,11095
4408,11096
4408,11097
4409,11098
4410,11099
4410,11100
4410,11101
4410,11102
4410,11103
4411,11104
4411,11105
4411,11106
4411,11107
4411,11108
4412,11109
4413,11110
4414,11111
4414,11112
4415,11113
4415,11114
4415,11115
4416,11116
4416,11117
4416,11118
4416,11119
4417,11120
4418,11121
4418,11122
4418,11123
4418,11124
4419,11125
4419,11126
4419,11127
4420,11128
4421,11129
4421,11130
4422,11131
4422,11132
4422,11133
4422,11134
4423,11135
4424,11136
4425,11137
4426,11138
4427,11139
4427,11140
4428,11141
4428,11142
4429,11143
4430,11144
4430,11145
4430,11146
4430,11147
4430,11148
4430,11149
4430,11150
4431,11151
4431,11152
4431,11153
4431,11154
4431,11155
4431,11156
4431,11157
4432,11158
4433,11159
4434,11160
4435,11161
4435,11162
4436,11163
4437,11164
4437,11165
4438,11166
4439,11167
4440,11168
4440,11169
4440,11170
4440,11171
4440,11172
4441,11173
4441,11174
4441,11175
4442,11176
4442,11177
4443,11178
4443,11179
4443,11180
4443,11181
4444,11182
4444,11183
4444,11184
4444,11185
4444,11186
4444,11187
4445,11188
4446,11189
4446,11190
4446,11191
4447,11192
4448,11193
4448,11194
4448,11195
4449,11196
4449,11197
4449,11198
4450,11199
4451,11200
4452,11201
4452,11202
4452,11203
4453,11204
4453,11205
4454,11206
4454,11207
4455,11208
4456,11209
4457,11210
4457,11211
4458,11212
4458,11213
4458,11214
4458,11215
4459,11216
4460,11217
4461,11218
4461,11219
4461,11220
4461,11221
4462,11222
4462,11223
4462,11224
4462,11225
4462,11226
4462,11227
4463,11228
4464,11229
4464,11230
4464,11231
4465,11232
4465,11233
4466,11234
4467,11235
4467,11236
4467,11237
4468,11238
4469,11239
4469,11240
4469,11241
4470,11242
4470,11243
4470,11244
4471,11245
4471,11246
4471,11247
4471,11248
4471,11249
4472,11250
4472,11251
4472,11252
4473,11253
4473,11254
4474,11255
4474,11256
4475,11257
4476,11258
4477,11259
4477,11260
4477,11261
4477,11262
4478,11263
4478,11264
4479,11265
4479,11266
4479,11267
4479,11268
4479,11269
4479,11270
4480,11271
4480,11272
4480,11273
4481,11274
4481,11275
4481,11276
4481,11277
4481,11278
4481,11279
4482,11280
4482,11281
4483,11282
4483,11283
4484,11284
4484,11285
4485,11286
4485,11287
4485,11288
4485,11289
4485,11290
4485,11291
4485,11292
4485,11293
4486,11294
4486,11295
4486,11296
4486,11297
4486,11298
4486,11299
4486,11300
4486,11301
4486,11302
4486,11303
4487,11304
4487,11305
4488,11306
4488,11307
4489,11308
4489,11309
4489,11310
4490,11311
4490,11312
4490,11313
4490,11314
4490,11315
4490,11316
4491,11317
4491,11318
4491,11319
4492,11320
4492,11321
4493,11322
4493,11323
4493,11324
4493,11325
4493,11326
4494,11327
4494,11328
4494,11329
4495,11330
4495,11331
4495,11332
4496,11333
4497,11334
4497,11335
4497,11336
4497,11337
4498,11338
4498,11339
4499,11340
4499,11341
4499,11342
4499,11343
4500,11344
4500,11345
4500,11346
4500,11347
4500,11348
4500,11349
4500,11350
4500,11351
4500,11352
4500,11353
4501,11354
4501,11355
4502,11356
4502,11357
4503,11358
4504,11359
4504,11360
4505,11361
4506,11362
4507,11363
4507,11364
4507,11365
4508,11366
4508,11367
4508,11368
4508,11369
4508,11370
4508,11371
4508,11372
4508,11373
4508,11374
4508,11375
4508,11376
4509,11377
4510,11378
4510,11379
4511,11380
4512,11381
4512,11382
4513,11383
4513,11384
4513,11385
4513,11386
4513,11387
4514,11388
4514,11389
4514,11390
4515,11391
4515,11392
4515,11393
4515,11394
4515,11395
4515,11396
4515,11397
4515,11398
4515,11399
4516,11400
4516,11401
4517,11402
4518,11403
4518,11404
4518,11405
4519,11406
4519,11407
4519,11408
4519,11409
4520,11410
4520,11411
4520,11412
4521,11413
4521,11414
4521,11415
4521,11416
4522,11417
4523,11418
4523,11419
4523,11420
4524,11421
4525,11422
4525,11423
4525,11424
4526,11425
4526,11426
4527,11427
4527,11428
4527,11429
4528,11430
4529,11431
4529,11432
4529,11433
4529,11434
4529,11435
4529,11436
4530,11437
4531,11438
4531,11439
4532,11440
4533,11441
4534,11442
4535,11443
4536,11444
4537,11445
4537,11446
4537,11447
4537,11448
4537,11449
4537,11450
4538,11451
4538,11452
4538,11453
4539,11454
4539,11455
4540,11456
4540,11457
4540,11458
4540,11459
4540,11460
4540,11461
4540,11462
4540,11463
4540,11464
4541,11465
4542,11466
4542,11467
4543,11468
4543,11469
4543,11470
4544,11471
4545,11472
4545,11473
4545,11474
4546,11475
4547,11476
4547,11477
4547,11478
4548,11479
4549,11480
4550,11481
4550,11482
4551,11483
4551,11484
4552,11485
4553,11486
4553,11487
4554,11488
4555,11489
4556,11490
4556,11491
4556,11492
4557,11493
4558,11494
4559,11495
4559,11496
4559,11497
4560,11498
4560,11499
4561,11500
4561,11501
4562,11502
4563,11503
4563,11504
4564,11505
4565,11506
4565,11507
4565,11508
4565,11509
4565,11510
4565,11511
4566,11512
4567,11513
4567,11514
4568,11515
4569,11516
4569,11517
4570,11518
4571,11519
4572,11520
4572,11521
4572,11522
4572,11523
4573,11524
4573,11525
4573,11526
4574,11527
4574,11528
4574,11529
4575,11530
4575,11531
4575,11532
4576,11533
4577,11534
4577,11535
4578,11536
4578,11537
4578,11538
4578,11539
4578,11540
4579,11541
4579,11542
4579,11543
4580,11544
4580,11545
4580,11546
4580,11547
4581,11548
4582,11549
4582,11550
4583,11551
4583,11552
4584,11553
4584,11554
4584,11555
4584,11556
4584,11557
4584,11558
4585,11559
4585,11560
4586,11561
4586,11562
4587,11563
4587,11564
4587,11565
4587,11566
4587,11567
4588,11568
4589,11569
4590,11570
4590,11571
4591,11572
4591,11573
4591,11574
4591,11575
4592,11576
4593,11577
4593,11578
4593,11579
4594,11580
4594,11581
4595,11582
4595,11583
4596,11584
4596,11585
4596,11586
4596,11587
4596,11588
4597,11589
4598,11590
4599,11591
4600,11592
4601,11593
4601,11594
4601,11595
4602,11596
4602,11597
4602,11598
4602,11599
4602,11600
4602,11601
4603,11602
4603,11603
4604,11604
4604,11605
4604,11606
4605,11607
4605,11608
4605,11609
4606,11610
4606,11611
4606,11612
4607,11613
4608,11614
4609,11615
4610,11616
4610,11617
4610,11618
4610,11619
4611,11620
4612,11621
4613,11622
4613,11623
4614,11624
4614,11625
4614,11626
4614,11627
4614,11628
4614,11629
4615,11630
4615,11631
4616,11632
4617,11633
4617,11634
4617,11635
4618,11636
4619,11637
4619,11638
4619,11639
4619,11640
4619,11641
4619,11642
4620,11643
4621,11644
4622,11645
4623,11646
4623,11647
4623,11648
4624,11649
4624,11650
4624,11651
4624,11652
4624,11653
4625,11654
4625,11655
4625,11656
4625,11657
4626,11658
4626,11659
4626,11660
4627,11661
4627,11662
4627,11663
4628,11664
4628,11665
4628,11666
4629,11667
4630,11668
4630,11669
4630,11670
4630,11671
4631,11672
4631,11673
4631,11674
4631,11675
4631,11676
4632,11677
4632,11678
4632,11679
4633,11680
4634,11681
4634,11682
4634,11683
4635,11684
4635,11685
4636,11686
4636,11687
4636,11688
4636,11689
4637,11690
4637,11691
4638,11692
4638,11693
4638,11694
4639,11695
4639,11696
4640,11697
4640,11698
4640,11699
4641,11700
4641,11701
4641,11702
4642,11703
4643,11704
4643,11705
4643,11706
4643,11707
4643,11708
4643,11709
4643,11710
4643,11711
4643,11712
4644,11713
4645,11714
4645,11715
4646,11716
4646,11717
4647,11718
4647,11719
4647,11720
4648,11721
4648,11722
4648,11723
4649,11724
4649,11725
4649,11726
4649,11727
4650,11728
4651,11729
4651,11730
4651,11731
4651,11732
4651,11733
4652,11734
4652,11735
4653,11736
4653,11737
4653,11738
4654,11739
4654,11740
4655,11741
4655,11742
4655,11743
4655,11744
4656,11745
4656,11746
4656,11747
4656,11748
4656,11749
4656,11750
4656,11751
4657,11752
4657,11753
4658,11754
4658,11755
4659,11756
4659,11757
4659,11758
4659,11759
4659,11760
4659,11761
4659,11762
4659,11763
4660,11764
4660,11765
4660,11766
4660,11767
4661,11768
4661,11769
4661,11770
4662,11771
4662,11772
4662,11773
4662,11774
4662,11775
4662,11776
4663,11777
4663,11778
4663,11779
4663,11780
4664,11781
4664,11782
4665,11783
4665,11784
4665,11785
4665,11786
4665,11787
4665,11788
4665,11789
4665,11790
4666,11791
4666,11792
4666,11793
4666,11794
4666,11795
4666,11796
4666,11797
4667,11798
4667,11799
4667,11800
4667,11801
4668,11802
4668,11803
4668,11804
4668,11805
4669,11806
4669,11807
4670,11808
4670,11809
4670,11810
4671,11811
4671,11812
4671,11813
4671,11814
4672,11815
4672,11816
4672,11817
4672,11818
4672,11819
4672,11820
4672,11821
4672,11822
4673,11823
4673,11824
4673,11825
4674,11826
4675,11827
4675,11828
4675,11829
4676,11830
4676,11831
4676,11832
4676,11833
4676,11834
4676,11835
4676,11836
4676,11837
4677,11838
4678,11839
4678,11840
4679,11841
4679,11842
4679,11843
4679,11844
4679,11845
4680,11846
4681,11847
4681,11848
4682,11849
4682,11850
4682,11851
4683,11852
4684,11853
4685,11854
4685,11855
4686,11856
4686,11857
4686,11858
4687,11859
4687,11860
4687,11861
4687,11862
4688,11863
4688,11864
4689,11865
4690,11866
4690,11867
4690,11868
4691,11869
4691,11870
4691,11871
4691,11872
4691,11873
4691,11874
4691,11875
4692,11876
4692,11877
4692,11878
4692,11879
4692,11880
4692,11881
4692,11882
4693,11883
4693,11884
4693,11885
4693,11886
4694,11887
4694,11888
4694,11889
4694,11890
4695,11891
4695,11892
4695,11893
4695,11894
4695,11895
4695,11896
4696,11897
4697,11898
4697,11899
4698,11900
4698,11901
4698,11902
4698,11903
4698,11904
4698,11905
4698,11906
4698,11907
4698,11908
4699,11909
4699,11910
4699,11911
4700,11912
4701,11913
4702,11914
4702,11915
4702,11916
4703,11917
4703,11918
4703,11919
4703,11920
4704,11921
4704,11922
4705,11923
4706,11924
4706,11925
4706,11926
4706,11927
4707,11928
4707,11929
4707,11930
4708,11931
4708,11932
4708,11933
4708,11934
4708,11935
4708,11936
4708,11937
4709,11938
4710,11939
4710,11940
4710,11941
4711,11942
4711,11943
4711,11944
4711,11945
4711,11946
4711,11947
4712,11948
4713,11949
4713,11950
4713,11951
4714,11952
4714,11953
4714,11954
4714,11955
4714,11956
4714,11957
4714,11958
4714,11959
4715,11960
4715,11961
4715,11962
4716,11963
4716,11964
4717,11965
4718,11966
4719,11967
4719,11968
4719,11969
4719,11970
4719,11971
4719,11972
4719,11973
4720,11974
4721,11975
4721,11976
4722,11977
4722,11978
4723,11979
4723,11980
4724,11981
4724,11982
4724,11983
4725,11984
4725,11985
4726,11986
4727,11987
4727,11988
4727,11989
4727,11990
4728,11991
4728,11992
4729,11993
4729,11994
4730,11995
4731,11996
4732,11997
4732,11998
4733,11999
4733,12000
4733,12001
4734,12002
4734,12003
4734,12004
4734,12005
4734,12006
4735,12007
4735,12008
4736,12009
4737,12010
4737,12011
4738,12012
4739,12013
4739,12014
4739,12015
4739,12016
4739,12017
4739,12018
4739,12019
4739,12020
4739,12021
4739,12022
4740,12023
4740,12024
4740,12025
4740,12026
4741,12027
4741,12028
4741,12029
4741,12030
4741,12031
4742,12032
4743,12033
4743,12034
4743,12035
4743,12036
4743,12037
4743,12038
4743,12039
4743,12040
4743,12041
4743,12042
4744,12043
4745,12044
4746,12045
4746,12046
4746,12047
4746,12048
4746,12049
4746,12050
4746,12051
4746,12052
4746,12053
4746,12054
4747,12055
4748,12056
4748,12057
4748,12058
4749,12059
4749,12060
4749,12061
4749,12062
4750,12063
4751,12064
4751,12065
4752,12066
4752,12067
4753,12068
4753,12069
4753,12070
4754,12071
4754,12072
4755,12073
4755,12074
4755,12075
4756,12076
4756,12077
4756,12078
4756,12079
4757,12080
4757,12081
4757,12082
4757,12083
4757,12084
4757,12085
4757,12086
4758,12087
4758,12088
4758,12089
4758,12090
4758,12091
4758,12092
4759,12093
4759,12094
4759,12095
4759,12096
4759,12097
4759,12098
4759,12099
4759,12100
4759,12101
4759,12102
4759,12103
4759,12104
4759,12105
4760,12106
4760,12107
4760,12108
4761,12109
4761,12110
4761,12111
4761,12112
4762,12113
4762,12114
4763,12115
4763,12116
4764,12117
4765,12118
4766,12119
4766,12120
4766,12121
4766,12122
4767,12123
4768,12124
4769,12125
4769,12126
4769,12127
4770,12128
4770,12129
4770,12130
4770,12131
4770,12132
4771,12133
4771,12134
4772,12135
4773,12136
4774,12137
4774,12138
4775,12139
4776,12140
4776,12141
4776,12142
4776,12143
4776,12144
4776,12145
4776,12146
4776,12147
4776,12148
4776,12149
4777,12150
4777,12151
4777,12152
4777,12153
4778,12154
4778,12155
4778,12156
4779,12157
4779,12158
4779,12159
4779,12160
4779,12161
4779,12162
4780,12163
4781,12164
4782,12165
4782,12166
4782,12167
4782,12168
4783,12169
4783,12170
4783,12171
4784,12172
4784,12173
4784,12174
4784,12175
4784,12176
4784,12177
4784,12178
4785,12179
4786,12180
4786,12181
4787,12182
4787,12183
4788,12184
4788,12185
4788,12186
4789,12187
4790,12188
4790,12189
4791,12190
4791,12191
4791,12192
4792,12193
4792,12194
4792,12195
4793,12196
4793,12197
4794,12198
4794,12199
4794,12200
4794,12201
4794,12202
4795,12203
4796,12204
4797,12205
4797,12206
4798,12207
4798,12208
4798,12209
4799,12210
4799,12211
4800,12212
4800,12213
4801,12214
4801,12215
4802,12216
4802,12217
4802,12218
4802,12219
4803,12220
4803,12221
4804,12222
4805,12223
4805,12224
4805,12225
4806,12226
4807,12227
4808,12228
4809,12229
4809,12230
4809,12231
4809,12232
4810,12233
4810,12234
4810,12235
4811,12236
4811,12237
4811,12238
4812,12239
4812,12240
4812,12241
4812,12242
4812,12243
4812,12244
4812,12245
4812,12246
4813,12247
4813,12248
4813,12249
4814,12250
4815,12251
4815,12252
4815,12253
4816,12254
4817,12255
4817,12256
4817,12257
4817,12258
4817,12259
4818,12260
4819,12261
4819,12262
4820,12263
4821,12264
4821,12265
4821,12266
4822,12267
4822,12268
4822,12269
4822,12270
4823,12271
4823,12272
4823,12273
4823,12274
4824,12275
4824,12276
4824,12277
4824,12278
4824,12279
4824,12280
4824,12281
4825,12282
4826,12283
4826,12284
4827,12285
4827,12286
4827,12287
4827,12288
4827,12289
4827,12290
4828,12291
4828,12292
4828,12293
4829,12294
4830,12295
4831,12296
4832,12297
4832,12298
4832,12299
4833,12300
4834,12301
4834,12302
4835,12303
4835,12304
4835,12305
4835,12306
4835,12307
4835,12308
4835,12309
4836,12310
4836,12311
4836,12312
4836,12313
4836,12314
4836,12315
4836,12316
4837,12317
4837,12318
4837,12319
4838,12320
4838,12321
4838,12322
4839,12323
4839,12324
4840,12325
4840,12326
4841,12327
4841,12328
4841,12329
4841,12330
4842,12331
4842,12332
4843,12333
4843,12334
4844,12335
4845,12336
4846,12337
4847,12338
4847,12339
4848,12340
4848,12341
4849,12342
4850,12343
4851,12344
4852,12345
4852,12346
4852,12347
4853,12348
4853,12349
4853,12350
4854,12351
4854,12352
4855,12353
4855,12354
4855,12355
4855,12356
4856,12357
4857,12358
4858,12359
4858,12360
4858,12361
4859,12362
4859,12363
4859,12364
4859,12365
4860,12366
4860,12367
4861,12368
4861,12369
4862,12370
4862,12371
4862,12372
4862,12373
4862,12374
4862,12375
4863,12376
4863,12377
4863,12378
4863,12379
4864,12380
4864,12381
4865,12382
4865,12383
4866,12384
4866,12385
4866,12386
4866,12387
4866,12388
4867,12389
4867,12390
4867,12391
4868,12392
4868,12393
4868,12394
4869,12395
4870,12396
4870,12397
4870,12398
4870,12399
4870,12400
4871,12401
4871,12402
4872,12403
4872,12404
4872,12405
4872,12406
4873,12407
4873,12408
4873,12409
4873,12410
4874,12411
4875,12412
4875,12413
4875,12414
4876,12415
4876,12416
4876,12417
4876,12418
4876,12419
4876,12420
4876,12421
4876,12422
4876,12423
4876,12424
4876,12425
4877,12426
4877,12427
4877,12428
4878,12429
4878,12430
4879,12431
4879,12432
4879,12433
4880,12434
4881,12435
4881,12436
4881,12437
4882,12438
4882,12439
4882,12440
4883,12441
4883,12442
4884,12443
4884,12444
4884,12445
4885,12446
4886,12447
4886,12448
4886,12449
4886,12450
4887,12451
4887,12452
4887,12453
4887,12454
4888,12455
4888,12456
4889,12457
4889,12458
4889,12459
4889,12460
4890,12461
4890,12462
4890,12463
4890,12464
4890,12465
4890,12466
4890,12467
4891,12468
4892,12469
4893,12470
4893,12471
4893,12472
4893,12473
4893,12474
4893,12475
4893,12476
4893,12477
4894,12478
4895,12479
4895,12480
4895,12481
4896,12482
4896,12483
4896,12484
4896,12485
4897,12486
4898,12487
4898,12488
4898,12489
4898,12490
4898,12491
4898,12492
4898,12493
4898,12494
4898,12495
4898,12496
4898,12497
4899,12498
4899,12499
4899,12500
4900,12501
4901,12502
4902,12503
4903,12504
4903,12505
4903,12506
4903,12507
4904,12508
4904,12509
4905,12510
4905,12511
4906,12512
4907,12513
4907,12514
4907,12515
4907,12516
4908,12517
4909,12518
4909,12519
4909,12520
4909,12521
4909,12522
4909,12523
4909,12524
4909,12525
4909,12526
4909,12527
4910,12528
4910,12529
4910,12530
4910,12531
4910,12532
4911,12533
4911,12534
4911,12535
4911,12536
4911,12537
4911,12538
4911,12539
4911,12540
4911,12541
4911,12542
4911,12543
4911,12544
4912,12545
4913,12546
4913,12547
4913,12548
4914,12549
4914,12550
4915,12551
4916,12552
4916,12553
4916,12554
4916,12555
4916,12556
4916,12557
4916,12558
4916,12559
4916,12560
4917,12561
4917,12562
4917,12563
4918,12564
4918,12565
4918,12566
4919,12567
4920,12568
4920,12569
4920,12570
4920,12571
4920,12572
4920,12573
4920,12574
4921,12575
4922,12576
4922,12577
4923,12578
4924,12579
4924,12580
4924,12581
4924,12582
4925,12583
4925,12584
4926,12585
4926,12586
4926,12587
4927,12588
4927,12589
4927,12590
4928,12591
4929,12592
4930,12593
4930,12594
4930,12595
4930,12596
4930,12597
4931,12598
4932,12599
4932,12600
4932,12601
4933,12602
4933,12603
4933,12604
4934,12605
4934,12606
4935,12607
4936,12608
4936,12609
4936,12610
4936,12611
4937,12612
4937,12613
4937,12614
4937,12615
4937,12616
4938,12617
4938,12618
4938,12619
4939,12620
4940,12621
4940,12622
4941,12623
4941,12624
4941,12625
4942,12626
4942,12627
4942,12628
4942,12629
4943,12630
4943,12631
4943,12632
4944,12633
4945,12634
4946,12635
4946,12636
4946,12637
4947,12638
4947,12639
4947,12640
4948,12641
4948,12642
4948,12643
4948,12644
4949,12645
4950,12646
4951,12647
4951,12648
4952,12649
4953,12650
4953,12651
4953,12652
4953,12653
4953,12654
4954,12655
4954,12656
4955,12657
4956,12658
4956,12659
4956,12660
4956,12661
4957,12662
4957,12663
4958,12664
4958,12665
4959,12666
4959,12667
4960,12668
4960,12669
4960,12670
4960,12671
4961,12672
4961,12673
4961,12674
4961,12675
4961,12676
4961,12677
4962,12678
4963,12679
4964,12680
4964,12681
4965,12682
4966,12683
4967,12684
4968,12685
4968,12686
4969,12687
4969,12688
4970,12689
4971,12690
4972,12691
4973,12692
4974,12693
4974,12694
4974,12695
4974,12696
4975,12697
4975,12698
4975,12699
4975,12700
4975,12701
4975,12702
4975,12703
4975,12704
4975,12705
4975,12706
4976,12707
4977,12708
4977,12709
4978,12710
4978,12711
4979,12712
4979,12713
4980,12714
4980,12715
4980,12716
4980,12717
4980,12718
4980,12719
4981,12720
4982,12721
4982,12722
4983,12723
4983,12724
4983,12725
4984,12726
4984,12727
4984,12728
4985,12729
4985,12730
4986,12731
4987,12732
4987,12733
4988,12734
4989,12735
4989,12736
4989,12737
4989,12738
4990,12739
4990,12740
4991,12741
4992,12742
4993,12743
4993,12744
4994,12745
4994,12746
4994,12747
4995,12748
4995,12749
4995,12750
4995,12751
4995,12752
4996,12753
4997,12754
4997,12755
4997,12756
4997,12757
4997,12758
4997,12759
4997,12760
4998,12761
4998,12762
4998,12763
4998,12764
4999,12765
5000,12766
5000,12767
5000,12768
5000,12769
5001,12770
5002,12771
5002,12772
5002,12773
5002,12774
5002,12775
5003,12776
5004,12777
5004,12778
5005,12779
5006,12780
5006,12781
5006,12782
5006,12783
5007,12784
5007,12785
5008,12786
5008,12787
5009,12788
5009,12789
5009,12790
5010,12791
5010,12792
5010,12793
5010,12794
5010,12795
5010,12796
5010,12797
5010,12798
5010,12799
5011,12800
5011,12801
5012,12802
5012,12803
5013,12804
5014,12805
5014,12806
5015,12807
5016,12808
5016,12809
5016,12810
5016,12811
5017,12812
5017,12813
5017,12814
5017,12815
5017,12816
5018,12817
5018,12818
5019,12819
5020,12820
5020,12821
5021,12822
5021,12823
5021,12824
5021,12825
5021,12826
5021,12827
5021,12828
5021,12829
5021,12830
5021,12831
5022,12832
5022,12833
5022,12834
5022,12835
5023,12836
5023,12837
5023,12838
5023,12839
5023,12840
5023,12841
5024,12842
5024,12843
5024,12844
5025,12845
5026,12846
5026,12847
5026,12848
5026,12849
5026,12850
5026,12851
5026,12852
5026,12853
5027,12854
5028,12855
5028,12856
5029,12857
5029,12858
5029,12859
5030,12860
5030,12861
5031,12862
5031,12863
5032,12864
5032,12865
5032,12866
5032,12867
5032,12868
5032,12869
5033,12870
5034,12871
5034,12872
5034,12873
5035,12874
5036,12875
5036,12876
5036,12877
5036,12878
5036,12879
5036,12880
5036,12881
5037,12882
5037,12883
5037,12884
5037,12885
5037,12886
5037,12887
5037,12888
5038,12889
5039,12890
5040,12891
5040,12892
5040,12893
5040,12894
5040,12895
5040,12896
5041,12897
5041,12898
5042,12899
5042,12900
5042,12901
5042,12902
5042,12903
5043,12904
5043,12905
5043,12906
5043,12907
5043,12908
5043,12909
5043,12910
5044,12911
5044,12912
5044,12913
5045,12914
5045,12915
5045,12916
5045,12917
5046,12918
5047,12919
5048,12920
5049,12921
5049,12922
5049,12923
5050,12924
5050,12925
5050,12926
5050,12927
5050,12928
5051,12929
5051,12930
5052,12931
5053,12932
5053,12933
5053,12934
5053,12935
5053,12936
5053,12937
5053,12938
5053,12939
5053,12940
5054,12941
5055,12942
5055,12943
5056,12944
5056,12945
5056,12946
5056,12947
5056,12948
5057,12949
5057,12950
5057,12951
5057,12952
5057,12953
5057,12954
5057,12955
5057,12956
5057,12957
5057,12958
5058,12959
5058,12960
5059,12961
5060,12962
5061,12963
5062,12964
5062,12965
5062,12966
5062,12967
5062,12968
5063,12969
5063,12970
5063,12971
5064,12972
5065,12973
5065,12974
5065,12975
5065,12976
5065,12977
5065,12978
5065,12979
5066,12980
5066,12981
5066,12982
5066,12983
5067,12984
5067,12985
5067,12986
5067,12987
5068,12988
5068,12989
5068,12990
5068,12991
5069,12992
5069,12993
5069,12994
5069,12995
5069,12996
5070,12997
5071,12998
5072,12999
5072,13000
5072,13001
5072,13002
5073,13003
5073,13004
5073,13005
5073,13006
5074,13007
5075,13008
5076,13009
5076,13010
5077,13011
5077,13012
5078,13013
5078,13014
5079,13015
5079,13016
5079,13017
5079,13018
5079,13019
5080,13020
5081,13021
5081,13022
5081,13023
5081,13024
5081,13025
5082,13026
5082,13027
5082,13028
5083,13029
5083,13030
5083,13031
5083,13032
5084,13033
5084,13034
5084,13035
5084,13036
5084,13037
5084,13038
5084,13039
5085,13040
5085,13041
5085,13042
5086,13043
5087,13044
5087,13045
5087,13046
5087,13047
5088,13048
5088,13049
5088,13050
5089,13051
5089,13052
5089,13053
5089,13054
5089,13055
5089,13056
5089,13057
5089,13058
5090,13059
5091,13060
5092,13061
5092,13062
5092,13063
5093,13064
5094,13065
5094,13066
5095,13067
5096,13068
5096,13069
5097,13070
5097,13071
5097,13072
5098,13073
5099,13074
5100,13075
5100,13076
5101,13077
5101,13078
5102,13079
5102,13080
5103,13081
5104,13082
5105,13083
5105,13084
5105,13085
5105,13086
5106,13087
5107,13088
5107,13089
5107,13090
5107,13091
5108,13092
5108,13093
5108,13094
5108,13095
5108,13096
5108,13097
5108,13098
5108,13099
5109,13100
5109,13101
5110,13102
5110,13103
5110,13104
5110,13105
5110,13106
5110,13107
5110,13108
5110,13109
5110,13110
5110,13111
5111,13112
5111,13113
5111,13114
5112,13115
5113,13116
5114,13117
5114,13118
5115,13119
5115,13120
5115,13121
5115,13122
5115,13123
5115,13124
5115,13125
5116,13126
5117,13127
5117,13128
5117,13129
5118,13130
5118,13131
5119,13132
5120,13133
5120,13134
5121,13135
5121,13136
5121,13137
5121,13138
5122,13139
5122,13140
5123,13141
5124,13142
5124,13143
5125,13144
5125,13145
5125,13146
5125,13147
5125,13148
5126,13149
5126,13150
5126,13151
5126,13152
5127,13153
5128,13154
5128,13155
5129,13156
5129,13157
5129,13158
5130,13159
5130,13160
5130,13161
5130,13162
5130,13163
5131,13164
5131,13165
5131,13166
5131,13167
5132,13168
5133,13169
5134,13170
5135,13171
5135,13172
5135,13173
5135,13174
5135,13175
5135,13176
5135,13177
5135,13178
5135,13179
5135,13180
5135,13181
5135,13182
5135,13183
5136,13184
5137,13185
5138,13186
5138,13187
5138,13188
5138,13189
5138,13190
5138,13191
5138,13192
5138,13193
5138,13194
5139,13195
5139,13196
5139,13197
5140,13198
5140,13199
5141,13200
5141,13201
5141,13202
5141,13203
5142,13204
5142,13205
5142,13206
5142,13207
5143,13208
5144,13209
5144,13210
5144,13211
5145,13212
5145,13213
5146,13214
5147,13215
5147,13216
5147,13217
5148,13218
5148,13219
5149,13220
5150,13221
5150,13222
5150,13223
5151,13224
5152,13225
5152,13226
5153,13227
5153,13228
5154,13229
5154,13230
5154,13231
5154,13232
5154,13233
5154,13234
5154,13235
5155,13236
5156,13237
5156,13238
5156,13239
5157,13240
5157,13241
5157,13242
5157,13243
5158,13244
5158,13245
5158,13246
5158,13247
5158,13248
5158,13249
5159,13250
5160,13251
5160,13252
5161,13253
5161,13254
5162,13255
5162,13256
5163,13257
5163,13258
5163,13259
5164,13260
5165,13261
5165,13262
5165,13263
5165,13264
5165,13265
5165,13266
5165,13267
5165,13268
5165,13269
5166,13270
5166,13271
5166,13272
5166,13273
5166,13274
5166,13275
5167,13276
5167,13277
5167,13278
5168,13279
5168,13280
5168,13281
5168,13282
5168,13283
5168,13284
5168,13285
5168,13286
5168,13287
5169,13288
5170,13289
5170,13290
5171,13291
5172,13292
5172,13293
5172,13294
5173,13295
5173,13296
5174,13297
5174,13298
5174,13299
5174,13300
5175,13301
5175,13302
5176,13303
5177,13304
5178,13305
5179,13306
5179,13307
5179,13308
5180,13309
5181,13310
5182,13311
5182,13312
5183,13313
5183,13314
5183,13315
5184,13316
5184,13317
5184,13318
5184,13319
5185,13320
5186,13321
5186,13322
5186,13323
5186,13324
5187,13325
5188,13326
5188,13327
5188,13328
5188,13329
5188,13330
5189,13331
5189,13332
5189,13333
5189,13334
5189,13335
5190,13336
5190,13337
5190,13338
5190,13339
5190,13340
5190,13341
5190,13342
5191,13343
5191,13344
5191,13345
5192,13346
5193,13347
5193,13348
5194,13349
5194,13350
5194,13351
5194,13352
5194,13353
5194,13354
5194,13355
5195,13356
5195,13357
5195,13358
5195,13359
5195,13360
5196,13361
5196,13362
5196,13363
5197,13364
5197,13365
5197,13366
5198,13367
5199,13368
5200,13369
5201,13370
5202,13371
5202,13372
5202,13373
5203,13374
5203,13375
5203,13376
5204,13377
5204,13378
5204,13379
5205,13380
5205,13381
5205,13382
5206,13383
5206,13384
5207,13385
5207,13386
5207,13387
5208,13388
5209,13389
5209,13390
5209,13391
5210,13392
5210,13393
5210,13394
5210,13395
5210,13396
5211,13397
5212,13398
5212,13399
5212,13400
5213,13401
5213,13402
5213,13403
5213,13404
5213,13405
5214,13406
5214,13407
5215,13408
5216,13409
5217,13410
5217,13411
5217,13412
5217,13413
5218,13414
5218,13415
5218,13416
5219,13417
5219,13418
5220,13419
5220,13420
5221,13421
5221,13422
5222,13423
5222,13424
5222,13425
5222,13426
5223,13427
5223,13428
5224,13429
5224,13430
5224,13431
5225,13432
5225,13433
5226,13434
5226,13435
5226,13436
5226,13437
5226,13438
5227,13439
5227,13440
5228,13441
5228,13442
5229,13443
5229,13444
5229,13445
5230,13446
5231,13447
5231,13448
5232,13449
5232,13450
5233,13451
5233,13452
5234,13453
5235,13454
5236,13455
5236,13456
5236,13457
5236,13458
5237,13459
5238,13460
5239,13461
5240,13462
5241,13463
5241,13464
5241,13465
5241,13466
5242,13467
5242,13468
5242,13469
5243,13470
5243,13471
5243,13472
5243,13473
5244,13474
5244,13475
5244,13476
5244,13477
5245,13478
5245,13479
5246,13480
5246,13481
5246,13482
5246,13483
5246,13484
5246,13485
5247,13486
5248,13487
5248,13488
5249,13489
5249,13490
5249,13491
5249,13492
5249,13493
5250,13494
5250,13495
5251,13496
5251,13497
5252,13498
5253,13499
5253,13500
5253,13501
5253,13502
5253,13503
5253,13504
5253,13505
5253,13506
5253,13507
5253,13508
5254,13509
5254,13510
5255,13511
5256,13512
5256,13513
5256,13514
5256,13515
5256,13516
5256,13517
5256,13518
5256,13519
5256,13520
5256,13521
5256,13522
5256,13523
5256,13524
5256,13525
5257,13526
5257,13527
5258,13528
5259,13529
5259,13530
5260,13531
5261,13532
5262,13533
5262,13534
5262,13535
5262,13536
5262,13537
5262,13538
5262,13539
5262,13540
5263,13541
5264,13542
5264,13543
5264,13544
5265,13545
5265,13546
5265,13547
5265,13548
5265,13549
5265,13550
5265,13551
5265,13552
5266,13553
5266,13554
5266,13555
5266,13556
5267,13557
5267,13558
5267,13559
5267,13560
5267,13561
5267,13562
5267,13563
5267,13564
5268,13565
5268,13566
5269,13567
5269,13568
5270,13569
5270,13570
5271,13571
5271,13572
5271,13573
5271,13574
5271,13575
5271,13576
5272,13577
5272,13578
5272,13579
5272,13580
5272,13581
5272,13582
5272,13583
5272,13584
5272,13585
5272,13586
5273,13587
5273,13588
5274,13589
5274,13590
5274,13591
5274,13592
5275,13593
5276,13594
5276,13595
5277,13596
5277,13597
5277,13598
5277,13599
5277,13600
5277,13601
5277,13602
5277,13603
5278,13604
5279,13605
5279,13606
5280,13607
5280,13608
5281,13609
5282,13610
5282,13611
5282,13612
5282,13613
5283,13614
5283,13615
5283,13616
5283,13617
5284,13618
5284,13619
5285,13620
5285,13621
5286,13622
5287,13623
5288,13624
5288,13625
5288,13626
5289,13627
5289,13628
5290,13629
5290,13630
5290,13631
5290,13632
5290,13633
5290,13634
5290,13635
5290,13636
5290,13637
5291,13638
5291,13639
5292,13640
5292,13641
5292,13642
5293,13643
5294,13644
5295,13645
5295,13646
5295,13647
5295,13648
5295,13649
5295,13650
5296,13651
5296,13652
5296,13653
5296,13654
5296,13655
5296,13656
5297,13657
5298,13658
5298,13659
5298,13660
5298,13661
5299,13662
5299,13663
5299,13664
5300,13665
5301,13666
5301,13667
5301,13668
5301,13669
5302,13670
5303,13671
5303,13672
5304,13673
5304,13674
5305,13675
5305,13676
5305,13677
5305,13678
5305,13679
5305,13680
5305,13681
5305,13682
5306,13683
5306,13684
5307,13685
5307,13686
5307,13687
5307,13688
5308,13689
5308,13690
5308,13691
5308,13692
5308,13693
5308,13694
5308,13695
5309,13696
5309,13697
5309,13698
5310,13699
5310,13700
5310,13701
5310,13702
5310,13703
5310,13704
5310,13705
5311,13706
5311,13707
5311,13708
5312,13709
5312,13710
5312,13711
5312,13712
5313,13713
5313,13714
5314,13715
5314,13716
5314,13717
5314,13718
5315,13719
5315,13720
5315,13721
5315,13722
5315,13723
5316,13724
5317,13725
5317,13726
5318,13727
5319,13728
5319,13729
5320,13730
5320,13731
5321,13732
5321,13733
5321,13734
5322,13735
5322,13736
5322,13737
5322,13738
5322,13739
5323,13740
5324,13741
5324,13742
5324,13743
5325,13744
5325,13745
5326,13746
5326,13747
5326,13748
5326,13749
5327,13750
5328,13751
5328,13752
5329,13753
5330,13754
5330,13755
5331,13756
5331,13757
5332,13758
5332,13759
5333,13760
5334,13761
5334,13762
5335,13763
5335,13764
5336,13765
5336,13766
5336,13767
5336,13768
5337,13769
5338,13770
5338,13771
5338,13772
5339,13773
5339,13774
5339,13775
5340,13776
5340,13777
5341,13778
5341,13779
5341,13780
5341,13781
5342,13782
5342,13783
5342,13784
5342,13785
5343,13786
5344,13787
5345,13788
5345,13789
5345,13790
5346,13791
5346,13792
5346,13793
5347,13794
5348,13795
5349,13796
5349,13797
5350,13798
5350,13799
5351,13800
5351,13801
5351,13802
5351,13803
5352,13804
5353,13805
5354,13806
5354,13807
5355,13808
5356,13809
5356,13810
5357,13811
5358,13812
5359,13813
5359,13814
5359,13815
5359,13816
5359,13817
5359,13818
5359,13819
5360,13820
5360,13821
5360,13822
5360,13823
5360,13824
5360,13825
5361,13826
5362,13827
5363,13828
5363,13829
5363,13830
5364,13831
5365,13832
5365,13833
5366,13834
5366,13835
5367,13836
5367,13837
5368,13838
5369,13839
5369,13840
5369,13841
5370,13842
5370,13843
5370,13844
5370,13845
5371,13846
5372,13847
5372,13848
5372,13849
5372,13850
5373,13851
5373,13852
5374,13853
5375,13854
5375,13855
5376,13856
5377,13857
5377,13858
5377,13859
5377,13860
5377,13861
5378,13862
5378,13863
5379,13864
5379,13865
5379,13866
5379,13867
5380,13868
5381,13869
5381,13870
5381,13871
5382,13872
5382,13873
5382,13874
5383,13875
5383,13876
5383,13877
5383,13878
5383,13879
5383,13880
5383,13881
5383,13882
5383,13883
5383,13884
5383,13885
5383,13886
5383,13887
5384,13888
5384,13889
5385,13890
5385,13891
5385,13892
5386,13893
5386,13894
5386,13895
5387,13896
5387,13897
5388,13898
5388,13899
5389,13900
5389,13901
5389,13902
5390,13903
5391,13904
5391,13905
5392,13906
5392,13907
5392,13908
5392,13909
5392,13910
5392,13911
5393,13912
5394,13913
5395,13914
5396,13915
5396,13916
5396,13917
5397,13918
5397,13919
5397,13920
5397,13921
5398,13922
5398,13923
5398,13924
5398,13925
5399,13926
5399,13927
5400,13928
5401,13929
5402,13930
5402,13931
5402,13932
5402,13933
5403,13934
5403,13935
5403,13936
5403,13937
5403,13938
5403,13939
5404,13940
5404,13941
5404,13942
5404,13943
5405,13944
5405,13945
5405,13946
5405,13947
5405,13948
5406,13949
5407,13950
5407,13951
5407,13952
5407,13953
5407,13954
5407,13955
5407,13956
5407,13957
5408,13958
5408,13959
5408,13960
5408,13961
5409,13962
5409,13963
5409,13964
5409,13965
5410,13966
5411,13967
5411,13968
5411,13969
5411,13970
5412,13971
5412,13972
5413,13973
5413,13974
5413,13975
5413,13976
5414,13977
5415,13978
5415,13979
5416,13980
5416,13981
5416,13982
5417,13983
5417,13984
5417,13985
5418,13986
5419,13987
5419,13988
5419,13989
5420,13990
5420,13991
5420,13992
5420,13993
5420,13994
5421,13995
5422,13996
5423,13997
5423,13998
5423,13999
5423,14000
5424,14001
5425,14002
5426,14003
5427,14004
5427,14005
5428,14006
5428,14007
5428,14008
5428,14009
5429,14010
5429,14011
5429,14012
5430,14013
5430,14014
5431,14015
5431,14016
5431,14017
5431,14018
5431,14019
5431,14020
5432,14021
5432,14022
5432,14023
5432,14024
5432,14025
5432,14026
5433,14027
5434,14028
5434,14029
5434,14030
5435,14031
5435,14032
5435,14033
5435,14034
5435,14035
5435,14036
5435,14037
5435,14038
5435,14039
5435,14040
5435,14041
5435,14042
5436,14043
5436,14044
5436,14045
5436,14046
5437,14047
5437,14048
5437,14049
5437,14050
5438,14051
5438,14052
5439,14053
5439,14054
5439,14055
5439,14056
5440,14057
5440,14058
5440,14059
5440,14060
5440,14061
5440,14062
5440,14063
5440,14064
5440,14065
5440,14066
5441,14067
5442,14068
5443,14069
5443,14070
5443,14071
5443,14072
5443,14073
5443,14074
5443,14075
5443,14076
5444,14077
5444,14078
5444,14079
5444,14080
5445,14081
5445,14082
5445,14083
5445,14084
5445,14085
5446,14086
5446,14087
5447,14088
5447,14089
5448,14090
5448,14091
5448,14092
5448,14093
5448,14094
5448,14095
5449,14096
5449,14097
5449,14098
5450,14099
5450,14100
5450,14101
5450,14102
5450,14103
5450,14104
5450,14105
5451,14106
5451,14107
5451,14108
5451,14109
5452,14110
5453,14111
5453,14112
5453,14113
5454,14114
5454,14115
5454,14116
5454,14117
5454,14118
5454,14119
5455,14120
5455,14121
5455,14122
5456,14123
5456,14124
5457,14125
5457,14126
5458,14127
5459,14128
5460,14129
5461,14130
5461,14131
5461,14132
5461,14133
5461,14134
5462,14135
5462,14136
5463,14137
5463,14138
5463,14139
5464,14140
5464,14141
5464,14142
5464,14143
5465,14144
5466,14145
5466,14146
5466,14147
5467,14148
5467,14149
5467,14150
5468,14151
5468,14152
5469,14153
5469,14154
5470,14155
5470,14156
5470,14157
5470,14158
5470,14159
5470,14160
5471,14161
5472,14162
5472,14163
5472,14164
5473,14165
5473,14166
5474,14167
5474,14168
5475,14169
5475,14170
5475,14171
5475,14172
5476,14173
5476,14174
5477,14175
5477,14176
5477,14177
5477,14178
5478,14179
5479,14180
5480,14181
5481,14182
5481,14183
5481,14184
5482,14185
5482,14186
5482,14187
5482,14188
5482,14189
5483,14190
5483,14191
5483,14192
5484,14193
5484,14194
5484,14195
5484,14196
5484,14197
5484,14198
5484,14199
5484,14200
5484,14201
5485,14202
5486,14203
5486,14204
5486,14205
5487,14206
5487,14207
5487,14208
5487,14209
5487,14210
5487,14211
5487,14212
5488,14213
5488,14214
5488,14215
5488,14216
5488,14217
5488,14218
5488,14219
5488,14220
5489,14221
5489,14222
5489,14223
5489,14224
5490,14225
5491,14226
5491,14227
5491,14228
5491,14229
5492,14230
5492,14231
5492,14232
5492,14233
5493,14234
5493,14235
5493,14236
5493,14237
5493,14238
5494,14239
5494,14240
5494,14241
5495,14242
5495,14243
5495,14244
5495,14245
5496,14246
5496,14247
5496,14248
5496,14249
5496,14250
5497,14251
5497,14252
5497,14253
5497,14254
5498,14255
5498,14256
5499,14257
5499,14258
5500,14259
5500,14260
5501,14261
5502,14262
5503,14263
5503,14264
5504,14265
5504,14266
5505,14267
5505,14268
5505,14269
5505,14270
5505,14271
5505,14272
5505,14273
5505,14274
5505,14275
5505,14276
5505,14277
5506,14278
5506,14279
5506,14280
5507,14281
5508,14282
5508,14283
5508,14284
5509,14285
5509,14286
5510,14287
5510,14288
5510,14289
5511,14290
5511,14291
5511,14292
5511,14293
5511,14294
5511,14295
5511,14296
5512,14297
5513,14298
5513,14299
5513,14300
5513,14301
5513,14302
5513,14303
5513,14304
5513,14305
5514,14306
5514,14307
5514,14308
5515,14309
5516,14310
5516,14311
5517,14312
5518,14313
5518,14314
5519,14315
5519,14316
5519,14317
5520,14318
5521,14319
5521,14320
5522,14321
5522,14322
5522,14323
5522,14324
5522,14325
5522,14326
5522,14327
5522,14328
5522,14329
5523,14330
5523,14331
5524,14332
5524,14333
5525,14334
5525,14335
5525,14336
5525,14337
5525,14338
5525,14339
5525,14340
5526,14341
5526,14342
5527,14343
5527,14344
5527,14345
5527,14346
5528,14347
5528,14348
5528,14349
5528,14350
5529,14351
5529,14352
5530,14353
5530,14354
5530,14355
5531,14356
5532,14357
5533,14358
5533,14359
5534,14360
5534,14361
5534,14362
5535,14363
5535,14364
5535,14365
5535,14366
5535,14367
5535,14368
5536,14369
5537,14370
5537,14371
5537,14372
5538,14373
5538,14374
5539,14375
5539,14376
5539,14377
5539,14378
5539,14379
5539,14380
5539,14381
5539,14382
5539,14383
5539,14384
5540,14385
5540,14386
5541,14387
5541,14388
5542,14389
5542,14390
5542,14391
5543,14392
5543,14393
5543,14394
5543,14395
5544,14396
5544,14397
5544,14398
5545,14399
5545,14400
5545,14401
5546,14402
5547,14403
5548,14404
5548,14405
5548,14406
5548,14407
5548,14408
5548,14409
5548,14410
5548,14411
5548,14412
5549,14413
5550,14414
5550,14415
5550,14416
5551,14417
5551,14418
5551,14419
5552,14420
5552,14421
5553,14422
5554,14423
5555,14424
5556,14425
5556,14426
5556,14427
5556,14428
5557,14429
5558,14430
5559,14431
5559,14432
5559,14433
5559,14434
5560,14435
5561,14436
5561,14437
5561,14438
5561,14439
5561,14440
5561,14441
5561,14442
5561,14443
5562,14444
5562,14445
5562,14446
5563,14447
5563,14448
5563,14449
5563,14450
5564,14451
5565,14452
5565,14453
5565,14454
5566,14455
5566,14456
5566,14457
5567,14458
5567,14459
5567,14460
5567,14461
5568,14462
5568,14463
5568,14464
5568,14465
5568,14466
5568,14467
5568,14468
5568,14469
5569,14470
5569,14471
5569,14472
5569,14473
5570,14474
5570,14475
5571,14476
5572,14477
5573,14478
5574,14479
5575,14480
5575,14481
5575,14482
5576,14483
5576,14484
5577,14485
5577,14486
5578,14487
5579,14488
5579,14489
5579,14490
5580,14491
5580,14492
5580,14493
5580,14494
5580,14495
5580,14496
5580,14497
5580,14498
5581,14499
5581,14500
5582,14501
5582,14502
5582,14503
5583,14504
5583,14505
5584,14506
5584,14507
5584,14508
5585,14509
5585,14510
5585,14511
5585,14512
5586,14513
5586,14514
5587,14515
5588,14516
5589,14517
5589,14518
5589,14519
5590,14520
5590,14521
5591,14522
5591,14523
5592,14524
5592,14525
5593,14526
5593,14527
5593,14528
5594,14529
5594,14530
5594,14531
5594,14532
5594,14533
5595,14534
5595,14535
5595,14536
5595,14537
5595,14538
5596,14539
5596,14540
5596,14541
5597,14542
5597,14543
5598,14544
5598,14545
5598,14546
5599,14547
5599,14548
5600,14549
5601,14550
5601,14551
5601,14552
5601,14553
5601,14554
5602,14555
5602,14556
5603,14557
5603,14558
5603,14559
5604,14560
5604,14561
5604,14562
5605,14563
5606,14564
5606,14565
5606,14566
5606,14567
5607,14568
5607,14569
5607,14570
5608,14571
5608,14572
5608,14573
5608,14574
5609,14575
5610,14576
5610,14577
5610,14578
5610,14579
5611,14580
5612,14581
5612,14582
5613,14583
5613,14584
5613,14585
5613,14586
5613,14587
5613,14588
5614,14589
5615,14590
5616,14591
5616,14592
5617,14593
5618,14594
5618,14595
5619,14596
5619,14597
5619,14598
5619,14599
5620,14600
5620,14601
5620,14602
5621,14603
5621,14604
5621,14605
5621,14606
5622,14607
5623,14608
5623,14609
5624,14610
5625,14611
5625,14612
5626,14613
5626,14614
5627,14615
5627,14616
5627,14617
5627,14618
5628,14619
5629,14620
5629,14621
5630,14622
5630,14623
5630,14624
5631,14625
5632,14626
5632,14627
5632,14628
5632,14629
5633,14630
5634,14631
5635,14632
5635,14633
5636,14634
5636,14635
5637,14636
5638,14637
5639,14638
5639,14639
5639,14640
5640,14641
5641,14642
5641,14643
5641,14644
5641,14645
5641,14646
5641,14647
5642,14648
5642,14649
5642,14650
5643,14651
5643,14652
5643,14653
5643,14654
5644,14655
5645,14656
5645,14657
5646,14658
5646,14659
5646,14660
5647,14661
5647,14662
5648,14663
5649,14664
5649,14665
5649,14666
5650,14667
5650,14668
5651,14669
5652,14670
5652,14671
5653,14672
5653,14673
5654,14674
5655,14675
5656,14676
5656,14677
5657,14678
5657,14679
5658,14680
5659,14681
5659,14682
5659,14683
5660,14684
5661,14685
5661,14686
5661,14687
5661,14688
5661,14689
5662,14690
5662,14691
5663,14692
5663,14693
5664,14694
5664,14695
5664,14696
5664,14697
5664,14698
5665,14699
5666,14700
5667,14701
5667,14702
5667,14703
5667,14704
5668,14705
5668,14706
5668,14707
5668,14708
5669,14709
5670,14710
5670,14711
5671,14712
5671,14713
5671,14714
5671,14715
5672,14716
5672,14717
5672,14718
5673,14719
5673,14720
5673,14721
5674,14722
5675,14723
5675,14724
5676,14725
5676,14726
5677,14727
5677,14728
5677,14729
5678,14730
5678,14731
5679,14732
5679,14733
5679,14734
5679,14735
5679,14736
5679,14737
5680,14738
5680,14739
5681,14740
5681,14741
5681,14742
5681,14743
5681,14744
5682,14745
5683,14746
5683,14747
5683,14748
5683,14749
5684,14750
5684,14751
5685,14752
5685,14753
5685,14754
5685,14755
5685,14756
5686,14757
5687,14758
5688,14759
5688,14760
5689,14761
5689,14762
5689,14763
5690,14764
5691,14765
5691,14766
5692,14767
5692,14768
5692,14769
5693,14770
5693,14771
5694,14772
5694,14773
5695,14774
5696,14775
5696,14776
5696,14777
5697,14778
5698,14779
5699,14780
5699,14781
5699,14782
5699,14783
5699,14784
5700,14785
5701,14786
5701,14787
5701,14788
5701,14789
5702,14790
5702,14791
5702,14792
5703,14793
5704,14794
5704,14795
5705,14796
5706,14797
5706,14798
5707,14799
5707,14800
5708,14801
5708,14802
5708,14803
5709,14804
5709,14805
5709,14806
5710,14807
5711,14808
5711,14809
5711,14810
5712,14811
5713,14812
5713,14813
5713,14814
5713,14815
5714,14816
5714,14817
5715,14818
5716,14819
5717,14820
5717,14821
5718,14822
5719,14823
5720,14824
5721,14825
5721,14826
5721,14827
5721,14828
5721,14829
5722,14830
5722,14831
5723,14832
5723,14833
5723,14834
5723,14835
5723,14836
5724,14837
5724,14838
5725,14839
5725,14840
5726,14841
5726,14842
5726,14843
5727,14844
5728,14845
5728,14846
5729,14847
5730,14848
5730,14849
5731,14850
5732,14851
5732,14852
5733,14853
5733,14854
5733,14855
5733,14856
5734,14857
5734,14858
5735,14859
5735,14860
5736,14861
5736,14862
5736,14863
5737,14864
5737,14865
5738,14866
5738,14867
5739,14868
5740,14869
5741,14870
5741,14871
5741,14872
5741,14873
5742,14874
5743,14875
5743,14876
5743,14877
5743,14878
5744,14879
5744,14880
5744,14881
5744,14882
5744,14883
5745,14884
5745,14885
5746,14886
5747,14887
5747,14888
5747,14889
5748,14890
5749,14891
5749,14892
5749,14893
5750,14894
5751,14895
5752,14896
5752,14897
5752,14898
5752,14899
5752,14900
5752,14901
5752,14902
5753,14903
5753,14904
5753,14905
5754,14906
5754,14907
5755,14908
5755,14909
5755,14910
5756,14911
5757,14912
5757,14913
5758,14914
5759,14915
5760,14916
5761,14917
5761,14918
5762,14919
5763,14920
5763,14921
5764,14922
5765,14923
5766,14924
5767,14925
5768,14926
5768,14927
5769,14928
5769,14929
5769,14930
5770,14931
5770,14932
5771,14933
5772,14934
5772,14935
5772,14936
5773,14937
5774,14938
5774,14939
5775,14940
5775,14941
5775,14942
5775,14943
5775,14944
5775,14945
5776,14946
5776,14947
5776,14948
5776,14949
5776,14950
5776,14951
5776,14952
5777,14953
5777,14954
5777,14955
5777,14956
5777,14957
5777,14958
5778,14959
5778,14960
5778,14961
5778,14962
5779,14963
5779,14964
5779,14965
5780,14966
5780,14967
5781,14968
5781,14969
5781,14970
5781,14971
5781,14972
5781,14973
5781,14974
5781,14975
5781,14976
5781,14977
5782,14978
5782,14979
5782,14980
5782,14981
5783,14982
5784,14983
5784,14984
5784,14985
5784,14986
5784,14987
5785,14988
5785,14989
5785,14990
5786,14991
5786,14992
5787,14993
5787,14994
5787,14995
5787,14996
5788,14997
5788,14998
5789,14999
5789,15000
5789,15001
5790,15002
5791,15003
5791,15004
5792,15005
5793,15006
5794,15007
5795,15008
5795,15009
5795,15010
5795,15011
5795,15012
5795,15013
5796,15014
5796,15015
5796,15016
5797,15017
5798,15018
5798,15019
5798,15020
5798,15021
5798,15022
5798,15023
5798,15024
5799,15025
5799,15026
5799,15027
5800,15028
5801,15029
5801,15030
5801,15031
5801,15032
5802,15033
5802,15034
5802,15035
5802,15036
5802,15037
5803,15038
5803,15039
5803,15040
5803,15041
5804,15042
5805,15043
5805,15044
5805,15045
5806,15046
5807,15047
5807,15048
5807,15049
5808,15050
5808,15051
5809,15052
5809,15053
5810,15054
5810,15055
5810,15056
5810,15057
5811,15058
5812,15059
5813,15060
5813,15061
5814,15062
5814,15063
5814,15064
5814,15065
5815,15066
5816,15067
5817,15068
5817,15069
5818,15070
5818,15071
5819,15072
5819,15073
5819,15074
5820,15075
5820,15076
5820,15077
5820,15078
5821,15079
5822,15080
5823,15081
5823,15082
5824,15083
5824,15084
5824,15085
5825,15086
5825,15087
5825,15088
5825,15089
5826,15090
5827,15091
5827,15092
5827,15093
5827,15094
5827,15095
5828,15096
5829,15097
5830,15098
5830,15099
5831,15100
5831,15101
5831,15102
5832,15103
5832,15104
5832,15105
5833,15106
5833,15107
5834,15108
5834,15109
5834,15110
5834,15111
5835,15112
5835,15113
5836,15114
5837,15115
5837,15116
5838,15117
5839,15118
5839,15119
5839,15120
5839,15121
5840,15122
5841,15123
5841,15124
5842,15125
5842,15126
5843,15127
5844,15128
5845,15129
5845,15130
5845,15131
5846,15132
5846,15133
5846,15134
5846,15135
5846,15136
5847,15137
5847,15138
5847,15139
5847,15140
5847,15141
5848,15142
5849,15143
5849,15144
5849,15145
5849,15146
5849,15147
5850,15148
5850,15149
5850,15150
5850,15151
5850,15152
5851,15153
5851,15154
5851,15155
5852,15156
5853,15157
5853,15158
5854,15159
5855,15160
5855,15161
5856,15162
5856,15163
5856,15164
5857,15165
5858,15166
5858,15167
5858,15168
5859,15169
5860,15170
5860,15171
5861,15172
5861,15173
5861,15174
5861,15175
5861,15176
5861,15177
5861,15178
5862,15179
5862,15180
5862,15181
5862,15182
5862,15183
5863,15184
5863,15185
5864,15186
5864,15187
5864,15188
5865,15189
5865,15190
5865,15191
5865,15192
5866,15193
5866,15194
5866,15195
5866,15196
5866,15197
5866,15198
5866,15199
5866,15200
5867,15201
5867,15202
5867,15203
5868,15204
5868,15205
5868,15206
5868,15207
5869,15208
5869,15209
5869,15210
5869,15211
5870,15212
5870,15213
5871,15214
5871,15215
5872,15216
5873,15217
5873,15218
5874,15219
5875,15220
5875,15221
5876,15222
5877,15223
5877,15224
5877,15225
5877,15226
5877,15227
5877,15228
5877,15229
5878,15230
5878,15231
5878,15232
5879,15233
5880,15234
5881,15235
5881,15236
5882,15237
5882,15238
5882,15239
5882,15240
5882,15241
5882,15242
5883,15243
5884,15244
5885,15245
5885,15246
5885,15247
5886,15248
5887,15249
5887,15250
5887,15251
5887,15252
5887,15253
5888,15254
5889,15255
5889,15256
5890,15257
5891,15258
5891,15259
5891,15260
5892,15261
5892,15262
5892,15263
5893,15264
5894,15265
5894,15266
5894,15267
5895,15268
5895,15269
5896,15270
5896,15271
5897,15272
5898,15273
5899,15274
5899,15275
5899,15276
5900,15277
5901,15278
5901,15279
5901,15280
5901,15281
5902,15282
5903,15283
5903,15284
5904,15285
5904,15286
5904,15287
5904,15288
5904,15289
5904,15290
5905,15291
5906,15292
5906,15293
5907,15294
5907,15295
5908,15296
5908,15297
5908,15298
5909,15299
5909,15300
5909,15301
5909,15302
5910,15303
5910,15304
5910,15305
5910,15306
5910,15307
5910,15308
5910,15309
5910,15310
5910,15311
5911,15312
5911,15313
5912,15314
5913,15315
5913,15316
5913,15317
5913,15318
5913,15319
5914,15320
5914,15321
5914,15322
5914,15323
5914,15324
5915,15325
5915,15326
5915,15327
5915,15328
5916,15329
5916,15330
5917,15331
5917,15332
5917,15333
5917,15334
5917,15335
5918,15336
5918,15337
5918,15338
5919,15339
5919,15340
5919,15341
5920,15342
5921,15343
5922,15344
5922,15345
5922,15346
5923,15347
5923,15348
5923,15349
5923,15350
5923,15351
5923,15352
5923,15353
5923,15354
5923,15355
5923,15356
5923,15357
5923,15358
5923,15359
5923,15360
5924,15361
5924,15362
5925,15363
5926,15364
5926,15365
5926,15366
5927,15367
5927,15368
5927,15369
5928,15370
5928,15371
5928,15372
5929,15373
5930,15374
5930,15375
5931,15376
5932,15377
5932,15378
5933,15379
5934,15380
5934,15381
5934,15382
5935,15383
5935,15384
5936,15385
5937,15386
5938,15387
5938,15388
5938,15389
5939,15390
5939,15391
5940,15392
5941,15393
5941,15394
5942,15395
5942,15396
5942,15397
5943,15398
5943,15399
5944,15400
5945,15401
5946,15402
5946,15403
5947,15404
5947,15405
5948,15406
5948,15407
5949,15408
5950,15409
5950,15410
5950,15411
5950,15412
5950,15413
5950,15414
5950,15415
5950,15416
5951,15417
5952,15418
5953,15419
5953,15420
5953,15421
5954,15422
5955,15423
5956,15424
5956,15425
5957,15426
5958,15427
5958,15428
5958,15429
5959,15430
5960,15431
5960,15432
5961,15433
5962,15434
5963,15435
5963,15436
5963,15437
5964,15438
5964,15439
5964,15440
5965,15441
5965,15442
5965,15443
5966,15444
5966,15445
5966,15446
5967,15447
5968,15448
5968,15449
5969,15450
5970,15451
5971,15452
5972,15453
5972,15454
5972,15455
5972,15456
5972,15457
5972,15458
5973,15459
5973,15460
5973,15461
5973,15462
5974,15463
5974,15464
5975,15465
5975,15466
5975,15467
5975,15468
5975,15469
5975,15470
5975,15471
5976,15472
5976,15473
5976,15474
5977,15475
5977,15476
5977,15477
5978,15478
5979,15479
5979,15480
5980,15481
5980,15482
5981,15483
5982,15484
5982,15485
5983,15486
5983,15487
5984,15488
5984,15489
5985,15490
5986,15491
5986,15492
5986,15493
5986,15494
5986,15495
5986,15496
5986,15497
5986,15498
5986,15499
5987,15500
5987,15501
5987,15502
5988,15503
5988,15504
5988,15505
5988,15506
5989,15507
5989,15508
5990,15509
5990,15510
5990,15511
5990,15512
5990,15513
5991,15514
5992,15515
5992,15516
5993,15517
5993,15518
5993,15519
5993,15520
5993,15521
5993,15522
5993,15523
5993,15524
5993,15525
5994,15526
5995,15527
5995,15528
5996,15529
5996,15530
5996,15531
5997,15532
5997,15533
5997,15534
5997,15535
5998,15536
5998,15537
5998,15538
5998,15539
5999,15540
6000,15541
6000,15542
6001,15543
6002,15544
6002,15545
6002,15546
6002,15547
6002,15548
6002,15549
6003,15550
6003,15551
6003,15552
6004,15553
6004,15554
6004,15555
6005,15556
6005,15557
6005,15558
6005,15559
6005,15560
6005,15561
6005,15562
6005,15563
6006,15564
6006,15565
6006,15566
6007,15567
6008,15568
6008,15569
6008,15570
6009,15571
6009,15572
6010,15573
6010,15574
6010,15575
6010,15576
6010,15577
6011,15578
6011,15579
6011,15580
6011,15581
6012,15582
6013,15583
6013,15584
6014,15585
6015,15586
6016,15587
6017,15588
6017,15589
6017,15590
6017,15591
6018,15592
6018,15593
6018,15594
6019,15595
6019,15596
6019,15597
6020,15598
6020,15599
6020,15600
6020,15601
6020,15602
6020,15603
6020,15604
6020,15605
6020,15606
6021,15607
6022,15608
6022,15609
6022,15610
6022,15611
6022,15612
6023,15613
6023,15614
6023,15615
6023,15616
6023,15617
6024,15618
6024,15619
6024,15620
6024,15621
6025,15622
6025,15623
6025,15624
6025,15625
6025,15626
6025,15627
6026,15628
6027,15629
6028,15630
6029,15631
6029,15632
6029,15633
6029,15634
6030,15635
6031,15636
6032,15637
6033,15638
6033,15639
6033,15640
6033,15641
6033,15642
6033,15643
6033,15644
6033,15645
6033,15646
6033,15647
6034,15648
6035,15649
6036,15650
6036,15651
6037,15652
6037,15653
6037,15654
6037,15655
6037,15656
6037,15657
6037,15658
6037,15659
6037,15660
6037,15661
6038,15662
6038,15663
6038,15664
6038,15665
6038,15666
6038,15667
6039,15668
6039,15669
6039,15670
6039,15671
6039,15672
6039,15673
6039,15674
6039,15675
6040,15676
6040,15677
6040,15678
6040,15679
6041,15680
6041,15681
6041,15682
6042,15683
6042,15684
6042,15685
6042,15686
6043,15687
6044,15688
6044,15689
6044,15690
6045,15691
6045,15692
6045,15693
6046,15694
6046,15695
6047,15696
6048,15697
6048,15698
6048,15699
6048,15700
6048,15701
6048,15702
6048,15703
6048,15704
6048,15705
6049,15706
6049,15707
6050,15708
6050,15709
6050,15710
6050,15711
6050,15712
6051,15713
6051,15714
6051,15715
6051,15716
6051,15717
6051,15718
6052,15719
6052,15720
6052,15721
6052,15722
6052,15723
6052,15724
6052,15725
6053,15726
6054,15727
6054,15728
6055,15729
6055,15730
6055,15731
6055,15732
6055,15733
6055,15734
6055,15735
6056,15736
6056,15737
6057,15738
6058,15739
6059,15740
6059,15741
6059,15742
6060,15743
6060,15744
6060,15745
6061,15746
6061,15747
6061,15748
6062,15749
6063,15750
6063,15751
6063,15752
6063,15753
6063,15754
6063,15755
6063,15756
6063,15757
6063,15758
6063,15759
6064,15760
6064,15761
6065,15762
6066,15763
6066,15764
6066,15765
6067,15766
6068,15767
6068,15768
6068,15769
6068,15770
6068,15771
6068,15772
6068,15773
6068,15774
6069,15775
6070,15776
6070,15777
6071,15778
6071,15779
6071,15780
6072,15781
6072,15782
6073,15783
6074,15784
6075,15785
6075,15786
6076,15787
6077,15788
6078,15789
6078,15790
6078,15791
6078,15792
6079,15793
6079,15794
6080,15795
6081,15796
6081,15797
6081,15798
6082,15799
6082,15800
6082,15801
6083,15802
6084,15803
6085,15804
6085,15805
6085,15806
6086,15807
6086,15808
6086,15809
6086,15810
6087,15811
6088,15812
6088,15813
6088,15814
6088,15815
6088,15816
6089,15817
6090,15818
6091,15819
6091,15820
6092,15821
6092,15822
6093,15823
6093,15824
6094,15825
6095,15826
6095,15827
6096,15828
6096,15829
6097,15830
6097,15831
6098,15832
6099,15833
6100,15834
6100,15835
6100,15836
6100,15837
6100,15838
6100,15839
6101,15840
6101,15841
6102,15842
6102,15843
6102,15844
6103,15845
6103,15846
6103,15847
6104,15848
6104,15849
6105,15850
6106,15851
6106,15852
6106,15853
6106,15854
6106,15855
6107,15856
6108,15857
6108,15858
6108,15859
6109,15860
6110,15861
6110,15862
6110,15863
6111,15864
6111,15865
6111,15866
6112,15867
6113,15868
6113,15869
6113,15870
6113,15871
6113,15872
6113,15873
6114,15874
6114,15875
6115,15876
6116,15877
6116,15878
6116,15879
6116,15880
6116,15881
6116,15882
6116,15883
6116,15884
6116,15885
6117,15886
6117,15887
6118,15888
6119,15889
6119,15890
6120,15891
6121,15892
6121,15893
6122,15894
6122,15895
6122,15896
6122,15897
6123,15898
6124,15899
6125,15900
6125,15901
6125,15902
6125,15903
6125,15904
6125,15905
6125,15906
6125,15907
6126,15908
6126,15909
6126,15910
6126,15911
6126,15912
6126,15913
6126,15914
6126,15915
6126,15916
6127,15917
6127,15918
6128,15919
6129,15920
6129,15921
6130,15922
6130,15923
6130,15924
6130,15925
6131,15926
6131,15927
6131,15928
6131,15929
6131,15930
6132,15931
6133,15932
6134,15933
6134,15934
6134,15935
6135,15936
6135,15937
6136,15938
6136,15939
6136,15940
6137,15941
6137,15942
6137,15943
6138,15944
6138,15945
6139,15946
6139,15947
6139,15948
6139,15949
6139,15950
6139,15951
6139,15952
6140,15953
6141,15954
6141,15955
6141,15956
6141,15957
6141,15958
6141,15959
6142,15960
6142,15961
6143,15962
6144,15963
6144,15964
6144,15965
6145,15966
6146,15967
6146,15968
6146,15969
6147,15970
6147,15971
6147,15972
6147,15973
6148,15974
6148,15975
6148,15976
6148,15977
6148,15978
6148,15979
6149,15980
6149,15981
6149,15982
6149,15983
6149,15984
6149,15985
6150,15986
6151,15987
6152,15988
6152,15989
6153,15990
6153,15991
6153,15992
6153,15993
6153,15994
6153,15995
6154,15996
6154,15997
6155,15998
6155,15999
6155,16000
6155,16001
6155,16002
6155,16003
6156,16004
6156,16005
6157,16006
6158,16007
6158,16008
6158,16009
6158,16010
6159,16011
6159,16012
6159,16013
6160,16014
6160,16015
6161,16016
6162,16017
6163,16018
6164,16019
6164,16020
6164,16021
6165,16022
6165,16023
6166,16024
6166,16025
6167,16026
6167,16027
6167,16028
6168,16029
6168,16030
6168,16031
6169,16032
6170,16033
6170,16034
6170,16035
6171,16036
6171,16037
6172,16038
6173,16039
6173,16040
6173,16041
6174,16042
6175,16043
6176,16044
6176,16045
6177,16046
6177,16047
6178,16048
6179,16049
6179,16050
6180,16051
6181,16052
6182,16053
6183,16054
6183,16055
6184,16056
6185,16057
6186,16058
6186,16059
6187,16060
6187,16061
6188,16062
6188,16063
6188,16064
6188,16065
6188,16066
6188,16067
6189,16068
6189,16069
6189,16070
6190,16071
6190,16072
6190,16073
6191,16074
6192,16075
6192,16076
6193,16077
6193,16078
6193,16079
6193,16080
6193,16081
6193,16082
6193,16083
6194,16084
6195,16085
6195,16086
6196,16087
6197,16088
6197,16089
6197,16090
6197,16091
6197,16092
6198,16093
6198,16094
6199,16095
6199,16096
6200,16097
6200,16098
6201,16099
6202,16100
6202,16101
6202,16102
6203,16103
6203,16104
6203,16105
6203,16106
6203,16107
6204,16108
6204,16109
6205,16110
6206,16111
6207,16112
6207,16113
6207,16114
6207,16115
6207,16116
6207,16117
6207,16118
6207,16119
6207,16120
6208,16121
6209,16122
6210,16123
6211,16124
6211,16125
6211,16126
6211,16127
6211,16128
6211,16129
6211,16130
6211,16131
6211,16132
6212,16133
6212,16134
6212,16135
6212,16136
6213,16137
6213,16138
6213,16139
6214,16140
6214,16141
6214,16142
6214,16143
6214,16144
6215,16145
6215,16146
6215,16147
6215,16148
6215,16149
6215,16150
6215,16151
6215,16152
6216,16153
6216,16154
6216,16155
6217,16156
6217,16157
6217,16158
6218,16159
6218,16160
6218,16161
6219,16162
6220,16163
6221,16164
6222,16165
6222,16166
6223,16167
6223,16168
6224,16169
6224,16170
6224,16171
6225,16172
6225,16173
6226,16174
6226,16175
6226,16176
6227,16177
6227,16178
6227,16179
6227,16180
6227,16181
6227,16182
6228,16183
6228,16184
6228,16185
6229,16186
6229,16187
6230,16188
6230,16189
6230,16190
6230,16191
6231,16192
6232,16193
6232,16194
6232,16195
6232,16196
6232,16197
6233,16198
6233,16199
6234,16200
6234,16201
6234,16202
6234,16203
6234,16204
6235,16205
6236,16206
6236,16207
6236,16208
6237,16209
6238,16210
6239,16211
6239,16212
6240,16213
6240,16214
6240,16215
6241,16216
6241,16217
6241,16218
6241,16219
6242,16220
6242,16221
6242,16222
6242,16223
6242,16224
6242,16225
6242,16226
6242,16227
6242,16228
6242,16229
6242,16230
6243,16231
6244,16232
6244,16233
6245,16234
6246,16235
6247,16236
6247,16237
6247,16238
6248,16239
6248,16240
6249,16241
6250,16242
6251,16243
6251,16244
6251,16245
6251,16246
6252,16247
6252,16248
6253,16249
6253,16250
6253,16251
6253,16252
6253,16253
6254,16254
6254,16255
6255,16256
6255,16257
6255,16258
6255,16259
6255,16260
6255,16261
6255,16262
6256,16263
6256,16264
6257,16265
6257,16266
6258,16267
6258,16268
6258,16269
6258,16270
6258,16271
6259,16272
6260,16273
6260,16274
6260,16275
6260,16276
6260,16277
6261,16278
6261,16279
6261,16280
6261,16281
6261,16282
6261,16283
6261,16284
6262,16285
6262,16286
6263,16287
6264,16288
6265,16289
6266,16290
6266,16291
6267,16292
6268,16293
6268,16294
6268,16295
6269,16296
6269,16297
6269,16298
6270,16299
6271,16300
6271,16301
6271,16302
6271,16303
6271,16304
6271,16305
6272,16306
6272,16307
6272,16308
6272,16309
6273,16310
6273,16311
6273,16312
6273,16313
6274,16314
6274,16315
6275,16316
6275,16317
6276,16318
6276,16319
6276,16320
6276,16321
6276,16322
6277,16323
6277,16324
6277,16325
6277,16326
6278,16327
6278,16328
6278,16329
6279,16330
6279,16331
6279,16332
6279,16333
6279,16334
6279,16335
6279,16336
6279,16337
6280,16338
6281,16339
6281,16340
6281,16341
6281,16342
6281,16343
6281,16344
6282,16345
6282,16346
6283,16347
6283,16348
6283,16349
6284,16350
6284,16351
6284,16352
6284,16353
6285,16354
6285,16355
6285,16356
6285,16357
6285,16358
6286,16359
6287,16360
6288,16361
6289,16362
6289,16363
6289,16364
6290,16365
6290,16366
6291,16367
6292,16368
6292,16369
6292,16370
6292,16371
6292,16372
6293,16373
6293,16374
6294,16375
6294,16376
6294,16377
6295,16378
6295,16379
6295,16380
6296,16381
6296,16382
6296,16383
6297,16384
6298,16385
6298,16386
6298,16387
6298,16388
6298,16389
6298,16390
6298,16391
6298,16392
6299,16393
6300,16394
6300,16395
6300,16396
6301,16397
6301,16398
6301,16399
6302,16400
6302,16401
6303,16402
6304,16403
6304,16404
6304,16405
6304,16406
6304,16407
6305,16408
6306,16409
6306,16410
6306,16411
6306,16412
6306,16413
6306,16414
6307,16415
6307,16416
6308,16417
6308,16418
6309,16419
6309,16420
6309,16421
6309,16422
6310,16423
6310,16424
6310,16425
6311,16426
6311,16427
6312,16428
6312,16429
6313,16430
6313,16431
6313,16432
6313,16433
6313,16434
6313,16435
6313,16436
6313,16437
6313,16438
6313,16439
6313,16440
6314,16441
6314,16442
6314,16443
6315,16444
6316,16445
6316,16446
6317,16447
6318,16448
6319,16449
6320,16450
6320,16451
6320,16452
6321,16453
6321,16454
6321,16455
6322,16456
6322,16457
6322,16458
6322,16459
6323,16460
6323,16461
6324,16462
6324,16463
6325,16464
6325,16465
6325,16466
6326,16467
6327,16468
6328,16469
6329,16470
6329,16471
6329,16472
6329,16473
6330,16474
6330,16475
6330,16476
6330,16477
6331,16478
6331,16479
6331,16480
6332,16481
6332,16482
6333,16483
6333,16484
6333,16485
6334,16486
6334,16487
6334,16488
6334,16489
6335,16490
6335,16491
6335,16492
6335,16493
6336,16494
6336,16495
6336,16496
6336,16497
6336,16498
6336,16499
6336,16500
6337,16501
6337,16502
6338,16503
6339,16504
6339,16505
6339,16506
6340,16507
6340,16508
6340,16509
6341,16510
6341,16511
6342,16512
6342,16513
6342,16514
6342,16515
6343,16516
6343,16517
6344,16518
6345,16519
6346,16520
6346,16521
6346,16522
6347,16523
6348,16524
6348,16525
6348,16526
6349,16527
6349,16528
6349,16529
6349,16530
6350,16531
6350,16532
6351,16533
6351,16534
6351,16535
6351,16536
6351,16537
6351,16538
6351,16539
6352,16540
6352,16541
6352,16542
6353,16543
6354,16544
6355,16545
6355,16546
6356,16547
6356,16548
6357,16549
6357,16550
6358,16551
6358,16552
6358,16553
6358,16554
6358,16555
6358,16556
6358,16557
6358,16558
6358,16559
6358,16560
6359,16561
6359,16562
6359,16563
6360,16564
6361,16565
6361,16566
6361,16567
6361,16568
6361,16569
6361,16570
6361,16571
6361,16572
6362,16573
6362,16574
6362,16575
6362,16576
6362,16577
6362,16578
6362,16579
6362,16580
6363,16581
6363,16582
6363,16583
6363,16584
6364,16585
6364,16586
6364,16587
6364,16588
6365,16589
6365,16590
6365,16591
6365,16592
6366,16593
6366,16594
6366,16595
6366,16596
6367,16597
6367,16598
6368,16599
6368,16600
6369,16601
6370,16602
6370,16603
6370,16604
6370,16605
6370,16606
6370,16607
6370,16608
6370,16609
6371,16610
6371,16611
6371,16612
6372,16613
6372,16614
6372,16615
6373,16616
6373,16617
6374,16618
6374,16619
6374,16620
6374,16621
6374,16622
6375,16623
6375,16624
6376,16625
6376,16626
6376,16627
6376,16628
6376,16629
6376,16630
6377,16631
6377,16632
6377,16633
6377,16634
6377,16635
6378,16636
6378,16637
6378,16638
6379,16639
6379,16640
6380,16641
6380,16642
6380,16643
6380,16644
6381,16645
6381,16646
6381,16647
6381,16648
6381,16649
6382,16650
6382,16651
6382,16652
6382,16653
6382,16654
6382,16655
6382,16656
6383,16657
6384,16658
6385,16659
6386,16660
6386,16661
6386,16662
6387,16663
6387,16664
6387,16665
6388,16666
6388,16667
6388,16668
6388,16669
6388,16670
6388,16671
6388,16672
6388,16673
6388,16674
6388,16675
6389,16676
6390,16677
6390,16678
6390,16679
6390,16680
6391,16681
6391,16682
6391,16683
6392,16684
6393,16685
6393,16686
6394,16687
6394,16688
6394,16689
6394,16690
6395,16691
6396,16692
6396,16693
6396,16694
6396,16695
6396,16696
6397,16697
6398,16698
6398,16699
6399,16700
6399,16701
6399,16702
6399,16703
6399,16704
6399,16705
6399,16706
6399,16707
6399,16708
6400,16709
6400,16710
6400,16711
6400,16712
6400,16713
6400,16714
6400,16715
6400,16716
6400,16717
6400,16718
6401,16719
6402,16720
6402,16721
6402,16722
6402,16723
6403,16724
6403,16725
6404,16726
6404,16727
6405,16728
6405,16729
6406,16730
6407,16731
6407,16732
6407,16733
6407,16734
6408,16735
6408,16736
6408,16737
6408,16738
6409,16739
6409,16740
6409,16741
6409,16742
6410,16743
6411,16744
6412,16745
6412,16746
6412,16747
6412,16748
6412,16749
6412,16750
6413,16751
6413,16752
6414,16753
6415,16754
6416,16755
6416,16756
6416,16757
6417,16758
6417,16759
6418,16760
6419,16761
6420,16762
6420,16763
6420,16764
6420,16765
6421,16766
6422,16767
6422,16768
6422,16769
6422,16770
6422,16771
6423,16772
6424,16773
6425,16774
6425,16775
6426,16776
6426,16777
6426,16778
6426,16779
6427,16780
6427,16781
6427,16782
6428,16783
6428,16784
6428,16785
6429,16786
6429,16787
6429,16788
6429,16789
6429,16790
6429,16791
6430,16792
6431,16793
6431,16794
6431,16795
6432,16796
6433,16797
6433,16798
6433,16799
6433,16800
6434,16801
6434,16802
6434,16803
6435,16804
6435,16805
6435,16806
6435,16807
6436,16808
6436,16809
6436,16810
6436,16811
6437,16812
6438,16813
6439,16814
6439,16815
6440,16816
6441,16817
6441,16818
6441,16819
6441,16820
6441,16821
6441,16822
6441,16823
6441,16824
6441,16825
6441,16826
6441,16827
6442,16828
6442,16829
6442,16830
6443,16831
6443,16832
6444,16833
6444,16834
6445,16835
6445,16836
6446,16837
6447,16838
6447,16839
6448,16840
6449,16841
6449,16842
6449,16843
6450,16844
6450,16845
6451,16846
6451,16847
6451,16848
6451,16849
6451,16850
6452,16851
6453,16852
6453,16853
6453,16854
6453,16855
6453,16856
6454,16857
6454,16858
6454,16859
6454,16860
6454,16861
6454,16862
6454,16863
6454,16864
6455,16865
6455,16866
6456,16867
6456,16868
6456,16869
6456,16870
6456,16871
6456,16872
6456,16873
6456,16874
6456,16875
6456,16876
6457,16877
6457,16878
6458,16879
6458,16880
6458,16881
6458,16882
6459,16883
6460,16884
6460,16885
6460,16886
6461,16887
6461,16888
6461,16889
6462,16890
6462,16891
6462,16892
6463,16893
6464,16894
6464,16895
6465,16896
6466,16897
6466,16898
6466,16899
6467,16900
6467,16901
6468,16902
6469,16903
6469,16904
6470,16905
6470,16906
6470,16907
6471,16908
6472,16909
6472,16910
6472,16911
6472,16912
6473,16913
6473,16914
6474,16915
6474,16916
6474,16917
6474,16918
6475,16919
6475,16920
6475,16921
6475,16922
6475,16923
6475,16924
6476,16925
6476,16926
6477,16927
6477,16928
6478,16929
6478,16930
6478,16931
6478,16932
6479,16933
6480,16934
6480,16935
6481,16936
6482,16937
6482,16938
6482,16939
6483,16940
6484,16941
6484,16942
6484,16943
6484,16944
6484,16945
6484,16946
6485,16947
6485,16948
6486,16949
6487,16950
6487,16951
6487,16952
6487,16953
6487,16954
6487,16955
6487,16956
6488,16957
6488,16958
6489,16959
6490,16960
6490,16961
6490,16962
6490,16963
6490,16964
6490,16965
6490,16966
6490,16967
6491,16968
6491,16969
6492,16970
6493,16971
6493,16972
6493,16973
6493,16974
6493,16975
6493,16976
6494,16977
6495,16978
6496,16979
6496,16980
6497,16981
6497,16982
6497,16983
6497,16984
6498,16985
6498,16986
6499,16987
6499,16988
6499,16989
6499,16990
6499,16991
6500,16992
6500,16993
6501,16994
6502,16995
6502,16996
6503,16997
6503,16998
6504,16999
6504,17000
6505,17001
6505,17002
6506,17003
6506,17004
6506,17005
6506,17006
6506,17007
6507,17008
6507,17009
6507,17010
6507,17011
6507,17012
6508,17013
6508,17014
6509,17015
6509,17016
6509,17017
6510,17018
6510,17019
6511,17020
6512,17021
6512,17022
6512,17023
6513,17024
6513,17025
6513,17026
6513,17027
6514,17028
6515,17029
6515,17030
6515,17031
6516,17032
6517,17033
6518,17034
6518,17035
6518,17036
6519,17037
6520,17038
6521,17039
6521,17040
6521,17041
6521,17042
6521,17043
6522,17044
6522,17045
6522,17046
6522,17047
6523,17048
6524,17049
6524,17050
6524,17051
6524,17052
6524,17053
6525,17054
6525,17055
6526,17056
6526,17057
6526,17058
6526,17059
6526,17060
6527,17061
6527,17062
6527,17063
6527,17064
6528,17065
6529,17066
6529,17067
6529,17068
6529,17069
6529,17070
6529,17071
6529,17072
6529,17073
6529,17074
6530,17075
6531,17076
6531,17077
6531,17078
6531,17079
6531,17080
6531,17081
6532,17082
6532,17083
6532,17084
6533,17085
6533,17086
6533,17087
6533,17088
6534,17089
6534,17090
6534,17091
6534,17092
6534,17093
6534,17094
6534,17095
6535,17096
6536,17097
6536,17098
6537,17099
6537,17100
6537,17101
6537,17102
6538,17103
6538,17104
6538,17105
6538,17106
6539,17107
6539,17108
6539,17109
6540,17110
6540,17111
6540,17112
6540,17113
6541,17114
6541,17115
6542,17116
6543,17117
6544,17118
6544,17119
6545,17120
6545,17121
6546,17122
6547,17123
6547,17124
6547,17125
6547,17126
6547,17127
6547,17128
6548,17129
6548,17130
6549,17131
6550,17132
6550,17133
6550,17134
6551,17135
6551,17136
6551,17137
6551,17138
6551,17139
6551,17140
6551,17141
6552,17142
6553,17143
6553,17144
6553,17145
6554,17146
6555,17147
6555,17148
6556,17149
6556,17150
6556,17151
6557,17152
6558,17153
6558,17154
6558,17155
6558,17156
6558,17157
6559,17158
6559,17159
6560,17160
6560,17161
6560,17162
6561,17163
6562,17164
6562,17165
6563,17166
6563,17167
6563,17168
6563,17169
6563,17170
6563,17171
6563,17172
6564,17173
6564,17174
6565,17175
6566,17176
6566,17177
6566,17178
6566,17179
6566,17180
6566,17181
6566,17182
6566,17183
6566,17184
6566,17185
6567,17186
6567,17187
6567,17188
6568,17189
6568,17190
6569,17191
6570,17192
6570,17193
6571,17194
6571,17195
6571,17196
6571,17197
6571,17198
6571,17199
6572,17200
6572,17201
6573,17202
6574,17203
6574,17204
6574,17205
6575,17206
6575,17207
6575,17208
6576,17209
6576,17210
6577,17211
6577,17212
6577,17213
6577,17214
6577,17215
6577,17216
6578,17217
6579,17218
6579,17219
6580,17220
6581,17221
6581,17222
6581,17223
6581,17224
6582,17225
6582,17226
6582,17227
6582,17228
6582,17229
6583,17230
6583,17231
6583,17232
6583,17233
6583,17234
6584,17235
6584,17236
6584,17237
6585,17238
6585,17239
6585,17240
6586,17241
6586,17242
6586,17243
6586,17244
6587,17245
6587,17246
6587,17247
6587,17248
6587,17249
6587,17250
6587,17251
6587,17252
6587,17253
6588,17254
6589,17255
6589,17256
6590,17257
6590,17258
6591,17259
6591,17260
6591,17261
6591,17262
6591,17263
6591,17264
6591,17265
6591,17266
6592,17267
6592,17268
6592,17269
6592,17270
6593,17271
6593,17272
6593,17273
6594,17274
6595,17275
6596,17276
6597,17277
6598,17278
6598,17279
6598,17280
6598,17281
6598,17282
6598,17283
6599,17284
6599,17285
6599,17286
6600,17287
6601,17288
6601,17289
6602,17290
6603,17291
6604,17292
6605,17293
6605,17294
6605,17295
6605,17296
6605,17297
6606,17298
6607,17299
6607,17300
6608,17301
6608,17302
6608,17303
6608,17304
6609,17305
6610,17306
6611,17307
6611,17308
6611,17309
6611,17310
6611,17311
6612,17312
6612,17313
6613,17314
6613,17315
6613,17316
6614,17317
6614,17318
6615,17319
6615,17320
6615,17321
6616,17322
6617,17323
6618,17324
6618,17325
6619,17326
6619,17327
6619,17328
6620,17329
6620,17330
6620,17331
6621,17332
6621,17333
6621,17334
6621,17335
6621,17336
6621,17337
6621,17338
6621,17339
6621,17340
6621,17341
6621,17342
6621,17343
6622,17344
6622,17345
6623,17346
6624,17347
6624,17348
6624,17349
6624,17350
6625,17351
6625,17352
6625,17353
6625,17354
6626,17355
6626,17356
6627,17357
6627,17358
6627,17359
6627,17360
6627,17361
6627,17362
6627,17363
6627,17364
6627,17365
6628,17366
6628,17367
6628,17368
6628,17369
6629,17370
6630,17371
6630,17372
6630,17373
6630,17374
6630,17375
6631,17376
6632,17377
6633,17378
6634,17379
6634,17380
6634,17381
6634,17382
6634,17383
6634,17384
6634,17385
6634,17386
6634,17387
6635,17388
6635,17389
6635,17390
6636,17391
6636,17392
6637,17393
6638,17394
6638,17395
6639,17396
6639,17397
6640,17398
6640,17399
6640,17400
6640,17401
6641,17402
6641,17403
6641,17404
6641,17405
6641,17406
6642,17407
6642,17408
6642,17409
6642,17410
6642,17411
6642,17412
6643,17413
6643,17414
6644,17415
6644,17416
6644,17417
6645,17418
6645,17419
6646,17420
6646,17421
6646,17422
6647,17423
6648,17424
6648,17425
6648,17426
6649,17427
6650,17428
6650,17429
6650,17430
6650,17431
6651,17432
6651,17433
6651,17434
6651,17435
6651,17436
6651,17437
6652,17438
6653,17439
6654,17440
6655,17441
6655,17442
6655,17443
6656,17444
6657,17445
6657,17446
6657,17447
6658,17448
6658,17449
6658,17450
6659,17451
6660,17452
6660,17453
6661,17454
6661,17455
6661,17456
6661,17457
6661,17458
6661,17459
6662,17460
6663,17461
6664,17462
6664,17463
6664,17464
6664,17465
6664,17466
6665,17467
6665,17468
6665,17469
6666,17470
6666,17471
6667,17472
6667,17473
6667,17474
6667,17475
6668,17476
6669,17477
6669,17478
6670,17479
6671,17480
6671,17481
6671,17482
6671,17483
6671,17484
6671,17485
6672,17486
6672,17487
6672,17488
6672,17489
6672,17490
6672,17491
6672,17492
6673,17493
6673,17494
6673,17495
6673,17496
6674,17497
6674,17498
6675,17499
6676,17500
6677,17501
6677,17502
6677,17503
6678,17504
6679,17505
6679,17506
6679,17507
6679,17508
6680,17509
6681,17510
6682,17511
6682,17512
6683,17513
6684,17514
6684,17515
6685,17516
6685,17517
6685,17518
6686,17519
6687,17520
6687,17521
6687,17522
6687,17523
6688,17524
6688,17525
6688,17526
6689,17527
6690,17528
6690,17529
6690,17530
6690,17531
6691,17532
6691,17533
6691,17534
6691,17535
6691,17536
6692,17537
6693,17538
6694,17539
6694,17540
6694,17541
6695,17542
6695,17543
6695,17544
6695,17545
6696,17546
6696,17547
6696,17548
6696,17549
6696,17550
6697,17551
6697,17552
6697,17553
6698,17554
6699,17555
6699,17556
6699,17557
6700,17558
6700,17559
6700,17560
6701,17561
6702,17562
6703,17563
6703,17564
6703,17565
6703,17566
6703,17567
6703,17568
6704,17569
6705,17570
6705,17571
6706,17572
6706,17573
6706,17574
6706,17575
6707,17576
6707,17577
6707,17578
6708,17579
6708,17580
6708,17581
6708,17582
6708,17583
6708,17584
6708,17585
6708,17586
6709,17587
6710,17588
6711,17589
6711,17590
6711,17591
6711,17592
6711,17593
6711,17594
6711,17595
6711,17596
6711,17597
6712,17598
6712,17599
6713,17600
6713,17601
6713,17602
6713,17603
6713,17604
6714,17605
6715,17606
6715,17607
6716,17608
6717,17609
6717,17610
6717,17611
6718,17612
6719,17613
6720,17614
6720,17615
6721,17616
6721,17617
6721,17618
6721,17619
6721,17620
6721,17621
6721,17622
6721,17623
6722,17624
6722,17625
6723,17626
6724,17627
6724,17628
6724,17629
6724,17630
6725,17631
6726,17632
6727,17633
6727,17634
6728,17635
6728,17636
6729,17637
6729,17638
6729,17639
6730,17640
6730,17641
6730,17642
6731,17643
6732,17644
6732,17645
6732,17646
6732,17647
6732,17648
6732,17649
6732,17650
6733,17651
6734,17652
6734,17653
6734,17654
6735,17655
6735,17656
6735,17657
6735,17658
6735,17659
6736,17660
6737,17661
6737,17662
6738,17663
6738,17664
6738,17665
6738,17666
6739,17667
6739,17668
6739,17669
6740,17670
6740,17671
6740,17672
6740,17673
6740,17674
6741,17675
6741,17676
6741,17677
6741,17678
6742,17679
6742,17680
6742,17681
6742,17682
6742,17683
6743,17684
6743,17685
6743,17686
6744,17687
6744,17688
6744,17689
6744,17690
6744,17691
6744,17692
6745,17693
6746,17694
6746,17695
6747,17696
6748,17697
6749,17698
6749,17699
6749,17700
6749,17701
6750,17702
6751,17703
6752,17704
6753,17705
6754,17706
6755,17707
6755,17708
6755,17709
6755,17710
6755,17711
6755,17712
6755,17713
6756,17714
6756,17715
6756,17716
6756,17717
6756,17718
6756,17719
6756,17720
6757,17721
6757,17722
6758,17723
6759,17724
6759,17725
6759,17726
6760,17727
6760,17728
6760,17729
6760,17730
6760,17731
6760,17732
6760,17733
6760,17734
6760,17735
6761,17736
6762,17737
6762,17738
6762,17739
6762,17740
6762,17741
6763,17742
6763,17743
6763,17744
6763,17745
6764,17746
6764,17747
6765,17748
6765,17749
6765,17750
6766,17751
6766,17752
6766,17753
6766,17754
6767,17755
6767,17756
6767,17757
6768,17758
6769,17759
6769,17760
6770,17761
6771,17762
6772,17763
6773,17764
6774,17765
6774,17766
6774,17767
6774,17768
6774,17769
6774,17770
6775,17771
6776,17772
6776,17773
6776,17774
6776,17775
6777,17776
6777,17777
6777,17778
6777,17779
6778,17780
6778,17781
6778,17782
6778,17783
6778,17784
6778,17785
6778,17786
6778,17787
6779,17788
6780,17789
6781,17790
6781,17791
6781,17792
6782,17793
6782,17794
6782,17795
6782,17796
6783,17797
6783,17798
6783,17799
6783,17800
6783,17801
6784,17802
6784,17803
6784,17804
6784,17805
6785,17806
6786,17807
6787,17808
6787,17809
6787,17810
6788,17811
6788,17812
6789,17813
6789,17814
6789,17815
6789,17816
6789,17817
6790,17818
6791,17819
6791,17820
6792,17821
6793,17822
6793,17823
6794,17824
6795,17825
6795,17826
6795,17827
6795,17828
6795,17829
6796,17830
6796,17831
6797,17832
6797,17833
6798,17834
6799,17835
6799,17836
6800,17837
6800,17838
6800,17839
6800,17840
6800,17841
6800,17842
6801,17843
6801,17844
6801,17845
6802,17846
6802,17847
6802,17848
6802,17849
6803,17850
6803,17851
6803,17852
6804,17853
6804,17854
6805,17855
6805,17856
6805,17857
6805,17858
6805,17859
6806,17860
6807,17861
6807,17862
6807,17863
6808,17864
6809,17865
6810,17866
6810,17867
6811,17868
6811,17869
6811,17870
6812,17871
6812,17872
6812,17873
6813,17874
6813,17875
6813,17876
6814,17877
6815,17878
6815,17879
6815,17880
6815,17881
6816,17882
6816,17883
6817,17884
6818,17885
6818,17886
6819,17887
6820,17888
6821,17889
6821,17890
6821,17891
6821,17892
6822,17893
6822,17894
6822,17895
6822,17896
6822,17897
6823,17898
6824,17899
6824,17900
6824,17901
6824,17902
6825,17903
6825,17904
6825,17905
6826,17906
6826,17907
6826,17908
6827,17909
6828,17910
6828,17911
6829,17912
6829,17913
6829,17914
6829,17915
6830,17916
6830,17917
6830,17918
6830,17919
6830,17920
6831,17921
6831,17922
6831,17923
6832,17924
6833,17925
6833,17926
6834,17927
6834,17928
6834,17929
6834,17930
6835,17931
6836,17932
6837,17933
6838,17934
6838,17935
6839,17936
6840,17937
6840,17938
6841,17939
6841,17940
6841,17941
6842,17942
6842,17943
6842,17944
6843,17945
6844,17946
6844,17947
6844,17948
6845,17949
6846,17950
6846,17951
6847,17952
6847,17953
6848,17954
6849,17955
6850,17956
6850,17957
6850,17958
6850,17959
6851,17960
6851,17961
6851,17962
6851,17963
6851,17964
6851,17965
6851,17966
6851,17967
6851,17968
6852,17969
6853,17970
6853,17971
6853,17972
6854,17973
6855,17974
6855,17975
6856,17976
6856,17977
6857,17978
6857,17979
6857,17980
6857,17981
6858,17982
6859,17983
6859,17984
6859,17985
6859,17986
6859,17987
6859,17988
6859,17989
6860,17990
6861,17991
6862,17992
6862,17993
6863,17994
6863,17995
6863,17996
6863,17997
6863,17998
6864,17999
6865,18000
6865,18001
6865,18002
6865,18003
6865,18004
6866,18005
6866,18006
6866,18007
6866,18008
6867,18009
6868,18010
6868,18011
6868,18012
6868,18013
6869,18014
6870,18015
6870,18016
6870,18017
6870,18018
6871,18019
6871,18020
6871,18021
6872,18022
6873,18023
6873,18024
6873,18025
6873,18026
6873,18027
6873,18028
6874,18029
6875,18030
6875,18031
6875,18032
6876,18033
6877,18034
6878,18035
6879,18036
6879,18037
6879,18038
6879,18039
6879,18040
6880,18041
6881,18042
6881,18043
6881,18044
6882,18045
6882,18046
6883,18047
6884,18048
6885,18049
6886,18050
6886,18051
6886,18052
6887,18053
6887,18054
6887,18055
6888,18056
6888,18057
6888,18058
6888,18059
6888,18060
6889,18061
6889,18062
6889,18063
6889,18064
6889,18065
6889,18066
6889,18067
6889,18068
6890,18069
6890,18070
6890,18071
6890,18072
6890,18073
6890,18074
6891,18075
6892,18076
6893,18077
6894,18078
6895,18079
6896,18080
6897,18081
6897,18082
6897,18083
6897,18084
6897,18085
6897,18086
6898,18087
6898,18088
6898,18089
6899,18090
6899,18091
6899,18092
6900,18093
6901,18094
6901,18095
6901,18096
6902,18097
6902,18098
6902,18099
6902,18100
6902,18101
6902,18102
6903,18103
6903,18104
6903,18105
6904,18106
6904,18107
6905,18108
6906,18109
6906,18110
6907,18111
6907,18112
6908,18113
6909,18114
6909,18115
6910,18116
6910,18117
6910,18118
6910,18119
6911,18120
6911,18121
6911,18122
6911,18123
6911,18124
6912,18125
6912,18126
6912,18127
6912,18128
6912,18129
6913,18130
6913,18131
6914,18132
6914,18133
6914,18134
6915,18135
6915,18136
6916,18137
6916,18138
6917,18139
6917,18140
6917,18141
6918,18142
6918,18143
6919,18144
6919,18145
6920,18146
6920,18147
6920,18148
6920,18149
6920,18150
6921,18151
6921,18152
6921,18153
6921,18154
6922,18155
6922,18156
6922,18157
6923,18158
6923,18159
6923,18160
6923,18161
6923,18162
6924,18163
6924,18164
6925,18165
6926,18166
6926,18167
6926,18168
6926,18169
6926,18170
6926,18171
6926,18172
6927,18173
6927,18174
6927,18175
6928,18176
6928,18177
6929,18178
6929,18179
6929,18180
6929,18181
6929,18182
6929,18183
6929,18184
6930,18185
6930,18186
6930,18187
6930,18188
6930,18189
6930,18190
6931,18191
6931,18192
6931,18193
6931,18194
6932,18195
6932,18196
6933,18197
6934,18198
6934,18199
6934,18200
6934,18201
6934,18202
6934,18203
6935,18204
6935,18205
6936,18206
6937,18207
6937,18208
6938,18209
6938,18210
6938,18211
6939,18212
6939,18213
6940,18214
6940,18215
6940,18216
6941,18217
6942,18218
6942,18219
6942,18220
6943,18221
6944,18222
6945,18223
6946,18224
6946,18225
6947,18226
6947,18227
6948,18228
6949,18229
6949,18230
6950,18231
6951,18232
6951,18233
6952,18234
6952,18235
6952,18236
6952,18237
6952,18238
6953,18239
6953,18240
6953,18241
6953,18242
6953,18243
6954,18244
6954,18245
6954,18246
6954,18247
6954,18248
6954,18249
6954,18250
6955,18251
6956,18252
6956,18253
6957,18254
6958,18255
6958,18256
6959,18257
6960,18258
6960,18259
6961,18260
6961,18261
6962,18262
6963,18263
6963,18264
6963,18265
6963,18266
6963,18267
6964,18268
6964,18269
6965,18270
6965,18271
6965,18272
6965,18273
6965,18274
6965,18275
6965,18276
6965,18277
6966,18278
6966,18279
6966,18280
6966,18281
6966,18282
6967,18283
6967,18284
6967,18285
6968,18286
6968,18287
6969,18288
6970,18289
6970,18290
6970,18291
6970,18292
6971,18293
6971,18294
6972,18295
6972,18296
6972,18297
6972,18298
6972,18299
6972,18300
6972,18301
6972,18302
6973,18303
6973,18304
6973,18305
6973,18306
6973,18307
6974,18308
6974,18309
6974,18310
6975,18311
6976,18312
6977,18313
6977,18314
6977,18315
6977,18316
6977,18317
6977,18318
6977,18319
6978,18320
6979,18321
6980,18322
6980,18323
6980,18324
6980,18325
6980,18326
6980,18327
6980,18328
6981,18329
6981,18330
6982,18331
6982,18332
6983,18333
6983,18334
6984,18335
6984,18336
6984,18337
6985,18338
6985,18339
6986,18340
6986,18341
6986,18342
6987,18343
6987,18344
6988,18345
6988,18346
6988,18347
6988,18348
6988,18349
6988,18350
6989,18351
6990,18352
6990,18353
6990,18354
6990,18355
6990,18356
6991,18357
6991,18358
6991,18359
6992,18360
6992,18361
6992,18362
6992,18363
6993,18364
6994,18365
6994,18366
6995,18367
6995,18368
6995,18369
6995,18370
6995,18371
6996,18372
6996,18373
6996,18374
6996,18375
6996,18376
6996,18377
6996,18378
6996,18379
6997,18380
6998,18381
6999,18382
6999,18383
6999,18384
6999,18385
7000,18386
7000,18387
7000,18388
7000,18389
7001,18390
7002,18391
7002,18392
7002,18393
7003,18394
7004,18395
7004,18396
7004,18397
7005,18398
7005,18399
7005,18400
7005,18401
7006,18402
7006,18403
7006,18404
7006,18405
7006,18406
7006,18407
7006,18408
7007,18409
7008,18410
7008,18411
7008,18412
7008,18413
7008,18414
7009,18415
7009,18416
7009,18417
7009,18418
7009,18419
7010,18420
7010,18421
7010,18422
7011,18423
7012,18424
7012,18425
7012,18426
7012,18427
7013,18428
7013,18429
7014,18430
7015,18431
7015,18432
7015,18433
7016,18434
7017,18435
7018,18436
7019,18437
7019,18438
7020,18439
7020,18440
7021,18441
7021,18442
7021,18443
7021,18444
7022,18445
7022,18446
7022,18447
7023,18448
7023,18449
7023,18450
7024,18451
7024,18452
7024,18453
7024,18454
7025,18455
7026,18456
7027,18457
7028,18458
7028,18459
7029,18460
7030,18461
7030,18462
7031,18463
7031,18464
7031,18465
7031,18466
7031,18467
7031,18468
7032,18469
7032,18470
7033,18471
7033,18472
7033,18473
7033,18474
7033,18475
7033,18476
7034,18477
7034,18478
7034,18479
7034,18480
7034,18481
7035,18482
7035,18483
7036,18484
7036,18485
7036,18486
7036,18487
7036,18488
7037,18489
7038,18490
7038,18491
7038,18492
7038,18493
7039,18494
7039,18495
7039,18496
7040,18497
7041,18498
7041,18499
7041,18500
7042,18501
7043,18502
7043,18503
7043,18504
7043,18505
7044,18506
7044,18507
7044,18508
7045,18509
7045,18510
7045,18511
7045,18512
7046,18513
7047,18514
7048,18515
7048,18516
7048,18517
7048,18518
7049,18519
7049,18520
7050,18521
7050,18522
7051,18523
7051,18524
7051,18525
7051,18526
7052,18527
7053,18528
7053,18529
7053,18530
7053,18531
7053,18532
7053,18533
7054,18534
7054,18535
7055,18536
7055,18537
7056,18538
7056,18539
7056,18540
7057,18541
7058,18542
7058,18543
7058,18544
7058,18545
7058,18546
7058,18547
7058,18548
7058,18549
7059,18550
7059,18551
7060,18552
7060,18553
7060,18554
7061,18555
7061,18556
7061,18557
7061,18558
7061,18559
7061,18560
7061,18561
7061,18562
7061,18563
7061,18564
7062,18565
7062,18566
7062,18567
7063,18568
7063,18569
7063,18570
7063,18571
7064,18572
7065,18573
7065,18574
7066,18575
7067,18576
7067,18577
7068,18578
7069,18579
7070,18580
7070,18581
7071,18582
7072,18583
7072,18584
7073,18585
7074,18586
7074,18587
7074,18588
7075,18589
7075,18590
7076,18591
7076,18592
7076,18593
7076,18594
7077,18595
7077,18596
7077,18597
7078,18598
7079,18599
7079,18600
7080,18601
7080,18602
7080,18603
7081,18604
7081,18605
7081,18606
7081,18607
7081,18608
7082,18609
7082,18610
7082,18611
7082,18612
7083,18613
7083,18614
7083,18615
7084,18616
7084,18617
7084,18618
7084,18619
7084,18620
7084,18621
7084,18622
7084,18623
7084,18624
7085,18625
7085,18626
7085,18627
7085,18628
7085,18629
7086,18630
7086,18631
7087,18632
7087,18633
7088,18634
7088,18635
7089,18636
7090,18637
7091,18638
7091,18639
7092,18640
7092,18641
7093,18642
7093,18643
7093,18644
7093,18645
7093,18646
7094,18647
7094,18648
7094,18649
7094,18650
7095,18651
7095,18652
7096,18653
7097,18654
7097,18655
7098,18656
7099,18657
7099,18658
7099,18659
7100,18660
7100,18661
7101,18662
7102,18663
7102,18664
7102,18665
7103,18666
7104,18667
7104,18668
7104,18669
7104,18670
7104,18671
7105,18672
7106,18673
7106,18674
7106,18675
7106,18676
7106,18677
7106,18678
7106,18679
7107,18680
7107,18681
7108,18682
7109,18683
7110,18684
7111,18685
7111,18686
7111,18687
7111,18688
7112,18689
7112,18690
7112,18691
7112,18692
7112,18693
7112,18694
7112,18695
7113,18696
7114,18697
7114,18698
7115,18699
7115,18700
7115,18701
7116,18702
7116,18703
7117,18704
7118,18705
7118,18706
7119,18707
7119,18708
7119,18709
7119,18710
7119,18711
7119,18712
7120,18713
7121,18714
7122,18715
7123,18716
7124,18717
7124,18718
7125,18719
7126,18720
7126,18721
7126,18722
7126,18723
7126,18724
7126,18725
7126,18726
7126,18727
7126,18728
7127,18729
7128,18730
7128,18731
7129,18732
7129,18733
7129,18734
7129,18735
7129,18736
7129,18737
7129,18738
7130,18739
7131,18740
7131,18741
7132,18742
7132,18743
7132,18744
7132,18745
7132,18746
7132,18747
7132,18748
7133,18749
7133,18750
7133,18751
7134,18752
7134,18753
7135,18754
7135,18755
7135,18756
7135,18757
7136,18758
7137,18759
7137,18760
7137,18761
7138,18762
7138,18763
7139,18764
7139,18765
7139,18766
7140,18767
7140,18768
7140,18769
7141,18770
7141,18771
7141,18772
7141,18773
7141,18774
7141,18775
7141,18776
7142,18777
7142,18778
7142,18779
7143,18780
7143,18781
7144,18782
7144,18783
7145,18784
7145,18785
7145,18786
7146,18787
7146,18788
7147,18789
7147,18790
7147,18791
7147,18792
7147,18793
7148,18794
7148,18795
7148,18796
7148,18797
7149,18798
7149,18799
7150,18800
7151,18801
7151,18802
7151,18803
7152,18804
7152,18805
7152,18806
7152,18807
7153,18808
7153,18809
7153,18810
7154,18811
7155,18812
7156,18813
7156,18814
7156,18815
7156,18816
7157,18817
7157,18818
7157,18819
7158,18820
7158,18821
7159,18822
7160,18823
7160,18824
7160,18825
7160,18826
7160,18827
7160,18828
7160,18829
7161,18830
7162,18831
7162,18832
7162,18833
7162,18834
7162,18835
7163,18836
7164,18837
7165,18838
7165,18839
7166,18840
7166,18841
7167,18842
7168,18843
7169,18844
7169,18845
7169,18846
7169,18847
7169,18848
7170,18849
7170,18850
7170,18851
7170,18852
7170,18853
7170,18854
7170,18855
7170,18856
7170,18857
7170,18858
7170,18859
7170,18860
7170,18861
7171,18862
7171,18863
7172,18864
7172,18865
7172,18866
7172,18867
7172,18868
7172,18869
7172,18870
7173,18871
7173,18872
7173,18873
7173,18874
7174,18875
7175,18876
7175,18877
7175,18878
7175,18879
7175,18880
7176,18881
7177,18882
7178,18883
7178,18884
7179,18885
7180,18886
7180,18887
7180,18888
7180,18889
7180,18890
7181,18891
7181,18892
7181,18893
7181,18894
7181,18895
7181,18896
7181,18897
7182,18898
7183,18899
7183,18900
7183,18901
7183,18902
7183,18903
7183,18904
7184,18905
7184,18906
7185,18907
7186,18908
7187,18909
7188,18910
7188,18911
7188,18912
7188,18913
7189,18914
7190,18915
7191,18916
7191,18917
7192,18918
7192,18919
7193,18920
7193,18921
7193,18922
7193,18923
7193,18924
7193,18925
7193,18926
7193,18927
7193,18928
7193,18929
7193,18930
7194,18931
7194,18932
7194,18933
7195,18934
7195,18935
7195,18936
7195,18937
7196,18938
7197,18939
7198,18940
7198,18941
7198,18942
7199,18943
7199,18944
7199,18945
7199,18946
7199,18947
7199,18948
7199,18949
7200,18950
7200,18951
7200,18952
7200,18953
7200,18954
7201,18955
7201,18956
7201,18957
7202,18958
7203,18959
7203,18960
7203,18961
7203,18962
7203,18963
7203,18964
7204,18965
7204,18966
7204,18967
7204,18968
7204,18969
7205,18970
7206,18971
7207,18972
7208,18973
7209,18974
7209,18975
7209,18976
7210,18977
7210,18978
7210,18979
7211,18980
7212,18981
7212,18982
7213,18983
7214,18984
7214,18985
7214,18986
7215,18987
7215,18988
7215,18989
7216,18990
7216,18991
7216,18992
7217,18993
7217,18994
7217,18995
7218,18996
7219,18997
7220,18998
7221,18999
7221,19000
7222,19001
7222,19002
7222,19003
7222,19004
7222,19005
7222,19006
7223,19007
7223,19008
7224,19009
7224,19010
7225,19011
7226,19012
7226,19013
7226,19014
7226,19015
7226,19016
7227,19017
7228,19018
7229,19019
7229,19020
7229,19021
7229,19022
7229,19023
7229,19024
7230,19025
7230,19026
7231,19027
7231,19028
7231,19029
7232,19030
7233,19031
7233,19032
7233,19033
7234,19034
7234,19035
7235,19036
7236,19037
7236,19038
7236,19039
7236,19040
7236,19041
7236,19042
7236,19043
7236,19044
7236,19045
7236,19046
7236,19047
7237,19048
7237,19049
7237,19050
7237,19051
7238,19052
7238,19053
7239,19054
7240,19055
7240,19056
7241,19057
7241,19058
7242,19059
7242,19060
7243,19061
7244,19062
7245,19063
7245,19064
7245,19065
7245,19066
7246,19067
7246,19068
7247,19069
7247,19070
7248,19071
7248,19072
7249,19073
7249,19074
7250,19075
7250,19076
7250,19077
7250,19078
7250,19079
7250,19080
7251,19081
7251,19082
7251,19083
7251,19084
7251,19085
7252,19086
7253,19087
7254,19088
7254,19089
7254,19090
7254,19091
7254,19092
7254,19093
7255,19094
7255,19095
7255,19096
7256,19097
7257,19098
7258,19099
7258,19100
7258,19101
7259,19102
7259,19103
7259,19104
7259,19105
7260,19106
7260,19107
7260,19108
7260,19109
7260,19110
7261,19111
7261,19112
7261,19113
7262,19114
7263,19115
7264,19116
7264,19117
7264,19118
7264,19119
7265,19120
7265,19121
7266,19122
7266,19123
7266,19124
7266,19125
7266,19126
7266,19127
7266,19128
7266,19129
7266,19130
7267,19131
7267,19132
7268,19133
7269,19134
7270,19135
7270,19136
7271,19137
7272,19138
7272,19139
7272,19140
7273,19141
7273,19142
7273,19143
7274,19144
7274,19145
7274,19146
7274,19147
7275,19148
7275,19149
7276,19150
7276,19151
7276,19152
7276,19153
7277,19154
7278,19155
7278,19156
7278,19157
7279,19158
7279,19159
7279,19160
7279,19161
7279,19162
7279,19163
7279,19164
7279,19165
7279,19166
7280,19167
7281,19168
7281,19169
7282,19170
7282,19171
7282,19172
7282,19173
7282,19174
7283,19175
7283,19176
7284,19177
7284,19178
7285,19179
7285,19180
7285,19181
7285,19182
7285,19183
7285,19184
7286,19185
7286,19186
7286,19187
7286,19188
7286,19189
7287,19190
7287,19191
7288,19192
7289,19193
7289,19194
7290,19195
7290,19196
7290,19197
7291,19198
7291,19199
7291,19200
7291,19201
7291,19202
7292,19203
7292,19204
7292,19205
7292,19206
7292,19207
7293,19208
7294,19209
7295,19210
7295,19211
7295,19212
7295,19213
7295,19214
7296,19215
7296,19216
7297,19217
7297,19218
7297,19219
7298,19220
7298,19221
7299,19222
7299,19223
7300,19224
7300,19225
7300,19226
7300,19227
7300,19228
7301,19229
7301,19230
7301,19231
7301,19232
7302,19233
7303,19234
7303,19235
7303,19236
7303,19237
7303,19238
7303,19239
7303,19240
7303,19241
7304,19242
7305,19243
7305,19244
7305,19245
7305,19246
7305,19247
7306,19248
7306,19249
7306,19250
7306,19251
7306,19252
7306,19253
7307,19254
7307,19255
7308,19256
7309,19257
7309,19258
7310,19259
7310,19260
7310,19261
7310,19262
7310,19263
7310,19264
7310,19265
7310,19266
7310,19267
7311,19268
7311,19269
7312,19270
7312,19271
7313,19272
7313,19273
7313,19274
7313,19275
7314,19276
7315,19277
7315,19278
7315,19279
7316,19280
7316,19281
7317,19282
7317,19283
7317,19284
7317,19285
7318,19286
7319,19287
7319,19288
7319,19289
7319,19290
7320,19291
7320,19292
7320,19293
7321,19294
7321,19295
7321,19296
7322,19297
7322,19298
7322,19299
7323,19300
7324,19301
7325,19302
7325,19303
7325,19304
7326,19305
7327,19306
7327,19307
7327,19308
7327,19309
7327,19310
7327,19311
7327,19312
7327,19313
7328,19314
7328,19315
7329,19316
7330,19317
7330,19318
7330,19319
7330,19320
7331,19321
7331,19322
7331,19323
7332,19324
7333,19325
7334,19326
7334,19327
7334,19328
7335,19329
7336,19330
7337,19331
7337,19332
7337,19333
7338,19334
7338,19335
7338,19336
7338,19337
7338,19338
7339,19339
7339,19340
7339,19341
7339,19342
7340,19343
7341,19344
7342,19345
7342,19346
7343,19347
7343,19348
7343,19349
7343,19350
7343,19351
7343,19352
7343,19353
7343,19354
7343,19355
7343,19356
7344,19357
7344,19358
7344,19359
7345,19360
7345,19361
7346,19362
7346,19363
7347,19364
7348,19365
7349,19366
7349,19367
7349,19368
7350,19369
7350,19370
7350,19371
7351,19372
7351,19373
7351,19374
7352,19375
7352,19376
7353,19377
7353,19378
7353,19379
7353,19380
7353,19381
7353,19382
7353,19383
7353,19384
7353,19385
7354,19386
7354,19387
7354,19388
7354,19389
7354,19390
7355,19391
7356,19392
7356,19393
7356,19394
7356,19395
7356,19396
7356,19397
7356,19398
7356,19399
7356,19400
7356,19401
7357,19402
7358,19403
7359,19404
7359,19405
7360,19406
7360,19407
7360,19408
7361,19409
7361,19410
7361,19411
7362,19412
7363,19413
7364,19414
7364,19415
7365,19416
7365,19417
7365,19418
7365,19419
7365,19420
7365,19421
7366,19422
7366,19423
7366,19424
7366,19425
7366,19426
7366,19427
7367,19428
7367,19429
7367,19430
7368,19431
7368,19432
7368,19433
7368,19434
7368,19435
7368,19436
7368,19437
7368,19438
7368,19439
7368,19440
7369,19441
7369,19442
7370,19443
7370,19444
7370,19445
7370,19446
7370,19447
7371,19448
7371,19449
7371,19450
7371,19451
7371,19452
7371,19453
7371,19454
7372,19455
7372,19456
7372,19457
7372,19458
7372,19459
7373,19460
7373,19461
7373,19462
7373,19463
7373,19464
7374,19465
7374,19466
7374,19467
7374,19468
7374,19469
7375,19470
7376,19471
7376,19472
7376,19473
7377,19474
7377,19475
7377,19476
7377,19477
7377,19478
7377,19479
7377,19480
7377,19481
7377,19482
7378,19483
7378,19484
7378,19485
7379,19486
7379,19487
7379,19488
7380,19489
7380,19490
7380,19491
7381,19492
7381,19493
7382,19494
7382,19495
7382,19496
7382,19497
7382,19498
7382,19499
7382,19500
7382,19501
7383,19502
7383,19503
7384,19504
7384,19505
7385,19506
7386,19507
7386,19508
7387,19509
7387,19510
7387,19511
7387,19512
7387,19513
7388,19514
7389,19515
7389,19516
7389,19517
7389,19518
7389,19519
7389,19520
7389,19521
7389,19522
7389,19523
7389,19524
7389,19525
7389,19526
7390,19527
7391,19528
7391,19529
7392,19530
7392,19531
7392,19532
7392,19533
7393,19534
7393,19535
7393,19536
7393,19537
7393,19538
7393,19539
7393,19540
7393,19541
7393,19542
7393,19543
7394,19544
7395,19545
7395,19546
7395,19547
7395,19548
7396,19549
7396,19550
7396,19551
7397,19552
7397,19553
7397,19554
7398,19555
7398,19556
7398,19557
7398,19558
7399,19559
7399,19560
7399,19561
7399,19562
7399,19563
7400,19564
7401,19565
7402,19566
7403,19567
7404,19568
7404,19569
7404,19570
7405,19571
7405,19572
7405,19573
7405,19574
7406,19575
7407,19576
7407,19577
7407,19578
7407,19579
7407,19580
7408,19581
7409,19582
7409,19583
7409,19584
7410,19585
7411,19586
7412,19587
7413,19588
7414,19589
7414,19590
7414,19591
7414,19592
7414,19593
7414,19594
7414,19595
7415,19596
7415,19597
7416,19598
7417,19599
7418,19600
7419,19601
7419,19602
7419,19603
7420,19604
7420,19605
7421,19606
7422,19607
7422,19608
7423,19609
7423,19610
7424,19611
7425,19612
7425,19613
7425,19614
7425,19615
7426,19616
7426,19617
7426,19618
7427,19619
7427,19620
7427,19621
7428,19622
7428,19623
7429,19624
7429,19625
7430,19626
7430,19627
7430,19628
7431,19629
7431,19630
7431,19631
7432,19632
7432,19633
7432,19634
7433,19635
7434,19636
7434,19637
7435,19638
7436,19639
7436,19640
7436,19641
7437,19642
7437,19643
7437,19644
7438,19645
7438,19646
7438,19647
7438,19648
7439,19649
7440,19650
7441,19651
7441,19652
7442,19653
7442,19654
7442,19655
7443,19656
7444,19657
7444,19658
7444,19659
7444,19660
7445,19661
7445,19662
7445,19663
7446,19664
7446,19665
7446,19666
7446,19667
7447,19668
7447,19669
7447,19670
7447,19671
7447,19672
7447,19673
7447,19674
7448,19675
7448,19676
7448,19677
7448,19678
7448,19679
7448,19680
7449,19681
7449,19682
7449,19683
7449,19684
7449,19685
7449,19686
7449,19687
7449,19688
7450,19689
7450,19690
7450,19691
7451,19692
7451,19693
7451,19694
7451,19695
7452,19696
7452,19697
7453,19698
7453,19699
7453,19700
7453,19701
7453,19702
7453,19703
7453,19704
7453,19705
7453,19706
7453,19707
7453,19708
7454,19709
7454,19710
7454,19711
7454,19712
7455,19713
7455,19714
7456,19715
7457,19716
7457,19717
7457,19718
7457,19719
7457,19720
7457,19721
7457,19722
7457,19723
7457,19724
7458,19725
7458,19726
7459,19727
7459,19728
7459,19729
7460,19730
7461,19731
7461,19732
7461,19733
7462,19734
7462,19735
7463,19736
7463,19737
7463,19738
7463,19739
7464,19740
7464,19741
7465,19742
7465,19743
7465,19744
7465,19745
7465,19746
7465,19747
7466,19748
7466,19749
7467,19750
7467,19751
7467,19752
7468,19753
7468,19754
7468,19755
7468,19756
7469,19757
7470,19758
7471,19759
7471,19760
7472,19761
7472,19762
7472,19763
7472,19764
7473,19765
7474,19766
7474,19767
7475,19768
7475,19769
7475,19770
7475,19771
7476,19772
7477,19773
7478,19774
7479,19775
7479,19776
7479,19777
7479,19778
7479,19779
7479,19780
7479,19781
7479,19782
7480,19783
7480,19784
7481,19785
7482,19786
7482,19787
7482,19788
7482,19789
7483,19790
7484,19791
7484,19792
7484,19793
7485,19794
7485,19795
7485,19796
7486,19797
7486,19798
7487,19799
7488,19800
7488,19801
7488,19802
7489,19803
7489,19804
7490,19805
7490,19806
7491,19807
7492,19808
7492,19809
7492,19810
7493,19811
7493,19812
7494,19813
7495,19814
7495,19815
7495,19816
7495,19817
7496,19818
7496,19819
7497,19820
7497,19821
7497,19822
7497,19823
7497,19824
7497,19825
7497,19826
7497,19827
7497,19828
7497,19829
7498,19830
7499,19831
7500,19832
7500,19833
7500,19834
7500,19835
7500,19836
7500,19837
7500,19838
7500,19839
7501,19840
7502,19841
7503,19842
7504,19843
7504,19844
7504,19845
7504,19846
7504,19847
7504,19848
7504,19849
7504,19850
7504,19851
7505,19852
7505,19853
7506,19854
7506,19855
7507,19856
7508,19857
7509,19858
7509,19859
7509,19860
7510,19861
7510,19862
7510,19863
7510,19864
7511,19865
7511,19866
7511,19867
7512,19868
7512,19869
7512,19870
7512,19871
7512,19872
7512,19873
7513,19874
7513,19875
7513,19876
7513,19877
7513,19878
7513,19879
7513,19880
7514,19881
7514,19882
7514,19883
7514,19884
7514,19885
7514,19886
7514,19887
7514,19888
7514,19889
7514,19890
7514,19891
7514,19892
7515,19893
7515,19894
7515,19895
7515,19896
7515,19897
7516,19898
7517,19899
7517,19900
7518,19901
7518,19902
7519,19903
7519,19904
7520,19905
7521,19906
7521,19907
7521,19908
7521,19909
7521,19910
7521,19911
7521,19912
7522,19913
7522,19914
7523,19915
7523,19916
7524,19917
7525,19918
7525,19919
7525,19920
7525,19921
7525,19922
7526,19923
7526,19924
7526,19925
7527,19926
7527,19927
7528,19928
7528,19929
7528,19930
7528,19931
7528,19932
7528,19933
7528,19934
7528,19935
7528,19936
7529,19937
7529,19938
7529,19939
7530,19940
7530,19941
7530,19942
7530,19943
7531,19944
7531,19945
7531,19946
7531,19947
7531,19948
7531,19949
7532,19950
7532,19951
7532,19952
7532,19953
7532,19954
7532,19955
7532,19956
7533,19957
7533,19958
7533,19959
7534,19960
7535,19961
7535,19962
7535,19963
7536,19964
7536,19965
7537,19966
7537,19967
7537,19968
7537,19969
7537,19970
7537,19971
7538,19972
7538,19973
7538,19974
7539,19975
7539,19976
7540,19977
7540,19978
7540,19979
7541,19980
7542,19981
7543,19982
7543,19983
7544,19984
7545,19985
7545,19986
7545,19987
7546,19988
7546,19989
7546,19990
7546,19991
7546,19992
7547,19993
7547,19994
7548,19995
7549,19996
7549,19997
7550,19998
7550,19999
7551,20000
7552,20001
7552,20002
7553,20003
7553,20004
7553,20005
7553,20006
7554,20007
7554,20008
7555,20009
7556,20010
7556,20011
7556,20012
7556,20013
7557,20014
7558,20015
7558,20016
7558,20017
7558,20018
7558,20019
7558,20020
7558,20021
7558,20022
7559,20023
7559,20024
7560,20025
7560,20026
7560,20027
7561,20028
7561,20029
7562,20030
7563,20031
7563,20032
7563,20033
7563,20034
7563,20035
7563,20036
7564,20037
7564,20038
7564,20039
7564,20040
7564,20041
7564,20042
7564,20043
7564,20044
7564,20045
7565,20046
7566,20047
7567,20048
7567,20049
7567,20050
7567,20051
7567,20052
7567,20053
7568,20054
7568,20055
7568,20056
7569,20057
7569,20058
7569,20059
7570,20060
7570,20061
7570,20062
7571,20063
7571,20064
7572,20065
7572,20066
7572,20067
7572,20068
7573,20069
7573,20070
7574,20071
7574,20072
7575,20073
7576,20074
7576,20075
7577,20076
7578,20077
7578,20078
7578,20079
7578,20080
7579,20081
7579,20082
7579,20083
7579,20084
7579,20085
7579,20086
7580,20087
7580,20088
7580,20089
7580,20090
7580,20091
7581,20092
7582,20093
7583,20094
7583,20095
7583,20096
7584,20097
7585,20098
7585,20099
7585,20100
7586,20101
7587,20102
7588,20103
7589,20104
7589,20105
7589,20106
7589,20107
7589,20108
7589,20109
7589,20110
7589,20111
7589,20112
7589,20113
7590,20114
7591,20115
7591,20116
7591,20117
7592,20118
7592,20119
7593,20120
7593,20121
7594,20122
7594,20123
7595,20124
7595,20125
7596,20126
7596,20127
7597,20128
7598,20129
7598,20130
7598,20131
7598,20132
7598,20133
7598,20134
7598,20135
7599,20136
7600,20137
7600,20138
7601,20139
7601,20140
7602,20141
7602,20142
7602,20143
7603,20144
7604,20145
7604,20146
7605,20147
7605,20148
7605,20149
7605,20150
7606,20151
7606,20152
7606,20153
7607,20154
7607,20155
7607,20156
7607,20157
7608,20158
7609,20159
7610,20160
7611,20161
7611,20162
7611,20163
7612,20164
7612,20165
7612,20166
7613,20167
7613,20168
7613,20169
7613,20170
7613,20171
7613,20172
7614,20173
7614,20174
7614,20175
7615,20176
7615,20177
7615,20178
7616,20179
7617,20180
7618,20181
7618,20182
7618,20183
7619,20184
7619,20185
7620,20186
7620,20187
7621,20188
7621,20189
7621,20190
7622,20191
7622,20192
7622,20193
7623,20194
7623,20195
7623,20196
7624,20197
7624,20198
7625,20199
7626,20200
7626,20201
7626,20202
7626,20203
7627,20204
7627,20205
7627,20206
7627,20207
7628,20208
7628,20209
7629,20210
7629,20211
7629,20212
7630,20213
7631,20214
7631,20215
7631,20216
7631,20217
7631,20218
7632,20219
7633,20220
7633,20221
7633,20222
7634,20223
7634,20224
7634,20225
7634,20226
7634,20227
7634,20228
7634,20229
7634,20230
7635,20231
7635,20232
7636,20233
7636,20234
7636,20235
7636,20236
7637,20237
7637,20238
7638,20239
7638,20240
7639,20241
7639,20242
7640,20243
7640,20244
7640,20245
7640,20246
7640,20247
7641,20248
7641,20249
7641,20250
7642,20251
7642,20252
7642,20253
7642,20254
7642,20255
7642,20256
7642,20257
7642,20258
7642,20259
7643,20260
7643,20261
7643,20262
7643,20263
7644,20264
7645,20265
7645,20266
7645,20267
7645,20268
7646,20269
7646,20270
7646,20271
7647,20272
7647,20273
7647,20274
7648,20275
7648,20276
7649,20277
7649,20278
7649,20279
7649,20280
7649,20281
7649,20282
7650,20283
7651,20284
7652,20285
7652,20286
7653,20287
7653,20288
7654,20289
7654,20290
7655,20291
7655,20292
7655,20293
7655,20294
7655,20295
7655,20296
7655,20297
7656,20298
7657,20299
7657,20300
7657,20301
7657,20302
7657,20303
7657,20304
7657,20305
7658,20306
7659,20307
7660,20308
7660,20309
7660,20310
7661,20311
7661,20312
7662,20313
7662,20314
7662,20315
7663,20316
7664,20317
7664,20318
7664,20319
7664,20320
7664,20321
7665,20322
7666,20323
7666,20324
7667,20325
7667,20326
7667,20327
7668,20328
7668,20329
7669,20330
7669,20331
7670,20332
7670,20333
7671,20334
7672,20335
7672,20336
7673,20337
7673,20338
7673,20339
7674,20340
7675,20341
7675,20342
7675,20343
7676,20344
7676,20345
7677,20346
7677,20347
7677,20348
7677,20349
7677,20350
7677,20351
7677,20352
7677,20353
7677,20354
7678,20355
7678,20356
7678,20357
7678,20358
7678,20359
7679,20360
7679,20361
7679,20362
7679,20363
7679,20364
7679,20365
7679,20366
7680,20367
7680,20368
7680,20369
7680,20370
7680,20371
7681,20372
7681,20373
7681,20374
7681,20375
7681,20376
7681,20377
7681,20378
7681,20379
7681,20380
7681,20381
7681,20382
7681,20383
7682,20384
7682,20385
7683,20386
7683,20387
7684,20388
7684,20389
7684,20390
7684,20391
7684,20392
7684,20393
7685,20394
7685,20395
7685,20396
7685,20397
7686,20398
7686,20399
7687,20400
7687,20401
7688,20402
7689,20403
7689,20404
7690,20405
7691,20406
7692,20407
7692,20408
7693,20409
7693,20410
7693,20411
7693,20412
7693,20413
7693,20414
7693,20415
7693,20416
7693,20417
7693,20418
7693,20419
7693,20420
7694,20421
7694,20422
7694,20423
7694,20424
7694,20425
7694,20426
7695,20427
7695,20428
7696,20429
7696,20430
7696,20431
7697,20432
7698,20433
7698,20434
7699,20435
7699,20436
7700,20437
7701,20438
7702,20439
7702,20440
7702,20441
7702,20442
7703,20443
7703,20444
7703,20445
7704,20446
7704,20447
7705,20448
7705,20449
7706,20450
7706,20451
7707,20452
7708,20453
7709,20454
7710,20455
7711,20456
7711,20457
7711,20458
7712,20459
7712,20460
7713,20461
7713,20462
7713,20463
7714,20464
7714,20465
7714,20466
7714,20467
7715,20468
7715,20469
7715,20470
7716,20471
7716,20472
7717,20473
7718,20474
7718,20475
7718,20476
7718,20477
7718,20478
7718,20479
7718,20480
7718,20481
7718,20482
7719,20483
7719,20484
7719,20485
7719,20486
7720,20487
7720,20488
7720,20489
7720,20490
7721,20491
7722,20492
7722,20493
7722,20494
7723,20495
7723,20496
7723,20497
7723,20498
7723,20499
7724,20500
7725,20501
7725,20502
7726,20503
7727,20504
7727,20505
7727,20506
7728,20507
7728,20508
7728,20509
7729,20510
7729,20511
7730,20512
7731,20513
7732,20514
7732,20515
7732,20516
7732,20517
7732,20518
7732,20519
7732,20520
7733,20521
7733,20522
7734,20523
7734,20524
7734,20525
7734,20526
7735,20527
7736,20528
7736,20529
7736,20530
7736,20531
7736,20532
7737,20533
7738,20534
7738,20535
7739,20536
7739,20537
7739,20538
7739,20539
7740,20540
7740,20541
7740,20542
7741,20543
7741,20544
7741,20545
7741,20546
7742,20547
7742,20548
7742,20549
7742,20550
7743,20551
7744,20552
7744,20553
7744,20554
7744,20555
7744,20556
7745,20557
7745,20558
7746,20559
7746,20560
7747,20561
7747,20562
7748,20563
7749,20564
7750,20565
7751,20566
7751,20567
7752,20568
7753,20569
7753,20570
7753,20571
7753,20572
7754,20573
7754,20574
7755,20575
7755,20576
7756,20577
7756,20578
7756,20579
7757,20580
7757,20581
7758,20582
7758,20583
7758,20584
7759,20585
7759,20586
7759,20587
7759,20588
7760,20589
7761,20590
7761,20591
7761,20592
7761,20593
7761,20594
7761,20595
7762,20596
7762,20597
7763,20598
7763,20599
7763,20600
7763,20601
7764,20602
7764,20603
7765,20604
7766,20605
7766,20606
7766,20607
7767,20608
7768,20609
7768,20610
7769,20611
7769,20612
7770,20613
7770,20614
7770,20615
7770,20616
7770,20617
7771,20618
7772,20619
7772,20620
7772,20621
7773,20622
7774,20623
7775,20624
7776,20625
7776,20626
7776,20627
7777,20628
7777,20629
7778,20630
7778,20631
7779,20632
7779,20633
7780,20634
7780,20635
7780,20636
7780,20637
7780,20638
7780,20639
7781,20640
7781,20641
7781,20642
7782,20643
7782,20644
7782,20645
7783,20646
7783,20647
7783,20648
7783,20649
7783,20650
7783,20651
7783,20652
7784,20653
7784,20654
7784,20655
7785,20656
7786,20657
7787,20658
7788,20659
7788,20660
7788,20661
7788,20662
7789,20663
7790,20664
7790,20665
7790,20666
7791,20667
7791,20668
7791,20669
7791,20670
7792,20671
7792,20672
7792,20673
7793,20674
7793,20675
7793,20676
7794,20677
7794,20678
7795,20679
7795,20680
7796,20681
7796,20682
7797,20683
7797,20684
7797,20685
7798,20686
7798,20687
7799,20688
7799,20689
7800,20690
7800,20691
7800,20692
7801,20693
7801,20694
7802,20695
7802,20696
7802,20697
7803,20698
7803,20699
7803,20700
7803,20701
7803,20702
7803,20703
7803,20704
7804,20705
7805,20706
7806,20707
7807,20708
7807,20709
7808,20710
7809,20711
7809,20712
7810,20713
7810,20714
7810,20715
7810,20716
7810,20717
7811,20718
7811,20719
7811,20720
7812,20721
7812,20722
7813,20723
7813,20724
7813,20725
7814,20726
7814,20727
7814,20728
7814,20729
7814,20730
7815,20731
7815,20732
7815,20733
7816,20734
7816,20735
7816,20736
7816,20737
7816,20738
7816,20739
7817,20740
7818,20741
7818,20742
7818,20743
7818,20744
7819,20745
7819,20746
7819,20747
7820,20748
7820,20749
7821,20750
7822,20751
7822,20752
7822,20753
7823,20754
7823,20755
7823,20756
7823,20757
7823,20758
7823,20759
7823,20760
7823,20761
7823,20762
7824,20763
7824,20764
7824,20765
7825,20766
7825,20767
7825,20768
7825,20769
7825,20770
7826,20771
7827,20772
7827,20773
7827,20774
7828,20775
7828,20776
7829,20777
7830,20778
7831,20779
7832,20780
7832,20781
7833,20782
7833,20783
7833,20784
7833,20785
7833,20786
7834,20787
7835,20788
7835,20789
7836,20790
7836,20791
7836,20792
7836,20793
7836,20794
7836,20795
7837,20796
7837,20797
7837,20798
7837,20799
7837,20800
7837,20801
7837,20802
7837,20803
7838,20804
7839,20805
7839,20806
7839,20807
7840,20808
7841,20809
7842,20810
7843,20811
7843,20812
7844,20813
7844,20814
7845,20815
7845,20816
7846,20817
7847,20818
7848,20819
7848,20820
7849,20821
7850,20822
7850,20823
7851,20824
7851,20825
7851,20826
7851,20827
7851,20828
7851,20829
7852,20830
7852,20831
7853,20832
7853,20833
7853,20834
7853,20835
7854,20836
7855,20837
7855,20838
7856,20839
7857,20840
7857,20841
7857,20842
7857,20843
7857,20844
7857,20845
7857,20846
7858,20847
7858,20848
7858,20849
7858,20850
7859,20851
7859,20852
7859,20853
7859,20854
7859,20855
7859,20856
7859,20857
7859,20858
7860,20859
7860,20860
7860,20861
7861,20862
7862,20863
7862,20864
7863,20865
7863,20866
7864,20867
7865,20868
7865,20869
7865,20870
7865,20871
7865,20872
7865,20873
7865,20874
7865,20875
7865,20876
7865,20877
7865,20878
7865,20879
7866,20880
7866,20881
7866,20882
7866,20883
7866,20884
7866,20885
7867,20886
7867,20887
7867,20888
7868,20889
7868,20890
7869,20891
7869,20892
7869,20893
7869,20894
7870,20895
7870,20896
7870,20897
7871,20898
7872,20899
7872,20900
7873,20901
7873,20902
7874,20903
7874,20904
7874,20905
7875,20906
7875,20907
7876,20908
7876,20909
7876,20910
7876,20911
7876,20912
7877,20913
7877,20914
7877,20915
7877,20916
7877,20917
7877,20918
7877,20919
7877,20920
7877,20921
7877,20922
7878,20923
7878,20924
7879,20925
7880,20926
7880,20927
7880,20928
7880,20929
7881,20930
7881,20931
7881,20932
7882,20933
7882,20934
7883,20935
7883,20936
7883,20937
7883,20938
7884,20939
7884,20940
7884,20941
7885,20942
7885,20943
7885,20944
7885,20945
7885,20946
7886,20947
7886,20948
7886,20949
7886,20950
7886,20951
7887,20952
7887,20953
7887,20954
7887,20955
7887,20956
7887,20957
7887,20958
7887,20959
7887,20960
7888,20961
7888,20962
7889,20963
7889,20964
7889,20965
7889,20966
7889,20967
7889,20968
7890,20969
7891,20970
7891,20971
7891,20972
7891,20973
7892,20974
7892,20975
7893,20976
7894,20977
7894,20978
7894,20979
7895,20980
7895,20981
7895,20982
7896,20983
7896,20984
7896,20985
7897,20986
7898,20987
7899,20988
7899,20989
7900,20990
7901,20991
7901,20992
7902,20993
7902,20994
7902,20995
7902,20996
7903,20997
7903,20998
7903,20999
7904,21000
7904,21001
7904,21002
7905,21003
7905,21004
7905,21005
7905,21006
7905,21007
7905,21008
7906,21009
7906,21010
7907,21011
7907,21012
7907,21013
7907,21014
7907,21015
7908,21016
7909,21017
7909,21018
7909,21019
7909,21020
7909,21021
7910,21022
7910,21023
7910,21024
7910,21025
7910,21026
7910,21027
7910,21028
7910,21029
7911,21030
7911,21031
7912,21032
7912,21033
7912,21034
7913,21035
7914,21036
7915,21037
7916,21038
7916,21039
7916,21040
7917,21041
7918,21042
7919,21043
7920,21044
7920,21045
7920,21046
7920,21047
7921,21048
7921,21049
7921,21050
7922,21051
7922,21052
7923,21053
7924,21054
7924,21055
7924,21056
7925,21057
7925,21058
7926,21059
7927,21060
7927,21061
7928,21062
7928,21063
7928,21064
7929,21065
7929,21066
7930,21067
7931,21068
7931,21069
7932,21070
7932,21071
7932,21072
7933,21073
7934,21074
7934,21075
7935,21076
7935,21077
7935,21078
7936,21079
7936,21080
7936,21081
7936,21082
7936,21083
7936,21084
7936,21085
7937,21086
7937,21087
7937,21088
7937,21089
7937,21090
7938,21091
7939,21092
7939,21093
7939,21094
7939,21095
7940,21096
7940,21097
7941,21098
7941,21099
7942,21100
7942,21101
7943,21102
7943,21103
7944,21104
7944,21105
7944,21106
7945,21107
7945,21108
7945,21109
7945,21110
7945,21111
7946,21112
7947,21113
7948,21114
7948,21115
7948,21116
7948,21117
7948,21118
7948,21119
7948,21120
7949,21121
7950,21122
7950,21123
7950,21124
7950,21125
7950,21126
7950,21127
7950,21128
7951,21129
7951,21130
7951,21131
7952,21132
7952,21133
7952,21134
7952,21135
7952,21136
7952,21137
7952,21138
7952,21139
7953,21140
7953,21141
7953,21142
7953,21143
7953,21144
7953,21145
7953,21146
7953,21147
7954,21148
7955,21149
7955,21150
7955,21151
7955,21152
7956,21153
7956,21154
7956,21155
7957,21156
7957,21157
7958,21158
7958,21159
7958,21160
7959,21161
7959,21162
7959,21163
7959,21164
7960,21165
7960,21166
7960,21167
7960,21168
7960,21169
7960,21170
7961,21171
7961,21172
7961,21173
7961,21174
7961,21175
7962,21176
7963,21177
7963,21178
7964,21179
7965,21180
7965,21181
7966,21182
7966,21183
7966,21184
7967,21185
7967,21186
7967,21187
7968,21188
7968,21189
7968,21190
7969,21191
7969,21192
7970,21193
7970,21194
7970,21195
7971,21196
7972,21197
7972,21198
7973,21199
7973,21200
7973,21201
7974,21202
7974,21203
7975,21204
7975,21205
7975,21206
7975,21207
7976,21208
7977,21209
7977,21210
7978,21211
7979,21212
7979,21213
7979,21214
7980,21215
7980,21216
7980,21217
7980,21218
7981,21219
7981,21220
7981,21221
7981,21222
7981,21223
7982,21224
7982,21225
7982,21226
7982,21227
7983,21228
7983,21229
7984,21230
7984,21231
7984,21232
7984,21233
7985,21234
7986,21235
7986,21236
7987,21237
7988,21238
7988,21239
7988,21240
7988,21241
7988,21242
7988,21243
7988,21244
7988,21245
7988,21246
7989,21247
7989,21248
7990,21249
7990,21250
7991,21251
7991,21252
7991,21253
7991,21254
7991,21255
7992,21256
7992,21257
7992,21258
7993,21259
7993,21260
7994,21261
7994,21262
7995,21263
7996,21264
7996,21265
7996,21266
7996,21267
7996,21268
7997,21269
7997,21270
7997,21271
7997,21272
7997,21273
7998,21274
7998,21275
7999,21276
7999,21277
8000,21278
8001,21279
8001,21280
8002,21281
8003,21282
8003,21283
8003,21284
8004,21285
8005,21286
8006,21287
8007,21288
8008,21289
8008,21290
8008,21291
8009,21292
8009,21293
8009,21294
8010,21295
8010,21296
8010,21297
8010,21298
8010,21299
8010,21300
8011,21301
8011,21302
8012,21303
8013,21304
8013,21305
8014,21306
8014,21307
8015,21308
8015,21309
8015,21310
8016,21311
8016,21312
8017,21313
8017,21314
8017,21315
8017,21316
8017,21317
8018,21318
8018,21319
8019,21320
8019,21321
8020,21322
8021,21323
8021,21324
8021,21325
8022,21326
8023,21327
8023,21328
8024,21329
8024,21330
8024,21331
8024,21332
8024,21333
8024,21334
8024,21335
8024,21336
8025,21337
8025,21338
8025,21339
8025,21340
8025,21341
8025,21342
8025,21343
8025,21344
8025,21345
8026,21346
8026,21347
8026,21348
8026,21349
8026,21350
8026,21351
8027,21352
8027,21353
8028,21354
8029,21355
8029,21356
8029,21357
8030,21358
8030,21359
8031,21360
8032,21361
8032,21362
8032,21363
8033,21364
8033,21365
8034,21366
8034,21367
8035,21368
8035,21369
8036,21370
8036,21371
8036,21372
8037,21373
8037,21374
8037,21375
8037,21376
8037,21377
8037,21378
8037,21379
8038,21380
8038,21381
8038,21382
8038,21383
8039,21384
8039,21385
8039,21386
8039,21387
8039,21388
8039,21389
8039,21390
8039,21391
8039,21392
8039,21393
8039,21394
8040,21395
8041,21396
8042,21397
8043,21398
8043,21399
8044,21400
8044,21401
8044,21402
8044,21403
8044,21404
8045,21405
8046,21406
8046,21407
8046,21408
8046,21409
8046,21410
8046,21411
8046,21412
8046,21413
8047,21414
8047,21415
8047,21416
8048,21417
8049,21418
8049,21419
8049,21420
8049,21421
8049,21422
8050,21423
8050,21424
8050,21425
8050,21426
8050,21427
8050,21428
8051,21429
8051,21430
8051,21431
8051,21432
8052,21433
8052,21434
8052,21435
8052,21436
8053,21437
8054,21438
8054,21439
8054,21440
8054,21441
8055,21442
8055,21443
8056,21444
8056,21445
8056,21446
8056,21447
8057,21448
8058,21449
8058,21450
8058,21451
8058,21452
8058,21453
8058,21454
8058,21455
8059,21456
8059,21457
8060,21458
8060,21459
8061,21460
8061,21461
8061,21462
8062,21463
8063,21464
8063,21465
8064,21466
8064,21467
8065,21468
8065,21469
8065,21470
8065,21471
8065,21472
8065,21473
8065,21474
8065,21475
8065,21476
8065,21477
8066,21478
8067,21479
8068,21480
8068,21481
8068,21482
8069,21483
8069,21484
8069,21485
8070,21486
8070,21487
8070,21488
8070,21489
8071,21490
8071,21491
8072,21492
8072,21493
8072,21494
8072,21495
8073,21496
8073,21497
8074,21498
8075,21499
8075,21500
8075,21501
8075,21502
8075,21503
8076,21504
8077,21505
8078,21506
8079,21507
8079,21508
8080,21509
8080,21510
8081,21511
8081,21512
8082,21513
8082,21514
8083,21515
8083,21516
8083,21517
8084,21518
8084,21519
8084,21520
8085,21521
8086,21522
8086,21523
8087,21524
8087,21525
8087,21526
8087,21527
8087,21528
8088,21529
8088,21530
8088,21531
8088,21532
8088,21533
8089,21534
8089,21535
8089,21536
8090,21537
8090,21538
8090,21539
8091,21540
8091,21541
8092,21542
8093,21543
8094,21544
8094,21545
8095,21546
8095,21547
8096,21548
8096,21549
8096,21550
8096,21551
8096,21552
8097,21553
8097,21554
8098,21555
8098,21556
8099,21557
8099,21558
8099,21559
8099,21560
8100,21561
8101,21562
8101,21563
8101,21564
8101,21565
8102,21566
8102,21567
8102,21568
8103,21569
8103,21570
8104,21571
8104,21572
8104,21573
8105,21574
8106,21575
8106,21576
8107,21577
8108,21578
8108,21579
8108,21580
8109,21581
8109,21582
8110,21583
8110,21584
8110,21585
8111,21586
8111,21587
8112,21588
8112,21589
8112,21590
8113,21591
8113,21592
8113,21593
8113,21594
8113,21595
8114,21596
8115,21597
8115,21598
8115,21599
8116,21600
8116,21601
8116,21602
8117,21603
8118,21604
8118,21605
8119,21606
8120,21607
8120,21608
8120,21609
8121,21610
8121,21611
8121,21612
8121,21613
8122,21614
8122,21615
8122,21616
8122,21617
8123,21618
8123,21619
8123,21620
8123,21621
8124,21622
8124,21623
8124,21624
8124,21625
8125,21626
8125,21627
8126,21628
8126,21629
8127,21630
8128,21631
8129,21632
8129,21633
8129,21634
8129,21635
8129,21636
8129,21637
8129,21638
8130,21639
8130,21640
8131,21641
8131,21642
8132,21643
8132,21644
8133,21645
8133,21646
8133,21647
8133,21648
8133,21649
8134,21650
8134,21651
8134,21652
8135,21653
8135,21654
8136,21655
8136,21656
8137,21657
8137,21658
8138,21659
8138,21660
8138,21661
8138,21662
8138,21663
8138,21664
8138,21665
8138,21666
8138,21667
8139,21668
8139,21669
8139,21670
8139,21671
8139,21672
8139,21673
8139,21674
8139,21675
8140,21676
8140,21677
8141,21678
8142,21679
8142,21680
8142,21681
8143,21682
8143,21683
8144,21684
8144,21685
8144,21686
8144,21687
8145,21688
8145,21689
8145,21690
8146,21691
8146,21692
8147,21693
8147,21694
8148,21695
8148,21696
8148,21697
8149,21698
8150,21699
8151,21700
8151,21701
8151,21702
8151,21703
8152,21704
8152,21705
8153,21706
8154,21707
8155,21708
8155,21709
8156,21710
8156,21711
8156,21712
8156,21713
8156,21714
8156,21715
8156,21716
8156,21717
8156,21718
8156,21719
8157,21720
8157,21721
8157,21722
8157,21723
8157,21724
8157,21725
8157,21726
8158,21727
8158,21728
8158,21729
8159,21730
8159,21731
8160,21732
8161,21733
8161,21734
8161,21735
8161,21736
8161,21737
8162,21738
8162,21739
8162,21740
8162,21741
8162,21742
8162,21743
8162,21744
8162,21745
8162,21746
8162,21747
8163,21748
8163,21749
8164,21750
8165,21751
8166,21752
8166,21753
8166,21754
8166,21755
8166,21756
8167,21757
8168,21758
8169,21759
8169,21760
8169,21761
8169,21762
8169,21763
8169,21764
8170,21765
8170,21766
8170,21767
8171,21768
8171,21769
8171,21770
8172,21771
8173,21772
8174,21773
8174,21774
8175,21775
8176,21776
8176,21777
8176,21778
8177,21779
8177,21780
8177,21781
8178,21782
8179,21783
8179,21784
8179,21785
8180,21786
8180,21787
8181,21788
8182,21789
8183,21790
8184,21791
8185,21792
8185,21793
8185,21794
8186,21795
8187,21796
8187,21797
8187,21798
8187,21799
8188,21800
8188,21801
8189,21802
8189,21803
8189,21804
8190,21805
8191,21806
8192,21807
8192,21808
8193,21809
8193,21810
8194,21811
8194,21812
8195,21813
8196,21814
8197,21815
8198,21816
8198,21817
8198,21818
8198,21819
8198,21820
8199,21821
8199,21822
8200,21823
8200,21824
8200,21825
8200,21826
8201,21827
8202,21828
8203,21829
8203,21830
8203,21831
8204,21832
8205,21833
8205,21834
8206,21835
8206,21836
8206,21837
8206,21838
8206,21839
8206,21840
8206,21841
8206,21842
8207,21843
8208,21844
8209,21845
8209,21846
8209,21847
8209,21848
8210,21849
8211,21850
8211,21851
8211,21852
8211,21853
8212,21854
8212,21855
8212,21856
8213,21857
8213,21858
8214,21859
8214,21860
8215,21861
8216,21862
8216,21863
8216,21864
8217,21865
8217,21866
8218,21867
8218,21868
8218,21869
8219,21870
8220,21871
8220,21872
8220,21873
8221,21874
8221,21875
8221,21876
8222,21877
8222,21878
8222,21879
8222,21880
8222,21881
8223,21882
8223,21883
8223,21884
8224,21885
8224,21886
8225,21887
8225,21888
8226,21889
8226,21890
8227,21891
8227,21892
8227,21893
8227,21894
8228,21895
8228,21896
8229,21897
8229,21898
8229,21899
8229,21900
8230,21901
8230,21902
8231,21903
8231,21904
8231,21905
8231,21906
8231,21907
8232,21908
8232,21909
8232,21910
8232,21911
8232,21912
8233,21913
8234,21914
8234,21915
8234,21916
8234,21917
8234,21918
8235,21919
8236,21920
8236,21921
8236,21922
8236,21923
8236,21924
8236,21925
8236,21926
8236,21927
8237,21928
8237,21929
8238,21930
8238,21931
8239,21932
8239,21933
8239,21934
8240,21935
8241,21936
8242,21937
8242,21938
8243,21939
8244,21940
8244,21941
8244,21942
8245,21943
8245,21944
8246,21945
8247,21946
8247,21947
8247,21948
8248,21949
8249,21950
8249,21951
8249,21952
8249,21953
8249,21954
8249,21955
8250,21956
8250,21957
8250,21958
8250,21959
8251,21960
8252,21961
8252,21962
8252,21963
8252,21964
8252,21965
8252,21966
8252,21967
8252,21968
8252,21969
8252,21970
8253,21971
8253,21972
8254,21973
8255,21974
8255,21975
8255,21976
8256,21977
8257,21978
8257,21979
8257,21980
8257,21981
8257,21982
8257,21983
8258,21984
8258,21985
8259,21986
8259,21987
8259,21988
8259,21989
8259,21990
8259,21991
8259,21992
8259,21993
8259,21994
8260,21995
8261,21996
8261,21997
8261,21998
8261,21999
8261,22000
8261,22001
8261,22002
8262,22003
8263,22004
8264,22005
8265,22006
8266,22007
8267,22008
8267,22009
8267,22010
8267,22011
8267,22012
8267,22013
8267,22014
8267,22015
8267,22016
8267,22017
8268,22018
8268,22019
8269,22020
8269,22021
8270,22022
8270,22023
8271,22024
8271,22025
8272,22026
8272,22027
8272,22028
8272,22029
8273,22030
8273,22031
8273,22032
8274,22033
8274,22034
8275,22035
8276,22036
8276,22037
8276,22038
8276,22039
8277,22040
8277,22041
8278,22042
8278,22043
8279,22044
8279,22045
8279,22046
8279,22047
8280,22048
8280,22049
8281,22050
8282,22051
8283,22052
8283,22053
8284,22054
8285,22055
8286,22056
8287,22057
8287,22058
8287,22059
8287,22060
8287,22061
8287,22062
8287,22063
8287,22064
8288,22065
8289,22066
8290,22067
8291,22068
8291,22069
8292,22070
8292,22071
8292,22072
8293,22073
8293,22074
8293,22075
8294,22076
8294,22077
8295,22078
8296,22079
8296,22080
8296,22081
8296,22082
8296,22083
8297,22084
8297,22085
8298,22086
8299,22087
8299,22088
8299,22089
8299,22090
8300,22091
8300,22092
8300,22093
8301,22094
8301,22095
8302,22096
8302,22097
8302,22098
8302,22099
8303,22100
8304,22101
8304,22102
8304,22103
8304,22104
8304,22105
8305,22106
8306,22107
8306,22108
8306,22109
8307,22110
8307,22111
8308,22112
8309,22113
8310,22114
8310,22115
8311,22116
8311,22117
8311,22118
8312,22119
8312,22120
8312,22121
8313,22122
8313,22123
8314,22124
8315,22125
8315,22126
8315,22127
8316,22128
8316,22129
8316,22130
8316,22131
8317,22132
8318,22133
8319,22134
8320,22135
8320,22136
8320,22137
8321,22138
8321,22139
8321,22140
8321,22141
8321,22142
8321,22143
8322,22144
8323,22145
8323,22146
8323,22147
8323,22148
8323,22149
8323,22150
8323,22151
8324,22152
8324,22153
8324,22154
8324,22155
8324,22156
8324,22157
8325,22158
8326,22159
8326,22160
8326,22161
8326,22162
8326,22163
8326,22164
8327,22165
8327,22166
8327,22167
8328,22168
8328,22169
8328,22170
8328,22171
8329,22172
8329,22173
8329,22174
8329,22175
8329,22176
8330,22177
8330,22178
8330,22179
8330,22180
8330,22181
8331,22182
8332,22183
8332,22184
8333,22185
8333,22186
8334,22187
8334,22188
8334,22189
8334,22190
8335,22191
8335,22192
8335,22193
8336,22194
8337,22195
8337,22196
8338,22197
8338,22198
8339,22199
8340,22200
8341,22201
8342,22202
8342,22203
8342,22204
8342,22205
8343,22206
8343,22207
8343,22208
8344,22209
8344,22210
8345,22211
8345,22212
8346,22213
8346,22214
8347,22215
8347,22216
8347,22217
8348,22218
8349,22219
8349,22220
8350,22221
8350,22222
8350,22223
8350,22224
8351,22225
8351,22226
8351,22227
8352,22228
8352,22229
8352,22230
8353,22231
8354,22232
8354,22233
8355,22234
8356,22235
8356,22236
8357,22237
8357,22238
8358,22239
8358,22240
8359,22241
8360,22242
8360,22243
8360,22244
8360,22245
8361,22246
8361,22247
8362,22248
8363,22249
8363,22250
8363,22251
8364,22252
8365,22253
8365,22254
8366,22255
8366,22256
8366,22257
8367,22258
8367,22259
8367,22260
8367,22261
8368,22262
8368,22263
8368,22264
8369,22265
8369,22266
8369,22267
8370,22268
8371,22269
8371,22270
8372,22271
8373,22272
8374,22273
8374,22274
8374,22275
8375,22276
8375,22277
8376,22278
8376,22279
8376,22280
8376,22281
8376,22282
8376,22283
8377,22284
8377,22285
8378,22286
8379,22287
8379,22288
8379,22289
8379,22290
8380,22291
8381,22292
8382,22293
8383,22294
8383,22295
8383,22296
8383,22297
8384,22298
8384,22299
8384,22300
8384,22301
8384,22302
8384,22303
8384,22304
8384,22305
8384,22306
8384,22307
8385,22308
8385,22309
8385,22310
8385,22311
8385,22312
8386,22313
8387,22314
8387,22315
8387,22316
8387,22317
8387,22318
8387,22319
8387,22320
8387,22321
8387,22322
8388,22323
8389,22324
8389,22325
8390,22326
8390,22327
8390,22328
8390,22329
8391,22330
8391,22331
8391,22332
8391,22333
8391,22334
8391,22335
8391,22336
8391,22337
8392,22338
8393,22339
8393,22340
8393,22341
8393,22342
8393,22343
8394,22344
8395,22345
8396,22346
8397,22347
8398,22348
8398,22349
8398,22350
8398,22351
8398,22352
8398,22353
8398,22354
8398,22355
8399,22356
8399,22357
8399,22358
8399,22359
8399,22360
8400,22361
8401,22362
8401,22363
8401,22364
8402,22365
8402,22366
8402,22367
8403,22368
8403,22369
8403,22370
8403,22371
8403,22372
8403,22373
8403,22374
8403,22375
8403,22376
8403,22377
8404,22378
8405,22379
8406,22380
8406,22381
8406,22382
8407,22383
8407,22384
8407,22385
8408,22386
8409,22387
8409,22388
8409,22389
8409,22390
8410,22391
8411,22392
8412,22393
8412,22394
8413,22395
8413,22396
8413,22397
8413,22398
8413,22399
8414,22400
8415,22401
8415,22402
8416,22403
8417,22404
8417,22405
8418,22406
8418,22407
8418,22408
8418,22409
8418,22410
8419,22411
8419,22412
8420,22413
8420,22414
8420,22415
8420,22416
8421,22417
8421,22418
8421,22419
8421,22420
8422,22421
8422,22422
8422,22423
8422,22424
8423,22425
8423,22426
8424,22427
8424,22428
8424,22429
8425,22430
8425,22431
8425,22432
8425,22433
8426,22434
8426,22435
8427,22436
8428,22437
8428,22438
8428,22439
8428,22440
8428,22441
8429,22442
8429,22443
8430,22444
8431,22445
8432,22446
8432,22447
8432,22448
8433,22449
8433,22450
8433,22451
8433,22452
8433,22453
8433,22454
8434,22455
8434,22456
8435,22457
8435,22458
8436,22459
8436,22460
8436,22461
8436,22462
8436,22463
8436,22464
8436,22465
8437,22466
8437,22467
8438,22468
8439,22469
8439,22470
8439,22471
8440,22472
8440,22473
8440,22474
8441,22475
8441,22476
8441,22477
8442,22478
8442,22479
8442,22480
8442,22481
8442,22482
8442,22483
8442,22484
8443,22485
8444,22486
8445,22487
8445,22488
8445,22489
8446,22490
8446,22491
8446,22492
8447,22493
8448,22494
8448,22495
8448,22496
8448,22497
8449,22498
8449,22499
8449,22500
8449,22501
8449,22502
8450,22503
8450,22504
8451,22505
8451,22506
8452,22507
8452,22508
8453,22509
8453,22510
8454,22511
8454,22512
8455,22513
8455,22514
8455,22515
8456,22516
8457,22517
8458,22518
8458,22519
8459,22520
8459,22521
8459,22522
8460,22523
8460,22524
8460,22525
8460,22526
8461,22527
8461,22528
8461,22529
8461,22530
8461,22531
8462,22532
8462,22533
8462,22534
8462,22535
8463,22536
8463,22537
8464,22538
8464,22539
8465,22540
8465,22541
8465,22542
8465,22543
8465,22544
8465,22545
8466,22546
8467,22547
8467,22548
8468,22549
8468,22550
8468,22551
8468,22552
8468,22553
8469,22554
8470,22555
8471,22556
8471,22557
8471,22558
8471,22559
8471,22560
8472,22561
8473,22562
8473,22563
8473,22564
8474,22565
8474,22566
8474,22567
8474,22568
8474,22569
8475,22570
8475,22571
8476,22572
8477,22573
8477,22574
8477,22575
8478,22576
8479,22577
8479,22578
8479,22579
8480,22580
8480,22581
8481,22582
8482,22583
8482,22584
8483,22585
8483,22586
8483,22587
8483,22588
8484,22589
8485,22590
8485,22591
8485,22592
8485,22593
8485,22594
8486,22595
8486,22596
8487,22597
8487,22598
8487,22599
8487,22600
8487,22601
8487,22602
8487,22603
8487,22604
8488,22605
8488,22606
8488,22607
8488,22608
8489,22609
8490,22610
8490,22611
8491,22612
8491,22613
8491,22614
8491,22615
8491,22616
8492,22617
8492,22618
8492,22619
8493,22620
8493,22621
8494,22622
8494,22623
8495,22624
8495,22625
8495,22626
8495,22627
8495,22628
8496,22629
8496,22630
8497,22631
8498,22632
8498,22633
8498,22634
8499,22635
8499,22636
8499,22637
8499,22638
8499,22639
8499,22640
8499,22641
8500,22642
8501,22643
8501,22644
8501,22645
8501,22646
8501,22647
8501,22648
8501,22649
8502,22650
8502,22651
8502,22652
8503,22653
8503,22654
8503,22655
8504,22656
8505,22657
8505,22658
8505,22659
8505,22660
8506,22661
8506,22662
8506,22663
8507,22664
8507,22665
8508,22666
8508,22667
8508,22668
8508,22669
8509,22670
8510,22671
8510,22672
8510,22673
8511,22674
8511,22675
8511,22676
8512,22677
8512,22678
8512,22679
8513,22680
8513,22681
8513,22682
8513,22683
8513,22684
8514,22685
8514,22686
8514,22687
8514,22688
8514,22689
8514,22690
8514,22691
8514,22692
8514,22693
8515,22694
8516,22695
8517,22696
8517,22697
8517,22698
8517,22699
8518,22700
8518,22701
8518,22702
8519,22703
8519,22704
8520,22705
8521,22706
8521,22707
8522,22708
8522,22709
8522,22710
8522,22711
8523,22712
8524,22713
8525,22714
8525,22715
8525,22716
8526,22717
8527,22718
8527,22719
8527,22720
8527,22721
8528,22722
8529,22723
8529,22724
8529,22725
8530,22726
8530,22727
8531,22728
8531,22729
8531,22730
8531,22731
8531,22732
8531,22733
8532,22734
8533,22735
8533,22736
8533,22737
8533,22738
8533,22739
8533,22740
8533,22741
8533,22742
8533,22743
8533,22744
8533,22745
8533,22746
8533,22747
8534,22748
8534,22749
8534,22750
8535,22751
8535,22752
8535,22753
8536,22754
8536,22755
8536,22756
8536,22757
8536,22758
8537,22759
8537,22760
8537,22761
8538,22762
8538,22763
8538,22764
8538,22765
8539,22766
8539,22767
8540,22768
8540,22769
8541,22770
8541,22771
8541,22772
8542,22773
8542,22774
8542,22775
8543,22776
8543,22777
8544,22778
8544,22779
8544,22780
8545,22781
8545,22782
8545,22783
8546,22784
8546,22785
8546,22786
8546,22787
8547,22788
8547,22789
8547,22790
8547,22791
8547,22792
8548,22793
8549,22794
8550,22795
8550,22796
8551,22797
8551,22798
8551,22799
8551,22800
8552,22801
8552,22802
8552,22803
8552,22804
8553,22805
8553,22806
8553,22807
8553,22808
8553,22809
8553,22810
8553,22811
8553,22812
8554,22813
8555,22814
8555,22815
8556,22816
8556,22817
8556,22818
8556,22819
8556,22820
8557,22821
8557,22822
8557,22823
8557,22824
8557,22825
8557,22826
8558,22827
8558,22828
8559,22829
8559,22830
8560,22831
8560,22832
8561,22833
8561,22834
8561,22835
8561,22836
8561,22837
8561,22838
8561,22839
8561,22840
8561,22841
8561,22842
8562,22843
8562,22844
8562,22845
8562,22846
8563,22847
8563,22848
8563,22849
8564,22850
8565,22851
8565,22852
8565,22853
8565,22854
8566,22855
8566,22856
8567,22857
8567,22858
8567,22859
8567,22860
8568,22861
8568,22862
8568,22863
8568,22864
8568,22865
8568,22866
8569,22867
8570,22868
8571,22869
8571,22870
8572,22871
8572,22872
8572,22873
8573,22874
8574,22875
8574,22876
8574,22877
8575,22878
8576,22879
8577,22880
8577,22881
8577,22882
8577,22883
8578,22884
8579,22885
8580,22886
8581,22887
8581,22888
8582,22889
8582,22890
8583,22891
8584,22892
8584,22893
8585,22894
8585,22895
8586,22896
8586,22897
8586,22898
8587,22899
8588,22900
8589,22901
8589,22902
8590,22903
8591,22904
8591,22905
8592,22906
8593,22907
8594,22908
8595,22909
8595,22910
8596,22911
8597,22912
8597,22913
8597,22914
8598,22915
8598,22916
8599,22917
8599,22918
8599,22919
8599,22920
8599,22921
8600,22922
8601,22923
8602,22924
8603,22925
8603,22926
8603,22927
8603,22928
8603,22929
8603,22930
8604,22931
8605,22932
8606,22933
8606,22934
8607,22935
8608,22936
8608,22937
8608,22938
8608,22939
8609,22940
8610,22941
8610,22942
8610,22943
8610,22944
8610,22945
8610,22946
8610,22947
8611,22948
8611,22949
8612,22950
8612,22951
8613,22952
8613,22953
8614,22954
8614,22955
8615,22956
8616,22957
8616,22958
8617,22959
8617,22960
8617,22961
8618,22962
8618,22963
8618,22964
8618,22965
8618,22966
8618,22967
8618,22968
8618,22969
8619,22970
8619,22971
8620,22972
8620,22973
8620,22974
8621,22975
8621,22976
8621,22977
8622,22978
8622,22979
8622,22980
8622,22981
8622,22982
8623,22983
8624,22984
8625,22985
8625,22986
8626,22987
8627,22988
8627,22989
8627,22990
8627,22991
8627,22992
8627,22993
8627,22994
8627,22995
8627,22996
8628,22997
8629,22998
8629,22999
8629,23000
8629,23001
8630,23002
8630,23003
8630,23004
8631,23005
8631,23006
8632,23007
8632,23008
8633,23009
8634,23010
8634,23011
8634,23012
8634,23013
8634,23014
8634,23015
8634,23016
8635,23017
8635,23018
8635,23019
8635,23020
8636,23021
8636,23022
8636,23023
8637,23024
8638,23025
8638,23026
8638,23027
8639,23028
8640,23029
8640,23030
8641,23031
8641,23032
8641,23033
8642,23034
8642,23035
8642,23036
8642,23037
8642,23038
8642,23039
8642,23040
8643,23041
8643,23042
8643,23043
8644,23044
8645,23045
8645,23046
8645,23047
8645,23048
8645,23049
8646,23050
8646,23051
8646,23052
8647,23053
8648,23054
8648,23055
8648,23056
8648,23057
8648,23058
8649,23059
8650,23060
8650,23061
8650,23062
8651,23063
8651,23064
8651,23065
8651,23066
8651,23067
8652,23068
8652,23069
8653,23070
8653,23071
8654,23072
8654,23073
8654,23074
8655,23075
8655,23076
8655,23077
8656,23078
8656,23079
8656,23080
8656,23081
8656,23082
8656,23083
8656,23084
8656,23085
8657,23086
8657,23087
8657,23088
8658,23089
8659,23090
8659,23091
8659,23092
8659,23093
8660,23094
8660,23095
8660,23096
8661,23097
8662,23098
8662,23099
8662,23100
8663,23101
8663,23102
8663,23103
8663,23104
8663,23105
8664,23106
8664,23107
8664,23108
8664,23109
8664,23110
8664,23111
8664,23112
8665,23113
8665,23114
8666,23115
8667,23116
8667,23117
8668,23118
8668,23119
8668,23120
8668,23121
8669,23122
8669,23123
8670,23124
8670,23125
8670,23126
8670,23127
8671,23128
8671,23129
8671,23130
8671,23131
8672,23132
8672,23133
8673,23134
8674,23135
8674,23136
8675,23137
8675,23138
8675,23139
8675,23140
8675,23141
8675,23142
8676,23143
8677,23144
8678,23145
8678,23146
8678,23147
8678,23148
8679,23149
8679,23150
8679,23151
8679,23152
8680,23153
8680,23154
8680,23155
8680,23156
8681,23157
8682,23158
8682,23159
8683,23160
8684,23161
8685,23162
8685,23163
8686,23164
8687,23165
8687,23166
8687,23167
8688,23168
8688,23169
8688,23170
8689,23171
8689,23172
8690,23173
8690,23174
8690,23175
8690,23176
8690,23177
8691,23178
8692,23179
8692,23180
8693,23181
8694,23182
8694,23183
8695,23184
8695,23185
8695,23186
8696,23187
8696,23188
8696,23189
8697,23190
8697,23191
8697,23192
8698,23193
8699,23194
8700,23195
8701,23196
8701,23197
8701,23198
8701,23199
8702,23200
8702,23201
8703,23202
8703,23203
8703,23204
8703,23205
8703,23206
8703,23207
8703,23208
8704,23209
8704,23210
8705,23211
8706,23212
8706,23213
8706,23214
8706,23215
8707,23216
8708,23217
8709,23218
8710,23219
8710,23220
8710,23221
8710,23222
8710,23223
8710,23224
8710,23225
8711,23226
8711,23227
8711,23228
8712,23229
8713,23230
8713,23231
8714,23232
8715,23233
8715,23234
8716,23235
8717,23236
8718,23237
8718,23238
8718,23239
8718,23240
8718,23241
8718,23242
8719,23243
8719,23244
8720,23245
8720,23246
8720,23247
8720,23248
8720,23249
8721,23250
8721,23251
8721,23252
8722,23253
8722,23254
8722,23255
8723,23256
8723,23257
8723,23258
8723,23259
8723,23260
8723,23261
8723,23262
8724,23263
8725,23264
8725,23265
8725,23266
8725,23267
8726,23268
8726,23269
8726,23270
8726,23271
8727,23272
8727,23273
8728,23274
8728,23275
8729,23276
8729,23277
8730,23278
8731,23279
8731,23280
8731,23281
8731,23282
8731,23283
8731,23284
8732,23285
8732,23286
8733,23287
8734,23288
8734,23289
8735,23290
8735,23291
8736,23292
8736,23293
8736,23294
8737,23295
8738,23296
8738,23297
8738,23298
8738,23299
8738,23300
8738,23301
8738,23302
8738,23303
8739,23304
8739,23305
8740,23306
8741,23307
8742,23308
8742,23309
8743,23310
8743,23311
8744,23312
8744,23313
8744,23314
8744,23315
8744,23316
8744,23317
8744,23318
8744,23319
8744,23320
8744,23321
8745,23322
8745,23323
8746,23324
8747,23325
8747,23326
8747,23327
8748,23328
8748,23329
8748,23330
8749,23331
8749,23332
8749,23333
8749,23334
8750,23335
8751,23336
8752,23337
8752,23338
8752,23339
8753,23340
8753,23341
8753,23342
8754,23343
8754,23344
8754,23345
8754,23346
8754,23347
8755,23348
8756,23349
8756,23350
8756,23351
8756,23352
8756,23353
8756,23354
8756,23355
8757,23356
8758,23357
8759,23358
8760,23359
8761,23360
8761,23361
8761,23362
8761,23363
8761,23364
8761,23365
8762,23366
8763,23367
8763,23368
8763,23369
8764,23370
8765,23371
8765,23372
8765,23373
8765,23374
8765,23375
8765,23376
8766,23377
8767,23378
8767,23379
8767,23380
8767,23381
8767,23382
8768,23383
8768,23384
8768,23385
8768,23386
8768,23387
8769,23388
8769,23389
8769,23390
8769,23391
8770,23392
8770,23393
8771,23394
8772,23395
8772,23396
8772,23397
8772,23398
8772,23399
8772,23400
8772,23401
8773,23402
8773,23403
8773,23404
8774,23405
8775,23406
8776,23407
8776,23408
8776,23409
8777,23410
8777,23411
8778,23412
8778,23413
8778,23414
8778,23415
8778,23416
8778,23417
8778,23418
8779,23419
8779,23420
8780,23421
8780,23422
8781,23423
8781,23424
8782,23425
8782,23426
8782,23427
8782,23428
8783,23429
8783,23430
8784,23431
8784,23432
8784,23433
8784,23434
8785,23435
8786,23436
8786,23437
8786,23438
8786,23439
8786,23440
8786,23441
8786,23442
8787,23443
8787,23444
8787,23445
8787,23446
8787,23447
8787,23448
8787,23449
8788,23450
8788,23451
8788,23452
8788,23453
8788,23454
8789,23455
8789,23456
8789,23457
8789,23458
8789,23459
8790,23460
8790,23461
8790,23462
8790,23463
8791,23464
8791,23465
8792,23466
8792,23467
8792,23468
8792,23469
8793,23470
8793,23471
8793,23472
8794,23473
8795,23474
8796,23475
8797,23476
8798,23477
8798,23478
8799,23479
8799,23480
8800,23481
8800,23482
8800,23483
8801,23484
8801,23485
8802,23486
8803,23487
8803,23488
8804,23489
8804,23490
8804,23491
8804,23492
8804,23493
8805,23494
8805,23495
8805,23496
8805,23497
8805,23498
8806,23499
8806,23500
8806,23501
8807,23502
8808,23503
8808,23504
8809,23505
8809,23506
8809,23507
8809,23508
8810,23509
8810,23510
8810,23511
8811,23512
8812,23513
8812,23514
8813,23515
8814,23516
8814,23517
8814,23518
8815,23519
8815,23520
8815,23521
8815,23522
8815,23523
8816,23524
8816,23525
8816,23526
8816,23527
8817,23528
8817,23529
8818,23530
8818,23531
8818,23532
8819,23533
8819,23534
8819,23535
8819,23536
8820,23537
8820,23538
8820,23539
8820,23540
8821,23541
8821,23542
8821,23543
8822,23544
8822,23545
8822,23546
8822,23547
8823,23548
8823,23549
8823,23550
8824,23551
8825,23552
8825,23553
8825,23554
8825,23555
8826,23556
8827,23557
8827,23558
8827,23559
8828,23560
8829,23561
8829,23562
8829,23563
8829,23564
8829,23565
8829,23566
8830,23567
8831,23568
8831,23569
8831,23570
8831,23571
8832,23572
8833,23573
8833,23574
8834,23575
8834,23576
8834,23577
8834,23578
8834,23579
8835,23580
8835,23581
8835,23582
8835,23583
8836,23584
8837,23585
8837,23586
8838,23587
8838,23588
8838,23589
8839,23590
8839,23591
8840,23592
8841,23593
8842,23594
8842,23595
8843,23596
8844,23597
8844,23598
8845,23599
8845,23600
8845,23601
8845,23602
8845,23603
8845,23604
8845,23605
8846,23606
8846,23607
8846,23608
8847,23609
8847,23610
8847,23611
8847,23612
8847,23613
8848,23614
8849,23615
8850,23616
8851,23617
8851,23618
8851,23619
8851,23620
8852,23621
8852,23622
8852,23623
8852,23624
8852,23625
8852,23626
8852,23627
8852,23628
8852,23629
8853,23630
8854,23631
8854,23632
8854,23633
8855,23634
8856,23635
8856,23636
8857,23637
8857,23638
8858,23639
8858,23640
8858,23641
8858,23642
8858,23643
8858,23644
8858,23645
8858,23646
8859,23647
8859,23648
8859,23649
8860,23650
8860,23651
8860,23652
8861,23653
8861,23654
8861,23655
8861,23656
8862,23657
8862,23658
8863,23659
8863,23660
8864,23661
8864,23662
8864,23663
8864,23664
8864,23665
8865,23666
8865,23667
8865,23668
8866,23669
8866,23670
8866,23671
8866,23672
8866,23673
8866,23674
8867,23675
8868,23676
8868,23677
8869,23678
8869,23679
8869,23680
8869,23681
8870,23682
8871,23683
8871,23684
8872,23685
8872,23686
8872,23687
8873,23688
8873,23689
8873,23690
8874,23691
8875,23692
8875,23693
8875,23694
8875,23695
8875,23696
8876,23697
8877,23698
8877,23699
8878,23700
8878,23701
8878,23702
8878,23703
8878,23704
8878,23705
8879,23706
8880,23707
8880,23708
8880,23709
8880,23710
8880,23711
8880,23712
8880,23713
8881,23714
8882,23715
8882,23716
8883,23717
8884,23718
8884,23719
8884,23720
8885,23721
8885,23722
8885,23723
8885,23724
8886,23725
8886,23726
8887,23727
8888,23728
8889,23729
8889,23730
8889,23731
8890,23732
8890,23733
8890,23734
8891,23735
8891,23736
8892,23737
8892,23738
8893,23739
8893,23740
8893,23741
8894,23742
8894,23743
8894,23744
8895,23745
8895,23746
8896,23747
8897,23748
8898,23749
8898,23750
8898,23751
8898,23752
8898,23753
8898,23754
8898,23755
8898,23756
8898,23757
8899,23758
8900,23759
8900,23760
8901,23761
8902,23762
8902,23763
8902,23764
8902,23765
8903,23766
8903,23767
8904,23768
8904,23769
8905,23770
8906,23771
8906,23772
8907,23773
8907,23774
8908,23775
8908,23776
8908,23777
8909,23778
8909,23779
8909,23780
8909,23781
8909,23782
8910,23783
8910,23784
8910,23785
8911,23786
8911,23787
8911,23788
8911,23789
8911,23790
8912,23791
8912,23792
8913,23793
8913,23794
8913,23795
8913,23796
8914,23797
8915,23798
8915,23799
8915,23800
8916,23801
8916,23802
8917,23803
8917,23804
8918,23805
8919,23806
8919,23807
8919,23808
8919,23809
8920,23810
8920,23811
8920,23812
8920,23813
8920,23814
8921,23815
8921,23816
8921,23817
8921,23818
8921,23819
8922,23820
8923,23821
8923,23822
8923,23823
8924,23824
8925,23825
8925,23826
8925,23827
8925,23828
8926,23829
8926,23830
8927,23831
8927,23832
8927,23833
8927,23834
8927,23835
8928,23836
8928,23837
8929,23838
8929,23839
8930,23840
8930,23841
8930,23842
8930,23843
8931,23844
8931,23845
8931,23846
8932,23847
8933,23848
8933,23849
8934,23850
8934,23851
8934,23852
8935,23853
8936,23854
8937,23855
8938,23856
8939,23857
8939,23858
8940,23859
8941,23860
8941,23861
8941,23862
8942,23863
8942,23864
8942,23865
8942,23866
8942,23867
8943,23868
8944,23869
8944,23870
8944,23871
8944,23872
8945,23873
8945,23874
8946,23875
8947,23876
8948,23877
8948,23878
8949,23879
8949,23880
8949,23881
8949,23882
8950,23883
8950,23884
8950,23885
8950,23886
8951,23887
8951,23888
8951,23889
8951,23890
8952,23891
8953,23892
8953,23893
8953,23894
8953,23895
8954,23896
8955,23897
8955,23898
8955,23899
8956,23900
8956,23901
8956,23902
8957,23903
8957,23904
8957,23905
8957,23906
8957,23907
8957,23908
8957,23909
8957,23910
8957,23911
8957,23912
8957,23913
8958,23914
8958,23915
8958,23916
8958,23917
8959,23918
8960,23919
8960,23920
8961,23921
8961,23922
8961,23923
8961,23924
8962,23925
8962,23926
8963,23927
8963,23928
8964,23929
8964,23930
8964,23931
8965,23932
8965,23933
8965,23934
8965,23935
8966,23936
8966,23937
8966,23938
8967,23939
8967,23940
8967,23941
8967,23942
8967,23943
8967,23944
8967,23945
8967,23946
8967,23947
8967,23948
8968,23949
8968,23950
8968,23951
8968,23952
8968,23953
8969,23954
8970,23955
8971,23956
8971,23957
8971,23958
8971,23959
8971,23960
8971,23961
8971,23962
8971,23963
8971,23964
8971,23965
8972,23966
8972,23967
8972,23968
8973,23969
8973,23970
8973,23971
8974,23972
8974,23973
8974,23974
8975,23975
8975,23976
8975,23977
8975,23978
8975,23979
8975,23980
8976,23981
8976,23982
8976,23983
8976,23984
8976,23985
8976,23986
8977,23987
8977,23988
8978,23989
8978,23990
8978,23991
8979,23992
8979,23993
8979,23994
8980,23995
8980,23996
8980,23997
8981,23998
8982,23999
8982,24000
8983,24001
8983,24002
8984,24003
8985,24004
8985,24005
8985,24006
8986,24007
8986,24008
8987,24009
8987,24010
8988,24011
8989,24012
8989,24013
8989,24014
8990,24015
8990,24016
8990,24017
8991,24018
8991,24019
8991,24020
8991,24021
8992,24022
8993,24023
8994,24024
8995,24025
8995,24026
8995,24027
8995,24028
8995,24029
8995,24030
8996,24031
8996,24032
8996,24033
8996,24034
8996,24035
8997,24036
8997,24037
8998,24038
8998,24039
8998,24040
8999,24041
9000,24042
9000,24043
9001,24044
9002,24045
9002,24046
9002,24047
9002,24048
9003,24049
9003,24050
9004,24051
9004,24052
9004,24053
9004,24054
9005,24055
9005,24056
9005,24057
9006,24058
9006,24059
9006,24060
9007,24061
9007,24062
9007,24063
9007,24064
9007,24065
9007,24066
9008,24067
9008,24068
9008,24069
9008,24070
9009,24071
9009,24072
9009,24073
9009,24074
9009,24075
9010,24076
9011,24077
9011,24078
9011,24079
9012,24080
9012,24081
9012,24082
9012,24083
9012,24084
9012,24085
9013,24086
9013,24087
9013,24088
9014,24089
9015,24090
9015,24091
9016,24092
9016,24093
9016,24094
9017,24095
9017,24096
9017,24097
9018,24098
9018,24099
9018,24100
9019,24101
9020,24102
9020,24103
9020,24104
9021,24105
9021,24106
9021,24107
9022,24108
9022,24109
9023,24110
9024,24111
9025,24112
9026,24113
9026,24114
9027,24115
9027,24116
9027,24117
9028,24118
9029,24119
9029,24120
9029,24121
9029,24122
9030,24123
9030,24124
9031,24125
9031,24126
9032,24127
9032,24128
9033,24129
9034,24130
9034,24131
9034,24132
9035,24133
9036,24134
9036,24135
9037,24136
9038,24137
9038,24138
9038,24139
9038,24140
9039,24141
9039,24142
9039,24143
9040,24144
9041,24145
9041,24146
9041,24147
9041,24148
9041,24149
9042,24150
9042,24151
9042,24152
9042,24153
9042,24154
9042,24155
9042,24156
9042,24157
9043,24158
9043,24159
9044,24160
9044,24161
9044,24162
9044,24163
9045,24164
9045,24165
9046,24166
9047,24167
9047,24168
9047,24169
9048,24170
9048,24171
9049,24172
9049,24173
9049,24174
9049,24175
9049,24176
9049,24177
9049,24178
9049,24179
9049,24180
9049,24181
9049,24182
9050,24183
9050,24184
9050,24185
9050,24186
9050,24187
9051,24188
9051,24189
9052,24190
9052,24191
9052,24192
9053,24193
9053,24194
9054,24195
9054,24196
9055,24197
9055,24198
9055,24199
9055,24200
9055,24201
9055,24202
9055,24203
9055,24204
9056,24205
9056,24206
9056,24207
9056,24208
9056,24209
9056,24210
9056,24211
9057,24212
9057,24213
9057,24214
9057,24215
9058,24216
9058,24217
9059,24218
9059,24219
9060,24220
9060,24221
9061,24222
9062,24223
9062,24224
9062,24225
9063,24226
9064,24227
9065,24228
9065,24229
9065,24230
9066,24231
9066,24232
9066,24233
9067,24234
9068,24235
9068,24236
9069,24237
9069,24238
9069,24239
9070,24240
9070,24241
9071,24242
9071,24243
9071,24244
9071,24245
9071,24246
9072,24247
9073,24248
9073,24249
9073,24250
9073,24251
9073,24252
9073,24253
9074,24254
9074,24255
9074,24256
9074,24257
9075,24258
9076,24259
9076,24260
9076,24261
9076,24262
9076,24263
9077,24264
9078,24265
9078,24266
9078,24267
9078,24268
9079,24269
9079,24270
9080,24271
9080,24272
9080,24273
9081,24274
9081,24275
9081,24276
9081,24277
9082,24278
9083,24279
9084,24280
9084,24281
9084,24282
9085,24283
9085,24284
9085,24285
9086,24286
9087,24287
9087,24288
9088,24289
9088,24290
9089,24291
9089,24292
9089,24293
9089,24294
9090,24295
9090,24296
9090,24297
9091,24298
9092,24299
9093,24300
9093,24301
9094,24302
9094,24303
9094,24304
9094,24305
9095,24306
9095,24307
9095,24308
9095,24309
9096,24310
9096,24311
9096,24312
9096,24313
9096,24314
9096,24315
9097,24316
9098,24317
9098,24318
9099,24319
9099,24320
9099,24321
9100,24322
9101,24323
9102,24324
9102,24325
9103,24326
9104,24327
9105,24328
9106,24329
9106,24330
9107,24331
9107,24332
9108,24333
9108,24334
9108,24335
9108,24336
9108,24337
9109,24338
9109,24339
9109,24340
9110,24341
9110,24342
9110,24343
9110,24344
9110,24345
9111,24346
9111,24347
9111,24348
9111,24349
9111,24350
9111,24351
9111,24352
9112,24353
9113,24354
9113,24355
9113,24356
9114,24357
9115,24358
9115,24359
9115,24360
9116,24361
9117,24362
9118,24363
9118,24364
9118,24365
9119,24366
9119,24367
9120,24368
9120,24369
9121,24370
9122,24371
9123,24372
9124,24373
9124,24374
9124,24375
9125,24376
9126,24377
9126,24378
9126,24379
9126,24380
9126,24381
9127,24382
9127,24383
9127,24384
9127,24385
9127,24386
9127,24387
9127,24388
9128,24389
9128,24390
9128,24391
9129,24392
9129,24393
9129,24394
9129,24395
9130,24396
9130,24397
9130,24398
9130,24399
9130,24400
9131,24401
9131,24402
9131,24403
9132,24404
9132,24405
9132,24406
9132,24407
9133,24408
9133,24409
9133,24410
9134,24411
9134,24412
9135,24413
9136,24414
9136,24415
9136,24416
9137,24417
9138,24418
9138,24419
9138,24420
9138,24421
9139,24422
9139,24423
9140,24424
9140,24425
9140,24426
9140,24427
9141,24428
9141,24429
9141,24430
9141,24431
9142,24432
9143,24433
9143,24434
9143,24435
9144,24436
9144,24437
9144,24438
9144,24439
9144,24440
9144,24441
9145,24442
9145,24443
9146,24444
9146,24445
9147,24446
9147,24447
9148,24448
9148,24449
9148,24450
9148,24451
9149,24452
9149,24453
9149,24454
9149,24455
9149,24456
9149,24457
9149,24458
9149,24459
9149,24460
9149,24461
9150,24462
9151,24463
9151,24464
9151,24465
9151,24466
9151,24467
9152,24468
9153,24469
9153,24470
9154,24471
9154,24472
9154,24473
9154,24474
9155,24475
9155,24476
9156,24477
9156,24478
9156,24479
9156,24480
9157,24481
9158,24482
9159,24483
9159,24484
9159,24485
9159,24486
9160,24487
9161,24488
9161,24489
9162,24490
9163,24491
9163,24492
9164,24493
9164,24494
9165,24495
9165,24496
9166,24497
9166,24498
9167,24499
9167,24500
9167,24501
9168,24502
9168,24503
9168,24504
9169,24505
9169,24506
9170,24507
9170,24508
9170,24509
9170,24510
9170,24511
9171,24512
9171,24513
9171,24514
9172,24515
9172,24516
9172,24517
9173,24518
9174,24519
9174,24520
9174,24521
9175,24522
9175,24523
9176,24524
9176,24525
9176,24526
9177,24527
9177,24528
9178,24529
9178,24530
9178,24531
9179,24532
9179,24533
9179,24534
9180,24535
9181,24536
9181,24537
9181,24538
9181,24539
9181,24540
9181,24541
9181,24542
9181,24543
9182,24544
9182,24545
9183,24546
9183,24547
9183,24548
9183,24549
9183,24550
9184,24551
9185,24552
9186,24553
9186,24554
9186,24555
9186,24556
9186,24557
9187,24558
9187,24559
9188,24560
9188,24561
9188,24562
9188,24563
9188,24564
9188,24565
9188,24566
9189,24567
9189,24568
9189,24569
9190,24570
9190,24571
9190,24572
9191,24573
9192,24574
9193,24575
9193,24576
9194,24577
9194,24578
9194,24579
9194,24580
9194,24581
9194,24582
9194,24583
9194,24584
9195,24585
9195,24586
9195,24587
9195,24588
9195,24589
9195,24590
9195,24591
9195,24592
9195,24593
9195,24594
9196,24595
9196,24596
9196,24597
9196,24598
9197,24599
9197,24600
9198,24601
9198,24602
9198,24603
9199,24604
9199,24605
9199,24606
9200,24607
9200,24608
9200,24609
9201,24610
9201,24611
9201,24612
9201,24613
9201,24614
9201,24615
9201,24616
9202,24617
9202,24618
9202,24619
9202,24620
9203,24621
9203,24622
9203,24623
9204,24624
9204,24625
9204,24626
9205,24627
9205,24628
9205,24629
9205,24630
9205,24631
9205,24632
9206,24633
9206,24634
9206,24635
9206,24636
9207,24637
9208,24638
9208,24639
9208,24640
9208,24641
9208,24642
9209,24643
9209,24644
9210,24645
9210,24646
9210,24647
9211,24648
9212,24649
9212,24650
9212,24651
9213,24652
9213,24653
9213,24654
9214,24655
9215,24656
9215,24657
9216,24658
9216,24659
9216,24660
9216,24661
9216,24662
9216,24663
9216,24664
9216,24665
9216,24666
9217,24667
9217,24668
9217,24669
9218,24670
9219,24671
9219,24672
9219,24673
9220,24674
9221,24675
9221,24676
9222,24677
9222,24678
9222,24679
9223,24680
9224,24681
9224,24682
9225,24683
9225,24684
9225,24685
9226,24686
9227,24687
9228,24688
9228,24689
9228,24690
9228,24691
9229,24692
9230,24693
9230,24694
9230,24695
9230,24696
9231,24697
9231,24698
9231,24699
9232,24700
9232,24701
9232,24702
9232,24703
9233,24704
9233,24705
9234,24706
9234,24707
9234,24708
9235,24709
9235,24710
9236,24711
9236,24712
9236,24713
9236,24714
9236,24715
9237,24716
9238,24717
9239,24718
9239,24719
9240,24720
9241,24721
9242,24722
9243,24723
9243,24724
9244,24725
9245,24726
9246,24727
9246,24728
9247,24729
9247,24730
9248,24731
9248,24732
9248,24733
9248,24734
9248,24735
9248,24736
9248,24737
9248,24738
9249,24739
9249,24740
9249,24741
9249,24742
9249,24743
9250,24744
9250,24745
9250,24746
9250,24747
9250,24748
9251,24749
9251,24750
9252,24751
9253,24752
9253,24753
9254,24754
9254,24755
9254,24756
9254,24757
9254,24758
9255,24759
9255,24760
9256,24761
9257,24762
9258,24763
9258,24764
9258,24765
9258,24766
9259,24767
9259,24768
9260,24769
9260,24770
9260,24771
9261,24772
9261,24773
9262,24774
9262,24775
9263,24776
9263,24777
9263,24778
9264,24779
9265,24780
9265,24781
9265,24782
9265,24783
9266,24784
9267,24785
9267,24786
9268,24787
9269,24788
9269,24789
9270,24790
9270,24791
9270,24792
9270,24793
9270,24794
9270,24795
9270,24796
9270,24797
9270,24798
9270,24799
9271,24800
9271,24801
9271,24802
9271,24803
9271,24804
9272,24805
9272,24806
9272,24807
9272,24808
9272,24809
9272,24810
9272,24811
9273,24812
9273,24813
9273,24814
9274,24815
9274,24816
9274,24817
9274,24818
9275,24819
9275,24820
9275,24821
9276,24822
9276,24823
9277,24824
9277,24825
9278,24826
9278,24827
9278,24828
9278,24829
9279,24830
9279,24831
9280,24832
9280,24833
9281,24834
9282,24835
9283,24836
9283,24837
9284,24838
9285,24839
9285,24840
9286,24841
9286,24842
9287,24843
9287,24844
9288,24845
9289,24846
9289,24847
9290,24848
9291,24849
9291,24850
9291,24851
9291,24852
9291,24853
9292,24854
9293,24855
9293,24856
9293,24857
9293,24858
9294,24859
9294,24860
9294,24861
9294,24862
9294,24863
9294,24864
9295,24865
9295,24866
9295,24867
9295,24868
9295,24869
9296,24870
9296,24871
9296,24872
9296,24873
9297,24874
9297,24875
9298,24876
9298,24877
9298,24878
9298,24879
9298,24880
9298,24881
9299,24882
9299,24883
9300,24884
9301,24885
9301,24886
9301,24887
9302,24888
9303,24889
9303,24890
9303,24891
9304,24892
9304,24893
9305,24894
9306,24895
9306,24896
9306,24897
9306,24898
9307,24899
9307,24900
9308,24901
9309,24902
9309,24903
9309,24904
9309,24905
9309,24906
9309,24907
9310,24908
9311,24909
9311,24910
9311,24911
9312,24912
9313,24913
9313,24914
9314,24915
9314,24916
9314,24917
9314,24918
9314,24919
9315,24920
9315,24921
9315,24922
9315,24923
9315,24924
9316,24925
9317,24926
9317,24927
9318,24928
9318,24929
9318,24930
9319,24931
9319,24932
9320,24933
9321,24934
9321,24935
9321,24936
9321,24937
9322,24938
9322,24939
9323,24940
9323,24941
9324,24942
9325,24943
9325,24944
9325,24945
9325,24946
9325,24947
9325,24948
9325,24949
9325,24950
9326,24951
9326,24952
9327,24953
9328,24954
9328,24955
9329,24956
9329,24957
9330,24958
9330,24959
9330,24960
9330,24961
9330,24962
9330,24963
9330,24964
9331,24965
9331,24966
9331,24967
9331,24968
9332,24969
9333,24970
9334,24971
9334,24972
9334,24973
9334,24974
9335,24975
9335,24976
9336,24977
9336,24978
9336,24979
9336,24980
9337,24981
9337,24982
9337,24983
9337,24984
9337,24985
9337,24986
9337,24987
9338,24988
9338,24989
9339,24990
9339,24991
9339,24992
9339,24993
9339,24994
9339,24995
9340,24996
9340,24997
9340,24998
9341,24999
9341,25000
9341,25001
9342,25002
9342,25003
9342,25004
9342,25005
9342,25006
9342,25007
9342,25008
9343,25009
9344,25010
9345,25011
9345,25012
9345,25013
9345,25014
9345,25015
9345,25016
9346,25017
9346,25018
9346,25019
9347,25020
9347,25021
9348,25022
9348,25023
9348,25024
9349,25025
9349,25026
9350,25027
9350,25028
9350,25029
9350,25030
9350,25031
9350,25032
9350,25033
9350,25034
9351,25035
9352,25036
9352,25037
9352,25038
9352,25039
9352,25040
9352,25041
9352,25042
9352,25043
9352,25044
9352,25045
9352,25046
9353,25047
9354,25048
9354,25049
9354,25050
9355,25051
9356,25052
9356,25053
9356,25054
9356,25055
9356,25056
9356,25057
9356,25058
9356,25059
9357,25060
9358,25061
9358,25062
9358,25063
9358,25064
9358,25065
9358,25066
9358,25067
9358,25068
9358,25069
9358,25070
9359,25071
9359,25072
9359,25073
9359,25074
9359,25075
9359,25076
9360,25077
9360,25078
9360,25079
9361,25080
9362,25081
9362,25082
9362,25083
9362,25084
9363,25085
9363,25086
9364,25087
9365,25088
9365,25089
9365,25090
9365,25091
9365,25092
9365,25093
9365,25094
9365,25095
9366,25096
9366,25097
9366,25098
9367,25099
9367,25100
9367,25101
9368,25102
9369,25103
9369,25104
9369,25105
9369,25106
9369,25107
9369,25108
9370,25109
9370,25110
9370,25111
9370,25112
9371,25113
9371,25114
9371,25115
9371,25116
9372,25117
9372,25118
9372,25119
9373,25120
9374,25121
9374,25122
9374,25123
9374,25124
9375,25125
9375,25126
9376,25127
9376,25128
9376,25129
9376,25130
9377,25131
9377,25132
9377,25133
9377,25134
9378,25135
9378,25136
9378,25137
9378,25138
9378,25139
9379,25140
9379,25141
9379,25142
9380,25143
9381,25144
9381,25145
9382,25146
9383,25147
9383,25148
9383,25149
9384,25150
9384,25151
9385,25152
9386,25153
9386,25154
9387,25155
9387,25156
9388,25157
9389,25158
9390,25159
9391,25160
9391,25161
9391,25162
9391,25163
9392,25164
9393,25165
9393,25166
9393,25167
9393,25168
9394,25169
9394,25170
9394,25171
9395,25172
9395,25173
9395,25174
9396,25175
9396,25176
9396,25177
9396,25178
9397,25179
9397,25180
9397,25181
9397,25182
9397,25183
9397,25184
9398,25185
9399,25186
9399,25187
9399,25188
9399,25189
9400,25190
9401,25191
9401,25192
9402,25193
9403,25194
9404,25195
9404,25196
9404,25197
9405,25198
9406,25199
9407,25200
9408,25201
9408,25202
9409,25203
9409,25204
9410,25205
9410,25206
9410,25207
9411,25208
9412,25209
9412,25210
9412,25211
9413,25212
9413,25213
9413,25214
9413,25215
9413,25216
9413,25217
9413,25218
9413,25219
9413,25220
9413,25221
9414,25222
9414,25223
9414,25224
9415,25225
9416,25226
9417,25227
9418,25228
9419,25229
9419,25230
9420,25231
9420,25232
9421,25233
9422,25234
9422,25235
9422,25236
9422,25237
9423,25238
9424,25239
9424,25240
9424,25241
9424,25242
9424,25243
9425,25244
9426,25245
9426,25246
9426,25247
9426,25248
9427,25249
9427,25250
9427,25251
9427,25252
9428,25253
9428,25254
9429,25255
9429,25256
9429,25257
9430,25258
9430,25259
9430,25260
9430,25261
9431,25262
9432,25263
9432,25264
9432,25265
9432,25266
9432,25267
9432,25268
9433,25269
9433,25270
9433,25271
9433,25272
9434,25273
9435,25274
9436,25275
9436,25276
9437,25277
9438,25278
9438,25279
9438,25280
9438,25281
9439,25282
9439,25283
9439,25284
9439,25285
9439,25286
9439,25287
9439,25288
9439,25289
9440,25290
9441,25291
9441,25292
9441,25293
9442,25294
9442,25295
9442,25296
9443,25297
9444,25298
9445,25299
9445,25300
9446,25301
9446,25302
9447,25303
9448,25304
9448,25305
9448,25306
9448,25307
9448,25308
9448,25309
9448,25310
9448,25311
9449,25312
9449,25313
9449,25314
9450,25315
9450,25316
9450,25317
9451,25318
9452,25319
9452,25320
9453,25321
9453,25322
9454,25323
9455,25324
9455,25325
9455,25326
9456,25327
9457,25328
9458,25329
9458,25330
9458,25331
9458,25332
9458,25333
9459,25334
9460,25335
9460,25336
9460,25337
9460,25338
9460,25339
9460,25340
9460,25341
9460,25342
9460,25343
9461,25344
9462,25345
9462,25346
9462,25347
9462,25348
9462,25349
9462,25350
9462,25351
9462,25352
9463,25353
9463,25354
9463,25355
9464,25356
9464,25357
9464,25358
9465,25359
9466,25360
9466,25361
9466,25362
9466,25363
9467,25364
9467,25365
9468,25366
9469,25367
9469,25368
9470,25369
9470,25370
9470,25371
9470,25372
9471,25373
9471,25374
9471,25375
9471,25376
9471,25377
9471,25378
9472,25379
9472,25380
9473,25381
9474,25382
9474,25383
9474,25384
9474,25385
9475,25386
9475,25387
9476,25388
9476,25389
9476,25390
9476,25391
9477,25392
9477,25393
9477,25394
9477,25395
9477,25396
9478,25397
9478,25398
9479,25399
9479,25400
9479,25401
9480,25402
9480,25403
9481,25404
9481,25405
9481,25406
9481,25407
9481,25408
9481,25409
9482,25410
9482,25411
9482,25412
9482,25413
9482,25414
9483,25415
9483,25416
9483,25417
9483,25418
9483,25419
9483,25420
9483,25421
9483,25422
9483,25423
9484,25424
9484,25425
9485,25426
9485,25427
9485,25428
9485,25429
9485,25430
9485,25431
9486,25432
9487,25433
9487,25434
9487,25435
9488,25436
9489,25437
9489,25438
9489,25439
9490,25440
9490,25441
9491,25442
9491,25443
9492,25444
9493,25445
9493,25446
9493,25447
9493,25448
9494,25449
9494,25450
9494,25451
9494,25452
9494,25453
9494,25454
9494,25455
9495,25456
9495,25457
9495,25458
9495,25459
9495,25460
9496,25461
9496,25462
9496,25463
9497,25464
9497,25465
9497,25466
9497,25467
9498,25468
9499,25469
9500,25470
9500,25471
9500,25472
9500,25473
9501,25474
9501,25475
9501,25476
9502,25477
9502,25478
9502,25479
9503,25480
9503,25481
9504,25482
9504,25483
9505,25484
9505,25485
9505,25486
9505,25487
9506,25488
9506,25489
9506,25490
9506,25491
9506,25492
9506,25493
9506,25494
9506,25495
9506,25496
9507,25497
9507,25498
9507,25499
9507,25500
9507,25501
9507,25502
9508,25503
9508,25504
9509,25505
9509,25506
9509,25507
9509,25508
9509,25509
9509,25510
9509,25511
9509,25512
9510,25513
9511,25514
9512,25515
9512,25516
9513,25517
9513,25518
9513,25519
9513,25520
9514,25521
9514,25522
9514,25523
9514,25524
9515,25525
9515,25526
9515,25527
9516,25528
9516,25529
9517,25530
9518,25531
9518,25532
9518,25533
9519,25534
9519,25535
9519,25536
9519,25537
9519,25538
9519,25539
9519,25540
9519,25541
9520,25542
9520,25543
9520,25544
9520,25545
9521,25546
9521,25547
9521,25548
9521,25549
9522,25550
9523,25551
9523,25552
9523,25553
9523,25554
9524,25555
9524,25556
9525,25557
9525,25558
9525,25559
9525,25560
9525,25561
9526,25562
9527,25563
9527,25564
9528,25565
9528,25566
9529,25567
9529,25568
9529,25569
9529,25570
9530,25571
9530,25572
9530,25573
9530,25574
9530,25575
9530,25576
9530,25577
9530,25578
9531,25579
9531,25580
9532,25581
9532,25582
9533,25583
9534,25584
9534,25585
9534,25586
9535,25587
9535,25588
9535,25589
9535,25590
9536,25591
9536,25592
9536,25593
9536,25594
9537,25595
9537,25596
9538,25597
9538,25598
9539,25599
9539,25600
9540,25601
9540,25602
9540,25603
9541,25604
9542,25605
9542,25606
9542,25607
9543,25608
9543,25609
9543,25610
9544,25611
9544,25612
9544,25613
9545,25614
9546,25615
9547,25616
9547,25617
9547,25618
9547,25619
9548,25620
9549,25621
9549,25622
9549,25623
9550,25624
9551,25625
9551,25626
9552,25627
9553,25628
9553,25629
9553,25630
9553,25631
9553,25632
9553,25633
9553,25634
9553,25635
9554,25636
9554,25637
9554,25638
9554,25639
9555,25640
9556,25641
9556,25642
9556,25643
9556,25644
9557,25645
9557,25646
9558,25647
9559,25648
9559,25649
9559,25650
9560,25651
9561,25652
9562,25653
9562,25654
9563,25655
9563,25656
9564,25657
9565,25658
9565,25659
9565,25660
9565,25661
9566,25662
9566,25663
9566,25664
9567,25665
9567,25666
9567,25667
9568,25668
9569,25669
9569,25670
9569,25671
9569,25672
9569,25673
9569,25674
9569,25675
9569,25676
9569,25677
9570,25678
9570,25679
9571,25680
9571,25681
9572,25682
9572,25683
9572,25684
9573,25685
9574,25686
9574,25687
9574,25688
9575,25689
9575,25690
9575,25691
9575,25692
9575,25693
9575,25694
9575,25695
9576,25696
9576,25697
9576,25698
9577,25699
9578,25700
9578,25701
9578,25702
9579,25703
9579,25704
9579,25705
9580,25706
9580,25707
9580,25708
9580,25709
9580,25710
9580,25711
9580,25712
9580,25713
9580,25714
9580,25715
9581,25716
9581,25717
9581,25718
9582,25719
9582,25720
9582,25721
9582,25722
9582,25723
9583,25724
9583,25725
9584,25726
9584,25727
9585,25728
9585,25729
9586,25730
9586,25731
9587,25732
9587,25733
9588,25734
9588,25735
9588,25736
9588,25737
9588,25738
9588,25739
9589,25740
9589,25741
9589,25742
9589,25743
9589,25744
9589,25745
9589,25746
9590,25747
9591,25748
9591,25749
9591,25750
9592,25751
9592,25752
9592,25753
9592,25754
9593,25755
9594,25756
9594,25757
9594,25758
9594,25759
9595,25760
9596,25761
9596,25762
9596,25763
9597,25764
9597,25765
9597,25766
9597,25767
9597,25768
9598,25769
9599,25770
9600,25771
9600,25772
9601,25773
9602,25774
9602,25775
9602,25776
9602,25777
9602,25778
9602,25779
9602,25780
9602,25781
9603,25782
9603,25783
9604,25784
9604,25785
9604,25786
9604,25787
9604,25788
9605,25789
9606,25790
9606,25791
9607,25792
9607,25793
9607,25794
9608,25795
9608,25796
9609,25797
9609,25798
9609,25799
9610,25800
9611,25801
9611,25802
9611,25803
9612,25804
9612,25805
9612,25806
9613,25807
9614,25808
9614,25809
9615,25810
9615,25811
9615,25812
9615,25813
9616,25814
9617,25815
9617,25816
9617,25817
9618,25818
9618,25819
9618,25820
9619,25821
9619,25822
9620,25823
9620,25824
9621,25825
9621,25826
9621,25827
9621,25828
9622,25829
9623,25830
9623,25831
9623,25832
9624,25833
9624,25834
9624,25835
9624,25836
9624,25837
9625,25838
9625,25839
9625,25840
9625,25841
9626,25842
9627,25843
9628,25844
9628,25845
9628,25846
9628,25847
9628,25848
9629,25849
9629,25850
9630,25851
9630,25852
9630,25853
9631,25854
9631,25855
9631,25856
9632,25857
9632,25858
9632,25859
9633,25860
9633,25861
9633,25862
9634,25863
9635,25864
9635,25865
9635,25866
9635,25867
9635,25868
9636,25869
9636,25870
9637,25871
9637,25872
9638,25873
9638,25874
9638,25875
9638,25876
9638,25877
9638,25878
9639,25879
9639,25880
9639,25881
9640,25882
9641,25883
9641,25884
9641,25885
9641,25886
9642,25887
9642,25888
9642,25889
9643,25890
9644,25891
9644,25892
9644,25893
9645,25894
9645,25895
9645,25896
9645,25897
9646,25898
9646,25899
9647,25900
9647,25901
9647,25902
9647,25903
9647,25904
9647,25905
9648,25906
9648,25907
9648,25908
9649,25909
9649,25910
9649,25911
9649,25912
9650,25913
9650,25914
9650,25915
9651,25916
9651,25917
9652,25918
9652,25919
9653,25920
9654,25921
9655,25922
9655,25923
9655,25924
9655,25925
9655,25926
9655,25927
9655,25928
9655,25929
9656,25930
9657,25931
9657,25932
9657,25933
9657,25934
9657,25935
9658,25936
9658,25937
9659,25938
9659,25939
9659,25940
9660,25941
9660,25942
9661,25943
9661,25944
9662,25945
9662,25946
9663,25947
9663,25948
9664,25949
9664,25950
9664,25951
9664,25952
9664,25953
9665,25954
9666,25955
9666,25956
9666,25957
9666,25958
9666,25959
9666,25960
9666,25961
9666,25962
9666,25963
9666,25964
9667,25965
9667,25966
9667,25967
9667,25968
9667,25969
9667,25970
9668,25971
9668,25972
9668,25973
9669,25974
9670,25975
9671,25976
9671,25977
9671,25978
9672,25979
9672,25980
9672,25981
9672,25982
9672,25983
9672,25984
9672,25985
9672,25986
9673,25987
9673,25988
9674,25989
9674,25990
9674,25991
9675,25992
9675,25993
9676,25994
9676,25995
9676,25996
9677,25997
9678,25998
9679,25999
9679,26000
9679,26001
9679,26002
9680,26003
9680,26004
9680,26005
9680,26006
9680,26007
9681,26008
9681,26009
9681,26010
9681,26011
9682,26012
9682,26013
9683,26014
9684,26015
9685,26016
9685,26017
9685,26018
9685,26019
9685,26020
9686,26021
9686,26022
9687,26023
9688,26024
9688,26025
9688,26026
9689,26027
9689,26028
9690,26029
9690,26030
9691,26031
9692,26032
9693,26033
9693,26034
9694,26035
9694,26036
9695,26037
9696,26038
9696,26039
9697,26040
9697,26041
9697,26042
9697,26043
9697,26044
9697,26045
9697,26046
9697,26047
9697,26048
9697,26049
9697,26050
9698,26051
9698,26052
9699,26053
9699,26054
9699,26055
9700,26056
9700,26057
9701,26058
9701,26059
9701,26060
9701,26061
9701,26062
9702,26063
9702,26064
9702,26065
9702,26066
9702,26067
9702,26068
9702,26069
9703,26070
9703,26071
9704,26072
9704,26073
9705,26074
9706,26075
9706,26076
9707,26077
9707,26078
9708,26079
9709,26080
9709,26081
9709,26082
9709,26083
9709,26084
9709,26085
9710,26086
9710,26087
9711,26088
9711,26089
9712,26090
9713,26091
9713,26092
9713,26093
9713,26094
9713,26095
9713,26096
9714,26097
9714,26098
9714,26099
9715,26100
9716,26101
9716,26102
9716,26103
9717,26104
9717,26105
9718,26106
9718,26107
9718,26108
9718,26109
9719,26110
9719,26111
9719,26112
9719,26113
9719,26114
9720,26115
9720,26116
9720,26117
9720,26118
9721,26119
9721,26120
9722,26121
9722,26122
9723,26123
9723,26124
9724,26125
9724,26126
9725,26127
9726,26128
9726,26129
9726,26130
9727,26131
9727,26132
9727,26133
9727,26134
9727,26135
9727,26136
9727,26137
9727,26138
9727,26139
9728,26140
9729,26141
9729,26142
9729,26143
9729,26144
9729,26145
9730,26146
9730,26147
9731,26148
9731,26149
9731,26150
9731,26151
9731,26152
9732,26153
9732,26154
9732,26155
9733,26156
9733,26157
9733,26158
9734,26159
9734,26160
9734,26161
9735,26162
9735,26163
9735,26164
9736,26165
9737,26166
9737,26167
9738,26168
9738,26169
9739,26170
9740,26171
9741,26172
9741,26173
9742,26174
9742,26175
9742,26176
9742,26177
9743,26178
9743,26179
9743,26180
9744,26181
9744,26182
9744,26183
9744,26184
9745,26185
9745,26186
9745,26187
9745,26188
9745,26189
9745,26190
9745,26191
9745,26192
9745,26193
9746,26194
9746,26195
9746,26196
9746,26197
9746,26198
9747,26199
9747,26200
9748,26201
9748,26202
9748,26203
9749,26204
9749,26205
9749,26206
9750,26207
9751,26208
9751,26209
9751,26210
9752,26211
9752,26212
9752,26213
9752,26214
9752,26215
9753,26216
9753,26217
9754,26218
9754,26219
9755,26220
9755,26221
9755,26222
9755,26223
9755,26224
9755,26225
9755,26226
9755,26227
9755,26228
9756,26229
9757,26230
9757,26231
9757,26232
9757,26233
9758,26234
9758,26235
9759,26236
9759,26237
9759,26238
9759,26239
9759,26240
9760,26241
9761,26242
9761,26243
9761,26244
9761,26245
9762,26246
9762,26247
9763,26248
9763,26249
9763,26250
9764,26251
9764,26252
9764,26253
9765,26254
9765,26255
9766,26256
9766,26257
9766,26258
9767,26259
9767,26260
9768,26261
9769,26262
9769,26263
9769,26264
9769,26265
9769,26266
9769,26267
9770,26268
9770,26269
9770,26270
9771,26271
9772,26272
9772,26273
9772,26274
9773,26275
9774,26276
9775,26277
9776,26278
9776,26279
9777,26280
9778,26281
9778,26282
9779,26283
9779,26284
9779,26285
9779,26286
9779,26287
9780,26288
9780,26289
9780,26290
9780,26291
9780,26292
9780,26293
9780,26294
9780,26295
9780,26296
9780,26297
9781,26298
9782,26299
9783,26300
9783,26301
9783,26302
9783,26303
9783,26304
9783,26305
9783,26306
9783,26307
9783,26308
9783,26309
9784,26310
9784,26311
9784,26312
9785,26313
9785,26314
9786,26315
9786,26316
9786,26317
9786,26318
9786,26319
9786,26320
9786,26321
9786,26322
9787,26323
9787,26324
9788,26325
9789,26326
9790,26327
9790,26328
9790,26329
9790,26330
9790,26331
9790,26332
9790,26333
9791,26334
9791,26335
9791,26336
9792,26337
9792,26338
9792,26339
9793,26340
9794,26341
9795,26342
9795,26343
9795,26344
9796,26345
9797,26346
9798,26347
9798,26348
9798,26349
9799,26350
9799,26351
9800,26352
9801,26353
9801,26354
9802,26355
9802,26356
9803,26357
9804,26358
9804,26359
9805,26360
9806,26361
9806,26362
9807,26363
9807,26364
9807,26365
9807,26366
9808,26367
9808,26368
9808,26369
9809,26370
9810,26371
9810,26372
9810,26373
9811,26374
9811,26375
9812,26376
9813,26377
9813,26378
9813,26379
9813,26380
9814,26381
9814,26382
9814,26383
9815,26384
9815,26385
9815,26386
9815,26387
9815,26388
9815,26389
9816,26390
9816,26391
9816,26392
9816,26393
9817,26394
9817,26395
9818,26396
9818,26397
9818,26398
9818,26399
9818,26400
9819,26401
9820,26402
9820,26403
9820,26404
9821,26405
9821,26406
9821,26407
9821,26408
9822,26409
9823,26410
9824,26411
9824,26412
9824,26413
9824,26414
9825,26415
9826,26416
9826,26417
9826,26418
9827,26419
9827,26420
9827,26421
9828,26422
9828,26423
9828,26424
9828,26425
9828,26426
9829,26427
9830,26428
9830,26429
9831,26430
9831,26431
9832,26432
9832,26433
9832,26434
9833,26435
9834,26436
9834,26437
9834,26438
9834,26439
9834,26440
9835,26441
9835,26442
9835,26443
9835,26444
9836,26445
9837,26446
9837,26447
9837,26448
9838,26449
9838,26450
9838,26451
9839,26452
9840,26453
9840,26454
9840,26455
9840,26456
9840,26457
9840,26458
9841,26459
9842,26460
9842,26461
9843,26462
9843,26463
9844,26464
9845,26465
9846,26466
9847,26467
9847,26468
9848,26469
9849,26470
9849,26471
9850,26472
9850,26473
9850,26474
9850,26475
9850,26476
9850,26477
9850,26478
9850,26479
9851,26480
9852,26481
9853,26482
9854,26483
9855,26484
9856,26485
9857,26486
9857,26487
9857,26488
9857,26489
9857,26490
9857,26491
9857,26492
9857,26493
9858,26494
9858,26495
9859,26496
9859,26497
9859,26498
9859,26499
9859,26500
9860,26501
9860,26502
9860,26503
9861,26504
9861,26505
9861,26506
9861,26507
9861,26508
9861,26509
9861,26510
9861,26511
9861,26512
9861,26513
9862,26514
9863,26515
9863,26516
9863,26517
9863,26518
9863,26519
9863,26520
9864,26521
9864,26522
9865,26523
9866,26524
9866,26525
9866,26526
9866,26527
9866,26528
9867,26529
9868,26530
9868,26531
9869,26532
9869,26533
9869,26534
9869,26535
9869,26536
9869,26537
9869,26538
9870,26539
9870,26540
9871,26541
9871,26542
9871,26543
9871,26544
9871,26545
9871,26546
9871,26547
9872,26548
9872,26549
9872,26550
9873,26551
9874,26552
9874,26553
9875,26554
9875,26555
9875,26556
9875,26557
9875,26558
9875,26559
9875,26560
9875,26561
9876,26562
9876,26563
9876,26564
9876,26565
9877,26566
9877,26567
9877,26568
9878,26569
9878,26570
9878,26571
9878,26572
9878,26573
9879,26574
9879,26575
9879,26576
9879,26577
9880,26578
9880,26579
9881,26580
9881,26581
9881,26582
9881,26583
9882,26584
9883,26585
9884,26586
9885,26587
9885,26588
9885,26589
9885,26590
9886,26591
9886,26592
9886,26593
9887,26594
9887,26595
9887,26596
9887,26597
9887,26598
9887,26599
9887,26600
9887,26601
9887,26602
9888,26603
9888,26604
9888,26605
9888,26606
9888,26607
9889,26608
9890,26609
9891,26610
9891,26611
9891,26612
9892,26613
9893,26614
9893,26615
9893,26616
9893,26617
9893,26618
9894,26619
9894,26620
9895,26621
9895,26622
9895,26623
9895,26624
9895,26625
9895,26626
9895,26627
9895,26628
9896,26629
9896,26630
9896,26631
9896,26632
9896,26633
9897,26634
9898,26635
9898,26636
9898,26637
9898,26638
9899,26639
9900,26640
9900,26641
9901,26642
9901,26643
9901,26644
9902,26645
9903,26646
9903,26647
9903,26648
9904,26649
9904,26650
9905,26651
9905,26652
9906,26653
9907,26654
9907,26655
9907,26656
9907,26657
9908,26658
9908,26659
9908,26660
9909,26661
9909,26662
9910,26663
9910,26664
9911,26665
9911,26666
9911,26667
9911,26668
9911,26669
9911,26670
9912,26671
9912,26672
9913,26673
9913,26674
9914,26675
9914,26676
9915,26677
9915,26678
9915,26679
9915,26680
9916,26681
9917,26682
9917,26683
9918,26684
9919,26685
9919,26686
9920,26687
9920,26688
9920,26689
9921,26690
9921,26691
9921,26692
9921,26693
9921,26694
9922,26695
9922,26696
9923,26697
9923,26698
9923,26699
9923,26700
9923,26701
9923,26702
9923,26703
9924,26704
9925,26705
9926,26706
9926,26707
9926,26708
9926,26709
9926,26710
9926,26711
9926,26712
9927,26713
9928,26714
9928,26715
9929,26716
9929,26717
9929,26718
9929,26719
9930,26720
9931,26721
9932,26722
9932,26723
9932,26724
9933,26725
9934,26726
9935,26727
9936,26728
9936,26729
9936,26730
9937,26731
9938,26732
9938,26733
9939,26734
9939,26735
9940,26736
9940,26737
9940,26738
9940,26739
9941,26740
9941,26741
9942,26742
9943,26743
9943,26744
9943,26745
9944,26746
9944,26747
9944,26748
9945,26749
9945,26750
9945,26751
9946,26752
9946,26753
9946,26754
9947,26755
9948,26756
9948,26757
9949,26758
9950,26759
9950,26760
9950,26761
9951,26762
9951,26763
9951,26764
9952,26765
9952,26766
9952,26767
9953,26768
9953,26769
9953,26770
9953,26771
9953,26772
9954,26773
9954,26774
9955,26775
9955,26776
9956,26777
9956,26778
9957,26779
9957,26780
9958,26781
9958,26782
9958,26783
9958,26784
9958,26785
9958,26786
9958,26787
9959,26788
9959,26789
9960,26790
9961,26791
9961,26792
9961,26793
9961,26794
9962,26795
9962,26796
9962,26797
9962,26798
9962,26799
9963,26800
9963,26801
9963,26802
9964,26803
9965,26804
9966,26805
9967,26806
9967,26807
9967,26808
9967,26809
9967,26810
9968,26811
9968,26812
9968,26813
9968,26814
9968,26815
9968,26816
9968,26817
9968,26818
9968,26819
9968,26820
9968,26821
9969,26822
9970,26823
9970,26824
9971,26825
9971,26826
9971,26827
9971,26828
9971,26829
9971,26830
9972,26831
9972,26832
9972,26833
9972,26834
9972,26835
9972,26836
9973,26837
9973,26838
9973,26839
9973,26840
9973,26841
9973,26842
9973,26843
9973,26844
9974,26845
9974,26846
9974,26847
9974,26848
9975,26849
9975,26850
9975,26851
9975,26852
9975,26853
9976,26854
9976,26855
9977,26856
9978,26857
9979,26858
9979,26859
9980,26860
9980,26861
9980,26862
9980,26863
9980,26864
9981,26865
9982,26866
9983,26867
9983,26868
9983,26869
9983,26870
9984,26871
9984,26872
9985,26873
9985,26874
9985,26875
9985,26876
9986,26877
9986,26878
9986,26879
9987,26880
9988,26881
9989,26882
9989,26883
9989,26884
9989,26885
9990,26886
9990,26887
9991,26888
9991,26889
9991,26890
9992,26891
9992,26892
9993,26893
9993,26894
9993,26895
9994,26896
9994,26897
9994,26898
9994,26899
9995,26900
9995,26901
9996,26902
9996,26903
9996,26904
9997,26905
9997,26906
9997,26907
9998,26908
9999,26909
