src_id,dst_id
0,0
1,0
2,0
3,0
4,0
5,0
6,1
7,1
8,1
9,1
10,1
11,1
12,1
13,1
14,1
15,1
16,1
17,2
18,2
19,2
20,2
21,2
22,2
23,2
24,2
25,2
26,2
27,2
28,2
29,2
30,2
31,2
32,2
33,2
34,2
35,2
36,2
37,3
38,3
39,3
40,3
41,3
42,3
43,3
44,3
45,3
46,3
47,3
48,4
49,4
50,4
51,4
52,4
53,4
54,4
55,4
56,4
57,4
58,4
59,4
60,4
61,4
62,4
63,4
64,4
65,4
66,4
67,4
68,5
69,5
70,5
71,5
72,5
73,5
74,5
75,5
76,6
77,6
78,6
79,7
80,7
81,7
82,7
83,7
84,7
85,7
86,7
87,7
88,7
89,7
90,7
91,7
92,8
93,8
94,8
95,9
96,9
97,9
98,9
99,9
100,9
101,9
102,9
103,9
104,9
105,9
106,9
107,9
108,9
109,9
110,10
111,10
112,10
113,10
114,10
115,10
116,10
117,10
118,10
119,10
120,11
121,11
122,11
123,11
124,11
125,11
126,11
127,11
128,12
129,12
130,12
131,12
132,12
133,13
134,13
135,13
136,13
137,13
138,13
139,13
140,13
141,13
142,13
143,13
144,13
145,13
146,13
147,13
148,14
149,14
150,14
151,14
152,14
153,14
154,14
155,15
156,15
157,15
158,15
159,15
160,15
161,15
162,15
163,16
164,16
165,16
166,17
167,17
168,17
169,17
170,17
171,17
172,17
173,17
174,17
175,17
176,17
177,17
178,17
179,17
180,17
181,18
182,18
183,18
184,18
185,18
186,18
187,18
188,18
189,18
190,18
191,18
192,18
193,18
194,19
195,19
196,19
197,19
198,19
199,19
200,19
201,19
202,19
203,20
204,20
205,20
206,20
207,20
208,20
209,20
210,20
211,20
212,20
213,20
214,20
215,21
216,21
217,21
218,21
219,21
220,21
221,21
222,21
223,21
224,21
225,22
226,22
227,22
228,22
229,22
230,22
231,22
232,23
233,23
234,23
235,23
236,23
237,23
238,23
239,23
240,23
241,23
242,23
243,23
244,23
245,23
246,23
247,23
248,23
249,23
250,24
251,24
252,24
253,24
254,25
255,25
256,25
257,25
258,25
259,25
260,25
261,25
262,25
263,25
264,25
265,25
266,25
267,25
268,25
269,26
270,26
271,26
272,26
273,26
274,26
275,26
276,27
277,27
278,27
279,27
280,27
281,27
282,28
283,28
284,28
285,28
286,28
287,28
288,28
289,28
290,28
291,28
292,28
293,28
294,28
295,28
296,28
297,28
298,28
299,28
300,28
301,28
302,29
303,29
304,29
305,29
306,29
307,29
308,29
309,29
310,29
311,29
312,29
313,29
314,29
315,29
316,29
317,29
329,30
330,31
331,32
332,33
333,34
334,35
335,36
336,37
337,38
345,39
346,40
347,41
348,42
349,43
355,44
356,45
357,46
358,47
359,48
360,49
361,50
362,51
363,52
378,53
379,54
380,55
381,56
382,57
383,58
384,59
392,60
393,61
394,62
395,63
396,64
397,65
398,66
399,67
400,68
420,69
421,70
422,71
423,72
445,73
446,74
447,75
462,76
463,77
464,78
465,79
466,80
467,81
468,82
480,83
481,84
482,85
483,86
503,87
504,88
505,89
506,90
507,91
508,92
509,93
510,94
511,95
512,96
536,97
537,98
538,99
539,100
557,101
558,102
559,103
560,104
561,105
562,106
563,107
564,108
565,109
566,110
579,111
580,112
581,113
582,114
603,115
604,116
605,117
606,118
607,119
608,120
609,121
629,122
630,123
631,124
643,125
644,126
645,127
646,128
647,129
661,130
662,131
663,132
664,133
665,134
666,135
667,136
668,137
669,138
677,139
678,140
679,141
680,142
681,143
682,144
683,145
706,146
707,147
708,148
728,149
729,150
730,151
731,152
732,153
733,154
734,155
735,156
736,157
737,158
738,159
749,160
750,161
751,162
752,163
753,164
754,165
755,166
767,167
768,168
769,169
770,170
771,171
772,172
773,173
779,174
780,175
781,176
782,177
802,178
803,179
804,180
805,181
806,182
807,183
808,184
817,185
818,186
819,187
820,188
821,189
822,190
823,191
824,192
825,193
826,194
827,195
828,196
829,197
830,198
831,199
832,200
833,201
834,202
835,203
836,204
837,205
838,206
839,207
840,208
841,209
842,210
843,211
844,212
845,213
846,214
847,215
848,216
849,217
850,218
851,219
852,220
853,221
854,222
855,223
856,224
857,225
858,226
859,227
860,228
861,229
862,230
863,231
864,232
865,233
866,234
867,235
868,236
869,237
870,238
871,239
872,240
873,241
874,242
875,243
876,244
877,245
878,246
879,247
880,248
881,249
882,250
883,251
884,252
885,253
886,254
887,255
888,256
889,257
890,258
891,259
892,260
893,261
894,262
895,263
896,264
897,265
898,266
899,267
900,268
901,269
902,270
903,271
904,272
905,273
906,274
907,275
908,276
909,277
910,278
911,279
912,280
913,281
914,282
915,283
916,284
917,285
918,286
919,287
920,288
921,289
922,290
923,291
924,292
925,293
926,294
927,295
928,296
929,297
930,298
931,299
932,300
933,301
934,302
935,303
936,304
937,305
938,306
939,307
940,308
941,309
942,310
943,311
944,312
945,313
946,314
947,315
948,316
949,317
950,318
951,319
952,320
953,321
954,322
955,323
956,324
957,325
958,326
959,327
960,328
961,329
962,330
963,331
964,332
965,333
966,334
967,335
968,336
969,337
970,338
971,339
972,340
973,341
974,342
975,343
976,344
977,345
978,346
979,347
980,348
981,349
982,350
983,351
984,352
985,353
986,354
987,355
988,356
989,357
990,358
991,359
992,360
993,361
994,362
995,363
996,364
997,365
998,366
999,367
1000,368
1001,369
1002,370
1003,371
1004,372
1005,373
1006,374
1007,375
1008,376
1009,377
1010,378
1011,379
1012,380
1013,381
1014,382
1015,383
1016,384
1017,385
1018,386
1019,387
1020,388
1021,389
1022,390
1023,391
1024,392
1025,393
1026,394
1027,395
1028,396
1029,397
1030,398
1031,399
1032,400
1033,401
1034,402
1035,403
1036,404
1037,405
1038,406
1039,407
1040,408
1041,409
1042,410
1043,411
1044,412
1045,413
1046,414
1047,415
1048,416
1049,417
1050,418
1051,419
1052,420
1053,421
1054,422
1055,423
1056,424
1057,425
1058,426
1059,427
1060,428
1061,429
1062,430
1063,431
1064,432
1065,433
1066,434
1067,435
1068,436
1069,437
1070,438
1071,439
1072,440
1073,441
1074,442
1075,443
1076,444
1077,445
1078,446
1079,447
1080,448
1081,449
1082,450
1083,451
1084,452
1085,453
1086,454
1087,455
1088,456
1089,457
1090,458
1091,459
1092,460
1093,461
1094,462
1095,463
1096,464
1097,465
1098,466
1099,467
1100,468
1101,469
1102,470
1103,471
1104,472
1105,473
1106,474
1107,475
1108,476
1109,477
1110,478
1111,479
1112,480
1113,481
1114,482
1115,483
1116,484
1117,485
1118,486
1119,487
1120,488
1121,489
1122,490
1123,491
1124,492
1125,493
1126,494
1127,495
1128,496
1129,497
1130,498
1131,499
1132,500
1133,501
1134,502
1135,503
1136,504
1137,505
1138,506
1139,507
1140,508
1141,509
1142,510
1143,511
1144,512
1145,513
1146,514
1147,515
1148,516
1149,517
1150,518
1151,519
1152,520
1153,521
1154,522
1155,523
1156,524
1157,525
1158,526
1159,527
1160,528
1161,529
1162,530
1163,531
1164,532
1165,533
1166,534
1167,535
1168,536
1169,537
1170,538
1171,539
1172,540
1173,541
1174,542
1175,543
1176,544
1177,545
1178,546
1179,547
1180,548
1181,549
1182,550
1183,551
1184,552
1185,553
1186,554
1187,555
1188,556
1189,557
1190,558
1191,559
1192,560
1193,561
1194,562
1195,563
1196,564
1197,565
1198,566
1199,567
1200,568
1201,569
1202,570
1203,571
1204,572
1205,573
1206,574
1207,575
1208,576
1209,577
1210,578
1211,579
1212,580
1213,581
1214,582
1215,583
1216,584
1217,585
1218,586
1219,587
1220,588
1221,589
1222,590
1223,591
1224,592
1225,593
1226,594
1227,595
1228,596
1229,597
1230,598
1231,599
1232,600
1233,601
1234,602
1235,603
1236,604
1237,605
1238,606
1239,607
1240,608
1241,609
1242,610
1243,611
1244,612
1245,613
1246,614
1247,615
1248,616
1249,617
1250,618
1251,619
1252,620
1253,621
1254,622
1255,623
1256,624
1257,625
1258,626
1259,627
1260,628
1261,629
1262,630
1263,631
1264,632
1265,633
1266,634
1267,635
1268,636
1269,637
1270,638
1271,639
1272,640
1273,641
1274,642
1275,643
1276,644
1277,645
1278,646
1279,647
1280,648
1281,649
1282,650
1283,651
1284,652
1285,653
1286,654
1287,655
1288,656
1289,657
1290,658
1291,659
1292,660
1293,661
1294,662
1295,663
1295,664
1295,665
1296,666
1297,667
1298,668
1299,669
1300,670
1300,671
1301,672
1302,673
1302,674
1303,675
1303,676
1304,677
1304,678
1305,679
1306,680
1307,681
1308,682
1308,683
1309,684
1309,685
1310,686
1311,687
1311,688
1312,689
1313,690
1314,691
1315,692
1316,693
1317,694
1318,695
1318,696
1319,697
1319,698
1319,699
1320,700
1321,701
1322,702
1323,703
1323,704
1323,705
1324,706
1325,707
1325,708
1326,709
1327,710
1327,711
1328,712
1329,713
1329,714
1330,715
1331,716
1332,717
1333,718
1334,719
1334,720
1334,721
1335,722
1335,723
1336,724
1337,725
1338,726
1339,727
1340,728
1341,729
1342,730
1343,731
1344,732
1345,733
1346,734
1347,735
1347,736
1348,737
1348,738
1349,739
1350,740
1351,741
1352,742
1353,743
1354,744
1355,745
1355,746
1355,747
1356,748
1357,749
1357,750
1357,751
1358,752
1359,753
1360,754
1360,755
1361,756
1362,757
1362,758
1363,759
1364,760
1364,761
1365,762
1366,763
1367,764
1368,765
1368,766
1368,767
1369,768
1370,769
1371,770
1372,771
1372,772
1373,773
1374,774
1375,775
1375,776
1376,777
1376,778
1377,779
1378,780
1378,781
1379,782
1380,783
1380,784
1381,785
1382,786
1383,787
1384,788
1384,789
1385,790
1386,791
1387,792
1387,793
1388,794
1389,795
1390,796
1391,797
1392,798
1393,799
1393,800
1394,801
1395,802
1395,803
1396,804
1397,805
1398,806
1399,807
1399,808
1400,809
1401,810
1401,811
1401,812
1402,813
1403,814
1403,815
1404,816
1404,817
1405,818
1406,819
1406,820
1407,821
1407,822
1408,823
1408,824
1409,825
1410,826
1411,827
1412,828
1413,829
1414,830
1415,831
1416,832
1417,833
1418,834
1419,835
1419,836
1420,837
1421,838
1422,839
1423,840
1424,841
1425,842
1426,843
1426,844
1426,845
1427,846
1428,847
1428,848
1428,849
1429,850
1430,851
1431,852
1432,853
1433,854
1434,855
1434,856
1434,857
1435,858
1436,859
1437,860
1438,861
1438,862
1438,863
1439,864
1440,865
1441,866
1441,867
1442,868
1442,869
1443,870
1443,871
1444,872
1445,873
1446,874
1447,875
1448,876
1448,877
1448,878
1449,879
1450,880
1451,881
1451,882
1452,883
1452,884
1453,885
1454,886
1454,887
1454,888
1455,889
1455,890
1456,891
1456,892
1457,893
1458,894
1459,895
1460,896
1461,897
1461,898
1461,899
1462,900
1463,901
1464,902
1465,903
1466,904
1467,905
1468,906
1469,907
1470,908
1471,909
1472,910
1473,911
1474,912
1474,913
1475,914
1475,915
1475,916
1476,917
1477,918
1478,919
1479,920
1479,921
1480,922
1480,923
1480,924
1481,925
1482,926
1483,927
1484,928
1485,929
1486,930
1487,931
1487,932
1488,933
1489,934
1490,935
1491,936
1492,937
1493,938
1494,939
1495,940
1495,941
1496,942
1497,943
1498,944
1499,945
1500,946
1501,947
1502,948
1502,949
1502,950
1503,951
1504,952
1505,953
1506,954
1506,955
1506,956
1507,957
1508,958
1509,959
1510,960
1511,961
1512,962
1513,963
1513,964
1514,965
1515,966
1516,967
1516,968
1517,969
1518,970
1519,971
1520,972
1521,973
1522,974
1523,975
1524,976
1525,977
1525,978
1526,979
1526,980
1526,981
1527,982
1528,983
1529,984
1529,985
1530,986
1531,987
1532,988
1532,989
1532,990
1533,991
1534,992
1535,993
1536,994
1537,995
1538,996
1538,997
1538,998
1539,999
1539,1000
1540,1001
1541,1002
1542,1003
1543,1004
1543,1005
1543,1006
1544,1007
1545,1008
1546,1009
1547,1010
1548,1011
1549,1012
1549,1013
1550,1014
1551,1015
1552,1016
1553,1017
1554,1018
1555,1019
1556,1020
1557,1021
1557,1022
1557,1023
1558,1024
1559,1025
1560,1026
1561,1027
1561,1028
1562,1029
1563,1030
1564,1031
1565,1032
1566,1033
1567,1034
1567,1035
1568,1036
1569,1037
1569,1038
1569,1039
1570,1040
1571,1041
1572,1042
1572,1043
1573,1044
1574,1045
1575,1046
1576,1047
1577,1048
1578,1049
1579,1050
1580,1051
1581,1052
1582,1053
1582,1054
1583,1055
1583,1056
1583,1057
1584,1058
1585,1059
1586,1060
1587,1061
1587,1062
1588,1063
1589,1064
1590,1065
1591,1066
1592,1067
1593,1068
1594,1069
1595,1070
1596,1071
1596,1072
1597,1073
1597,1074
1598,1075
1598,1076
1599,1077
1599,1078
1600,1079
1601,1080
1601,1081
1602,1082
1603,1083
1604,1084
1605,1085
1606,1086
1607,1087
1607,1088
1608,1089
1609,1090
1610,1091
1611,1092
1612,1093
1613,1094
1613,1095
1614,1096
1615,1097
1616,1098
1616,1099
1617,1100
1618,1101
1619,1102
1619,1103
1619,1104
1620,1105
1621,1106
1621,1107
1621,1108
1622,1109
1623,1110
1624,1111
1625,1112
1626,1113
1627,1114
1628,1115
1629,1116
1629,1117
1630,1118
1631,1119
1632,1120
1633,1121
1633,1122
1634,1123
1634,1124
1634,1125
1635,1126
1636,1127
1637,1128
1638,1129
1638,1130
1639,1131
1640,1132
1640,1133
1640,1134
1641,1135
1642,1136
1643,1137
1644,1138
1645,1139
1646,1140
1647,1141
1648,1142
1648,1143
1649,1144
1650,1145
1651,1146
1652,1147
1652,1148
1653,1149
1653,1150
1654,1151
1655,1152
1655,1153
1656,1154
1657,1155
1657,1156
1658,1157
1659,1158
1659,1159
1660,1160
1661,1161
1662,1162
1663,1163
1664,1164
1665,1165
1666,1166
1666,1167
1667,1168
1668,1169
1669,1170
1670,1171
1670,1172
1671,1173
1672,1174
1673,1175
1674,1176
1675,1177
1676,1178
1676,1179
1677,1180
1677,1181
1677,1182
1678,1183
1679,1184
1680,1185
1680,1186
1681,1187
1682,1188
1683,1189
1684,1190
1685,1191
1686,1192
1686,1193
1687,1194
1687,1195
1688,1196
1689,1197
1689,1198
1690,1199
1691,1200
1692,1201
1693,1202
1694,1203
1695,1204
1696,1205
1696,1206
1696,1207
1697,1208
1698,1209
1698,1210
1698,1211
1699,1212
1700,1213
1700,1214
1700,1215
1701,1216
1702,1217
1702,1218
1703,1219
1703,1220
1703,1221
1704,1222
1705,1223
1706,1224
1707,1225
1708,1226
1709,1227
1710,1228
1710,1229
1710,1230
1711,1231
1712,1232
1713,1233
1713,1234
1713,1235
1714,1236
1714,1237
1714,1238
1715,1239
1715,1240
1716,1241
1717,1242
1717,1243
1718,1244
1719,1245
1720,1246
1720,1247
1721,1248
1721,1249
1721,1250
1722,1251
1723,1252
1724,1253
1724,1254
1725,1255
1726,1256
1727,1257
1728,1258
1729,1259
1730,1260
1731,1261
1731,1262
1731,1263
1732,1264
1733,1265
1734,1266
1734,1267
1734,1268
1735,1269
1736,1270
1737,1271
1738,1272
1739,1273
1740,1274
1741,1275
1742,1276
1743,1277
1744,1278
1745,1279
1746,1280
1747,1281
1747,1282
1748,1283
1749,1284
1749,1285
1750,1286
1750,1287
1751,1288
1752,1289
1753,1290
1754,1291
1755,1292
1756,1293
1757,1294
1757,1295
1757,1296
1758,1297
1758,1298
1759,1299
1759,1300
1760,1301
1761,1302
1762,1303
1762,1304
1763,1305
1764,1306
1765,1307
1766,1308
1766,1309
1767,1310
1767,1311
1768,1312
1768,1313
1768,1314
1769,1315
1770,1316
1771,1317
1772,1318
1773,1319
1774,1320
1775,1321
1776,1322
1777,1323
1778,1324
1779,1325
1780,1326
1781,1327
1782,1328
1782,1329
1782,1330
1783,1331
1784,1332
1785,1333
1786,1334
1787,1335
1788,1336
1788,1337
1789,1338
1789,1339
1789,1340
1790,1341
1791,1342
1792,1343
1792,1344
1792,1345
1793,1346
1794,1347
1795,1348
1795,1349
1796,1350
1796,1351
1797,1352
1797,1353
1797,1354
1798,1355
1799,1356
1800,1357
1801,1358
1801,1359
1802,1360
1803,1361
1804,1362
1805,1363
1806,1364
1807,1365
1807,1366
1808,1367
1809,1368
1810,1369
1811,1370
1812,1371
1812,1372
1813,1373
1814,1374
1814,1375
1815,1376
1816,1377
1816,1378
1817,1379
1817,1380
1818,1381
1819,1382
1819,1383
1820,1384
1820,1385
1821,1386
1822,1387
1822,1388
1823,1389
1823,1390
1824,1391
1824,1392
1824,1393
1825,1394
1825,1395
1826,1396
1826,1397
1827,1398
1828,1399
1829,1400
1830,1401
1830,1402
1830,1403
1831,1404
1832,1405
1832,1406
1832,1407
1833,1408
1834,1409
1835,1410
1836,1411
1837,1412
1837,1413
1838,1414
1839,1415
1840,1416
1841,1417
1842,1418
1842,1419
1842,1420
1843,1421
1844,1422
1845,1423
1846,1424
1847,1425
1848,1426
1849,1427
1850,1428
1851,1429
1852,1430
1853,1431
1853,1432
1854,1433
1855,1434
1856,1435
1857,1436
1858,1437
1859,1438
1860,1439
1860,1440
1861,1441
1862,1442
1863,1443
1864,1444
1864,1445
1865,1446
1866,1447
1867,1448
1868,1449
1869,1450
1870,1451
1870,1452
1871,1453
1872,1454
1873,1455
1873,1456
1874,1457
1875,1458
1876,1459
1876,1460
1877,1461
1877,1462
1877,1463
1878,1464
1879,1465
1880,1466
1881,1467
1881,1468
1882,1469
1882,1470
1883,1471
1883,1472
1884,1473
1884,1474
1884,1475
1885,1476
1886,1477
1887,1478
1888,1479
1888,1480
1889,1481
1890,1482
1891,1483
1892,1484
1893,1485
1894,1486
1894,1487
1895,1488
1895,1489
1896,1490
1897,1491
1898,1492
1899,1493
1899,1494
1900,1495
1901,1496
1901,1497
1902,1498
1903,1499
1904,1500
1905,1501
1906,1502
1907,1503
1907,1504
1908,1505
1908,1506
1908,1507
1909,1508
1910,1509
1911,1510
1912,1511
1913,1512
1914,1513
1914,1514
1915,1515
1915,1516
1916,1517
1916,1518
1916,1519
1917,1520
1918,1521
1919,1522
1919,1523
1919,1524
1920,1525
1921,1526
1922,1527
1923,1528
1923,1529
1924,1530
1924,1531
1924,1532
1925,1533
1926,1534
1926,1535
1927,1536
1927,1537
1928,1538
1929,1539
1930,1540
1931,1541
1931,1542
1932,1543
1933,1544
1933,1545
1934,1546
1935,1547
1936,1548
1937,1549
1937,1550
1937,1551
1938,1552
1938,1553
1938,1554
1939,1555
1939,1556
1939,1557
1940,1558
1941,1559
1941,1560
1941,1561
1942,1562
1943,1563
1944,1564
1945,1565
1945,1566
1946,1567
1946,1568
1947,1569
1948,1570
1949,1571
1950,1572
1951,1573
1952,1574
1952,1575
1953,1576
1954,1577
1954,1578
1954,1579
1955,1580
1956,1581
1957,1582
1957,1583
1958,1584
1959,1585
1960,1586
1961,1587
1962,1588
1963,1589
1964,1590
1965,1591
1966,1592
1967,1593
1968,1594
1969,1595
1970,1596
1970,1597
1971,1598
1971,1599
1972,1600
1972,1601
1973,1602
1974,1603
1974,1604
1975,1605
1976,1606
1977,1607
1977,1608
1978,1609
1979,1610
1980,1611
1980,1612
1980,1613
1981,1614
1982,1615
1983,1616
1984,1617
1985,1618
1986,1619
1987,1620
1988,1621
1989,1622
1990,1623
1990,1624
1991,1625
1992,1626
1992,1627
1993,1628
1994,1629
1995,1630
1996,1631
1996,1632
1997,1633
1997,1634
1997,1635
1998,1636
1999,1637
2000,1638
2001,1639
2002,1640
2003,1641
2004,1642
2005,1643
2006,1644
2007,1645
2007,1646
2008,1647
2008,1648
2008,1649
2009,1650
2009,1651
2010,1652
2011,1653
2011,1654
2012,1655
2013,1656
2014,1657
2015,1658
2015,1659
2016,1660
2017,1661
2018,1662
2019,1663
2020,1664
2020,1665
2021,1666
2022,1667
2023,1668
2024,1669
2025,1670
2025,1671
2026,1672
2027,1673
2028,1674
2028,1675
2029,1676
2030,1677
2031,1678
2032,1679
2033,1680
2034,1681
2035,1682
2036,1683
2036,1684
2037,1685
2037,1686
2038,1687
2039,1688
2039,1689
2039,1690
2040,1691
2040,1692
2041,1693
2042,1694
2043,1695
2044,1696
2044,1697
2045,1698
2046,1699
2047,1700
2048,1701
2049,1702
2050,1703
2051,1704
2052,1705
2053,1706
2054,1707
2054,1708
2055,1709
2056,1710
2057,1711
2057,1712
2058,1713
2059,1714
2060,1715
2060,1716
2060,1717
2061,1718
2062,1719
2063,1720
2063,1721
2064,1722
2065,1723
2066,1724
2066,1725
2067,1726
2068,1727
2069,1728
2070,1729
2071,1730
2072,1731
2073,1732
2074,1733
2075,1734
2076,1735
2077,1736
2077,1737
2077,1738
2078,1739
2079,1740
2080,1741
2081,1742
2082,1743
2082,1744
2082,1745
2083,1746
2084,1747
2084,1748
2084,1749
2085,1750
2085,1751
2086,1752
2087,1753
2088,1754
2088,1755
2089,1756
2089,1757
2090,1758
2091,1759
2091,1760
2091,1761
2092,1762
2093,1763
2094,1764
2094,1765
2095,1766
2096,1767
2097,1768
2097,1769
2098,1770
2098,1771
2099,1772
2100,1773
2101,1774
2102,1775
2102,1776
2103,1777
2104,1778
2104,1779
2104,1780
2105,1781
2106,1782
2106,1783
2106,1784
2107,1785
2108,1786
2108,1787
2109,1788
2110,1789
2111,1790
2112,1791
2112,1792
2113,1793
2114,1794
2115,1795
2116,1796
2117,1797
2118,1798
2118,1799
2119,1800
2120,1801
2121,1802
2121,1803
2121,1804
2122,1805
2123,1806
2123,1807
2123,1808
2124,1809
2125,1810
2126,1811
2127,1812
2128,1813
2128,1814
2129,1815
2130,1816
2131,1817
2132,1818
2133,1819
2134,1820
2135,1821
2136,1822
2136,1823
2137,1824
2138,1825
2139,1826
2140,1827
2140,1828
2141,1829
2142,1830
2143,1831
2144,1832
2145,1833
2146,1834
2147,1835
2148,1836
2148,1837
2149,1838
2150,1839
2151,1840
2151,1841
2152,1842
2153,1843
2153,1844
2153,1845
2154,1846
2154,1847
2155,1848
2155,1849
2155,1850
2156,1851
2156,1852
2156,1853
2157,1854
2158,1855
2159,1856
2160,1857
2160,1858
2160,1859
2161,1860
2162,1861
2163,1862
2163,1863
2164,1864
2164,1865
2165,1866
2166,1867
2167,1868
2168,1869
2168,1870
2169,1871
2170,1872
2170,1873
2170,1874
2171,1875
2171,1876
2172,1877
2172,1878
2173,1879
2174,1880
2175,1881
2176,1882
2176,1883
2177,1884
2178,1885
2179,1886
2180,1887
2181,1888
2182,1889
2182,1890
2183,1891
2184,1892
2185,1893
2185,1894
2186,1895
2187,1896
2188,1897
2188,1898
2189,1899
2190,1900
2191,1901
2191,1902
2191,1903
2192,1904
2193,1905
2194,1906
2195,1907
2196,1908
2197,1909
2198,1910
2198,1911
2199,1912
2199,1913
2199,1914
2200,1915
2200,1916
2200,1917
2201,1918
2201,1919
2202,1920
2202,1921
2203,1922
2203,1923
2204,1924
2205,1925
2205,1926
2205,1927
2206,1928
2207,1929
2207,1930
2207,1931
2208,1932
2209,1933
2210,1934
2210,1935
2210,1936
2211,1937
2211,1938
2212,1939
2213,1940
2214,1941
2214,1942
2215,1943
2216,1944
2216,1945
2216,1946
2217,1947
2218,1948
2218,1949
2218,1950
2219,1951
2219,1952
2220,1953
2221,1954
2222,1955
2223,1956
2224,1957
2225,1958
2226,1959
2227,1960
2228,1961
2229,1962
2230,1963
2231,1964
2231,1965
2232,1966
2233,1967
2233,1968
2233,1969
2234,1970
2235,1971
2235,1972
2236,1973
2237,1974
2238,1975
2239,1976
2240,1977
2241,1978
2242,1979
2242,1980
2242,1981
2243,1982
2244,1983
2245,1984
2245,1985
2246,1986
2247,1987
2247,1988
2248,1989
2249,1990
2250,1991
2251,1992
2252,1993
2253,1994
2254,1995
2255,1996
2256,1997
2256,1998
2257,1999
2257,2000
2258,2001
2258,2002
2258,2003
2259,2004
2260,2005
2261,2006
2261,2007
2262,2008
2262,2009
2263,2010
2264,2011
2265,2012
2266,2013
2267,2014
2268,2015
2268,2016
2269,2017
2269,2018
2270,2019
2271,2020
2271,2021
2272,2022
2272,2023
2272,2024
2273,2025
2274,2026
2275,2027
2276,2028
2277,2029
2278,2030
2279,2031
2279,2032
2279,2033
2280,2034
2281,2035
2282,2036
2283,2037
2283,2038
2284,2039
2284,2040
2285,2041
2285,2042
2286,2043
2287,2044
2287,2045
2288,2046
2289,2047
2290,2048
2290,2049
2291,2050
2291,2051
2292,2052
2293,2053
2294,2054
2294,2055
2294,2056
2295,2057
2296,2058
2296,2059
2297,2060
2298,2061
2299,2062
2299,2063
2300,2064
2300,2065
2301,2066
2302,2067
2303,2068
2304,2069
2304,2070
2305,2071
2305,2072
2306,2073
2306,2074
2306,2075
2307,2076
2308,2077
2309,2078
2310,2079
2311,2080
2312,2081
2312,2082
2312,2083
2313,2084
2314,2085
2314,2086
2314,2087
2315,2088
2316,2089
2316,2090
2316,2091
2317,2092
2317,2093
2317,2094
2318,2095
2318,2096
2318,2097
2319,2098
2320,2099
2320,2100
2320,2101
2321,2102
2322,2103
2323,2104
2324,2105
2324,2106
2324,2107
2325,2108
2325,2109
2325,2110
2326,2111
2327,2112
2328,2113
2329,2114
2330,2115
2331,2116
2332,2117
2333,2118
2334,2119
2335,2120
2335,2121
2336,2122
2337,2123
2338,2124
2339,2125
2340,2126
2341,2127
2342,2128
2343,2129
2344,2130
2344,2131
2344,2132
2345,2133
2346,2134
2346,2135
2347,2136
2347,2137
2347,2138
2348,2139
2348,2140
2349,2141
2350,2142
2350,2143
2351,2144
2352,2145
2353,2146
2354,2147
2354,2148
2355,2149
2356,2150
2357,2151
2358,2152
2359,2153
2359,2154
2360,2155
2360,2156
2361,2157
2361,2158
2362,2159
2362,2160
2362,2161
2363,2162
2363,2163
2364,2164
2364,2165
2365,2166
2365,2167
2366,2168
2367,2169
2368,2170
2369,2171
2370,2172
2371,2173
2372,2174
2372,2175
2373,2176
2374,2177
2375,2178
2375,2179
2376,2180
2377,2181
2377,2182
2378,2183
2378,2184
2379,2185
2380,2186
2381,2187
2382,2188
2383,2189
2384,2190
2385,2191
2385,2192
2386,2193
2387,2194
2387,2195
2388,2196
2388,2197
2389,2198
2390,2199
2391,2200
2392,2201
2393,2202
2393,2203
2394,2204
2395,2205
2395,2206
2395,2207
2396,2208
2397,2209
2397,2210
2398,2211
2399,2212
2400,2213
2401,2214
2402,2215
2403,2216
2403,2217
2404,2218
2404,2219
2405,2220
2406,2221
2407,2222
2408,2223
2408,2224
2409,2225
2409,2226
2410,2227
2411,2228
2412,2229
2413,2230
2413,2231
2414,2232
2414,2233
2414,2234
2415,2235
2416,2236
2416,2237
2417,2238
2418,2239
2419,2240
2419,2241
2420,2242
2421,2243
2422,2244
2423,2245
2424,2246
2425,2247
2426,2248
2427,2249
2428,2250
2429,2251
2429,2252
2429,2253
2430,2254
2431,2255
2432,2256
2432,2257
2433,2258
2434,2259
2435,2260
2436,2261
2436,2262
2437,2263
2437,2264
2438,2265
2438,2266
2438,2267
2439,2268
2439,2269
2440,2270
2441,2271
2442,2272
2442,2273
2442,2274
2443,2275
2444,2276
2445,2277
2446,2278
2447,2279
2448,2280
2448,2281
2449,2282
2450,2283
2451,2284
2452,2285
2453,2286
2454,2287
2454,2288
2454,2289
2455,2290
2456,2291
2457,2292
2457,2293
2458,2294
2459,2295
2459,2296
2459,2297
2460,2298
2460,2299
2461,2300
2462,2301
2463,2302
2463,2303
2464,2304
2464,2305
2464,2306
2465,2307
2466,2308
2466,2309
2467,2310
2467,2311
2468,2312
2468,2313
2469,2314
2469,2315
2470,2316
2471,2317
2472,2318
2472,2319
2473,2320
2474,2321
2474,2322
2475,2323
2476,2324
2477,2325
2478,2326
2479,2327
2479,2328
2479,2329
2480,2330
2481,2331
2482,2332
2482,2333
2483,2334
2484,2335
2485,2336
2485,2337
2486,2338
2487,2339
2488,2340
2489,2341
2490,2342
2491,2343
2491,2344
2492,2345
2492,2346
2493,2347
2493,2348
2494,2349
2494,2350
2494,2351
2495,2352
2496,2353
2496,2354
2496,2355
2497,2356
2497,2357
2498,2358
2499,2359
2500,2360
2501,2361
2502,2362
2503,2363
2504,2364
2505,2365
2506,2366
2506,2367
2506,2368
2507,2369
2507,2370
2507,2371
2508,2372
2508,2373
2509,2374
2510,2375
2511,2376
2511,2377
2512,2378
2513,2379
2513,2380
2513,2381
2514,2382
2515,2383
2516,2384
2517,2385
2518,2386
2518,2387
2519,2388
2520,2389
2521,2390
2522,2391
2522,2392
2523,2393
2524,2394
2524,2395
2524,2396
2525,2397
2526,2398
2526,2399
2527,2400
2527,2401
2527,2402
2528,2403
2529,2404
2530,2405
2531,2406
2532,2407
2533,2408
2534,2409
2535,2410
2535,2411
2536,2412
2537,2413
2538,2414
2539,2415
2540,2416
2541,2417
2542,2418
2542,2419
2543,2420
2544,2421
2545,2422
2546,2423
2547,2424
2548,2425
2549,2426
2549,2427
2550,2428
2551,2429
2551,2430
2552,2431
2553,2432
2554,2433
2555,2434
2556,2435
2557,2436
2558,2437
2558,2438
2559,2439
2559,2440
2559,2441
2560,2442
2561,2443
2562,2444
2563,2445
2563,2446
2564,2447
2565,2448
2566,2449
2567,2450
2567,2451
2568,2452
2569,2453
2570,2454
2571,2455
2572,2456
2572,2457
2572,2458
2573,2459
2574,2460
2575,2461
2576,2462
2577,2463
2578,2464
2579,2465
2579,2466
2580,2467
2580,2468
2581,2469
2582,2470
2583,2471
2583,2472
2584,2473
2585,2474
2585,2475
2586,2476
2587,2477
2587,2478
2587,2479
2588,2480
2589,2481
2590,2482
2590,2483
2590,2484
2591,2485
2592,2486
2593,2487
2594,2488
2594,2489
2595,2490
2595,2491
2596,2492
2597,2493
2598,2494
2599,2495
2599,2496
2600,2497
2601,2498
2601,2499
2601,2500
2602,2501
2603,2502
2604,2503
2605,2504
2605,2505
2606,2506
2607,2507
2607,2508
2608,2509
2609,2510
2609,2511
2609,2512
2610,2513
2611,2514
2612,2515
2613,2516
2614,2517
2614,2518
2615,2519
2616,2520
2617,2521
2618,2522
2618,2523
2619,2524
2620,2525
2621,2526
2622,2527
2622,2528
2623,2529
2623,2530
2624,2531
2625,2532
2626,2533
2626,2534
2627,2535
2627,2536
2627,2537
2628,2538
2629,2539
2629,2540
2630,2541
2630,2542
2630,2543
2631,2544
2631,2545
2631,2546
2632,2547
2632,2548
2633,2549
2634,2550
2635,2551
2636,2552
2637,2553
2638,2554
2638,2555
2638,2556
2639,2557
2639,2558
2640,2559
2641,2560
2642,2561
2643,2562
2644,2563
2644,2564
2645,2565
2646,2566
2647,2567
2648,2568
2648,2569
2648,2570
2649,2571
2649,2572
2649,2573
2650,2574
2650,2575
2651,2576
2652,2577
2652,2578
2652,2579
2653,2580
2654,2581
2654,2582
2654,2583
2655,2584
2655,2585
2655,2586
2656,2587
2656,2588
2656,2589
2657,2590
2658,2591
2659,2592
2659,2593
2659,2594
2660,2595
2660,2596
2661,2597
2662,2598
2662,2599
2663,2600
2664,2601
2665,2602
2666,2603
2667,2604
2668,2605
2669,2606
2670,2607
2670,2608
2670,2609
2671,2610
2672,2611
2673,2612
2674,2613
2675,2614
2676,2615
2676,2616
2676,2617
2677,2618
2678,2619
2679,2620
2680,2621
2680,2622
2681,2623
2682,2624
2683,2625
2684,2626
2685,2627
2686,2628
2687,2629
2688,2630
2689,2631
2690,2632
2690,2633
2690,2634
2691,2635
2691,2636
2691,2637
2692,2638
2692,2639
2693,2640
2694,2641
2695,2642
2696,2643
2696,2644
2697,2645
2698,2646
2698,2647
2698,2648
2699,2649
2700,2650
2701,2651
2702,2652
2703,2653
2703,2654
2704,2655
2705,2656
2705,2657
2706,2658
2707,2659
2708,2660
2709,2661
2710,2662
2711,2663
2712,2664
2713,2665
2714,2666
2715,2667
2716,2668
2717,2669
2718,2670
2719,2671
2719,2672
2719,2673
2720,2674
2721,2675
2722,2676
2723,2677
2724,2678
2725,2679
2726,2680
2726,2681
2726,2682
2727,2683
2728,2684
2728,2685
2728,2686
2729,2687
2730,2688
2731,2689
2732,2690
2733,2691
2734,2692
2735,2693
2736,2694
2736,2695
2737,2696
2737,2697
2737,2698
2738,2699
2738,2700
2739,2701
2740,2702
2741,2703
2741,2704
2741,2705
2742,2706
2742,2707
2743,2708
2744,2709
2744,2710
2744,2711
2745,2712
2745,2713
2746,2714
2747,2715
2747,2716
2748,2717
2749,2718
2749,2719
2750,2720
2751,2721
2751,2722
2752,2723
2752,2724
2753,2725
2754,2726
2754,2727
2755,2728
2756,2729
2757,2730
2758,2731
2759,2732
2760,2733
2761,2734
2761,2735
2762,2736
2762,2737
2763,2738
2764,2739
2765,2740
2765,2741
2766,2742
2767,2743
2767,2744
2768,2745
2768,2746
2769,2747
2770,2748
2771,2749
2772,2750
2773,2751
2774,2752
2774,2753
2774,2754
2775,2755
2776,2756
2776,2757
2777,2758
2778,2759
2779,2760
2780,2761
2781,2762
2782,2763
2782,2764
2783,2765
2783,2766
2784,2767
2785,2768
2786,2769
2787,2770
2788,2771
2789,2772
2790,2773
2790,2774
2791,2775
2791,2776
2791,2777
2792,2778
2793,2779
2794,2780
2795,2781
2796,2782
2797,2783
2797,2784
2798,2785
2799,2786
2799,2787
2800,2788
2800,2789
2800,2790
2801,2791
2801,2792
2802,2793
2802,2794
2803,2795
2804,2796
2805,2797
2805,2798
2806,2799
2807,2800
2808,2801
2808,2802
2809,2803
2810,2804
2811,2805
2812,2806
2813,2807
2814,2808
2815,2809
2816,2810
2816,2811
2816,2812
2817,2813
2817,2814
2817,2815
2818,2816
2819,2817
2819,2818
2820,2819
2821,2820
2821,2821
2822,2822
2823,2823
2824,2824
2825,2825
2826,2826
2827,2827
2827,2828
2828,2829
2828,2830
2829,2831
2829,2832
2830,2833
2831,2834
2832,2835
2833,2836
2834,2837
2835,2838
2835,2839
2835,2840
2836,2841
2836,2842
2836,2843
2837,2844
2838,2845
2839,2846
2840,2847
2840,2848
2841,2849
2842,2850
2843,2851
2844,2852
2845,2853
2846,2854
2847,2855
2847,2856
2848,2857
2848,2858
2848,2859
2849,2860
2850,2861
2850,2862
2851,2863
2851,2864
2852,2865
2853,2866
2853,2867
2853,2868
2854,2869
2854,2870
2855,2871
2856,2872
2857,2873
2858,2874
2858,2875
2859,2876
2860,2877
2861,2878
2862,2879
2863,2880
2864,2881
2864,2882
2864,2883
2865,2884
2866,2885
2867,2886
2868,2887
2868,2888
2868,2889
2869,2890
2869,2891
2870,2892
2870,2893
2871,2894
2872,2895
2872,2896
2873,2897
2874,2898
2875,2899
2876,2900
2877,2901
2878,2902
2879,2903
2879,2904
2880,2905
2880,2906
2881,2907
2881,2908
2882,2909
2883,2910
2884,2911
2884,2912
2884,2913
2885,2914
2885,2915
2885,2916
2886,2917
2886,2918
2887,2919
2888,2920
2889,2921
2889,2922
2890,2923
2890,2924
2891,2925
2892,2926
2893,2927
2894,2928
2894,2929
2895,2930
2895,2931
2895,2932
2896,2933
2897,2934
2897,2935
2897,2936
2898,2937
2899,2938
2899,2939
2900,2940
2901,2941
2902,2942
2902,2943
2903,2944
2904,2945
2904,2946
2904,2947
2905,2948
2906,2949
2907,2950
2907,2951
2908,2952
2908,2953
2908,2954
2909,2955
2909,2956
2909,2957
2910,2958
2911,2959
2912,2960
2912,2961
2913,2962
2914,2963
2915,2964
2916,2965
2917,2966
2918,2967
2918,2968
2919,2969
2920,2970
2921,2971
2921,2972
2922,2973
2923,2974
2924,2975
2924,2976
2924,2977
2925,2978
2926,2979
2927,2980
2928,2981
2928,2982
2929,2983
2930,2984
2931,2985
2931,2986
2932,2987
2933,2988
2934,2989
2935,2990
2935,2991
2935,2992
2936,2993
2936,2994
2937,2995
2938,2996
2938,2997
2939,2998
2939,2999
2939,3000
2940,3001
2940,3002
2941,3003
2942,3004
2943,3005
2944,3006
2945,3007
2946,3008
2947,3009
2948,3010
2949,3011
2950,3012
2950,3013
2950,3014
2951,3015
2951,3016
2951,3017
2952,3018
2953,3019
2954,3020
2955,3021
2956,3022
2957,3023
2958,3024
2959,3025
2960,3026
2960,3027
2961,3028
2961,3029
2961,3030
2962,3031
2962,3032
2963,3033
2963,3034
2963,3035
2964,3036
2964,3037
2965,3038
2966,3039
2967,3040
2968,3041
2968,3042
2968,3043
2969,3044
2970,3045
2970,3046
2971,3047
2972,3048
2973,3049
2974,3050
2974,3051
2975,3052
2975,3053
2976,3054
2976,3055
2976,3056
2977,3057
2978,3058
2979,3059
2979,3060
2980,3061
2981,3062
2982,3063
2983,3064
2984,3065
2985,3066
2985,3067
2985,3068
2986,3069
2987,3070
2987,3071
2987,3072
2988,3073
2988,3074
2989,3075
2990,3076
2990,3077
2991,3078
2992,3079
2993,3080
2993,3081
2993,3082
2994,3083
2994,3084
2995,3085
2995,3086
2996,3087
2997,3088
2997,3089
2997,3090
2998,3091
2999,3092
3000,3093
3001,3094
3002,3095
3003,3096
3004,3097
3005,3098
3005,3099
3005,3100
3006,3101
3006,3102
3007,3103
3007,3104
3008,3105
3009,3106
3010,3107
3010,3108
3011,3109
3011,3110
3012,3111
3013,3112
3013,3113
3014,3114
3015,3115
3015,3116
3015,3117
3016,3118
3017,3119
3018,3120
3018,3121
3018,3122
3019,3123
3020,3124
3020,3125
3021,3126
3022,3127
3023,3128
3023,3129
3024,3130
3025,3131
3026,3132
3026,3133
3027,3134
3028,3135
3029,3136
3029,3137
3029,3138
3030,3139
3030,3140
3031,3141
3032,3142
3033,3143
3034,3144
3035,3145
3035,3146
3035,3147
3036,3148
3036,3149
3037,3150
3038,3151
3038,3152
3039,3153
3040,3154
3041,3155
3042,3156
3043,3157
3044,3158
3044,3159
3045,3160
3046,3161
3047,3162
3048,3163
3048,3164
3048,3165
3049,3166
3050,3167
3051,3168
3051,3169
3052,3170
3053,3171
3054,3172
3054,3173
3055,3174
3056,3175
3057,3176
3057,3177
3058,3178
3059,3179
3059,3180
3060,3181
3060,3182
3060,3183
3061,3184
3062,3185
3062,3186
3063,3187
3064,3188
3065,3189
3066,3190
3067,3191
3068,3192
3069,3193
3070,3194
3071,3195
3071,3196
3071,3197
3072,3198
3072,3199
3072,3200
3073,3201
3074,3202
3075,3203
3075,3204
3076,3205
3077,3206
3077,3207
3078,3208
3078,3209
3079,3210
3080,3211
3081,3212
3082,3213
3082,3214
3083,3215
3084,3216
3085,3217
3086,3218
3087,3219
3088,3220
3088,3221
3088,3222
3089,3223
3090,3224
3091,3225
3092,3226
3093,3227
3093,3228
3094,3229
3094,3230
3094,3231
3095,3232
3096,3233
3097,3234
3097,3235
3097,3236
3098,3237
3099,3238
3100,3239
3100,3240
3101,3241
3102,3242
3102,3243
3103,3244
3104,3245
3105,3246
3105,3247
3106,3248
3106,3249
3106,3250
3107,3251
3108,3252
3109,3253
3110,3254
3111,3255
3112,3256
3113,3257
3113,3258
3114,3259
3115,3260
3115,3261
3115,3262
3116,3263
3117,3264
3117,3265
3117,3266
3118,3267
3119,3268
3120,3269
3121,3270
3122,3271
3122,3272
3123,3273
3123,3274
3124,3275
3125,3276
3126,3277
3127,3278
3128,3279
3128,3280
3129,3281
3130,3282
3130,3283
3130,3284
3131,3285
3132,3286
3133,3287
3133,3288
3134,3289
3135,3290
3135,3291
3136,3292
3137,3293
3137,3294
3138,3295
3139,3296
3140,3297
3141,3298
3142,3299
3142,3300
3142,3301
3143,3302
3143,3303
3143,3304
3144,3305
3144,3306
3144,3307
3145,3308
3145,3309
3145,3310
3146,3311
3146,3312
3146,3313
3147,3314
3147,3315
3147,3316
3148,3317
3148,3318
3149,3319
3150,3320
3150,3321
3150,3322
3151,3323
3151,3324
3152,3325
3153,3326
3154,3327
3155,3328
3156,3329
3157,3330
3158,3331
3159,3332
3160,3333
3161,3334
3162,3335
3163,3336
3164,3337
3165,3338
3166,3339
3167,3340
3167,3341
3168,3342
3169,3343
3169,3344
3169,3345
3170,3346
3171,3347
3172,3348
3173,3349
3174,3350
3175,3351
3176,3352
3177,3353
3178,3354
3178,3355
3179,3356
3180,3357
3181,3358
3182,3359
3182,3360
3182,3361
3183,3362
3184,3363
3184,3364
3185,3365
3185,3366
3186,3367
3187,3368
3187,3369
3187,3370
3188,3371
3188,3372
3188,3373
3189,3374
3189,3375
3189,3376
3190,3377
3191,3378
3192,3379
3193,3380
3194,3381
3195,3382
3196,3383
3196,3384
3197,3385
3198,3386
3199,3387
3200,3388
3200,3389
3200,3390
3201,3391
3202,3392
3203,3393
3204,3394
3204,3395
3205,3396
3206,3397
3207,3398
3208,3399
3208,3400
3209,3401
3210,3402
3211,3403
3212,3404
3212,3405
3212,3406
3213,3407
3214,3408
3214,3409
3215,3410
3216,3411
3217,3412
3218,3413
3218,3414
3218,3415
3219,3416
3220,3417
3220,3418
3221,3419
3221,3420
3222,3421
3223,3422
3224,3423
3225,3424
3226,3425
3227,3426
3227,3427
3228,3428
3229,3429
3229,3430
3230,3431
3231,3432
3231,3433
3231,3434
3232,3435
3233,3436
3234,3437
3235,3438
3235,3439
3236,3440
3236,3441
3237,3442
3237,3443
3238,3444
3239,3445
3240,3446
3241,3447
3241,3448
3241,3449
3242,3450
3243,3451
3244,3452
3244,3453
3245,3454
3245,3455
3246,3456
3247,3457
3248,3458
3249,3459
3250,3460
3250,3461
3251,3462
3251,3463
3251,3464
3252,3465
3252,3466
3253,3467
3254,3468
3255,3469
3256,3470
3257,3471
3258,3472
3259,3473
3260,3474
3260,3475
3261,3476
3261,3477
3262,3478
3263,3479
3263,3480
3264,3481
3264,3482
3264,3483
3265,3484
3266,3485
3267,3486
3268,3487
3268,3488
3269,3489
3270,3490
3271,3491
3272,3492
3273,3493
3273,3494
3274,3495
3275,3496
3276,3497
3277,3498
3277,3499
3278,3500
3279,3501
3279,3502
3280,3503
3281,3504
3282,3505
3283,3506
3283,3507
3284,3508
3285,3509
3286,3510
3287,3511
3288,3512
3289,3513
3290,3514
3291,3515
3292,3516
3293,3517
3294,3518
3295,3519
3295,3520
3296,3521
3296,3522
3297,3523
3298,3524
3298,3525
3299,3526
3299,3527
3300,3528
3301,3529
3301,3530
3302,3531
3303,3532
3303,3533
3303,3534
3304,3535
3305,3536
3306,3537
3307,3538
3307,3539
3308,3540
3309,3541
3310,3542
3311,3543
3312,3544
3313,3545
3313,3546
3314,3547
3315,3548
3315,3549
3315,3550
3316,3551
3317,3552
3318,3553
3319,3554
3320,3555
3320,3556
3320,3557
3321,3558
3321,3559
3321,3560
3322,3561
3323,3562
3324,3563
3324,3564
3324,3565
3325,3566
3326,3567
3326,3568
3327,3569
3328,3570
3329,3571
3330,3572
3331,3573
3332,3574
3333,3575
3334,3576
3334,3577
3335,3578
3336,3579
3337,3580
3338,3581
3339,3582
3339,3583
3339,3584
3340,3585
3341,3586
3342,3587
3343,3588
3343,3589
3344,3590
3344,3591
3345,3592
3346,3593
3346,3594
3346,3595
3347,3596
3348,3597
3348,3598
3349,3599
3349,3600
3349,3601
3350,3602
3351,3603
3351,3604
3352,3605
3353,3606
3354,3607
3355,3608
3356,3609
3357,3610
3358,3611
3359,3612
3360,3613
3361,3614
3362,3615
3362,3616
3363,3617
3364,3618
3365,3619
3366,3620
3366,3621
3366,3622
3367,3623
3368,3624
3368,3625
3369,3626
3370,3627
3370,3628
3370,3629
3371,3630
3372,3631
3373,3632
3374,3633
3375,3634
3375,3635
3375,3636
3376,3637
3376,3638
3377,3639
3377,3640
3377,3641
3378,3642
3379,3643
3380,3644
3381,3645
3381,3646
3381,3647
3382,3648
3382,3649
3382,3650
3383,3651
3383,3652
3384,3653
3384,3654
3385,3655
3385,3656
3385,3657
3386,3658
3387,3659
3388,3660
3389,3661
3390,3662
3391,3663
3392,3664
3392,3665
3393,3666
3393,3667
3394,3668
3395,3669
3396,3670
3397,3671
3397,3672
3398,3673
3399,3674
3400,3675
3400,3676
3401,3677
3402,3678
3403,3679
3404,3680
3405,3681
3405,3682
3405,3683
3406,3684
3407,3685
3408,3686
3409,3687
3409,3688
3410,3689
3410,3690
3411,3691
3412,3692
3413,3693
3414,3694
3415,3695
3416,3696
3417,3697
3418,3698
3418,3699
3419,3700
3420,3701
3421,3702
3422,3703
3423,3704
3424,3705
3425,3706
3426,3707
3427,3708
3428,3709
3429,3710
3430,3711
3431,3712
3432,3713
3433,3714
3434,3715
3434,3716
3435,3717
3436,3718
3436,3719
3437,3720
3438,3721
3439,3722
3440,3723
3441,3724
3442,3725
3443,3726
3444,3727
3445,3728
3446,3729
3447,3730
3448,3731
3448,3732
3448,3733
3449,3734
3450,3735
3450,3736
3451,3737
3452,3738
3452,3739
3453,3740
3454,3741
3454,3742
3455,3743
3456,3744
3457,3745
3457,3746
3457,3747
3458,3748
3459,3749
3460,3750
3461,3751
3462,3752
3463,3753
3464,3754
3464,3755
3464,3756
3465,3757
3466,3758
3467,3759
3467,3760
3468,3761
3468,3762
3469,3763
3469,3764
3470,3765
3471,3766
3471,3767
3471,3768
3472,3769
3473,3770
3474,3771
3474,3772
3475,3773
3475,3774
3475,3775
3476,3776
3477,3777
3478,3778
3479,3779
3480,3780
3480,3781
3481,3782
3482,3783
3483,3784
3483,3785
3484,3786
3485,3787
3485,3788
3485,3789
3486,3790
3486,3791
3487,3792
3488,3793
3489,3794
3489,3795
3490,3796
3491,3797
3492,3798
3493,3799
3494,3800
3495,3801
3495,3802
3495,3803
3496,3804
3497,3805
3498,3806
3498,3807
3499,3808
3500,3809
3501,3810
3501,3811
3502,3812
3503,3813
3504,3814
3505,3815
3506,3816
3506,3817
3507,3818
3507,3819
3508,3820
3508,3821
3509,3822
3510,3823
3510,3824
3511,3825
3512,3826
3513,3827
3514,3828
3515,3829
3516,3830
3517,3831
3518,3832
3519,3833
3520,3834
3521,3835
3521,3836
3522,3837
3522,3838
3523,3839
3523,3840
3524,3841
3525,3842
3526,3843
3526,3844
3526,3845
3527,3846
3527,3847
3528,3848
3529,3849
3530,3850
3531,3851
3531,3852
3531,3853
3532,3854
3533,3855
3533,3856
3534,3857
3534,3858
3535,3859
3536,3860
3537,3861
3538,3862
3538,3863
3539,3864
3540,3865
3541,3866
3542,3867
3543,3868
3544,3869
3544,3870
3545,3871
3545,3872
3546,3873
3547,3874
3547,3875
3547,3876
3548,3877
3548,3878
3548,3879
3549,3880
3549,3881
3550,3882
3551,3883
3552,3884
3553,3885
3554,3886
3555,3887
3556,3888
3557,3889
3558,3890
3558,3891
3558,3892
3559,3893
3560,3894
3561,3895
3562,3896
3563,3897
3564,3898
3565,3899
3565,3900
3566,3901
3566,3902
3566,3903
3567,3904
3568,3905
3569,3906
3570,3907
3570,3908
3570,3909
3571,3910
3572,3911
3573,3912
3574,3913
3575,3914
3576,3915
3577,3916
3578,3917
3579,3918
3579,3919
3579,3920
3580,3921
3580,3922
3580,3923
3581,3924
3582,3925
3583,3926
3584,3927
3584,3928
3584,3929
3585,3930
3585,3931
3585,3932
3586,3933
3587,3934
3588,3935
3589,3936
3590,3937
3591,3938
3592,3939
3593,3940
3593,3941
3594,3942
3595,3943
3596,3944
3597,3945
3598,3946
3599,3947
3600,3948
3601,3949
3602,3950
3602,3951
3603,3952
3604,3953
3605,3954
3606,3955
3607,3956
3608,3957
3609,3958
3610,3959
3611,3960
3611,3961
3611,3962
3612,3963
3613,3964
3614,3965
3615,3966
3616,3967
3616,3968
3617,3969
3618,3970
3619,3971
3620,3972
3621,3973
3622,3974
3622,3975
3623,3976
3624,3977
3625,3978
3626,3979
3626,3980
3627,3981
3627,3982
3628,3983
3629,3984
3629,3985
3630,3986
3631,3987
3632,3988
3632,3989
3633,3990
3633,3991
3633,3992
3634,3993
3635,3994
3636,3995
3636,3996
3637,3997
3637,3998
3638,3999
3639,4000
3639,4001
3639,4002
3640,4003
3641,4004
3642,4005
3643,4006
3644,4007
3645,4008
3645,4009
3645,4010
3646,4011
3646,4012
3647,4013
3647,4014
3648,4015
3648,4016
3648,4017
3649,4018
3650,4019
3651,4020
3651,4021
3652,4022
3652,4023
3652,4024
3653,4025
3654,4026
3655,4027
3655,4028
3656,4029
3657,4030
3658,4031
3659,4032
3660,4033
3660,4034
3661,4035
3662,4036
3663,4037
3664,4038
3664,4039
3664,4040
3665,4041
3666,4042
3667,4043
3668,4044
3669,4045
3669,4046
3669,4047
3670,4048
3670,4049
3671,4050
3671,4051
3672,4052
3673,4053
3674,4054
3675,4055
3676,4056
3676,4057
3676,4058
3677,4059
3678,4060
3679,4061
3680,4062
3680,4063
3681,4064
3682,4065
3683,4066
3683,4067
3684,4068
3685,4069
3686,4070
3687,4071
3688,4072
3689,4073
3690,4074
3690,4075
3690,4076
3691,4077
3692,4078
3692,4079
3692,4080
3693,4081
3694,4082
3695,4083
3696,4084
3697,4085
3698,4086
3699,4087
3700,4088
3700,4089
3701,4090
3701,4091
3701,4092
3702,4093
3703,4094
3704,4095
3705,4096
3706,4097
3707,4098
3707,4099
3708,4100
3709,4101
3709,4102
3710,4103
3710,4104
3711,4105
3712,4106
3713,4107
3713,4108
3713,4109
3714,4110
3715,4111
3716,4112
3717,4113
3717,4114
3718,4115
3719,4116
3719,4117
3720,4118
3721,4119
3722,4120
3723,4121
3724,4122
3725,4123
3725,4124
3725,4125
3726,4126
3727,4127
3728,4128
3729,4129
3730,4130
3731,4131
3732,4132
3732,4133
3733,4134
3734,4135
3735,4136
3736,4137
3736,4138
3737,4139
3738,4140
3738,4141
3738,4142
3739,4143
3740,4144
3741,4145
3742,4146
3742,4147
3743,4148
3743,4149
3743,4150
3744,4151
3745,4152
3746,4153
3747,4154
3748,4155
3748,4156
3748,4157
3749,4158
3750,4159
3751,4160
3751,4161
3752,4162
3753,4163
3754,4164
3755,4165
3755,4166
3755,4167
3756,4168
3757,4169
3758,4170
3759,4171
3759,4172
3760,4173
3761,4174
3761,4175
3761,4176
3762,4177
3762,4178
3763,4179
3764,4180
3764,4181
3764,4182
3765,4183
3766,4184
3767,4185
3768,4186
3769,4187
3770,4188
3771,4189
3772,4190
3773,4191
3773,4192
3773,4193
3774,4194
3775,4195
3776,4196
3776,4197
3777,4198
3778,4199
3778,4200
3778,4201
3779,4202
3779,4203
3780,4204
3781,4205
3781,4206
3782,4207
3783,4208
3783,4209
3783,4210
3784,4211
3785,4212
3786,4213
3786,4214
3787,4215
3788,4216
3789,4217
3790,4218
3791,4219
3792,4220
3792,4221
3793,4222
3793,4223
3794,4224
3795,4225
3796,4226
3797,4227
3798,4228
3798,4229
3798,4230
3799,4231
3800,4232
3801,4233
3802,4234
3802,4235
3802,4236
3803,4237
3803,4238
3804,4239
3804,4240
3804,4241
3805,4242
3806,4243
3807,4244
3808,4245
3809,4246
3809,4247
3809,4248
3810,4249
3811,4250
3812,4251
3813,4252
3814,4253
3814,4254
3815,4255
3816,4256
3816,4257
3817,4258
3818,4259
3819,4260
3820,4261
3821,4262
3822,4263
3823,4264
3823,4265
3823,4266
3824,4267
3825,4268
3826,4269
3827,4270
3828,4271
3829,4272
3830,4273
3830,4274
3831,4275
3832,4276
3833,4277
3834,4278
3835,4279
3836,4280
3837,4281
3838,4282
3839,4283
3839,4284
3840,4285
3841,4286
3842,4287
3843,4288
3843,4289
3843,4290
3844,4291
3845,4292
3846,4293
3847,4294
3848,4295
3849,4296
3850,4297
3850,4298
3851,4299
3852,4300
3853,4301
3854,4302
3854,4303
3854,4304
3855,4305
3855,4306
3855,4307
3856,4308
3857,4309
3857,4310
3858,4311
3859,4312
3859,4313
3859,4314
3860,4315
3861,4316
3861,4317
3861,4318
3862,4319
3863,4320
3864,4321
3865,4322
3866,4323
3867,4324
3868,4325
3868,4326
3869,4327
3869,4328
3870,4329
3870,4330
3870,4331
3871,4332
3872,4333
3873,4334
3873,4335
3873,4336
3874,4337
3875,4338
3875,4339
3875,4340
3876,4341
3877,4342
3878,4343
3879,4344
3880,4345
3881,4346
3882,4347
3883,4348
3883,4349
3883,4350
3884,4351
3885,4352
3886,4353
3887,4354
3888,4355
3888,4356
3888,4357
3889,4358
3890,4359
3890,4360
3891,4361
3892,4362
3893,4363
3893,4364
3894,4365
3895,4366
3896,4367
3897,4368
3897,4369
3898,4370
3899,4371
3900,4372
3901,4373
3902,4374
3903,4375
3904,4376
3904,4377
3905,4378
3906,4379
3907,4380
3907,4381
3908,4382
3909,4383
3910,4384
3911,4385
3912,4386
3912,4387
3913,4388
3914,4389
3915,4390
3916,4391
3917,4392
3918,4393
3919,4394
3920,4395
3921,4396
3922,4397
3922,4398
3923,4399
3924,4400
3924,4401
3925,4402
3925,4403
3926,4404
3927,4405
3928,4406
3929,4407
3930,4408
3930,4409
3931,4410
3932,4411
3933,4412
3933,4413
3934,4414
3934,4415
3935,4416
3936,4417
3937,4418
3938,4419
3939,4420
3940,4421
3941,4422
3942,4423
3943,4424
3944,4425
3945,4426
3946,4427
3947,4428
3948,4429
3949,4430
3949,4431
3950,4432
3950,4433
3951,4434
3952,4435
3953,4436
3953,4437
3954,4438
3955,4439
3955,4440
3956,4441
3957,4442
3958,4443
3959,4444
3960,4445
3961,4446
3961,4447
3962,4448
3963,4449
3964,4450
3964,4451
3964,4452
3965,4453
3966,4454
3966,4455
3966,4456
3967,4457
3968,4458
3969,4459
3969,4460
3970,4461
3971,4462
3972,4463
3973,4464
3973,4465
3974,4466
3974,4467
3975,4468
3976,4469
3977,4470
3978,4471
3979,4472
3980,4473
3980,4474
3980,4475
3981,4476
3982,4477
3983,4478
3983,4479
3983,4480
3984,4481
3984,4482
3985,4483
3986,4484
3986,4485
3986,4486
3987,4487
3988,4488
3989,4489
3990,4490
3991,4491
3991,4492
3991,4493
3992,4494
3993,4495
3994,4496
3995,4497
3995,4498
3995,4499
3996,4500
3997,4501
3998,4502
3998,4503
3999,4504
4000,4505
4000,4506
4001,4507
4002,4508
4003,4509
4004,4510
4005,4511
4006,4512
4007,4513
4008,4514
4008,4515
4008,4516
4009,4517
4009,4518
4010,4519
4011,4520
4012,4521
4012,4522
4012,4523
4013,4524
4013,4525
4013,4526
4014,4527
4015,4528
4016,4529
4017,4530
4018,4531
4019,4532
4020,4533
4021,4534
4022,4535
4023,4536
4024,4537
4025,4538
4025,4539
4026,4540
4027,4541
4028,4542
4029,4543
4029,4544
4029,4545
4030,4546
4031,4547
4031,4548
4032,4549
4032,4550
4032,4551
4033,4552
4034,4553
4035,4554
4036,4555
4037,4556
4038,4557
4039,4558
4040,4559
4040,4560
4040,4561
4041,4562
4042,4563
4042,4564
4042,4565
4043,4566
4044,4567
4045,4568
4046,4569
4046,4570
4047,4571
4047,4572
4048,4573
4049,4574
4050,4575
4051,4576
4051,4577
4052,4578
4052,4579
4052,4580
4053,4581
4053,4582
4053,4583
4054,4584
4054,4585
4054,4586
4055,4587
4056,4588
4057,4589
4057,4590
4057,4591
4058,4592
4059,4593
4060,4594
4061,4595
4061,4596
4061,4597
4062,4598
4063,4599
4064,4600
4064,4601
4064,4602
4065,4603
4065,4604
4066,4605
4067,4606
4068,4607
4069,4608
4069,4609
4069,4610
4070,4611
4071,4612
4071,4613
4071,4614
4072,4615
4073,4616
4074,4617
4075,4618
4076,4619
4077,4620
4078,4621
4079,4622
4080,4623
4080,4624
4081,4625
4082,4626
4082,4627
4083,4628
4084,4629
4085,4630
4086,4631
4086,4632
4087,4633
4087,4634
4088,4635
4089,4636
4090,4637
4090,4638
4091,4639
4092,4640
4093,4641
4093,4642
4094,4643
4095,4644
4095,4645
4096,4646
4097,4647
4097,4648
4097,4649
4098,4650
4098,4651
4099,4652
4100,4653
4100,4654
4101,4655
4102,4656
4103,4657
4103,4658
4104,4659
4105,4660
4106,4661
4107,4662
4107,4663
4108,4664
4108,4665
4109,4666
4110,4667
4110,4668
4111,4669
4112,4670
4113,4671
4114,4672
4115,4673
4116,4674
4117,4675
4118,4676
4119,4677
4119,4678
4120,4679
4121,4680
4122,4681
4123,4682
4123,4683
4123,4684
4124,4685
4125,4686
4126,4687
4127,4688
4127,4689
4127,4690
4128,4691
4128,4692
4129,4693
4130,4694
4130,4695
4131,4696
4132,4697
4132,4698
4133,4699
4134,4700
4134,4701
4134,4702
4135,4703
4136,4704
4136,4705
4137,4706
4138,4707
4139,4708
4140,4709
4141,4710
4142,4711
4142,4712
4142,4713
4143,4714
4144,4715
4144,4716
4144,4717
4145,4718
4146,4719
4147,4720
4148,4721
4149,4722
4149,4723
4150,4724
4151,4725
4152,4726
4153,4727
4154,4728
4154,4729
4155,4730
4156,4731
4157,4732
4158,4733
4158,4734
4159,4735
4160,4736
4161,4737
4162,4738
4163,4739
4163,4740
4163,4741
4164,4742
4165,4743
4165,4744
4165,4745
4166,4746
4167,4747
4168,4748
4169,4749
4169,4750
4170,4751
4170,4752
4171,4753
4172,4754
4173,4755
4174,4756
4175,4757
4176,4758
4177,4759
4178,4760
4179,4761
4180,4762
4181,4763
4182,4764
4183,4765
4184,4766
4185,4767
4186,4768
4187,4769
4187,4770
4187,4771
4188,4772
4189,4773
4189,4774
4189,4775
4190,4776
4191,4777
4192,4778
4193,4779
4194,4780
4195,4781
4196,4782
4197,4783
4198,4784
4198,4785
4199,4786
4199,4787
4199,4788
4200,4789
4201,4790
4202,4791
4203,4792
4204,4793
4205,4794
4206,4795
4207,4796
4208,4797
4209,4798
4210,4799
4211,4800
4212,4801
4212,4802
4213,4803
4213,4804
4214,4805
4214,4806
4215,4807
4216,4808
4217,4809
4218,4810
4219,4811
4219,4812
4219,4813
4220,4814
4221,4815
4222,4816
4223,4817
4224,4818
4225,4819
4226,4820
4227,4821
4228,4822
4229,4823
4229,4824
4229,4825
4230,4826
4231,4827
4232,4828
4232,4829
4233,4830
4234,4831
4235,4832
4236,4833
4237,4834
4237,4835
4238,4836
4239,4837
4239,4838
4240,4839
4241,4840
4242,4841
4242,4842
4243,4843
4244,4844
4244,4845
4245,4846
4246,4847
4247,4848
4248,4849
4248,4850
4249,4851
4249,4852
4249,4853
4250,4854
4251,4855
4252,4856
4253,4857
4253,4858
4253,4859
4254,4860
4255,4861
4256,4862
4256,4863
4257,4864
4258,4865
4258,4866
4258,4867
4259,4868
4260,4869
4261,4870
4262,4871
4262,4872
4263,4873
4264,4874
4265,4875
4266,4876
4267,4877
4267,4878
4268,4879
4268,4880
4269,4881
4270,4882
4270,4883
4271,4884
4271,4885
4272,4886
4273,4887
4274,4888
4274,4889
4275,4890
4275,4891
4276,4892
4277,4893
4278,4894
4279,4895
4280,4896
4281,4897
4281,4898
4281,4899
4282,4900
4283,4901
4284,4902
4284,4903
4284,4904
4285,4905
4286,4906
4287,4907
4287,4908
4288,4909
4289,4910
4289,4911
4290,4912
4291,4913
4291,4914
4292,4915
4293,4916
4294,4917
4295,4918
4296,4919
4297,4920
4298,4921
4299,4922
4299,4923
4299,4924
4300,4925
4300,4926
4301,4927
4301,4928
4301,4929
4302,4930
4302,4931
4303,4932
4304,4933
4305,4934
4305,4935
4305,4936
4306,4937
4306,4938
4307,4939
4307,4940
4308,4941
4309,4942
4310,4943
4311,4944
4312,4945
4312,4946
4313,4947
4313,4948
4314,4949
4315,4950
4316,4951
4316,4952
4317,4953
4318,4954
4318,4955
4319,4956
4320,4957
4321,4958
4322,4959
4323,4960
4324,4961
4325,4962
4326,4963
4327,4964
4328,4965
4329,4966
4329,4967
4329,4968
4330,4969
4331,4970
4331,4971
4332,4972
4333,4973
4334,4974
4334,4975
4335,4976
4336,4977
4336,4978
4336,4979
4337,4980
4338,4981
4339,4982
4339,4983
4340,4984
4341,4985
4342,4986
4342,4987
4343,4988
4344,4989
4344,4990
4345,4991
4345,4992
4345,4993
4346,4994
4347,4995
4348,4996
4349,4997
4350,4998
4350,4999
4351,5000
4352,5001
4353,5002
4354,5003
4355,5004
4356,5005
4357,5006
4357,5007
4357,5008
4358,5009
4358,5010
4358,5011
4359,5012
4360,5013
4361,5014
4361,5015
4362,5016
4363,5017
4364,5018
4364,5019
4365,5020
4366,5021
4367,5022
4368,5023
4368,5024
4368,5025
4369,5026
4370,5027
4370,5028
4370,5029
4371,5030
4372,5031
4373,5032
4373,5033
4374,5034
4375,5035
4376,5036
4376,5037
4376,5038
4377,5039
4378,5040
4379,5041
4379,5042
4380,5043
4381,5044
4382,5045
4383,5046
4384,5047
4385,5048
4385,5049
4385,5050
4386,5051
4386,5052
4386,5053
4387,5054
4388,5055
4388,5056
4389,5057
4390,5058
4391,5059
4392,5060
4392,5061
4393,5062
4394,5063
4394,5064
4395,5065
4395,5066
4396,5067
4397,5068
4398,5069
4399,5070
4400,5071
4400,5072
4400,5073
4401,5074
4401,5075
4402,5076
4403,5077
4403,5078
4404,5079
4405,5080
4405,5081
4406,5082
4407,5083
4407,5084
4408,5085
4409,5086
4409,5087
4410,5088
4411,5089
4412,5090
4413,5091
4414,5092
4415,5093
4416,5094
4417,5095
4418,5096
4419,5097
4419,5098
4419,5099
4420,5100
4421,5101
4421,5102
4422,5103
4423,5104
4424,5105
4425,5106
4425,5107
4426,5108
4427,5109
4428,5110
4428,5111
4428,5112
4429,5113
4430,5114
4431,5115
4431,5116
4432,5117
4433,5118
4434,5119
4435,5120
4436,5121
4437,5122
4437,5123
4438,5124
4438,5125
4438,5126
4439,5127
4440,5128
4441,5129
4442,5130
4443,5131
4444,5132
4445,5133
4446,5134
4447,5135
4448,5136
4449,5137
4450,5138
4450,5139
4451,5140
4452,5141
4453,5142
4453,5143
4454,5144
4454,5145
4455,5146
4455,5147
4456,5148
4457,5149
4458,5150
4458,5151
4459,5152
4459,5153
4460,5154
4461,5155
4461,5156
4462,5157
4463,5158
4464,5159
4464,5160
4465,5161
4466,5162
4466,5163
4466,5164
4467,5165
4467,5166
4468,5167
4469,5168
4470,5169
4471,5170
4472,5171
4472,5172
4472,5173
4473,5174
4474,5175
4474,5176
4474,5177
4475,5178
4476,5179
4477,5180
4478,5181
4479,5182
4479,5183
4479,5184
4480,5185
4481,5186
4482,5187
4483,5188
4484,5189
4485,5190
4486,5191
4486,5192
4486,5193
4487,5194
4488,5195
4489,5196
4490,5197
4491,5198
4492,5199
4493,5200
4494,5201
4495,5202
4496,5203
4496,5204
4497,5205
4497,5206
4498,5207
4498,5208
4498,5209
4499,5210
4499,5211
4499,5212
4500,5213
4500,5214
4501,5215
4502,5216
4503,5217
4503,5218
4503,5219
4504,5220
4505,5221
4506,5222
4507,5223
4508,5224
4509,5225
4510,5226
4511,5227
4512,5228
4512,5229
4512,5230
4513,5231
4514,5232
4515,5233
4516,5234
4517,5235
4518,5236
4518,5237
4518,5238
4519,5239
4519,5240
4520,5241
4521,5242
4522,5243
4523,5244
4524,5245
4524,5246
4524,5247
4525,5248
4526,5249
4526,5250
4526,5251
4527,5252
4528,5253
4529,5254
4530,5255
4531,5256
4531,5257
4532,5258
4533,5259
4534,5260
4535,5261
4535,5262
4535,5263
4536,5264
4537,5265
4538,5266
4539,5267
4540,5268
4541,5269
4541,5270
4541,5271
4542,5272
4543,5273
4544,5274
4545,5275
4546,5276
4547,5277
4547,5278
4548,5279
4549,5280
4550,5281
4550,5282
4550,5283
4551,5284
4551,5285
4552,5286
4552,5287
4552,5288
4553,5289
4554,5290
4555,5291
4555,5292
4556,5293
4556,5294
4556,5295
4557,5296
4558,5297
4559,5298
4560,5299
4561,5300
4562,5301
4563,5302
4564,5303
4565,5304
4566,5305
4566,5306
4567,5307
4568,5308
4568,5309
4569,5310
4570,5311
4571,5312
4571,5313
4572,5314
4572,5315
4573,5316
4574,5317
4574,5318
4574,5319
4575,5320
4575,5321
4576,5322
4576,5323
4576,5324
4577,5325
4578,5326
4579,5327
4580,5328
4580,5329
4581,5330
4582,5331
4583,5332
4584,5333
4585,5334
4586,5335
4586,5336
4587,5337
4588,5338
4589,5339
4589,5340
4590,5341
4591,5342
4591,5343
4591,5344
4592,5345
4593,5346
4593,5347
4594,5348
4594,5349
4594,5350
4595,5351
4596,5352
4597,5353
4598,5354
4599,5355
4599,5356
4600,5357
4600,5358
4601,5359
4602,5360
4602,5361
4603,5362
4603,5363
4604,5364
4605,5365
4605,5366
4606,5367
4607,5368
4608,5369
4609,5370
4609,5371
4609,5372
4610,5373
4611,5374
4612,5375
4612,5376
4613,5377
4614,5378
4615,5379
4615,5380
4616,5381
4617,5382
4617,5383
4618,5384
4619,5385
4619,5386
4619,5387
4620,5388
4621,5389
4621,5390
4621,5391
4622,5392
4623,5393
4624,5394
4624,5395
4625,5396
4626,5397
4626,5398
4627,5399
4628,5400
4628,5401
4629,5402
4629,5403
4630,5404
4630,5405
4631,5406
4632,5407
4633,5408
4634,5409
4635,5410
4636,5411
4637,5412
4638,5413
4638,5414
4639,5415
4640,5416
4641,5417
4642,5418
4642,5419
4643,5420
4643,5421
4644,5422
4645,5423
4645,5424
4645,5425
4646,5426
4647,5427
4648,5428
4648,5429
4649,5430
4650,5431
4651,5432
4652,5433
4652,5434
4652,5435
4653,5436
4654,5437
4655,5438
4656,5439
4656,5440
4657,5441
4658,5442
4659,5443
4660,5444
4661,5445
4661,5446
4662,5447
4662,5448
4663,5449
4663,5450
4664,5451
4665,5452
4666,5453
4666,5454
4667,5455
4667,5456
4668,5457
4669,5458
4670,5459
4671,5460
4671,5461
4671,5462
4672,5463
4672,5464
4672,5465
4673,5466
4673,5467
4674,5468
4675,5469
4676,5470
4676,5471
4677,5472
4677,5473
4677,5474
4678,5475
4679,5476
4680,5477
4680,5478
4681,5479
4682,5480
4683,5481
4684,5482
4685,5483
4685,5484
4686,5485
4687,5486
4688,5487
4689,5488
4690,5489
4691,5490
4692,5491
4693,5492
4693,5493
4694,5494
4695,5495
4695,5496
4696,5497
4696,5498
4696,5499
4697,5500
4697,5501
4697,5502
4698,5503
4698,5504
4699,5505
4700,5506
4701,5507
4702,5508
4703,5509
4704,5510
4705,5511
4706,5512
4706,5513
4706,5514
4707,5515
4708,5516
4708,5517
4709,5518
4710,5519
4711,5520
4712,5521
4712,5522
4713,5523
4713,5524
4714,5525
4715,5526
4716,5527
4716,5528
4717,5529
4718,5530
4719,5531
4720,5532
4721,5533
4721,5534
4722,5535
4723,5536
4723,5537
4723,5538
4724,5539
4725,5540
4726,5541
4726,5542
4726,5543
4727,5544
4728,5545
4729,5546
4730,5547
4731,5548
4732,5549
4732,5550
4732,5551
4733,5552
4734,5553
4735,5554
4736,5555
4737,5556
4738,5557
4739,5558
4740,5559
4741,5560
4742,5561
4743,5562
4744,5563
4744,5564
4745,5565
4745,5566
4745,5567
4746,5568
4747,5569
4748,5570
4748,5571
4748,5572
4749,5573
4750,5574
4751,5575
4752,5576
4753,5577
4754,5578
4755,5579
4756,5580
4757,5581
4757,5582
4758,5583
4759,5584
4760,5585
4761,5586
4762,5587
4762,5588
4762,5589
4763,5590
4764,5591
4765,5592
4765,5593
4766,5594
4766,5595
4766,5596
4767,5597
4768,5598
4768,5599
4768,5600
4769,5601
4770,5602
4771,5603
4771,5604
4772,5605
4773,5606
4773,5607
4774,5608
4775,5609
4776,5610
4777,5611
4778,5612
4778,5613
4779,5614
4780,5615
4781,5616
4782,5617
4783,5618
4784,5619
4784,5620
4785,5621
4785,5622
4786,5623
4787,5624
4787,5625
4787,5626
4788,5627
4789,5628
4790,5629
4790,5630
4791,5631
4792,5632
4793,5633
4794,5634
4794,5635
4794,5636
4795,5637
4796,5638
4797,5639
4798,5640
4798,5641
4799,5642
4800,5643
4801,5644
4801,5645
4801,5646
4802,5647
4803,5648
4803,5649
4804,5650
4805,5651
4806,5652
4806,5653
4807,5654
4808,5655
4808,5656
4809,5657
4810,5658
4810,5659
4811,5660
4812,5661
4813,5662
4814,5663
4815,5664
4816,5665
4816,5666
4817,5667
4818,5668
4818,5669
4818,5670
4819,5671
4820,5672
4821,5673
4822,5674
4823,5675
4824,5676
4824,5677
4825,5678
4826,5679
4827,5680
4828,5681
4829,5682
4829,5683
4830,5684
4831,5685
4832,5686
4832,5687
4832,5688
4833,5689
4834,5690
4835,5691
4835,5692
4836,5693
4836,5694
4837,5695
4838,5696
4839,5697
4840,5698
4841,5699
4842,5700
4843,5701
4843,5702
4844,5703
4845,5704
4846,5705
4847,5706
4848,5707
4848,5708
4849,5709
4849,5710
4850,5711
4851,5712
4851,5713
4852,5714
4853,5715
4854,5716
4854,5717
4855,5718
4856,5719
4857,5720
4857,5721
4858,5722
4858,5723
4859,5724
4860,5725
4860,5726
4861,5727
4862,5728
4862,5729
4863,5730
4864,5731
4865,5732
4866,5733
4866,5734
4867,5735
4868,5736
4868,5737
4869,5738
4870,5739
4871,5740
4872,5741
4873,5742
4873,5743
4874,5744
4875,5745
4876,5746
4877,5747
4878,5748
4879,5749
4880,5750
4881,5751
4882,5752
4883,5753
4884,5754
4885,5755
4886,5756
4887,5757
4888,5758
4889,5759
4890,5760
4891,5761
4891,5762
4892,5763
4893,5764
4894,5765
4895,5766
4896,5767
4896,5768
4896,5769
4897,5770
4898,5771
4899,5772
4900,5773
4901,5774
4902,5775
4903,5776
4904,5777
4905,5778
4906,5779
4906,5780
4907,5781
4908,5782
4909,5783
4910,5784
4910,5785
4911,5786
4911,5787
4912,5788
4913,5789
4914,5790
4914,5791
4915,5792
4916,5793
4916,5794
4917,5795
4918,5796
4918,5797
4919,5798
4920,5799
4920,5800
4921,5801
4921,5802
4921,5803
4922,5804
4923,5805
4924,5806
4925,5807
4926,5808
4927,5809
4928,5810
4928,5811
4929,5812
4930,5813
4931,5814
4931,5815
4932,5816
4932,5817
4933,5818
4934,5819
4935,5820
4936,5821
4937,5822
4938,5823
4938,5824
4939,5825
4940,5826
4941,5827
4942,5828
4943,5829
4944,5830
4945,5831
4946,5832
4946,5833
4947,5834
4948,5835
4949,5836
4950,5837
4951,5838
4951,5839
4952,5840
4953,5841
4954,5842
4954,5843
4954,5844
4955,5845
4955,5846
4955,5847
4956,5848
4956,5849
4956,5850
4957,5851
4958,5852
4959,5853
4960,5854
4961,5855
4962,5856
4962,5857
4962,5858
4963,5859
4963,5860
4964,5861
4965,5862
4966,5863
4967,5864
4968,5865
4969,5866
4969,5867
4970,5868
4971,5869
4972,5870
4973,5871
4974,5872
4975,5873
4976,5874
4977,5875
4978,5876
4978,5877
4978,5878
4979,5879
4980,5880
4981,5881
4982,5882
4983,5883
4983,5884
4984,5885
4985,5886
4986,5887
4986,5888
4987,5889
4987,5890
4988,5891
4988,5892
4989,5893
4989,5894
4990,5895
4990,5896
4991,5897
4992,5898
4993,5899
4993,5900
4994,5901
4994,5902
4995,5903
4996,5904
4996,5905
4996,5906
4997,5907
4998,5908
4999,5909
5000,5910
5001,5911
5002,5912
5003,5913
5004,5914
5005,5915
5006,5916
5007,5917
5007,5918
5007,5919
5008,5920
5009,5921
5010,5922
5011,5923
5012,5924
5012,5925
5013,5926
5014,5927
5014,5928
5014,5929
5015,5930
5016,5931
5017,5932
5018,5933
5019,5934
5020,5935
5021,5936
5022,5937
5022,5938
5023,5939
5024,5940
5025,5941
5026,5942
5027,5943
5028,5944
5028,5945
5029,5946
5029,5947
5029,5948
5030,5949
5031,5950
5031,5951
5031,5952
5032,5953
5032,5954
5032,5955
5033,5956
5034,5957
5035,5958
5035,5959
5035,5960
5036,5961
5037,5962
5038,5963
5038,5964
5038,5965
5039,5966
5040,5967
5041,5968
5042,5969
5042,5970
5042,5971
5043,5972
5043,5973
5044,5974
5045,5975
5046,5976
5047,5977
5048,5978
5049,5979
5050,5980
5051,5981
5051,5982
5051,5983
5052,5984
5053,5985
5054,5986
5055,5987
5056,5988
5057,5989
5057,5990
5057,5991
5058,5992
5058,5993
5059,5994
5060,5995
5060,5996
5061,5997
5062,5998
5063,5999
5064,6000
5065,6001
5066,6002
5067,6003
5067,6004
5068,6005
5069,6006
5069,6007
5069,6008
5070,6009
5071,6010
5072,6011
5073,6012
5074,6013
5075,6014
5076,6015
5076,6016
5077,6017
5077,6018
5078,6019
5079,6020
5080,6021
5081,6022
5082,6023
5082,6024
5082,6025
5083,6026
5084,6027
5084,6028
5085,6029
5086,6030
5087,6031
5088,6032
5088,6033
5088,6034
5089,6035
5090,6036
5090,6037
5091,6038
5092,6039
5093,6040
5094,6041
5095,6042
5096,6043
5096,6044
5097,6045
5097,6046
5098,6047
5098,6048
5099,6049
5100,6050
5101,6051
5102,6052
5102,6053
5103,6054
5103,6055
5104,6056
5105,6057
5106,6058
5107,6059
5108,6060
5109,6061
5109,6062
5109,6063
5110,6064
5111,6065
5112,6066
5112,6067
5113,6068
5114,6069
5115,6070
5115,6071
5116,6072
5117,6073
5118,6074
5119,6075
5120,6076
5120,6077
5121,6078
5121,6079
5121,6080
5122,6081
5123,6082
5124,6083
5125,6084
5126,6085
5126,6086
5127,6087
5128,6088
5129,6089
5129,6090
5129,6091
5130,6092
5130,6093
5131,6094
5131,6095
5132,6096
5133,6097
5134,6098
5135,6099
5135,6100
5135,6101
5136,6102
5137,6103
5138,6104
5139,6105
5139,6106
5140,6107
5141,6108
5142,6109
5143,6110
5144,6111
5144,6112
5145,6113
5146,6114
5147,6115
5148,6116
5149,6117
5149,6118
5149,6119
5150,6120
5151,6121
5152,6122
5153,6123
5154,6124
5155,6125
5155,6126
5156,6127
5157,6128
5158,6129
5158,6130
5158,6131
5159,6132
5160,6133
5161,6134
5162,6135
5163,6136
5164,6137
5165,6138
5166,6139
5167,6140
5167,6141
5167,6142
5168,6143
5169,6144
5169,6145
5169,6146
5170,6147
5171,6148
5172,6149
5173,6150
5174,6151
5175,6152
5176,6153
5177,6154
5178,6155
5179,6156
5180,6157
5181,6158
5182,6159
5183,6160
5184,6161
5185,6162
5186,6163
5186,6164
5186,6165
5187,6166
5187,6167
5187,6168
5188,6169
5189,6170
5190,6171
5191,6172
5191,6173
5192,6174
5193,6175
5194,6176
5195,6177
5195,6178
5196,6179
5197,6180
5198,6181
5199,6182
5200,6183
5201,6184
5201,6185
5202,6186
5203,6187
5204,6188
5205,6189
5205,6190
5206,6191
5207,6192
5208,6193
5209,6194
5209,6195
5210,6196
5211,6197
5211,6198
5211,6199
5212,6200
5213,6201
5214,6202
5215,6203
5216,6204
5217,6205
5218,6206
5218,6207
5219,6208
5220,6209
5220,6210
5221,6211
5222,6212
5222,6213
5223,6214
5223,6215
5224,6216
5224,6217
5225,6218
5225,6219
5225,6220
5226,6221
5226,6222
5227,6223
5228,6224
5229,6225
5230,6226
5231,6227
5231,6228
5231,6229
5232,6230
5232,6231
5233,6232
5234,6233
5235,6234
5235,6235
5235,6236
5236,6237
5236,6238
5237,6239
5238,6240
5239,6241
5240,6242
5241,6243
5242,6244
5243,6245
5243,6246
5244,6247
5244,6248
5245,6249
5246,6250
5247,6251
5248,6252
5249,6253
5250,6254
5250,6255
5251,6256
5252,6257
5252,6258
5253,6259
5254,6260
5255,6261
5255,6262
5256,6263
5257,6264
5257,6265
5257,6266
5258,6267
5259,6268
5259,6269
5259,6270
5260,6271
5261,6272
5261,6273
5262,6274
5262,6275
5262,6276
5263,6277
5264,6278
5265,6279
5266,6280
5266,6281
5267,6282
5268,6283
5269,6284
5270,6285
5271,6286
5272,6287
5272,6288
5272,6289
5273,6290
5273,6291
5274,6292
5274,6293
5274,6294
5275,6295
5276,6296
5276,6297
5276,6298
5277,6299
5278,6300
5279,6301
5280,6302
5281,6303
5282,6304
5283,6305
5284,6306
5285,6307
5285,6308
5286,6309
5287,6310
5287,6311
5288,6312
5288,6313
5289,6314
5290,6315
5290,6316
5291,6317
5292,6318
5293,6319
5294,6320
5294,6321
5295,6322
5296,6323
5296,6324
5297,6325
5298,6326
5299,6327
5300,6328
5300,6329
5301,6330
5302,6331
5303,6332
5303,6333
5304,6334
5305,6335
5305,6336
5305,6337
5306,6338
5306,6339
5306,6340
5307,6341
5307,6342
5308,6343
5309,6344
5310,6345
5310,6346
5311,6347
5311,6348
5311,6349
5312,6350
5312,6351
5313,6352
5314,6353
5314,6354
5315,6355
5316,6356
5317,6357
5318,6358
5318,6359
5319,6360
5320,6361
5321,6362
5322,6363
5323,6364
5324,6365
5325,6366
5326,6367
5327,6368
5328,6369
5329,6370
5330,6371
5331,6372
5332,6373
5333,6374
5333,6375
5334,6376
5335,6377
5336,6378
5337,6379
5338,6380
5338,6381
5338,6382
5339,6383
5340,6384
5341,6385
5342,6386
5342,6387
5343,6388
5343,6389
5344,6390
5345,6391
5346,6392
5346,6393
5346,6394
5347,6395
5348,6396
5349,6397
5350,6398
5351,6399
5352,6400
5352,6401
5353,6402
5354,6403
5354,6404
5355,6405
5356,6406
5356,6407
5357,6408
5357,6409
5358,6410
5358,6411
5359,6412
5359,6413
5360,6414
5361,6415
5361,6416
5362,6417
5363,6418
5363,6419
5364,6420
5365,6421
5365,6422
5365,6423
5366,6424
5367,6425
5368,6426
5369,6427
5369,6428
5370,6429
5371,6430
5371,6431
5372,6432
5373,6433
5373,6434
5373,6435
5374,6436
5374,6437
5375,6438
5376,6439
5377,6440
5378,6441
5379,6442
5379,6443
5380,6444
5381,6445
5381,6446
5382,6447
5383,6448
5384,6449
5385,6450
5385,6451
5386,6452
5387,6453
5388,6454
5388,6455
5389,6456
5390,6457
5391,6458
5392,6459
5393,6460
5394,6461
5395,6462
5396,6463
5396,6464
5397,6465
5397,6466
5397,6467
5398,6468
5399,6469
5400,6470
5400,6471
5401,6472
5402,6473
5403,6474
5403,6475
5404,6476
5405,6477
5405,6478
5405,6479
5406,6480
5407,6481
5408,6482
5409,6483
5410,6484
5411,6485
5411,6486
5411,6487
5412,6488
5412,6489
5413,6490
5414,6491
5415,6492
5416,6493
5417,6494
5417,6495
5417,6496
5418,6497
5419,6498
5419,6499
5420,6500
5421,6501
5422,6502
5423,6503
5423,6504
5424,6505
5425,6506
5426,6507
5426,6508
5426,6509
5427,6510
5427,6511
5427,6512
5428,6513
5428,6514
5429,6515
5430,6516
5431,6517
5432,6518
5433,6519
5434,6520
5435,6521
5435,6522
5435,6523
5436,6524
5437,6525
5438,6526
5438,6527
5439,6528
5440,6529
5440,6530
5440,6531
5441,6532
5442,6533
5442,6534
5442,6535
5443,6536
5444,6537
5444,6538
5445,6539
5446,6540
5447,6541
5448,6542
5449,6543
5450,6544
5450,6545
5451,6546
5452,6547
5453,6548
5453,6549
5453,6550
5454,6551
5455,6552
5456,6553
5457,6554
5458,6555
5459,6556
5459,6557
5460,6558
5460,6559
5460,6560
5461,6561
5461,6562
5461,6563
5462,6564
5463,6565
5463,6566
5464,6567
5465,6568
5466,6569
5466,6570
5467,6571
5467,6572
5468,6573
5469,6574
5470,6575
5471,6576
5472,6577
5473,6578
5473,6579
5473,6580
5474,6581
5475,6582
5476,6583
5477,6584
5478,6585
5479,6586
5480,6587
5480,6588
5481,6589
5482,6590
5483,6591
5484,6592
5485,6593
5485,6594
5486,6595
5486,6596
5487,6597
5487,6598
5487,6599
5488,6600
5488,6601
5489,6602
5490,6603
5491,6604
5492,6605
5492,6606
5493,6607
5494,6608
5495,6609
5496,6610
5497,6611
5497,6612
5498,6613
5499,6614
5500,6615
5501,6616
5502,6617
5503,6618
5504,6619
5504,6620
5504,6621
5505,6622
5506,6623
5507,6624
5508,6625
5508,6626
5509,6627
5509,6628
5510,6629
5511,6630
5512,6631
5512,6632
5512,6633
5513,6634
5514,6635
5514,6636
5515,6637
5516,6638
5517,6639
5518,6640
5519,6641
5520,6642
5520,6643
5521,6644
5521,6645
5521,6646
5522,6647
5523,6648
5523,6649
5524,6650
5524,6651
5525,6652
5525,6653
5526,6654
5526,6655
5527,6656
5528,6657
5529,6658
5530,6659
5531,6660
5531,6661
5532,6662
5533,6663
5534,6664
5535,6665
5536,6666
5536,6667
5537,6668
5538,6669
5538,6670
5539,6671
5540,6672
5540,6673
5541,6674
5542,6675
5542,6676
5543,6677
5544,6678
5544,6679
5545,6680
5546,6681
5547,6682
5548,6683
5548,6684
5549,6685
5550,6686
5551,6687
5552,6688
5553,6689
5554,6690
5555,6691
5556,6692
5557,6693
5558,6694
5559,6695
5559,6696
5560,6697
5560,6698
5561,6699
5562,6700
5562,6701
5563,6702
5563,6703
5564,6704
5565,6705
5566,6706
5567,6707
5568,6708
5568,6709
5569,6710
5570,6711
5571,6712
5572,6713
5573,6714
5574,6715
5575,6716
5575,6717
5576,6718
5576,6719
5577,6720
5578,6721
5579,6722
5580,6723
5581,6724
5582,6725
5583,6726
5583,6727
5584,6728
5584,6729
5584,6730
5585,6731
5585,6732
5585,6733
5586,6734
5586,6735
5587,6736
5588,6737
5588,6738
5588,6739
5589,6740
5589,6741
5590,6742
5591,6743
5591,6744
5592,6745
5592,6746
5592,6747
5593,6748
5594,6749
5595,6750
5595,6751
5596,6752
5597,6753
5598,6754
5599,6755
5600,6756
5600,6757
5601,6758
5601,6759
5602,6760
5602,6761
5603,6762
5604,6763
5605,6764
5605,6765
5605,6766
5606,6767
5606,6768
5606,6769
5607,6770
5608,6771
5608,6772
5608,6773
5609,6774
5610,6775
5611,6776
5612,6777
5613,6778
5613,6779
5614,6780
5614,6781
5614,6782
5615,6783
5616,6784
5616,6785
5616,6786
5617,6787
5618,6788
5618,6789
5619,6790
5620,6791
5620,6792
5621,6793
5622,6794
5623,6795
5624,6796
5625,6797
5626,6798
5626,6799
5627,6800
5627,6801
5628,6802
5629,6803
5630,6804
5631,6805
5632,6806
5633,6807
5634,6808
5634,6809
5635,6810
5636,6811
5637,6812
5638,6813
5639,6814
5639,6815
5639,6816
5640,6817
5641,6818
5642,6819
5643,6820
5644,6821
5645,6822
5646,6823
5647,6824
5647,6825
5648,6826
5648,6827
5649,6828
5650,6829
5651,6830
5651,6831
5652,6832
5652,6833
5653,6834
5654,6835
5654,6836
5654,6837
5655,6838
5656,6839
5657,6840
5658,6841
5659,6842
5660,6843
5661,6844
5662,6845
5663,6846
5664,6847
5664,6848
5664,6849
5665,6850
5666,6851
5667,6852
5667,6853
5668,6854
5669,6855
5669,6856
5670,6857
5671,6858
5672,6859
5673,6860
5674,6861
5675,6862
5675,6863
5675,6864
5676,6865
5677,6866
5677,6867
5678,6868
5679,6869
5680,6870
5681,6871
5682,6872
5683,6873
5684,6874
5685,6875
5685,6876
5685,6877
5686,6878
5686,6879
5687,6880
5688,6881
5688,6882
5689,6883
5690,6884
5691,6885
5692,6886
5692,6887
5692,6888
5693,6889
5694,6890
5695,6891
5695,6892
5696,6893
5696,6894
5697,6895
5697,6896
5698,6897
5699,6898
5700,6899
5701,6900
5702,6901
5703,6902
5704,6903
5704,6904
5704,6905
5705,6906
5705,6907
5705,6908
5706,6909
5706,6910
5707,6911
5707,6912
5708,6913
5708,6914
5709,6915
5710,6916
5711,6917
5712,6918
5713,6919
5713,6920
5714,6921
5715,6922
5715,6923
5716,6924
5717,6925
5718,6926
5719,6927
5720,6928
5721,6929
5722,6930
5722,6931
5723,6932
5724,6933
5725,6934
5726,6935
5727,6936
5728,6937
5729,6938
5730,6939
5731,6940
5732,6941
5733,6942
5734,6943
5734,6944
5734,6945
5735,6946
5736,6947
5737,6948
5737,6949
5737,6950
5738,6951
5738,6952
5739,6953
5739,6954
5740,6955
5741,6956
5742,6957
5743,6958
5743,6959
5744,6960
5744,6961
5744,6962
5745,6963
5746,6964
5747,6965
5748,6966
5749,6967
5750,6968
5751,6969
5752,6970
5752,6971
5753,6972
5754,6973
5755,6974
5756,6975
5757,6976
5757,6977
5758,6978
5759,6979
5759,6980
5760,6981
5761,6982
5762,6983
5763,6984
5764,6985
5765,6986
5766,6987
5767,6988
5768,6989
5769,6990
5770,6991
5771,6992
5771,6993
5772,6994
5773,6995
5774,6996
5775,6997
5776,6998
5777,6999
5777,7000
5778,7001
5779,7002
5780,7003
5781,7004
5782,7005
5783,7006
5784,7007
5785,7008
5786,7009
5786,7010
5786,7011
5787,7012
5788,7013
5789,7014
5790,7015
5791,7016
5791,7017
5792,7018
5793,7019
5794,7020
5795,7021
5796,7022
5796,7023
5797,7024
5798,7025
5799,7026
5799,7027
5799,7028
5800,7029
5801,7030
5802,7031
5803,7032
5804,7033
5804,7034
5805,7035
5806,7036
5806,7037
5807,7038
5808,7039
5809,7040
5809,7041
5810,7042
5810,7043
5811,7044
5812,7045
5813,7046
5814,7047
5815,7048
5816,7049
5816,7050
5817,7051
5818,7052
5819,7053
5820,7054
5820,7055
5821,7056
5822,7057
5822,7058
5823,7059
5823,7060
5824,7061
5825,7062
5826,7063
5826,7064
5827,7065
5827,7066
5828,7067
5829,7068
5830,7069
5831,7070
5831,7071
5832,7072
5832,7073
5832,7074
5833,7075
5833,7076
5833,7077
5834,7078
5835,7079
5836,7080
5837,7081
5838,7082
5839,7083
5840,7084
5841,7085
5842,7086
5842,7087
5842,7088
5843,7089
5844,7090
5845,7091
5846,7092
5847,7093
5848,7094
5849,7095
5850,7096
5851,7097
5852,7098
5853,7099
5854,7100
5855,7101
5855,7102
5856,7103
5857,7104
5858,7105
5858,7106
5859,7107
5860,7108
5861,7109
5862,7110
5863,7111
5864,7112
5865,7113
5866,7114
5866,7115
5866,7116
5867,7117
5868,7118
5868,7119
5869,7120
5870,7121
5871,7122
5872,7123
5873,7124
5874,7125
5875,7126
5876,7127
5877,7128
5877,7129
5877,7130
5878,7131
5878,7132
5878,7133
5879,7134
5880,7135
5881,7136
5882,7137
5882,7138
5883,7139
5884,7140
5884,7141
5885,7142
5886,7143
5887,7144
5887,7145
5888,7146
5889,7147
5890,7148
5891,7149
5892,7150
5893,7151
5894,7152
5894,7153
5895,7154
5895,7155
5895,7156
5896,7157
5897,7158
5898,7159
5899,7160
5899,7161
5899,7162
5900,7163
5900,7164
5900,7165
5901,7166
5902,7167
5903,7168
5904,7169
5904,7170
5905,7171
5905,7172
5906,7173
5907,7174
5908,7175
5909,7176
5910,7177
5910,7178
5911,7179
5911,7180
5911,7181
5912,7182
5912,7183
5913,7184
5914,7185
5914,7186
5914,7187
5915,7188
5916,7189
5917,7190
5918,7191
5919,7192
5919,7193
5920,7194
5920,7195
5921,7196
5921,7197
5922,7198
5922,7199
5923,7200
5923,7201
5924,7202
5925,7203
5925,7204
5926,7205
5927,7206
5928,7207
5929,7208
5930,7209
5931,7210
5932,7211
5932,7212
5932,7213
5933,7214
5934,7215
5935,7216
5936,7217
5936,7218
5937,7219
5937,7220
5938,7221
5939,7222
5940,7223
5941,7224
5942,7225
5943,7226
5944,7227
5944,7228
5944,7229
5945,7230
5946,7231
5947,7232
5948,7233
5949,7234
5949,7235
5950,7236
5951,7237
5952,7238
5953,7239
5954,7240
5955,7241
5956,7242
5957,7243
5958,7244
5959,7245
5959,7246
5959,7247
5960,7248
5960,7249
5961,7250
5962,7251
5963,7252
5964,7253
5964,7254
5965,7255
5966,7256
5967,7257
5968,7258
5969,7259
5970,7260
5970,7261
5971,7262
5972,7263
5973,7264
5974,7265
5975,7266
5976,7267
5977,7268
5978,7269
5978,7270
5978,7271
5979,7272
5980,7273
5981,7274
5981,7275
5982,7276
5983,7277
5984,7278
5985,7279
5986,7280
5987,7281
5988,7282
5988,7283
5989,7284
5989,7285
5990,7286
5990,7287
5990,7288
5991,7289
5991,7290
5991,7291
5992,7292
5993,7293
5994,7294
5994,7295
5994,7296
5995,7297
5996,7298
5997,7299
5998,7300
5998,7301
5999,7302
6000,7303
6000,7304
6000,7305
6001,7306
6002,7307
6002,7308
6003,7309
6004,7310
6004,7311
6004,7312
6005,7313
6005,7314
6005,7315
6006,7316
6006,7317
6007,7318
6008,7319
6009,7320
6010,7321
6011,7322
6012,7323
6013,7324
6014,7325
6014,7326
6015,7327
6016,7328
6017,7329
6018,7330
6018,7331
6018,7332
6019,7333
6019,7334
6019,7335
6020,7336
6021,7337
6022,7338
6022,7339
6023,7340
6024,7341
6025,7342
6025,7343
6026,7344
6027,7345
6028,7346
6029,7347
6030,7348
6031,7349
6031,7350
6032,7351
6032,7352
6033,7353
6034,7354
6035,7355
6036,7356
6037,7357
6037,7358
6038,7359
6039,7360
6040,7361
6041,7362
6041,7363
6041,7364
6042,7365
6043,7366
6044,7367
6045,7368
6046,7369
6047,7370
6048,7371
6049,7372
6050,7373
6051,7374
6052,7375
6052,7376
6053,7377
6054,7378
6055,7379
6056,7380
6056,7381
6056,7382
6057,7383
6058,7384
6058,7385
6059,7386
6060,7387
6061,7388
6061,7389
6061,7390
6062,7391
6063,7392
6064,7393
6064,7394
6065,7395
6065,7396
6065,7397
6066,7398
6067,7399
6068,7400
6069,7401
6069,7402
6070,7403
6070,7404
6071,7405
6072,7406
6073,7407
6074,7408
6075,7409
6075,7410
6076,7411
6077,7412
6078,7413
6079,7414
6079,7415
6080,7416
6081,7417
6082,7418
6083,7419
6084,7420
6085,7421
6086,7422
6087,7423
6088,7424
6089,7425
6090,7426
6091,7427
6092,7428
6093,7429
6094,7430
6094,7431
6095,7432
6095,7433
6095,7434
6096,7435
6097,7436
6098,7437
6099,7438
6100,7439
6101,7440
6102,7441
6103,7442
6103,7443
6104,7444
6105,7445
6106,7446
6106,7447
6106,7448
6107,7449
6107,7450
6108,7451
6109,7452
6109,7453
6109,7454
6110,7455
6110,7456
6110,7457
6111,7458
6112,7459
6113,7460
6114,7461
6114,7462
6115,7463
6116,7464
6117,7465
6117,7466
6118,7467
6119,7468
6120,7469
6120,7470
6120,7471
6121,7472
6122,7473
6122,7474
6122,7475
6123,7476
6123,7477
6123,7478
6124,7479
6125,7480
6126,7481
6127,7482
6128,7483
6128,7484
6129,7485
6129,7486
6130,7487
6131,7488
6132,7489
6133,7490
6134,7491
6134,7492
6134,7493
6135,7494
6136,7495
6136,7496
6137,7497
6137,7498
6137,7499
6138,7500
6139,7501
6139,7502
6139,7503
6140,7504
6141,7505
6142,7506
6143,7507
6144,7508
6145,7509
6146,7510
6147,7511
6148,7512
6148,7513
6149,7514
6150,7515
6150,7516
6151,7517
6152,7518
6153,7519
6154,7520
6155,7521
6156,7522
6157,7523
6158,7524
6159,7525
6160,7526
6161,7527
6162,7528
6163,7529
6164,7530
6165,7531
6166,7532
6167,7533
6168,7534
6169,7535
6169,7536
6170,7537
6171,7538
6172,7539
6173,7540
6174,7541
6175,7542
6176,7543
6177,7544
6178,7545
6179,7546
6180,7547
6181,7548
6182,7549
6183,7550
6184,7551
6185,7552
6186,7553
6187,7554
6188,7555
6189,7556
6190,7557
6191,7558
6192,7559
6193,7560
6193,7561
6193,7562
6194,7563
6194,7564
6194,7565
6195,7566
6196,7567
6197,7568
6198,7569
6199,7570
6200,7571
6200,7572
6200,7573
6201,7574
6202,7575
6203,7576
6204,7577
6205,7578
6206,7579
6207,7580
6207,7581
6208,7582
6209,7583
6209,7584
6209,7585
6210,7586
6211,7587
6212,7588
6212,7589
6213,7590
6213,7591
6213,7592
6214,7593
6215,7594
6216,7595
6216,7596
6217,7597
6218,7598
6219,7599
6219,7600
6220,7601
6221,7602
6221,7603
6221,7604
6222,7605
6223,7606
6224,7607
6225,7608
6225,7609
6225,7610
6226,7611
6227,7612
6228,7613
6228,7614
6228,7615
6229,7616
6229,7617
6229,7618
6230,7619
6231,7620
6232,7621
6233,7622
6234,7623
6235,7624
6235,7625
6236,7626
6236,7627
6237,7628
6238,7629
6239,7630
6240,7631
6240,7632
6241,7633
6242,7634
6243,7635
6244,7636
6245,7637
6246,7638
6247,7639
6248,7640
6249,7641
6249,7642
6250,7643
6251,7644
6252,7645
6253,7646
6254,7647
6254,7648
6255,7649
6256,7650
6257,7651
6258,7652
6259,7653
6260,7654
6261,7655
6262,7656
6262,7657
6263,7658
6263,7659
6263,7660
6264,7661
6265,7662
6265,7663
6266,7664
6266,7665
6266,7666
6267,7667
6268,7668
6269,7669
6270,7670
6271,7671
6272,7672
6273,7673
6273,7674
6273,7675
6274,7676
6275,7677
6275,7678
6276,7679
6277,7680
6278,7681
6278,7682
6278,7683
6279,7684
6279,7685
6279,7686
6280,7687
6281,7688
6282,7689
6282,7690
6282,7691
6283,7692
6284,7693
6285,7694
6286,7695
6287,7696
6288,7697
6289,7698
6290,7699
6291,7700
6291,7701
6291,7702
6292,7703
6292,7704
6293,7705
6293,7706
6294,7707
6295,7708
6295,7709
6296,7710
6296,7711
6297,7712
6297,7713
6297,7714
6298,7715
6298,7716
6299,7717
6300,7718
6300,7719
6301,7720
6301,7721
6302,7722
6302,7723
6303,7724
6304,7725
6305,7726
6306,7727
6306,7728
6307,7729
6308,7730
6309,7731
6310,7732
6311,7733
6312,7734
6313,7735
6313,7736
6314,7737
6315,7738
6316,7739
6317,7740
6318,7741
6319,7742
6319,7743
6320,7744
6321,7745
6321,7746
6321,7747
6322,7748
6323,7749
6324,7750
6325,7751
6326,7752
6327,7753
6328,7754
6329,7755
6330,7756
6330,7757
6331,7758
6332,7759
6333,7760
6334,7761
6335,7762
6336,7763
6336,7764
6337,7765
6338,7766
6339,7767
6340,7768
6340,7769
6341,7770
6342,7771
6342,7772
6343,7773
6344,7774
6345,7775
6346,7776
6347,7777
6347,7778
6348,7779
6349,7780
6350,7781
6351,7782
6352,7783
6353,7784
6354,7785
6354,7786
6354,7787
6355,7788
6356,7789
6357,7790
6358,7791
6358,7792
6358,7793
6359,7794
6360,7795
6360,7796
6360,7797
6361,7798
6362,7799
6363,7800
6363,7801
6364,7802
6365,7803
6366,7804
6366,7805
6367,7806
6367,7807
6367,7808
6368,7809
6369,7810
6370,7811
6371,7812
6372,7813
6373,7814
6374,7815
6374,7816
6374,7817
6375,7818
6375,7819
6375,7820
6376,7821
6376,7822
6376,7823
6377,7824
6378,7825
6379,7826
6379,7827
6379,7828
6380,7829
6380,7830
6380,7831
6381,7832
6382,7833
6383,7834
6384,7835
6385,7836
6386,7837
6387,7838
6387,7839
6387,7840
6388,7841
6389,7842
6390,7843
6391,7844
6391,7845
6391,7846
6392,7847
6393,7848
6394,7849
6395,7850
6396,7851
6397,7852
6398,7853
6398,7854
6398,7855
6399,7856
6400,7857
6401,7858
6401,7859
6401,7860
6402,7861
6403,7862
6404,7863
6404,7864
6405,7865
6406,7866
6407,7867
6407,7868
6408,7869
6408,7870
6408,7871
6409,7872
6410,7873
6411,7874
6412,7875
6413,7876
6414,7877
6415,7878
6416,7879
6417,7880
6418,7881
6419,7882
6419,7883
6420,7884
6420,7885
6420,7886
6421,7887
6421,7888
6422,7889
6423,7890
6424,7891
6425,7892
6426,7893
6426,7894
6426,7895
6427,7896
6427,7897
6428,7898
6428,7899
6428,7900
6429,7901
6429,7902
6429,7903
6430,7904
6430,7905
6430,7906
6431,7907
6431,7908
6432,7909
6432,7910
6433,7911
6434,7912
6435,7913
6436,7914
6437,7915
6437,7916
6438,7917
6439,7918
6439,7919
6439,7920
6440,7921
6440,7922
6441,7923
6442,7924
6443,7925
6444,7926
6444,7927
6444,7928
6445,7929
6446,7930
6447,7931
6448,7932
6449,7933
6449,7934
6449,7935
6450,7936
6451,7937
6452,7938
6453,7939
6454,7940
6455,7941
6456,7942
6457,7943
6458,7944
6459,7945
6459,7946
6460,7947
6460,7948
6461,7949
6462,7950
6463,7951
6463,7952
6464,7953
6465,7954
6465,7955
6465,7956
6466,7957
6467,7958
6468,7959
6469,7960
6470,7961
6471,7962
6472,7963
6472,7964
6472,7965
6473,7966
6473,7967
6474,7968
6475,7969
6476,7970
6477,7971
6477,7972
6478,7973
6479,7974
6479,7975
6480,7976
6481,7977
6482,7978
6483,7979
6483,7980
6483,7981
6484,7982
6485,7983
6486,7984
6486,7985
6486,7986
6487,7987
6488,7988
6489,7989
6489,7990
6489,7991
6490,7992
6490,7993
6490,7994
6491,7995
6492,7996
6493,7997
6494,7998
6495,7999
6496,8000
6497,8001
6498,8002
6499,8003
6500,8004
6501,8005
6501,8006
6501,8007
6502,8008
6503,8009
6504,8010
6505,8011
6505,8012
6506,8013
6507,8014
6507,8015
6508,8016
6509,8017
6510,8018
6510,8019
6510,8020
6511,8021
6512,8022
6512,8023
6513,8024
6513,8025
6513,8026
6514,8027
6514,8028
6515,8029
6515,8030
6516,8031
6517,8032
6517,8033
6518,8034
6519,8035
6520,8036
6521,8037
6521,8038
6522,8039
6523,8040
6524,8041
6525,8042
6526,8043
6527,8044
6528,8045
6529,8046
6530,8047
6531,8048
6532,8049
6533,8050
6534,8051
6535,8052
6536,8053
6537,8054
6538,8055
6539,8056
6539,8057
6539,8058
6540,8059
6541,8060
6541,8061
6542,8062
6543,8063
6543,8064
6544,8065
6544,8066
6545,8067
6546,8068
6547,8069
6548,8070
6549,8071
6550,8072
6551,8073
6552,8074
6553,8075
6553,8076
6554,8077
6555,8078
6556,8079
6557,8080
6557,8081
6557,8082
6558,8083
6559,8084
6559,8085
6560,8086
6561,8087
6562,8088
6562,8089
6562,8090
6563,8091
6563,8092
6564,8093
6564,8094
6565,8095
6565,8096
6566,8097
6567,8098
6567,8099
6567,8100
6568,8101
6569,8102
6569,8103
6570,8104
6571,8105
6572,8106
6573,8107
6573,8108
6574,8109
6575,8110
6576,8111
6577,8112
6577,8113
6577,8114
6578,8115
6579,8116
6580,8117
6581,8118
6582,8119
6583,8120
6584,8121
6584,8122
6584,8123
6585,8124
6586,8125
6586,8126
6586,8127
6587,8128
6588,8129
6589,8130
6590,8131
6591,8132
6592,8133
6593,8134
6594,8135
6594,8136
6595,8137
6596,8138
6597,8139
6597,8140
6598,8141
6598,8142
6598,8143
6599,8144
6600,8145
6601,8146
6601,8147
6601,8148
6602,8149
6603,8150
6604,8151
6605,8152
6606,8153
6607,8154
6608,8155
6609,8156
6610,8157
6611,8158
6612,8159
6613,8160
6614,8161
6615,8162
6616,8163
6617,8164
6618,8165
6619,8166
6620,8167
6621,8168
6622,8169
6622,8170
6623,8171
6624,8172
6624,8173
6625,8174
6626,8175
6627,8176
6628,8177
6629,8178
6629,8179
6629,8180
6630,8181
6631,8182
6632,8183
6633,8184
6634,8185
6635,8186
6636,8187
6637,8188
6637,8189
6638,8190
6639,8191
6640,8192
6641,8193
6642,8194
6643,8195
6644,8196
6644,8197
6645,8198
6645,8199
6646,8200
6647,8201
6648,8202
6649,8203
6650,8204
6651,8205
6652,8206
6653,8207
6653,8208
6653,8209
6654,8210
6655,8211
6656,8212
6657,8213
6658,8214
6659,8215
6659,8216
6659,8217
6660,8218
6660,8219
6661,8220
6662,8221
6662,8222
6663,8223
6664,8224
6664,8225
6665,8226
6666,8227
6666,8228
6666,8229
6667,8230
6668,8231
6669,8232
6670,8233
6670,8234
6671,8235
6671,8236
6672,8237
6672,8238
6673,8239
6674,8240
6674,8241
6675,8242
6676,8243
6677,8244
6677,8245
6677,8246
6678,8247
6679,8248
6680,8249
6681,8250
6681,8251
6682,8252
6683,8253
6684,8254
6685,8255
6685,8256
6685,8257
6686,8258
6687,8259
6687,8260
6688,8261
6688,8262
6689,8263
6689,8264
6690,8265
6690,8266
6690,8267
6691,8268
6692,8269
6693,8270
6694,8271
6695,8272
6696,8273
6697,8274
6697,8275
6698,8276
6699,8277
6700,8278
6700,8279
6701,8280
6702,8281
6703,8282
6704,8283
6705,8284
6706,8285
6707,8286
6708,8287
6709,8288
6710,8289
6711,8290
6711,8291
6711,8292
6712,8293
6713,8294
6713,8295
6714,8296
6715,8297
6716,8298
6717,8299
6718,8300
6719,8301
6720,8302
6721,8303
6722,8304
6723,8305
6724,8306
6725,8307
6726,8308
6726,8309
6726,8310
6727,8311
6728,8312
6729,8313
6730,8314
6731,8315
6732,8316
6733,8317
6734,8318
6735,8319
6736,8320
6736,8321
6737,8322
6738,8323
6739,8324
6740,8325
6741,8326
6741,8327
6742,8328
6742,8329
6743,8330
6744,8331
6745,8332
6745,8333
6745,8334
6746,8335
6747,8336
6747,8337
6748,8338
6748,8339
6748,8340
6749,8341
6750,8342
6751,8343
6751,8344
6752,8345
6752,8346
6752,8347
6753,8348
6754,8349
6755,8350
6755,8351
6756,8352
6757,8353
6757,8354
6758,8355
6759,8356
6760,8357
6761,8358
6762,8359
6763,8360
6763,8361
6764,8362
6765,8363
6765,8364
6765,8365
6766,8366
6767,8367
6768,8368
6769,8369
6770,8370
6771,8371
6772,8372
6773,8373
6774,8374
6775,8375
6776,8376
6776,8377
6776,8378
6777,8379
6777,8380
6778,8381
6779,8382
6779,8383
6779,8384
6780,8385
6781,8386
6782,8387
6783,8388
6784,8389
6785,8390
6786,8391
6787,8392
6788,8393
6788,8394
6789,8395
6790,8396
6791,8397
6792,8398
6793,8399
6794,8400
6794,8401
6794,8402
6795,8403
6796,8404
6797,8405
6798,8406
6798,8407
6798,8408
6799,8409
6800,8410
6800,8411
6801,8412
6801,8413
6801,8414
6802,8415
6803,8416
6804,8417
6805,8418
6806,8419
6807,8420
6807,8421
6808,8422
6809,8423
6810,8424
6811,8425
6811,8426
6812,8427
6812,8428
6813,8429
6814,8430
6815,8431
6816,8432
6817,8433
6818,8434
6819,8435
6819,8436
6820,8437
6821,8438
6822,8439
6822,8440
6822,8441
6823,8442
6824,8443
6825,8444
6825,8445
6826,8446
6827,8447
6828,8448
6829,8449
6830,8450
6831,8451
6832,8452
6833,8453
6834,8454
6834,8455
6835,8456
6836,8457
6836,8458
6836,8459
6837,8460
6838,8461
6839,8462
6839,8463
6840,8464
6841,8465
6842,8466
6843,8467
6844,8468
6845,8469
6846,8470
6846,8471
6846,8472
6847,8473
6848,8474
6849,8475
6850,8476
6851,8477
6852,8478
6853,8479
6853,8480
6853,8481
6854,8482
6855,8483
6855,8484
6855,8485
6856,8486
6856,8487
6857,8488
6857,8489
6858,8490
6859,8491
6860,8492
6861,8493
6862,8494
6863,8495
6864,8496
6865,8497
6865,8498
6865,8499
6866,8500
6866,8501
6867,8502
6868,8503
6869,8504
6869,8505
6869,8506
6870,8507
6871,8508
6872,8509
6872,8510
6873,8511
6874,8512
6875,8513
6876,8514
6877,8515
6878,8516
6878,8517
6879,8518
6880,8519
6880,8520
6881,8521
6881,8522
6882,8523
6883,8524
6884,8525
6884,8526
6885,8527
6885,8528
6886,8529
6887,8530
6888,8531
6889,8532
6889,8533
6889,8534
6890,8535
6891,8536
6891,8537
6892,8538
6892,8539
6893,8540
6894,8541
6894,8542
6894,8543
6895,8544
6896,8545
6897,8546
6897,8547
6898,8548
6899,8549
6900,8550
6901,8551
6901,8552
6902,8553
6903,8554
6903,8555
6903,8556
6904,8557
6905,8558
6906,8559
6907,8560
6908,8561
6909,8562
6909,8563
6909,8564
6910,8565
6911,8566
6911,8567
6912,8568
6913,8569
6914,8570
6914,8571
6915,8572
6915,8573
6916,8574
6917,8575
6918,8576
6918,8577
6919,8578
6920,8579
6921,8580
6922,8581
6923,8582
6924,8583
6925,8584
6925,8585
6926,8586
6926,8587
6927,8588
6928,8589
6929,8590
6930,8591
6930,8592
6931,8593
6932,8594
6932,8595
6933,8596
6933,8597
6934,8598
6935,8599
6936,8600
6937,8601
6937,8602
6937,8603
6938,8604
6939,8605
6940,8606
6940,8607
6941,8608
6942,8609
6943,8610
6943,8611
6943,8612
6944,8613
6945,8614
6946,8615
6947,8616
6948,8617
6949,8618
6950,8619
6951,8620
6952,8621
6953,8622
6954,8623
6954,8624
6955,8625
6956,8626
6956,8627
6957,8628
6958,8629
6958,8630
6958,8631
6959,8632
6960,8633
6961,8634
6961,8635
6962,8636
6962,8637
6962,8638
6963,8639
6964,8640
6965,8641
6966,8642
6967,8643
6968,8644
6969,8645
6970,8646
6971,8647
6972,8648
6973,8649
6973,8650
6973,8651
6974,8652
6975,8653
6975,8654
6976,8655
6977,8656
6978,8657
6979,8658
6980,8659
6980,8660
6981,8661
6982,8662
6983,8663
6984,8664
6985,8665
6986,8666
6987,8667
6987,8668
6987,8669
6988,8670
6988,8671
6989,8672
6990,8673
6990,8674
6990,8675
6991,8676
6992,8677
6993,8678
6994,8679
6995,8680
6996,8681
6997,8682
6998,8683
6999,8684
7000,8685
7000,8686
7000,8687
7001,8688
7001,8689
7001,8690
7002,8691
7002,8692
7003,8693
7004,8694
7004,8695
7004,8696
7005,8697
7006,8698
7006,8699
7007,8700
7008,8701
7008,8702
7009,8703
7010,8704
7011,8705
7011,8706
7012,8707
7012,8708
7013,8709
7013,8710
7014,8711
7015,8712
7015,8713
7016,8714
7017,8715
7018,8716
7019,8717
7020,8718
7021,8719
7022,8720
7023,8721
7024,8722
7025,8723
7026,8724
7026,8725
7026,8726
7027,8727
7028,8728
7029,8729
7029,8730
7029,8731
7030,8732
7031,8733
7032,8734
7033,8735
7034,8736
7034,8737
7035,8738
7036,8739
7037,8740
7038,8741
7039,8742
7040,8743
7041,8744
7041,8745
7042,8746
7043,8747
7044,8748
7045,8749
7046,8750
7047,8751
7048,8752
7049,8753
7050,8754
7051,8755
7052,8756
7052,8757
7052,8758
7053,8759
7054,8760
7055,8761
7055,8762
7056,8763
7057,8764
7057,8765
7058,8766
7059,8767
7059,8768
7059,8769
7060,8770
7061,8771
7061,8772
7061,8773
7062,8774
7062,8775
7063,8776
7064,8777
7065,8778
7066,8779
7067,8780
7068,8781
7068,8782
7069,8783
7070,8784
7071,8785
7072,8786
7072,8787
7073,8788
7074,8789
7074,8790
7075,8791
7076,8792
7077,8793
7078,8794
7079,8795
7080,8796
7081,8797
7082,8798
7083,8799
7084,8800
7085,8801
7086,8802
7087,8803
7088,8804
7089,8805
7090,8806
7091,8807
7092,8808
7093,8809
7094,8810
7094,8811
7095,8812
7096,8813
7096,8814
7097,8815
7098,8816
7098,8817
7098,8818
7099,8819
7100,8820
7100,8821
7100,8822
7101,8823
7102,8824
7102,8825
7103,8826
7104,8827
7105,8828
7106,8829
7107,8830
7108,8831
7109,8832
7109,8833
7110,8834
7111,8835
7112,8836
7112,8837
7113,8838
7114,8839
7115,8840
7116,8841
7116,8842
7117,8843
7118,8844
7119,8845
7120,8846
7121,8847
7122,8848
7122,8849
7123,8850
7123,8851
7124,8852
7125,8853
7126,8854
7126,8855
7127,8856
7127,8857
7128,8858
7129,8859
7129,8860
7129,8861
7130,8862
7131,8863
7132,8864
7132,8865
7133,8866
7133,8867
7134,8868
7135,8869
7136,8870
7137,8871
7137,8872
7137,8873
7138,8874
7139,8875
7139,8876
7139,8877
7140,8878
7141,8879
7142,8880
7142,8881
7142,8882
7143,8883
7144,8884
7145,8885
7146,8886
7147,8887
7148,8888
7149,8889
7149,8890
7149,8891
7150,8892
7151,8893
7152,8894
7153,8895
7154,8896
7155,8897
7155,8898
7156,8899
7157,8900
7158,8901
7159,8902
7160,8903
7161,8904
7161,8905
7162,8906
7163,8907
7164,8908
7164,8909
7165,8910
7166,8911
7167,8912
7167,8913
7167,8914
7168,8915
7169,8916
7170,8917
7170,8918
7171,8919
7171,8920
7172,8921
7172,8922
7173,8923
7174,8924
7175,8925
7176,8926
7176,8927
7177,8928
7177,8929
7178,8930
7179,8931
7180,8932
7181,8933
7182,8934
7183,8935
7183,8936
7184,8937
7185,8938
7186,8939
7187,8940
7188,8941
7188,8942
7189,8943
7189,8944
7190,8945
7190,8946
7190,8947
7191,8948
7192,8949
7193,8950
7194,8951
7195,8952
7196,8953
7196,8954
7197,8955
7198,8956
7199,8957
7200,8958
7201,8959
7202,8960
7202,8961
7202,8962
7203,8963
7203,8964
7203,8965
7204,8966
7205,8967
7206,8968
7207,8969
7207,8970
7207,8971
7208,8972
7209,8973
7210,8974
7211,8975
7212,8976
7213,8977
7213,8978
7214,8979
7215,8980
7216,8981
7217,8982
7217,8983
7217,8984
7218,8985
7219,8986
7220,8987
7221,8988
7222,8989
7223,8990
7224,8991
7225,8992
7225,8993
7225,8994
7226,8995
7227,8996
7228,8997
7229,8998
7230,8999
7231,9000
7232,9001
7232,9002
7233,9003
7233,9004
7234,9005
7234,9006
7235,9007
7236,9008
7237,9009
7238,9010
7239,9011
7239,9012
7240,9013
7241,9014
7241,9015
7242,9016
7242,9017
7242,9018
7243,9019
7243,9020
7243,9021
7244,9022
7245,9023
7246,9024
7246,9025
7247,9026
7247,9027
7247,9028
7248,9029
7249,9030
7249,9031
7249,9032
7250,9033
7251,9034
7252,9035
7253,9036
7254,9037
7255,9038
7256,9039
7256,9040
7257,9041
7258,9042
7259,9043
7260,9044
7261,9045
7262,9046
7263,9047
7263,9048
7264,9049
7265,9050
7266,9051
7267,9052
7267,9053
7268,9054
7269,9055
7270,9056
7270,9057
7271,9058
7271,9059
7271,9060
7272,9061
7273,9062
7274,9063
7275,9064
7276,9065
7276,9066
7277,9067
7278,9068
7279,9069
7280,9070
7281,9071
7282,9072
7282,9073
7283,9074
7284,9075
7285,9076
7285,9077
7286,9078
7287,9079
7288,9080
7289,9081
7290,9082
7291,9083
7292,9084
7293,9085
7294,9086
7294,9087
7295,9088
7295,9089
7296,9090
7297,9091
7298,9092
7299,9093
7299,9094
7300,9095
7301,9096
7302,9097
7302,9098
7303,9099
7304,9100
7304,9101
7305,9102
7306,9103
7306,9104
7307,9105
7307,9106
7308,9107
7309,9108
7309,9109
7310,9110
7311,9111
7312,9112
7312,9113
7312,9114
7313,9115
7314,9116
7314,9117
7315,9118
7316,9119
7317,9120
7317,9121
7318,9122
7318,9123
7319,9124
7320,9125
7321,9126
7322,9127
7323,9128
7324,9129
7325,9130
7326,9131
7327,9132
7328,9133
7329,9134
7330,9135
7331,9136
7331,9137
7332,9138
7332,9139
7333,9140
7334,9141
7335,9142
7336,9143
7337,9144
7337,9145
7338,9146
7339,9147
7339,9148
7340,9149
7341,9150
7342,9151
7343,9152
7344,9153
7344,9154
7345,9155
7345,9156
7346,9157
7347,9158
7348,9159
7349,9160
7349,9161
7350,9162
7351,9163
7352,9164
7353,9165
7354,9166
7355,9167
7356,9168
7357,9169
7358,9170
7359,9171
7360,9172
7361,9173
7362,9174
7363,9175
7363,9176
7363,9177
7364,9178
7365,9179
7365,9180
7366,9181
7367,9182
7367,9183
7368,9184
7368,9185
7369,9186
7370,9187
7370,9188
7371,9189
7372,9190
7373,9191
7374,9192
7374,9193
7374,9194
7375,9195
7376,9196
7377,9197
7378,9198
7378,9199
7379,9200
7379,9201
7379,9202
7380,9203
7380,9204
7381,9205
7382,9206
7383,9207
7384,9208
7385,9209
7386,9210
7386,9211
7387,9212
7388,9213
7389,9214
7389,9215
7390,9216
7391,9217
7392,9218
7393,9219
7394,9220
7394,9221
7395,9222
7396,9223
7397,9224
7398,9225
7398,9226
7399,9227
7400,9228
7401,9229
7401,9230
7402,9231
7402,9232
7402,9233
7403,9234
7404,9235
7404,9236
7404,9237
7405,9238
7406,9239
7406,9240
7407,9241
7408,9242
7409,9243
7410,9244
7410,9245
7410,9246
7411,9247
7412,9248
7413,9249
7413,9250
7413,9251
7414,9252
7414,9253
7415,9254
7416,9255
7417,9256
7418,9257
7419,9258
7420,9259
7421,9260
7422,9261
7423,9262
7424,9263
7425,9264
7425,9265
7426,9266
7427,9267
7428,9268
7429,9269
7430,9270
7431,9271
7431,9272
7432,9273
7433,9274
7434,9275
7434,9276
7435,9277
7436,9278
7437,9279
7437,9280
7438,9281
7439,9282
7440,9283
7441,9284
7442,9285
7443,9286
7443,9287
7444,9288
7445,9289
7446,9290
7447,9291
7447,9292
7447,9293
7448,9294
7448,9295
7449,9296
7450,9297
7450,9298
7451,9299
7451,9300
7452,9301
7452,9302
7453,9303
7454,9304
7454,9305
7455,9306
7455,9307
7456,9308
7457,9309
7458,9310
7459,9311
7460,9312
7461,9313
7462,9314
7463,9315
7464,9316
7465,9317
7466,9318
7467,9319
7468,9320
7468,9321
7469,9322
7470,9323
7471,9324
7472,9325
7473,9326
7474,9327
7475,9328
7475,9329
7476,9330
7477,9331
7477,9332
7478,9333
7479,9334
7480,9335
7480,9336
7481,9337
7482,9338
7482,9339
7483,9340
7484,9341
7484,9342
7485,9343
7486,9344
7486,9345
7487,9346
7488,9347
7489,9348
7489,9349
7490,9350
7491,9351
7491,9352
7492,9353
7493,9354
7494,9355
7494,9356
7494,9357
7495,9358
7496,9359
7497,9360
7498,9361
7499,9362
7499,9363
7499,9364
7500,9365
7500,9366
7500,9367
7501,9368
7502,9369
7503,9370
7503,9371
7504,9372
7504,9373
7505,9374
7506,9375
7507,9376
7508,9377
7509,9378
7510,9379
7510,9380
7510,9381
7511,9382
7511,9383
7512,9384
7512,9385
7513,9386
7513,9387
7514,9388
7515,9389
7516,9390
7517,9391
7517,9392
7518,9393
7519,9394
7520,9395
7521,9396
7522,9397
7522,9398
7522,9399
7523,9400
7523,9401
7523,9402
7524,9403
7524,9404
7525,9405
7526,9406
7527,9407
7528,9408
7529,9409
7530,9410
7531,9411
7532,9412
7533,9413
7534,9414
7535,9415
7536,9416
7537,9417
7538,9418
7538,9419
7539,9420
7540,9421
7541,9422
7541,9423
7542,9424
7542,9425
7542,9426
7543,9427
7544,9428
7545,9429
7546,9430
7547,9431
7548,9432
7548,9433
7548,9434
7549,9435
7550,9436
7551,9437
7551,9438
7552,9439
7553,9440
7554,9441
7554,9442
7554,9443
7555,9444
7556,9445
7557,9446
7558,9447
7558,9448
7559,9449
7559,9450
7560,9451
7561,9452
7562,9453
7563,9454
7564,9455
7565,9456
7566,9457
7567,9458
7567,9459
7568,9460
7569,9461
7569,9462
7570,9463
7571,9464
7572,9465
7573,9466
7573,9467
7574,9468
7575,9469
7576,9470
7577,9471
7578,9472
7579,9473
7580,9474
7580,9475
7580,9476
7581,9477
7582,9478
7583,9479
7583,9480
7584,9481
7585,9482
7586,9483
7587,9484
7588,9485
7589,9486
7590,9487
7591,9488
7592,9489
7592,9490
7592,9491
7593,9492
7594,9493
7595,9494
7596,9495
7596,9496
7597,9497
7598,9498
7599,9499
7600,9500
7601,9501
7601,9502
7602,9503
7602,9504
7603,9505
7604,9506
7605,9507
7606,9508
7607,9509
7608,9510
7609,9511
7609,9512
7610,9513
7611,9514
7612,9515
7612,9516
7612,9517
7613,9518
7613,9519
7613,9520
7614,9521
7615,9522
7616,9523
7617,9524
7618,9525
7618,9526
7619,9527
7620,9528
7620,9529
7621,9530
7622,9531
7623,9532
7624,9533
7625,9534
7626,9535
7627,9536
7628,9537
7629,9538
7630,9539
7630,9540
7631,9541
7632,9542
7633,9543
7633,9544
7634,9545
7634,9546
7635,9547
7636,9548
7636,9549
7636,9550
7637,9551
7638,9552
7639,9553
7639,9554
7640,9555
7640,9556
7641,9557
7642,9558
7643,9559
7644,9560
7644,9561
7645,9562
7645,9563
7645,9564
7646,9565
7647,9566
7648,9567
7649,9568
7650,9569
7651,9570
7651,9571
7651,9572
7652,9573
7653,9574
7654,9575
7655,9576
7656,9577
7657,9578
7658,9579
7659,9580
7659,9581
7660,9582
7661,9583
7662,9584
7662,9585
7663,9586
7664,9587
7665,9588
7666,9589
7667,9590
7668,9591
7668,9592
7669,9593
7670,9594
7671,9595
7671,9596
7672,9597
7673,9598
7673,9599
7673,9600
7674,9601
7675,9602
7676,9603
7677,9604
7678,9605
7678,9606
7679,9607
7680,9608
7680,9609
7681,9610
7682,9611
7682,9612
7682,9613
7683,9614
7684,9615
7684,9616
7685,9617
7686,9618
7687,9619
7688,9620
7688,9621
7688,9622
7689,9623
7690,9624
7691,9625
7692,9626
7693,9627
7694,9628
7695,9629
7696,9630
7697,9631
7697,9632
7698,9633
7698,9634
7699,9635
7700,9636
7700,9637
7701,9638
7702,9639
7702,9640
7703,9641
7704,9642
7704,9643
7704,9644
7705,9645
7706,9646
7706,9647
7707,9648
7708,9649
7709,9650
7710,9651
7711,9652
7712,9653
7713,9654
7713,9655
7714,9656
7715,9657
7715,9658
7716,9659
7717,9660
7717,9661
7718,9662
7718,9663
7719,9664
7720,9665
7721,9666
7722,9667
7722,9668
7723,9669
7724,9670
7724,9671
7725,9672
7725,9673
7726,9674
7726,9675
7727,9676
7728,9677
7729,9678
7730,9679
7731,9680
7732,9681
7732,9682
7733,9683
7734,9684
7734,9685
7735,9686
7736,9687
7737,9688
7737,9689
7737,9690
7738,9691
7738,9692
7738,9693
7739,9694
7740,9695
7740,9696
7741,9697
7742,9698
7743,9699
7744,9700
7745,9701
7746,9702
7747,9703
7748,9704
7749,9705
7750,9706
7751,9707
7752,9708
7753,9709
7754,9710
7755,9711
7756,9712
7756,9713
7757,9714
7757,9715
7758,9716
7758,9717
7759,9718
7760,9719
7760,9720
7761,9721
7761,9722
7761,9723
7762,9724
7762,9725
7763,9726
7764,9727
7765,9728
7766,9729
7767,9730
7768,9731
7769,9732
7770,9733
7771,9734
7772,9735
7773,9736
7773,9737
7774,9738
7774,9739
7774,9740
7775,9741
7776,9742
7776,9743
7776,9744
7777,9745
7777,9746
7777,9747
7778,9748
7778,9749
7778,9750
7779,9751
7780,9752
7780,9753
7780,9754
7781,9755
7782,9756
7783,9757
7784,9758
7785,9759
7786,9760
7787,9761
7788,9762
7788,9763
7789,9764
7790,9765
7791,9766
7791,9767
7792,9768
7793,9769
7794,9770
7795,9771
7795,9772
7795,9773
7796,9774
7797,9775
7798,9776
7799,9777
7800,9778
7801,9779
7802,9780
7803,9781
7804,9782
7804,9783
7804,9784
7805,9785
7806,9786
7807,9787
7807,9788
7808,9789
7808,9790
7809,9791
7810,9792
7810,9793
7811,9794
7812,9795
7813,9796
7814,9797
7815,9798
7815,9799
7816,9800
7817,9801
7818,9802
7819,9803
7820,9804
7820,9805
7821,9806
7822,9807
7822,9808
7822,9809
7823,9810
7824,9811
7825,9812
7825,9813
7825,9814
7826,9815
7826,9816
7827,9817
7827,9818
7827,9819
7828,9820
7829,9821
7830,9822
7831,9823
7831,9824
7831,9825
7832,9826
7833,9827
7834,9828
7835,9829
7836,9830
7837,9831
7838,9832
7839,9833
7840,9834
7841,9835
7842,9836
7843,9837
7843,9838
7843,9839
7844,9840
7845,9841
7846,9842
7847,9843
7848,9844
7848,9845
7849,9846
7849,9847
7850,9848
7850,9849
7850,9850
7851,9851
7852,9852
7853,9853
7854,9854
7855,9855
7856,9856
7857,9857
7858,9858
7858,9859
7859,9860
7860,9861
7861,9862
7862,9863
7863,9864
7864,9865
7865,9866
7866,9867
7866,9868
7867,9869
7868,9870
7869,9871
7870,9872
7871,9873
7872,9874
7873,9875
7874,9876
7874,9877
7875,9878
7875,9879
7875,9880
7876,9881
7877,9882
7877,9883
7877,9884
7878,9885
7879,9886
7880,9887
7881,9888
7882,9889
7883,9890
7883,9891
7884,9892
7884,9893
7884,9894
7885,9895
7886,9896
7886,9897
7887,9898
7888,9899
7889,9900
7889,9901
7890,9902
7891,9903
7892,9904
7893,9905
7894,9906
7895,9907
7896,9908
7896,9909
7897,9910
7898,9911
7899,9912
7900,9913
7901,9914
7902,9915
7902,9916
7903,9917
7904,9918
7904,9919
7905,9920
7906,9921
7907,9922
7908,9923
7909,9924
7910,9925
7911,9926
7912,9927
7912,9928
7912,9929
7913,9930
7914,9931
7915,9932
7915,9933
7916,9934
7916,9935
7917,9936
7917,9937
7917,9938
7918,9939
7918,9940
7918,9941
7919,9942
7920,9943
7921,9944
7922,9945
7923,9946
7924,9947
7924,9948
7925,9949
7926,9950
7927,9951
7928,9952
7929,9953
7930,9954
7930,9955
7931,9956
7932,9957
7933,9958
7933,9959
7934,9960
7935,9961
7936,9962
7937,9963
7938,9964
7939,9965
7939,9966
7940,9967
7941,9968
7942,9969
7943,9970
7944,9971
7945,9972
7946,9973
7947,9974
7948,9975
7949,9976
7950,9977
7950,9978
7951,9979
7952,9980
7952,9981
7953,9982
7954,9983
7955,9984
7956,9985
7957,9986
7958,9987
7959,9988
7959,9989
7959,9990
7960,9991
7961,9992
7962,9993
7963,9994
7964,9995
7965,9996
7966,9997
7966,9998
7967,9999
7968,10000
7969,10001
7969,10002
7970,10003
7971,10004
7972,10005
7972,10006
7972,10007
7973,10008
7974,10009
7975,10010
7976,10011
7977,10012
7977,10013
7978,10014
7979,10015
7980,10016
7981,10017
7982,10018
7983,10019
7983,10020
7983,10021
7984,10022
7985,10023
7986,10024
7986,10025
7987,10026
7988,10027
7989,10028
7989,10029
7990,10030
7990,10031
7991,10032
7991,10033
7992,10034
7992,10035
7993,10036
7994,10037
7995,10038
7996,10039
7997,10040
7997,10041
7998,10042
7998,10043
7999,10044
8000,10045
8001,10046
8001,10047
8002,10048
8003,10049
8004,10050
8005,10051
8006,10052
8006,10053
8007,10054
8007,10055
8008,10056
8009,10057
8009,10058
8010,10059
8010,10060
8011,10061
8012,10062
8013,10063
8014,10064
8014,10065
8014,10066
8015,10067
8016,10068
8017,10069
8018,10070
8019,10071
8020,10072
8021,10073
8021,10074
8021,10075
8022,10076
8023,10077
8024,10078
8025,10079
8025,10080
8026,10081
8027,10082
8028,10083
8029,10084
8029,10085
8029,10086
8030,10087
8031,10088
8032,10089
8032,10090
8032,10091
8033,10092
8034,10093
8034,10094
8034,10095
8035,10096
8035,10097
8036,10098
8037,10099
8038,10100
8038,10101
8039,10102
8040,10103
8041,10104
8041,10105
8041,10106
8042,10107
8043,10108
8044,10109
8044,10110
8044,10111
8045,10112
8046,10113
8047,10114
8048,10115
8049,10116
8049,10117
8050,10118
8051,10119
8052,10120
8053,10121
8054,10122
8055,10123
8055,10124
8056,10125
8057,10126
8058,10127
8059,10128
8060,10129
8061,10130
8061,10131
8062,10132
8063,10133
8064,10134
8065,10135
8065,10136
8065,10137
8066,10138
8067,10139
8068,10140
8069,10141
8070,10142
8071,10143
8071,10144
8071,10145
8072,10146
8072,10147
8072,10148
8073,10149
8074,10150
8075,10151
8076,10152
8077,10153
8078,10154
8078,10155
8079,10156
8080,10157
8081,10158
8082,10159
8082,10160
8083,10161
8084,10162
8085,10163
8086,10164
8087,10165
8087,10166
8087,10167
8088,10168
8089,10169
8090,10170
8091,10171
8092,10172
8093,10173
8094,10174
8095,10175
8095,10176
8096,10177
8097,10178
8098,10179
8099,10180
8100,10181
8101,10182
8102,10183
8102,10184
8103,10185
8103,10186
8104,10187
8105,10188
8106,10189
8107,10190
8107,10191
8108,10192
8109,10193
8110,10194
8111,10195
8112,10196
8113,10197
8113,10198
8114,10199
8115,10200
8116,10201
8116,10202
8117,10203
8118,10204
8118,10205
8118,10206
8119,10207
8120,10208
8121,10209
8122,10210
8122,10211
8123,10212
8124,10213
8125,10214
8125,10215
8126,10216
8126,10217
8127,10218
8127,10219
8127,10220
8128,10221
8129,10222
8130,10223
8131,10224
8132,10225
8133,10226
8134,10227
8134,10228
8135,10229
8136,10230
8137,10231
8138,10232
8139,10233
8140,10234
8140,10235
8140,10236
8141,10237
8142,10238
8143,10239
8144,10240
8145,10241
8145,10242
8146,10243
8146,10244
8147,10245
8148,10246
8149,10247
8150,10248
8151,10249
8152,10250
8153,10251
8153,10252
8154,10253
8155,10254
8156,10255
8156,10256
8157,10257
8158,10258
8158,10259
8158,10260
8159,10261
8159,10262
8159,10263
8160,10264
8161,10265
8162,10266
8163,10267
8164,10268
8164,10269
8165,10270
8166,10271
8166,10272
8166,10273
8167,10274
8168,10275
8169,10276
8170,10277
8171,10278
8172,10279
8173,10280
8174,10281
8174,10282
8174,10283
8175,10284
8176,10285
8177,10286
8178,10287
8179,10288
8179,10289
8179,10290
8180,10291
8181,10292
8182,10293
8183,10294
8184,10295
8184,10296
8185,10297
8185,10298
8186,10299
8187,10300
8188,10301
8189,10302
8190,10303
8191,10304
8191,10305
8191,10306
8192,10307
8193,10308
8194,10309
8195,10310
8195,10311
8196,10312
8197,10313
8197,10314
8197,10315
8198,10316
8199,10317
8200,10318
8200,10319
8200,10320
8201,10321
8202,10322
8203,10323
8203,10324
8203,10325
8204,10326
8205,10327
8206,10328
8207,10329
8208,10330
8209,10331
8210,10332
8211,10333
8211,10334
8211,10335
8212,10336
8213,10337
8214,10338
8215,10339
8216,10340
8217,10341
8217,10342
8217,10343
8218,10344
8218,10345
8218,10346
8219,10347
8219,10348
8220,10349
8221,10350
8222,10351
8223,10352
8224,10353
8225,10354
8225,10355
8226,10356
8227,10357
8227,10358
8227,10359
8228,10360
8229,10361
8230,10362
8231,10363
8231,10364
8232,10365
8232,10366
8233,10367
8233,10368
8233,10369
8234,10370
8235,10371
8236,10372
8237,10373
8238,10374
8238,10375
8239,10376
8240,10377
8240,10378
8241,10379
8242,10380
8243,10381
8244,10382
8244,10383
8245,10384
8245,10385
8246,10386
8247,10387
8248,10388
8249,10389
8249,10390
8250,10391
8251,10392
8251,10393
8252,10394
8253,10395
8254,10396
8255,10397
8255,10398
8256,10399
8257,10400
8258,10401
8259,10402
8260,10403
8260,10404
8260,10405
8261,10406
8261,10407
8262,10408
8263,10409
8264,10410
8265,10411
8266,10412
8267,10413
8267,10414
8268,10415
8268,10416
8268,10417
8269,10418
8270,10419
8270,10420
8270,10421
8271,10422
8272,10423
8273,10424
8274,10425
8275,10426
8276,10427
8276,10428
8277,10429
8277,10430
8278,10431
8279,10432
8280,10433
8281,10434
8282,10435
8283,10436
8284,10437
8285,10438
8286,10439
8287,10440
8288,10441
8289,10442
8289,10443
8290,10444
8291,10445
8292,10446
8293,10447
8294,10448
8295,10449
8296,10450
8297,10451
8298,10452
8299,10453
8300,10454
8301,10455
8301,10456
8302,10457
8303,10458
8304,10459
8305,10460
8305,10461
8306,10462
8306,10463
8307,10464
8307,10465
8307,10466
8308,10467
8309,10468
8310,10469
8311,10470
8311,10471
8311,10472
8312,10473
8313,10474
8314,10475
8314,10476
8314,10477
8315,10478
8316,10479
8316,10480
8316,10481
8317,10482
8318,10483
8319,10484
8319,10485
8320,10486
8320,10487
8321,10488
8322,10489
8322,10490
8323,10491
8324,10492
8324,10493
8325,10494
8326,10495
8327,10496
8327,10497
8328,10498
8329,10499
8330,10500
8330,10501
8331,10502
8332,10503
8333,10504
8333,10505
8334,10506
8335,10507
8336,10508
8337,10509
8338,10510
8338,10511
8338,10512
8339,10513
8340,10514
8341,10515
8342,10516
8343,10517
8344,10518
8345,10519
8346,10520
8347,10521
8348,10522
8348,10523
8349,10524
8350,10525
8351,10526
8352,10527
8353,10528
8353,10529
8354,10530
8354,10531
8355,10532
8356,10533
8357,10534
8358,10535
8359,10536
8360,10537
8361,10538
8362,10539
8363,10540
8364,10541
8365,10542
8366,10543
8367,10544
8368,10545
8369,10546
8369,10547
8370,10548
8371,10549
8372,10550
8373,10551
8374,10552
8375,10553
8376,10554
8376,10555
8376,10556
8377,10557
8378,10558
8379,10559
8379,10560
8380,10561
8380,10562
8380,10563
8381,10564
8381,10565
8381,10566
8382,10567
8383,10568
8384,10569
8385,10570
8386,10571
8387,10572
8387,10573
8388,10574
8388,10575
8389,10576
8389,10577
8390,10578
8390,10579
8390,10580
8391,10581
8392,10582
8393,10583
8394,10584
8394,10585
8395,10586
8396,10587
8397,10588
8398,10589
8398,10590
8398,10591
8399,10592
8400,10593
8400,10594
8401,10595
8402,10596
8403,10597
8404,10598
8405,10599
8406,10600
8406,10601
8407,10602
8407,10603
8408,10604
8408,10605
8408,10606
8409,10607
8410,10608
8410,10609
8410,10610
8411,10611
8412,10612
8412,10613
8412,10614
8413,10615
8414,10616
8415,10617
8416,10618
8417,10619
8418,10620
8419,10621
8419,10622
8420,10623
8420,10624
8420,10625
8421,10626
8422,10627
8423,10628
8423,10629
8423,10630
8424,10631
8425,10632
8426,10633
8427,10634
8428,10635
8429,10636
8430,10637
8431,10638
8432,10639
8433,10640
8433,10641
8434,10642
8435,10643
8436,10644
8436,10645
8437,10646
8438,10647
8439,10648
8439,10649
8439,10650
8440,10651
8441,10652
8441,10653
8442,10654
8442,10655
8443,10656
8444,10657
8445,10658
8446,10659
8447,10660
8448,10661
8449,10662
8450,10663
8451,10664
8451,10665
8452,10666
8453,10667
8453,10668
8454,10669
8455,10670
8456,10671
8457,10672
8458,10673
8458,10674
8458,10675
8459,10676
8459,10677
8460,10678
8461,10679
8462,10680
8463,10681
8464,10682
8464,10683
8464,10684
8465,10685
8465,10686
8465,10687
8466,10688
8467,10689
8468,10690
8469,10691
8469,10692
8470,10693
8471,10694
8472,10695
8472,10696
8473,10697
8474,10698
8475,10699
8476,10700
8477,10701
8478,10702
8479,10703
8480,10704
8481,10705
8482,10706
8483,10707
8484,10708
8485,10709
8486,10710
8487,10711
8488,10712
8489,10713
8490,10714
8491,10715
8492,10716
8492,10717
8493,10718
8494,10719
8495,10720
8495,10721
8496,10722
8496,10723
8497,10724
8498,10725
8499,10726
8499,10727
8500,10728
8500,10729
8501,10730
8502,10731
8502,10732
8503,10733
8504,10734
8505,10735
8506,10736
8507,10737
8508,10738
8509,10739
8509,10740
8510,10741
8510,10742
8511,10743
8512,10744
8513,10745
8514,10746
8515,10747
8515,10748
8516,10749
8517,10750
8518,10751
8518,10752
8519,10753
8520,10754
8520,10755
8521,10756
8522,10757
8522,10758
8522,10759
8523,10760
8524,10761
8525,10762
8525,10763
8526,10764
8526,10765
8527,10766
8528,10767
8529,10768
8530,10769
8530,10770
8531,10771
8531,10772
8532,10773
8532,10774
8533,10775
8533,10776
8533,10777
8534,10778
8535,10779
8536,10780
8537,10781
8538,10782
8538,10783
8538,10784
8539,10785
8539,10786
8539,10787
8540,10788
8541,10789
8542,10790
8543,10791
8544,10792
8545,10793
8545,10794
8545,10795
8546,10796
8547,10797
8548,10798
8549,10799
8549,10800
8550,10801
8551,10802
8551,10803
8552,10804
8553,10805
8553,10806
8554,10807
8554,10808
8555,10809
8555,10810
8556,10811
8557,10812
8557,10813
8557,10814
8558,10815
8559,10816
8559,10817
8559,10818
8560,10819
8561,10820
8561,10821
8562,10822
8563,10823
8564,10824
8564,10825
8565,10826
8565,10827
8566,10828
8567,10829
8568,10830
8568,10831
8569,10832
8569,10833
8570,10834
8571,10835
8572,10836
8572,10837
8572,10838
8573,10839
8574,10840
8575,10841
8576,10842
8577,10843
8577,10844
8578,10845
8579,10846
8580,10847
8581,10848
8582,10849
8582,10850
8582,10851
8583,10852
8584,10853
8584,10854
8585,10855
8586,10856
8586,10857
8586,10858
8587,10859
8588,10860
8589,10861
8590,10862
8591,10863
8592,10864
8593,10865
8593,10866
8593,10867
8594,10868
8595,10869
8596,10870
8596,10871
8596,10872
8597,10873
8598,10874
8598,10875
8598,10876
8599,10877
8600,10878
8601,10879
8602,10880
8603,10881
8603,10882
8604,10883
8605,10884
8606,10885
8606,10886
8607,10887
8607,10888
8608,10889
8609,10890
8609,10891
8610,10892
8611,10893
8611,10894
8611,10895
8612,10896
8612,10897
8613,10898
8614,10899
8615,10900
8616,10901
8616,10902
8617,10903
8617,10904
8618,10905
8618,10906
8619,10907
8620,10908
8621,10909
8622,10910
8623,10911
8624,10912
8624,10913
8625,10914
8626,10915
8627,10916
8628,10917
8629,10918
8629,10919
8630,10920
8630,10921
8631,10922
8632,10923
8633,10924
8633,10925
8634,10926
8635,10927
8635,10928
8635,10929
8636,10930
8637,10931
8638,10932
8639,10933
8639,10934
8640,10935
8641,10936
8641,10937
8641,10938
8642,10939
8643,10940
8644,10941
8645,10942
8646,10943
8647,10944
8648,10945
8649,10946
8649,10947
8650,10948
8650,10949
8651,10950
8651,10951
8651,10952
8652,10953
8653,10954
8654,10955
8654,10956
8654,10957
8655,10958
8655,10959
8655,10960
8656,10961
8656,10962
8656,10963
8657,10964
8658,10965
8659,10966
8660,10967
8661,10968
8662,10969
8663,10970
8664,10971
8665,10972
8666,10973
8666,10974
8667,10975
8668,10976
8669,10977
8670,10978
8671,10979
8672,10980
8673,10981
8673,10982
8674,10983
8675,10984
8676,10985
8677,10986
8678,10987
8679,10988
8680,10989
8681,10990
8682,10991
8683,10992
8684,10993
8685,10994
8686,10995
8686,10996
8687,10997
8687,10998
8687,10999
8688,11000
8689,11001
8689,11002
8690,11003
8691,11004
8691,11005
8691,11006
8692,11007
8693,11008
8693,11009
8693,11010
8694,11011
8695,11012
8695,11013
8695,11014
8696,11015
8696,11016
8697,11017
8698,11018
8698,11019
8698,11020
8699,11021
8699,11022
8699,11023
8700,11024
8701,11025
8702,11026
8703,11027
8704,11028
8705,11029
8706,11030
8707,11031
8708,11032
8709,11033
8709,11034
8710,11035
8711,11036
8712,11037
8713,11038
8714,11039
8715,11040
8716,11041
8717,11042
8718,11043
8719,11044
8720,11045
8721,11046
8721,11047
8722,11048
8722,11049
8722,11050
8723,11051
8723,11052
8724,11053
8725,11054
8725,11055
8726,11056
8727,11057
8728,11058
8729,11059
8730,11060
8731,11061
8731,11062
8732,11063
8732,11064
8733,11065
8734,11066
8734,11067
8735,11068
8736,11069
8736,11070
8737,11071
8737,11072
8738,11073
8739,11074
8740,11075
8741,11076
8742,11077
8742,11078
8742,11079
8743,11080
8744,11081
8744,11082
8745,11083
8746,11084
8747,11085
8748,11086
8748,11087
8749,11088
8750,11089
8750,11090
8751,11091
8752,11092
8752,11093
8753,11094
8754,11095
8755,11096
8755,11097
8755,11098
8756,11099
8757,11100
8757,11101
8758,11102
8759,11103
8760,11104
8760,11105
8761,11106
8761,11107
8762,11108
8763,11109
8764,11110
8765,11111
8766,11112
8767,11113
8768,11114
8769,11115
8770,11116
8771,11117
8772,11118
8773,11119
8774,11120
8775,11121
8776,11122
8777,11123
8778,11124
8779,11125
8780,11126
8780,11127
8780,11128
8781,11129
8782,11130
8783,11131
8784,11132
8785,11133
8786,11134
8786,11135
8787,11136
8788,11137
8788,11138
8788,11139
8789,11140
8790,11141
8791,11142
8792,11143
8793,11144
8794,11145
8795,11146
8796,11147
8797,11148
8797,11149
8797,11150
8798,11151
8798,11152
8798,11153
8799,11154
8799,11155
8800,11156
8801,11157
8801,11158
8801,11159
8802,11160
8803,11161
8803,11162
8804,11163
8805,11164
8806,11165
8807,11166
8808,11167
8809,11168
8810,11169
8811,11170
8812,11171
8813,11172
8814,11173
8815,11174
8816,11175
8817,11176
8818,11177
8819,11178
8819,11179
8819,11180
8820,11181
8820,11182
8820,11183
8821,11184
8822,11185
8823,11186
8823,11187
8824,11188
8825,11189
8826,11190
8827,11191
8828,11192
8829,11193
8829,11194
8829,11195
8830,11196
8830,11197
8831,11198
8832,11199
8832,11200
8833,11201
8834,11202
8835,11203
8836,11204
8837,11205
8838,11206
8838,11207
8838,11208
8839,11209
8840,11210
8841,11211
8842,11212
8843,11213
8843,11214
8844,11215
8844,11216
8845,11217
8846,11218
8847,11219
8848,11220
8849,11221
8850,11222
8850,11223
8851,11224
8851,11225
8851,11226
8852,11227
8852,11228
8853,11229
8853,11230
8854,11231
8855,11232
8856,11233
8857,11234
8858,11235
8859,11236
8860,11237
8861,11238
8861,11239
8862,11240
8863,11241
8864,11242
8865,11243
8865,11244
8866,11245
8867,11246
8868,11247
8868,11248
8869,11249
8870,11250
8870,11251
8870,11252
8871,11253
8872,11254
8873,11255
8874,11256
8875,11257
8875,11258
8876,11259
8876,11260
8876,11261
8877,11262
8878,11263
8879,11264
8880,11265
8881,11266
8882,11267
8882,11268
8883,11269
8884,11270
8884,11271
8884,11272
8885,11273
8886,11274
8886,11275
8887,11276
8888,11277
8889,11278
8889,11279
8889,11280
8890,11281
8891,11282
8891,11283
8891,11284
8892,11285
8893,11286
8894,11287
8895,11288
8895,11289
8895,11290
8896,11291
8897,11292
8898,11293
8899,11294
8900,11295
8901,11296
8901,11297
8902,11298
8903,11299
8903,11300
8904,11301
8904,11302
8905,11303
8906,11304
8907,11305
8908,11306
8908,11307
8909,11308
8910,11309
8911,11310
8912,11311
8913,11312
8913,11313
8913,11314
8914,11315
8914,11316
8915,11317
8916,11318
8917,11319
8918,11320
8918,11321
8919,11322
8920,11323
8921,11324
8922,11325
8922,11326
8923,11327
8924,11328
8925,11329
8926,11330
8926,11331
8927,11332
8928,11333
8929,11334
8929,11335
8929,11336
8930,11337
8930,11338
8931,11339
8932,11340
8932,11341
8932,11342
8933,11343
8934,11344
8934,11345
8935,11346
8936,11347
8937,11348
8937,11349
8938,11350
8939,11351
8940,11352
8940,11353
8940,11354
8941,11355
8942,11356
8943,11357
8944,11358
8944,11359
8945,11360
8946,11361
8947,11362
8947,11363
8948,11364
8949,11365
8949,11366
8949,11367
8950,11368
8951,11369
8952,11370
8953,11371
8954,11372
8955,11373
8956,11374
8956,11375
8956,11376
8957,11377
8957,11378
8958,11379
8959,11380
8959,11381
8960,11382
8961,11383
8962,11384
8963,11385
8964,11386
8965,11387
8966,11388
8967,11389
8968,11390
8968,11391
8968,11392
8969,11393
8970,11394
8970,11395
8970,11396
8971,11397
8971,11398
8972,11399
8972,11400
8973,11401
8974,11402
8975,11403
8976,11404
8977,11405
8978,11406
8978,11407
8978,11408
8979,11409
8979,11410
8980,11411
8980,11412
8981,11413
8982,11414
8983,11415
8984,11416
8985,11417
8985,11418
8986,11419
8987,11420
8988,11421
8988,11422
8988,11423
8989,11424
8990,11425
8991,11426
8992,11427
8993,11428
8993,11429
8994,11430
8995,11431
8996,11432
8997,11433
8998,11434
8998,11435
8999,11436
8999,11437
9000,11438
9001,11439
9002,11440
9003,11441
9004,11442
9005,11443
9006,11444
9007,11445
9008,11446
9009,11447
9010,11448
9010,11449
9010,11450
9011,11451
9012,11452
9012,11453
9013,11454
9014,11455
9015,11456
9016,11457
9016,11458
9017,11459
9018,11460
9019,11461
9019,11462
9020,11463
9021,11464
9022,11465
9023,11466
9024,11467
9025,11468
9026,11469
9027,11470
9028,11471
9028,11472
9028,11473
9029,11474
9030,11475
9031,11476
9032,11477
9033,11478
9033,11479
9034,11480
9034,11481
9035,11482
9036,11483
9037,11484
9038,11485
9039,11486
9040,11487
9040,11488
9041,11489
9042,11490
9042,11491
9042,11492
9043,11493
9043,11494
9043,11495
9044,11496
9045,11497
9045,11498
9046,11499
9046,11500
9047,11501
9047,11502
9048,11503
9048,11504
9048,11505
9049,11506
9050,11507
9050,11508
9051,11509
9052,11510
9052,11511
9053,11512
9053,11513
9053,11514
9054,11515
9054,11516
9054,11517
9055,11518
9056,11519
9057,11520
9057,11521
9057,11522
9058,11523
9059,11524
9059,11525
9060,11526
9061,11527
9061,11528
9062,11529
9063,11530
9064,11531
9065,11532
9066,11533
9067,11534
9068,11535
9069,11536
9070,11537
9071,11538
9072,11539
9072,11540
9073,11541
9074,11542
9074,11543
9075,11544
9075,11545
9075,11546
9076,11547
9076,11548
9077,11549
9078,11550
9079,11551
9080,11552
9081,11553
9082,11554
9082,11555
9082,11556
9083,11557
9084,11558
9085,11559
9086,11560
9087,11561
9088,11562
9088,11563
9088,11564
9089,11565
9090,11566
9091,11567
9091,11568
9091,11569
9092,11570
9093,11571
9094,11572
9095,11573
9096,11574
9097,11575
9098,11576
9099,11577
9100,11578
9101,11579
9102,11580
9103,11581
9104,11582
9105,11583
9105,11584
9106,11585
9107,11586
9107,11587
9108,11588
9109,11589
9110,11590
9110,11591
9110,11592
9111,11593
9112,11594
9113,11595
9114,11596
9115,11597
9116,11598
9117,11599
9118,11600
9119,11601
9120,11602
9121,11603
9122,11604
9123,11605
9124,11606
9125,11607
9125,11608
9126,11609
9126,11610
9127,11611
9128,11612
9129,11613
9130,11614
9130,11615
9131,11616
9132,11617
9133,11618
9134,11619
9135,11620
9136,11621
9137,11622
9138,11623
9139,11624
9139,11625
9140,11626
9140,11627
9140,11628
9141,11629
9142,11630
9143,11631
9143,11632
9143,11633
9144,11634
9144,11635
9145,11636
9146,11637
9147,11638
9148,11639
9149,11640
9149,11641
9150,11642
9151,11643
9152,11644
9153,11645
9154,11646
9155,11647
9156,11648
9157,11649
9158,11650
9159,11651
9159,11652
9160,11653
9161,11654
9161,11655
9161,11656
9162,11657
9162,11658
9163,11659
9164,11660
9165,11661
9166,11662
9166,11663
9167,11664
9168,11665
9169,11666
9169,11667
9169,11668
9170,11669
9171,11670
9171,11671
9172,11672
9173,11673
9173,11674
9174,11675
9175,11676
9176,11677
9177,11678
9178,11679
9178,11680
9179,11681
9180,11682
9180,11683
9181,11684
9182,11685
9183,11686
9184,11687
9185,11688
9185,11689
9186,11690
9186,11691
9186,11692
9187,11693
9188,11694
9189,11695
9189,11696
9190,11697
9191,11698
9191,11699
9192,11700
9193,11701
9194,11702
9195,11703
9195,11704
9196,11705
9197,11706
9198,11707
9198,11708
9199,11709
9200,11710
9201,11711
9202,11712
9203,11713
9204,11714
9205,11715
9206,11716
9206,11717
9207,11718
9207,11719
9208,11720
9208,11721
9209,11722
9210,11723
9210,11724
9210,11725
9211,11726
9212,11727
9213,11728
9214,11729
9214,11730
9214,11731
9215,11732
9215,11733
9216,11734
9216,11735
9217,11736
9218,11737
9219,11738
9220,11739
9221,11740
9222,11741
9223,11742
9223,11743
9223,11744
9224,11745
9225,11746
9225,11747
9225,11748
9226,11749
9226,11750
9227,11751
9227,11752
9227,11753
9228,11754
9228,11755
9229,11756
9230,11757
9230,11758
9231,11759
9232,11760
9233,11761
9234,11762
9234,11763
9235,11764
9235,11765
9235,11766
9236,11767
9237,11768
9238,11769
9238,11770
9239,11771
9239,11772
9240,11773
9240,11774
9241,11775
9242,11776
9243,11777
9244,11778
9244,11779
9244,11780
9245,11781
9246,11782
9246,11783
9246,11784
9247,11785
9248,11786
9249,11787
9249,11788
9249,11789
9250,11790
9250,11791
9251,11792
9252,11793
9252,11794
9253,11795
9254,11796
9255,11797
9255,11798
9256,11799
9257,11800
9258,11801
9259,11802
9259,11803
9260,11804
9261,11805
9262,11806
9262,11807
9263,11808
9264,11809
9264,11810
9265,11811
9266,11812
9266,11813
9267,11814
9267,11815
9268,11816
9269,11817
9270,11818
9270,11819
9271,11820
9272,11821
9273,11822
9274,11823
9275,11824
9275,11825
9275,11826
9276,11827
9277,11828
9278,11829
9279,11830
9280,11831
9280,11832
9280,11833
9281,11834
9281,11835
9281,11836
9282,11837
9283,11838
9284,11839
9284,11840
9284,11841
9285,11842
9286,11843
9286,11844
9286,11845
9287,11846
9288,11847
9289,11848
9290,11849
9291,11850
9292,11851
9293,11852
9293,11853
9294,11854
9295,11855
9296,11856
9297,11857
9298,11858
9298,11859
9299,11860
9300,11861
9301,11862
9302,11863
9303,11864
9304,11865
9305,11866
9305,11867
9306,11868
9307,11869
9308,11870
9309,11871
9310,11872
9311,11873
9312,11874
9313,11875
9314,11876
9315,11877
9316,11878
9317,11879
9318,11880
9318,11881
9318,11882
9319,11883
9320,11884
9321,11885
9322,11886
9323,11887
9324,11888
9325,11889
9325,11890
9325,11891
9326,11892
9326,11893
9327,11894
9328,11895
9329,11896
9330,11897
9331,11898
9331,11899
9331,11900
9332,11901
9333,11902
9334,11903
9335,11904
9335,11905
9336,11906
9337,11907
9338,11908
9338,11909
9339,11910
9340,11911
9341,11912
9342,11913
9343,11914
9344,11915
9344,11916
9345,11917
9346,11918
9346,11919
9347,11920
9348,11921
9349,11922
9350,11923
9351,11924
9352,11925
9352,11926
9353,11927
9354,11928
9355,11929
9356,11930
9357,11931
9358,11932
9358,11933
9359,11934
9360,11935
9361,11936
9362,11937
9362,11938
9362,11939
9363,11940
9364,11941
9365,11942
9365,11943
9366,11944
9367,11945
9368,11946
9369,11947
9370,11948
9370,11949
9371,11950
9372,11951
9373,11952
9373,11953
9374,11954
9375,11955
9376,11956
9377,11957
9378,11958
9379,11959
9379,11960
9380,11961
9381,11962
9382,11963
9382,11964
9383,11965
9384,11966
9385,11967
9386,11968
9387,11969
9388,11970
9389,11971
9390,11972
9391,11973
9391,11974
9392,11975
9393,11976
9394,11977
9395,11978
9395,11979
9396,11980
9396,11981
9397,11982
9397,11983
9398,11984
9399,11985
9400,11986
9401,11987
9401,11988
9402,11989
9403,11990
9404,11991
9405,11992
9405,11993
9406,11994
9407,11995
9408,11996
9409,11997
9410,11998
9411,11999
9412,12000
9413,12001
9414,12002
9415,12003
9416,12004
9416,12005
9417,12006
9417,12007
9417,12008
9418,12009
9419,12010
9419,12011
9420,12012
9421,12013
9421,12014
9422,12015
9423,12016
9424,12017
9424,12018
9425,12019
9426,12020
9427,12021
9428,12022
9429,12023
9429,12024
9429,12025
9430,12026
9431,12027
9432,12028
9433,12029
9433,12030
9434,12031
9435,12032
9436,12033
9437,12034
9438,12035
9439,12036
9440,12037
9441,12038
9442,12039
9443,12040
9444,12041
9445,12042
9446,12043
9447,12044
9447,12045
9448,12046
9449,12047
9450,12048
9451,12049
9451,12050
9451,12051
9452,12052
9453,12053
9453,12054
9454,12055
9455,12056
9456,12057
9457,12058
9457,12059
9457,12060
9458,12061
9459,12062
9460,12063
9461,12064
9461,12065
9462,12066
9463,12067
9464,12068
9465,12069
9466,12070
9467,12071
9468,12072
9468,12073
9469,12074
9469,12075
9469,12076
9470,12077
9471,12078
9472,12079
9473,12080
9474,12081
9474,12082
9475,12083
9475,12084
9476,12085
9477,12086
9477,12087
9477,12088
9478,12089
9479,12090
9480,12091
9481,12092
9482,12093
9483,12094
9483,12095
9484,12096
9485,12097
9485,12098
9486,12099
9486,12100
9487,12101
9487,12102
9487,12103
9488,12104
9489,12105
9490,12106
9490,12107
9490,12108
9491,12109
9492,12110
9493,12111
9493,12112
9494,12113
9495,12114
9496,12115
9496,12116
9497,12117
9497,12118
9498,12119
9499,12120
9500,12121
9501,12122
9502,12123
9503,12124
9504,12125
9505,12126
9506,12127
9507,12128
9507,12129
9507,12130
9508,12131
9509,12132
9509,12133
9510,12134
9510,12135
9510,12136
9511,12137
9512,12138
9512,12139
9513,12140
9514,12141
9515,12142
9515,12143
9515,12144
9516,12145
9517,12146
9517,12147
9517,12148
9518,12149
9519,12150
9519,12151
9519,12152
9520,12153
9521,12154
9522,12155
9522,12156
9523,12157
9523,12158
9523,12159
9524,12160
9525,12161
9526,12162
9527,12163
9528,12164
9529,12165
9530,12166
9531,12167
9532,12168
9533,12169
9533,12170
9534,12171
9534,12172
9535,12173
9536,12174
9537,12175
9538,12176
9539,12177
9540,12178
9540,12179
9541,12180
9541,12181
9542,12182
9543,12183
9544,12184
9545,12185
9545,12186
9545,12187
9546,12188
9547,12189
9547,12190
9547,12191
9548,12192
9549,12193
9550,12194
9551,12195
9552,12196
9553,12197
9554,12198
9554,12199
9554,12200
9555,12201
9556,12202
9557,12203
9558,12204
9558,12205
9558,12206
9559,12207
9560,12208
9561,12209
9561,12210
9562,12211
9562,12212
9563,12213
9564,12214
9565,12215
9566,12216
9567,12217
9568,12218
9568,12219
9569,12220
9570,12221
9571,12222
9572,12223
9572,12224
9573,12225
9573,12226
9573,12227
9574,12228
9574,12229
9575,12230
9576,12231
9577,12232
9577,12233
9578,12234
9579,12235
9579,12236
9580,12237
9581,12238
9581,12239
9582,12240
9583,12241
9584,12242
9585,12243
9586,12244
9587,12245
9587,12246
9587,12247
9588,12248
9589,12249
9590,12250
9590,12251
9590,12252
9591,12253
9592,12254
9593,12255
9593,12256
9594,12257
9595,12258
9596,12259
9596,12260
9597,12261
9597,12262
9597,12263
9598,12264
9599,12265
9599,12266
9600,12267
9601,12268
9602,12269
9603,12270
9604,12271
9605,12272
9605,12273
9606,12274
9606,12275
9607,12276
9608,12277
9608,12278
9608,12279
9609,12280
9609,12281
9610,12282
9611,12283
9612,12284
9613,12285
9614,12286
9615,12287
9615,12288
9616,12289
9616,12290
9617,12291
9618,12292
9619,12293
9620,12294
9620,12295
9620,12296
9621,12297
9622,12298
9622,12299
9623,12300
9624,12301
9624,12302
9624,12303
9625,12304
9626,12305
9626,12306
9626,12307
9627,12308
9628,12309
9628,12310
9629,12311
9630,12312
9631,12313
9632,12314
9633,12315
9633,12316
9633,12317
9634,12318
9635,12319
9636,12320
9637,12321
9638,12322
9638,12323
9639,12324
9640,12325
9641,12326
9642,12327
9643,12328
9644,12329
9645,12330
9645,12331
9646,12332
9647,12333
9647,12334
9647,12335
9648,12336
9649,12337
9650,12338
9650,12339
9651,12340
9651,12341
9652,12342
9652,12343
9653,12344
9654,12345
9655,12346
9656,12347
9657,12348
9658,12349
9659,12350
9660,12351
9661,12352
9662,12353
9663,12354
9664,12355
9664,12356
9665,12357
9666,12358
9666,12359
9667,12360
9667,12361
9667,12362
9668,12363
9669,12364
9669,12365
9670,12366
9670,12367
9671,12368
9671,12369
9671,12370
9672,12371
9673,12372
9674,12373
9675,12374
9676,12375
9677,12376
9677,12377
9678,12378
9679,12379
9680,12380
9681,12381
9682,12382
9682,12383
9683,12384
9684,12385
9685,12386
9685,12387
9685,12388
9686,12389
9687,12390
9688,12391
9688,12392
9688,12393
9689,12394
9690,12395
9690,12396
9691,12397
9692,12398
9693,12399
9694,12400
9694,12401
9694,12402
9695,12403
9696,12404
9697,12405
9698,12406
9698,12407
9698,12408
9699,12409
9700,12410
9700,12411
9700,12412
9701,12413
9702,12414
9703,12415
9703,12416
9703,12417
9704,12418
9705,12419
9706,12420
9707,12421
9708,12422
9708,12423
9708,12424
9709,12425
9710,12426
9711,12427
9711,12428
9711,12429
9712,12430
9713,12431
9714,12432
9715,12433
9715,12434
9716,12435
9717,12436
9718,12437
9719,12438
9720,12439
9720,12440
9721,12441
9722,12442
9723,12443
9724,12444
9725,12445
9725,12446
9726,12447
9726,12448
9727,12449
9728,12450
9728,12451
9728,12452
9729,12453
9730,12454
9730,12455
9731,12456
9732,12457
9733,12458
9733,12459
9734,12460
9735,12461
9736,12462
9737,12463
9737,12464
9737,12465
9738,12466
9739,12467
9739,12468
9740,12469
9740,12470
9740,12471
9741,12472
9742,12473
9743,12474
9743,12475
9743,12476
9744,12477
9744,12478
9745,12479
9746,12480
9747,12481
9747,12482
9747,12483
9748,12484
9749,12485
9750,12486
9750,12487
9750,12488
9751,12489
9752,12490
9752,12491
9752,12492
9753,12493
9753,12494
9754,12495
9755,12496
9756,12497
9756,12498
9756,12499
9757,12500
9757,12501
9757,12502
9758,12503
9759,12504
9759,12505
9759,12506
9760,12507
9761,12508
9762,12509
9763,12510
9764,12511
9765,12512
9765,12513
9766,12514
9767,12515
9767,12516
9768,12517
9769,12518
9770,12519
9771,12520
9772,12521
9773,12522
9773,12523
9774,12524
9775,12525
9775,12526
9776,12527
9777,12528
9777,12529
9777,12530
9778,12531
9779,12532
9780,12533
9781,12534
9781,12535
9781,12536
9782,12537
9782,12538
9783,12539
9784,12540
9785,12541
9786,12542
9787,12543
9788,12544
9788,12545
9789,12546
9790,12547
9791,12548
9792,12549
9793,12550
9794,12551
9795,12552
9796,12553
9797,12554
9798,12555
9798,12556
9798,12557
9799,12558
9800,12559
9800,12560
9801,12561
9802,12562
9803,12563
9803,12564
9804,12565
9805,12566
9806,12567
9807,12568
9808,12569
9809,12570
9810,12571
9811,12572
9811,12573
9811,12574
9812,12575
9812,12576
9812,12577
9813,12578
9814,12579
9815,12580
9816,12581
9817,12582
9818,12583
9819,12584
9820,12585
9820,12586
9821,12587
9822,12588
9822,12589
9823,12590
9824,12591
9825,12592
9825,12593
9825,12594
9826,12595
9827,12596
9827,12597
9828,12598
9829,12599
9829,12600
9830,12601
9831,12602
9832,12603
9833,12604
9834,12605
9835,12606
9836,12607
9837,12608
9837,12609
9837,12610
9838,12611
9839,12612
9839,12613
9839,12614
9840,12615
9841,12616
9842,12617
9842,12618
9842,12619
9843,12620
9844,12621
9845,12622
9846,12623
9847,12624
9848,12625
9849,12626
9850,12627
9851,12628
9851,12629
9852,12630
9853,12631
9853,12632
9853,12633
9854,12634
9855,12635
9856,12636
9856,12637
9857,12638
9857,12639
9858,12640
9859,12641
9860,12642
9861,12643
9862,12644
9863,12645
9864,12646
9865,12647
9866,12648
9867,12649
9868,12650
9868,12651
9869,12652
9869,12653
9870,12654
9870,12655
9871,12656
9872,12657
9873,12658
9874,12659
9874,12660
9875,12661
9876,12662
9876,12663
9877,12664
9878,12665
9878,12666
9879,12667
9880,12668
9881,12669
9882,12670
9883,12671
9884,12672
9884,12673
9885,12674
9886,12675
9887,12676
9887,12677
9887,12678
9888,12679
9888,12680
9889,12681
9890,12682
9891,12683
9892,12684
9892,12685
9893,12686
9894,12687
9895,12688
9895,12689
9895,12690
9896,12691
9897,12692
9898,12693
9898,12694
9898,12695
9899,12696
9900,12697
9901,12698
9901,12699
9902,12700
9902,12701
9902,12702
9903,12703
9903,12704
9904,12705
9905,12706
9906,12707
9907,12708
9907,12709
9907,12710
9908,12711
9909,12712
9909,12713
9909,12714
9910,12715
9911,12716
9911,12717
9911,12718
9912,12719
9912,12720
9913,12721
9913,12722
9914,12723
9915,12724
9915,12725
9916,12726
9917,12727
9918,12728
9919,12729
9920,12730
9921,12731
9921,12732
9922,12733
9923,12734
9924,12735
9925,12736
9926,12737
9927,12738
9928,12739
9929,12740
9929,12741
9930,12742
9931,12743
9931,12744
9931,12745
9932,12746
9932,12747
9932,12748
9933,12749
9934,12750
9935,12751
9935,12752
9935,12753
9936,12754
9936,12755
9937,12756
9938,12757
9939,12758
9940,12759
9940,12760
9941,12761
9942,12762
9942,12763
9943,12764
9944,12765
9945,12766
9946,12767
9946,12768
9947,12769
9948,12770
9948,12771
9949,12772
9949,12773
9950,12774
9951,12775
9952,12776
9953,12777
9953,12778
9954,12779
9954,12780
9955,12781
9955,12782
9956,12783
9957,12784
9958,12785
9958,12786
9959,12787
9960,12788
9961,12789
9962,12790
9963,12791
9964,12792
9965,12793
9966,12794
9966,12795
9966,12796
9967,12797
9967,12798
9967,12799
9968,12800
9968,12801
9969,12802
9970,12803
9971,12804
9972,12805
9972,12806
9973,12807
9973,12808
9974,12809
9975,12810
9976,12811
9977,12812
9978,12813
9979,12814
9979,12815
9980,12816
9981,12817
9981,12818
9982,12819
9983,12820
9984,12821
9984,12822
9985,12823
9986,12824
9987,12825
9988,12826
9988,12827
9988,12828
9989,12829
9990,12830
9991,12831
9992,12832
9993,12833
9993,12834
9993,12835
9994,12836
9995,12837
9996,12838
9997,12839
9998,12840
9999,12841
