src_id,dst_id
0,0
0,1
0,2
1,0
1,1
1,2
2,0
2,1
2,2
3,0
3,1
3,2
4,0
4,1
4,2
5,0
5,1
5,2
6,3
7,3
8,3
9,3
10,3
11,3
12,3
13,3
14,3
15,3
16,3
17,4
18,4
19,4
20,4
21,4
22,4
23,4
24,4
25,4
26,4
27,4
28,4
29,4
30,4
31,4
32,4
33,4
34,4
35,4
36,4
37,5
37,6
37,7
38,5
38,6
38,7
39,5
39,6
39,7
40,5
40,6
40,7
41,5
41,6
41,7
42,5
42,6
42,7
43,5
43,6
43,7
44,5
44,6
44,7
45,5
45,6
45,7
46,5
46,6
46,7
47,5
47,6
47,7
48,8
48,9
48,10
48,11
49,8
49,9
49,10
49,11
50,8
50,9
50,10
50,11
51,8
51,9
51,10
51,11
52,8
52,9
52,10
52,11
53,8
53,9
53,10
53,11
54,8
54,9
54,10
54,11
55,8
55,9
55,10
55,11
56,8
56,9
56,10
56,11
57,8
57,9
57,10
57,11
58,8
58,9
58,10
58,11
59,8
59,9
59,10
59,11
60,8
60,9
60,10
60,11
61,8
61,9
61,10
61,11
62,8
62,9
62,10
62,11
63,8
63,9
63,10
63,11
64,8
64,9
64,10
64,11
65,8
65,9
65,10
65,11
66,8
66,9
66,10
66,11
67,8
67,9
67,10
67,11
68,12
68,13
68,14
68,15
69,12
69,13
69,14
69,15
70,12
70,13
70,14
70,15
71,12
71,13
71,14
71,15
72,12
72,13
72,14
72,15
73,12
73,13
73,14
73,15
74,12
74,13
74,14
74,15
75,12
75,13
75,14
75,15
76,16
77,16
78,16
79,17
80,17
81,17
82,17
83,17
84,17
85,17
86,17
87,17
88,17
89,17
90,17
91,17
92,18
92,19
93,18
93,19
94,18
94,19
95,20
95,21
96,20
96,21
97,20
97,21
98,20
98,21
99,20
99,21
100,20
100,21
101,20
101,21
102,20
102,21
103,20
103,21
104,20
104,21
105,20
105,21
106,20
106,21
107,20
107,21
108,20
108,21
109,20
109,21
110,22
110,23
110,24
110,25
111,22
111,23
111,24
111,25
112,22
112,23
112,24
112,25
113,22
113,23
113,24
113,25
114,22
114,23
114,24
114,25
115,22
115,23
115,24
115,25
116,22
116,23
116,24
116,25
117,22
117,23
117,24
117,25
118,22
118,23
118,24
118,25
119,22
119,23
119,24
119,25
120,26
120,27
120,28
120,29
121,26
121,27
121,28
121,29
122,26
122,27
122,28
122,29
123,26
123,27
123,28
123,29
124,26
124,27
124,28
124,29
125,26
125,27
125,28
125,29
126,26
126,27
126,28
126,29
127,26
127,27
127,28
127,29
128,30
128,31
129,30
129,31
130,30
130,31
131,30
131,31
132,30
132,31
133,32
133,33
133,34
134,32
134,33
134,34
135,32
135,33
135,34
136,32
136,33
136,34
137,32
137,33
137,34
138,32
138,33
138,34
139,32
139,33
139,34
140,32
140,33
140,34
141,32
141,33
141,34
142,32
142,33
142,34
143,32
143,33
143,34
144,32
144,33
144,34
145,32
145,33
145,34
146,32
146,33
146,34
147,32
147,33
147,34
148,35
148,36
148,37
148,38
149,35
149,36
149,37
149,38
150,35
150,36
150,37
150,38
151,35
151,36
151,37
151,38
152,35
152,36
152,37
152,38
153,35
153,36
153,37
153,38
154,35
154,36
154,37
154,38
155,39
155,40
155,41
156,39
156,40
156,41
157,39
157,40
157,41
158,39
158,40
158,41
159,39
159,40
159,41
160,39
160,40
160,41
161,39
161,40
161,41
162,39
162,40
162,41
163,42
163,43
163,44
164,42
164,43
164,44
165,42
165,43
165,44
166,45
166,46
166,47
166,48
167,45
167,46
167,47
167,48
168,45
168,46
168,47
168,48
169,45
169,46
169,47
169,48
170,45
170,46
170,47
170,48
171,45
171,46
171,47
171,48
172,45
172,46
172,47
172,48
173,45
173,46
173,47
173,48
174,45
174,46
174,47
174,48
175,45
175,46
175,47
175,48
176,45
176,46
176,47
176,48
177,45
177,46
177,47
177,48
178,45
178,46
178,47
178,48
179,45
179,46
179,47
179,48
180,45
180,46
180,47
180,48
181,49
181,50
181,51
181,52
182,49
182,50
182,51
182,52
183,49
183,50
183,51
183,52
184,49
184,50
184,51
184,52
185,49
185,50
185,51
185,52
186,49
186,50
186,51
186,52
187,49
187,50
187,51
187,52
188,49
188,50
188,51
188,52
189,49
189,50
189,51
189,52
190,49
190,50
190,51
190,52
191,49
191,50
191,51
191,52
192,49
192,50
192,51
192,52
193,49
193,50
193,51
193,52
194,53
194,54
194,55
194,56
195,53
195,54
195,55
195,56
196,53
196,54
196,55
196,56
197,53
197,54
197,55
197,56
198,53
198,54
198,55
198,56
199,53
199,54
199,55
199,56
200,53
200,54
200,55
200,56
201,53
201,54
201,55
201,56
202,53
202,54
202,55
202,56
203,57
204,57
205,57
206,57
207,57
208,57
209,57
210,57
211,57
212,57
213,57
214,57
215,58
215,59
216,58
216,59
217,58
217,59
218,58
218,59
219,58
219,59
220,58
220,59
221,58
221,59
222,58
222,59
223,58
223,59
224,58
224,59
225,60
226,60
227,60
228,60
229,60
230,60
231,60
232,61
232,62
232,63
233,61
233,62
233,63
234,61
234,62
234,63
235,61
235,62
235,63
236,61
236,62
236,63
237,61
237,62
237,63
238,61
238,62
238,63
239,61
239,62
239,63
240,61
240,62
240,63
241,61
241,62
241,63
242,61
242,62
242,63
243,61
243,62
243,63
244,61
244,62
244,63
245,61
245,62
245,63
246,61
246,62
246,63
247,61
247,62
247,63
248,61
248,62
248,63
249,61
249,62
249,63
250,64
250,65
250,66
251,64
251,65
251,66
252,64
252,65
252,66
253,64
253,65
253,66
254,67
254,68
254,69
255,67
255,68
255,69
256,67
256,68
256,69
257,67
257,68
257,69
258,67
258,68
258,69
259,67
259,68
259,69
260,67
260,68
260,69
261,67
261,68
261,69
262,67
262,68
262,69
263,67
263,68
263,69
264,67
264,68
264,69
265,67
265,68
265,69
266,67
266,68
266,69
267,67
267,68
267,69
268,67
268,68
268,69
269,70
269,71
269,72
270,70
270,71
270,72
271,70
271,71
271,72
272,70
272,71
272,72
273,70
273,71
273,72
274,70
274,71
274,72
275,70
275,71
275,72
276,73
276,74
276,75
276,76
277,73
277,74
277,75
277,76
278,73
278,74
278,75
278,76
279,73
279,74
279,75
279,76
280,73
280,74
280,75
280,76
281,73
281,74
281,75
281,76
282,77
282,78
283,77
283,78
284,77
284,78
285,77
285,78
286,77
286,78
287,77
287,78
288,77
288,78
289,77
289,78
290,77
290,78
291,77
291,78
292,77
292,78
293,77
293,78
294,77
294,78
295,77
295,78
296,77
296,78
297,77
297,78
298,77
298,78
299,77
299,78
300,77
300,78
301,77
301,78
302,79
303,79
304,79
305,79
306,79
307,79
308,79
309,79
310,79
311,79
312,79
313,79
314,79
315,79
316,79
317,79
318,80
318,81
318,82
319,80
319,81
319,82
320,80
320,81
320,82
321,80
321,81
321,82
322,80
322,81
322,82
323,80
323,81
323,82
324,80
324,81
324,82
325,80
325,81
325,82
326,80
326,81
326,82
327,80
327,81
327,82
328,80
328,81
328,82
329,80
329,81
329,82
330,80
330,81
330,82
331,80
331,81
331,82
332,80
332,81
332,82
333,80
333,81
333,82
334,80
334,81
334,82
335,80
335,81
335,82
336,80
336,81
336,82
337,80
337,81
337,82
338,83
338,84
338,85
339,83
339,84
339,85
340,83
340,84
340,85
341,83
341,84
341,85
342,83
342,84
342,85
343,83
343,84
343,85
344,83
344,84
344,85
345,83
345,84
345,85
346,83
346,84
346,85
347,83
347,84
347,85
348,83
348,84
348,85
349,83
349,84
349,85
350,86
350,87
350,88
351,86
351,87
351,88
352,86
352,87
352,88
353,86
353,87
353,88
354,86
354,87
354,88
355,86
355,87
355,88
356,86
356,87
356,88
357,86
357,87
357,88
358,86
358,87
358,88
359,86
359,87
359,88
360,86
360,87
360,88
361,86
361,87
361,88
362,86
362,87
362,88
363,86
363,87
363,88
364,89
364,90
365,89
365,90
366,89
366,90
367,89
367,90
368,89
368,90
369,89
369,90
370,89
370,90
371,89
371,90
372,89
372,90
373,89
373,90
374,89
374,90
375,89
375,90
376,89
376,90
377,89
377,90
378,89
378,90
379,89
379,90
380,89
380,90
381,89
381,90
382,89
382,90
383,89
383,90
384,89
384,90
385,91
385,92
386,91
386,92
387,91
387,92
388,91
388,92
389,91
389,92
390,91
390,92
391,91
391,92
392,91
392,92
393,91
393,92
394,91
394,92
395,91
395,92
396,91
396,92
397,91
397,92
398,91
398,92
399,91
399,92
400,91
400,92
401,93
402,93
403,93
404,93
405,93
406,93
407,93
408,93
409,93
410,93
411,93
412,93
413,93
414,93
415,93
416,93
417,93
418,93
419,93
420,93
421,93
422,93
423,93
424,94
424,95
424,96
425,94
425,95
425,96
426,94
426,95
426,96
427,94
427,95
427,96
428,94
428,95
428,96
429,94
429,95
429,96
430,94
430,95
430,96
431,94
431,95
431,96
432,94
432,95
432,96
433,94
433,95
433,96
434,94
434,95
434,96
435,94
435,95
435,96
436,94
436,95
436,96
437,94
437,95
437,96
438,94
438,95
438,96
439,94
439,95
439,96
440,94
440,95
440,96
441,94
441,95
441,96
442,94
442,95
442,96
443,94
443,95
443,96
444,94
444,95
444,96
445,94
445,95
445,96
446,94
446,95
446,96
447,94
447,95
447,96
448,97
448,98
448,99
449,97
449,98
449,99
450,97
450,98
450,99
451,97
451,98
451,99
452,97
452,98
452,99
453,97
453,98
453,99
454,97
454,98
454,99
455,97
455,98
455,99
456,97
456,98
456,99
457,97
457,98
457,99
458,97
458,98
458,99
459,97
459,98
459,99
460,97
460,98
460,99
461,97
461,98
461,99
462,97
462,98
462,99
463,97
463,98
463,99
464,97
464,98
464,99
465,97
465,98
465,99
466,97
466,98
466,99
467,97
467,98
467,99
468,97
468,98
468,99
469,100
469,101
469,102
470,100
470,101
470,102
471,100
471,101
471,102
472,100
472,101
472,102
473,100
473,101
473,102
474,100
474,101
474,102
475,100
475,101
475,102
476,100
476,101
476,102
477,100
477,101
477,102
478,100
478,101
478,102
479,100
479,101
479,102
480,100
480,101
480,102
481,100
481,101
481,102
482,100
482,101
482,102
483,100
483,101
483,102
484,103
484,104
484,105
485,103
485,104
485,105
486,103
486,104
486,105
487,103
487,104
487,105
488,103
488,104
488,105
489,103
489,104
489,105
490,103
490,104
490,105
491,103
491,104
491,105
492,103
492,104
492,105
493,103
493,104
493,105
494,103
494,104
494,105
495,103
495,104
495,105
496,103
496,104
496,105
497,103
497,104
497,105
498,103
498,104
498,105
499,103
499,104
499,105
500,103
500,104
500,105
501,103
501,104
501,105
502,103
502,104
502,105
503,103
503,104
503,105
504,103
504,104
504,105
505,103
505,104
505,105
506,103
506,104
506,105
507,103
507,104
507,105
508,103
508,104
508,105
509,103
509,104
509,105
510,103
510,104
510,105
511,103
511,104
511,105
512,103
512,104
512,105
513,106
514,106
515,106
516,106
517,106
518,106
519,106
520,106
521,106
522,106
523,106
524,106
525,106
526,106
527,106
528,106
529,106
530,106
531,106
532,106
533,106
534,106
535,106
536,106
537,106
538,106
539,106
540,107
540,108
541,107
541,108
542,107
542,108
543,107
543,108
544,107
544,108
545,107
545,108
546,107
546,108
547,107
547,108
548,107
548,108
549,107
549,108
550,107
550,108
551,107
551,108
552,107
552,108
553,107
553,108
554,107
554,108
555,107
555,108
556,107
556,108
557,107
557,108
558,107
558,108
559,107
559,108
560,107
560,108
561,107
561,108
562,107
562,108
563,107
563,108
564,107
564,108
565,107
565,108
566,107
566,108
567,109
567,110
567,111
568,109
568,110
568,111
569,109
569,110
569,111
570,109
570,110
570,111
571,109
571,110
571,111
572,109
572,110
572,111
573,109
573,110
573,111
574,109
574,110
574,111
575,109
575,110
575,111
576,109
576,110
576,111
577,109
577,110
577,111
578,109
578,110
578,111
579,109
579,110
579,111
580,109
580,110
580,111
581,109
581,110
581,111
582,109
582,110
582,111
583,112
584,112
585,112
586,112
587,112
588,112
589,112
590,112
591,112
592,112
593,112
594,112
595,112
596,112
597,112
598,112
599,112
600,112
601,112
602,112
603,112
604,112
605,112
606,112
607,112
608,112
609,112
610,113
610,114
610,115
611,113
611,114
611,115
612,113
612,114
612,115
613,113
613,114
613,115
614,113
614,114
614,115
615,113
615,114
615,115
616,113
616,114
616,115
617,113
617,114
617,115
618,113
618,114
618,115
619,113
619,114
619,115
620,113
620,114
620,115
621,113
621,114
621,115
622,113
622,114
622,115
623,113
623,114
623,115
624,113
624,114
624,115
625,113
625,114
625,115
626,113
626,114
626,115
627,113
627,114
627,115
628,113
628,114
628,115
629,113
629,114
629,115
630,113
630,114
630,115
631,113
631,114
631,115
632,116
632,117
632,118
633,116
633,117
633,118
634,116
634,117
634,118
635,116
635,117
635,118
636,116
636,117
636,118
637,116
637,117
637,118
638,116
638,117
638,118
639,116
639,117
639,118
640,116
640,117
640,118
641,116
641,117
641,118
642,116
642,117
642,118
643,116
643,117
643,118
644,116
644,117
644,118
645,116
645,117
645,118
646,116
646,117
646,118
647,116
647,117
647,118
648,119
648,120
648,121
649,119
649,120
649,121
650,119
650,120
650,121
651,119
651,120
651,121
652,119
652,120
652,121
653,119
653,120
653,121
654,119
654,120
654,121
655,119
655,120
655,121
656,119
656,120
656,121
657,119
657,120
657,121
658,119
658,120
658,121
659,119
659,120
659,121
660,119
660,120
660,121
661,119
661,120
661,121
662,119
662,120
662,121
663,119
663,120
663,121
664,119
664,120
664,121
665,119
665,120
665,121
666,119
666,120
666,121
667,119
667,120
667,121
668,119
668,120
668,121
669,119
669,120
669,121
670,122
670,123
670,124
671,122
671,123
671,124
672,122
672,123
672,124
673,122
673,123
673,124
674,122
674,123
674,124
675,122
675,123
675,124
676,122
676,123
676,124
677,122
677,123
677,124
678,122
678,123
678,124
679,122
679,123
679,124
680,122
680,123
680,124
681,122
681,123
681,124
682,122
682,123
682,124
683,122
683,123
683,124
684,125
684,126
685,125
685,126
686,125
686,126
687,125
687,126
688,125
688,126
689,125
689,126
690,125
690,126
691,125
691,126
692,125
692,126
693,125
693,126
694,125
694,126
695,125
695,126
696,125
696,126
697,125
697,126
698,125
698,126
699,125
699,126
700,125
700,126
701,125
701,126
702,125
702,126
703,125
703,126
704,125
704,126
705,125
705,126
706,125
706,126
707,125
707,126
708,125
708,126
709,127
709,128
709,129
710,127
710,128
710,129
711,127
711,128
711,129
712,127
712,128
712,129
713,127
713,128
713,129
714,127
714,128
714,129
715,127
715,128
715,129
716,127
716,128
716,129
717,127
717,128
717,129
718,127
718,128
718,129
719,127
719,128
719,129
720,127
720,128
720,129
721,127
721,128
721,129
722,127
722,128
722,129
723,127
723,128
723,129
724,127
724,128
724,129
725,127
725,128
725,129
726,127
726,128
726,129
727,127
727,128
727,129
728,127
728,128
728,129
729,127
729,128
729,129
730,127
730,128
730,129
731,127
731,128
731,129
732,127
732,128
732,129
733,127
733,128
733,129
734,127
734,128
734,129
735,127
735,128
735,129
736,127
736,128
736,129
737,127
737,128
737,129
738,127
738,128
738,129
739,130
739,131
739,132
740,130
740,131
740,132
741,130
741,131
741,132
742,130
742,131
742,132
743,130
743,131
743,132
744,130
744,131
744,132
745,130
745,131
745,132
746,130
746,131
746,132
747,130
747,131
747,132
748,130
748,131
748,132
749,130
749,131
749,132
750,130
750,131
750,132
751,130
751,131
751,132
752,130
752,131
752,132
753,130
753,131
753,132
754,130
754,131
754,132
755,130
755,131
755,132
756,133
757,133
758,133
759,133
760,133
761,133
762,133
763,133
764,133
765,133
766,133
767,133
768,133
769,133
770,133
771,133
772,133
773,133
774,134
775,134
776,134
777,134
778,134
779,134
780,134
781,134
782,134
783,135
783,136
783,137
784,135
784,136
784,137
785,135
785,136
785,137
786,135
786,136
786,137
787,135
787,136
787,137
788,135
788,136
788,137
789,135
789,136
789,137
790,135
790,136
790,137
791,135
791,136
791,137
792,135
792,136
792,137
793,135
793,136
793,137
794,135
794,136
794,137
795,135
795,136
795,137
796,135
796,136
796,137
797,135
797,136
797,137
798,135
798,136
798,137
799,135
799,136
799,137
800,135
800,136
800,137
801,135
801,136
801,137
802,135
802,136
802,137
803,135
803,136
803,137
804,135
804,136
804,137
805,135
805,136
805,137
806,135
806,136
806,137
807,135
807,136
807,137
808,135
808,136
808,137
809,138
809,139
809,140
810,138
810,139
810,140
811,138
811,139
811,140
812,138
812,139
812,140
813,138
813,139
813,140
814,138
814,139
814,140
815,138
815,139
815,140
816,138
816,139
816,140
817,138
817,139
817,140
818,138
818,139
818,140
819,138
819,139
819,140
820,138
820,139
820,140
821,138
821,139
821,140
822,138
822,139
822,140
823,138
823,139
823,140
824,141
824,142
824,143
824,144
824,145
825,141
825,142
825,143
825,144
825,145
826,141
826,142
826,143
826,144
826,145
827,141
827,142
827,143
827,144
827,145
828,141
828,142
828,143
828,144
828,145
829,141
829,142
829,143
829,144
829,145
830,141
830,142
830,143
830,144
830,145
831,141
831,142
831,143
831,144
831,145
832,141
832,142
832,143
832,144
832,145
833,141
833,142
833,143
833,144
833,145
834,141
834,142
834,143
834,144
834,145
835,141
835,142
835,143
835,144
835,145
836,141
836,142
836,143
836,144
836,145
837,141
837,142
837,143
837,144
837,145
838,141
838,142
838,143
838,144
838,145
839,141
839,142
839,143
839,144
839,145
840,141
840,142
840,143
840,144
840,145
841,141
841,142
841,143
841,144
841,145
842,141
842,142
842,143
842,144
842,145
843,141
843,142
843,143
843,144
843,145
844,141
844,142
844,143
844,144
844,145
845,146
845,147
845,148
845,149
845,150
845,151
845,152
846,146
846,147
846,148
846,149
846,150
846,151
846,152
847,146
847,147
847,148
847,149
847,150
847,151
847,152
848,146
848,147
848,148
848,149
848,150
848,151
848,152
849,146
849,147
849,148
849,149
849,150
849,151
849,152
850,146
850,147
850,148
850,149
850,150
850,151
850,152
851,146
851,147
851,148
851,149
851,150
851,151
851,152
852,146
852,147
852,148
852,149
852,150
852,151
852,152
853,146
853,147
853,148
853,149
853,150
853,151
853,152
854,146
854,147
854,148
854,149
854,150
854,151
854,152
855,146
855,147
855,148
855,149
855,150
855,151
855,152
856,146
856,147
856,148
856,149
856,150
856,151
856,152
857,146
857,147
857,148
857,149
857,150
857,151
857,152
858,146
858,147
858,148
858,149
858,150
858,151
858,152
859,153
859,154
859,155
859,156
859,157
860,153
860,154
860,155
860,156
860,157
861,153
861,154
861,155
861,156
861,157
862,153
862,154
862,155
862,156
862,157
863,153
863,154
863,155
863,156
863,157
864,153
864,154
864,155
864,156
864,157
865,153
865,154
865,155
865,156
865,157
866,153
866,154
866,155
866,156
866,157
867,153
867,154
867,155
867,156
867,157
868,153
868,154
868,155
868,156
868,157
869,153
869,154
869,155
869,156
869,157
870,153
870,154
870,155
870,156
870,157
871,153
871,154
871,155
871,156
871,157
872,153
872,154
872,155
872,156
872,157
873,153
873,154
873,155
873,156
873,157
874,153
874,154
874,155
874,156
874,157
875,153
875,154
875,155
875,156
875,157
876,153
876,154
876,155
876,156
876,157
877,153
877,154
877,155
877,156
877,157
878,153
878,154
878,155
878,156
878,157
879,153
879,154
879,155
879,156
879,157
880,153
880,154
880,155
880,156
880,157
881,153
881,154
881,155
881,156
881,157
882,153
882,154
882,155
882,156
882,157
883,153
883,154
883,155
883,156
883,157
884,158
884,159
884,160
884,161
884,162
885,158
885,159
885,160
885,161
885,162
886,158
886,159
886,160
886,161
886,162
887,158
887,159
887,160
887,161
887,162
888,158
888,159
888,160
888,161
888,162
889,158
889,159
889,160
889,161
889,162
890,158
890,159
890,160
890,161
890,162
891,158
891,159
891,160
891,161
891,162
892,158
892,159
892,160
892,161
892,162
893,158
893,159
893,160
893,161
893,162
894,158
894,159
894,160
894,161
894,162
895,158
895,159
895,160
895,161
895,162
896,158
896,159
896,160
896,161
896,162
897,158
897,159
897,160
897,161
897,162
898,158
898,159
898,160
898,161
898,162
899,158
899,159
899,160
899,161
899,162
900,158
900,159
900,160
900,161
900,162
901,158
901,159
901,160
901,161
901,162
902,158
902,159
902,160
902,161
902,162
903,158
903,159
903,160
903,161
903,162
904,158
904,159
904,160
904,161
904,162
905,158
905,159
905,160
905,161
905,162
906,158
906,159
906,160
906,161
906,162
907,158
907,159
907,160
907,161
907,162
908,158
908,159
908,160
908,161
908,162
909,158
909,159
909,160
909,161
909,162
910,158
910,159
910,160
910,161
910,162
911,158
911,159
911,160
911,161
911,162
912,163
912,164
912,165
912,166
913,163
913,164
913,165
913,166
914,163
914,164
914,165
914,166
915,163
915,164
915,165
915,166
916,163
916,164
916,165
916,166
917,163
917,164
917,165
917,166
918,163
918,164
918,165
918,166
919,163
919,164
919,165
919,166
920,163
920,164
920,165
920,166
921,163
921,164
921,165
921,166
922,163
922,164
922,165
922,166
923,163
923,164
923,165
923,166
924,163
924,164
924,165
924,166
925,163
925,164
925,165
925,166
926,163
926,164
926,165
926,166
927,167
927,168
928,167
928,168
929,167
929,168
930,167
930,168
931,167
931,168
932,167
932,168
933,167
933,168
934,167
934,168
935,167
935,168
936,167
936,168
937,167
937,168
938,167
938,168
939,167
939,168
940,167
940,168
941,167
941,168
942,167
942,168
943,167
943,168
944,167
944,168
945,167
945,168
946,169
946,170
946,171
946,172
947,169
947,170
947,171
947,172
948,169
948,170
948,171
948,172
949,169
949,170
949,171
949,172
950,169
950,170
950,171
950,172
951,169
951,170
951,171
951,172
952,169
952,170
952,171
952,172
953,169
953,170
953,171
953,172
954,169
954,170
954,171
954,172
955,169
955,170
955,171
955,172
956,169
956,170
956,171
956,172
957,169
957,170
957,171
957,172
958,169
958,170
958,171
958,172
959,169
959,170
959,171
959,172
960,169
960,170
960,171
960,172
961,169
961,170
961,171
961,172
962,169
962,170
962,171
962,172
963,169
963,170
963,171
963,172
964,169
964,170
964,171
964,172
965,169
965,170
965,171
965,172
966,169
966,170
966,171
966,172
967,173
967,174
967,175
967,176
967,177
967,178
967,179
968,173
968,174
968,175
968,176
968,177
968,178
968,179
969,173
969,174
969,175
969,176
969,177
969,178
969,179
970,173
970,174
970,175
970,176
970,177
970,178
970,179
971,173
971,174
971,175
971,176
971,177
971,178
971,179
972,173
972,174
972,175
972,176
972,177
972,178
972,179
973,173
973,174
973,175
973,176
973,177
973,178
973,179
974,173
974,174
974,175
974,176
974,177
974,178
974,179
975,180
975,181
975,182
976,180
976,181
976,182
977,180
977,181
977,182
978,180
978,181
978,182
979,180
979,181
979,182
980,180
980,181
980,182
981,180
981,181
981,182
982,183
982,184
982,185
982,186
982,187
983,183
983,184
983,185
983,186
983,187
984,183
984,184
984,185
984,186
984,187
985,183
985,184
985,185
985,186
985,187
986,183
986,184
986,185
986,186
986,187
987,183
987,184
987,185
987,186
987,187
988,183
988,184
988,185
988,186
988,187
989,183
989,184
989,185
989,186
989,187
990,183
990,184
990,185
990,186
990,187
991,183
991,184
991,185
991,186
991,187
992,183
992,184
992,185
992,186
992,187
993,183
993,184
993,185
993,186
993,187
994,183
994,184
994,185
994,186
994,187
995,183
995,184
995,185
995,186
995,187
996,183
996,184
996,185
996,186
996,187
997,183
997,184
997,185
997,186
997,187
998,183
998,184
998,185
998,186
998,187
999,183
999,184
999,185
999,186
999,187
1000,183
1000,184
1000,185
1000,186
1000,187
1001,183
1001,184
1001,185
1001,186
1001,187
1002,183
1002,184
1002,185
1002,186
1002,187
1003,183
1003,184
1003,185
1003,186
1003,187
1004,183
1004,184
1004,185
1004,186
1004,187
1005,183
1005,184
1005,185
1005,186
1005,187
1006,188
1006,189
1006,190
1006,191
1006,192
1006,193
1007,188
1007,189
1007,190
1007,191
1007,192
1007,193
1008,188
1008,189
1008,190
1008,191
1008,192
1008,193
1009,188
1009,189
1009,190
1009,191
1009,192
1009,193
1010,188
1010,189
1010,190
1010,191
1010,192
1010,193
1011,188
1011,189
1011,190
1011,191
1011,192
1011,193
1012,188
1012,189
1012,190
1012,191
1012,192
1012,193
1013,188
1013,189
1013,190
1013,191
1013,192
1013,193
1014,188
1014,189
1014,190
1014,191
1014,192
1014,193
1015,188
1015,189
1015,190
1015,191
1015,192
1015,193
1016,188
1016,189
1016,190
1016,191
1016,192
1016,193
1017,188
1017,189
1017,190
1017,191
1017,192
1017,193
1018,188
1018,189
1018,190
1018,191
1018,192
1018,193
1019,188
1019,189
1019,190
1019,191
1019,192
1019,193
1020,188
1020,189
1020,190
1020,191
1020,192
1020,193
1021,188
1021,189
1021,190
1021,191
1021,192
1021,193
1022,194
1022,195
1022,196
1022,197
1022,198
1022,199
1023,194
1023,195
1023,196
1023,197
1023,198
1023,199
1024,194
1024,195
1024,196
1024,197
1024,198
1024,199
1025,194
1025,195
1025,196
1025,197
1025,198
1025,199
1026,194
1026,195
1026,196
1026,197
1026,198
1026,199
1027,194
1027,195
1027,196
1027,197
1027,198
1027,199
1028,194
1028,195
1028,196
1028,197
1028,198
1028,199
1029,194
1029,195
1029,196
1029,197
1029,198
1029,199
1030,194
1030,195
1030,196
1030,197
1030,198
1030,199
1031,194
1031,195
1031,196
1031,197
1031,198
1031,199
1032,194
1032,195
1032,196
1032,197
1032,198
1032,199
1033,194
1033,195
1033,196
1033,197
1033,198
1033,199
1034,194
1034,195
1034,196
1034,197
1034,198
1034,199
1035,194
1035,195
1035,196
1035,197
1035,198
1035,199
1036,194
1036,195
1036,196
1036,197
1036,198
1036,199
1037,194
1037,195
1037,196
1037,197
1037,198
1037,199
1038,194
1038,195
1038,196
1038,197
1038,198
1038,199
1039,194
1039,195
1039,196
1039,197
1039,198
1039,199
1040,200
1040,201
1041,200
1041,201
1042,200
1042,201
1043,200
1043,201
1044,200
1044,201
1045,200
1045,201
1046,200
1046,201
1047,200
1047,201
1048,200
1048,201
1049,200
1049,201
1050,200
1050,201
1051,200
1051,201
1052,200
1052,201
1053,200
1053,201
1054,200
1054,201
1055,200
1055,201
1056,200
1056,201
1057,200
1057,201
1058,200
1058,201
1059,200
1059,201
1060,200
1060,201
1061,200
1061,201
1062,200
1062,201
1063,202
1063,203
1063,204
1063,205
1063,206
1063,207
1063,208
1064,202
1064,203
1064,204
1064,205
1064,206
1064,207
1064,208
1065,202
1065,203
1065,204
1065,205
1065,206
1065,207
1065,208
1066,202
1066,203
1066,204
1066,205
1066,206
1066,207
1066,208
1067,202
1067,203
1067,204
1067,205
1067,206
1067,207
1067,208
1068,202
1068,203
1068,204
1068,205
1068,206
1068,207
1068,208
1069,202
1069,203
1069,204
1069,205
1069,206
1069,207
1069,208
1070,202
1070,203
1070,204
1070,205
1070,206
1070,207
1070,208
1071,202
1071,203
1071,204
1071,205
1071,206
1071,207
1071,208
1072,202
1072,203
1072,204
1072,205
1072,206
1072,207
1072,208
1073,202
1073,203
1073,204
1073,205
1073,206
1073,207
1073,208
1074,202
1074,203
1074,204
1074,205
1074,206
1074,207
1074,208
1075,202
1075,203
1075,204
1075,205
1075,206
1075,207
1075,208
1076,202
1076,203
1076,204
1076,205
1076,206
1076,207
1076,208
1077,202
1077,203
1077,204
1077,205
1077,206
1077,207
1077,208
1078,202
1078,203
1078,204
1078,205
1078,206
1078,207
1078,208
1079,202
1079,203
1079,204
1079,205
1079,206
1079,207
1079,208
1080,202
1080,203
1080,204
1080,205
1080,206
1080,207
1080,208
1081,202
1081,203
1081,204
1081,205
1081,206
1081,207
1081,208
1082,202
1082,203
1082,204
1082,205
1082,206
1082,207
1082,208
1083,202
1083,203
1083,204
1083,205
1083,206
1083,207
1083,208
1084,202
1084,203
1084,204
1084,205
1084,206
1084,207
1084,208
1085,202
1085,203
1085,204
1085,205
1085,206
1085,207
1085,208
1086,202
1086,203
1086,204
1086,205
1086,206
1086,207
1086,208
1087,202
1087,203
1087,204
1087,205
1087,206
1087,207
1087,208
1088,209
1088,210
1088,211
1088,212
1088,213
1088,214
1088,215
1089,209
1089,210
1089,211
1089,212
1089,213
1089,214
1089,215
1090,209
1090,210
1090,211
1090,212
1090,213
1090,214
1090,215
1091,209
1091,210
1091,211
1091,212
1091,213
1091,214
1091,215
1092,209
1092,210
1092,211
1092,212
1092,213
1092,214
1092,215
1093,209
1093,210
1093,211
1093,212
1093,213
1093,214
1093,215
1094,209
1094,210
1094,211
1094,212
1094,213
1094,214
1094,215
1095,209
1095,210
1095,211
1095,212
1095,213
1095,214
1095,215
1096,209
1096,210
1096,211
1096,212
1096,213
1096,214
1096,215
1097,209
1097,210
1097,211
1097,212
1097,213
1097,214
1097,215
1098,209
1098,210
1098,211
1098,212
1098,213
1098,214
1098,215
1099,209
1099,210
1099,211
1099,212
1099,213
1099,214
1099,215
1100,209
1100,210
1100,211
1100,212
1100,213
1100,214
1100,215
1101,209
1101,210
1101,211
1101,212
1101,213
1101,214
1101,215
1102,209
1102,210
1102,211
1102,212
1102,213
1102,214
1102,215
1103,209
1103,210
1103,211
1103,212
1103,213
1103,214
1103,215
1104,209
1104,210
1104,211
1104,212
1104,213
1104,214
1104,215
1105,209
1105,210
1105,211
1105,212
1105,213
1105,214
1105,215
1106,209
1106,210
1106,211
1106,212
1106,213
1106,214
1106,215
1107,209
1107,210
1107,211
1107,212
1107,213
1107,214
1107,215
1108,216
1108,217
1108,218
1108,219
1108,220
1109,216
1109,217
1109,218
1109,219
1109,220
1110,216
1110,217
1110,218
1110,219
1110,220
1111,216
1111,217
1111,218
1111,219
1111,220
1112,216
1112,217
1112,218
1112,219
1112,220
1113,216
1113,217
1113,218
1113,219
1113,220
1114,221
1114,222
1114,223
1114,224
1115,221
1115,222
1115,223
1115,224
1116,221
1116,222
1116,223
1116,224
1117,221
1117,222
1117,223
1117,224
1118,221
1118,222
1118,223
1118,224
1119,221
1119,222
1119,223
1119,224
1120,221
1120,222
1120,223
1120,224
1121,221
1121,222
1121,223
1121,224
1122,221
1122,222
1122,223
1122,224
1123,221
1123,222
1123,223
1123,224
1124,221
1124,222
1124,223
1124,224
1125,221
1125,222
1125,223
1125,224
1126,221
1126,222
1126,223
1126,224
1127,221
1127,222
1127,223
1127,224
1128,221
1128,222
1128,223
1128,224
1129,221
1129,222
1129,223
1129,224
1130,221
1130,222
1130,223
1130,224
1131,225
1131,226
1132,225
1132,226
1133,225
1133,226
1134,225
1134,226
1135,225
1135,226
1136,225
1136,226
1137,225
1137,226
1138,225
1138,226
1139,225
1139,226
1140,225
1140,226
1141,225
1141,226
1142,225
1142,226
1143,225
1143,226
1144,225
1144,226
1145,225
1145,226
1146,225
1146,226
1147,225
1147,226
1148,225
1148,226
1149,225
1149,226
1150,227
1150,228
1150,229
1150,230
1150,231
1151,227
1151,228
1151,229
1151,230
1151,231
1152,227
1152,228
1152,229
1152,230
1152,231
1153,227
1153,228
1153,229
1153,230
1153,231
1154,227
1154,228
1154,229
1154,230
1154,231
1155,227
1155,228
1155,229
1155,230
1155,231
1156,227
1156,228
1156,229
1156,230
1156,231
1157,227
1157,228
1157,229
1157,230
1157,231
1158,227
1158,228
1158,229
1158,230
1158,231
1159,227
1159,228
1159,229
1159,230
1159,231
1160,227
1160,228
1160,229
1160,230
1160,231
1161,227
1161,228
1161,229
1161,230
1161,231
1162,227
1162,228
1162,229
1162,230
1162,231
1163,227
1163,228
1163,229
1163,230
1163,231
1164,227
1164,228
1164,229
1164,230
1164,231
1165,227
1165,228
1165,229
1165,230
1165,231
1166,227
1166,228
1166,229
1166,230
1166,231
1167,227
1167,228
1167,229
1167,230
1167,231
1168,227
1168,228
1168,229
1168,230
1168,231
1169,227
1169,228
1169,229
1169,230
1169,231
1170,227
1170,228
1170,229
1170,230
1170,231
1171,227
1171,228
1171,229
1171,230
1171,231
1172,227
1172,228
1172,229
1172,230
1172,231
1173,227
1173,228
1173,229
1173,230
1173,231
1174,227
1174,228
1174,229
1174,230
1174,231
1175,227
1175,228
1175,229
1175,230
1175,231
1176,227
1176,228
1176,229
1176,230
1176,231
1177,227
1177,228
1177,229
1177,230
1177,231
1178,232
1178,233
1178,234
1178,235
1178,236
1178,237
1178,238
1179,232
1179,233
1179,234
1179,235
1179,236
1179,237
1179,238
1180,232
1180,233
1180,234
1180,235
1180,236
1180,237
1180,238
1181,232
1181,233
1181,234
1181,235
1181,236
1181,237
1181,238
1182,232
1182,233
1182,234
1182,235
1182,236
1182,237
1182,238
1183,232
1183,233
1183,234
1183,235
1183,236
1183,237
1183,238
1184,232
1184,233
1184,234
1184,235
1184,236
1184,237
1184,238
1185,232
1185,233
1185,234
1185,235
1185,236
1185,237
1185,238
1186,232
1186,233
1186,234
1186,235
1186,236
1186,237
1186,238
1187,232
1187,233
1187,234
1187,235
1187,236
1187,237
1187,238
1188,232
1188,233
1188,234
1188,235
1188,236
1188,237
1188,238
1189,232
1189,233
1189,234
1189,235
1189,236
1189,237
1189,238
1190,232
1190,233
1190,234
1190,235
1190,236
1190,237
1190,238
1191,232
1191,233
1191,234
1191,235
1191,236
1191,237
1191,238
1192,232
1192,233
1192,234
1192,235
1192,236
1192,237
1192,238
1193,232
1193,233
1193,234
1193,235
1193,236
1193,237
1193,238
1194,232
1194,233
1194,234
1194,235
1194,236
1194,237
1194,238
1195,232
1195,233
1195,234
1195,235
1195,236
1195,237
1195,238
1196,232
1196,233
1196,234
1196,235
1196,236
1196,237
1196,238
1197,232
1197,233
1197,234
1197,235
1197,236
1197,237
1197,238
1198,232
1198,233
1198,234
1198,235
1198,236
1198,237
1198,238
1199,232
1199,233
1199,234
1199,235
1199,236
1199,237
1199,238
1200,232
1200,233
1200,234
1200,235
1200,236
1200,237
1200,238
1201,232
1201,233
1201,234
1201,235
1201,236
1201,237
1201,238
1202,232
1202,233
1202,234
1202,235
1202,236
1202,237
1202,238
1203,232
1203,233
1203,234
1203,235
1203,236
1203,237
1203,238
1204,232
1204,233
1204,234
1204,235
1204,236
1204,237
1204,238
1205,232
1205,233
1205,234
1205,235
1205,236
1205,237
1205,238
1206,232
1206,233
1206,234
1206,235
1206,236
1206,237
1206,238
1207,239
1207,240
1207,241
1207,242
1207,243
1207,244
1207,245
1208,239
1208,240
1208,241
1208,242
1208,243
1208,244
1208,245
1209,239
1209,240
1209,241
1209,242
1209,243
1209,244
1209,245
1210,239
1210,240
1210,241
1210,242
1210,243
1210,244
1210,245
1211,239
1211,240
1211,241
1211,242
1211,243
1211,244
1211,245
1212,239
1212,240
1212,241
1212,242
1212,243
1212,244
1212,245
1213,239
1213,240
1213,241
1213,242
1213,243
1213,244
1213,245
1214,239
1214,240
1214,241
1214,242
1214,243
1214,244
1214,245
1215,239
1215,240
1215,241
1215,242
1215,243
1215,244
1215,245
1216,239
1216,240
1216,241
1216,242
1216,243
1216,244
1216,245
1217,246
1217,247
1217,248
1217,249
1217,250
1217,251
1217,252
1218,246
1218,247
1218,248
1218,249
1218,250
1218,251
1218,252
1219,246
1219,247
1219,248
1219,249
1219,250
1219,251
1219,252
1220,246
1220,247
1220,248
1220,249
1220,250
1220,251
1220,252
1221,246
1221,247
1221,248
1221,249
1221,250
1221,251
1221,252
1222,246
1222,247
1222,248
1222,249
1222,250
1222,251
1222,252
1223,246
1223,247
1223,248
1223,249
1223,250
1223,251
1223,252
1224,246
1224,247
1224,248
1224,249
1224,250
1224,251
1224,252
1225,246
1225,247
1225,248
1225,249
1225,250
1225,251
1225,252
1226,246
1226,247
1226,248
1226,249
1226,250
1226,251
1226,252
1227,246
1227,247
1227,248
1227,249
1227,250
1227,251
1227,252
1228,246
1228,247
1228,248
1228,249
1228,250
1228,251
1228,252
1229,246
1229,247
1229,248
1229,249
1229,250
1229,251
1229,252
1230,246
1230,247
1230,248
1230,249
1230,250
1230,251
1230,252
1231,246
1231,247
1231,248
1231,249
1231,250
1231,251
1231,252
1232,246
1232,247
1232,248
1232,249
1232,250
1232,251
1232,252
1233,246
1233,247
1233,248
1233,249
1233,250
1233,251
1233,252
1234,246
1234,247
1234,248
1234,249
1234,250
1234,251
1234,252
1235,253
1235,254
1235,255
1235,256
1235,257
1235,258
1235,259
1236,253
1236,254
1236,255
1236,256
1236,257
1236,258
1236,259
1237,253
1237,254
1237,255
1237,256
1237,257
1237,258
1237,259
1238,253
1238,254
1238,255
1238,256
1238,257
1238,258
1238,259
1239,253
1239,254
1239,255
1239,256
1239,257
1239,258
1239,259
1240,253
1240,254
1240,255
1240,256
1240,257
1240,258
1240,259
1241,253
1241,254
1241,255
1241,256
1241,257
1241,258
1241,259
1242,253
1242,254
1242,255
1242,256
1242,257
1242,258
1242,259
1243,253
1243,254
1243,255
1243,256
1243,257
1243,258
1243,259
1244,253
1244,254
1244,255
1244,256
1244,257
1244,258
1244,259
1245,253
1245,254
1245,255
1245,256
1245,257
1245,258
1245,259
1246,253
1246,254
1246,255
1246,256
1246,257
1246,258
1246,259
1247,253
1247,254
1247,255
1247,256
1247,257
1247,258
1247,259
1248,253
1248,254
1248,255
1248,256
1248,257
1248,258
1248,259
1249,253
1249,254
1249,255
1249,256
1249,257
1249,258
1249,259
1250,253
1250,254
1250,255
1250,256
1250,257
1250,258
1250,259
1251,253
1251,254
1251,255
1251,256
1251,257
1251,258
1251,259
1252,253
1252,254
1252,255
1252,256
1252,257
1252,258
1252,259
1253,253
1253,254
1253,255
1253,256
1253,257
1253,258
1253,259
1254,253
1254,254
1254,255
1254,256
1254,257
1254,258
1254,259
1255,253
1255,254
1255,255
1255,256
1255,257
1255,258
1255,259
1256,253
1256,254
1256,255
1256,256
1256,257
1256,258
1256,259
1257,260
1257,261
1257,262
1257,263
1257,264
1257,265
1257,266
1258,260
1258,261
1258,262
1258,263
1258,264
1258,265
1258,266
1259,260
1259,261
1259,262
1259,263
1259,264
1259,265
1259,266
1260,260
1260,261
1260,262
1260,263
1260,264
1260,265
1260,266
1261,260
1261,261
1261,262
1261,263
1261,264
1261,265
1261,266
1262,260
1262,261
1262,262
1262,263
1262,264
1262,265
1262,266
1263,260
1263,261
1263,262
1263,263
1263,264
1263,265
1263,266
1264,260
1264,261
1264,262
1264,263
1264,264
1264,265
1264,266
1265,260
1265,261
1265,262
1265,263
1265,264
1265,265
1265,266
1266,260
1266,261
1266,262
1266,263
1266,264
1266,265
1266,266
1267,267
1267,268
1267,269
1267,270
1267,271
1267,272
1268,267
1268,268
1268,269
1268,270
1268,271
1268,272
1269,267
1269,268
1269,269
1269,270
1269,271
1269,272
1270,267
1270,268
1270,269
1270,270
1270,271
1270,272
1271,267
1271,268
1271,269
1271,270
1271,271
1271,272
1272,267
1272,268
1272,269
1272,270
1272,271
1272,272
1273,267
1273,268
1273,269
1273,270
1273,271
1273,272
1274,267
1274,268
1274,269
1274,270
1274,271
1274,272
1275,267
1275,268
1275,269
1275,270
1275,271
1275,272
1276,267
1276,268
1276,269
1276,270
1276,271
1276,272
1277,267
1277,268
1277,269
1277,270
1277,271
1277,272
1278,267
1278,268
1278,269
1278,270
1278,271
1278,272
1279,267
1279,268
1279,269
1279,270
1279,271
1279,272
1280,267
1280,268
1280,269
1280,270
1280,271
1280,272
1281,267
1281,268
1281,269
1281,270
1281,271
1281,272
1282,267
1282,268
1282,269
1282,270
1282,271
1282,272
1283,267
1283,268
1283,269
1283,270
1283,271
1283,272
1284,267
1284,268
1284,269
1284,270
1284,271
1284,272
1285,267
1285,268
1285,269
1285,270
1285,271
1285,272
1286,267
1286,268
1286,269
1286,270
1286,271
1286,272
1287,267
1287,268
1287,269
1287,270
1287,271
1287,272
1288,267
1288,268
1288,269
1288,270
1288,271
1288,272
1289,267
1289,268
1289,269
1289,270
1289,271
1289,272
1290,267
1290,268
1290,269
1290,270
1290,271
1290,272
1291,267
1291,268
1291,269
1291,270
1291,271
1291,272
1292,267
1292,268
1292,269
1292,270
1292,271
1292,272
1293,267
1293,268
1293,269
1293,270
1293,271
1293,272
1294,267
1294,268
1294,269
1294,270
1294,271
1294,272
1295,273
1295,274
1296,275
1297,276
1298,277
1298,278
1298,279
1298,280
1299,281
1300,282
1300,283
1301,284
1301,285
1302,286
1303,287
1304,288
1305,289
1306,290
1306,291
1307,292
1308,293
1308,294
1308,295
1308,296
1309,297
1309,298
1310,299
1310,300
1311,301
1312,302
1313,303
1314,304
1314,305
1315,306
1316,307
1317,308
1317,309
1317,310
1318,311
1319,312
1320,313
1321,314
1322,315
1323,316
1324,317
1325,318
1326,319
1327,320
1327,321
1328,322
1329,323
1330,324
1331,325
1331,326
1332,327
1332,328
1332,329
1332,330
1333,331
1333,332
1333,333
1334,334
1335,335
1336,336
1337,337
1338,338
1339,339
1340,340
1341,341
1341,342
1341,343
1342,344
1343,345
1344,346
1344,347
1345,348
1345,349
1345,350
1346,351
1347,352
1348,353
1348,354
1348,355
1349,356
1350,357
1351,358
1351,359
1352,360
1353,361
1354,362
1354,363
1355,364
1356,365
1357,366
1358,367
1359,368
1360,369
1361,370
1362,371
1362,372
1362,373
1363,374
1363,375
1364,376
1364,377
1365,378
1366,379
1367,380
1368,381
1369,382
1369,383
1369,384
1370,385
1370,386
1371,387
1371,388
1372,389
1372,390
1372,391
1373,392
1373,393
1373,394
1373,395
1374,396
1375,397
1376,398
1377,399
1378,400
1379,401
1380,402
1380,403
1381,404
1382,405
1382,406
1382,407
1383,408
1384,409
1385,410
1386,411
1386,412
1386,413
1386,414
1387,415
1388,416
1388,417
1389,418
1389,419
1390,420
1391,421
1391,422
1392,423
1393,424
1394,425
1395,426
1396,427
1396,428
1397,429
1398,430
1399,431
1400,432
1401,433
1401,434
1401,435
1401,436
1402,437
1403,438
1404,439
1404,440
1405,441
1405,442
1406,443
1406,444
1407,445
1408,446
1408,447
1408,448
1409,449
1410,450
1410,451
1410,452
1410,453
1411,454
1411,455
1412,456
1413,457
1414,458
1414,459
1414,460
1414,461
1415,462
1416,463
1417,464
1418,465
1418,466
1419,467
1419,468
1420,469
1421,470
1422,471
1422,472
1423,473
1424,474
1425,475
1426,476
1427,477
1428,478
1429,479
1430,480
1430,481
1431,482
1431,483
1432,484
1433,485
1433,486
1434,487
1435,488
1436,489
1437,490
1437,491
1437,492
1437,493
1438,494
1438,495
1438,496
1438,497
1439,498
1440,499
1441,500
1442,501
1442,502
1443,503
1444,504
1445,505
1446,506
1447,507
1447,508
1448,509
1449,510
1449,511
1450,512
1450,513
1451,514
1452,515
1453,516
1453,517
1454,518
1455,519
1455,520
1455,521
1455,522
1456,523
1457,524
1458,525
1458,526
1459,527
1460,528
1460,529
1461,530
1461,531
1462,532
1463,533
1463,534
1463,535
1464,536
1465,537
1465,538
1465,539
1466,540
1466,541
1467,542
1467,543
1468,544
1469,545
1470,546
1470,547
1471,548
1472,549
1473,550
1474,551
1474,552
1474,553
1474,554
1475,555
1476,556
1476,557
1477,558
1478,559
1479,560
1479,561
1480,562
1480,563
1481,564
1481,565
1482,566
1482,567
1482,568
1483,569
1483,570
1483,571
1484,572
1485,573
1485,574
1485,575
1486,576
1487,577
1488,578
1488,579
1489,580
1489,581
1490,582
1490,583
1490,584
1490,585
1491,586
1492,587
1493,588
1494,589
1495,590
1496,591
1496,592
1496,593
1497,594
1498,595
1499,596
1500,597
1501,598
1501,599
1501,600
1502,601
1502,602
1503,603
1503,604
1503,605
1503,606
1504,607
1505,608
1506,609
1506,610
1507,611
1507,612
1508,613
1509,614
1510,615
1511,616
1511,617
1512,618
1513,619
1513,620
1514,621
1515,622
1515,623
1515,624
1516,625
1517,626
1517,627
1518,628
1519,629
1520,630
1520,631
1520,632
1521,633
1522,634
1523,635
1524,636
1524,637
1524,638
1525,639
1526,640
1527,641
1528,642
1528,643
1529,644
1530,645
1531,646
1532,647
1532,648
1532,649
1533,650
1533,651
1533,652
1534,653
1535,654
1535,655
1536,656
1537,657
1537,658
1538,659
1538,660
1538,661
1539,662
1539,663
1540,664
1541,665
1541,666
1542,667
1542,668
1543,669
1544,670
1545,671
1545,672
1546,673
1547,674
1547,675
1548,676
1549,677
1550,678
1550,679
1550,680
1551,681
1551,682
1551,683
1552,684
1552,685
1552,686
1553,687
1553,688
1553,689
1553,690
1554,691
1555,692
1555,693
1556,694
1557,695
1557,696
1557,697
1558,698
1559,699
1560,700
1561,701
1562,702
1562,703
1563,704
1563,705
1564,706
1565,707
1566,708
1567,709
1568,710
1568,711
1568,712
1569,713
1570,714
1571,715
1571,716
1571,717
1571,718
1572,719
1573,720
1574,721
1574,722
1575,723
1576,724
1577,725
1577,726
1578,727
1579,728
1579,729
1580,730
1580,731
1580,732
1580,733
1581,734
1581,735
1582,736
1582,737
1583,738
1584,739
1585,740
1586,741
1587,742
1587,743
1588,744
1589,745
1589,746
1590,747
1591,748
1591,749
1592,750
1592,751
1592,752
1593,753
1594,754
1595,755
1596,756
1597,757
1597,758
1598,759
1598,760
1598,761
1599,762
1599,763
1599,764
1600,765
1601,766
1601,767
1602,768
1602,769
1603,770
1604,771
1604,772
1604,773
1604,774
1605,775
1606,776
1606,777
1607,778
1608,779
1608,780
1609,781
1610,782
1610,783
1611,784
1611,785
1611,786
1611,787
1612,788
1613,789
1614,790
1614,791
1615,792
1616,793
1616,794
1617,795
1618,796
1619,797
1619,798
1620,799
1620,800
1620,801
1621,802
1621,803
1622,804
1623,805
1624,806
1624,807
1625,808
1626,809
1627,810
1627,811
1627,812
1627,813
1628,814
1629,815
1629,816
1629,817
1629,818
1630,819
1631,820
1632,821
1633,822
1633,823
1634,824
1634,825
1635,826
1635,827
1636,828
1637,829
1638,830
1639,831
1639,832
1639,833
1639,834
1640,835
1640,836
1641,837
1642,838
1643,839
1643,840
1644,841
1645,842
1646,843
1646,844
1647,845
1647,846
1648,847
1649,848
1650,849
1651,850
1651,851
1651,852
1652,853
1652,854
1653,855
1653,856
1653,857
1654,858
1655,859
1656,860
1657,861
1658,862
1658,863
1659,864
1659,865
1660,866
1661,867
1662,868
1662,869
1662,870
1663,871
1664,872
1665,873
1666,874
1666,875
1667,876
1667,877
1668,878
1668,879
1669,880
1670,881
1670,882
1671,883
1672,884
1673,885
1674,886
1675,887
1676,888
1677,889
1678,890
1678,891
1679,892
1680,893
1680,894
1681,895
1681,896
1681,897
1682,898
1683,899
1684,900
1684,901
1684,902
1685,903
1685,904
1686,905
1687,906
1687,907
1687,908
1687,909
1688,910
1689,911
1689,912
1689,913
1690,914
1690,915
1691,916
1691,917
1691,918
1691,919
1692,920
1693,921
1694,922
1695,923
1695,924
1695,925
1696,926
1696,927
1697,928
1697,929
1698,930
1699,931
1699,932
1700,933
1700,934
1701,935
1701,936
1701,937
1702,938
1702,939
1703,940
1703,941
1703,942
1703,943
1704,944
1704,945
1704,946
1705,947
1706,948
1707,949
1708,950
1708,951
1708,952
1708,953
1709,954
1709,955
1710,956
1710,957
1711,958
1711,959
1712,960
1712,961
1712,962
1712,963
1713,964
1714,965
1715,966
1716,967
1717,968
1717,969
1717,970
1718,971
1719,972
1720,973
1721,974
1721,975
1721,976
1722,977
1722,978
1723,979
1724,980
1724,981
1725,982
1725,983
1725,984
1726,985
1726,986
1726,987
1726,988
1727,989
1727,990
1728,991
1729,992
1729,993
1730,994
1731,995
1731,996
1731,997
1731,998
1732,999
1733,1000
1734,1001
1735,1002
1736,1003
1737,1004
1738,1005
1738,1006
1738,1007
1739,1008
1740,1009
1741,1010
1741,1011
1741,1012
1742,1013
1743,1014
1743,1015
1744,1016
1745,1017
1745,1018
1746,1019
1746,1020
1746,1021
1746,1022
1747,1023
1747,1024
1748,1025
1749,1026
1750,1027
1750,1028
1750,1029
1751,1030
1751,1031
1752,1032
1753,1033
1754,1034
1755,1035
1755,1036
1755,1037
1756,1038
1757,1039
1758,1040
1759,1041
1759,1042
1759,1043
1759,1044
1760,1045
1761,1046
1762,1047
1762,1048
1763,1049
1763,1050
1764,1051
1765,1052
1765,1053
1766,1054
1767,1055
1767,1056
1768,1057
1769,1058
1769,1059
1770,1060
1771,1061
1771,1062
1771,1063
1772,1064
1772,1065
1773,1066
1774,1067
1774,1068
1775,1069
1775,1070
1776,1071
1776,1072
1777,1073
1777,1074
1778,1075
1778,1076
1779,1077
1780,1078
1781,1079
1782,1080
1783,1081
1783,1082
1783,1083
1783,1084
1784,1085
1785,1086
1785,1087
1786,1088
1786,1089
1787,1090
1787,1091
1787,1092
1787,1093
1788,1094
1789,1095
1790,1096
1790,1097
1790,1098
1791,1099
1791,1100
1791,1101
1792,1102
1793,1103
1793,1104
1794,1105
1794,1106
1794,1107
1794,1108
1795,1109
1795,1110
1796,1111
1797,1112
1798,1113
1799,1114
1800,1115
1801,1116
1801,1117
1802,1118
1802,1119
1802,1120
1803,1121
1804,1122
1804,1123
1804,1124
1804,1125
1805,1126
1805,1127
1806,1128
1807,1129
1808,1130
1808,1131
1809,1132
1809,1133
1810,1134
1810,1135
1811,1136
1811,1137
1812,1138
1813,1139
1814,1140
1814,1141
1815,1142
1815,1143
1816,1144
1816,1145
1817,1146
1817,1147
1817,1148
1817,1149
1818,1150
1818,1151
1819,1152
1819,1153
1820,1154
1820,1155
1820,1156
1820,1157
1821,1158
1822,1159
1823,1160
1824,1161
1825,1162
1825,1163
1825,1164
1826,1165
1827,1166
1827,1167
1828,1168
1828,1169
1829,1170
1830,1171
1830,1172
1830,1173
1830,1174
1831,1175
1832,1176
1833,1177
1834,1178
1835,1179
1836,1180
1837,1181
1838,1182
1839,1183
1840,1184
1841,1185
1842,1186
1843,1187
1843,1188
1844,1189
1844,1190
1845,1191
1845,1192
1846,1193
1847,1194
1848,1195
1849,1196
1849,1197
1850,1198
1850,1199
1851,1200
1852,1201
1852,1202
1853,1203
1854,1204
1855,1205
1855,1206
1855,1207
1856,1208
1857,1209
1858,1210
1859,1211
1860,1212
1860,1213
1861,1214
1861,1215
1862,1216
1862,1217
1863,1218
1864,1219
1864,1220
1865,1221
1865,1222
1866,1223
1866,1224
1867,1225
1868,1226
1869,1227
1869,1228
1869,1229
1869,1230
1870,1231
1870,1232
1870,1233
1871,1234
1872,1235
1872,1236
1872,1237
1873,1238
1874,1239
1875,1240
1876,1241
1877,1242
1878,1243
1879,1244
1880,1245
1880,1246
1880,1247
1881,1248
1882,1249
1882,1250
1882,1251
1883,1252
1884,1253
1884,1254
1885,1255
1885,1256
1885,1257
1885,1258
1886,1259
1887,1260
1888,1261
1889,1262
1890,1263
1890,1264
1891,1265
1892,1266
1893,1267
1894,1268
1894,1269
1895,1270
1895,1271
1895,1272
1895,1273
1896,1274
1896,1275
1897,1276
1898,1277
1898,1278
1899,1279
1900,1280
1900,1281
1901,1282
1902,1283
1902,1284
1902,1285
1902,1286
1903,1287
1904,1288
1905,1289
1906,1290
1906,1291
1906,1292
1906,1293
1907,1294
1908,1295
1908,1296
1909,1297
1909,1298
1910,1299
1911,1300
1911,1301
1912,1302
1913,1303
1914,1304
1914,1305
1915,1306
1916,1307
1916,1308
1917,1309
1917,1310
1918,1311
1918,1312
1919,1313
1920,1314
1921,1315
1922,1316
1923,1317
1923,1318
1923,1319
1924,1320
1925,1321
1925,1322
1925,1323
1925,1324
1926,1325
1927,1326
1927,1327
1927,1328
1928,1329
1929,1330
1930,1331
1931,1332
1932,1333
1933,1334
1934,1335
1934,1336
1934,1337
1935,1338
1936,1339
1936,1340
1936,1341
1936,1342
1937,1343
1937,1344
1937,1345
1938,1346
1939,1347
1939,1348
1939,1349
1939,1350
1940,1351
1940,1352
1940,1353
1941,1354
1942,1355
1942,1356
1943,1357
1944,1358
1944,1359
1945,1360
1946,1361
1947,1362
1947,1363
1947,1364
1948,1365
1949,1366
1950,1367
1950,1368
1951,1369
1951,1370
1951,1371
1952,1372
1952,1373
1953,1374
1953,1375
1954,1376
1955,1377
1956,1378
1956,1379
1957,1380
1958,1381
1959,1382
1960,1383
1961,1384
1961,1385
1962,1386
1962,1387
1962,1388
1963,1389
1963,1390
1963,1391
1964,1392
1965,1393
1965,1394
1965,1395
1966,1396
1967,1397
1968,1398
1969,1399
1970,1400
1971,1401
1971,1402
1972,1403
1973,1404
1974,1405
1975,1406
1976,1407
1977,1408
1977,1409
1977,1410
1978,1411
1979,1412
1980,1413
1981,1414
1981,1415
1981,1416
1982,1417
1982,1418
1983,1419
1984,1420
1984,1421
1984,1422
1985,1423
1986,1424
1987,1425
1987,1426
1988,1427
1988,1428
1988,1429
1989,1430
1989,1431
1989,1432
1990,1433
1991,1434
1992,1435
1993,1436
1994,1437
1994,1438
1995,1439
1996,1440
1996,1441
1997,1442
1998,1443
1999,1444
2000,1445
2000,1446
2000,1447
2000,1448
2001,1449
2002,1450
2003,1451
2003,1452
2003,1453
2004,1454
2005,1455
2006,1456
2007,1457
2008,1458
2009,1459
2009,1460
2010,1461
2011,1462
2011,1463
2012,1464
2013,1465
2013,1466
2014,1467
2014,1468
2014,1469
2014,1470
2015,1471
2016,1472
2017,1473
2018,1474
2019,1475
2020,1476
2021,1477
2022,1478
2022,1479
2023,1480
2024,1481
2024,1482
2024,1483
2025,1484
2026,1485
2026,1486
2027,1487
2028,1488
2029,1489
2030,1490
2031,1491
2032,1492
2032,1493
2033,1494
2034,1495
2035,1496
2035,1497
2036,1498
2037,1499
2037,1500
2038,1501
2038,1502
2039,1503
2039,1504
2040,1505
2041,1506
2042,1507
2042,1508
2042,1509
2042,1510
2043,1511
2044,1512
2045,1513
2045,1514
2046,1515
2047,1516
2048,1517
2049,1518
2050,1519
2051,1520
2051,1521
2052,1522
2053,1523
2053,1524
2053,1525
2054,1526
2054,1527
2054,1528
2054,1529
2055,1530
2055,1531
2055,1532
2056,1533
2057,1534
2057,1535
2057,1536
2058,1537
2059,1538
2060,1539
2061,1540
2062,1541
2063,1542
2063,1543
2064,1544
2065,1545
2065,1546
2066,1547
2067,1548
2068,1549
2068,1550
2069,1551
2069,1552
2070,1553
2070,1554
2071,1555
2072,1556
2073,1557
2074,1558
2074,1559
2074,1560
2074,1561
2075,1562
2076,1563
2076,1564
2077,1565
2077,1566
2078,1567
2078,1568
2079,1569
2080,1570
2081,1571
2081,1572
2082,1573
2083,1574
2084,1575
2085,1576
2086,1577
2086,1578
2087,1579
2087,1580
2088,1581
2089,1582
2090,1583
2090,1584
2091,1585
2092,1586
2093,1587
2093,1588
2094,1589
2094,1590
2095,1591
2095,1592
2095,1593
2095,1594
2096,1595
2097,1596
2098,1597
2099,1598
2099,1599
2100,1600
2101,1601
2102,1602
2102,1603
2103,1604
2104,1605
2105,1606
2106,1607
2107,1608
2108,1609
2108,1610
2109,1611
2109,1612
2109,1613
2109,1614
2110,1615
2111,1616
2112,1617
2112,1618
2113,1619
2114,1620
2115,1621
2116,1622
2116,1623
2117,1624
2118,1625
2118,1626
2118,1627
2118,1628
2119,1629
2120,1630
2121,1631
2121,1632
2121,1633
2122,1634
2122,1635
2122,1636
2123,1637
2124,1638
2125,1639
2126,1640
2127,1641
2128,1642
2129,1643
2130,1644
2131,1645
2132,1646
2132,1647
2132,1648
2133,1649
2133,1650
2133,1651
2133,1652
2134,1653
2134,1654
2135,1655
2135,1656
2136,1657
2136,1658
2137,1659
2138,1660
2139,1661
2140,1662
2141,1663
2141,1664
2142,1665
2142,1666
2143,1667
2143,1668
2144,1669
2145,1670
2145,1671
2146,1672
2146,1673
2147,1674
2147,1675
2148,1676
2148,1677
2148,1678
2149,1679
2149,1680
2150,1681
2151,1682
2152,1683
2153,1684
2154,1685
2155,1686
2155,1687
2156,1688
2157,1689
2158,1690
2158,1691
2159,1692
2160,1693
2160,1694
2161,1695
2162,1696
2163,1697
2164,1698
2165,1699
2166,1700
2167,1701
2167,1702
2168,1703
2169,1704
2170,1705
2171,1706
2172,1707
2172,1708
2173,1709
2174,1710
2175,1711
2176,1712
2177,1713
2177,1714
2177,1715
2177,1716
2178,1717
2178,1718
2179,1719
2179,1720
2180,1721
2181,1722
2182,1723
2183,1724
2183,1725
2184,1726
2184,1727
2185,1728
2186,1729
2186,1730
2187,1731
2188,1732
2189,1733
2190,1734
2190,1735
2191,1736
2191,1737
2192,1738
2192,1739
2193,1740
2194,1741
2194,1742
2195,1743
2195,1744
2196,1745
2197,1746
2197,1747
2197,1748
2198,1749
2199,1750
2200,1751
2201,1752
2201,1753
2202,1754
2202,1755
2202,1756
2203,1757
2204,1758
2204,1759
2205,1760
2205,1761
2205,1762
2206,1763
2206,1764
2207,1765
2208,1766
2208,1767
2209,1768
2210,1769
2211,1770
2211,1771
2211,1772
2212,1773
2212,1774
2212,1775
2213,1776
2214,1777
2215,1778
2216,1779
2216,1780
2217,1781
2217,1782
2217,1783
2218,1784
2218,1785
2219,1786
2219,1787
2219,1788
2220,1789
2221,1790
2222,1791
2222,1792
2223,1793
2224,1794
2224,1795
2225,1796
2226,1797
2226,1798
2227,1799
2228,1800
2229,1801
2230,1802
2230,1803
2231,1804
2232,1805
2232,1806
2232,1807
2232,1808
2233,1809
2233,1810
2234,1811
2235,1812
2236,1813
2236,1814
2236,1815
2236,1816
2237,1817
2238,1818
2238,1819
2239,1820
2240,1821
2240,1822
2241,1823
2242,1824
2243,1825
2244,1826
2245,1827
2245,1828
2245,1829
2245,1830
2246,1831
2247,1832
2248,1833
2249,1834
2250,1835
2250,1836
2251,1837
2252,1838
2253,1839
2254,1840
2255,1841
2255,1842
2256,1843
2257,1844
2258,1845
2259,1846
2260,1847
2260,1848
2261,1849
2262,1850
2262,1851
2262,1852
2262,1853
2263,1854
2263,1855
2264,1856
2265,1857
2266,1858
2266,1859
2267,1860
2268,1861
2268,1862
2269,1863
2270,1864
2271,1865
2272,1866
2273,1867
2274,1868
2274,1869
2275,1870
2276,1871
2276,1872
2277,1873
2277,1874
2277,1875
2277,1876
2278,1877
2279,1878
2280,1879
2281,1880
2282,1881
2282,1882
2283,1883
2284,1884
2284,1885
2285,1886
2286,1887
2287,1888
2288,1889
2289,1890
2290,1891
2291,1892
2292,1893
2293,1894
2293,1895
2294,1896
2295,1897
2295,1898
2296,1899
2297,1900
2298,1901
2298,1902
2298,1903
2299,1904
2299,1905
2299,1906
2300,1907
2301,1908
2302,1909
2303,1910
2304,1911
2305,1912
2305,1913
2305,1914
2306,1915
2306,1916
2306,1917
2307,1918
2307,1919
2308,1920
2308,1921
2308,1922
2309,1923
2309,1924
2310,1925
2310,1926
2311,1927
2312,1928
2312,1929
2312,1930
2313,1931
2314,1932
2314,1933
2315,1934
2316,1935
2316,1936
2317,1937
2318,1938
2318,1939
2319,1940
2319,1941
2320,1942
2320,1943
2320,1944
2321,1945
2322,1946
2323,1947
2324,1948
2325,1949
2325,1950
2325,1951
2326,1952
2326,1953
2326,1954
2327,1955
2327,1956
2328,1957
2329,1958
2329,1959
2329,1960
2330,1961
2331,1962
2331,1963
2331,1964
2332,1965
2333,1966
2334,1967
2334,1968
2334,1969
2335,1970
2336,1971
2337,1972
2337,1973
2338,1974
2339,1975
2340,1976
2341,1977
2341,1978
2341,1979
2342,1980
2343,1981
2344,1982
2345,1983
2346,1984
2347,1985
2348,1986
2348,1987
2349,1988
2349,1989
2349,1990
2349,1991
2350,1992
2350,1993
2350,1994
2350,1995
2351,1996
2352,1997
2353,1998
2354,1999
2355,2000
2356,2001
2357,2002
2358,2003
2359,2004
2360,2005
2361,2006
2361,2007
2361,2008
2362,2009
2363,2010
2364,2011
2365,2012
2365,2013
2366,2014
2367,2015
2367,2016
2367,2017
2367,2018
2368,2019
2368,2020
2369,2021
2370,2022
2371,2023
2372,2024
2373,2025
2373,2026
2374,2027
2375,2028
2376,2029
2377,2030
2378,2031
2379,2032
2380,2033
2381,2034
2382,2035
2382,2036
2382,2037
2383,2038
2384,2039
2385,2040
2386,2041
2386,2042
2386,2043
2387,2044
2387,2045
2387,2046
2388,2047
2389,2048
2390,2049
2390,2050
2391,2051
2392,2052
2392,2053
2392,2054
2393,2055
2393,2056
2394,2057
2394,2058
2394,2059
2395,2060
2396,2061
2397,2062
2398,2063
2399,2064
2399,2065
2400,2066
2401,2067
2401,2068
2401,2069
2401,2070
2402,2071
2403,2072
2404,2073
2405,2074
2406,2075
2407,2076
2408,2077
2408,2078
2409,2079
2409,2080
2409,2081
2410,2082
2410,2083
2411,2084
2411,2085
2412,2086
2412,2087
2413,2088
2414,2089
2415,2090
2416,2091
2416,2092
2416,2093
2417,2094
2417,2095
2417,2096
2418,2097
2419,2098
2420,2099
2421,2100
2421,2101
2421,2102
2422,2103
2423,2104
2424,2105
2425,2106
2426,2107
2427,2108
2428,2109
2429,2110
2429,2111
2430,2112
2430,2113
2431,2114
2431,2115
2432,2116
2432,2117
2432,2118
2433,2119
2433,2120
2434,2121
2434,2122
2434,2123
2434,2124
2435,2125
2435,2126
2436,2127
2437,2128
2438,2129
2439,2130
2439,2131
2439,2132
2440,2133
2441,2134
2441,2135
2441,2136
2442,2137
2442,2138
2443,2139
2443,2140
2444,2141
2445,2142
2446,2143
2447,2144
2448,2145
2448,2146
2449,2147
2450,2148
2451,2149
2451,2150
2452,2151
2452,2152
2453,2153
2454,2154
2455,2155
2456,2156
2457,2157
2458,2158
2459,2159
2460,2160
2461,2161
2462,2162
2462,2163
2462,2164
2462,2165
2463,2166
2463,2167
2463,2168
2464,2169
2464,2170
2464,2171
2465,2172
2465,2173
2465,2174
2466,2175
2466,2176
2467,2177
2467,2178
2467,2179
2468,2180
2469,2181
2470,2182
2471,2183
2471,2184
2472,2185
2473,2186
2473,2187
2474,2188
2475,2189
2475,2190
2475,2191
2475,2192
2476,2193
2477,2194
2478,2195
2479,2196
2480,2197
2481,2198
2482,2199
2483,2200
2483,2201
2484,2202
2485,2203
2485,2204
2486,2205
2486,2206
2487,2207
2487,2208
2488,2209
2489,2210
2490,2211
2490,2212
2490,2213
2491,2214
2491,2215
2492,2216
2493,2217
2494,2218
2494,2219
2495,2220
2496,2221
2496,2222
2496,2223
2497,2224
2498,2225
2498,2226
2498,2227
2499,2228
2499,2229
2500,2230
2500,2231
2501,2232
2502,2233
2503,2234
2504,2235
2505,2236
2506,2237
2506,2238
2506,2239
2507,2240
2507,2241
2507,2242
2508,2243
2509,2244
2510,2245
2511,2246
2512,2247
2512,2248
2513,2249
2513,2250
2514,2251
2515,2252
2516,2253
2517,2254
2517,2255
2517,2256
2518,2257
2519,2258
2520,2259
2521,2260
2522,2261
2522,2262
2523,2263
2524,2264
2525,2265
2526,2266
2526,2267
2527,2268
2528,2269
2529,2270
2530,2271
2531,2272
2531,2273
2532,2274
2532,2275
2532,2276
2533,2277
2533,2278
2533,2279
2534,2280
2534,2281
2534,2282
2534,2283
2535,2284
2536,2285
2536,2286
2536,2287
2537,2288
2538,2289
2539,2290
2540,2291
2541,2292
2542,2293
2542,2294
2543,2295
2544,2296
2545,2297
2545,2298
2545,2299
2546,2300
2547,2301
2548,2302
2549,2303
2550,2304
2551,2305
2551,2306
2551,2307
2552,2308
2553,2309
2553,2310
2553,2311
2554,2312
2555,2313
2556,2314
2557,2315
2557,2316
2558,2317
2558,2318
2559,2319
2559,2320
2560,2321
2561,2322
2562,2323
2563,2324
2564,2325
2564,2326
2565,2327
2565,2328
2565,2329
2565,2330
2566,2331
2567,2332
2568,2333
2569,2334
2570,2335
2571,2336
2572,2337
2572,2338
2573,2339
2573,2340
2574,2341
2575,2342
2576,2343
2577,2344
2577,2345
2578,2346
2579,2347
2580,2348
2581,2349
2582,2350
2583,2351
2584,2352
2585,2353
2586,2354
2587,2355
2587,2356
2588,2357
2588,2358
2588,2359
2588,2360
2589,2361
2589,2362
2590,2363
2591,2364
2592,2365
2593,2366
2593,2367
2594,2368
2595,2369
2596,2370
2597,2371
2598,2372
2598,2373
2599,2374
2599,2375
2600,2376
2600,2377
2601,2378
2601,2379
2602,2380
2602,2381
2603,2382
2604,2383
2605,2384
2606,2385
2607,2386
2608,2387
2608,2388
2609,2389
2609,2390
2610,2391
2611,2392
2612,2393
2613,2394
2613,2395
2613,2396
2614,2397
2614,2398
2615,2399
2616,2400
2617,2401
2618,2402
2618,2403
2619,2404
2620,2405
2621,2406
2621,2407
2621,2408
2621,2409
2622,2410
2622,2411
2622,2412
2623,2413
2624,2414
2625,2415
2625,2416
2626,2417
2626,2418
2626,2419
2627,2420
2628,2421
2629,2422
2629,2423
2630,2424
2630,2425
2631,2426
2632,2427
2633,2428
2634,2429
2635,2430
2636,2431
2637,2432
2637,2433
2638,2434
2639,2435
2640,2436
2640,2437
2640,2438
2641,2439
2642,2440
2643,2441
2644,2442
2645,2443
2646,2444
2646,2445
2647,2446
2647,2447
2647,2448
2648,2449
2649,2450
2649,2451
2650,2452
2651,2453
2651,2454
2651,2455
2652,2456
2653,2457
2653,2458
2654,2459
2654,2460
2654,2461
2655,2462
2656,2463
2656,2464
2657,2465
2657,2466
2658,2467
2659,2468
2659,2469
2660,2470
2661,2471
2662,2472
2662,2473
2663,2474
2664,2475
2664,2476
2665,2477
2666,2478
2667,2479
2668,2480
2669,2481
2670,2482
2671,2483
2672,2484
2672,2485
2673,2486
2673,2487
2673,2488
2673,2489
2674,2490
2675,2491
2676,2492
2677,2493
2677,2494
2677,2495
2678,2496
2679,2497
2680,2498
2680,2499
2681,2500
2682,2501
2682,2502
2682,2503
2682,2504
2683,2505
2684,2506
2685,2507
2686,2508
2687,2509
2688,2510
2688,2511
2689,2512
2690,2513
2690,2514
2690,2515
2690,2516
2691,2517
2691,2518
2692,2519
2693,2520
2694,2521
2694,2522
2694,2523
2695,2524
2696,2525
2697,2526
2697,2527
2697,2528
2698,2529
2699,2530
2699,2531
2699,2532
2700,2533
2701,2534
2701,2535
2702,2536
2703,2537
2704,2538
2705,2539
2706,2540
2707,2541
2708,2542
2709,2543
2709,2544
2710,2545
2710,2546
2711,2547
2711,2548
2711,2549
2712,2550
2713,2551
2714,2552
2715,2553
2715,2554
2715,2555
2716,2556
2717,2557
2717,2558
2718,2559
2719,2560
2719,2561
2719,2562
2720,2563
2721,2564
2722,2565
2722,2566
2722,2567
2722,2568
2723,2569
2723,2570
2724,2571
2725,2572
2725,2573
2725,2574
2725,2575
2726,2576
2727,2577
2727,2578
2728,2579
2729,2580
2730,2581
2730,2582
2731,2583
2732,2584
2733,2585
2734,2586
2734,2587
2734,2588
2735,2589
2736,2590
2736,2591
2736,2592
2736,2593
2737,2594
2738,2595
2739,2596
2740,2597
2741,2598
2741,2599
2742,2600
2742,2601
2742,2602
2743,2603
2744,2604
2745,2605
2746,2606
2746,2607
2746,2608
2747,2609
2748,2610
2749,2611
2749,2612
2750,2613
2751,2614
2752,2615
2752,2616
2753,2617
2753,2618
2753,2619
2754,2620
2754,2621
2755,2622
2756,2623
2756,2624
2757,2625
2758,2626
2758,2627
2759,2628
2759,2629
2759,2630
2760,2631
2760,2632
2761,2633
2762,2634
2763,2635
2764,2636
2765,2637
2765,2638
2766,2639
2766,2640
2766,2641
2766,2642
2767,2643
2767,2644
2768,2645
2769,2646
2769,2647
2769,2648
2770,2649
2771,2650
2772,2651
2773,2652
2773,2653
2773,2654
2773,2655
2774,2656
2775,2657
2776,2658
2776,2659
2777,2660
2778,2661
2779,2662
2779,2663
2780,2664
2780,2665
2781,2666
2781,2667
2782,2668
2783,2669
2784,2670
2785,2671
2785,2672
2786,2673
2787,2674
2788,2675
2788,2676
2789,2677
2789,2678
2790,2679
2791,2680
2791,2681
2791,2682
2791,2683
2792,2684
2793,2685
2794,2686
2795,2687
2796,2688
2797,2689
2798,2690
2799,2691
2799,2692
2800,2693
2800,2694
2800,2695
2801,2696
2802,2697
2802,2698
2802,2699
2802,2700
2803,2701
2804,2702
2805,2703
2806,2704
2807,2705
2808,2706
2809,2707
2810,2708
2810,2709
2810,2710
2811,2711
2812,2712
2812,2713
2813,2714
2814,2715
2815,2716
2815,2717
2816,2718
2816,2719
2816,2720
2816,2721
2817,2722
2818,2723
2819,2724
2820,2725
2821,2726
2821,2727
2822,2728
2823,2729
2824,2730
2825,2731
2826,2732
2827,2733
2828,2734
2829,2735
2830,2736
2831,2737
2831,2738
2832,2739
2832,2740
2832,2741
2833,2742
2834,2743
2835,2744
2836,2745
2837,2746
2837,2747
2837,2748
2838,2749
2839,2750
2840,2751
2841,2752
2842,2753
2843,2754
2844,2755
2844,2756
2845,2757
2846,2758
2846,2759
2847,2760
2848,2761
2849,2762
2850,2763
2851,2764
2852,2765
2853,2766
2853,2767
2854,2768
2855,2769
2856,2770
2857,2771
2858,2772
2859,2773
2860,2774
2861,2775
2862,2776
2862,2777
2863,2778
2864,2779
2864,2780
2865,2781
2866,2782
2867,2783
2868,2784
2869,2785
2870,2786
2870,2787
2870,2788
2871,2789
2871,2790
2871,2791
2872,2792
2873,2793
2873,2794
2874,2795
2875,2796
2875,2797
2876,2798
2876,2799
2877,2800
2878,2801
2879,2802
2879,2803
2879,2804
2880,2805
2880,2806
2881,2807
2882,2808
2883,2809
2884,2810
2884,2811
2884,2812
2884,2813
2885,2814
2886,2815
2887,2816
2888,2817
2889,2818
2890,2819
2890,2820
2891,2821
2892,2822
2893,2823
2893,2824
2894,2825
2895,2826
2895,2827
2895,2828
2896,2829
2897,2830
2898,2831
2899,2832
2899,2833
2899,2834
2900,2835
2900,2836
2900,2837
2900,2838
2901,2839
2901,2840
2902,2841
2903,2842
2904,2843
2904,2844
2904,2845
2905,2846
2906,2847
2907,2848
2907,2849
2908,2850
2909,2851
2910,2852
2911,2853
2912,2854
2913,2855
2914,2856
2915,2857
2916,2858
2917,2859
2917,2860
2917,2861
2918,2862
2919,2863
2920,2864
2920,2865
2920,2866
2921,2867
2922,2868
2922,2869
2923,2870
2923,2871
2923,2872
2924,2873
2925,2874
2925,2875
2926,2876
2927,2877
2928,2878
2928,2879
2928,2880
2928,2881
2929,2882
2929,2883
2930,2884
2931,2885
2932,2886
2933,2887
2934,2888
2934,2889
2935,2890
2935,2891
2935,2892
2935,2893
2936,2894
2936,2895
2937,2896
2938,2897
2939,2898
2940,2899
2941,2900
2942,2901
2942,2902
2943,2903
2943,2904
2944,2905
2945,2906
2946,2907
2946,2908
2947,2909
2947,2910
2948,2911
2949,2912
2950,2913
2951,2914
2952,2915
2952,2916
2952,2917
2953,2918
2954,2919
2955,2920
2956,2921
2956,2922
2957,2923
2958,2924
2959,2925
2959,2926
2959,2927
2959,2928
2960,2929
2960,2930
2961,2931
2962,2932
2962,2933
2962,2934
2963,2935
2963,2936
2964,2937
2965,2938
2966,2939
2967,2940
2968,2941
2969,2942
2970,2943
2970,2944
2971,2945
2972,2946
2973,2947
2974,2948
2975,2949
2976,2950
2977,2951
2978,2952
2979,2953
2979,2954
2980,2955
2981,2956
2981,2957
2981,2958
2981,2959
2982,2960
2983,2961
2983,2962
2983,2963
2984,2964
2985,2965
2986,2966
2987,2967
2988,2968
2988,2969
2989,2970
2990,2971
2991,2972
2991,2973
2991,2974
2991,2975
2992,2976
2992,2977
2992,2978
2993,2979
2993,2980
2994,2981
2994,2982
2995,2983
2996,2984
2996,2985
2997,2986
2997,2987
2998,2988
2999,2989
2999,2990
2999,2991
3000,2992
3001,2993
3002,2994
3003,2995
3004,2996
3004,2997
3004,2998
3005,2999
3006,3000
3006,3001
3007,3002
3008,3003
3009,3004
3010,3005
3011,3006
3011,3007
3011,3008
3012,3009
3013,3010
3014,3011
3015,3012
3016,3013
3017,3014
3017,3015
3018,3016
3018,3017
3019,3018
3020,3019
3021,3020
3022,3021
3023,3022
3024,3023
3025,3024
3025,3025
3026,3026
3027,3027
3027,3028
3028,3029
3029,3030
3030,3031
3030,3032
3030,3033
3031,3034
3031,3035
3031,3036
3032,3037
3033,3038
3034,3039
3035,3040
3036,3041
3036,3042
3037,3043
3037,3044
3038,3045
3039,3046
3039,3047
3040,3048
3041,3049
3041,3050
3041,3051
3042,3052
3042,3053
3042,3054
3043,3055
3044,3056
3045,3057
3045,3058
3046,3059
3047,3060
3047,3061
3047,3062
3048,3063
3048,3064
3048,3065
3049,3066
3050,3067
3051,3068
3052,3069
3052,3070
3052,3071
3053,3072
3054,3073
3055,3074
3056,3075
3056,3076
3057,3077
3057,3078
3057,3079
3057,3080
3058,3081
3059,3082
3059,3083
3060,3084
3060,3085
3061,3086
3062,3087
3062,3088
3063,3089
3063,3090
3064,3091
3065,3092
3065,3093
3066,3094
3067,3095
3067,3096
3068,3097
3068,3098
3069,3099
3069,3100
3070,3101
3070,3102
3070,3103
3071,3104
3072,3105
3072,3106
3073,3107
3073,3108
3073,3109
3073,3110
3074,3111
3074,3112
3074,3113
3075,3114
3076,3115
3076,3116
3077,3117
3078,3118
3079,3119
3080,3120
3081,3121
3082,3122
3083,3123
3083,3124
3084,3125
3085,3126
3085,3127
3086,3128
3086,3129
3086,3130
3087,3131
3088,3132
3088,3133
3088,3134
3088,3135
3089,3136
3090,3137
3091,3138
3092,3139
3092,3140
3092,3141
3092,3142
3093,3143
3093,3144
3094,3145
3095,3146
3095,3147
3096,3148
3097,3149
3098,3150
3099,3151
3100,3152
3101,3153
3101,3154
3102,3155
3102,3156
3102,3157
3103,3158
3103,3159
3104,3160
3105,3161
3106,3162
3107,3163
3108,3164
3108,3165
3109,3166
3109,3167
3110,3168
3111,3169
3111,3170
3112,3171
3112,3172
3112,3173
3113,3174
3113,3175
3114,3176
3115,3177
3115,3178
3116,3179
3117,3180
3118,3181
3119,3182
3120,3183
3120,3184
3120,3185
3121,3186
3121,3187
3121,3188
3122,3189
3123,3190
3123,3191
3124,3192
3124,3193
3125,3194
3125,3195
3126,3196
3126,3197
3127,3198
3128,3199
3129,3200
3129,3201
3129,3202
3130,3203
3131,3204
3132,3205
3133,3206
3134,3207
3135,3208
3135,3209
3136,3210
3136,3211
3137,3212
3138,3213
3139,3214
3139,3215
3139,3216
3140,3217
3141,3218
3141,3219
3142,3220
3143,3221
3143,3222
3144,3223
3144,3224
3145,3225
3145,3226
3146,3227
3147,3228
3147,3229
3148,3230
3149,3231
3149,3232
3150,3233
3151,3234
3151,3235
3152,3236
3152,3237
3153,3238
3154,3239
3154,3240
3155,3241
3155,3242
3156,3243
3157,3244
3157,3245
3157,3246
3158,3247
3158,3248
3159,3249
3160,3250
3161,3251
3162,3252
3163,3253
3163,3254
3163,3255
3164,3256
3165,3257
3166,3258
3167,3259
3167,3260
3167,3261
3168,3262
3168,3263
3168,3264
3168,3265
3169,3266
3170,3267
3171,3268
3172,3269
3172,3270
3173,3271
3174,3272
3174,3273
3175,3274
3175,3275
3176,3276
3176,3277
3176,3278
3177,3279
3178,3280
3178,3281
3179,3282
3179,3283
3180,3284
3181,3285
3181,3286
3182,3287
3183,3288
3184,3289
3185,3290
3186,3291
3187,3292
3187,3293
3188,3294
3188,3295
3189,3296
3189,3297
3190,3298
3191,3299
3192,3300
3192,3301
3192,3302
3193,3303
3193,3304
3194,3305
3195,3306
3196,3307
3196,3308
3197,3309
3198,3310
3199,3311
3200,3312
3201,3313
3202,3314
3202,3315
3203,3316
3204,3317
3205,3318
3205,3319
3206,3320
3206,3321
3207,3322
3207,3323
3208,3324
3209,3325
3209,3326
3210,3327
3210,3328
3211,3329
3212,3330
3212,3331
3213,3332
3214,3333
3215,3334
3215,3335
3216,3336
3217,3337
3217,3338
3217,3339
3218,3340
3218,3341
3218,3342
3219,3343
3220,3344
3221,3345
3222,3346
3222,3347
3223,3348
3223,3349
3224,3350
3224,3351
3224,3352
3225,3353
3226,3354
3227,3355
3228,3356
3228,3357
3229,3358
3230,3359
3230,3360
3230,3361
3231,3362
3232,3363
3232,3364
3233,3365
3234,3366
3235,3367
3235,3368
3235,3369
3236,3370
3237,3371
3237,3372
3238,3373
3239,3374
3240,3375
3240,3376
3241,3377
3242,3378
3243,3379
3244,3380
3245,3381
3245,3382
3246,3383
3247,3384
3248,3385
3248,3386
3249,3387
3249,3388
3249,3389
3249,3390
3250,3391
3250,3392
3250,3393
3251,3394
3252,3395
3253,3396
3254,3397
3255,3398
3255,3399
3255,3400
3256,3401
3257,3402
3257,3403
3258,3404
3258,3405
3259,3406
3259,3407
3259,3408
3260,3409
3261,3410
3261,3411
3261,3412
3262,3413
3263,3414
3264,3415
3265,3416
3266,3417
3267,3418
3268,3419
3269,3420
3269,3421
3269,3422
3270,3423
3271,3424
3271,3425
3272,3426
3273,3427
3274,3428
3275,3429
3276,3430
3276,3431
3277,3432
3278,3433
3279,3434
3280,3435
3280,3436
3281,3437
3282,3438
3283,3439
3283,3440
3284,3441
3284,3442
3284,3443
3284,3444
3285,3445
3286,3446
3287,3447
3288,3448
3289,3449
3290,3450
3290,3451
3290,3452
3290,3453
3291,3454
3291,3455
3292,3456
3293,3457
3294,3458
3294,3459
3295,3460
3296,3461
3297,3462
3298,3463
3299,3464
3299,3465
3300,3466
3301,3467
3301,3468
3302,3469
3302,3470
3303,3471
3303,3472
3304,3473
3305,3474
3306,3475
3306,3476
3306,3477
3307,3478
3308,3479
3309,3480
3309,3481
3309,3482
3309,3483
3310,3484
3311,3485
3311,3486
3312,3487
3313,3488
3313,3489
3314,3490
3315,3491
3315,3492
3316,3493
3317,3494
3318,3495
3318,3496
3318,3497
3319,3498
3320,3499
3320,3500
3321,3501
3322,3502
3322,3503
3322,3504
3323,3505
3323,3506
3324,3507
3324,3508
3324,3509
3324,3510
3325,3511
3325,3512
3325,3513
3325,3514
3326,3515
3327,3516
3327,3517
3328,3518
3328,3519
3329,3520
3330,3521
3331,3522
3331,3523
3331,3524
3332,3525
3332,3526
3333,3527
3334,3528
3334,3529
3335,3530
3335,3531
3335,3532
3336,3533
3336,3534
3337,3535
3338,3536
3339,3537
3339,3538
3340,3539
3340,3540
3341,3541
3341,3542
3342,3543
3343,3544
3344,3545
3345,3546
3346,3547
3347,3548
3348,3549
3348,3550
3349,3551
3349,3552
3350,3553
3351,3554
3352,3555
3352,3556
3353,3557
3353,3558
3354,3559
3355,3560
3355,3561
3356,3562
3356,3563
3356,3564
3357,3565
3357,3566
3358,3567
3358,3568
3359,3569
3359,3570
3360,3571
3360,3572
3360,3573
3361,3574
3361,3575
3362,3576
3363,3577
3364,3578
3365,3579
3366,3580
3366,3581
3367,3582
3368,3583
3369,3584
3370,3585
3370,3586
3370,3587
3371,3588
3372,3589
3373,3590
3373,3591
3374,3592
3375,3593
3375,3594
3376,3595
3376,3596
3376,3597
3376,3598
3377,3599
3378,3600
3378,3601
3379,3602
3380,3603
3380,3604
3380,3605
3381,3606
3381,3607
3381,3608
3382,3609
3383,3610
3383,3611
3383,3612
3384,3613
3385,3614
3386,3615
3386,3616
3386,3617
3386,3618
3387,3619
3388,3620
3389,3621
3390,3622
3390,3623
3391,3624
3392,3625
3393,3626
3394,3627
3394,3628
3394,3629
3395,3630
3395,3631
3396,3632
3397,3633
3397,3634
3398,3635
3398,3636
3398,3637
3399,3638
3400,3639
3401,3640
3401,3641
3402,3642
3402,3643
3403,3644
3404,3645
3404,3646
3405,3647
3406,3648
3406,3649
3407,3650
3408,3651
3409,3652
3409,3653
3409,3654
3409,3655
3410,3656
3410,3657
3411,3658
3411,3659
3412,3660
3413,3661
3414,3662
3414,3663
3415,3664
3416,3665
3417,3666
3418,3667
3419,3668
3419,3669
3420,3670
3421,3671
3421,3672
3421,3673
3422,3674
3423,3675
3423,3676
3424,3677
3424,3678
3424,3679
3425,3680
3426,3681
3426,3682
3427,3683
3428,3684
3429,3685
3429,3686
3429,3687
3430,3688
3431,3689
3432,3690
3433,3691
3434,3692
3434,3693
3435,3694
3435,3695
3436,3696
3436,3697
3437,3698
3437,3699
3438,3700
3439,3701
3440,3702
3441,3703
3442,3704
3443,3705
3443,3706
3443,3707
3443,3708
3444,3709
3444,3710
3445,3711
3446,3712
3447,3713
3448,3714
3448,3715
3449,3716
3449,3717
3449,3718
3450,3719
3451,3720
3452,3721
3452,3722
3453,3723
3454,3724
3455,3725
3455,3726
3456,3727
3457,3728
3458,3729
3459,3730
3460,3731
3461,3732
3462,3733
3463,3734
3464,3735
3465,3736
3465,3737
3465,3738
3465,3739
3466,3740
3466,3741
3467,3742
3468,3743
3468,3744
3469,3745
3470,3746
3471,3747
3471,3748
3471,3749
3472,3750
3473,3751
3473,3752
3474,3753
3474,3754
3475,3755
3476,3756
3476,3757
3476,3758
3476,3759
3477,3760
3478,3761
3479,3762
3480,3763
3480,3764
3481,3765
3481,3766
3482,3767
3483,3768
3484,3769
3485,3770
3485,3771
3486,3772
3486,3773
3486,3774
3487,3775
3487,3776
3487,3777
3488,3778
3488,3779
3489,3780
3489,3781
3489,3782
3490,3783
3491,3784
3492,3785
3493,3786
3493,3787
3494,3788
3495,3789
3496,3790
3497,3791
3497,3792
3497,3793
3498,3794
3498,3795
3499,3796
3500,3797
3501,3798
3502,3799
3503,3800
3503,3801
3503,3802
3503,3803
3504,3804
3505,3805
3506,3806
3506,3807
3506,3808
3506,3809
3507,3810
3508,3811
3509,3812
3510,3813
3511,3814
3511,3815
3511,3816
3511,3817
3512,3818
3513,3819
3514,3820
3515,3821
3516,3822
3516,3823
3517,3824
3517,3825
3518,3826
3519,3827
3519,3828
3520,3829
3520,3830
3520,3831
3521,3832
3521,3833
3522,3834
3522,3835
3523,3836
3524,3837
3524,3838
3525,3839
3526,3840
3527,3841
3527,3842
3527,3843
3527,3844
3528,3845
3528,3846
3528,3847
3529,3848
3530,3849
3531,3850
3532,3851
3533,3852
3534,3853
3534,3854
3534,3855
3535,3856
3536,3857
3537,3858
3538,3859
3538,3860
3538,3861
3539,3862
3539,3863
3539,3864
3540,3865
3541,3866
3541,3867
3542,3868
3542,3869
3543,3870
3543,3871
3543,3872
3544,3873
3545,3874
3545,3875
3546,3876
3547,3877
3548,3878
3549,3879
3550,3880
3551,3881
3551,3882
3551,3883
3552,3884
3552,3885
3553,3886
3554,3887
3554,3888
3555,3889
3556,3890
3557,3891
3557,3892
3558,3893
3558,3894
3559,3895
3559,3896
3559,3897
3560,3898
3561,3899
3562,3900
3562,3901
3563,3902
3564,3903
3565,3904
3565,3905
3565,3906
3566,3907
3566,3908
3567,3909
3568,3910
3568,3911
3568,3912
3569,3913
3569,3914
3569,3915
3569,3916
3570,3917
3570,3918
3571,3919
3572,3920
3573,3921
3574,3922
3575,3923
3576,3924
3577,3925
3578,3926
3578,3927
3578,3928
3579,3929
3580,3930
3581,3931
3582,3932
3583,3933
3584,3934
3585,3935
3586,3936
3587,3937
3588,3938
3589,3939
3590,3940
3590,3941
3591,3942
3592,3943
3593,3944
3594,3945
3595,3946
3596,3947
3597,3948
3598,3949
3599,3950
3599,3951
3600,3952
3601,3953
3602,3954
3603,3955
3604,3956
3605,3957
3606,3958
3607,3959
3608,3960
3609,3961
3610,3962
3610,3963
3611,3964
3611,3965
3611,3966
3612,3967
3612,3968
3613,3969
3614,3970
3614,3971
3614,3972
3615,3973
3616,3974
3617,3975
3617,3976
3618,3977
3619,3978
3619,3979
3619,3980
3620,3981
3621,3982
3621,3983
3622,3984
3622,3985
3623,3986
3623,3987
3624,3988
3625,3989
3625,3990
3626,3991
3627,3992
3628,3993
3629,3994
3630,3995
3631,3996
3631,3997
3632,3998
3633,3999
3634,4000
3634,4001
3634,4002
3634,4003
3635,4004
3636,4005
3636,4006
3637,4007
3638,4008
3639,4009
3640,4010
3641,4011
3641,4012
3641,4013
3642,4014
3642,4015
3642,4016
3643,4017
3644,4018
3644,4019
3645,4020
3646,4021
3646,4022
3646,4023
3647,4024
3648,4025
3649,4026
3649,4027
3650,4028
3651,4029
3652,4030
3652,4031
3653,4032
3653,4033
3654,4034
3655,4035
3655,4036
3655,4037
3656,4038
3656,4039
3657,4040
3658,4041
3659,4042
3660,4043
3660,4044
3660,4045
3660,4046
3661,4047
3662,4048
3663,4049
3664,4050
3664,4051
3664,4052
3665,4053
3666,4054
3666,4055
3666,4056
3666,4057
3667,4058
3668,4059
3669,4060
3670,4061
3670,4062
3671,4063
3672,4064
3673,4065
3673,4066
3673,4067
3674,4068
3674,4069
3675,4070
3676,4071
3677,4072
3678,4073
3678,4074
3679,4075
3680,4076
3681,4077
3682,4078
3682,4079
3683,4080
3684,4081
3684,4082
3685,4083
3686,4084
3686,4085
3686,4086
3686,4087
3687,4088
3688,4089
3689,4090
3689,4091
3690,4092
3690,4093
3690,4094
3690,4095
3691,4096
3692,4097
3693,4098
3694,4099
3694,4100
3695,4101
3695,4102
3696,4103
3697,4104
3697,4105
3698,4106
3699,4107
3700,4108
3701,4109
3702,4110
3703,4111
3703,4112
3704,4113
3705,4114
3706,4115
3706,4116
3707,4117
3707,4118
3707,4119
3707,4120
3708,4121
3709,4122
3709,4123
3710,4124
3710,4125
3710,4126
3711,4127
3711,4128
3712,4129
3712,4130
3713,4131
3714,4132
3715,4133
3716,4134
3717,4135
3718,4136
3719,4137
3719,4138
3720,4139
3721,4140
3722,4141
3723,4142
3724,4143
3725,4144
3725,4145
3726,4146
3727,4147
3728,4148
3729,4149
3729,4150
3729,4151
3730,4152
3731,4153
3732,4154
3733,4155
3734,4156
3735,4157
3735,4158
3735,4159
3736,4160
3737,4161
3737,4162
3738,4163
3738,4164
3739,4165
3740,4166
3741,4167
3742,4168
3743,4169
3744,4170
3745,4171
3745,4172
3746,4173
3747,4174
3748,4175
3749,4176
3749,4177
3749,4178
3749,4179
3750,4180
3751,4181
3752,4182
3753,4183
3754,4184
3754,4185
3754,4186
3754,4187
3755,4188
3755,4189
3756,4190
3756,4191
3756,4192
3756,4193
3757,4194
3758,4195
3759,4196
3759,4197
3759,4198
3760,4199
3761,4200
3762,4201
3763,4202
3764,4203
3764,4204
3764,4205
3765,4206
3766,4207
3767,4208
3768,4209
3768,4210
3769,4211
3770,4212
3771,4213
3771,4214
3772,4215
3773,4216
3773,4217
3773,4218
3774,4219
3775,4220
3775,4221
3776,4222
3777,4223
3778,4224
3779,4225
3779,4226
3780,4227
3781,4228
3781,4229
3782,4230
3783,4231
3784,4232
3785,4233
3786,4234
3787,4235
3788,4236
3789,4237
3790,4238
3791,4239
3792,4240
3793,4241
3794,4242
3795,4243
3795,4244
3795,4245
3796,4246
3797,4247
3798,4248
3798,4249
3798,4250
3799,4251
3799,4252
3800,4253
3801,4254
3801,4255
3802,4256
3803,4257
3804,4258
3804,4259
3805,4260
3805,4261
3805,4262
3806,4263
3806,4264
3807,4265
3807,4266
3808,4267
3809,4268
3810,4269
3811,4270
3812,4271
3813,4272
3814,4273
3814,4274
3815,4275
3816,4276
3817,4277
3818,4278
3819,4279
3820,4280
3820,4281
3821,4282
3821,4283
3822,4284
3823,4285
3823,4286
3824,4287
3825,4288
3825,4289
3825,4290
3825,4291
3826,4292
3827,4293
3828,4294
3829,4295
3830,4296
3831,4297
3831,4298
3832,4299
3833,4300
3833,4301
3833,4302
3834,4303
3835,4304
3836,4305
3836,4306
3836,4307
3837,4308
3837,4309
3837,4310
3838,4311
3839,4312
3840,4313
3841,4314
3842,4315
3843,4316
3843,4317
3843,4318
3844,4319
3844,4320
3844,4321
3845,4322
3846,4323
3847,4324
3848,4325
3848,4326
3848,4327
3848,4328
3849,4329
3850,4330
3851,4331
3852,4332
3853,4333
3853,4334
3853,4335
3853,4336
3854,4337
3854,4338
3855,4339
3856,4340
3856,4341
3857,4342
3857,4343
3857,4344
3857,4345
3858,4346
3858,4347
3858,4348
3858,4349
3859,4350
3860,4351
3861,4352
3862,4353
3863,4354
3864,4355
3865,4356
3865,4357
3865,4358
3866,4359
3867,4360
3868,4361
3868,4362
3868,4363
3868,4364
3869,4365
3869,4366
3869,4367
3869,4368
3870,4369
3871,4370
3871,4371
3872,4372
3872,4373
3872,4374
3872,4375
3873,4376
3873,4377
3873,4378
3874,4379
3874,4380
3874,4381
3875,4382
3876,4383
3877,4384
3878,4385
3879,4386
3880,4387
3880,4388
3881,4389
3881,4390
3881,4391
3882,4392
3882,4393
3883,4394
3884,4395
3884,4396
3885,4397
3885,4398
3885,4399
3886,4400
3887,4401
3888,4402
3889,4403
3890,4404
3890,4405
3890,4406
3891,4407
3892,4408
3892,4409
3893,4410
3894,4411
3895,4412
3896,4413
3896,4414
3897,4415
3898,4416
3899,4417
3899,4418
3899,4419
3899,4420
3900,4421
3901,4422
3902,4423
3902,4424
3902,4425
3903,4426
3904,4427
3905,4428
3905,4429
3905,4430
3905,4431
3906,4432
3906,4433
3907,4434
3907,4435
3908,4436
3909,4437
3910,4438
3911,4439
3912,4440
3912,4441
3913,4442
3914,4443
3914,4444
3914,4445
3915,4446
3915,4447
3915,4448
3916,4449
3916,4450
3916,4451
3916,4452
3917,4453
3918,4454
3919,4455
3919,4456
3920,4457
3921,4458
3921,4459
3921,4460
3922,4461
3923,4462
3923,4463
3924,4464
3925,4465
3926,4466
3926,4467
3927,4468
3928,4469
3929,4470
3930,4471
3930,4472
3930,4473
3931,4474
3931,4475
3932,4476
3933,4477
3933,4478
3934,4479
3935,4480
3935,4481
3936,4482
3937,4483
3937,4484
3937,4485
3938,4486
3939,4487
3940,4488
3941,4489
3942,4490
3943,4491
3944,4492
3945,4493
3945,4494
3946,4495
3946,4496
3947,4497
3947,4498
3948,4499
3948,4500
3948,4501
3949,4502
3949,4503
3950,4504
3951,4505
3952,4506
3952,4507
3953,4508
3953,4509
3953,4510
3953,4511
3954,4512
3955,4513
3955,4514
3955,4515
3956,4516
3957,4517
3957,4518
3958,4519
3959,4520
3960,4521
3961,4522
3962,4523
3963,4524
3964,4525
3964,4526
3964,4527
3965,4528
3965,4529
3965,4530
3966,4531
3966,4532
3967,4533
3968,4534
3969,4535
3969,4536
3970,4537
3971,4538
3972,4539
3972,4540
3973,4541
3974,4542
3975,4543
3975,4544
3975,4545
3976,4546
3976,4547
3977,4548
3977,4549
3977,4550
3977,4551
3978,4552
3978,4553
3978,4554
3979,4555
3980,4556
3981,4557
3982,4558
3983,4559
3984,4560
3984,4561
3984,4562
3985,4563
3985,4564
3986,4565
3987,4566
3988,4567
3989,4568
3989,4569
3990,4570
3991,4571
3992,4572
3993,4573
3993,4574
3994,4575
3995,4576
3996,4577
3997,4578
3997,4579
3997,4580
3997,4581
3998,4582
3999,4583
4000,4584
4001,4585
4002,4586
4003,4587
4003,4588
4004,4589
4004,4590
4004,4591
4005,4592
4005,4593
4005,4594
4006,4595
4006,4596
4007,4597
4007,4598
4008,4599
4008,4600
4009,4601
4009,4602
4009,4603
4010,4604
4011,4605
4012,4606
4012,4607
4013,4608
4014,4609
4014,4610
4015,4611
4015,4612
4016,4613
4016,4614
4016,4615
4017,4616
4018,4617
4018,4618
4018,4619
4019,4620
4020,4621
4020,4622
4021,4623
4022,4624
4023,4625
4023,4626
4023,4627
4024,4628
4024,4629
4024,4630
4025,4631
4026,4632
4027,4633
4027,4634
4028,4635
4029,4636
4030,4637
4030,4638
4031,4639
4031,4640
4032,4641
4033,4642
4033,4643
4034,4644
4034,4645
4035,4646
4035,4647
4035,4648
4035,4649
4036,4650
4036,4651
4037,4652
4038,4653
4038,4654
4038,4655
4039,4656
4040,4657
4041,4658
4041,4659
4041,4660
4042,4661
4043,4662
4044,4663
4045,4664
4046,4665
4047,4666
4047,4667
4048,4668
4049,4669
4050,4670
4051,4671
4052,4672
4052,4673
4053,4674
4053,4675
4053,4676
4053,4677
4054,4678
4055,4679
4056,4680
4057,4681
4058,4682
4058,4683
4059,4684
4060,4685
4061,4686
4062,4687
4063,4688
4063,4689
4064,4690
4065,4691
4065,4692
4065,4693
4066,4694
4067,4695
4068,4696
4069,4697
4069,4698
4069,4699
4069,4700
4070,4701
4071,4702
4072,4703
4072,4704
4073,4705
4074,4706
4074,4707
4074,4708
4074,4709
4075,4710
4076,4711
4077,4712
4078,4713
4079,4714
4079,4715
4080,4716
4081,4717
4082,4718
4082,4719
4083,4720
4083,4721
4084,4722
4085,4723
4085,4724
4086,4725
4086,4726
4086,4727
4087,4728
4088,4729
4089,4730
4090,4731
4091,4732
4092,4733
4093,4734
4093,4735
4094,4736
4095,4737
4095,4738
4096,4739
4097,4740
4098,4741
4099,4742
4099,4743
4100,4744
4101,4745
4101,4746
4102,4747
4102,4748
4103,4749
4104,4750
4104,4751
4105,4752
4105,4753
4106,4754
4106,4755
4107,4756
4108,4757
4109,4758
4109,4759
4109,4760
4109,4761
4110,4762
4110,4763
4111,4764
4112,4765
4112,4766
4112,4767
4113,4768
4114,4769
4114,4770
4115,4771
4115,4772
4116,4773
4116,4774
4117,4775
4117,4776
4117,4777
4118,4778
4119,4779
4120,4780
4120,4781
4120,4782
4121,4783
4121,4784
4121,4785
4122,4786
4122,4787
4123,4788
4123,4789
4124,4790
4125,4791
4126,4792
4126,4793
4126,4794
4127,4795
4127,4796
4128,4797
4129,4798
4130,4799
4131,4800
4131,4801
4132,4802
4133,4803
4133,4804
4134,4805
4135,4806
4135,4807
4136,4808
4137,4809
4137,4810
4138,4811
4139,4812
4140,4813
4141,4814
4142,4815
4143,4816
4143,4817
4144,4818
4144,4819
4144,4820
4145,4821
4146,4822
4146,4823
4147,4824
4148,4825
4149,4826
4149,4827
4149,4828
4150,4829
4150,4830
4150,4831
4150,4832
4151,4833
4152,4834
4153,4835
4154,4836
4154,4837
4154,4838
4155,4839
4155,4840
4155,4841
4156,4842
4156,4843
4157,4844
4158,4845
4159,4846
4160,4847
4161,4848
4161,4849
4161,4850
4161,4851
4162,4852
4163,4853
4163,4854
4164,4855
4164,4856
4165,4857
4166,4858
4166,4859
4167,4860
4168,4861
4168,4862
4169,4863
4170,4864
4170,4865
4171,4866
4171,4867
4172,4868
4173,4869
4173,4870
4174,4871
4175,4872
4175,4873
4176,4874
4176,4875
4177,4876
4177,4877
4177,4878
4178,4879
4179,4880
4180,4881
4180,4882
4181,4883
4182,4884
4182,4885
4182,4886
4182,4887
4183,4888
4184,4889
4185,4890
4185,4891
4186,4892
4187,4893
4188,4894
4189,4895
4190,4896
4190,4897
4190,4898
4191,4899
4191,4900
4191,4901
4192,4902
4193,4903
4194,4904
4195,4905
4196,4906
4196,4907
4196,4908
4197,4909
4198,4910
4199,4911
4200,4912
4201,4913
4202,4914
4203,4915
4204,4916
4205,4917
4206,4918
4206,4919
4207,4920
4208,4921
4209,4922
4209,4923
4210,4924
4210,4925
4211,4926
4212,4927
4213,4928
4214,4929
4215,4930
4215,4931
4216,4932
4217,4933
4218,4934
4218,4935
4218,4936
4219,4937
4219,4938
4219,4939
4220,4940
4221,4941
4222,4942
4223,4943
4224,4944
4225,4945
4226,4946
4227,4947
4228,4948
4229,4949
4229,4950
4230,4951
4231,4952
4232,4953
4232,4954
4232,4955
4233,4956
4233,4957
4234,4958
4234,4959
4234,4960
4235,4961
4236,4962
4237,4963
4238,4964
4238,4965
4238,4966
4239,4967
4239,4968
4240,4969
4241,4970
4241,4971
4242,4972
4242,4973
4242,4974
4243,4975
4244,4976
4245,4977
4246,4978
4247,4979
4247,4980
4247,4981
4247,4982
4248,4983
4249,4984
4250,4985
4251,4986
4252,4987
4252,4988
4252,4989
4253,4990
4254,4991
4255,4992
4256,4993
4257,4994
4257,4995
4257,4996
4258,4997
4259,4998
4259,4999
4260,5000
4261,5001
4262,5002
4263,5003
4263,5004
4264,5005
4264,5006
4265,5007
4266,5008
4266,5009
4267,5010
4267,5011
4267,5012
4267,5013
4268,5014
4269,5015
4270,5016
4271,5017
4272,5018
4273,5019
4274,5020
4275,5021
4276,5022
4277,5023
4278,5024
4279,5025
4279,5026
4280,5027
4280,5028
4281,5029
4282,5030
4283,5031
4283,5032
4284,5033
4284,5034
4285,5035
4285,5036
4285,5037
4286,5038
4287,5039
4288,5040
4289,5041
4289,5042
4289,5043
4289,5044
4290,5045
4291,5046
4292,5047
4292,5048
4292,5049
4293,5050
4294,5051
4294,5052
4295,5053
4296,5054
4296,5055
4297,5056
4297,5057
4298,5058
4299,5059
4300,5060
4301,5061
4302,5062
4303,5063
4303,5064
4303,5065
4304,5066
4305,5067
4306,5068
4306,5069
4307,5070
4308,5071
4308,5072
4308,5073
4308,5074
4309,5075
4310,5076
4310,5077
4311,5078
4311,5079
4311,5080
4312,5081
4313,5082
4314,5083
4315,5084
4316,5085
4316,5086
4317,5087
4318,5088
4319,5089
4319,5090
4320,5091
4320,5092
4321,5093
4322,5094
4322,5095
4323,5096
4324,5097
4324,5098
4325,5099
4325,5100
4325,5101
4326,5102
4327,5103
4328,5104
4329,5105
4330,5106
4331,5107
4332,5108
4332,5109
4333,5110
4334,5111
4335,5112
4335,5113
4335,5114
4335,5115
4336,5116
4337,5117
4338,5118
4339,5119
4340,5120
4341,5121
4341,5122
4342,5123
4342,5124
4342,5125
4343,5126
4344,5127
4345,5128
4346,5129
4347,5130
4348,5131
4348,5132
4348,5133
4349,5134
4349,5135
4349,5136
4350,5137
4350,5138
4351,5139
4352,5140
4352,5141
4352,5142
4353,5143
4354,5144
4355,5145
4356,5146
4357,5147
4357,5148
4358,5149
4358,5150
4359,5151
4360,5152
4360,5153
4361,5154
4362,5155
4363,5156
4364,5157
4365,5158
4366,5159
4366,5160
4367,5161
4367,5162
4368,5163
4368,5164
4368,5165
4369,5166
4370,5167
4371,5168
4372,5169
4373,5170
4374,5171
4374,5172
4375,5173
4376,5174
4376,5175
4377,5176
4378,5177
4378,5178
4378,5179
4379,5180
4380,5181
4381,5182
4381,5183
4381,5184
4381,5185
4382,5186
4382,5187
4382,5188
4383,5189
4384,5190
4385,5191
4386,5192
4386,5193
4386,5194
4386,5195
4387,5196
4388,5197
4388,5198
4388,5199
4388,5200
4389,5201
4389,5202
4390,5203
4390,5204
4391,5205
4391,5206
4391,5207
4391,5208
4392,5209
4392,5210
4393,5211
4393,5212
4393,5213
4394,5214
4395,5215
4395,5216
4395,5217
4396,5218
4397,5219
4398,5220
4398,5221
4399,5222
4400,5223
4401,5224
4402,5225
4403,5226
4404,5227
4405,5228
4406,5229
4407,5230
4407,5231
4408,5232
4408,5233
4409,5234
4410,5235
4410,5236
4410,5237
4411,5238
4411,5239
4411,5240
4411,5241
4412,5242
4413,5243
4414,5244
4415,5245
4416,5246
4417,5247
4418,5248
4419,5249
4419,5250
4419,5251
4420,5252
4421,5253
4422,5254
4423,5255
4424,5256
4425,5257
4425,5258
4426,5259
4427,5260
4428,5261
4428,5262
4428,5263
4429,5264
4430,5265
4430,5266
4431,5267
4432,5268
4433,5269
4434,5270
4435,5271
4436,5272
4437,5273
4437,5274
4438,5275
4439,5276
4439,5277
4439,5278
4440,5279
4441,5280
4442,5281
4442,5282
4443,5283
4443,5284
4444,5285
4444,5286
4445,5287
4446,5288
4446,5289
4447,5290
4447,5291
4448,5292
4449,5293
4450,5294
4450,5295
4450,5296
4451,5297
4452,5298
4452,5299
4453,5300
4454,5301
4454,5302
4455,5303
4456,5304
4457,5305
4457,5306
4458,5307
4459,5308
4459,5309
4460,5310
4460,5311
4461,5312
4462,5313
4462,5314
4463,5315
4464,5316
4464,5317
4464,5318
4465,5319
4466,5320
4467,5321
4467,5322
4468,5323
4469,5324
4470,5325
4470,5326
4471,5327
4472,5328
4473,5329
4473,5330
4474,5331
4474,5332
4475,5333
4475,5334
4476,5335
4477,5336
4477,5337
4477,5338
4477,5339
4478,5340
4479,5341
4480,5342
4481,5343
4482,5344
4483,5345
4483,5346
4484,5347
4485,5348
4486,5349
4486,5350
4487,5351
4488,5352
4488,5353
4488,5354
4489,5355
4490,5356
4490,5357
4491,5358
4492,5359
4492,5360
4492,5361
4493,5362
4493,5363
4493,5364
4494,5365
4494,5366
4495,5367
4495,5368
4496,5369
4497,5370
4497,5371
4497,5372
4498,5373
4499,5374
4500,5375
4500,5376
4500,5377
4501,5378
4502,5379
4503,5380
4504,5381
4504,5382
4504,5383
4505,5384
4506,5385
4506,5386
4507,5387
4507,5388
4507,5389
4508,5390
4509,5391
4509,5392
4510,5393
4511,5394
4512,5395
4513,5396
4513,5397
4514,5398
4515,5399
4515,5400
4516,5401
4517,5402
4517,5403
4518,5404
4519,5405
4519,5406
4519,5407
4519,5408
4520,5409
4520,5410
4520,5411
4520,5412
4521,5413
4522,5414
4522,5415
4522,5416
4523,5417
4523,5418
4524,5419
4524,5420
4525,5421
4525,5422
4525,5423
4526,5424
4526,5425
4527,5426
4528,5427
4528,5428
4528,5429
4529,5430
4529,5431
4530,5432
4531,5433
4532,5434
4532,5435
4533,5436
4534,5437
4534,5438
4534,5439
4535,5440
4536,5441
4537,5442
4537,5443
4538,5444
4539,5445
4539,5446
4540,5447
4540,5448
4540,5449
4541,5450
4542,5451
4543,5452
4543,5453
4543,5454
4544,5455
4544,5456
4544,5457
4544,5458
4545,5459
4546,5460
4546,5461
4547,5462
4547,5463
4547,5464
4548,5465
4549,5466
4549,5467
4550,5468
4551,5469
4551,5470
4552,5471
4553,5472
4554,5473
4555,5474
4555,5475
4556,5476
4556,5477
4557,5478
4558,5479
4559,5480
4559,5481
4560,5482
4560,5483
4561,5484
4562,5485
4563,5486
4564,5487
4565,5488
4565,5489
4565,5490
4566,5491
4566,5492
4567,5493
4568,5494
4569,5495
4570,5496
4570,5497
4571,5498
4571,5499
4572,5500
4572,5501
4573,5502
4574,5503
4575,5504
4576,5505
4577,5506
4577,5507
4578,5508
4578,5509
4579,5510
4579,5511
4580,5512
4581,5513
4582,5514
4583,5515
4584,5516
4585,5517
4586,5518
4587,5519
4587,5520
4588,5521
4589,5522
4590,5523
4591,5524
4591,5525
4591,5526
4592,5527
4592,5528
4592,5529
4593,5530
4593,5531
4594,5532
4595,5533
4596,5534
4596,5535
4597,5536
4598,5537
4598,5538
4599,5539
4600,5540
4601,5541
4601,5542
4601,5543
4601,5544
4602,5545
4602,5546
4603,5547
4604,5548
4604,5549
4605,5550
4606,5551
4607,5552
4608,5553
4609,5554
4609,5555
4610,5556
4610,5557
4611,5558
4612,5559
4613,5560
4613,5561
4614,5562
4614,5563
4615,5564
4616,5565
4616,5566
4616,5567
4617,5568
4617,5569
4618,5570
4618,5571
4618,5572
4619,5573
4620,5574
4621,5575
4622,5576
4622,5577
4622,5578
4623,5579
4623,5580
4624,5581
4625,5582
4626,5583
4627,5584
4628,5585
4628,5586
4629,5587
4629,5588
4630,5589
4631,5590
4631,5591
4632,5592
4633,5593
4634,5594
4634,5595
4635,5596
4636,5597
4637,5598
4638,5599
4639,5600
4639,5601
4640,5602
4640,5603
4640,5604
4641,5605
4642,5606
4642,5607
4643,5608
4644,5609
4644,5610
4645,5611
4646,5612
4647,5613
4648,5614
4649,5615
4650,5616
4651,5617
4651,5618
4651,5619
4652,5620
4653,5621
4654,5622
4655,5623
4656,5624
4656,5625
4657,5626
4658,5627
4659,5628
4659,5629
4659,5630
4660,5631
4661,5632
4661,5633
4661,5634
4662,5635
4663,5636
4663,5637
4663,5638
4664,5639
4664,5640
4664,5641
4665,5642
4665,5643
4666,5644
4666,5645
4667,5646
4668,5647
4669,5648
4669,5649
4670,5650
4670,5651
4670,5652
4670,5653
4671,5654
4671,5655
4672,5656
4673,5657
4674,5658
4674,5659
4675,5660
4676,5661
4677,5662
4678,5663
4679,5664
4680,5665
4681,5666
4682,5667
4682,5668
4682,5669
4683,5670
4684,5671
4685,5672
4686,5673
4686,5674
4687,5675
4687,5676
4688,5677
4689,5678
4689,5679
4690,5680
4690,5681
4690,5682
4691,5683
4692,5684
4693,5685
4694,5686
4695,5687
4696,5688
4697,5689
4697,5690
4698,5691
4699,5692
4699,5693
4699,5694
4700,5695
4700,5696
4700,5697
4701,5698
4701,5699
4701,5700
4702,5701
4703,5702
4704,5703
4704,5704
4705,5705
4705,5706
4705,5707
4706,5708
4706,5709
4707,5710
4707,5711
4708,5712
4708,5713
4708,5714
4709,5715
4710,5716
4710,5717
4711,5718
4712,5719
4713,5720
4714,5721
4715,5722
4716,5723
4717,5724
4717,5725
4718,5726
4718,5727
4719,5728
4719,5729
4720,5730
4721,5731
4722,5732
4723,5733
4724,5734
4725,5735
4726,5736
4726,5737
4727,5738
4727,5739
4728,5740
4729,5741
4730,5742
4731,5743
4731,5744
4732,5745
4733,5746
4734,5747
4734,5748
4734,5749
4735,5750
4735,5751
4736,5752
4737,5753
4738,5754
4739,5755
4739,5756
4739,5757
4740,5758
4741,5759
4742,5760
4742,5761
4742,5762
4743,5763
4744,5764
4744,5765
4745,5766
4745,5767
4745,5768
4746,5769
4747,5770
4748,5771
4749,5772
4749,5773
4749,5774
4750,5775
4750,5776
4750,5777
4750,5778
4751,5779
4751,5780
4751,5781
4752,5782
4753,5783
4754,5784
4755,5785
4755,5786
4756,5787
4757,5788
4757,5789
4758,5790
4758,5791
4759,5792
4759,5793
4760,5794
4760,5795
4761,5796
4762,5797
4763,5798
4764,5799
4765,5800
4765,5801
4765,5802
4766,5803
4767,5804
4767,5805
4767,5806
4767,5807
4768,5808
4768,5809
4769,5810
4769,5811
4769,5812
4769,5813
4770,5814
4770,5815
4771,5816
4772,5817
4773,5818
4774,5819
4775,5820
4775,5821
4775,5822
4776,5823
4776,5824
4776,5825
4776,5826
4777,5827
4777,5828
4778,5829
4778,5830
4778,5831
4779,5832
4780,5833
4781,5834
4782,5835
4783,5836
4784,5837
4784,5838
4785,5839
4786,5840
4786,5841
4787,5842
4788,5843
4788,5844
4788,5845
4789,5846
4789,5847
4790,5848
4791,5849
4791,5850
4792,5851
4792,5852
4793,5853
4794,5854
4794,5855
4795,5856
4796,5857
4796,5858
4796,5859
4796,5860
4797,5861
4797,5862
4797,5863
4798,5864
4798,5865
4798,5866
4798,5867
4799,5868
4799,5869
4799,5870
4800,5871
4800,5872
4801,5873
4802,5874
4802,5875
4802,5876
4803,5877
4803,5878
4804,5879
4804,5880
4805,5881
4806,5882
4806,5883
4807,5884
4807,5885
4807,5886
4808,5887
4809,5888
4810,5889
4811,5890
4812,5891
4813,5892
4813,5893
4814,5894
4814,5895
4815,5896
4816,5897
4816,5898
4817,5899
4818,5900
4818,5901
4819,5902
4819,5903
4820,5904
4821,5905
4822,5906
4823,5907
4824,5908
4824,5909
4825,5910
4826,5911
4827,5912
4828,5913
4828,5914
4828,5915
4829,5916
4829,5917
4830,5918
4831,5919
4831,5920
4831,5921
4831,5922
4832,5923
4832,5924
4832,5925
4833,5926
4834,5927
4834,5928
4834,5929
4835,5930
4836,5931
4836,5932
4836,5933
4836,5934
4837,5935
4838,5936
4838,5937
4839,5938
4840,5939
4841,5940
4842,5941
4842,5942
4843,5943
4844,5944
4845,5945
4846,5946
4846,5947
4847,5948
4848,5949
4848,5950
4848,5951
4849,5952
4849,5953
4850,5954
4850,5955
4851,5956
4852,5957
4852,5958
4853,5959
4853,5960
4853,5961
4853,5962
4854,5963
4855,5964
4855,5965
4856,5966
4856,5967
4857,5968
4858,5969
4859,5970
4859,5971
4860,5972
4861,5973
4861,5974
4861,5975
4862,5976
4862,5977
4862,5978
4863,5979
4864,5980
4864,5981
4864,5982
4865,5983
4866,5984
4867,5985
4867,5986
4868,5987
4869,5988
4870,5989
4871,5990
4872,5991
4873,5992
4874,5993
4875,5994
4875,5995
4875,5996
4876,5997
4877,5998
4878,5999
4879,6000
4879,6001
4879,6002
4880,6003
4881,6004
4882,6005
4882,6006
4882,6007
4883,6008
4883,6009
4883,6010
4883,6011
4884,6012
4884,6013
4884,6014
4884,6015
4885,6016
4886,6017
4886,6018
4887,6019
4887,6020
4888,6021
4889,6022
4890,6023
4891,6024
4892,6025
4892,6026
4892,6027
4892,6028
4893,6029
4894,6030
4894,6031
4895,6032
4895,6033
4896,6034
4897,6035
4897,6036
4898,6037
4899,6038
4899,6039
4899,6040
4899,6041
4900,6042
4900,6043
4901,6044
4901,6045
4901,6046
4902,6047
4902,6048
4902,6049
4902,6050
4903,6051
4903,6052
4903,6053
4904,6054
4905,6055
4906,6056
4906,6057
4907,6058
4907,6059
4908,6060
4909,6061
4909,6062
4910,6063
4910,6064
4910,6065
4910,6066
4911,6067
4912,6068
4912,6069
4912,6070
4912,6071
4913,6072
4913,6073
4913,6074
4914,6075
4915,6076
4915,6077
4916,6078
4917,6079
4918,6080
4918,6081
4919,6082
4920,6083
4921,6084
4922,6085
4923,6086
4923,6087
4923,6088
4924,6089
4924,6090
4925,6091
4926,6092
4927,6093
4928,6094
4928,6095
4928,6096
4928,6097
4929,6098
4930,6099
4931,6100
4932,6101
4932,6102
4933,6103
4934,6104
4935,6105
4936,6106
4937,6107
4938,6108
4939,6109
4939,6110
4940,6111
4940,6112
4940,6113
4941,6114
4941,6115
4941,6116
4941,6117
4942,6118
4943,6119
4944,6120
4945,6121
4946,6122
4947,6123
4948,6124
4949,6125
4949,6126
4950,6127
4950,6128
4951,6129
4952,6130
4952,6131
4952,6132
4953,6133
4953,6134
4953,6135
4953,6136
4954,6137
4954,6138
4954,6139
4954,6140
4955,6141
4956,6142
4956,6143
4956,6144
4956,6145
4957,6146
4958,6147
4959,6148
4959,6149
4960,6150
4960,6151
4961,6152
4962,6153
4962,6154
4962,6155
4962,6156
4963,6157
4964,6158
4964,6159
4965,6160
4966,6161
4967,6162
4967,6163
4968,6164
4969,6165
4970,6166
4970,6167
4971,6168
4971,6169
4971,6170
4972,6171
4972,6172
4973,6173
4974,6174
4974,6175
4974,6176
4974,6177
4975,6178
4975,6179
4976,6180
4977,6181
4978,6182
4979,6183
4979,6184
4980,6185
4981,6186
4981,6187
4981,6188
4981,6189
4982,6190
4983,6191
4984,6192
4985,6193
4985,6194
4985,6195
4986,6196
4987,6197
4988,6198
4988,6199
4988,6200
4989,6201
4990,6202
4991,6203
4992,6204
4993,6205
4994,6206
4994,6207
4995,6208
4995,6209
4996,6210
4997,6211
4998,6212
4999,6213
4999,6214
4999,6215
5000,6216
5001,6217
5002,6218
5002,6219
5002,6220
5002,6221
5003,6222
5003,6223
5003,6224
5003,6225
5004,6226
5004,6227
5005,6228
5006,6229
5006,6230
5006,6231
5007,6232
5008,6233
5009,6234
5010,6235
5010,6236
5010,6237
5011,6238
5011,6239
5012,6240
5012,6241
5012,6242
5013,6243
5013,6244
5014,6245
5015,6246
5015,6247
5016,6248
5016,6249
5017,6250
5017,6251
5018,6252
5019,6253
5020,6254
5021,6255
5022,6256
5023,6257
5024,6258
5024,6259
5024,6260
5025,6261
5026,6262
5027,6263
5027,6264
5027,6265
5027,6266
5028,6267
5029,6268
5030,6269
5030,6270
5031,6271
5031,6272
5032,6273
5032,6274
5033,6275
5033,6276
5033,6277
5033,6278
5034,6279
5035,6280
5036,6281
5036,6282
5037,6283
5037,6284
5037,6285
5038,6286
5038,6287
5038,6288
5038,6289
5039,6290
5039,6291
5040,6292
5041,6293
5041,6294
5042,6295
5043,6296
5044,6297
5044,6298
5045,6299
5046,6300
5046,6301
5047,6302
5047,6303
5047,6304
5048,6305
5049,6306
5049,6307
5049,6308
5050,6309
5050,6310
5051,6311
5052,6312
5052,6313
5053,6314
5054,6315
5055,6316
5055,6317
5056,6318
5056,6319
5057,6320
5057,6321
5057,6322
5057,6323
5058,6324
5058,6325
5059,6326
5060,6327
5061,6328
5062,6329
5063,6330
5063,6331
5064,6332
5064,6333
5065,6334
5065,6335
5066,6336
5066,6337
5067,6338
5067,6339
5067,6340
5068,6341
5069,6342
5069,6343
5070,6344
5071,6345
5072,6346
5073,6347
5073,6348
5074,6349
5075,6350
5075,6351
5075,6352
5076,6353
5077,6354
5077,6355
5078,6356
5079,6357
5080,6358
5081,6359
5081,6360
5082,6361
5082,6362
5083,6363
5083,6364
5083,6365
5084,6366
5085,6367
5085,6368
5086,6369
5086,6370
5086,6371
5087,6372
5087,6373
5088,6374
5089,6375
5090,6376
5090,6377
5091,6378
5092,6379
5093,6380
5093,6381
5094,6382
5094,6383
5094,6384
5095,6385
5096,6386
5097,6387
5098,6388
5099,6389
5100,6390
5101,6391
5101,6392
5101,6393
5102,6394
5102,6395
5103,6396
5104,6397
5105,6398
5106,6399
5106,6400
5107,6401
5107,6402
5107,6403
5108,6404
5109,6405
5109,6406
5110,6407
5110,6408
5111,6409
5112,6410
5112,6411
5113,6412
5114,6413
5115,6414
5116,6415
5117,6416
5118,6417
5119,6418
5120,6419
5121,6420
5121,6421
5122,6422
5123,6423
5124,6424
5124,6425
5125,6426
5126,6427
5127,6428
5128,6429
5129,6430
5130,6431
5130,6432
5131,6433
5132,6434
5133,6435
5133,6436
5133,6437
5133,6438
5134,6439
5135,6440
5136,6441
5137,6442
5138,6443
5139,6444
5139,6445
5139,6446
5139,6447
5140,6448
5140,6449
5140,6450
5140,6451
5141,6452
5142,6453
5142,6454
5143,6455
5144,6456
5144,6457
5145,6458
5145,6459
5146,6460
5146,6461
5146,6462
5146,6463
5147,6464
5148,6465
5148,6466
5148,6467
5149,6468
5150,6469
5150,6470
5151,6471
5152,6472
5153,6473
5154,6474
5154,6475
5155,6476
5156,6477
5157,6478
5158,6479
5159,6480
5160,6481
5160,6482
5161,6483
5161,6484
5162,6485
5162,6486
5162,6487
5163,6488
5164,6489
5165,6490
5166,6491
5167,6492
5167,6493
5167,6494
5168,6495
5168,6496
5168,6497
5168,6498
5169,6499
5169,6500
5170,6501
5171,6502
5171,6503
5172,6504
5173,6505
5173,6506
5173,6507
5174,6508
5174,6509
5175,6510
5176,6511
5177,6512
5178,6513
5179,6514
5180,6515
5181,6516
5182,6517
5183,6518
5184,6519
5185,6520
5186,6521
5186,6522
5186,6523
5187,6524
5188,6525
5189,6526
5190,6527
5190,6528
5191,6529
5192,6530
5193,6531
5194,6532
5194,6533
5195,6534
5196,6535
5197,6536
5198,6537
5198,6538
5198,6539
5199,6540
5199,6541
5199,6542
5200,6543
5201,6544
5201,6545
5202,6546
5202,6547
5203,6548
5203,6549
5204,6550
5204,6551
5204,6552
5205,6553
5206,6554
5207,6555
5207,6556
5208,6557
5209,6558
5209,6559
5210,6560
5210,6561
5211,6562
5211,6563
5212,6564
5213,6565
5214,6566
5214,6567
5215,6568
5216,6569
5216,6570
5217,6571
5217,6572
5218,6573
5219,6574
5220,6575
5220,6576
5220,6577
5221,6578
5221,6579
5222,6580
5223,6581
5224,6582
5224,6583
5225,6584
5226,6585
5227,6586
5228,6587
5229,6588
5230,6589
5230,6590
5230,6591
5231,6592
5232,6593
5233,6594
5233,6595
5234,6596
5235,6597
5236,6598
5236,6599
5236,6600
5237,6601
5238,6602
5239,6603
5239,6604
5240,6605
5240,6606
5241,6607
5242,6608
5243,6609
5244,6610
5245,6611
5246,6612
5247,6613
5248,6614
5249,6615
5250,6616
5251,6617
5251,6618
5252,6619
5253,6620
5254,6621
5255,6622
5256,6623
5256,6624
5256,6625
5257,6626
5258,6627
5258,6628
5259,6629
5260,6630
5260,6631
5260,6632
5261,6633
5261,6634
5262,6635
5263,6636
5264,6637
5265,6638
5266,6639
5266,6640
5267,6641
5267,6642
5268,6643
5268,6644
5269,6645
5270,6646
5270,6647
5271,6648
5271,6649
5272,6650
5272,6651
5273,6652
5274,6653
5274,6654
5274,6655
5275,6656
5276,6657
5277,6658
5277,6659
5278,6660
5278,6661
5279,6662
5279,6663
5279,6664
5280,6665
5281,6666
5282,6667
5283,6668
5283,6669
5284,6670
5285,6671
5285,6672
5286,6673
5287,6674
5287,6675
5288,6676
5289,6677
5290,6678
5290,6679
5290,6680
5291,6681
5292,6682
5292,6683
5293,6684
5293,6685
5293,6686
5293,6687
5294,6688
5295,6689
5295,6690
5296,6691
5296,6692
5296,6693
5297,6694
5297,6695
5298,6696
5299,6697
5299,6698
5299,6699
5300,6700
5301,6701
5302,6702
5303,6703
5304,6704
5304,6705
5304,6706
5305,6707
5305,6708
5305,6709
5306,6710
5307,6711
5308,6712
5309,6713
5310,6714
5311,6715
5312,6716
5312,6717
5312,6718
5313,6719
5314,6720
5314,6721
5315,6722
5316,6723
5317,6724
5318,6725
5319,6726
5320,6727
5320,6728
5321,6729
5321,6730
5322,6731
5323,6732
5323,6733
5323,6734
5324,6735
5325,6736
5326,6737
5327,6738
5327,6739
5328,6740
5329,6741
5330,6742
5331,6743
5332,6744
5333,6745
5334,6746
5335,6747
5336,6748
5336,6749
5336,6750
5337,6751
5337,6752
5338,6753
5338,6754
5339,6755
5339,6756
5339,6757
5339,6758
5340,6759
5340,6760
5341,6761
5341,6762
5341,6763
5342,6764
5343,6765
5343,6766
5344,6767
5344,6768
5345,6769
5346,6770
5346,6771
5346,6772
5346,6773
5347,6774
5348,6775
5348,6776
5349,6777
5349,6778
5350,6779
5351,6780
5351,6781
5351,6782
5352,6783
5352,6784
5353,6785
5354,6786
5355,6787
5356,6788
5356,6789
5357,6790
5358,6791
5358,6792
5358,6793
5358,6794
5359,6795
5359,6796
5360,6797
5361,6798
5362,6799
5363,6800
5363,6801
5363,6802
5363,6803
5364,6804
5364,6805
5365,6806
5366,6807
5367,6808
5367,6809
5367,6810
5367,6811
5368,6812
5369,6813
5370,6814
5371,6815
5372,6816
5373,6817
5374,6818
5375,6819
5376,6820
5377,6821
5378,6822
5378,6823
5379,6824
5379,6825
5379,6826
5380,6827
5381,6828
5382,6829
5382,6830
5383,6831
5384,6832
5384,6833
5385,6834
5385,6835
5386,6836
5387,6837
5387,6838
5388,6839
5388,6840
5388,6841
5389,6842
5390,6843
5391,6844
5392,6845
5393,6846
5394,6847
5395,6848
5396,6849
5397,6850
5398,6851
5398,6852
5399,6853
5400,6854
5401,6855
5402,6856
5403,6857
5404,6858
5405,6859
5406,6860
5406,6861
5407,6862
5408,6863
5408,6864
5409,6865
5410,6866
5410,6867
5410,6868
5410,6869
5411,6870
5412,6871
5413,6872
5414,6873
5415,6874
5415,6875
5415,6876
5416,6877
5417,6878
5417,6879
5417,6880
5418,6881
5419,6882
5420,6883
5421,6884
5422,6885
5423,6886
5423,6887
5423,6888
5424,6889
5425,6890
5426,6891
5426,6892
5427,6893
5428,6894
5429,6895
5430,6896
5431,6897
5432,6898
5433,6899
5433,6900
5433,6901
5434,6902
5434,6903
5434,6904
5435,6905
5436,6906
5436,6907
5436,6908
5437,6909
5438,6910
5439,6911
5440,6912
5441,6913
5441,6914
5441,6915
5442,6916
5443,6917
5443,6918
5444,6919
5444,6920
5444,6921
5445,6922
5446,6923
5447,6924
5448,6925
5449,6926
5449,6927
5449,6928
5450,6929
5451,6930
5452,6931
5452,6932
5453,6933
5453,6934
5454,6935
5455,6936
5456,6937
5456,6938
5456,6939
5457,6940
5458,6941
5458,6942
5459,6943
5459,6944
5460,6945
5461,6946
5462,6947
5463,6948
5464,6949
5464,6950
5464,6951
5465,6952
5466,6953
5467,6954
5467,6955
5467,6956
5467,6957
5468,6958
5468,6959
5469,6960
5470,6961
5470,6962
5471,6963
5472,6964
5472,6965
5473,6966
5474,6967
5474,6968
5475,6969
5476,6970
5477,6971
5478,6972
5479,6973
5479,6974
5480,6975
5481,6976
5482,6977
5482,6978
5483,6979
5484,6980
5484,6981
5484,6982
5485,6983
5485,6984
5485,6985
5486,6986
5486,6987
5486,6988
5486,6989
5487,6990
5487,6991
5487,6992
5488,6993
5489,6994
5489,6995
5489,6996
5489,6997
5490,6998
5491,6999
5492,7000
5493,7001
5494,7002
5495,7003
5496,7004
5497,7005
5498,7006
5499,7007
5500,7008
5501,7009
5501,7010
5502,7011
5503,7012
5503,7013
5504,7014
5504,7015
5505,7016
5505,7017
5506,7018
5507,7019
5508,7020
5508,7021
5508,7022
5509,7023
5509,7024
5510,7025
5511,7026
5512,7027
5512,7028
5512,7029
5512,7030
5513,7031
5514,7032
5515,7033
5516,7034
5517,7035
5518,7036
5518,7037
5519,7038
5520,7039
5520,7040
5520,7041
5521,7042
5522,7043
5522,7044
5523,7045
5523,7046
5523,7047
5524,7048
5525,7049
5526,7050
5526,7051
5526,7052
5526,7053
5527,7054
5527,7055
5528,7056
5528,7057
5529,7058
5529,7059
5529,7060
5530,7061
5531,7062
5531,7063
5532,7064
5532,7065
5533,7066
5534,7067
5534,7068
5535,7069
5536,7070
5537,7071
5538,7072
5539,7073
5540,7074
5541,7075
5542,7076
5542,7077
5543,7078
5544,7079
5545,7080
5546,7081
5546,7082
5547,7083
5548,7084
5549,7085
5550,7086
5551,7087
5551,7088
5551,7089
5551,7090
5552,7091
5553,7092
5554,7093
5554,7094
5555,7095
5555,7096
5556,7097
5557,7098
5558,7099
5559,7100
5560,7101
5560,7102
5561,7103
5562,7104
5563,7105
5564,7106
5564,7107
5565,7108
5566,7109
5567,7110
5568,7111
5569,7112
5570,7113
5571,7114
5572,7115
5573,7116
5574,7117
5574,7118
5574,7119
5575,7120
5576,7121
5576,7122
5576,7123
5577,7124
5577,7125
5577,7126
5577,7127
5578,7128
5578,7129
5579,7130
5579,7131
5580,7132
5580,7133
5581,7134
5582,7135
5582,7136
5583,7137
5583,7138
5583,7139
5584,7140
5585,7141
5586,7142
5587,7143
5588,7144
5589,7145
5590,7146
5590,7147
5591,7148
5592,7149
5593,7150
5594,7151
5595,7152
5596,7153
5596,7154
5597,7155
5597,7156
5598,7157
5598,7158
5598,7159
5599,7160
5599,7161
5600,7162
5601,7163
5601,7164
5602,7165
5603,7166
5604,7167
5604,7168
5605,7169
5605,7170
5606,7171
5607,7172
5608,7173
5608,7174
5609,7175
5609,7176
5609,7177
5610,7178
5610,7179
5611,7180
5611,7181
5612,7182
5613,7183
5614,7184
5615,7185
5616,7186
5617,7187
5617,7188
5618,7189
5619,7190
5620,7191
5621,7192
5621,7193
5622,7194
5623,7195
5623,7196
5623,7197
5624,7198
5625,7199
5625,7200
5625,7201
5626,7202
5626,7203
5627,7204
5628,7205
5629,7206
5629,7207
5629,7208
5630,7209
5631,7210
5632,7211
5633,7212
5634,7213
5635,7214
5635,7215
5635,7216
5636,7217
5636,7218
5637,7219
5638,7220
5639,7221
5639,7222
5639,7223
5640,7224
5640,7225
5641,7226
5642,7227
5643,7228
5644,7229
5645,7230
5646,7231
5647,7232
5648,7233
5648,7234
5649,7235
5650,7236
5650,7237
5651,7238
5652,7239
5652,7240
5653,7241
5654,7242
5654,7243
5655,7244
5656,7245
5657,7246
5658,7247
5658,7248
5659,7249
5660,7250
5661,7251
5662,7252
5662,7253
5663,7254
5663,7255
5663,7256
5663,7257
5664,7258
5664,7259
5665,7260
5666,7261
5666,7262
5666,7263
5666,7264
5667,7265
5667,7266
5667,7267
5667,7268
5668,7269
5669,7270
5670,7271
5671,7272
5671,7273
5672,7274
5673,7275
5674,7276
5675,7277
5675,7278
5676,7279
5677,7280
5678,7281
5679,7282
5679,7283
5680,7284
5681,7285
5682,7286
5682,7287
5683,7288
5683,7289
5684,7290
5685,7291
5686,7292
5687,7293
5688,7294
5689,7295
5689,7296
5689,7297
5690,7298
5691,7299
5691,7300
5692,7301
5692,7302
5693,7303
5694,7304
5694,7305
5694,7306
5694,7307
5695,7308
5696,7309
5697,7310
5697,7311
5698,7312
5698,7313
5699,7314
5700,7315
5700,7316
5701,7317
5702,7318
5703,7319
5704,7320
5705,7321
5706,7322
5707,7323
5707,7324
5708,7325
5709,7326
5710,7327
5711,7328
5712,7329
5712,7330
5712,7331
5713,7332
5714,7333
5715,7334
5715,7335
5716,7336
5717,7337
5717,7338
5718,7339
5719,7340
5719,7341
5719,7342
5720,7343
5720,7344
5721,7345
5722,7346
5723,7347
5723,7348
5723,7349
5724,7350
5724,7351
5724,7352
5725,7353
5725,7354
5726,7355
5727,7356
5728,7357
5729,7358
5729,7359
5729,7360
5730,7361
5730,7362
5731,7363
5732,7364
5733,7365
5734,7366
5735,7367
5736,7368
5736,7369
5737,7370
5737,7371
5738,7372
5739,7373
5739,7374
5740,7375
5740,7376
5741,7377
5742,7378
5742,7379
5743,7380
5744,7381
5745,7382
5746,7383
5746,7384
5746,7385
5747,7386
5747,7387
5748,7388
5749,7389
5750,7390
5751,7391
5752,7392
5752,7393
5752,7394
5753,7395
5754,7396
5755,7397
5755,7398
5755,7399
5755,7400
5756,7401
5757,7402
5757,7403
5758,7404
5759,7405
5760,7406
5761,7407
5761,7408
5762,7409
5763,7410
5763,7411
5764,7412
5764,7413
5764,7414
5764,7415
5765,7416
5765,7417
5765,7418
5766,7419
5766,7420
5767,7421
5767,7422
5767,7423
5767,7424
5768,7425
5769,7426
5769,7427
5769,7428
5770,7429
5770,7430
5771,7431
5772,7432
5773,7433
5774,7434
5775,7435
5775,7436
5776,7437
5777,7438
5778,7439
5778,7440
5779,7441
5779,7442
5780,7443
5781,7444
5781,7445
5781,7446
5782,7447
5782,7448
5782,7449
5782,7450
5783,7451
5784,7452
5785,7453
5786,7454
5787,7455
5788,7456
5789,7457
5790,7458
5791,7459
5792,7460
5792,7461
5793,7462
5793,7463
5794,7464
5794,7465
5794,7466
5795,7467
5796,7468
5796,7469
5797,7470
5798,7471
5799,7472
5800,7473
5801,7474
5801,7475
5802,7476
5803,7477
5804,7478
5805,7479
5805,7480
5805,7481
5805,7482
5806,7483
5807,7484
5808,7485
5809,7486
5810,7487
5811,7488
5812,7489
5813,7490
5813,7491
5813,7492
5814,7493
5815,7494
5815,7495
5816,7496
5817,7497
5817,7498
5818,7499
5818,7500
5819,7501
5820,7502
5821,7503
5821,7504
5822,7505
5823,7506
5824,7507
5825,7508
5826,7509
5827,7510
5827,7511
5828,7512
5829,7513
5829,7514
5830,7515
5831,7516
5832,7517
5832,7518
5832,7519
5832,7520
5833,7521
5834,7522
5835,7523
5835,7524
5836,7525
5836,7526
5837,7527
5838,7528
5838,7529
5839,7530
5840,7531
5840,7532
5841,7533
5842,7534
5843,7535
5844,7536
5845,7537
5846,7538
5847,7539
5848,7540
5849,7541
5850,7542
5851,7543
5851,7544
5852,7545
5852,7546
5852,7547
5853,7548
5853,7549
5853,7550
5853,7551
5854,7552
5855,7553
5856,7554
5857,7555
5857,7556
5857,7557
5858,7558
5858,7559
5859,7560
5860,7561
5861,7562
5861,7563
5862,7564
5862,7565
5862,7566
5863,7567
5863,7568
5863,7569
5863,7570
5864,7571
5865,7572
5865,7573
5866,7574
5867,7575
5868,7576
5869,7577
5869,7578
5869,7579
5870,7580
5870,7581
5871,7582
5872,7583
5873,7584
5874,7585
5875,7586
5875,7587
5876,7588
5877,7589
5877,7590
5878,7591
5878,7592
5878,7593
5879,7594
5879,7595
5879,7596
5880,7597
5881,7598
5882,7599
5883,7600
5883,7601
5884,7602
5885,7603
5886,7604
5887,7605
5888,7606
5888,7607
5888,7608
5889,7609
5889,7610
5889,7611
5890,7612
5891,7613
5891,7614
5892,7615
5892,7616
5892,7617
5893,7618
5893,7619
5893,7620
5894,7621
5895,7622
5896,7623
5896,7624
5897,7625
5898,7626
5899,7627
5900,7628
5901,7629
5901,7630
5902,7631
5903,7632
5903,7633
5904,7634
5904,7635
5905,7636
5906,7637
5907,7638
5908,7639
5909,7640
5910,7641
5910,7642
5910,7643
5911,7644
5912,7645
5912,7646
5913,7647
5914,7648
5915,7649
5916,7650
5917,7651
5918,7652
5919,7653
5919,7654
5919,7655
5920,7656
5920,7657
5920,7658
5921,7659
5921,7660
5922,7661
5923,7662
5924,7663
5925,7664
5925,7665
5925,7666
5925,7667
5926,7668
5927,7669
5928,7670
5928,7671
5928,7672
5928,7673
5929,7674
5930,7675
5931,7676
5931,7677
5932,7678
5933,7679
5934,7680
5934,7681
5934,7682
5935,7683
5936,7684
5937,7685
5937,7686
5938,7687
5938,7688
5939,7689
5939,7690
5939,7691
5940,7692
5940,7693
5940,7694
5941,7695
5941,7696
5942,7697
5942,7698
5943,7699
5944,7700
5945,7701
5945,7702
5945,7703
5946,7704
5946,7705
5946,7706
5946,7707
5947,7708
5948,7709
5949,7710
5950,7711
5950,7712
5950,7713
5951,7714
5951,7715
5952,7716
5953,7717
5954,7718
5955,7719
5955,7720
5956,7721
5957,7722
5958,7723
5959,7724
5959,7725
5959,7726
5960,7727
5961,7728
5961,7729
5962,7730
5963,7731
5964,7732
5965,7733
5966,7734
5967,7735
5968,7736
5968,7737
5969,7738
5970,7739
5971,7740
5971,7741
5971,7742
5971,7743
5972,7744
5972,7745
5972,7746
5973,7747
5974,7748
5975,7749
5976,7750
5976,7751
5977,7752
5978,7753
5979,7754
5979,7755
5980,7756
5981,7757
5982,7758
5982,7759
5983,7760
5983,7761
5983,7762
5984,7763
5985,7764
5985,7765
5986,7766
5987,7767
5988,7768
5988,7769
5988,7770
5988,7771
5989,7772
5989,7773
5989,7774
5989,7775
5990,7776
5991,7777
5991,7778
5992,7779
5993,7780
5994,7781
5995,7782
5995,7783
5996,7784
5996,7785
5997,7786
5997,7787
5997,7788
5997,7789
5998,7790
5998,7791
5998,7792
5999,7793
6000,7794
6001,7795
6002,7796
6003,7797
6003,7798
6004,7799
6005,7800
6006,7801
6006,7802
6007,7803
6007,7804
6008,7805
6009,7806
6010,7807
6010,7808
6010,7809
6011,7810
6012,7811
6012,7812
6013,7813
6013,7814
6014,7815
6014,7816
6015,7817
6015,7818
6016,7819
6016,7820
6017,7821
6018,7822
6019,7823
6020,7824
6021,7825
6021,7826
6021,7827
6021,7828
6022,7829
6023,7830
6023,7831
6023,7832
6023,7833
6024,7834
6024,7835
6024,7836
6025,7837
6026,7838
6026,7839
6026,7840
6027,7841
6028,7842
6029,7843
6029,7844
6030,7845
6031,7846
6031,7847
6031,7848
6032,7849
6032,7850
6032,7851
6033,7852
6034,7853
6034,7854
6035,7855
6036,7856
6036,7857
6037,7858
6037,7859
6037,7860
6038,7861
6038,7862
6039,7863
6039,7864
6040,7865
6040,7866
6040,7867
6041,7868
6042,7869
6043,7870
6043,7871
6043,7872
6043,7873
6044,7874
6044,7875
6045,7876
6046,7877
6047,7878
6048,7879
6049,7880
6050,7881
6051,7882
6052,7883
6052,7884
6052,7885
6052,7886
6053,7887
6054,7888
6055,7889
6056,7890
6057,7891
6058,7892
6058,7893
6058,7894
6058,7895
6059,7896
6060,7897
6061,7898
6061,7899
6061,7900
6061,7901
6062,7902
6063,7903
6064,7904
6065,7905
6066,7906
6067,7907
6068,7908
6069,7909
6070,7910
6071,7911
6072,7912
6073,7913
6073,7914
6074,7915
6075,7916
6076,7917
6077,7918
6078,7919
6078,7920
6078,7921
6079,7922
6080,7923
6081,7924
6082,7925
6083,7926
6084,7927
6084,7928
6084,7929
6085,7930
6086,7931
6087,7932
6088,7933
6089,7934
6090,7935
6091,7936
6092,7937
6092,7938
6092,7939
6092,7940
6093,7941
6094,7942
6095,7943
6095,7944
6095,7945
6096,7946
6096,7947
6096,7948
6097,7949
6098,7950
6099,7951
6100,7952
6100,7953
6101,7954
6102,7955
6102,7956
6103,7957
6104,7958
6104,7959
6105,7960
6106,7961
6107,7962
6107,7963
6108,7964
6108,7965
6109,7966
6110,7967
6111,7968
6111,7969
6112,7970
6113,7971
6113,7972
6114,7973
6114,7974
6115,7975
6116,7976
6117,7977
6117,7978
6118,7979
6119,7980
6120,7981
6121,7982
6122,7983
6123,7984
6124,7985
6125,7986
6126,7987
6127,7988
6128,7989
6129,7990
6130,7991
6130,7992
6130,7993
6131,7994
6132,7995
6133,7996
6134,7997
6134,7998
6135,7999
6135,8000
6135,8001
6136,8002
6136,8003
6137,8004
6137,8005
6137,8006
6138,8007
6139,8008
6140,8009
6140,8010
6141,8011
6142,8012
6142,8013
6142,8014
6143,8015
6144,8016
6145,8017
6146,8018
6147,8019
6148,8020
6148,8021
6149,8022
6150,8023
6150,8024
6150,8025
6151,8026
6152,8027
6152,8028
6152,8029
6153,8030
6153,8031
6153,8032
6154,8033
6155,8034
6155,8035
6156,8036
6157,8037
6158,8038
6159,8039
6160,8040
6160,8041
6160,8042
6161,8043
6162,8044
6163,8045
6164,8046
6165,8047
6165,8048
6166,8049
6167,8050
6168,8051
6169,8052
6169,8053
6169,8054
6169,8055
6170,8056
6171,8057
6171,8058
6172,8059
6172,8060
6172,8061
6172,8062
6173,8063
6174,8064
6174,8065
6175,8066
6175,8067
6176,8068
6177,8069
6177,8070
6178,8071
6178,8072
6179,8073
6179,8074
6179,8075
6179,8076
6180,8077
6181,8078
6181,8079
6182,8080
6182,8081
6183,8082
6184,8083
6185,8084
6185,8085
6186,8086
6187,8087
6188,8088
6189,8089
6190,8090
6190,8091
6190,8092
6191,8093
6191,8094
6192,8095
6192,8096
6193,8097
6194,8098
6194,8099
6195,8100
6196,8101
6196,8102
6196,8103
6196,8104
6197,8105
6198,8106
6199,8107
6200,8108
6200,8109
6201,8110
6201,8111
6201,8112
6201,8113
6202,8114
6202,8115
6203,8116
6204,8117
6204,8118
6204,8119
6205,8120
6206,8121
6206,8122
6207,8123
6207,8124
6207,8125
6207,8126
6208,8127
6208,8128
6209,8129
6209,8130
6210,8131
6211,8132
6211,8133
6212,8134
6212,8135
6212,8136
6213,8137
6214,8138
6215,8139
6216,8140
6216,8141
6217,8142
6217,8143
6217,8144
6217,8145
6218,8146
6218,8147
6219,8148
6219,8149
6220,8150
6221,8151
6222,8152
6223,8153
6224,8154
6224,8155
6224,8156
6224,8157
6225,8158
6226,8159
6227,8160
6227,8161
6228,8162
6228,8163
6228,8164
6229,8165
6230,8166
6231,8167
6232,8168
6233,8169
6234,8170
6235,8171
6236,8172
6237,8173
6237,8174
6238,8175
6239,8176
6240,8177
6241,8178
6241,8179
6242,8180
6243,8181
6244,8182
6244,8183
6245,8184
6245,8185
6245,8186
6245,8187
6246,8188
6246,8189
6247,8190
6248,8191
6248,8192
6248,8193
6248,8194
6249,8195
6250,8196
6251,8197
6252,8198
6253,8199
6253,8200
6254,8201
6254,8202
6255,8203
6256,8204
6257,8205
6257,8206
6257,8207
6258,8208
6258,8209
6259,8210
6259,8211
6260,8212
6261,8213
6262,8214
6262,8215
6263,8216
6263,8217
6264,8218
6265,8219
6265,8220
6266,8221
6267,8222
6267,8223
6268,8224
6269,8225
6269,8226
6270,8227
6270,8228
6271,8229
6271,8230
6271,8231
6271,8232
6272,8233
6273,8234
6273,8235
6273,8236
6274,8237
6275,8238
6276,8239
6276,8240
6277,8241
6278,8242
6279,8243
6280,8244
6281,8245
6281,8246
6281,8247
6282,8248
6282,8249
6282,8250
6283,8251
6284,8252
6285,8253
6286,8254
6286,8255
6287,8256
6288,8257
6289,8258
6290,8259
6291,8260
6292,8261
6292,8262
6292,8263
6293,8264
6293,8265
6294,8266
6295,8267
6296,8268
6296,8269
6297,8270
6297,8271
6297,8272
6298,8273
6298,8274
6299,8275
6300,8276
6301,8277
6301,8278
6302,8279
6302,8280
6303,8281
6304,8282
6305,8283
6305,8284
6305,8285
6306,8286
6306,8287
6307,8288
6308,8289
6309,8290
6309,8291
6309,8292
6310,8293
6311,8294
6312,8295
6313,8296
6313,8297
6314,8298
6315,8299
6316,8300
6316,8301
6317,8302
6318,8303
6318,8304
6319,8305
6319,8306
6320,8307
6320,8308
6320,8309
6321,8310
6322,8311
6322,8312
6322,8313
6323,8314
6324,8315
6324,8316
6324,8317
6325,8318
6326,8319
6326,8320
6326,8321
6326,8322
6327,8323
6327,8324
6328,8325
6329,8326
6329,8327
6329,8328
6329,8329
6330,8330
6331,8331
6332,8332
6333,8333
6334,8334
6335,8335
6335,8336
6336,8337
6336,8338
6337,8339
6337,8340
6337,8341
6337,8342
6338,8343
6338,8344
6338,8345
6338,8346
6339,8347
6339,8348
6339,8349
6339,8350
6340,8351
6340,8352
6340,8353
6341,8354
6342,8355
6343,8356
6344,8357
6344,8358
6345,8359
6346,8360
6346,8361
6347,8362
6348,8363
6348,8364
6348,8365
6349,8366
6349,8367
6350,8368
6350,8369
6351,8370
6351,8371
6351,8372
6352,8373
6353,8374
6354,8375
6355,8376
6356,8377
6357,8378
6358,8379
6358,8380
6359,8381
6360,8382
6360,8383
6361,8384
6361,8385
6362,8386
6363,8387
6364,8388
6364,8389
6365,8390
6366,8391
6367,8392
6368,8393
6369,8394
6369,8395
6369,8396
6370,8397
6371,8398
6372,8399
6373,8400
6374,8401
6375,8402
6376,8403
6377,8404
6378,8405
6378,8406
6379,8407
6380,8408
6381,8409
6382,8410
6382,8411
6383,8412
6384,8413
6384,8414
6385,8415
6386,8416
6386,8417
6387,8418
6388,8419
6388,8420
6388,8421
6389,8422
6389,8423
6389,8424
6390,8425
6391,8426
6391,8427
6392,8428
6393,8429
6394,8430
6394,8431
6395,8432
6396,8433
6397,8434
6398,8435
6398,8436
6398,8437
6399,8438
6399,8439
6400,8440
6401,8441
6401,8442
6401,8443
6401,8444
6402,8445
6402,8446
6402,8447
6403,8448
6403,8449
6404,8450
6405,8451
6406,8452
6407,8453
6408,8454
6408,8455
6409,8456
6409,8457
6410,8458
6411,8459
6411,8460
6411,8461
6412,8462
6413,8463
6413,8464
6413,8465
6414,8466
6414,8467
6415,8468
6416,8469
6417,8470
6417,8471
6418,8472
6419,8473
6420,8474
6420,8475
6421,8476
6422,8477
6422,8478
6423,8479
6424,8480
6424,8481
6425,8482
6426,8483
6427,8484
6428,8485
6429,8486
6430,8487
6430,8488
6430,8489
6431,8490
6432,8491
6433,8492
6433,8493
6433,8494
6434,8495
6435,8496
6436,8497
6436,8498
6437,8499
6438,8500
6438,8501
6439,8502
6440,8503
6441,8504
6441,8505
6442,8506
6442,8507
6442,8508
6443,8509
6443,8510
6444,8511
6445,8512
6446,8513
6447,8514
6448,8515
6449,8516
6450,8517
6450,8518
6450,8519
6451,8520
6452,8521
6452,8522
6453,8523
6454,8524
6455,8525
6456,8526
6456,8527
6457,8528
6458,8529
6458,8530
6459,8531
6460,8532
6460,8533
6461,8534
6462,8535
6462,8536
6463,8537
6464,8538
6465,8539
6465,8540
6466,8541
6466,8542
6467,8543
6468,8544
6469,8545
6469,8546
6469,8547
6470,8548
6471,8549
6472,8550
6472,8551
6473,8552
6474,8553
6475,8554
6475,8555
6476,8556
6477,8557
6477,8558
6478,8559
6479,8560
6480,8561
6481,8562
6481,8563
6482,8564
6483,8565
6483,8566
6483,8567
6483,8568
6484,8569
6485,8570
6486,8571
6487,8572
6488,8573
6488,8574
6489,8575
6490,8576
6491,8577
6492,8578
6492,8579
6493,8580
6494,8581
6495,8582
6495,8583
6496,8584
6497,8585
6498,8586
6499,8587
6500,8588
6500,8589
6500,8590
6500,8591
6501,8592
6501,8593
6501,8594
6502,8595
6502,8596
6503,8597
6503,8598
6504,8599
6504,8600
6505,8601
6506,8602
6507,8603
6508,8604
6508,8605
6509,8606
6509,8607
6510,8608
6511,8609
6511,8610
6511,8611
6512,8612
6512,8613
6513,8614
6514,8615
6515,8616
6516,8617
6517,8618
6518,8619
6519,8620
6519,8621
6520,8622
6521,8623
6521,8624
6522,8625
6523,8626
6523,8627
6524,8628
6524,8629
6525,8630
6525,8631
6526,8632
6527,8633
6528,8634
6528,8635
6529,8636
6529,8637
6530,8638
6531,8639
6532,8640
6532,8641
6533,8642
6534,8643
6535,8644
6536,8645
6536,8646
6537,8647
6537,8648
6538,8649
6539,8650
6540,8651
6540,8652
6540,8653
6541,8654
6542,8655
6542,8656
6542,8657
6542,8658
6543,8659
6544,8660
6544,8661
6545,8662
6545,8663
6545,8664
6546,8665
6546,8666
6547,8667
6547,8668
6548,8669
6549,8670
6549,8671
6549,8672
6549,8673
6550,8674
6550,8675
6551,8676
6552,8677
6553,8678
6553,8679
6554,8680
6555,8681
6555,8682
6556,8683
6557,8684
6558,8685
6559,8686
6559,8687
6559,8688
6560,8689
6560,8690
6561,8691
6562,8692
6563,8693
6564,8694
6564,8695
6564,8696
6564,8697
6565,8698
6566,8699
6566,8700
6567,8701
6568,8702
6568,8703
6568,8704
6569,8705
6570,8706
6571,8707
6572,8708
6572,8709
6572,8710
6572,8711
6573,8712
6573,8713
6573,8714
6574,8715
6574,8716
6574,8717
6574,8718
6575,8719
6576,8720
6576,8721
6576,8722
6576,8723
6577,8724
6577,8725
6578,8726
6578,8727
6578,8728
6579,8729
6580,8730
6581,8731
6581,8732
6581,8733
6582,8734
6583,8735
6583,8736
6584,8737
6585,8738
6586,8739
6586,8740
6587,8741
6588,8742
6589,8743
6589,8744
6590,8745
6591,8746
6592,8747
6592,8748
6592,8749
6593,8750
6594,8751
6595,8752
6596,8753
6596,8754
6597,8755
6597,8756
6598,8757
6599,8758
6600,8759
6600,8760
6601,8761
6602,8762
6602,8763
6603,8764
6604,8765
6605,8766
6606,8767
6607,8768
6608,8769
6609,8770
6609,8771
6610,8772
6611,8773
6611,8774
6611,8775
6612,8776
6612,8777
6613,8778
6613,8779
6613,8780
6614,8781
6614,8782
6615,8783
6616,8784
6617,8785
6617,8786
6618,8787
6619,8788
6620,8789
6621,8790
6621,8791
6622,8792
6622,8793
6622,8794
6622,8795
6623,8796
6623,8797
6623,8798
6623,8799
6624,8800
6625,8801
6625,8802
6626,8803
6626,8804
6626,8805
6627,8806
6627,8807
6627,8808
6627,8809
6628,8810
6628,8811
6628,8812
6628,8813
6629,8814
6630,8815
6631,8816
6631,8817
6632,8818
6632,8819
6633,8820
6634,8821
6634,8822
6635,8823
6635,8824
6636,8825
6636,8826
6637,8827
6637,8828
6638,8829
6639,8830
6640,8831
6640,8832
6640,8833
6641,8834
6642,8835
6642,8836
6642,8837
6642,8838
6643,8839
6644,8840
6645,8841
6646,8842
6646,8843
6647,8844
6648,8845
6649,8846
6650,8847
6650,8848
6650,8849
6650,8850
6651,8851
6652,8852
6652,8853
6653,8854
6653,8855
6654,8856
6654,8857
6654,8858
6655,8859
6655,8860
6656,8861
6657,8862
6657,8863
6658,8864
6658,8865
6659,8866
6660,8867
6661,8868
6662,8869
6662,8870
6662,8871
6663,8872
6664,8873
6664,8874
6664,8875
6665,8876
6666,8877
6666,8878
6666,8879
6667,8880
6667,8881
6668,8882
6669,8883
6669,8884
6669,8885
6670,8886
6671,8887
6672,8888
6673,8889
6673,8890
6674,8891
6674,8892
6674,8893
6675,8894
6676,8895
6677,8896
6678,8897
6679,8898
6680,8899
6680,8900
6681,8901
6682,8902
6682,8903
6683,8904
6684,8905
6685,8906
6685,8907
6685,8908
6685,8909
6686,8910
6687,8911
6687,8912
6688,8913
6689,8914
6689,8915
6690,8916
6691,8917
6691,8918
6692,8919
6692,8920
6693,8921
6693,8922
6693,8923
6693,8924
6694,8925
6695,8926
6696,8927
6697,8928
6698,8929
6699,8930
6699,8931
6699,8932
6700,8933
6701,8934
6702,8935
6703,8936
6704,8937
6704,8938
6704,8939
6704,8940
6705,8941
6705,8942
6706,8943
6706,8944
6707,8945
6707,8946
6708,8947
6708,8948
6709,8949
6709,8950
6710,8951
6711,8952
6711,8953
6712,8954
6712,8955
6712,8956
6712,8957
6713,8958
6714,8959
6714,8960
6715,8961
6716,8962
6716,8963
6716,8964
6717,8965
6717,8966
6718,8967
6719,8968
6720,8969
6720,8970
6721,8971
6722,8972
6723,8973
6723,8974
6724,8975
6724,8976
6725,8977
6725,8978
6726,8979
6726,8980
6727,8981
6728,8982
6728,8983
6729,8984
6729,8985
6729,8986
6730,8987
6731,8988
6731,8989
6731,8990
6731,8991
6732,8992
6733,8993
6733,8994
6734,8995
6735,8996
6736,8997
6737,8998
6738,8999
6738,9000
6739,9001
6740,9002
6741,9003
6742,9004
6743,9005
6744,9006
6744,9007
6745,9008
6745,9009
6746,9010
6747,9011
6748,9012
6749,9013
6750,9014
6751,9015
6752,9016
6752,9017
6753,9018
6753,9019
6754,9020
6754,9021
6754,9022
6755,9023
6756,9024
6756,9025
6757,9026
6758,9027
6758,9028
6758,9029
6759,9030
6760,9031
6761,9032
6761,9033
6761,9034
6761,9035
6762,9036
6762,9037
6762,9038
6763,9039
6764,9040
6765,9041
6766,9042
6767,9043
6767,9044
6768,9045
6768,9046
6769,9047
6769,9048
6770,9049
6770,9050
6771,9051
6772,9052
6773,9053
6773,9054
6774,9055
6775,9056
6776,9057
6777,9058
6778,9059
6779,9060
6779,9061
6779,9062
6780,9063
6781,9064
6782,9065
6782,9066
6782,9067
6783,9068
6783,9069
6783,9070
6784,9071
6785,9072
6786,9073
6787,9074
6788,9075
6789,9076
6790,9077
6791,9078
6792,9079
6792,9080
6792,9081
6793,9082
6793,9083
6794,9084
6795,9085
6795,9086
6795,9087
6795,9088
6796,9089
6796,9090
6797,9091
6798,9092
6798,9093
6799,9094
6800,9095
6801,9096
6801,9097
6801,9098
6802,9099
6803,9100
6804,9101
6804,9102
6804,9103
6805,9104
6806,9105
6807,9106
6808,9107
6809,9108
6810,9109
6810,9110
6810,9111
6811,9112
6812,9113
6813,9114
6813,9115
6814,9116
6814,9117
6814,9118
6815,9119
6816,9120
6817,9121
6818,9122
6818,9123
6819,9124
6819,9125
6820,9126
6820,9127
6821,9128
6821,9129
6821,9130
6821,9131
6822,9132
6823,9133
6823,9134
6824,9135
6825,9136
6826,9137
6826,9138
6826,9139
6827,9140
6828,9141
6829,9142
6830,9143
6830,9144
6830,9145
6831,9146
6831,9147
6832,9148
6833,9149
6834,9150
6834,9151
6834,9152
6834,9153
6835,9154
6836,9155
6837,9156
6838,9157
6839,9158
6839,9159
6839,9160
6840,9161
6840,9162
6841,9163
6841,9164
6842,9165
6842,9166
6843,9167
6844,9168
6844,9169
6845,9170
6846,9171
6847,9172
6848,9173
6849,9174
6850,9175
6851,9176
6851,9177
6851,9178
6852,9179
6853,9180
6854,9181
6854,9182
6854,9183
6854,9184
6855,9185
6855,9186
6856,9187
6857,9188
6857,9189
6858,9190
6858,9191
6859,9192
6860,9193
6860,9194
6860,9195
6860,9196
6861,9197
6861,9198
6861,9199
6862,9200
6862,9201
6863,9202
6864,9203
6865,9204
6865,9205
6865,9206
6865,9207
6866,9208
6866,9209
6867,9210
6868,9211
6869,9212
6869,9213
6869,9214
6870,9215
6871,9216
6872,9217
6873,9218
6873,9219
6873,9220
6874,9221
6875,9222
6875,9223
6875,9224
6876,9225
6877,9226
6877,9227
6877,9228
6878,9229
6879,9230
6879,9231
6880,9232
6881,9233
6882,9234
6883,9235
6884,9236
6885,9237
6885,9238
6886,9239
6887,9240
6888,9241
6888,9242
6889,9243
6889,9244
6889,9245
6890,9246
6890,9247
6891,9248
6891,9249
6891,9250
6892,9251
6893,9252
6893,9253
6894,9254
6895,9255
6895,9256
6895,9257
6895,9258
6896,9259
6896,9260
6897,9261
6898,9262
6898,9263
6899,9264
6900,9265
6900,9266
6901,9267
6902,9268
6902,9269
6903,9270
6903,9271
6904,9272
6904,9273
6904,9274
6905,9275
6905,9276
6906,9277
6907,9278
6908,9279
6909,9280
6910,9281
6910,9282
6910,9283
6910,9284
6911,9285
6911,9286
6912,9287
6913,9288
6913,9289
6914,9290
6915,9291
6916,9292
6917,9293
6918,9294
6918,9295
6918,9296
6919,9297
6920,9298
6921,9299
6922,9300
6923,9301
6924,9302
6925,9303
6925,9304
6926,9305
6926,9306
6926,9307
6926,9308
6927,9309
6927,9310
6927,9311
6927,9312
6928,9313
6929,9314
6930,9315
6930,9316
6931,9317
6931,9318
6932,9319
6932,9320
6933,9321
6934,9322
6935,9323
6936,9324
6937,9325
6938,9326
6939,9327
6939,9328
6939,9329
6940,9330
6941,9331
6942,9332
6942,9333
6943,9334
6944,9335
6945,9336
6946,9337
6946,9338
6946,9339
6947,9340
6947,9341
6948,9342
6948,9343
6949,9344
6950,9345
6951,9346
6951,9347
6952,9348
6953,9349
6953,9350
6954,9351
6954,9352
6955,9353
6955,9354
6955,9355
6956,9356
6957,9357
6958,9358
6959,9359
6959,9360
6960,9361
6961,9362
6961,9363
6962,9364
6963,9365
6964,9366
6964,9367
6965,9368
6966,9369
6967,9370
6967,9371
6967,9372
6967,9373
6968,9374
6968,9375
6969,9376
6969,9377
6969,9378
6969,9379
6970,9380
6971,9381
6971,9382
6971,9383
6971,9384
6972,9385
6972,9386
6972,9387
6972,9388
6973,9389
6974,9390
6974,9391
6974,9392
6974,9393
6975,9394
6976,9395
6976,9396
6977,9397
6977,9398
6977,9399
6978,9400
6979,9401
6980,9402
6981,9403
6982,9404
6983,9405
6983,9406
6984,9407
6985,9408
6986,9409
6987,9410
6988,9411
6989,9412
6989,9413
6989,9414
6990,9415
6991,9416
6992,9417
6992,9418
6992,9419
6993,9420
6994,9421
6995,9422
6996,9423
6996,9424
6997,9425
6997,9426
6997,9427
6998,9428
6999,9429
7000,9430
7000,9431
7001,9432
7001,9433
7001,9434
7002,9435
7002,9436
7003,9437
7003,9438
7003,9439
7004,9440
7004,9441
7005,9442
7006,9443
7007,9444
7008,9445
7009,9446
7010,9447
7011,9448
7011,9449
7012,9450
7013,9451
7014,9452
7014,9453
7014,9454
7015,9455
7016,9456
7016,9457
7016,9458
7016,9459
7017,9460
7017,9461
7017,9462
7018,9463
7018,9464
7019,9465
7020,9466
7021,9467
7022,9468
7022,9469
7022,9470
7023,9471
7023,9472
7024,9473
7024,9474
7024,9475
7024,9476
7025,9477
7026,9478
7026,9479
7027,9480
7028,9481
7029,9482
7030,9483
7031,9484
7031,9485
7031,9486
7032,9487
7033,9488
7034,9489
7035,9490
7036,9491
7036,9492
7036,9493
7036,9494
7037,9495
7037,9496
7038,9497
7038,9498
7038,9499
7039,9500
7040,9501
7041,9502
7042,9503
7042,9504
7042,9505
7043,9506
7044,9507
7044,9508
7045,9509
7046,9510
7046,9511
7046,9512
7047,9513
7047,9514
7048,9515
7048,9516
7049,9517
7049,9518
7050,9519
7051,9520
7052,9521
7052,9522
7053,9523
7053,9524
7054,9525
7054,9526
7054,9527
7054,9528
7055,9529
7056,9530
7057,9531
7057,9532
7057,9533
7058,9534
7059,9535
7059,9536
7059,9537
7060,9538
7061,9539
7062,9540
7063,9541
7064,9542
7064,9543
7065,9544
7066,9545
7066,9546
7067,9547
7067,9548
7067,9549
7068,9550
7068,9551
7069,9552
7070,9553
7070,9554
7071,9555
7072,9556
7073,9557
7073,9558
7073,9559
7074,9560
7074,9561
7075,9562
7076,9563
7077,9564
7077,9565
7078,9566
7079,9567
7080,9568
7081,9569
7082,9570
7083,9571
7083,9572
7084,9573
7085,9574
7085,9575
7086,9576
7086,9577
7087,9578
7087,9579
7088,9580
7089,9581
7090,9582
7091,9583
7092,9584
7093,9585
7093,9586
7094,9587
7095,9588
7096,9589
7097,9590
7097,9591
7097,9592
7098,9593
7099,9594
7100,9595
7101,9596
7102,9597
7103,9598
7103,9599
7104,9600
7105,9601
7105,9602
7106,9603
7107,9604
7108,9605
7109,9606
7110,9607
7110,9608
7111,9609
7112,9610
7113,9611
7113,9612
7114,9613
7114,9614
7115,9615
7115,9616
7115,9617
7115,9618
7116,9619
7116,9620
7116,9621
7117,9622
7118,9623
7118,9624
7118,9625
7119,9626
7120,9627
7120,9628
7120,9629
7120,9630
7121,9631
7122,9632
7123,9633
7123,9634
7124,9635
7124,9636
7125,9637
7126,9638
7126,9639
7126,9640
7127,9641
7127,9642
7128,9643
7129,9644
7130,9645
7130,9646
7131,9647
7131,9648
7132,9649
7133,9650
7133,9651
7134,9652
7134,9653
7135,9654
7135,9655
7135,9656
7136,9657
7136,9658
7137,9659
7138,9660
7139,9661
7139,9662
7140,9663
7141,9664
7142,9665
7142,9666
7142,9667
7143,9668
7143,9669
7144,9670
7145,9671
7145,9672
7146,9673
7146,9674
7146,9675
7147,9676
7147,9677
7148,9678
7148,9679
7149,9680
7149,9681
7149,9682
7150,9683
7150,9684
7151,9685
7152,9686
7152,9687
7153,9688
7154,9689
7154,9690
7155,9691
7156,9692
7156,9693
7157,9694
7158,9695
7158,9696
7159,9697
7160,9698
7161,9699
7162,9700
7163,9701
7164,9702
7165,9703
7166,9704
7167,9705
7167,9706
7168,9707
7168,9708
7169,9709
7170,9710
7170,9711
7171,9712
7171,9713
7171,9714
7172,9715
7173,9716
7174,9717
7174,9718
7175,9719
7176,9720
7177,9721
7178,9722
7179,9723
7179,9724
7180,9725
7181,9726
7182,9727
7183,9728
7184,9729
7185,9730
7186,9731
7186,9732
7186,9733
7187,9734
7188,9735
7188,9736
7188,9737
7189,9738
7189,9739
7190,9740
7190,9741
7191,9742
7192,9743
7193,9744
7193,9745
7194,9746
7195,9747
7196,9748
7197,9749
7198,9750
7199,9751
7200,9752
7201,9753
7201,9754
7202,9755
7202,9756
7202,9757
7202,9758
7203,9759
7204,9760
7204,9761
7205,9762
7206,9763
7207,9764
7208,9765
7208,9766
7209,9767
7209,9768
7210,9769
7210,9770
7211,9771
7212,9772
7212,9773
7212,9774
7213,9775
7213,9776
7214,9777
7215,9778
7216,9779
7217,9780
7218,9781
7218,9782
7219,9783
7219,9784
7220,9785
7221,9786
7221,9787
7222,9788
7222,9789
7223,9790
7224,9791
7225,9792
7226,9793
7227,9794
7228,9795
7229,9796
7229,9797
7229,9798
7230,9799
7230,9800
7231,9801
7231,9802
7232,9803
7233,9804
7234,9805
7234,9806
7234,9807
7235,9808
7236,9809
7237,9810
7238,9811
7239,9812
7240,9813
7240,9814
7241,9815
7242,9816
7243,9817
7243,9818
7244,9819
7245,9820
7245,9821
7246,9822
7247,9823
7248,9824
7248,9825
7249,9826
7249,9827
7250,9828
7250,9829
7250,9830
7251,9831
7252,9832
7253,9833
7254,9834
7255,9835
7256,9836
7256,9837
7257,9838
7257,9839
7258,9840
7259,9841
7259,9842
7260,9843
7260,9844
7260,9845
7261,9846
7261,9847
7262,9848
7263,9849
7264,9850
7265,9851
7266,9852
7266,9853
7267,9854
7268,9855
7269,9856
7270,9857
7270,9858
7270,9859
7270,9860
7271,9861
7272,9862
7272,9863
7273,9864
7273,9865
7273,9866
7273,9867
7274,9868
7275,9869
7276,9870
7276,9871
7277,9872
7278,9873
7279,9874
7280,9875
7280,9876
7280,9877
7281,9878
7282,9879
7283,9880
7283,9881
7284,9882
7285,9883
7285,9884
7285,9885
7286,9886
7286,9887
7287,9888
7287,9889
7287,9890
7287,9891
7288,9892
7288,9893
7289,9894
7290,9895
7290,9896
7290,9897
7290,9898
7291,9899
7292,9900
7292,9901
7293,9902
7294,9903
7295,9904
7295,9905
7296,9906
7296,9907
7297,9908
7298,9909
7299,9910
7300,9911
7301,9912
7302,9913
7303,9914
7304,9915
7305,9916
7306,9917
7306,9918
7307,9919
7308,9920
7309,9921
7309,9922
7310,9923
7311,9924
7311,9925
7312,9926
7313,9927
7314,9928
7314,9929
7315,9930
7316,9931
7317,9932
7318,9933
7319,9934
7320,9935
7321,9936
7322,9937
7322,9938
7323,9939
7323,9940
7324,9941
7324,9942
7324,9943
7324,9944
7325,9945
7325,9946
7326,9947
7327,9948
7328,9949
7328,9950
7329,9951
7330,9952
7331,9953
7332,9954
7332,9955
7333,9956
7334,9957
7335,9958
7335,9959
7336,9960
7336,9961
7337,9962
7338,9963
7339,9964
7340,9965
7341,9966
7341,9967
7342,9968
7343,9969
7344,9970
7344,9971
7344,9972
7345,9973
7346,9974
7347,9975
7348,9976
7348,9977
7349,9978
7350,9979
7350,9980
7351,9981
7352,9982
7353,9983
7353,9984
7354,9985
7355,9986
7356,9987
7357,9988
7358,9989
7359,9990
7360,9991
7360,9992
7361,9993
7362,9994
7363,9995
7364,9996
7365,9997
7366,9998
7366,9999
7366,10000
7366,10001
7367,10002
7367,10003
7368,10004
7369,10005
7370,10006
7371,10007
7371,10008
7372,10009
7373,10010
7374,10011
7375,10012
7376,10013
7377,10014
7378,10015
7378,10016
7379,10017
7379,10018
7380,10019
7381,10020
7382,10021
7382,10022
7383,10023
7384,10024
7384,10025
7385,10026
7386,10027
7387,10028
7388,10029
7389,10030
7390,10031
7391,10032
7392,10033
7392,10034
7393,10035
7393,10036
7394,10037
7395,10038
7395,10039
7395,10040
7396,10041
7397,10042
7398,10043
7399,10044
7399,10045
7400,10046
7400,10047
7400,10048
7401,10049
7402,10050
7403,10051
7404,10052
7404,10053
7404,10054
7404,10055
7405,10056
7406,10057
7406,10058
7406,10059
7407,10060
7407,10061
7408,10062
7409,10063
7410,10064
7410,10065
7411,10066
7412,10067
7413,10068
7413,10069
7414,10070
7415,10071
7415,10072
7415,10073
7416,10074
7417,10075
7418,10076
7419,10077
7420,10078
7421,10079
7421,10080
7421,10081
7422,10082
7423,10083
7423,10084
7423,10085
7424,10086
7424,10087
7425,10088
7426,10089
7427,10090
7428,10091
7429,10092
7430,10093
7431,10094
7432,10095
7433,10096
7433,10097
7434,10098
7435,10099
7436,10100
7436,10101
7437,10102
7438,10103
7439,10104
7439,10105
7440,10106
7441,10107
7441,10108
7442,10109
7443,10110
7443,10111
7443,10112
7444,10113
7444,10114
7444,10115
7445,10116
7446,10117
7447,10118
7448,10119
7448,10120
7448,10121
7449,10122
7450,10123
7450,10124
7451,10125
7452,10126
7453,10127
7453,10128
7453,10129
7454,10130
7455,10131
7456,10132
7457,10133
7458,10134
7459,10135
7459,10136
7460,10137
7461,10138
7462,10139
7462,10140
7462,10141
7463,10142
7464,10143
7465,10144
7466,10145
7467,10146
7468,10147
7469,10148
7469,10149
7469,10150
7470,10151
7470,10152
7471,10153
7472,10154
7473,10155
7474,10156
7475,10157
7476,10158
7476,10159
7477,10160
7477,10161
7477,10162
7477,10163
7478,10164
7479,10165
7480,10166
7480,10167
7481,10168
7481,10169
7482,10170
7482,10171
7483,10172
7484,10173
7485,10174
7486,10175
7487,10176
7487,10177
7488,10178
7488,10179
7489,10180
7490,10181
7490,10182
7491,10183
7492,10184
7493,10185
7494,10186
7495,10187
7496,10188
7496,10189
7497,10190
7498,10191
7498,10192
7498,10193
7499,10194
7500,10195
7500,10196
7501,10197
7502,10198
7503,10199
7503,10200
7503,10201
7503,10202
7504,10203
7505,10204
7506,10205
7507,10206
7508,10207
7508,10208
7509,10209
7509,10210
7510,10211
7511,10212
7512,10213
7513,10214
7513,10215
7513,10216
7513,10217
7514,10218
7515,10219
7515,10220
7515,10221
7515,10222
7516,10223
7517,10224
7517,10225
7518,10226
7518,10227
7519,10228
7519,10229
7520,10230
7521,10231
7522,10232
7522,10233
7523,10234
7523,10235
7524,10236
7525,10237
7526,10238
7526,10239
7526,10240
7526,10241
7527,10242
7528,10243
7528,10244
7529,10245
7530,10246
7531,10247
7531,10248
7532,10249
7533,10250
7534,10251
7534,10252
7535,10253
7535,10254
7536,10255
7537,10256
7537,10257
7538,10258
7539,10259
7539,10260
7540,10261
7540,10262
7540,10263
7540,10264
7541,10265
7542,10266
7543,10267
7544,10268
7545,10269
7546,10270
7547,10271
7548,10272
7548,10273
7548,10274
7549,10275
7550,10276
7550,10277
7551,10278
7552,10279
7553,10280
7554,10281
7555,10282
7556,10283
7557,10284
7558,10285
7559,10286
7560,10287
7561,10288
7561,10289
7561,10290
7562,10291
7563,10292
7564,10293
7565,10294
7565,10295
7565,10296
7566,10297
7567,10298
7568,10299
7568,10300
7569,10301
7570,10302
7570,10303
7571,10304
7571,10305
7572,10306
7572,10307
7573,10308
7573,10309
7574,10310
7574,10311
7574,10312
7575,10313
7576,10314
7576,10315
7577,10316
7577,10317
7578,10318
7578,10319
7579,10320
7579,10321
7580,10322
7581,10323
7582,10324
7583,10325
7583,10326
7584,10327
7584,10328
7585,10329
7586,10330
7586,10331
7587,10332
7588,10333
7589,10334
7590,10335
7590,10336
7590,10337
7591,10338
7592,10339
7592,10340
7593,10341
7593,10342
7593,10343
7594,10344
7595,10345
7595,10346
7596,10347
7597,10348
7598,10349
7599,10350
7599,10351
7600,10352
7600,10353
7601,10354
7601,10355
7602,10356
7603,10357
7604,10358
7605,10359
7606,10360
7606,10361
7607,10362
7608,10363
7609,10364
7610,10365
7610,10366
7610,10367
7610,10368
7611,10369
7612,10370
7612,10371
7613,10372
7614,10373
7615,10374
7615,10375
7615,10376
7615,10377
7616,10378
7616,10379
7617,10380
7618,10381
7618,10382
7619,10383
7620,10384
7620,10385
7621,10386
7622,10387
7622,10388
7623,10389
7623,10390
7623,10391
7623,10392
7624,10393
7625,10394
7626,10395
7626,10396
7627,10397
7628,10398
7628,10399
7629,10400
7629,10401
7630,10402
7631,10403
7632,10404
7633,10405
7633,10406
7634,10407
7634,10408
7634,10409
7635,10410
7635,10411
7636,10412
7636,10413
7637,10414
7638,10415
7638,10416
7639,10417
7640,10418
7641,10419
7642,10420
7643,10421
7644,10422
7644,10423
7645,10424
7645,10425
7645,10426
7646,10427
7647,10428
7648,10429
7648,10430
7648,10431
7649,10432
7649,10433
7649,10434
7650,10435
7651,10436
7651,10437
7652,10438
7652,10439
7652,10440
7653,10441
7654,10442
7654,10443
7655,10444
7656,10445
7657,10446
7658,10447
7658,10448
7658,10449
7659,10450
7660,10451
7661,10452
7662,10453
7663,10454
7663,10455
7664,10456
7664,10457
7665,10458
7665,10459
7665,10460
7666,10461
7667,10462
7667,10463
7668,10464
7668,10465
7668,10466
7669,10467
7670,10468
7670,10469
7670,10470
7671,10471
7672,10472
7672,10473
7673,10474
7673,10475
7673,10476
7674,10477
7674,10478
7674,10479
7675,10480
7676,10481
7677,10482
7678,10483
7678,10484
7678,10485
7678,10486
7679,10487
7680,10488
7681,10489
7681,10490
7682,10491
7683,10492
7683,10493
7684,10494
7685,10495
7685,10496
7685,10497
7685,10498
7686,10499
7687,10500
7687,10501
7687,10502
7688,10503
7689,10504
7689,10505
7690,10506
7691,10507
7692,10508
7693,10509
7694,10510
7694,10511
7695,10512
7695,10513
7695,10514
7696,10515
7697,10516
7697,10517
7697,10518
7698,10519
7698,10520
7699,10521
7700,10522
7701,10523
7701,10524
7701,10525
7701,10526
7702,10527
7703,10528
7704,10529
7704,10530
7705,10531
7706,10532
7707,10533
7708,10534
7708,10535
7709,10536
7710,10537
7710,10538
7711,10539
7712,10540
7713,10541
7714,10542
7715,10543
7715,10544
7716,10545
7717,10546
7718,10547
7719,10548
7720,10549
7721,10550
7721,10551
7721,10552
7721,10553
7722,10554
7722,10555
7722,10556
7723,10557
7724,10558
7724,10559
7724,10560
7725,10561
7725,10562
7725,10563
7726,10564
7727,10565
7728,10566
7728,10567
7729,10568
7729,10569
7730,10570
7730,10571
7730,10572
7731,10573
7732,10574
7732,10575
7733,10576
7733,10577
7734,10578
7734,10579
7735,10580
7735,10581
7736,10582
7736,10583
7736,10584
7737,10585
7738,10586
7739,10587
7740,10588
7741,10589
7742,10590
7743,10591
7743,10592
7744,10593
7745,10594
7746,10595
7746,10596
7746,10597
7746,10598
7747,10599
7748,10600
7748,10601
7748,10602
7748,10603
7749,10604
7750,10605
7750,10606
7751,10607
7751,10608
7752,10609
7752,10610
7753,10611
7754,10612
7755,10613
7756,10614
7757,10615
7758,10616
7758,10617
7758,10618
7759,10619
7760,10620
7761,10621
7762,10622
7763,10623
7763,10624
7764,10625
7765,10626
7765,10627
7766,10628
7767,10629
7768,10630
7769,10631
7769,10632
7769,10633
7769,10634
7770,10635
7770,10636
7770,10637
7771,10638
7772,10639
7773,10640
7773,10641
7774,10642
7774,10643
7775,10644
7776,10645
7777,10646
7777,10647
7778,10648
7779,10649
7780,10650
7781,10651
7782,10652
7783,10653
7784,10654
7784,10655
7785,10656
7785,10657
7786,10658
7787,10659
7787,10660
7787,10661
7788,10662
7789,10663
7789,10664
7789,10665
7790,10666
7791,10667
7792,10668
7793,10669
7794,10670
7795,10671
7795,10672
7795,10673
7795,10674
7796,10675
7796,10676
7796,10677
7797,10678
7797,10679
7798,10680
7799,10681
7799,10682
7799,10683
7800,10684
7800,10685
7801,10686
7802,10687
7802,10688
7803,10689
7804,10690
7804,10691
7805,10692
7805,10693
7806,10694
7807,10695
7808,10696
7809,10697
7809,10698
7809,10699
7810,10700
7810,10701
7811,10702
7811,10703
7811,10704
7812,10705
7813,10706
7814,10707
7815,10708
7816,10709
7817,10710
7818,10711
7819,10712
7820,10713
7820,10714
7821,10715
7822,10716
7823,10717
7823,10718
7824,10719
7824,10720
7824,10721
7825,10722
7825,10723
7826,10724
7826,10725
7826,10726
7827,10727
7827,10728
7828,10729
7829,10730
7829,10731
7830,10732
7831,10733
7832,10734
7832,10735
7833,10736
7834,10737
7835,10738
7836,10739
7836,10740
7836,10741
7837,10742
7837,10743
7838,10744
7838,10745
7839,10746
7839,10747
7840,10748
7841,10749
7842,10750
7842,10751
7842,10752
7842,10753
7843,10754
7844,10755
7845,10756
7846,10757
7846,10758
7847,10759
7848,10760
7849,10761
7850,10762
7851,10763
7852,10764
7852,10765
7853,10766
7853,10767
7853,10768
7854,10769
7855,10770
7856,10771
7857,10772
7858,10773
7859,10774
7860,10775
7861,10776
7862,10777
7862,10778
7862,10779
7863,10780
7863,10781
7864,10782
7865,10783
7865,10784
7865,10785
7865,10786
7866,10787
7866,10788
7866,10789
7867,10790
7868,10791
7869,10792
7870,10793
7871,10794
7872,10795
7872,10796
7873,10797
7873,10798
7874,10799
7874,10800
7875,10801
7876,10802
7877,10803
7877,10804
7878,10805
7879,10806
7880,10807
7881,10808
7882,10809
7883,10810
7884,10811
7885,10812
7885,10813
7886,10814
7886,10815
7887,10816
7887,10817
7888,10818
7888,10819
7888,10820
7889,10821
7889,10822
7890,10823
7890,10824
7891,10825
7892,10826
7893,10827
7893,10828
7894,10829
7894,10830
7895,10831
7895,10832
7896,10833
7896,10834
7897,10835
7897,10836
7898,10837
7899,10838
7899,10839
7900,10840
7900,10841
7901,10842
7901,10843
7902,10844
7903,10845
7904,10846
7905,10847
7906,10848
7907,10849
7908,10850
7908,10851
7909,10852
7909,10853
7910,10854
7911,10855
7911,10856
7911,10857
7912,10858
7913,10859
7914,10860
7914,10861
7914,10862
7915,10863
7916,10864
7917,10865
7917,10866
7918,10867
7919,10868
7920,10869
7921,10870
7921,10871
7921,10872
7921,10873
7922,10874
7923,10875
7924,10876
7924,10877
7925,10878
7926,10879
7926,10880
7927,10881
7928,10882
7928,10883
7929,10884
7930,10885
7930,10886
7930,10887
7931,10888
7932,10889
7933,10890
7933,10891
7934,10892
7934,10893
7934,10894
7934,10895
7935,10896
7935,10897
7935,10898
7936,10899
7937,10900
7938,10901
7938,10902
7939,10903
7940,10904
7941,10905
7942,10906
7942,10907
7943,10908
7943,10909
7943,10910
7944,10911
7945,10912
7946,10913
7947,10914
7948,10915
7949,10916
7949,10917
7949,10918
7950,10919
7951,10920
7952,10921
7952,10922
7953,10923
7954,10924
7954,10925
7955,10926
7956,10927
7956,10928
7957,10929
7958,10930
7958,10931
7959,10932
7960,10933
7961,10934
7961,10935
7962,10936
7963,10937
7964,10938
7965,10939
7965,10940
7966,10941
7966,10942
7966,10943
7967,10944
7968,10945
7968,10946
7969,10947
7970,10948
7971,10949
7972,10950
7973,10951
7974,10952
7974,10953
7974,10954
7975,10955
7976,10956
7977,10957
7977,10958
7977,10959
7977,10960
7978,10961
7978,10962
7979,10963
7979,10964
7980,10965
7980,10966
7980,10967
7981,10968
7981,10969
7982,10970
7983,10971
7984,10972
7985,10973
7986,10974
7987,10975
7987,10976
7988,10977
7989,10978
7990,10979
7991,10980
7992,10981
7993,10982
7993,10983
7994,10984
7994,10985
7995,10986
7996,10987
7997,10988
7998,10989
7999,10990
8000,10991
8000,10992
8001,10993
8002,10994
8003,10995
8004,10996
8004,10997
8005,10998
8006,10999
8007,11000
8008,11001
8008,11002
8008,11003
8009,11004
8010,11005
8010,11006
8010,11007
8011,11008
8012,11009
8012,11010
8013,11011
8014,11012
8014,11013
8015,11014
8016,11015
8017,11016
8017,11017
8018,11018
8018,11019
8019,11020
8020,11021
8021,11022
8021,11023
8021,11024
8022,11025
8023,11026
8024,11027
8025,11028
8026,11029
8027,11030
8028,11031
8029,11032
8029,11033
8029,11034
8029,11035
8030,11036
8030,11037
8031,11038
8031,11039
8032,11040
8033,11041
8034,11042
8035,11043
8036,11044
8036,11045
8036,11046
8036,11047
8037,11048
8038,11049
8038,11050
8038,11051
8038,11052
8039,11053
8039,11054
8040,11055
8040,11056
8040,11057
8041,11058
8041,11059
8042,11060
8043,11061
8044,11062
8045,11063
8046,11064
8046,11065
8047,11066
8047,11067
8048,11068
8049,11069
8049,11070
8049,11071
8050,11072
8050,11073
8051,11074
8052,11075
8053,11076
8054,11077
8055,11078
8056,11079
8057,11080
8058,11081
8059,11082
8060,11083
8061,11084
8061,11085
8062,11086
8062,11087
8063,11088
8064,11089
8065,11090
8066,11091
8067,11092
8068,11093
8069,11094
8069,11095
8070,11096
8070,11097
8070,11098
8071,11099
8072,11100
8073,11101
8073,11102
8073,11103
8074,11104
8075,11105
8076,11106
8076,11107
8077,11108
8078,11109
8079,11110
8080,11111
8080,11112
8081,11113
8082,11114
8082,11115
8083,11116
8084,11117
8085,11118
8085,11119
8085,11120
8086,11121
8086,11122
8086,11123
8086,11124
8087,11125
8087,11126
8087,11127
8088,11128
8089,11129
8089,11130
8089,11131
8090,11132
8090,11133
8091,11134
8091,11135
8092,11136
8092,11137
8093,11138
8094,11139
8095,11140
8096,11141
8097,11142
8097,11143
8098,11144
8099,11145
8100,11146
8100,11147
8100,11148
8100,11149
8101,11150
8101,11151
8102,11152
8102,11153
8102,11154
8103,11155
8104,11156
8105,11157
8106,11158
8107,11159
8107,11160
8108,11161
8109,11162
8109,11163
8110,11164
8110,11165
8111,11166
8112,11167
8113,11168
8114,11169
8114,11170
8114,11171
8115,11172
8115,11173
8116,11174
8117,11175
8117,11176
8117,11177
8118,11178
8118,11179
8119,11180
8119,11181
8119,11182
8119,11183
8120,11184
8121,11185
8122,11186
8123,11187
8123,11188
8123,11189
8124,11190
8124,11191
8124,11192
8125,11193
8126,11194
8127,11195
8128,11196
8129,11197
8130,11198
8130,11199
8131,11200
8132,11201
8133,11202
8134,11203
8135,11204
8135,11205
8135,11206
8135,11207
8136,11208
8137,11209
8137,11210
8138,11211
8139,11212
8140,11213
8141,11214
8142,11215
8142,11216
8142,11217
8143,11218
8143,11219
8144,11220
8144,11221
8145,11222
8146,11223
8147,11224
8148,11225
8149,11226
8150,11227
8151,11228
8152,11229
8153,11230
8154,11231
8155,11232
8156,11233
8156,11234
8156,11235
8157,11236
8158,11237
8159,11238
8159,11239
8159,11240
8160,11241
8161,11242
8162,11243
8163,11244
8164,11245
8164,11246
8165,11247
8166,11248
8167,11249
8168,11250
8169,11251
8170,11252
8171,11253
8171,11254
8171,11255
8171,11256
8172,11257
8173,11258
8174,11259
8175,11260
8175,11261
8176,11262
8177,11263
8177,11264
8177,11265
8178,11266
8178,11267
8179,11268
8179,11269
8179,11270
8179,11271
8180,11272
8180,11273
8180,11274
8180,11275
8181,11276
8182,11277
8183,11278
8183,11279
8184,11280
8185,11281
8186,11282
8187,11283
8188,11284
8188,11285
8189,11286
8190,11287
8190,11288
8190,11289
8191,11290
8192,11291
8192,11292
8192,11293
8193,11294
8193,11295
8194,11296
8195,11297
8196,11298
8196,11299
8196,11300
8197,11301
8198,11302
8198,11303
8198,11304
8199,11305
8200,11306
8200,11307
8201,11308
8202,11309
8203,11310
8204,11311
8205,11312
8205,11313
8205,11314
8206,11315
8206,11316
8206,11317
8207,11318
8208,11319
8209,11320
8209,11321
8210,11322
8211,11323
8212,11324
8213,11325
8214,11326
8214,11327
8215,11328
8216,11329
8216,11330
8216,11331
8217,11332
8217,11333
8218,11334
8219,11335
8219,11336
8219,11337
8220,11338
8221,11339
8221,11340
8221,11341
8222,11342
8223,11343
8223,11344
8224,11345
8225,11346
8225,11347
8226,11348
8227,11349
8228,11350
8228,11351
8229,11352
8229,11353
8230,11354
8231,11355
8232,11356
8232,11357
8233,11358
8234,11359
8235,11360
8236,11361
8237,11362
8238,11363
8238,11364
8239,11365
8240,11366
8241,11367
8242,11368
8242,11369
8243,11370
8243,11371
8244,11372
8244,11373
8245,11374
8246,11375
8246,11376
8247,11377
8248,11378
8249,11379
8249,11380
8250,11381
8251,11382
8251,11383
8251,11384
8251,11385
8252,11386
8253,11387
8254,11388
8254,11389
8254,11390
8255,11391
8256,11392
8257,11393
8258,11394
8259,11395
8259,11396
8259,11397
8260,11398
8261,11399
8262,11400
8263,11401
8264,11402
8264,11403
8264,11404
8264,11405
8265,11406
8266,11407
8267,11408
8267,11409
8267,11410
8267,11411
8268,11412
8268,11413
8269,11414
8270,11415
8270,11416
8271,11417
8271,11418
8272,11419
8272,11420
8272,11421
8273,11422
8274,11423
8274,11424
8275,11425
8276,11426
8276,11427
8276,11428
8277,11429
8277,11430
8277,11431
8278,11432
8279,11433
8280,11434
8281,11435
8281,11436
8282,11437
8282,11438
8282,11439
8283,11440
8283,11441
8283,11442
8284,11443
8285,11444
8285,11445
8286,11446
8286,11447
8286,11448
8287,11449
8287,11450
8288,11451
8289,11452
8290,11453
8291,11454
8292,11455
8292,11456
8293,11457
8293,11458
8294,11459
8295,11460
8295,11461
8295,11462
8295,11463
8296,11464
8297,11465
8297,11466
8297,11467
8298,11468
8298,11469
8299,11470
8299,11471
8299,11472
8299,11473
8300,11474
8300,11475
8301,11476
8302,11477
8302,11478
8303,11479
8303,11480
8303,11481
8304,11482
8304,11483
8305,11484
8306,11485
8307,11486
8308,11487
8308,11488
8309,11489
8310,11490
8310,11491
8310,11492
8311,11493
8311,11494
8312,11495
8312,11496
8313,11497
8314,11498
8314,11499
8315,11500
8315,11501
8315,11502
8316,11503
8317,11504
8318,11505
8319,11506
8319,11507
8319,11508
8320,11509
8321,11510
8321,11511
8322,11512
8322,11513
8323,11514
8324,11515
8325,11516
8326,11517
8327,11518
8327,11519
8328,11520
8328,11521
8328,11522
8329,11523
8330,11524
8330,11525
8331,11526
8331,11527
8331,11528
8332,11529
8332,11530
8333,11531
8334,11532
8335,11533
8336,11534
8337,11535
8338,11536
8339,11537
8340,11538
8341,11539
8342,11540
8343,11541
8344,11542
8345,11543
8346,11544
8346,11545
8346,11546
8346,11547
8347,11548
8347,11549
8347,11550
8348,11551
8349,11552
8349,11553
8349,11554
8350,11555
8351,11556
8351,11557
8352,11558
8353,11559
8354,11560
8355,11561
8356,11562
8357,11563
8358,11564
8359,11565
8359,11566
8359,11567
8360,11568
8360,11569
8361,11570
8361,11571
8362,11572
8362,11573
8363,11574
8363,11575
8364,11576
8365,11577
8366,11578
8367,11579
8368,11580
8369,11581
8370,11582
8370,11583
8370,11584
8371,11585
8371,11586
8371,11587
8371,11588
8372,11589
8372,11590
8372,11591
8373,11592
8373,11593
8373,11594
8374,11595
8375,11596
8375,11597
8376,11598
8376,11599
8377,11600
8378,11601
8378,11602
8379,11603
8380,11604
8381,11605
8381,11606
8382,11607
8383,11608
8383,11609
8383,11610
8384,11611
8384,11612
8385,11613
8385,11614
8385,11615
8386,11616
8387,11617
8387,11618
8388,11619
8389,11620
8390,11621
8390,11622
8391,11623
8391,11624
8392,11625
8392,11626
8392,11627
8392,11628
8393,11629
8394,11630
8395,11631
8396,11632
8396,11633
8397,11634
8398,11635
8399,11636
8399,11637
8399,11638
8399,11639
8400,11640
8401,11641
8402,11642
8403,11643
8403,11644
8404,11645
8405,11646
8405,11647
8405,11648
8406,11649
8407,11650
8408,11651
8409,11652
8409,11653
8410,11654
8410,11655
8411,11656
8412,11657
8412,11658
8412,11659
8413,11660
8413,11661
8414,11662
8414,11663
8414,11664
8415,11665
8416,11666
8416,11667
8416,11668
8417,11669
8418,11670
8419,11671
8419,11672
8420,11673
8421,11674
8422,11675
8423,11676
8423,11677
8424,11678
8424,11679
8424,11680
8425,11681
8425,11682
8425,11683
8426,11684
8427,11685
8428,11686
8429,11687
8429,11688
8429,11689
8429,11690
8430,11691
8431,11692
8432,11693
8433,11694
8434,11695
8435,11696
8435,11697
8436,11698
8437,11699
8437,11700
8438,11701
8438,11702
8439,11703
8440,11704
8441,11705
8441,11706
8441,11707
8442,11708
8443,11709
8444,11710
8445,11711
8445,11712
8446,11713
8447,11714
8447,11715
8448,11716
8448,11717
8448,11718
8449,11719
8449,11720
8450,11721
8451,11722
8451,11723
8452,11724
8453,11725
8454,11726
8454,11727
8455,11728
8456,11729
8457,11730
8458,11731
8458,11732
8459,11733
8460,11734
8461,11735
8462,11736
8463,11737
8464,11738
8465,11739
8465,11740
8465,11741
8465,11742
8466,11743
8466,11744
8466,11745
8466,11746
8467,11747
8468,11748
8468,11749
8469,11750
8470,11751
8471,11752
8472,11753
8473,11754
8473,11755
8474,11756
8475,11757
8476,11758
8476,11759
8477,11760
8477,11761
8477,11762
8477,11763
8478,11764
8479,11765
8479,11766
8479,11767
8480,11768
8481,11769
8481,11770
8481,11771
8482,11772
8483,11773
8483,11774
8484,11775
8484,11776
8484,11777
8485,11778
8486,11779
8487,11780
8487,11781
8488,11782
8488,11783
8489,11784
8489,11785
8490,11786
8490,11787
8490,11788
8491,11789
8491,11790
8491,11791
8492,11792
8492,11793
8493,11794
8494,11795
8495,11796
8496,11797
8496,11798
8496,11799
8496,11800
8497,11801
8498,11802
8499,11803
8499,11804
8500,11805
8501,11806
8502,11807
8502,11808
8503,11809
8504,11810
8505,11811
8506,11812
8507,11813
8507,11814
8508,11815
8509,11816
8510,11817
8510,11818
8511,11819
8512,11820
8513,11821
8514,11822
8515,11823
8515,11824
8515,11825
8515,11826
8516,11827
8516,11828
8516,11829
8517,11830
8518,11831
8519,11832
8519,11833
8519,11834
8520,11835
8521,11836
8521,11837
8521,11838
8522,11839
8522,11840
8523,11841
8523,11842
8524,11843
8525,11844
8525,11845
8525,11846
8526,11847
8527,11848
8528,11849
8528,11850
8529,11851
8529,11852
8530,11853
8530,11854
8531,11855
8532,11856
8532,11857
8532,11858
8533,11859
8534,11860
8534,11861
8534,11862
8535,11863
8536,11864
8537,11865
8538,11866
8539,11867
8540,11868
8540,11869
8541,11870
8541,11871
8542,11872
8543,11873
8543,11874
8543,11875
8544,11876
8544,11877
8545,11878
8545,11879
8546,11880
8546,11881
8546,11882
8547,11883
8548,11884
8548,11885
8548,11886
8549,11887
8550,11888
8551,11889
8552,11890
8552,11891
8552,11892
8553,11893
8553,11894
8554,11895
8555,11896
8555,11897
8555,11898
8556,11899
8556,11900
8557,11901
8558,11902
8558,11903
8559,11904
8559,11905
8560,11906
8560,11907
8560,11908
8560,11909
8561,11910
8562,11911
8562,11912
8563,11913
8563,11914
8563,11915
8564,11916
8565,11917
8566,11918
8567,11919
8567,11920
8567,11921
8568,11922
8568,11923
8569,11924
8570,11925
8571,11926
8571,11927
8572,11928
8572,11929
8573,11930
8574,11931
8575,11932
8576,11933
8576,11934
8576,11935
8577,11936
8578,11937
8578,11938
8579,11939
8579,11940
8580,11941
8581,11942
8581,11943
8581,11944
8582,11945
8582,11946
8583,11947
8584,11948
8585,11949
8586,11950
8587,11951
8587,11952
8587,11953
8588,11954
8589,11955
8589,11956
8589,11957
8590,11958
8590,11959
8590,11960
8591,11961
8592,11962
8593,11963
8593,11964
8593,11965
8594,11966
8595,11967
8596,11968
8596,11969
8597,11970
8597,11971
8598,11972
8599,11973
8600,11974
8601,11975
8601,11976
8602,11977
8602,11978
8603,11979
8603,11980
8604,11981
8604,11982
8604,11983
8605,11984
8606,11985
8607,11986
8607,11987
8608,11988
8608,11989
8609,11990
8609,11991
8609,11992
8610,11993
8610,11994
8611,11995
8611,11996
8611,11997
8612,11998
8613,11999
8613,12000
8614,12001
8615,12002
8616,12003
8617,12004
8618,12005
8618,12006
8619,12007
8619,12008
8620,12009
8621,12010
8622,12011
8622,12012
8623,12013
8624,12014
8624,12015
8625,12016
8625,12017
8626,12018
8627,12019
8628,12020
8629,12021
8629,12022
8630,12023
8631,12024
8631,12025
8632,12026
8633,12027
8633,12028
8634,12029
8635,12030
8636,12031
8636,12032
8637,12033
8637,12034
8638,12035
8638,12036
8639,12037
8639,12038
8640,12039
8641,12040
8641,12041
8642,12042
8642,12043
8643,12044
8644,12045
8645,12046
8645,12047
8646,12048
8646,12049
8646,12050
8647,12051
8647,12052
8648,12053
8648,12054
8648,12055
8649,12056
8650,12057
8651,12058
8651,12059
8651,12060
8652,12061
8653,12062
8654,12063
8655,12064
8655,12065
8655,12066
8655,12067
8656,12068
8656,12069
8657,12070
8657,12071
8658,12072
8659,12073
8660,12074
8661,12075
8661,12076
8662,12077
8662,12078
8663,12079
8663,12080
8663,12081
8663,12082
8664,12083
8665,12084
8665,12085
8665,12086
8666,12087
8666,12088
8666,12089
8667,12090
8668,12091
8668,12092
8669,12093
8669,12094
8670,12095
8671,12096
8672,12097
8673,12098
8673,12099
8674,12100
8674,12101
8674,12102
8674,12103
8675,12104
8676,12105
8677,12106
8677,12107
8677,12108
8678,12109
8678,12110
8679,12111
8680,12112
8681,12113
8682,12114
8683,12115
8684,12116
8685,12117
8685,12118
8685,12119
8686,12120
8687,12121
8688,12122
8689,12123
8690,12124
8691,12125
8691,12126
8691,12127
8691,12128
8692,12129
8693,12130
8694,12131
8694,12132
8695,12133
8695,12134
8695,12135
8695,12136
8696,12137
8696,12138
8696,12139
8696,12140
8697,12141
8698,12142
8698,12143
8698,12144
8699,12145
8699,12146
8700,12147
8700,12148
8700,12149
8700,12150
8701,12151
8702,12152
8703,12153
8703,12154
8703,12155
8704,12156
8704,12157
8705,12158
8705,12159
8706,12160
8706,12161
8706,12162
8706,12163
8707,12164
8707,12165
8707,12166
8708,12167
8709,12168
8709,12169
8709,12170
8710,12171
8711,12172
8712,12173
8712,12174
8713,12175
8714,12176
8714,12177
8715,12178
8715,12179
8716,12180
8716,12181
8716,12182
8717,12183
8718,12184
8719,12185
8719,12186
8720,12187
8721,12188
8722,12189
8722,12190
8722,12191
8723,12192
8724,12193
8725,12194
8725,12195
8726,12196
8727,12197
8728,12198
8729,12199
8729,12200
8730,12201
8730,12202
8730,12203
8731,12204
8732,12205
8732,12206
8733,12207
8734,12208
8734,12209
8734,12210
8734,12211
8735,12212
8736,12213
8736,12214
8737,12215
8738,12216
8738,12217
8739,12218
8740,12219
8741,12220
8742,12221
8742,12222
8743,12223
8743,12224
8744,12225
8744,12226
8744,12227
8745,12228
8746,12229
8747,12230
8747,12231
8747,12232
8748,12233
8749,12234
8750,12235
8751,12236
8752,12237
8752,12238
8753,12239
8753,12240
8754,12241
8755,12242
8756,12243
8757,12244
8758,12245
8758,12246
8759,12247
8759,12248
8760,12249
8761,12250
8762,12251
8763,12252
8764,12253
8764,12254
8765,12255
8766,12256
8766,12257
8767,12258
8768,12259
8769,12260
8769,12261
8769,12262
8769,12263
8770,12264
8771,12265
8771,12266
8772,12267
8772,12268
8773,12269
8774,12270
8774,12271
8775,12272
8775,12273
8776,12274
8777,12275
8778,12276
8779,12277
8780,12278
8780,12279
8781,12280
8782,12281
8783,12282
8783,12283
8784,12284
8785,12285
8786,12286
8786,12287
8786,12288
8787,12289
8788,12290
8788,12291
8789,12292
8790,12293
8791,12294
8791,12295
8791,12296
8791,12297
8792,12298
8793,12299
8793,12300
8793,12301
8794,12302
8795,12303
8796,12304
8796,12305
8796,12306
8796,12307
8797,12308
8797,12309
8798,12310
8798,12311
8798,12312
8799,12313
8800,12314
8800,12315
8800,12316
8801,12317
8801,12318
8802,12319
8803,12320
8803,12321
8804,12322
8805,12323
8806,12324
8806,12325
8806,12326
8807,12327
8808,12328
8809,12329
8809,12330
8810,12331
8810,12332
8810,12333
8811,12334
8811,12335
8812,12336
8812,12337
8813,12338
8814,12339
8814,12340
8815,12341
8816,12342
8817,12343
8817,12344
8818,12345
8819,12346
8820,12347
8820,12348
8820,12349
8821,12350
8821,12351
8822,12352
8822,12353
8822,12354
8822,12355
8823,12356
8824,12357
8824,12358
8825,12359
8826,12360
8826,12361
8827,12362
8828,12363
8828,12364
8829,12365
8830,12366
8831,12367
8832,12368
8833,12369
8834,12370
8834,12371
8834,12372
8835,12373
8836,12374
8837,12375
8837,12376
8838,12377
8838,12378
8838,12379
8838,12380
8839,12381
8840,12382
8841,12383
8842,12384
8842,12385
8842,12386
8843,12387
8844,12388
8845,12389
8846,12390
8846,12391
8847,12392
8848,12393
8849,12394
8849,12395
8850,12396
8851,12397
8852,12398
8853,12399
8854,12400
8854,12401
8855,12402
8856,12403
8857,12404
8858,12405
8858,12406
8859,12407
8859,12408
8859,12409
8859,12410
8860,12411
8861,12412
8862,12413
8862,12414
8863,12415
8864,12416
8864,12417
8864,12418
8865,12419
8865,12420
8866,12421
8866,12422
8867,12423
8867,12424
8867,12425
8868,12426
8869,12427
8870,12428
8871,12429
8871,12430
8871,12431
8872,12432
8873,12433
8874,12434
8875,12435
8875,12436
8876,12437
8876,12438
8877,12439
8878,12440
8878,12441
8878,12442
8878,12443
8879,12444
8880,12445
8880,12446
8880,12447
8881,12448
8882,12449
8882,12450
8883,12451
8883,12452
8884,12453
8885,12454
8886,12455
8887,12456
8888,12457
8889,12458
8889,12459
8890,12460
8891,12461
8891,12462
8891,12463
8892,12464
8893,12465
8893,12466
8894,12467
8895,12468
8895,12469
8896,12470
8896,12471
8896,12472
8896,12473
8897,12474
8897,12475
8897,12476
8897,12477
8898,12478
8899,12479
8900,12480
8901,12481
8902,12482
8902,12483
8903,12484
8904,12485
8905,12486
8905,12487
8905,12488
8905,12489
8906,12490
8907,12491
8908,12492
8909,12493
8910,12494
8910,12495
8911,12496
8912,12497
8912,12498
8913,12499
8913,12500
8913,12501
8914,12502
8915,12503
8916,12504
8917,12505
8918,12506
8919,12507
8920,12508
8920,12509
8920,12510
8921,12511
8921,12512
8922,12513
8922,12514
8923,12515
8924,12516
8925,12517
8926,12518
8927,12519
8928,12520
8929,12521
8930,12522
8930,12523
8931,12524
8931,12525
8931,12526
8932,12527
8933,12528
8934,12529
8935,12530
8935,12531
8935,12532
8936,12533
8937,12534
8937,12535
8938,12536
8939,12537
8940,12538
8941,12539
8942,12540
8942,12541
8943,12542
8944,12543
8945,12544
8945,12545
8945,12546
8946,12547
8946,12548
8947,12549
8948,12550
8948,12551
8949,12552
8949,12553
8950,12554
8951,12555
8951,12556
8952,12557
8952,12558
8953,12559
8954,12560
8955,12561
8956,12562
8956,12563
8957,12564
8958,12565
8958,12566
8958,12567
8958,12568
8959,12569
8960,12570
8961,12571
8962,12572
8963,12573
8964,12574
8965,12575
8966,12576
8967,12577
8968,12578
8969,12579
8970,12580
8970,12581
8971,12582
8972,12583
8972,12584
8973,12585
8974,12586
8974,12587
8975,12588
8976,12589
8976,12590
8976,12591
8977,12592
8977,12593
8978,12594
8979,12595
8980,12596
8981,12597
8981,12598
8981,12599
8982,12600
8983,12601
8983,12602
8983,12603
8984,12604
8985,12605
8985,12606
8986,12607
8986,12608
8987,12609
8987,12610
8987,12611
8987,12612
8988,12613
8988,12614
8989,12615
8989,12616
8989,12617
8990,12618
8990,12619
8990,12620
8990,12621
8991,12622
8992,12623
8993,12624
8994,12625
8995,12626
8996,12627
8996,12628
8997,12629
8998,12630
8999,12631
8999,12632
8999,12633
8999,12634
9000,12635
9001,12636
9001,12637
9002,12638
9002,12639
9003,12640
9004,12641
9004,12642
9004,12643
9005,12644
9006,12645
9007,12646
9007,12647
9008,12648
9008,12649
9009,12650
9009,12651
9009,12652
9009,12653
9010,12654
9010,12655
9010,12656
9011,12657
9011,12658
9012,12659
9013,12660
9013,12661
9014,12662
9014,12663
9015,12664
9015,12665
9015,12666
9016,12667
9016,12668
9017,12669
9018,12670
9019,12671
9019,12672
9020,12673
9021,12674
9021,12675
9021,12676
9022,12677
9023,12678
9023,12679
9024,12680
9025,12681
9025,12682
9025,12683
9026,12684
9027,12685
9028,12686
9029,12687
9029,12688
9030,12689
9030,12690
9031,12691
9031,12692
9031,12693
9032,12694
9033,12695
9033,12696
9034,12697
9035,12698
9035,12699
9035,12700
9035,12701
9036,12702
9037,12703
9038,12704
9038,12705
9039,12706
9040,12707
9041,12708
9042,12709
9042,12710
9043,12711
9044,12712
9044,12713
9045,12714
9045,12715
9046,12716
9046,12717
9046,12718
9046,12719
9047,12720
9048,12721
9048,12722
9049,12723
9050,12724
9051,12725
9052,12726
9053,12727
9054,12728
9055,12729
9056,12730
9057,12731
9057,12732
9058,12733
9059,12734
9059,12735
9060,12736
9061,12737
9062,12738
9063,12739
9064,12740
9065,12741
9065,12742
9065,12743
9065,12744
9066,12745
9067,12746
9068,12747
9069,12748
9070,12749
9071,12750
9072,12751
9073,12752
9074,12753
9075,12754
9076,12755
9076,12756
9077,12757
9078,12758
9079,12759
9080,12760
9080,12761
9080,12762
9081,12763
9081,12764
9082,12765
9083,12766
9084,12767
9084,12768
9084,12769
9085,12770
9086,12771
9086,12772
9087,12773
9088,12774
9089,12775
9090,12776
9090,12777
9090,12778
9091,12779
9092,12780
9092,12781
9092,12782
9092,12783
9093,12784
9094,12785
9095,12786
9095,12787
9095,12788
9096,12789
9096,12790
9097,12791
9097,12792
9098,12793
9098,12794
9098,12795
9099,12796
9100,12797
9100,12798
9100,12799
9100,12800
9101,12801
9101,12802
9102,12803
9102,12804
9103,12805
9103,12806
9104,12807
9104,12808
9104,12809
9105,12810
9106,12811
9107,12812
9108,12813
9109,12814
9109,12815
9110,12816
9111,12817
9112,12818
9113,12819
9113,12820
9113,12821
9114,12822
9115,12823
9116,12824
9116,12825
9117,12826
9118,12827
9118,12828
9119,12829
9120,12830
9121,12831
9122,12832
9123,12833
9124,12834
9124,12835
9125,12836
9126,12837
9127,12838
9128,12839
9129,12840
9130,12841
9130,12842
9131,12843
9132,12844
9133,12845
9134,12846
9134,12847
9135,12848
9136,12849
9137,12850
9138,12851
9139,12852
9140,12853
9141,12854
9141,12855
9142,12856
9142,12857
9143,12858
9144,12859
9145,12860
9146,12861
9147,12862
9148,12863
9149,12864
9150,12865
9151,12866
9152,12867
9152,12868
9152,12869
9153,12870
9154,12871
9155,12872
9156,12873
9157,12874
9158,12875
9158,12876
9159,12877
9159,12878
9160,12879
9160,12880
9161,12881
9161,12882
9162,12883
9163,12884
9163,12885
9164,12886
9165,12887
9166,12888
9167,12889
9167,12890
9167,12891
9168,12892
9168,12893
9168,12894
9169,12895
9169,12896
9169,12897
9170,12898
9170,12899
9171,12900
9171,12901
9172,12902
9172,12903
9173,12904
9173,12905
9174,12906
9175,12907
9176,12908
9177,12909
9178,12910
9178,12911
9179,12912
9179,12913
9179,12914
9180,12915
9181,12916
9182,12917
9183,12918
9183,12919
9184,12920
9184,12921
9184,12922
9185,12923
9186,12924
9186,12925
9186,12926
9187,12927
9187,12928
9187,12929
9188,12930
9189,12931
9189,12932
9190,12933
9190,12934
9191,12935
9192,12936
9193,12937
9193,12938
9194,12939
9195,12940
9196,12941
9197,12942
9198,12943
9199,12944
9199,12945
9200,12946
9200,12947
9201,12948
9201,12949
9202,12950
9203,12951
9204,12952
9205,12953
9206,12954
9207,12955
9207,12956
9208,12957
9209,12958
9210,12959
9211,12960
9212,12961
9212,12962
9213,12963
9214,12964
9214,12965
9215,12966
9215,12967
9216,12968
9217,12969
9217,12970
9218,12971
9219,12972
9219,12973
9220,12974
9221,12975
9222,12976
9223,12977
9223,12978
9224,12979
9225,12980
9225,12981
9225,12982
9226,12983
9226,12984
9227,12985
9228,12986
9228,12987
9229,12988
9229,12989
9230,12990
9230,12991
9231,12992
9232,12993
9233,12994
9234,12995
9234,12996
9234,12997
9235,12998
9236,12999
9236,13000
9237,13001
9237,13002
9237,13003
9238,13004
9238,13005
9238,13006
9239,13007
9239,13008
9239,13009
9240,13010
9241,13011
9242,13012
9243,13013
9244,13014
9244,13015
9245,13016
9246,13017
9247,13018
9248,13019
9249,13020
9249,13021
9249,13022
9249,13023
9250,13024
9251,13025
9252,13026
9253,13027
9253,13028
9253,13029
9254,13030
9255,13031
9256,13032
9257,13033
9258,13034
9258,13035
9258,13036
9259,13037
9260,13038
9260,13039
9261,13040
9261,13041
9261,13042
9262,13043
9263,13044
9264,13045
9265,13046
9266,13047
9267,13048
9268,13049
9269,13050
9269,13051
9270,13052
9270,13053
9271,13054
9272,13055
9272,13056
9273,13057
9274,13058
9274,13059
9274,13060
9274,13061
9275,13062
9275,13063
9276,13064
9277,13065
9278,13066
9279,13067
9279,13068
9280,13069
9281,13070
9281,13071
9282,13072
9283,13073
9284,13074
9284,13075
9284,13076
9285,13077
9286,13078
9287,13079
9288,13080
9288,13081
9289,13082
9290,13083
9291,13084
9292,13085
9293,13086
9294,13087
9294,13088
9294,13089
9295,13090
9295,13091
9295,13092
9295,13093
9296,13094
9296,13095
9296,13096
9297,13097
9297,13098
9298,13099
9299,13100
9300,13101
9301,13102
9301,13103
9302,13104
9302,13105
9302,13106
9303,13107
9304,13108
9304,13109
9304,13110
9304,13111
9305,13112
9305,13113
9305,13114
9306,13115
9306,13116
9306,13117
9307,13118
9308,13119
9308,13120
9309,13121
9310,13122
9311,13123
9312,13124
9313,13125
9313,13126
9313,13127
9313,13128
9314,13129
9314,13130
9314,13131
9315,13132
9315,13133
9316,13134
9316,13135
9317,13136
9317,13137
9318,13138
9319,13139
9320,13140
9320,13141
9320,13142
9321,13143
9321,13144
9321,13145
9322,13146
9323,13147
9323,13148
9324,13149
9324,13150
9324,13151
9324,13152
9325,13153
9326,13154
9326,13155
9327,13156
9327,13157
9327,13158
9328,13159
9328,13160
9328,13161
9329,13162
9330,13163
9330,13164
9330,13165
9331,13166
9332,13167
9333,13168
9333,13169
9334,13170
9334,13171
9334,13172
9335,13173
9336,13174
9336,13175
9337,13176
9338,13177
9339,13178
9339,13179
9339,13180
9340,13181
9341,13182
9341,13183
9342,13184
9342,13185
9343,13186
9343,13187
9344,13188
9345,13189
9346,13190
9347,13191
9348,13192
9348,13193
9349,13194
9349,13195
9350,13196
9351,13197
9351,13198
9352,13199
9353,13200
9353,13201
9354,13202
9354,13203
9355,13204
9356,13205
9356,13206
9357,13207
9358,13208
9359,13209
9360,13210
9361,13211
9361,13212
9362,13213
9363,13214
9364,13215
9364,13216
9365,13217
9365,13218
9366,13219
9367,13220
9368,13221
9368,13222
9369,13223
9370,13224
9371,13225
9371,13226
9371,13227
9372,13228
9372,13229
9373,13230
9374,13231
9375,13232
9376,13233
9376,13234
9376,13235
9376,13236
9377,13237
9378,13238
9379,13239
9379,13240
9379,13241
9380,13242
9380,13243
9381,13244
9381,13245
9382,13246
9383,13247
9383,13248
9384,13249
9385,13250
9386,13251
9386,13252
9387,13253
9387,13254
9387,13255
9387,13256
9388,13257
9389,13258
9390,13259
9391,13260
9391,13261
9392,13262
9392,13263
9392,13264
9393,13265
9393,13266
9393,13267
9393,13268
9394,13269
9395,13270
9395,13271
9396,13272
9396,13273
9396,13274
9397,13275
9398,13276
9399,13277
9399,13278
9400,13279
9400,13280
9401,13281
9402,13282
9402,13283
9403,13284
9403,13285
9404,13286
9405,13287
9405,13288
9406,13289
9407,13290
9407,13291
9408,13292
9409,13293
9410,13294
9411,13295
9411,13296
9412,13297
9413,13298
9414,13299
9415,13300
9415,13301
9416,13302
9417,13303
9417,13304
9418,13305
9419,13306
9420,13307
9420,13308
9420,13309
9421,13310
9421,13311
9421,13312
9422,13313
9422,13314
9422,13315
9423,13316
9424,13317
9424,13318
9425,13319
9425,13320
9426,13321
9426,13322
9427,13323
9427,13324
9427,13325
9427,13326
9428,13327
9428,13328
9429,13329
9429,13330
9430,13331
9431,13332
9432,13333
9432,13334
9432,13335
9433,13336
9434,13337
9435,13338
9436,13339
9437,13340
9438,13341
9439,13342
9440,13343
9440,13344
9441,13345
9441,13346
9441,13347
9442,13348
9443,13349
9444,13350
9445,13351
9446,13352
9447,13353
9447,13354
9447,13355
9448,13356
9449,13357
9449,13358
9450,13359
9451,13360
9451,13361
9452,13362
9453,13363
9454,13364
9455,13365
9456,13366
9457,13367
9458,13368
9459,13369
9459,13370
9460,13371
9461,13372
9462,13373
9463,13374
9463,13375
9463,13376
9463,13377
9464,13378
9464,13379
9464,13380
9465,13381
9465,13382
9466,13383
9466,13384
9467,13385
9468,13386
9469,13387
9470,13388
9471,13389
9471,13390
9472,13391
9473,13392
9474,13393
9474,13394
9475,13395
9476,13396
9476,13397
9477,13398
9477,13399
9478,13400
9478,13401
9478,13402
9479,13403
9480,13404
9480,13405
9481,13406
9482,13407
9483,13408
9483,13409
9483,13410
9483,13411
9484,13412
9485,13413
9486,13414
9487,13415
9487,13416
9488,13417
9488,13418
9488,13419
9488,13420
9489,13421
9490,13422
9490,13423
9491,13424
9492,13425
9493,13426
9494,13427
9494,13428
9494,13429
9494,13430
9495,13431
9495,13432
9495,13433
9496,13434
9496,13435
9497,13436
9497,13437
9497,13438
9498,13439
9498,13440
9498,13441
9499,13442
9500,13443
9500,13444
9501,13445
9502,13446
9503,13447
9504,13448
9505,13449
9505,13450
9506,13451
9507,13452
9508,13453
9508,13454
9508,13455
9509,13456
9510,13457
9510,13458
9511,13459
9512,13460
9513,13461
9513,13462
9514,13463
9515,13464
9515,13465
9516,13466
9517,13467
9518,13468
9519,13469
9520,13470
9520,13471
9521,13472
9521,13473
9522,13474
9523,13475
9523,13476
9524,13477
9525,13478
9525,13479
9526,13480
9527,13481
9528,13482
9529,13483
9530,13484
9531,13485
9532,13486
9532,13487
9533,13488
9534,13489
9535,13490
9536,13491
9536,13492
9537,13493
9538,13494
9538,13495
9538,13496
9539,13497
9540,13498
9541,13499
9542,13500
9542,13501
9542,13502
9543,13503
9543,13504
9543,13505
9544,13506
9544,13507
9545,13508
9545,13509
9545,13510
9546,13511
9547,13512
9547,13513
9547,13514
9547,13515
9548,13516
9549,13517
9550,13518
9551,13519
9551,13520
9551,13521
9552,13522
9552,13523
9552,13524
9552,13525
9553,13526
9553,13527
9554,13528
9555,13529
9555,13530
9555,13531
9555,13532
9556,13533
9556,13534
9557,13535
9558,13536
9559,13537
9560,13538
9561,13539
9562,13540
9563,13541
9563,13542
9564,13543
9564,13544
9564,13545
9564,13546
9565,13547
9566,13548
9566,13549
9566,13550
9566,13551
9567,13552
9567,13553
9568,13554
9568,13555
9569,13556
9569,13557
9570,13558
9570,13559
9571,13560
9572,13561
9573,13562
9574,13563
9574,13564
9574,13565
9575,13566
9576,13567
9576,13568
9577,13569
9577,13570
9577,13571
9578,13572
9578,13573
9579,13574
9579,13575
9579,13576
9580,13577
9581,13578
9581,13579
9582,13580
9582,13581
9582,13582
9583,13583
9584,13584
9585,13585
9585,13586
9585,13587
9586,13588
9586,13589
9587,13590
9588,13591
9589,13592
9589,13593
9589,13594
9589,13595
9590,13596
9591,13597
9591,13598
9592,13599
9592,13600
9592,13601
9592,13602
9593,13603
9593,13604
9594,13605
9595,13606
9595,13607
9595,13608
9595,13609
9596,13610
9596,13611
9597,13612
9598,13613
9599,13614
9599,13615
9599,13616
9600,13617
9601,13618
9601,13619
9602,13620
9603,13621
9603,13622
9603,13623
9604,13624
9605,13625
9605,13626
9606,13627
9607,13628
9608,13629
9609,13630
9609,13631
9610,13632
9610,13633
9611,13634
9611,13635
9611,13636
9612,13637
9613,13638
9614,13639
9614,13640
9614,13641
9615,13642
9616,13643
9616,13644
9617,13645
9618,13646
9619,13647
9619,13648
9619,13649
9620,13650
9621,13651
9622,13652
9622,13653
9623,13654
9624,13655
9625,13656
9625,13657
9625,13658
9626,13659
9627,13660
9628,13661
9628,13662
9629,13663
9630,13664
9631,13665
9632,13666
9633,13667
9633,13668
9634,13669
9634,13670
9635,13671
9636,13672
9636,13673
9636,13674
9637,13675
9637,13676
9637,13677
9638,13678
9639,13679
9640,13680
9640,13681
9641,13682
9642,13683
9642,13684
9642,13685
9643,13686
9643,13687
9643,13688
9643,13689
9644,13690
9645,13691
9645,13692
9645,13693
9646,13694
9646,13695
9646,13696
9647,13697
9647,13698
9647,13699
9648,13700
9649,13701
9649,13702
9649,13703
9650,13704
9650,13705
9651,13706
9652,13707
9652,13708
9652,13709
9653,13710
9654,13711
9654,13712
9655,13713
9656,13714
9656,13715
9657,13716
9658,13717
9658,13718
9659,13719
9660,13720
9660,13721
9660,13722
9661,13723
9661,13724
9662,13725
9662,13726
9663,13727
9664,13728
9665,13729
9666,13730
9667,13731
9668,13732
9669,13733
9669,13734
9670,13735
9670,13736
9671,13737
9672,13738
9673,13739
9673,13740
9673,13741
9674,13742
9674,13743
9675,13744
9675,13745
9676,13746
9676,13747
9676,13748
9676,13749
9677,13750
9678,13751
9679,13752
9679,13753
9680,13754
9680,13755
9681,13756
9681,13757
9682,13758
9683,13759
9683,13760
9684,13761
9685,13762
9686,13763
9687,13764
9687,13765
9688,13766
9689,13767
9690,13768
9691,13769
9692,13770
9693,13771
9693,13772
9694,13773
9695,13774
9695,13775
9695,13776
9696,13777
9696,13778
9697,13779
9697,13780
9697,13781
9698,13782
9699,13783
9699,13784
9700,13785
9700,13786
9700,13787
9701,13788
9702,13789
9702,13790
9703,13791
9704,13792
9704,13793
9705,13794
9706,13795
9707,13796
9708,13797
9709,13798
9710,13799
9711,13800
9711,13801
9712,13802
9713,13803
9713,13804
9714,13805
9714,13806
9715,13807
9715,13808
9716,13809
9717,13810
9717,13811
9718,13812
9719,13813
9719,13814
9720,13815
9721,13816
9721,13817
9721,13818
9721,13819
9722,13820
9723,13821
9724,13822
9725,13823
9725,13824
9725,13825
9726,13826
9727,13827
9728,13828
9728,13829
9729,13830
9730,13831
9731,13832
9731,13833
9731,13834
9732,13835
9733,13836
9734,13837
9734,13838
9735,13839
9735,13840
9735,13841
9736,13842
9737,13843
9737,13844
9738,13845
9739,13846
9739,13847
9740,13848
9741,13849
9742,13850
9743,13851
9744,13852
9744,13853
9745,13854
9745,13855
9745,13856
9745,13857
9746,13858
9747,13859
9748,13860
9748,13861
9749,13862
9749,13863
9749,13864
9750,13865
9751,13866
9752,13867
9753,13868
9754,13869
9754,13870
9754,13871
9754,13872
9755,13873
9756,13874
9757,13875
9758,13876
9758,13877
9759,13878
9760,13879
9761,13880
9762,13881
9763,13882
9764,13883
9764,13884
9765,13885
9766,13886
9767,13887
9767,13888
9768,13889
9769,13890
9770,13891
9771,13892
9771,13893
9771,13894
9772,13895
9772,13896
9773,13897
9774,13898
9774,13899
9775,13900
9776,13901
9776,13902
9776,13903
9777,13904
9777,13905
9778,13906
9779,13907
9779,13908
9780,13909
9780,13910
9780,13911
9781,13912
9781,13913
9782,13914
9783,13915
9783,13916
9783,13917
9784,13918
9785,13919
9786,13920
9786,13921
9787,13922
9788,13923
9789,13924
9789,13925
9790,13926
9791,13927
9791,13928
9791,13929
9792,13930
9792,13931
9793,13932
9793,13933
9793,13934
9794,13935
9795,13936
9795,13937
9796,13938
9797,13939
9797,13940
9798,13941
9798,13942
9798,13943
9799,13944
9799,13945
9799,13946
9800,13947
9801,13948
9802,13949
9802,13950
9802,13951
9803,13952
9804,13953
9805,13954
9805,13955
9806,13956
9806,13957
9807,13958
9808,13959
9809,13960
9809,13961
9809,13962
9809,13963
9810,13964
9810,13965
9811,13966
9812,13967
9812,13968
9813,13969
9814,13970
9815,13971
9816,13972
9817,13973
9818,13974
9819,13975
9819,13976
9819,13977
9820,13978
9821,13979
9821,13980
9822,13981
9823,13982
9824,13983
9825,13984
9826,13985
9827,13986
9828,13987
9829,13988
9829,13989
9830,13990
9831,13991
9832,13992
9833,13993
9833,13994
9833,13995
9833,13996
9834,13997
9835,13998
9835,13999
9836,14000
9837,14001
9837,14002
9838,14003
9839,14004
9840,14005
9840,14006
9841,14007
9841,14008
9841,14009
9842,14010
9842,14011
9843,14012
9843,14013
9843,14014
9844,14015
9845,14016
9846,14017
9846,14018
9846,14019
9846,14020
9847,14021
9848,14022
9849,14023
9849,14024
9849,14025
9850,14026
9851,14027
9851,14028
9851,14029
9851,14030
9852,14031
9852,14032
9853,14033
9854,14034
9855,14035
9855,14036
9855,14037
9855,14038
9856,14039
9857,14040
9858,14041
9859,14042
9860,14043
9861,14044
9862,14045
9862,14046
9862,14047
9863,14048
9863,14049
9864,14050
9865,14051
9865,14052
9865,14053
9866,14054
9866,14055
9866,14056
9867,14057
9867,14058
9868,14059
9868,14060
9869,14061
9869,14062
9870,14063
9871,14064
9872,14065
9872,14066
9873,14067
9874,14068
9875,14069
9876,14070
9876,14071
9877,14072
9878,14073
9878,14074
9878,14075
9879,14076
9879,14077
9880,14078
9880,14079
9881,14080
9881,14081
9882,14082
9882,14083
9883,14084
9883,14085
9883,14086
9884,14087
9885,14088
9885,14089
9886,14090
9886,14091
9887,14092
9888,14093
9889,14094
9890,14095
9891,14096
9891,14097
9891,14098
9892,14099
9893,14100
9893,14101
9894,14102
9894,14103
9895,14104
9896,14105
9896,14106
9897,14107
9897,14108
9897,14109
9898,14110
9898,14111
9899,14112
9900,14113
9901,14114
9901,14115
9902,14116
9902,14117
9902,14118
9903,14119
9904,14120
9905,14121
9905,14122
9906,14123
9907,14124
9908,14125
9909,14126
9910,14127
9911,14128
9912,14129
9913,14130
9913,14131
9914,14132
9914,14133
9914,14134
9915,14135
9915,14136
9916,14137
9916,14138
9917,14139
9917,14140
9917,14141
9918,14142
9918,14143
9918,14144
9919,14145
9920,14146
9920,14147
9920,14148
9920,14149
9921,14150
9922,14151
9923,14152
9923,14153
9924,14154
9925,14155
9926,14156
9927,14157
9928,14158
9929,14159
9930,14160
9930,14161
9931,14162
9931,14163
9932,14164
9933,14165
9934,14166
9934,14167
9934,14168
9935,14169
9935,14170
9936,14171
9937,14172
9938,14173
9938,14174
9939,14175
9940,14176
9941,14177
9941,14178
9942,14179
9942,14180
9943,14181
9944,14182
9944,14183
9944,14184
9945,14185
9946,14186
9946,14187
9947,14188
9947,14189
9947,14190
9948,14191
9949,14192
9949,14193
9949,14194
9949,14195
9950,14196
9951,14197
9952,14198
9953,14199
9954,14200
9955,14201
9956,14202
9956,14203
9957,14204
9958,14205
9958,14206
9959,14207
9960,14208
9961,14209
9961,14210
9962,14211
9963,14212
9963,14213
9964,14214
9964,14215
9965,14216
9966,14217
9967,14218
9967,14219
9968,14220
9969,14221
9970,14222
9971,14223
9972,14224
9972,14225
9973,14226
9973,14227
9973,14228
9974,14229
9974,14230
9975,14231
9975,14232
9975,14233
9975,14234
9976,14235
9977,14236
9978,14237
9979,14238
9980,14239
9980,14240
9981,14241
9981,14242
9981,14243
9982,14244
9983,14245
9984,14246
9985,14247
9986,14248
9986,14249
9986,14250
9986,14251
9987,14252
9988,14253
9988,14254
9989,14255
9990,14256
9990,14257
9990,14258
9990,14259
9991,14260
9991,14261
9992,14262
9993,14263
9994,14264
9994,14265
9995,14266
9996,14267
9996,14268
9996,14269
9997,14270
9998,14271
9998,14272
9999,14273
9999,14274
