src_id,dst_id
0,0
1,0
2,0
3,0
4,0
5,0
6,1
7,1
8,1
9,1
10,1
11,1
12,1
13,1
14,1
15,1
16,1
17,2
17,3
18,2
18,3
19,2
19,3
20,2
20,3
21,2
21,3
22,2
22,3
23,2
23,3
24,2
24,3
25,2
25,3
26,2
26,3
27,2
27,3
28,2
28,3
29,2
29,3
30,2
30,3
31,2
31,3
32,2
32,3
33,2
33,3
34,2
34,3
35,2
35,3
36,2
36,3
37,4
37,5
38,4
38,5
39,4
39,5
40,4
40,5
41,4
41,5
42,4
42,5
43,4
43,5
44,4
44,5
45,4
45,5
46,4
46,5
47,4
47,5
48,6
48,7
49,6
49,7
50,6
50,7
51,6
51,7
52,6
52,7
53,6
53,7
54,6
54,7
55,6
55,7
56,6
56,7
57,6
57,7
58,6
58,7
59,6
59,7
60,6
60,7
61,6
61,7
62,6
62,7
63,6
63,7
64,6
64,7
65,6
65,7
66,6
66,7
67,6
67,7
68,8
68,9
68,10
69,8
69,9
69,10
70,8
70,9
70,10
71,8
71,9
71,10
72,8
72,9
72,10
73,8
73,9
73,10
74,8
74,9
74,10
75,8
75,9
75,10
76,11
77,11
78,11
79,12
79,13
79,14
80,12
80,13
80,14
81,12
81,13
81,14
82,12
82,13
82,14
83,12
83,13
83,14
84,12
84,13
84,14
85,12
85,13
85,14
86,12
86,13
86,14
87,12
87,13
87,14
88,12
88,13
88,14
89,12
89,13
89,14
90,12
90,13
90,14
91,12
91,13
91,14
92,15
92,16
93,15
93,16
94,15
94,16
95,17
96,17
97,17
98,17
99,17
100,17
101,17
102,17
103,17
104,17
105,17
106,17
107,17
108,17
109,17
110,18
110,19
110,20
111,18
111,19
111,20
112,18
112,19
112,20
113,18
113,19
113,20
114,18
114,19
114,20
115,18
115,19
115,20
116,18
116,19
116,20
117,18
117,19
117,20
118,18
118,19
118,20
119,18
119,19
119,20
120,21
121,21
122,21
123,21
124,21
125,21
126,21
127,21
128,22
128,23
128,24
129,22
129,23
129,24
130,22
130,23
130,24
131,22
131,23
131,24
132,22
132,23
132,24
133,25
133,26
134,25
134,26
135,25
135,26
136,25
136,26
137,25
137,26
138,25
138,26
139,25
139,26
140,25
140,26
141,25
141,26
142,25
142,26
143,25
143,26
144,25
144,26
145,25
145,26
146,25
146,26
147,25
147,26
148,27
148,28
149,27
149,28
150,27
150,28
151,27
151,28
152,27
152,28
153,27
153,28
154,27
154,28
155,29
156,29
157,29
158,29
159,29
160,29
161,29
162,29
163,30
163,31
163,32
164,30
164,31
164,32
165,30
165,31
165,32
166,33
166,34
166,35
167,33
167,34
167,35
168,33
168,34
168,35
169,33
169,34
169,35
170,33
170,34
170,35
171,33
171,34
171,35
172,33
172,34
172,35
173,33
173,34
173,35
174,33
174,34
174,35
175,33
175,34
175,35
176,33
176,34
176,35
177,33
177,34
177,35
178,33
178,34
178,35
179,33
179,34
179,35
180,33
180,34
180,35
181,36
181,37
182,36
182,37
183,36
183,37
184,36
184,37
185,36
185,37
186,36
186,37
187,36
187,37
188,36
188,37
189,36
189,37
190,36
190,37
191,36
191,37
192,36
192,37
193,36
193,37
194,38
195,38
196,38
197,38
198,38
199,38
200,38
201,38
202,38
203,39
204,39
205,39
206,39
207,39
208,39
209,39
210,39
211,39
212,39
213,39
214,39
215,40
216,40
217,40
218,40
219,40
220,40
221,40
222,40
223,40
224,40
225,41
226,41
227,41
228,41
229,41
230,41
231,41
232,42
232,43
232,44
233,42
233,43
233,44
234,42
234,43
234,44
235,42
235,43
235,44
236,42
236,43
236,44
237,42
237,43
237,44
238,42
238,43
238,44
239,42
239,43
239,44
240,42
240,43
240,44
241,42
241,43
241,44
242,42
242,43
242,44
243,42
243,43
243,44
244,42
244,43
244,44
245,42
245,43
245,44
246,42
246,43
246,44
247,42
247,43
247,44
248,42
248,43
248,44
249,42
249,43
249,44
250,45
250,46
251,45
251,46
252,45
252,46
253,45
253,46
254,47
254,48
255,47
255,48
256,47
256,48
257,47
257,48
258,47
258,48
259,47
259,48
260,47
260,48
261,47
261,48
262,47
262,48
263,47
263,48
264,47
264,48
265,47
265,48
266,47
266,48
267,47
267,48
268,47
268,48
269,49
269,50
270,49
270,50
271,49
271,50
272,49
272,50
273,49
273,50
274,49
274,50
275,49
275,50
276,51
276,52
277,51
277,52
278,51
278,52
279,51
279,52
280,51
280,52
281,51
281,52
282,53
283,53
284,53
285,53
286,53
287,53
288,53
289,53
290,53
291,53
292,53
293,53
294,53
295,53
296,53
297,53
298,53
299,53
300,53
301,53
302,54
302,55
302,56
303,54
303,55
303,56
304,54
304,55
304,56
305,54
305,55
305,56
306,54
306,55
306,56
307,54
307,55
307,56
308,54
308,55
308,56
309,54
309,55
309,56
310,54
310,55
310,56
311,54
311,55
311,56
312,54
312,55
312,56
313,54
313,55
313,56
314,54
314,55
314,56
315,54
315,55
315,56
316,54
316,55
316,56
317,54
317,55
317,56
318,57
319,57
320,57
321,57
322,57
323,57
324,57
325,57
326,57
327,57
328,57
329,57
330,57
331,57
332,57
333,57
334,57
335,57
336,57
337,57
338,58
339,58
340,58
341,58
342,58
343,58
344,58
345,58
346,58
347,58
348,58
349,58
350,59
351,59
352,59
353,59
354,59
355,59
356,59
357,59
358,59
359,59
360,59
361,59
362,59
363,59
364,60
365,60
366,60
367,60
368,60
369,60
370,60
371,60
372,60
373,60
374,60
375,60
376,60
377,60
378,60
379,60
380,60
381,60
382,60
383,60
384,60
385,61
385,62
386,61
386,62
387,61
387,62
388,61
388,62
389,61
389,62
390,61
390,62
391,61
391,62
392,61
392,62
393,61
393,62
394,61
394,62
395,61
395,62
396,61
396,62
397,61
397,62
398,61
398,62
399,61
399,62
400,61
400,62
401,63
402,63
403,63
404,63
405,63
406,63
407,63
408,63
409,63
410,63
411,63
412,63
413,63
414,63
415,63
416,63
417,63
418,63
419,63
420,63
421,63
422,63
423,63
424,64
424,65
425,64
425,65
426,64
426,65
427,64
427,65
428,64
428,65
429,64
429,65
430,64
430,65
431,64
431,65
432,64
432,65
433,64
433,65
434,64
434,65
435,64
435,65
436,64
436,65
437,64
437,65
438,64
438,65
439,64
439,65
440,64
440,65
441,64
441,65
442,64
442,65
443,64
443,65
444,64
444,65
445,64
445,65
446,64
446,65
447,64
447,65
448,66
449,66
450,66
451,66
452,66
453,66
454,66
455,66
456,66
457,66
458,66
459,66
460,66
461,66
462,66
463,66
464,66
465,66
466,66
467,66
468,66
469,67
470,67
471,67
472,67
473,67
474,67
475,67
476,67
477,67
478,67
479,67
480,67
481,67
482,67
483,67
484,68
485,68
486,68
487,68
488,68
489,68
490,68
491,68
492,68
493,68
494,68
495,68
496,68
497,68
498,68
499,68
500,68
501,68
502,68
503,68
504,68
505,68
506,68
507,68
508,68
509,68
510,68
511,68
512,68
513,69
513,70
514,69
514,70
515,69
515,70
516,69
516,70
517,69
517,70
518,69
518,70
519,69
519,70
520,69
520,70
521,69
521,70
522,69
522,70
523,69
523,70
524,69
524,70
525,69
525,70
526,69
526,70
527,69
527,70
528,69
528,70
529,69
529,70
530,69
530,70
531,69
531,70
532,69
532,70
533,69
533,70
534,69
534,70
535,69
535,70
536,69
536,70
537,69
537,70
538,69
538,70
539,69
539,70
540,71
541,71
542,71
543,71
544,71
545,71
546,71
547,71
548,71
549,71
550,71
551,71
552,71
553,71
554,71
555,71
556,71
557,71
558,71
559,71
560,71
561,71
562,71
563,71
564,71
565,71
566,71
567,72
568,72
569,72
570,72
571,72
572,72
573,72
574,72
575,72
576,72
577,72
578,72
579,72
580,72
581,72
582,72
583,73
583,74
584,73
584,74
585,73
585,74
586,73
586,74
587,73
587,74
588,73
588,74
589,73
589,74
590,73
590,74
591,73
591,74
592,73
592,74
593,73
593,74
594,73
594,74
595,73
595,74
596,73
596,74
597,73
597,74
598,73
598,74
599,73
599,74
600,73
600,74
601,73
601,74
602,73
602,74
603,73
603,74
604,73
604,74
605,73
605,74
606,73
606,74
607,73
607,74
608,73
608,74
609,73
609,74
610,75
610,76
611,75
611,76
612,75
612,76
613,75
613,76
614,75
614,76
615,75
615,76
616,75
616,76
617,75
617,76
618,75
618,76
619,75
619,76
620,75
620,76
621,75
621,76
622,75
622,76
623,75
623,76
624,75
624,76
625,75
625,76
626,75
626,76
627,75
627,76
628,75
628,76
629,75
629,76
630,75
630,76
631,75
631,76
632,77
632,78
633,77
633,78
634,77
634,78
635,77
635,78
636,77
636,78
637,77
637,78
638,77
638,78
639,77
639,78
640,77
640,78
641,77
641,78
642,77
642,78
643,77
643,78
644,77
644,78
645,77
645,78
646,77
646,78
647,77
647,78
648,79
649,79
650,79
651,79
652,79
653,79
654,79
655,79
656,79
657,79
658,79
659,79
660,79
661,79
662,79
663,79
664,79
665,79
666,79
667,79
668,79
669,79
670,80
671,80
672,80
673,80
674,80
675,80
676,80
677,80
678,80
679,80
680,80
681,80
682,80
683,80
684,81
684,82
685,81
685,82
686,81
686,82
687,81
687,82
688,81
688,82
689,81
689,82
690,81
690,82
691,81
691,82
692,81
692,82
693,81
693,82
694,81
694,82
695,81
695,82
696,81
696,82
697,81
697,82
698,81
698,82
699,81
699,82
700,81
700,82
701,81
701,82
702,81
702,82
703,81
703,82
704,81
704,82
705,81
705,82
706,81
706,82
707,81
707,82
708,81
708,82
709,83
709,84
710,83
710,84
711,83
711,84
712,83
712,84
713,83
713,84
714,83
714,84
715,83
715,84
716,83
716,84
717,83
717,84
718,83
718,84
719,83
719,84
720,83
720,84
721,83
721,84
722,83
722,84
723,83
723,84
724,83
724,84
725,83
725,84
726,83
726,84
727,83
727,84
728,83
728,84
729,83
729,84
730,83
730,84
731,83
731,84
732,83
732,84
733,83
733,84
734,83
734,84
735,83
735,84
736,83
736,84
737,83
737,84
738,83
738,84
739,85
740,85
741,85
742,85
743,85
744,85
745,85
746,85
747,85
748,85
749,85
750,85
751,85
752,85
753,85
754,85
755,85
756,86
757,86
758,86
759,86
760,86
761,86
762,86
763,86
764,86
765,86
766,86
767,86
768,86
769,86
770,86
771,86
772,86
773,86
774,87
774,88
775,87
775,88
776,87
776,88
777,87
777,88
778,87
778,88
779,87
779,88
780,87
780,88
781,87
781,88
782,87
782,88
783,89
783,90
784,89
784,90
785,89
785,90
786,89
786,90
787,89
787,90
788,89
788,90
789,89
789,90
790,89
790,90
791,89
791,90
792,89
792,90
793,89
793,90
794,89
794,90
795,89
795,90
796,89
796,90
797,89
797,90
798,89
798,90
799,89
799,90
800,89
800,90
801,89
801,90
802,89
802,90
803,89
803,90
804,89
804,90
805,89
805,90
806,89
806,90
807,89
807,90
808,89
808,90
809,91
809,92
810,91
810,92
811,91
811,92
812,91
812,92
813,91
813,92
814,91
814,92
815,91
815,92
816,91
816,92
817,91
817,92
818,91
818,92
819,91
819,92
820,91
820,92
821,91
821,92
822,91
822,92
823,91
823,92
824,93
824,94
824,95
824,96
824,97
825,93
825,94
825,95
825,96
825,97
826,93
826,94
826,95
826,96
826,97
827,93
827,94
827,95
827,96
827,97
828,93
828,94
828,95
828,96
828,97
829,93
829,94
829,95
829,96
829,97
830,93
830,94
830,95
830,96
830,97
831,93
831,94
831,95
831,96
831,97
832,93
832,94
832,95
832,96
832,97
833,93
833,94
833,95
833,96
833,97
834,93
834,94
834,95
834,96
834,97
835,93
835,94
835,95
835,96
835,97
836,93
836,94
836,95
836,96
836,97
837,93
837,94
837,95
837,96
837,97
838,93
838,94
838,95
838,96
838,97
839,93
839,94
839,95
839,96
839,97
840,93
840,94
840,95
840,96
840,97
841,93
841,94
841,95
841,96
841,97
842,93
842,94
842,95
842,96
842,97
843,93
843,94
843,95
843,96
843,97
844,93
844,94
844,95
844,96
844,97
845,98
845,99
845,100
845,101
845,102
845,103
845,104
846,98
846,99
846,100
846,101
846,102
846,103
846,104
847,98
847,99
847,100
847,101
847,102
847,103
847,104
848,98
848,99
848,100
848,101
848,102
848,103
848,104
849,98
849,99
849,100
849,101
849,102
849,103
849,104
850,98
850,99
850,100
850,101
850,102
850,103
850,104
851,98
851,99
851,100
851,101
851,102
851,103
851,104
852,98
852,99
852,100
852,101
852,102
852,103
852,104
853,98
853,99
853,100
853,101
853,102
853,103
853,104
854,98
854,99
854,100
854,101
854,102
854,103
854,104
855,98
855,99
855,100
855,101
855,102
855,103
855,104
856,98
856,99
856,100
856,101
856,102
856,103
856,104
857,98
857,99
857,100
857,101
857,102
857,103
857,104
858,98
858,99
858,100
858,101
858,102
858,103
858,104
859,105
859,106
859,107
859,108
859,109
859,110
859,111
859,112
860,105
860,106
860,107
860,108
860,109
860,110
860,111
860,112
861,105
861,106
861,107
861,108
861,109
861,110
861,111
861,112
862,105
862,106
862,107
862,108
862,109
862,110
862,111
862,112
863,105
863,106
863,107
863,108
863,109
863,110
863,111
863,112
864,105
864,106
864,107
864,108
864,109
864,110
864,111
864,112
865,105
865,106
865,107
865,108
865,109
865,110
865,111
865,112
866,105
866,106
866,107
866,108
866,109
866,110
866,111
866,112
867,105
867,106
867,107
867,108
867,109
867,110
867,111
867,112
868,105
868,106
868,107
868,108
868,109
868,110
868,111
868,112
869,105
869,106
869,107
869,108
869,109
869,110
869,111
869,112
870,105
870,106
870,107
870,108
870,109
870,110
870,111
870,112
871,105
871,106
871,107
871,108
871,109
871,110
871,111
871,112
872,105
872,106
872,107
872,108
872,109
872,110
872,111
872,112
873,105
873,106
873,107
873,108
873,109
873,110
873,111
873,112
874,105
874,106
874,107
874,108
874,109
874,110
874,111
874,112
875,105
875,106
875,107
875,108
875,109
875,110
875,111
875,112
876,105
876,106
876,107
876,108
876,109
876,110
876,111
876,112
877,105
877,106
877,107
877,108
877,109
877,110
877,111
877,112
878,105
878,106
878,107
878,108
878,109
878,110
878,111
878,112
879,105
879,106
879,107
879,108
879,109
879,110
879,111
879,112
880,105
880,106
880,107
880,108
880,109
880,110
880,111
880,112
881,105
881,106
881,107
881,108
881,109
881,110
881,111
881,112
882,105
882,106
882,107
882,108
882,109
882,110
882,111
882,112
883,105
883,106
883,107
883,108
883,109
883,110
883,111
883,112
884,113
884,114
884,115
884,116
884,117
884,118
884,119
885,113
885,114
885,115
885,116
885,117
885,118
885,119
886,113
886,114
886,115
886,116
886,117
886,118
886,119
887,113
887,114
887,115
887,116
887,117
887,118
887,119
888,113
888,114
888,115
888,116
888,117
888,118
888,119
889,113
889,114
889,115
889,116
889,117
889,118
889,119
890,113
890,114
890,115
890,116
890,117
890,118
890,119
891,113
891,114
891,115
891,116
891,117
891,118
891,119
892,113
892,114
892,115
892,116
892,117
892,118
892,119
893,113
893,114
893,115
893,116
893,117
893,118
893,119
894,113
894,114
894,115
894,116
894,117
894,118
894,119
895,113
895,114
895,115
895,116
895,117
895,118
895,119
896,113
896,114
896,115
896,116
896,117
896,118
896,119
897,113
897,114
897,115
897,116
897,117
897,118
897,119
898,113
898,114
898,115
898,116
898,117
898,118
898,119
899,113
899,114
899,115
899,116
899,117
899,118
899,119
900,113
900,114
900,115
900,116
900,117
900,118
900,119
901,113
901,114
901,115
901,116
901,117
901,118
901,119
902,113
902,114
902,115
902,116
902,117
902,118
902,119
903,113
903,114
903,115
903,116
903,117
903,118
903,119
904,113
904,114
904,115
904,116
904,117
904,118
904,119
905,113
905,114
905,115
905,116
905,117
905,118
905,119
906,113
906,114
906,115
906,116
906,117
906,118
906,119
907,113
907,114
907,115
907,116
907,117
907,118
907,119
908,113
908,114
908,115
908,116
908,117
908,118
908,119
909,113
909,114
909,115
909,116
909,117
909,118
909,119
910,113
910,114
910,115
910,116
910,117
910,118
910,119
911,113
911,114
911,115
911,116
911,117
911,118
911,119
912,120
912,121
913,120
913,121
914,120
914,121
915,120
915,121
916,120
916,121
917,120
917,121
918,120
918,121
919,120
919,121
920,120
920,121
921,120
921,121
922,120
922,121
923,120
923,121
924,120
924,121
925,120
925,121
926,120
926,121
927,122
927,123
927,124
927,125
927,126
927,127
927,128
927,129
927,130
928,122
928,123
928,124
928,125
928,126
928,127
928,128
928,129
928,130
929,122
929,123
929,124
929,125
929,126
929,127
929,128
929,129
929,130
930,122
930,123
930,124
930,125
930,126
930,127
930,128
930,129
930,130
931,122
931,123
931,124
931,125
931,126
931,127
931,128
931,129
931,130
932,122
932,123
932,124
932,125
932,126
932,127
932,128
932,129
932,130
933,122
933,123
933,124
933,125
933,126
933,127
933,128
933,129
933,130
934,122
934,123
934,124
934,125
934,126
934,127
934,128
934,129
934,130
935,122
935,123
935,124
935,125
935,126
935,127
935,128
935,129
935,130
936,122
936,123
936,124
936,125
936,126
936,127
936,128
936,129
936,130
937,122
937,123
937,124
937,125
937,126
937,127
937,128
937,129
937,130
938,122
938,123
938,124
938,125
938,126
938,127
938,128
938,129
938,130
939,122
939,123
939,124
939,125
939,126
939,127
939,128
939,129
939,130
940,122
940,123
940,124
940,125
940,126
940,127
940,128
940,129
940,130
941,122
941,123
941,124
941,125
941,126
941,127
941,128
941,129
941,130
942,122
942,123
942,124
942,125
942,126
942,127
942,128
942,129
942,130
943,122
943,123
943,124
943,125
943,126
943,127
943,128
943,129
943,130
944,122
944,123
944,124
944,125
944,126
944,127
944,128
944,129
944,130
945,122
945,123
945,124
945,125
945,126
945,127
945,128
945,129
945,130
946,131
946,132
947,131
947,132
948,131
948,132
949,131
949,132
950,131
950,132
951,131
951,132
952,131
952,132
953,131
953,132
954,131
954,132
955,131
955,132
956,131
956,132
957,131
957,132
958,131
958,132
959,131
959,132
960,131
960,132
961,131
961,132
962,131
962,132
963,131
963,132
964,131
964,132
965,131
965,132
966,131
966,132
967,133
967,134
967,135
968,133
968,134
968,135
969,133
969,134
969,135
970,133
970,134
970,135
971,133
971,134
971,135
972,133
972,134
972,135
973,133
973,134
973,135
974,133
974,134
974,135
975,136
975,137
975,138
975,139
975,140
975,141
976,136
976,137
976,138
976,139
976,140
976,141
977,136
977,137
977,138
977,139
977,140
977,141
978,136
978,137
978,138
978,139
978,140
978,141
979,136
979,137
979,138
979,139
979,140
979,141
980,136
980,137
980,138
980,139
980,140
980,141
981,136
981,137
981,138
981,139
981,140
981,141
982,142
982,143
982,144
982,145
983,142
983,143
983,144
983,145
984,142
984,143
984,144
984,145
985,142
985,143
985,144
985,145
986,142
986,143
986,144
986,145
987,142
987,143
987,144
987,145
988,142
988,143
988,144
988,145
989,142
989,143
989,144
989,145
990,142
990,143
990,144
990,145
991,142
991,143
991,144
991,145
992,142
992,143
992,144
992,145
993,142
993,143
993,144
993,145
994,142
994,143
994,144
994,145
995,142
995,143
995,144
995,145
996,142
996,143
996,144
996,145
997,142
997,143
997,144
997,145
998,142
998,143
998,144
998,145
999,142
999,143
999,144
999,145
1000,142
1000,143
1000,144
1000,145
1001,142
1001,143
1001,144
1001,145
1002,142
1002,143
1002,144
1002,145
1003,142
1003,143
1003,144
1003,145
1004,142
1004,143
1004,144
1004,145
1005,142
1005,143
1005,144
1005,145
1006,146
1006,147
1007,146
1007,147
1008,146
1008,147
1009,146
1009,147
1010,146
1010,147
1011,146
1011,147
1012,146
1012,147
1013,146
1013,147
1014,146
1014,147
1015,146
1015,147
1016,146
1016,147
1017,146
1017,147
1018,146
1018,147
1019,146
1019,147
1020,146
1020,147
1021,146
1021,147
1022,148
1022,149
1023,148
1023,149
1024,148
1024,149
1025,148
1025,149
1026,148
1026,149
1027,148
1027,149
1028,148
1028,149
1029,148
1029,149
1030,148
1030,149
1031,148
1031,149
1032,148
1032,149
1033,148
1033,149
1034,148
1034,149
1035,148
1035,149
1036,148
1036,149
1037,148
1037,149
1038,148
1038,149
1039,148
1039,149
1040,150
1040,151
1040,152
1040,153
1041,150
1041,151
1041,152
1041,153
1042,150
1042,151
1042,152
1042,153
1043,150
1043,151
1043,152
1043,153
1044,150
1044,151
1044,152
1044,153
1045,150
1045,151
1045,152
1045,153
1046,150
1046,151
1046,152
1046,153
1047,150
1047,151
1047,152
1047,153
1048,150
1048,151
1048,152
1048,153
1049,150
1049,151
1049,152
1049,153
1050,150
1050,151
1050,152
1050,153
1051,150
1051,151
1051,152
1051,153
1052,150
1052,151
1052,152
1052,153
1053,150
1053,151
1053,152
1053,153
1054,150
1054,151
1054,152
1054,153
1055,150
1055,151
1055,152
1055,153
1056,150
1056,151
1056,152
1056,153
1057,150
1057,151
1057,152
1057,153
1058,150
1058,151
1058,152
1058,153
1059,150
1059,151
1059,152
1059,153
1060,150
1060,151
1060,152
1060,153
1061,150
1061,151
1061,152
1061,153
1062,150
1062,151
1062,152
1062,153
1063,154
1063,155
1064,154
1064,155
1065,154
1065,155
1066,154
1066,155
1067,154
1067,155
1068,154
1068,155
1069,154
1069,155
1070,154
1070,155
1071,154
1071,155
1072,154
1072,155
1073,154
1073,155
1074,154
1074,155
1075,154
1075,155
1076,154
1076,155
1077,154
1077,155
1078,154
1078,155
1079,154
1079,155
1080,154
1080,155
1081,154
1081,155
1082,154
1082,155
1083,154
1083,155
1084,154
1084,155
1085,154
1085,155
1086,154
1086,155
1087,154
1087,155
1088,156
1088,157
1088,158
1089,156
1089,157
1089,158
1090,156
1090,157
1090,158
1091,156
1091,157
1091,158
1092,156
1092,157
1092,158
1093,156
1093,157
1093,158
1094,156
1094,157
1094,158
1095,156
1095,157
1095,158
1096,156
1096,157
1096,158
1097,156
1097,157
1097,158
1098,156
1098,157
1098,158
1099,156
1099,157
1099,158
1100,156
1100,157
1100,158
1101,156
1101,157
1101,158
1102,156
1102,157
1102,158
1103,156
1103,157
1103,158
1104,156
1104,157
1104,158
1105,156
1105,157
1105,158
1106,156
1106,157
1106,158
1107,156
1107,157
1107,158
1108,159
1108,160
1108,161
1108,162
1108,163
1108,164
1108,165
1108,166
1109,159
1109,160
1109,161
1109,162
1109,163
1109,164
1109,165
1109,166
1110,159
1110,160
1110,161
1110,162
1110,163
1110,164
1110,165
1110,166
1111,159
1111,160
1111,161
1111,162
1111,163
1111,164
1111,165
1111,166
1112,159
1112,160
1112,161
1112,162
1112,163
1112,164
1112,165
1112,166
1113,159
1113,160
1113,161
1113,162
1113,163
1113,164
1113,165
1113,166
1114,167
1114,168
1114,169
1114,170
1114,171
1114,172
1115,167
1115,168
1115,169
1115,170
1115,171
1115,172
1116,167
1116,168
1116,169
1116,170
1116,171
1116,172
1117,167
1117,168
1117,169
1117,170
1117,171
1117,172
1118,167
1118,168
1118,169
1118,170
1118,171
1118,172
1119,167
1119,168
1119,169
1119,170
1119,171
1119,172
1120,167
1120,168
1120,169
1120,170
1120,171
1120,172
1121,167
1121,168
1121,169
1121,170
1121,171
1121,172
1122,167
1122,168
1122,169
1122,170
1122,171
1122,172
1123,167
1123,168
1123,169
1123,170
1123,171
1123,172
1124,167
1124,168
1124,169
1124,170
1124,171
1124,172
1125,167
1125,168
1125,169
1125,170
1125,171
1125,172
1126,167
1126,168
1126,169
1126,170
1126,171
1126,172
1127,167
1127,168
1127,169
1127,170
1127,171
1127,172
1128,167
1128,168
1128,169
1128,170
1128,171
1128,172
1129,167
1129,168
1129,169
1129,170
1129,171
1129,172
1130,167
1130,168
1130,169
1130,170
1130,171
1130,172
1131,173
1131,174
1131,175
1131,176
1131,177
1131,178
1131,179
1132,173
1132,174
1132,175
1132,176
1132,177
1132,178
1132,179
1133,173
1133,174
1133,175
1133,176
1133,177
1133,178
1133,179
1134,173
1134,174
1134,175
1134,176
1134,177
1134,178
1134,179
1135,173
1135,174
1135,175
1135,176
1135,177
1135,178
1135,179
1136,173
1136,174
1136,175
1136,176
1136,177
1136,178
1136,179
1137,173
1137,174
1137,175
1137,176
1137,177
1137,178
1137,179
1138,173
1138,174
1138,175
1138,176
1138,177
1138,178
1138,179
1139,173
1139,174
1139,175
1139,176
1139,177
1139,178
1139,179
1140,173
1140,174
1140,175
1140,176
1140,177
1140,178
1140,179
1141,173
1141,174
1141,175
1141,176
1141,177
1141,178
1141,179
1142,173
1142,174
1142,175
1142,176
1142,177
1142,178
1142,179
1143,173
1143,174
1143,175
1143,176
1143,177
1143,178
1143,179
1144,173
1144,174
1144,175
1144,176
1144,177
1144,178
1144,179
1145,173
1145,174
1145,175
1145,176
1145,177
1145,178
1145,179
1146,173
1146,174
1146,175
1146,176
1146,177
1146,178
1146,179
1147,173
1147,174
1147,175
1147,176
1147,177
1147,178
1147,179
1148,173
1148,174
1148,175
1148,176
1148,177
1148,178
1148,179
1149,173
1149,174
1149,175
1149,176
1149,177
1149,178
1149,179
1150,180
1150,181
1150,182
1150,183
1150,184
1151,180
1151,181
1151,182
1151,183
1151,184
1152,180
1152,181
1152,182
1152,183
1152,184
1153,180
1153,181
1153,182
1153,183
1153,184
1154,180
1154,181
1154,182
1154,183
1154,184
1155,180
1155,181
1155,182
1155,183
1155,184
1156,180
1156,181
1156,182
1156,183
1156,184
1157,180
1157,181
1157,182
1157,183
1157,184
1158,180
1158,181
1158,182
1158,183
1158,184
1159,180
1159,181
1159,182
1159,183
1159,184
1160,180
1160,181
1160,182
1160,183
1160,184
1161,180
1161,181
1161,182
1161,183
1161,184
1162,180
1162,181
1162,182
1162,183
1162,184
1163,180
1163,181
1163,182
1163,183
1163,184
1164,180
1164,181
1164,182
1164,183
1164,184
1165,180
1165,181
1165,182
1165,183
1165,184
1166,180
1166,181
1166,182
1166,183
1166,184
1167,180
1167,181
1167,182
1167,183
1167,184
1168,180
1168,181
1168,182
1168,183
1168,184
1169,180
1169,181
1169,182
1169,183
1169,184
1170,180
1170,181
1170,182
1170,183
1170,184
1171,180
1171,181
1171,182
1171,183
1171,184
1172,180
1172,181
1172,182
1172,183
1172,184
1173,180
1173,181
1173,182
1173,183
1173,184
1174,180
1174,181
1174,182
1174,183
1174,184
1175,180
1175,181
1175,182
1175,183
1175,184
1176,180
1176,181
1176,182
1176,183
1176,184
1177,180
1177,181
1177,182
1177,183
1177,184
1178,185
1178,186
1178,187
1178,188
1178,189
1178,190
1178,191
1178,192
1179,185
1179,186
1179,187
1179,188
1179,189
1179,190
1179,191
1179,192
1180,185
1180,186
1180,187
1180,188
1180,189
1180,190
1180,191
1180,192
1181,185
1181,186
1181,187
1181,188
1181,189
1181,190
1181,191
1181,192
1182,185
1182,186
1182,187
1182,188
1182,189
1182,190
1182,191
1182,192
1183,185
1183,186
1183,187
1183,188
1183,189
1183,190
1183,191
1183,192
1184,185
1184,186
1184,187
1184,188
1184,189
1184,190
1184,191
1184,192
1185,185
1185,186
1185,187
1185,188
1185,189
1185,190
1185,191
1185,192
1186,185
1186,186
1186,187
1186,188
1186,189
1186,190
1186,191
1186,192
1187,185
1187,186
1187,187
1187,188
1187,189
1187,190
1187,191
1187,192
1188,185
1188,186
1188,187
1188,188
1188,189
1188,190
1188,191
1188,192
1189,185
1189,186
1189,187
1189,188
1189,189
1189,190
1189,191
1189,192
1190,185
1190,186
1190,187
1190,188
1190,189
1190,190
1190,191
1190,192
1191,185
1191,186
1191,187
1191,188
1191,189
1191,190
1191,191
1191,192
1192,185
1192,186
1192,187
1192,188
1192,189
1192,190
1192,191
1192,192
1193,185
1193,186
1193,187
1193,188
1193,189
1193,190
1193,191
1193,192
1194,185
1194,186
1194,187
1194,188
1194,189
1194,190
1194,191
1194,192
1195,185
1195,186
1195,187
1195,188
1195,189
1195,190
1195,191
1195,192
1196,185
1196,186
1196,187
1196,188
1196,189
1196,190
1196,191
1196,192
1197,185
1197,186
1197,187
1197,188
1197,189
1197,190
1197,191
1197,192
1198,185
1198,186
1198,187
1198,188
1198,189
1198,190
1198,191
1198,192
1199,185
1199,186
1199,187
1199,188
1199,189
1199,190
1199,191
1199,192
1200,185
1200,186
1200,187
1200,188
1200,189
1200,190
1200,191
1200,192
1201,185
1201,186
1201,187
1201,188
1201,189
1201,190
1201,191
1201,192
1202,185
1202,186
1202,187
1202,188
1202,189
1202,190
1202,191
1202,192
1203,185
1203,186
1203,187
1203,188
1203,189
1203,190
1203,191
1203,192
1204,185
1204,186
1204,187
1204,188
1204,189
1204,190
1204,191
1204,192
1205,185
1205,186
1205,187
1205,188
1205,189
1205,190
1205,191
1205,192
1206,185
1206,186
1206,187
1206,188
1206,189
1206,190
1206,191
1206,192
1207,193
1207,194
1207,195
1207,196
1207,197
1208,193
1208,194
1208,195
1208,196
1208,197
1209,193
1209,194
1209,195
1209,196
1209,197
1210,193
1210,194
1210,195
1210,196
1210,197
1211,193
1211,194
1211,195
1211,196
1211,197
1212,193
1212,194
1212,195
1212,196
1212,197
1213,193
1213,194
1213,195
1213,196
1213,197
1214,193
1214,194
1214,195
1214,196
1214,197
1215,193
1215,194
1215,195
1215,196
1215,197
1216,193
1216,194
1216,195
1216,196
1216,197
1217,198
1217,199
1217,200
1217,201
1218,198
1218,199
1218,200
1218,201
1219,198
1219,199
1219,200
1219,201
1220,198
1220,199
1220,200
1220,201
1221,198
1221,199
1221,200
1221,201
1222,198
1222,199
1222,200
1222,201
1223,198
1223,199
1223,200
1223,201
1224,198
1224,199
1224,200
1224,201
1225,198
1225,199
1225,200
1225,201
1226,198
1226,199
1226,200
1226,201
1227,198
1227,199
1227,200
1227,201
1228,198
1228,199
1228,200
1228,201
1229,198
1229,199
1229,200
1229,201
1230,198
1230,199
1230,200
1230,201
1231,198
1231,199
1231,200
1231,201
1232,198
1232,199
1232,200
1232,201
1233,198
1233,199
1233,200
1233,201
1234,198
1234,199
1234,200
1234,201
1235,202
1235,203
1235,204
1235,205
1235,206
1236,202
1236,203
1236,204
1236,205
1236,206
1237,202
1237,203
1237,204
1237,205
1237,206
1238,202
1238,203
1238,204
1238,205
1238,206
1239,202
1239,203
1239,204
1239,205
1239,206
1240,202
1240,203
1240,204
1240,205
1240,206
1241,202
1241,203
1241,204
1241,205
1241,206
1242,202
1242,203
1242,204
1242,205
1242,206
1243,202
1243,203
1243,204
1243,205
1243,206
1244,202
1244,203
1244,204
1244,205
1244,206
1245,202
1245,203
1245,204
1245,205
1245,206
1246,202
1246,203
1246,204
1246,205
1246,206
1247,202
1247,203
1247,204
1247,205
1247,206
1248,202
1248,203
1248,204
1248,205
1248,206
1249,202
1249,203
1249,204
1249,205
1249,206
1250,202
1250,203
1250,204
1250,205
1250,206
1251,202
1251,203
1251,204
1251,205
1251,206
1252,202
1252,203
1252,204
1252,205
1252,206
1253,202
1253,203
1253,204
1253,205
1253,206
1254,202
1254,203
1254,204
1254,205
1254,206
1255,202
1255,203
1255,204
1255,205
1255,206
1256,202
1256,203
1256,204
1256,205
1256,206
1257,207
1257,208
1257,209
1257,210
1257,211
1257,212
1257,213
1258,207
1258,208
1258,209
1258,210
1258,211
1258,212
1258,213
1259,207
1259,208
1259,209
1259,210
1259,211
1259,212
1259,213
1260,207
1260,208
1260,209
1260,210
1260,211
1260,212
1260,213
1261,207
1261,208
1261,209
1261,210
1261,211
1261,212
1261,213
1262,207
1262,208
1262,209
1262,210
1262,211
1262,212
1262,213
1263,207
1263,208
1263,209
1263,210
1263,211
1263,212
1263,213
1264,207
1264,208
1264,209
1264,210
1264,211
1264,212
1264,213
1265,207
1265,208
1265,209
1265,210
1265,211
1265,212
1265,213
1266,207
1266,208
1266,209
1266,210
1266,211
1266,212
1266,213
1267,214
1267,215
1267,216
1267,217
1267,218
1267,219
1267,220
1267,221
1267,222
1268,214
1268,215
1268,216
1268,217
1268,218
1268,219
1268,220
1268,221
1268,222
1269,214
1269,215
1269,216
1269,217
1269,218
1269,219
1269,220
1269,221
1269,222
1270,214
1270,215
1270,216
1270,217
1270,218
1270,219
1270,220
1270,221
1270,222
1271,214
1271,215
1271,216
1271,217
1271,218
1271,219
1271,220
1271,221
1271,222
1272,214
1272,215
1272,216
1272,217
1272,218
1272,219
1272,220
1272,221
1272,222
1273,214
1273,215
1273,216
1273,217
1273,218
1273,219
1273,220
1273,221
1273,222
1274,214
1274,215
1274,216
1274,217
1274,218
1274,219
1274,220
1274,221
1274,222
1275,214
1275,215
1275,216
1275,217
1275,218
1275,219
1275,220
1275,221
1275,222
1276,214
1276,215
1276,216
1276,217
1276,218
1276,219
1276,220
1276,221
1276,222
1277,214
1277,215
1277,216
1277,217
1277,218
1277,219
1277,220
1277,221
1277,222
1278,214
1278,215
1278,216
1278,217
1278,218
1278,219
1278,220
1278,221
1278,222
1279,214
1279,215
1279,216
1279,217
1279,218
1279,219
1279,220
1279,221
1279,222
1280,214
1280,215
1280,216
1280,217
1280,218
1280,219
1280,220
1280,221
1280,222
1281,214
1281,215
1281,216
1281,217
1281,218
1281,219
1281,220
1281,221
1281,222
1282,214
1282,215
1282,216
1282,217
1282,218
1282,219
1282,220
1282,221
1282,222
1283,214
1283,215
1283,216
1283,217
1283,218
1283,219
1283,220
1283,221
1283,222
1284,214
1284,215
1284,216
1284,217
1284,218
1284,219
1284,220
1284,221
1284,222
1285,214
1285,215
1285,216
1285,217
1285,218
1285,219
1285,220
1285,221
1285,222
1286,214
1286,215
1286,216
1286,217
1286,218
1286,219
1286,220
1286,221
1286,222
1287,214
1287,215
1287,216
1287,217
1287,218
1287,219
1287,220
1287,221
1287,222
1288,214
1288,215
1288,216
1288,217
1288,218
1288,219
1288,220
1288,221
1288,222
1289,214
1289,215
1289,216
1289,217
1289,218
1289,219
1289,220
1289,221
1289,222
1290,214
1290,215
1290,216
1290,217
1290,218
1290,219
1290,220
1290,221
1290,222
1291,214
1291,215
1291,216
1291,217
1291,218
1291,219
1291,220
1291,221
1291,222
1292,214
1292,215
1292,216
1292,217
1292,218
1292,219
1292,220
1292,221
1292,222
1293,214
1293,215
1293,216
1293,217
1293,218
1293,219
1293,220
1293,221
1293,222
1294,214
1294,215
1294,216
1294,217
1294,218
1294,219
1294,220
1294,221
1294,222
1295,223
1295,224
1296,225
1296,226
1297,227
1297,228
1297,229
1298,230
1298,231
1298,232
1298,233
1299,234
1299,235
1299,236
1300,237
1300,238
1300,239
1301,240
1301,241
1302,242
1302,243
1302,244
1303,245
1304,246
1304,247
1305,248
1306,249
1306,250
1306,251
1306,252
1307,253
1308,254
1308,255
1308,256
1308,257
1308,258
1308,259
1309,260
1309,261
1310,262
1310,263
1310,264
1311,265
1311,266
1311,267
1312,268
1313,269
1314,270
1314,271
1314,272
1315,273
1315,274
1315,275
1316,276
1316,277
1317,278
1317,279
1317,280
1317,281
1317,282
1318,283
1318,284
1318,285
1319,286
1319,287
1320,288
1320,289
1320,290
1321,291
1321,292
1322,293
1323,294
1323,295
1323,296
1324,297
1324,298
1324,299
1325,300
1326,301
1327,302
1327,303
1327,304
1328,305
1329,306
1330,307
1330,308
1331,309
1331,310
1331,311
1332,312
1332,313
1332,314
1332,315
1332,316
1333,317
1333,318
1333,319
1333,320
1334,321
1334,322
1334,323
1335,324
1335,325
1336,326
1336,327
1336,328
1337,329
1338,330
1339,331
1339,332
1340,333
1341,334
1341,335
1341,336
1342,337
1342,338
1342,339
1343,340
1344,341
1344,342
1344,343
1344,344
1345,345
1345,346
1345,347
1346,348
1346,349
1346,350
1347,351
1347,352
1348,353
1348,354
1348,355
1348,356
1349,357
1349,358
1349,359
1350,360
1351,361
1351,362
1351,363
1351,364
1352,365
1353,366
1354,367
1354,368
1355,369
1355,370
1356,371
1356,372
1357,373
1357,374
1358,375
1358,376
1358,377
1359,378
1359,379
1360,380
1361,381
1362,382
1362,383
1362,384
1363,385
1363,386
1364,387
1364,388
1365,389
1366,390
1367,391
1367,392
1367,393
1368,394
1368,395
1369,396
1369,397
1369,398
1370,399
1370,400
1370,401
1371,402
1371,403
1372,404
1372,405
1372,406
1372,407
1372,408
1373,409
1373,410
1373,411
1373,412
1373,413
1374,414
1374,415
1375,416
1375,417
1376,418
1376,419
1376,420
1377,421
1378,422
1378,423
1379,424
1380,425
1380,426
1380,427
1380,428
1381,429
1381,430
1381,431
1382,432
1382,433
1382,434
1383,435
1383,436
1384,437
1384,438
1384,439
1385,440
1386,441
1386,442
1386,443
1386,444
1386,445
1387,446
1387,447
1387,448
1388,449
1388,450
1388,451
1388,452
1389,453
1389,454
1389,455
1389,456
1390,457
1390,458
1391,459
1391,460
1392,461
1393,462
1393,463
1393,464
1394,465
1394,466
1395,467
1396,468
1396,469
1397,470
1397,471
1398,472
1398,473
1398,474
1399,475
1399,476
1399,477
1400,478
1401,479
1401,480
1401,481
1401,482
1401,483
1402,484
1402,485
1402,486
1403,487
1404,488
1404,489
1404,490
1405,491
1405,492
1405,493
1406,494
1406,495
1407,496
1407,497
1407,498
1408,499
1408,500
1408,501
1408,502
1409,503
1409,504
1409,505
1410,506
1410,507
1410,508
1410,509
1410,510
1410,511
1411,512
1411,513
1411,514
1412,515
1413,516
1413,517
1414,518
1414,519
1414,520
1414,521
1414,522
1415,523
1416,524
1417,525
1417,526
1417,527
1418,528
1418,529
1418,530
1418,531
1419,532
1419,533
1419,534
1419,535
1420,536
1420,537
1420,538
1421,539
1421,540
1421,541
1422,542
1422,543
1422,544
1422,545
1423,546
1424,547
1424,548
1424,549
1425,550
1426,551
1427,552
1428,553
1429,554
1429,555
1429,556
1430,557
1430,558
1430,559
1430,560
1431,561
1431,562
1431,563
1431,564
1432,565
1432,566
1432,567
1433,568
1433,569
1433,570
1434,571
1434,572
1435,573
1435,574
1435,575
1436,576
1436,577
1437,578
1437,579
1437,580
1437,581
1438,582
1438,583
1438,584
1438,585
1439,586
1439,587
1440,588
1441,589
1441,590
1442,591
1442,592
1442,593
1442,594
1443,595
1443,596
1443,597
1444,598
1445,599
1445,600
1445,601
1446,602
1447,603
1447,604
1447,605
1447,606
1448,607
1448,608
1449,609
1449,610
1449,611
1450,612
1450,613
1450,614
1450,615
1451,616
1451,617
1452,618
1453,619
1453,620
1454,621
1455,622
1455,623
1455,624
1455,625
1456,626
1456,627
1456,628
1457,629
1457,630
1458,631
1458,632
1458,633
1458,634
1459,635
1459,636
1460,637
1460,638
1460,639
1461,640
1461,641
1462,642
1462,643
1463,644
1463,645
1463,646
1464,647
1464,648
1465,649
1465,650
1465,651
1465,652
1465,653
1466,654
1466,655
1466,656
1466,657
1467,658
1467,659
1468,660
1468,661
1468,662
1469,663
1470,664
1470,665
1470,666
1470,667
1471,668
1471,669
1471,670
1472,671
1472,672
1472,673
1473,674
1474,675
1474,676
1474,677
1474,678
1475,679
1475,680
1476,681
1476,682
1476,683
1476,684
1477,685
1477,686
1478,687
1478,688
1478,689
1479,690
1479,691
1480,692
1480,693
1480,694
1481,695
1481,696
1481,697
1482,698
1482,699
1482,700
1482,701
1483,702
1483,703
1483,704
1483,705
1483,706
1484,707
1485,708
1485,709
1485,710
1486,711
1487,712
1487,713
1487,714
1488,715
1488,716
1488,717
1488,718
1489,719
1489,720
1489,721
1490,722
1490,723
1490,724
1490,725
1490,726
1491,727
1491,728
1492,729
1493,730
1493,731
1493,732
1494,733
1494,734
1494,735
1495,736
1495,737
1495,738
1496,739
1496,740
1496,741
1497,742
1497,743
1498,744
1499,745
1499,746
1500,747
1500,748
1501,749
1501,750
1501,751
1502,752
1502,753
1502,754
1503,755
1503,756
1503,757
1503,758
1503,759
1503,760
1504,761
1504,762
1505,763
1506,764
1506,765
1506,766
1507,767
1507,768
1508,769
1508,770
1508,771
1509,772
1509,773
1509,774
1510,775
1511,776
1511,777
1511,778
1511,779
1512,780
1512,781
1513,782
1513,783
1513,784
1514,785
1514,786
1514,787
1515,788
1515,789
1515,790
1516,791
1516,792
1516,793
1517,794
1517,795
1517,796
1517,797
1518,798
1519,799
1520,800
1520,801
1520,802
1520,803
1520,804
1521,805
1522,806
1523,807
1523,808
1524,809
1524,810
1524,811
1524,812
1525,813
1526,814
1526,815
1527,816
1528,817
1528,818
1529,819
1530,820
1531,821
1532,822
1532,823
1532,824
1532,825
1532,826
1533,827
1533,828
1533,829
1533,830
1533,831
1534,832
1534,833
1535,834
1535,835
1536,836
1536,837
1537,838
1537,839
1537,840
1538,841
1538,842
1538,843
1539,844
1539,845
1539,846
1540,847
1540,848
1540,849
1541,850
1541,851
1542,852
1542,853
1542,854
1543,855
1543,856
1544,857
1544,858
1544,859
1545,860
1545,861
1545,862
1546,863
1546,864
1547,865
1547,866
1548,867
1548,868
1549,869
1549,870
1549,871
1550,872
1550,873
1550,874
1550,875
1550,876
1551,877
1551,878
1551,879
1551,880
1551,881
1552,882
1552,883
1552,884
1553,885
1553,886
1553,887
1553,888
1554,889
1555,890
1555,891
1555,892
1555,893
1556,894
1556,895
1556,896
1557,897
1557,898
1557,899
1558,900
1558,901
1559,902
1560,903
1560,904
1560,905
1561,906
1561,907
1561,908
1562,909
1562,910
1563,911
1563,912
1563,913
1564,914
1564,915
1564,916
1565,917
1565,918
1565,919
1566,920
1567,921
1567,922
1567,923
1568,924
1568,925
1568,926
1568,927
1568,928
1569,929
1570,930
1571,931
1571,932
1571,933
1571,934
1571,935
1571,936
1572,937
1572,938
1573,939
1574,940
1574,941
1574,942
1575,943
1576,944
1576,945
1577,946
1577,947
1577,948
1577,949
1578,950
1578,951
1579,952
1579,953
1580,954
1580,955
1580,956
1580,957
1580,958
1581,959
1581,960
1581,961
1581,962
1582,963
1582,964
1583,965
1583,966
1584,967
1585,968
1585,969
1586,970
1587,971
1587,972
1587,973
1588,974
1588,975
1588,976
1589,977
1589,978
1589,979
1589,980
1590,981
1590,982
1590,983
1591,984
1591,985
1592,986
1592,987
1592,988
1593,989
1594,990
1594,991
1595,992
1595,993
1596,994
1597,995
1597,996
1597,997
1597,998
1598,999
1598,1000
1598,1001
1599,1002
1599,1003
1599,1004
1599,1005
1600,1006
1600,1007
1600,1008
1601,1009
1601,1010
1601,1011
1601,1012
1602,1013
1602,1014
1602,1015
1602,1016
1603,1017
1603,1018
1604,1019
1604,1020
1604,1021
1604,1022
1604,1023
1605,1024
1605,1025
1605,1026
1606,1027
1606,1028
1607,1029
1608,1030
1608,1031
1609,1032
1609,1033
1610,1034
1610,1035
1610,1036
1611,1037
1611,1038
1611,1039
1611,1040
1611,1041
1612,1042
1613,1043
1613,1044
1613,1045
1614,1046
1614,1047
1615,1048
1615,1049
1616,1050
1616,1051
1617,1052
1617,1053
1618,1054
1619,1055
1619,1056
1620,1057
1620,1058
1620,1059
1620,1060
1621,1061
1621,1062
1622,1063
1622,1064
1623,1065
1623,1066
1623,1067
1624,1068
1624,1069
1625,1070
1625,1071
1626,1072
1626,1073
1626,1074
1627,1075
1627,1076
1627,1077
1627,1078
1627,1079
1628,1080
1628,1081
1628,1082
1629,1083
1629,1084
1629,1085
1629,1086
1630,1087
1630,1088
1631,1089
1631,1090
1631,1091
1632,1092
1632,1093
1632,1094
1633,1095
1633,1096
1633,1097
1634,1098
1634,1099
1634,1100
1634,1101
1635,1102
1635,1103
1635,1104
1635,1105
1636,1106
1636,1107
1637,1108
1637,1109
1638,1110
1639,1111
1639,1112
1639,1113
1639,1114
1639,1115
1639,1116
1640,1117
1640,1118
1641,1119
1642,1120
1642,1121
1643,1122
1643,1123
1643,1124
1644,1125
1645,1126
1646,1127
1646,1128
1646,1129
1646,1130
1647,1131
1647,1132
1648,1133
1649,1134
1649,1135
1649,1136
1650,1137
1651,1138
1651,1139
1651,1140
1651,1141
1652,1142
1652,1143
1652,1144
1653,1145
1653,1146
1653,1147
1654,1148
1654,1149
1655,1150
1656,1151
1656,1152
1656,1153
1657,1154
1657,1155
1658,1156
1658,1157
1658,1158
1659,1159
1659,1160
1659,1161
1660,1162
1661,1163
1661,1164
1661,1165
1662,1166
1662,1167
1662,1168
1663,1169
1663,1170
1663,1171
1664,1172
1664,1173
1665,1174
1666,1175
1666,1176
1666,1177
1667,1178
1667,1179
1667,1180
1668,1181
1668,1182
1668,1183
1668,1184
1669,1185
1670,1186
1670,1187
1670,1188
1671,1189
1672,1190
1673,1191
1673,1192
1673,1193
1674,1194
1674,1195
1674,1196
1675,1197
1675,1198
1676,1199
1676,1200
1677,1201
1677,1202
1677,1203
1678,1204
1678,1205
1678,1206
1679,1207
1679,1208
1679,1209
1680,1210
1680,1211
1681,1212
1681,1213
1681,1214
1681,1215
1681,1216
1682,1217
1682,1218
1683,1219
1684,1220
1684,1221
1684,1222
1684,1223
1685,1224
1685,1225
1685,1226
1685,1227
1686,1228
1686,1229
1687,1230
1687,1231
1687,1232
1687,1233
1687,1234
1687,1235
1688,1236
1688,1237
1689,1238
1689,1239
1689,1240
1689,1241
1690,1242
1690,1243
1691,1244
1691,1245
1691,1246
1691,1247
1691,1248
1691,1249
1692,1250
1692,1251
1692,1252
1693,1253
1694,1254
1694,1255
1694,1256
1695,1257
1695,1258
1695,1259
1695,1260
1696,1261
1696,1262
1696,1263
1697,1264
1697,1265
1697,1266
1698,1267
1699,1268
1699,1269
1700,1270
1700,1271
1700,1272
1700,1273
1701,1274
1701,1275
1701,1276
1701,1277
1702,1278
1702,1279
1702,1280
1703,1281
1703,1282
1703,1283
1703,1284
1703,1285
1703,1286
1704,1287
1704,1288
1704,1289
1704,1290
1705,1291
1706,1292
1706,1293
1707,1294
1707,1295
1708,1296
1708,1297
1708,1298
1708,1299
1709,1300
1709,1301
1709,1302
1709,1303
1710,1304
1710,1305
1711,1306
1711,1307
1711,1308
1712,1309
1712,1310
1712,1311
1712,1312
1712,1313
1712,1314
1713,1315
1713,1316
1713,1317
1714,1318
1714,1319
1714,1320
1715,1321
1716,1322
1717,1323
1717,1324
1717,1325
1717,1326
1717,1327
1718,1328
1718,1329
1719,1330
1719,1331
1720,1332
1720,1333
1721,1334
1721,1335
1721,1336
1722,1337
1722,1338
1722,1339
1722,1340
1723,1341
1724,1342
1724,1343
1725,1344
1725,1345
1725,1346
1725,1347
1725,1348
1726,1349
1726,1350
1726,1351
1726,1352
1727,1353
1727,1354
1728,1355
1729,1356
1729,1357
1730,1358
1730,1359
1730,1360
1731,1361
1731,1362
1731,1363
1731,1364
1731,1365
1732,1366
1732,1367
1733,1368
1733,1369
1733,1370
1734,1371
1735,1372
1735,1373
1735,1374
1736,1375
1736,1376
1737,1377
1737,1378
1738,1379
1738,1380
1738,1381
1738,1382
1738,1383
1739,1384
1739,1385
1739,1386
1740,1387
1740,1388
1741,1389
1741,1390
1741,1391
1742,1392
1742,1393
1742,1394
1743,1395
1743,1396
1744,1397
1744,1398
1745,1399
1745,1400
1745,1401
1745,1402
1746,1403
1746,1404
1746,1405
1746,1406
1747,1407
1747,1408
1748,1409
1749,1410
1750,1411
1750,1412
1750,1413
1750,1414
1750,1415
1751,1416
1751,1417
1752,1418
1752,1419
1752,1420
1753,1421
1754,1422
1754,1423
1754,1424
1755,1425
1755,1426
1755,1427
1755,1428
1755,1429
1756,1430
1757,1431
1758,1432
1758,1433
1759,1434
1759,1435
1759,1436
1759,1437
1759,1438
1760,1439
1760,1440
1761,1441
1761,1442
1761,1443
1762,1444
1762,1445
1763,1446
1763,1447
1763,1448
1763,1449
1764,1450
1764,1451
1764,1452
1765,1453
1765,1454
1766,1455
1767,1456
1767,1457
1767,1458
1768,1459
1769,1460
1769,1461
1769,1462
1769,1463
1770,1464
1770,1465
1770,1466
1771,1467
1771,1468
1771,1469
1771,1470
1772,1471
1772,1472
1773,1473
1773,1474
1773,1475
1774,1476
1774,1477
1774,1478
1775,1479
1775,1480
1776,1481
1776,1482
1776,1483
1777,1484
1777,1485
1777,1486
1778,1487
1778,1488
1779,1489
1779,1490
1780,1491
1780,1492
1780,1493
1781,1494
1782,1495
1782,1496
1783,1497
1783,1498
1783,1499
1783,1500
1784,1501
1784,1502
1784,1503
1785,1504
1785,1505
1785,1506
1785,1507
1786,1508
1786,1509
1786,1510
1787,1511
1787,1512
1787,1513
1787,1514
1788,1515
1788,1516
1788,1517
1789,1518
1789,1519
1789,1520
1790,1521
1790,1522
1790,1523
1791,1524
1791,1525
1791,1526
1791,1527
1792,1528
1793,1529
1793,1530
1793,1531
1793,1532
1794,1533
1794,1534
1794,1535
1794,1536
1794,1537
1794,1538
1795,1539
1795,1540
1795,1541
1795,1542
1796,1543
1796,1544
1796,1545
1797,1546
1797,1547
1797,1548
1798,1549
1798,1550
1799,1551
1800,1552
1800,1553
1800,1554
1801,1555
1801,1556
1801,1557
1802,1558
1802,1559
1802,1560
1802,1561
1803,1562
1804,1563
1804,1564
1804,1565
1804,1566
1804,1567
1804,1568
1805,1569
1805,1570
1805,1571
1805,1572
1806,1573
1806,1574
1807,1575
1807,1576
1807,1577
1808,1578
1808,1579
1808,1580
1808,1581
1809,1582
1809,1583
1809,1584
1810,1585
1810,1586
1811,1587
1811,1588
1811,1589
1812,1590
1812,1591
1813,1592
1813,1593
1814,1594
1814,1595
1814,1596
1815,1597
1815,1598
1815,1599
1815,1600
1816,1601
1816,1602
1816,1603
1816,1604
1817,1605
1817,1606
1817,1607
1817,1608
1818,1609
1818,1610
1818,1611
1818,1612
1819,1613
1819,1614
1820,1615
1820,1616
1820,1617
1820,1618
1821,1619
1821,1620
1821,1621
1822,1622
1823,1623
1823,1624
1824,1625
1825,1626
1825,1627
1825,1628
1825,1629
1825,1630
1826,1631
1827,1632
1827,1633
1827,1634
1827,1635
1828,1636
1828,1637
1829,1638
1829,1639
1830,1640
1830,1641
1830,1642
1830,1643
1830,1644
1830,1645
1831,1646
1831,1647
1831,1648
1832,1649
1832,1650
1833,1651
1833,1652
1834,1653
1834,1654
1835,1655
1835,1656
1836,1657
1836,1658
1836,1659
1837,1660
1837,1661
1837,1662
1838,1663
1838,1664
1838,1665
1839,1666
1839,1667
1839,1668
1840,1669
1841,1670
1841,1671
1842,1672
1842,1673
1843,1674
1843,1675
1843,1676
1844,1677
1844,1678
1844,1679
1845,1680
1845,1681
1846,1682
1846,1683
1846,1684
1847,1685
1847,1686
1848,1687
1848,1688
1848,1689
1849,1690
1849,1691
1850,1692
1850,1693
1850,1694
1850,1695
1851,1696
1851,1697
1852,1698
1852,1699
1852,1700
1852,1701
1853,1702
1853,1703
1854,1704
1854,1705
1855,1706
1855,1707
1855,1708
1856,1709
1856,1710
1857,1711
1857,1712
1857,1713
1858,1714
1858,1715
1858,1716
1859,1717
1860,1718
1860,1719
1860,1720
1861,1721
1861,1722
1861,1723
1861,1724
1862,1725
1862,1726
1862,1727
1863,1728
1863,1729
1864,1730
1864,1731
1864,1732
1865,1733
1865,1734
1866,1735
1866,1736
1866,1737
1866,1738
1867,1739
1868,1740
1869,1741
1869,1742
1869,1743
1869,1744
1869,1745
1870,1746
1870,1747
1870,1748
1870,1749
1871,1750
1872,1751
1872,1752
1872,1753
1873,1754
1874,1755
1874,1756
1874,1757
1875,1758
1876,1759
1877,1760
1877,1761
1878,1762
1878,1763
1878,1764
1879,1765
1880,1766
1880,1767
1880,1768
1880,1769
1880,1770
1881,1771
1881,1772
1881,1773
1882,1774
1882,1775
1882,1776
1882,1777
1883,1778
1884,1779
1884,1780
1885,1781
1885,1782
1885,1783
1885,1784
1886,1785
1886,1786
1887,1787
1887,1788
1887,1789
1888,1790
1888,1791
1889,1792
1890,1793
1890,1794
1890,1795
1891,1796
1892,1797
1892,1798
1893,1799
1894,1800
1894,1801
1894,1802
1894,1803
1895,1804
1895,1805
1895,1806
1895,1807
1896,1808
1896,1809
1897,1810
1897,1811
1898,1812
1898,1813
1899,1814
1900,1815
1900,1816
1900,1817
1900,1818
1901,1819
1901,1820
1901,1821
1902,1822
1902,1823
1902,1824
1902,1825
1903,1826
1903,1827
1904,1828
1905,1829
1905,1830
1905,1831
1906,1832
1906,1833
1906,1834
1906,1835
1907,1836
1908,1837
1908,1838
1909,1839
1909,1840
1910,1841
1910,1842
1910,1843
1911,1844
1911,1845
1911,1846
1912,1847
1913,1848
1914,1849
1914,1850
1915,1851
1916,1852
1916,1853
1917,1854
1917,1855
1918,1856
1918,1857
1919,1858
1919,1859
1920,1860
1920,1861
1920,1862
1921,1863
1921,1864
1922,1865
1923,1866
1923,1867
1923,1868
1924,1869
1925,1870
1925,1871
1925,1872
1925,1873
1925,1874
1926,1875
1927,1876
1927,1877
1927,1878
1927,1879
1927,1880
1928,1881
1928,1882
1928,1883
1929,1884
1929,1885
1929,1886
1930,1887
1931,1888
1931,1889
1931,1890
1932,1891
1932,1892
1933,1893
1933,1894
1934,1895
1934,1896
1934,1897
1934,1898
1935,1899
1936,1900
1936,1901
1936,1902
1936,1903
1937,1904
1937,1905
1937,1906
1937,1907
1937,1908
1938,1909
1938,1910
1938,1911
1939,1912
1939,1913
1939,1914
1939,1915
1939,1916
1940,1917
1940,1918
1940,1919
1940,1920
1940,1921
1941,1922
1942,1923
1942,1924
1942,1925
1942,1926
1943,1927
1943,1928
1944,1929
1944,1930
1945,1931
1946,1932
1946,1933
1946,1934
1947,1935
1947,1936
1947,1937
1948,1938
1948,1939
1949,1940
1949,1941
1950,1942
1950,1943
1950,1944
1950,1945
1951,1946
1951,1947
1951,1948
1951,1949
1952,1950
1952,1951
1953,1952
1953,1953
1953,1954
1954,1955
1954,1956
1955,1957
1955,1958
1955,1959
1956,1960
1956,1961
1956,1962
1956,1963
1957,1964
1958,1965
1958,1966
1958,1967
1959,1968
1959,1969
1959,1970
1960,1971
1960,1972
1961,1973
1961,1974
1961,1975
1962,1976
1962,1977
1962,1978
1962,1979
1962,1980
1963,1981
1963,1982
1963,1983
1963,1984
1964,1985
1965,1986
1965,1987
1965,1988
1965,1989
1965,1990
1966,1991
1966,1992
1967,1993
1967,1994
1968,1995
1968,1996
1968,1997
1969,1998
1969,1999
1969,2000
1970,2001
1971,2002
1971,2003
1972,2004
1972,2005
1973,2006
1974,2007
1974,2008
1975,2009
1976,2010
1976,2011
1977,2012
1977,2013
1977,2014
1977,2015
1977,2016
1978,2017
1979,2018
1980,2019
1981,2020
1981,2021
1981,2022
1982,2023
1982,2024
1982,2025
1982,2026
1983,2027
1983,2028
1984,2029
1984,2030
1984,2031
1984,2032
1984,2033
1985,2034
1985,2035
1985,2036
1986,2037
1987,2038
1987,2039
1987,2040
1988,2041
1988,2042
1988,2043
1988,2044
1989,2045
1989,2046
1989,2047
1989,2048
1989,2049
1990,2050
1990,2051
1990,2052
1991,2053
1991,2054
1992,2055
1993,2056
1993,2057
1993,2058
1994,2059
1994,2060
1995,2061
1995,2062
1996,2063
1996,2064
1996,2065
1996,2066
1997,2067
1998,2068
1998,2069
1999,2070
2000,2071
2000,2072
2000,2073
2000,2074
2000,2075
2001,2076
2001,2077
2002,2078
2002,2079
2002,2080
2003,2081
2003,2082
2003,2083
2004,2084
2004,2085
2005,2086
2005,2087
2005,2088
2006,2089
2006,2090
2006,2091
2007,2092
2007,2093
2007,2094
2008,2095
2008,2096
2009,2097
2009,2098
2009,2099
2010,2100
2010,2101
2010,2102
2011,2103
2011,2104
2011,2105
2011,2106
2012,2107
2012,2108
2012,2109
2013,2110
2013,2111
2013,2112
2013,2113
2014,2114
2014,2115
2014,2116
2014,2117
2014,2118
2014,2119
2015,2120
2016,2121
2016,2122
2016,2123
2017,2124
2017,2125
2018,2126
2019,2127
2019,2128
2019,2129
2020,2130
2021,2131
2022,2132
2022,2133
2022,2134
2022,2135
2023,2136
2023,2137
2023,2138
2024,2139
2024,2140
2024,2141
2025,2142
2025,2143
2026,2144
2026,2145
2026,2146
2027,2147
2027,2148
2027,2149
2028,2150
2028,2151
2029,2152
2029,2153
2030,2154
2031,2155
2031,2156
2031,2157
2032,2158
2032,2159
2032,2160
2033,2161
2033,2162
2034,2163
2035,2164
2035,2165
2035,2166
2036,2167
2036,2168
2037,2169
2037,2170
2038,2171
2038,2172
2038,2173
2039,2174
2039,2175
2040,2176
2040,2177
2040,2178
2041,2179
2041,2180
2041,2181
2042,2182
2042,2183
2042,2184
2042,2185
2042,2186
2043,2187
2043,2188
2044,2189
2045,2190
2045,2191
2045,2192
2046,2193
2046,2194
2047,2195
2047,2196
2047,2197
2048,2198
2049,2199
2050,2200
2051,2201
2051,2202
2052,2203
2053,2204
2053,2205
2053,2206
2054,2207
2054,2208
2054,2209
2054,2210
2054,2211
2055,2212
2055,2213
2055,2214
2056,2215
2056,2216
2056,2217
2057,2218
2057,2219
2057,2220
2057,2221
2057,2222
2058,2223
2058,2224
2058,2225
2059,2226
2060,2227
2061,2228
2061,2229
2061,2230
2062,2231
2062,2232
2063,2233
2063,2234
2063,2235
2063,2236
2064,2237
2064,2238
2064,2239
2065,2240
2065,2241
2065,2242
2065,2243
2066,2244
2067,2245
2067,2246
2067,2247
2068,2248
2068,2249
2069,2250
2069,2251
2069,2252
2069,2253
2070,2254
2070,2255
2070,2256
2071,2257
2072,2258
2072,2259
2073,2260
2073,2261
2074,2262
2074,2263
2074,2264
2074,2265
2074,2266
2074,2267
2075,2268
2075,2269
2076,2270
2076,2271
2076,2272
2076,2273
2077,2274
2077,2275
2077,2276
2077,2277
2078,2278
2078,2279
2078,2280
2079,2281
2079,2282
2080,2283
2081,2284
2081,2285
2081,2286
2081,2287
2082,2288
2083,2289
2083,2290
2084,2291
2084,2292
2084,2293
2085,2294
2086,2295
2086,2296
2086,2297
2086,2298
2087,2299
2087,2300
2088,2301
2088,2302
2089,2303
2089,2304
2089,2305
2090,2306
2090,2307
2090,2308
2090,2309
2091,2310
2091,2311
2091,2312
2092,2313
2093,2314
2093,2315
2093,2316
2093,2317
2094,2318
2094,2319
2094,2320
2095,2321
2095,2322
2095,2323
2095,2324
2096,2325
2096,2326
2097,2327
2097,2328
2097,2329
2098,2330
2099,2331
2099,2332
2100,2333
2101,2334
2101,2335
2101,2336
2102,2337
2102,2338
2102,2339
2102,2340
2103,2341
2103,2342
2103,2343
2104,2344
2104,2345
2105,2346
2106,2347
2106,2348
2106,2349
2107,2350
2108,2351
2108,2352
2108,2353
2109,2354
2109,2355
2109,2356
2109,2357
2110,2358
2110,2359
2111,2360
2112,2361
2112,2362
2113,2363
2113,2364
2113,2365
2114,2366
2114,2367
2115,2368
2115,2369
2115,2370
2116,2371
2116,2372
2117,2373
2117,2374
2118,2375
2118,2376
2118,2377
2118,2378
2118,2379
2119,2380
2119,2381
2119,2382
2120,2383
2120,2384
2120,2385
2121,2386
2121,2387
2121,2388
2121,2389
2121,2390
2122,2391
2122,2392
2122,2393
2123,2394
2123,2395
2124,2396
2125,2397
2125,2398
2126,2399
2126,2400
2126,2401
2127,2402
2128,2403
2128,2404
2129,2405
2129,2406
2129,2407
2130,2408
2131,2409
2131,2410
2132,2411
2132,2412
2132,2413
2133,2414
2133,2415
2133,2416
2133,2417
2134,2418
2134,2419
2134,2420
2135,2421
2135,2422
2135,2423
2136,2424
2136,2425
2137,2426
2137,2427
2138,2428
2138,2429
2138,2430
2139,2431
2139,2432
2139,2433
2140,2434
2140,2435
2140,2436
2141,2437
2141,2438
2141,2439
2142,2440
2142,2441
2142,2442
2143,2443
2143,2444
2143,2445
2144,2446
2144,2447
2145,2448
2145,2449
2146,2450
2146,2451
2147,2452
2147,2453
2148,2454
2148,2455
2148,2456
2149,2457
2149,2458
2150,2459
2150,2460
2151,2461
2151,2462
2151,2463
2152,2464
2152,2465
2152,2466
2153,2467
2153,2468
2154,2469
2154,2470
2155,2471
2155,2472
2155,2473
2156,2474
2157,2475
2157,2476
2157,2477
2158,2478
2158,2479
2158,2480
2159,2481
2159,2482
2159,2483
2160,2484
2160,2485
2161,2486
2162,2487
2162,2488
2163,2489
2163,2490
2164,2491
2165,2492
2165,2493
2166,2494
2167,2495
2167,2496
2168,2497
2168,2498
2168,2499
2169,2500
2169,2501
2169,2502
2170,2503
2170,2504
2171,2505
2172,2506
2172,2507
2172,2508
2173,2509
2173,2510
2173,2511
2174,2512
2175,2513
2176,2514
2176,2515
2177,2516
2177,2517
2177,2518
2177,2519
2177,2520
2177,2521
2178,2522
2178,2523
2178,2524
2179,2525
2179,2526
2180,2527
2181,2528
2182,2529
2183,2530
2183,2531
2184,2532
2184,2533
2184,2534
2185,2535
2185,2536
2185,2537
2186,2538
2186,2539
2187,2540
2187,2541
2187,2542
2188,2543
2189,2544
2189,2545
2189,2546
2190,2547
2190,2548
2190,2549
2190,2550
2191,2551
2191,2552
2192,2553
2192,2554
2192,2555
2192,2556
2193,2557
2194,2558
2194,2559
2195,2560
2195,2561
2195,2562
2196,2563
2197,2564
2197,2565
2197,2566
2197,2567
2198,2568
2199,2569
2199,2570
2199,2571
2200,2572
2201,2573
2201,2574
2201,2575
2202,2576
2202,2577
2202,2578
2203,2579
2203,2580
2203,2581
2204,2582
2204,2583
2204,2584
2204,2585
2205,2586
2205,2587
2205,2588
2206,2589
2206,2590
2207,2591
2207,2592
2208,2593
2208,2594
2208,2595
2208,2596
2209,2597
2209,2598
2210,2599
2210,2600
2211,2601
2211,2602
2211,2603
2212,2604
2212,2605
2212,2606
2212,2607
2213,2608
2213,2609
2214,2610
2215,2611
2216,2612
2216,2613
2217,2614
2217,2615
2217,2616
2217,2617
2217,2618
2218,2619
2218,2620
2218,2621
2218,2622
2219,2623
2219,2624
2219,2625
2219,2626
2219,2627
2220,2628
2221,2629
2222,2630
2222,2631
2222,2632
2223,2633
2224,2634
2224,2635
2225,2636
2225,2637
2225,2638
2226,2639
2226,2640
2227,2641
2227,2642
2227,2643
2228,2644
2228,2645
2228,2646
2229,2647
2229,2648
2230,2649
2230,2650
2231,2651
2232,2652
2232,2653
2232,2654
2232,2655
2232,2656
2233,2657
2233,2658
2234,2659
2234,2660
2235,2661
2235,2662
2236,2663
2236,2664
2236,2665
2236,2666
2236,2667
2237,2668
2237,2669
2237,2670
2238,2671
2238,2672
2239,2673
2239,2674
2239,2675
2240,2676
2240,2677
2240,2678
2241,2679
2241,2680
2242,2681
2243,2682
2243,2683
2243,2684
2244,2685
2244,2686
2244,2687
2245,2688
2245,2689
2245,2690
2245,2691
2246,2692
2247,2693
2247,2694
2248,2695
2248,2696
2248,2697
2249,2698
2249,2699
2250,2700
2250,2701
2250,2702
2251,2703
2252,2704
2253,2705
2253,2706
2254,2707
2255,2708
2255,2709
2255,2710
2256,2711
2256,2712
2256,2713
2257,2714
2258,2715
2258,2716
2258,2717
2259,2718
2259,2719
2260,2720
2260,2721
2260,2722
2261,2723
2261,2724
2262,2725
2262,2726
2262,2727
2262,2728
2263,2729
2263,2730
2263,2731
2263,2732
2264,2733
2265,2734
2266,2735
2266,2736
2267,2737
2268,2738
2268,2739
2268,2740
2269,2741
2270,2742
2270,2743
2270,2744
2271,2745
2271,2746
2272,2747
2272,2748
2272,2749
2273,2750
2274,2751
2274,2752
2274,2753
2275,2754
2276,2755
2276,2756
2276,2757
2277,2758
2277,2759
2277,2760
2277,2761
2277,2762
2278,2763
2279,2764
2280,2765
2280,2766
2280,2767
2281,2768
2282,2769
2282,2770
2283,2771
2284,2772
2284,2773
2284,2774
2284,2775
2285,2776
2286,2777
2287,2778
2287,2779
2287,2780
2288,2781
2288,2782
2289,2783
2289,2784
2289,2785
2290,2786
2291,2787
2291,2788
2291,2789
2292,2790
2293,2791
2293,2792
2294,2793
2295,2794
2295,2795
2296,2796
2296,2797
2296,2798
2297,2799
2297,2800
2297,2801
2298,2802
2298,2803
2298,2804
2299,2805
2299,2806
2299,2807
2299,2808
2299,2809
2300,2810
2300,2811
2301,2812
2301,2813
2301,2814
2302,2815
2303,2816
2304,2817
2305,2818
2305,2819
2305,2820
2305,2821
2306,2822
2306,2823
2306,2824
2307,2825
2307,2826
2307,2827
2307,2828
2308,2829
2308,2830
2308,2831
2308,2832
2309,2833
2309,2834
2309,2835
2310,2836
2310,2837
2310,2838
2310,2839
2311,2840
2311,2841
2312,2842
2312,2843
2312,2844
2313,2845
2313,2846
2313,2847
2314,2848
2314,2849
2314,2850
2315,2851
2315,2852
2315,2853
2316,2854
2316,2855
2316,2856
2317,2857
2318,2858
2318,2859
2318,2860
2318,2861
2319,2862
2319,2863
2320,2864
2320,2865
2320,2866
2321,2867
2321,2868
2322,2869
2322,2870
2322,2871
2323,2872
2323,2873
2323,2874
2324,2875
2324,2876
2324,2877
2325,2878
2325,2879
2325,2880
2325,2881
2325,2882
2326,2883
2326,2884
2326,2885
2326,2886
2327,2887
2327,2888
2327,2889
2327,2890
2328,2891
2328,2892
2328,2893
2329,2894
2329,2895
2329,2896
2329,2897
2329,2898
2330,2899
2330,2900
2330,2901
2331,2902
2331,2903
2331,2904
2331,2905
2331,2906
2332,2907
2333,2908
2333,2909
2334,2910
2334,2911
2334,2912
2335,2913
2335,2914
2335,2915
2336,2916
2336,2917
2336,2918
2337,2919
2337,2920
2338,2921
2338,2922
2339,2923
2339,2924
2340,2925
2340,2926
2341,2927
2341,2928
2341,2929
2342,2930
2343,2931
2343,2932
2344,2933
2344,2934
2345,2935
2345,2936
2345,2937
2346,2938
2347,2939
2347,2940
2348,2941
2348,2942
2348,2943
2348,2944
2349,2945
2349,2946
2349,2947
2349,2948
2349,2949
2349,2950
2350,2951
2350,2952
2350,2953
2350,2954
2350,2955
2350,2956
2351,2957
2351,2958
2352,2959
2353,2960
2353,2961
2354,2962
2355,2963
2356,2964
2357,2965
2357,2966
2358,2967
2358,2968
2358,2969
2359,2970
2359,2971
2359,2972
2360,2973
2360,2974
2361,2975
2361,2976
2361,2977
2361,2978
2362,2979
2362,2980
2363,2981
2363,2982
2363,2983
2364,2984
2365,2985
2365,2986
2365,2987
2365,2988
2366,2989
2366,2990
2366,2991
2367,2992
2367,2993
2367,2994
2367,2995
2368,2996
2368,2997
2369,2998
2369,2999
2369,3000
2370,3001
2370,3002
2371,3003
2371,3004
2372,3005
2372,3006
2372,3007
2373,3008
2373,3009
2373,3010
2373,3011
2374,3012
2374,3013
2375,3014
2375,3015
2375,3016
2376,3017
2376,3018
2377,3019
2377,3020
2378,3021
2379,3022
2379,3023
2380,3024
2381,3025
2382,3026
2382,3027
2382,3028
2383,3029
2384,3030
2385,3031
2385,3032
2386,3033
2386,3034
2386,3035
2386,3036
2387,3037
2387,3038
2387,3039
2387,3040
2388,3041
2388,3042
2388,3043
2389,3044
2389,3045
2390,3046
2390,3047
2390,3048
2391,3049
2392,3050
2392,3051
2392,3052
2392,3053
2393,3054
2393,3055
2393,3056
2394,3057
2394,3058
2394,3059
2395,3060
2396,3061
2396,3062
2397,3063
2398,3064
2398,3065
2398,3066
2399,3067
2399,3068
2400,3069
2400,3070
2400,3071
2401,3072
2401,3073
2401,3074
2401,3075
2401,3076
2401,3077
2402,3078
2402,3079
2402,3080
2403,3081
2403,3082
2403,3083
2404,3084
2404,3085
2405,3086
2405,3087
2406,3088
2406,3089
2407,3090
2407,3091
2407,3092
2408,3093
2408,3094
2408,3095
2409,3096
2409,3097
2409,3098
2409,3099
2409,3100
2410,3101
2410,3102
2411,3103
2411,3104
2412,3105
2412,3106
2412,3107
2412,3108
2413,3109
2414,3110
2414,3111
2415,3112
2415,3113
2416,3114
2416,3115
2416,3116
2416,3117
2417,3118
2417,3119
2417,3120
2417,3121
2417,3122
2418,3123
2418,3124
2418,3125
2419,3126
2419,3127
2419,3128
2420,3129
2420,3130
2420,3131
2421,3132
2421,3133
2421,3134
2421,3135
2422,3136
2422,3137
2423,3138
2423,3139
2423,3140
2424,3141
2424,3142
2424,3143
2425,3144
2425,3145
2426,3146
2426,3147
2427,3148
2427,3149
2428,3150
2429,3151
2429,3152
2429,3153
2429,3154
2430,3155
2430,3156
2430,3157
2431,3158
2431,3159
2431,3160
2431,3161
2432,3162
2432,3163
2432,3164
2433,3165
2433,3166
2434,3167
2434,3168
2434,3169
2434,3170
2435,3171
2435,3172
2436,3173
2436,3174
2437,3175
2438,3176
2438,3177
2438,3178
2439,3179
2439,3180
2439,3181
2440,3182
2440,3183
2440,3184
2441,3185
2441,3186
2441,3187
2442,3188
2442,3189
2443,3190
2443,3191
2443,3192
2443,3193
2444,3194
2444,3195
2444,3196
2445,3197
2445,3198
2445,3199
2446,3200
2446,3201
2447,3202
2447,3203
2447,3204
2448,3205
2448,3206
2448,3207
2448,3208
2449,3209
2449,3210
2450,3211
2450,3212
2450,3213
2451,3214
2451,3215
2451,3216
2451,3217
2452,3218
2452,3219
2453,3220
2454,3221
2455,3222
2455,3223
2456,3224
2456,3225
2457,3226
2457,3227
2457,3228
2458,3229
2459,3230
2460,3231
2460,3232
2461,3233
2461,3234
2461,3235
2462,3236
2462,3237
2462,3238
2462,3239
2462,3240
2463,3241
2463,3242
2463,3243
2463,3244
2464,3245
2464,3246
2464,3247
2464,3248
2464,3249
2465,3250
2465,3251
2465,3252
2465,3253
2466,3254
2466,3255
2466,3256
2466,3257
2467,3258
2467,3259
2467,3260
2467,3261
2467,3262
2468,3263
2469,3264
2470,3265
2470,3266
2471,3267
2471,3268
2471,3269
2472,3270
2473,3271
2473,3272
2473,3273
2473,3274
2474,3275
2474,3276
2474,3277
2475,3278
2475,3279
2475,3280
2475,3281
2476,3282
2477,3283
2477,3284
2477,3285
2478,3286
2479,3287
2479,3288
2479,3289
2480,3290
2480,3291
2481,3292
2481,3293
2482,3294
2482,3295
2483,3296
2483,3297
2483,3298
2484,3299
2485,3300
2485,3301
2485,3302
2485,3303
2486,3304
2486,3305
2487,3306
2487,3307
2487,3308
2488,3309
2489,3310
2490,3311
2490,3312
2490,3313
2491,3314
2491,3315
2492,3316
2492,3317
2493,3318
2493,3319
2493,3320
2494,3321
2494,3322
2494,3323
2494,3324
2495,3325
2495,3326
2495,3327
2496,3328
2496,3329
2496,3330
2497,3331
2498,3332
2498,3333
2498,3334
2498,3335
2498,3336
2499,3337
2499,3338
2500,3339
2500,3340
2500,3341
2501,3342
2502,3343
2502,3344
2502,3345
2503,3346
2503,3347
2504,3348
2504,3349
2504,3350
2505,3351
2505,3352
2505,3353
2506,3354
2506,3355
2506,3356
2507,3357
2507,3358
2507,3359
2507,3360
2508,3361
2508,3362
2508,3363
2509,3364
2510,3365
2510,3366
2510,3367
2511,3368
2511,3369
2511,3370
2512,3371
2512,3372
2513,3373
2513,3374
2513,3375
2514,3376
2514,3377
2515,3378
2515,3379
2515,3380
2516,3381
2516,3382
2517,3383
2517,3384
2517,3385
2517,3386
2517,3387
2518,3388
2519,3389
2519,3390
2520,3391
2521,3392
2521,3393
2522,3394
2522,3395
2522,3396
2523,3397
2524,3398
2524,3399
2525,3400
2525,3401
2525,3402
2526,3403
2526,3404
2526,3405
2526,3406
2527,3407
2527,3408
2528,3409
2528,3410
2528,3411
2529,3412
2529,3413
2529,3414
2530,3415
2530,3416
2530,3417
2531,3418
2531,3419
2532,3420
2532,3421
2532,3422
2532,3423
2533,3424
2533,3425
2533,3426
2533,3427
2533,3428
2534,3429
2534,3430
2534,3431
2534,3432
2535,3433
2535,3434
2535,3435
2536,3436
2536,3437
2536,3438
2536,3439
2536,3440
2537,3441
2538,3442
2539,3443
2539,3444
2540,3445
2540,3446
2540,3447
2541,3448
2542,3449
2542,3450
2543,3451
2544,3452
2544,3453
2545,3454
2545,3455
2545,3456
2545,3457
2546,3458
2546,3459
2546,3460
2547,3461
2548,3462
2549,3463
2550,3464
2550,3465
2551,3466
2551,3467
2551,3468
2551,3469
2552,3470
2552,3471
2553,3472
2553,3473
2553,3474
2553,3475
2554,3476
2554,3477
2554,3478
2555,3479
2555,3480
2556,3481
2556,3482
2556,3483
2557,3484
2557,3485
2557,3486
2558,3487
2558,3488
2558,3489
2558,3490
2559,3491
2559,3492
2560,3493
2560,3494
2561,3495
2562,3496
2562,3497
2563,3498
2563,3499
2564,3500
2564,3501
2564,3502
2564,3503
2565,3504
2565,3505
2565,3506
2565,3507
2565,3508
2565,3509
2566,3510
2566,3511
2567,3512
2567,3513
2567,3514
2568,3515
2569,3516
2570,3517
2570,3518
2571,3519
2571,3520
2572,3521
2572,3522
2572,3523
2572,3524
2573,3525
2573,3526
2573,3527
2573,3528
2574,3529
2575,3530
2575,3531
2575,3532
2576,3533
2576,3534
2577,3535
2577,3536
2577,3537
2577,3538
2578,3539
2578,3540
2579,3541
2580,3542
2580,3543
2581,3544
2581,3545
2582,3546
2583,3547
2583,3548
2583,3549
2584,3550
2584,3551
2584,3552
2585,3553
2586,3554
2587,3555
2587,3556
2588,3557
2588,3558
2588,3559
2588,3560
2588,3561
2589,3562
2589,3563
2589,3564
2590,3565
2590,3566
2591,3567
2591,3568
2592,3569
2592,3570
2593,3571
2593,3572
2593,3573
2593,3574
2594,3575
2594,3576
2594,3577
2595,3578
2595,3579
2596,3580
2596,3581
2596,3582
2597,3583
2597,3584
2598,3585
2598,3586
2599,3587
2599,3588
2599,3589
2600,3590
2600,3591
2600,3592
2600,3593
2601,3594
2601,3595
2601,3596
2602,3597
2602,3598
2603,3599
2604,3600
2604,3601
2604,3602
2605,3603
2605,3604
2605,3605
2606,3606
2606,3607
2607,3608
2607,3609
2608,3610
2608,3611
2608,3612
2608,3613
2609,3614
2609,3615
2609,3616
2610,3617
2611,3618
2611,3619
2612,3620
2613,3621
2613,3622
2613,3623
2613,3624
2613,3625
2614,3626
2614,3627
2615,3628
2615,3629
2616,3630
2616,3631
2617,3632
2617,3633
2617,3634
2618,3635
2618,3636
2619,3637
2620,3638
2621,3639
2621,3640
2621,3641
2621,3642
2621,3643
2622,3644
2622,3645
2622,3646
2622,3647
2622,3648
2623,3649
2623,3650
2624,3651
2625,3652
2625,3653
2625,3654
2625,3655
2626,3656
2626,3657
2626,3658
2626,3659
2627,3660
2628,3661
2628,3662
2629,3663
2629,3664
2630,3665
2630,3666
2631,3667
2631,3668
2632,3669
2632,3670
2633,3671
2634,3672
2634,3673
2635,3674
2636,3675
2636,3676
2636,3677
2637,3678
2637,3679
2637,3680
2638,3681
2638,3682
2638,3683
2639,3684
2639,3685
2640,3686
2640,3687
2640,3688
2640,3689
2641,3690
2641,3691
2641,3692
2642,3693
2643,3694
2643,3695
2644,3696
2644,3697
2644,3698
2645,3699
2645,3700
2645,3701
2646,3702
2646,3703
2646,3704
2647,3705
2647,3706
2647,3707
2648,3708
2648,3709
2648,3710
2649,3711
2649,3712
2649,3713
2649,3714
2650,3715
2651,3716
2651,3717
2651,3718
2651,3719
2651,3720
2652,3721
2653,3722
2653,3723
2653,3724
2654,3725
2654,3726
2654,3727
2654,3728
2655,3729
2655,3730
2655,3731
2656,3732
2656,3733
2656,3734
2656,3735
2657,3736
2657,3737
2657,3738
2657,3739
2658,3740
2658,3741
2659,3742
2659,3743
2659,3744
2660,3745
2660,3746
2661,3747
2661,3748
2661,3749
2662,3750
2662,3751
2662,3752
2663,3753
2664,3754
2664,3755
2664,3756
2665,3757
2665,3758
2665,3759
2666,3760
2667,3761
2667,3762
2668,3763
2668,3764
2668,3765
2669,3766
2670,3767
2671,3768
2671,3769
2671,3770
2672,3771
2672,3772
2672,3773
2672,3774
2673,3775
2673,3776
2673,3777
2673,3778
2674,3779
2675,3780
2675,3781
2676,3782
2676,3783
2676,3784
2677,3785
2677,3786
2677,3787
2678,3788
2678,3789
2678,3790
2679,3791
2680,3792
2680,3793
2680,3794
2681,3795
2682,3796
2682,3797
2682,3798
2682,3799
2682,3800
2682,3801
2683,3802
2683,3803
2684,3804
2684,3805
2685,3806
2685,3807
2685,3808
2686,3809
2686,3810
2687,3811
2687,3812
2687,3813
2688,3814
2688,3815
2689,3816
2690,3817
2690,3818
2690,3819
2690,3820
2690,3821
2691,3822
2691,3823
2692,3824
2692,3825
2692,3826
2693,3827
2693,3828
2694,3829
2694,3830
2694,3831
2695,3832
2695,3833
2696,3834
2696,3835
2696,3836
2697,3837
2697,3838
2697,3839
2697,3840
2698,3841
2698,3842
2699,3843
2699,3844
2699,3845
2699,3846
2700,3847
2700,3848
2700,3849
2701,3850
2701,3851
2702,3852
2702,3853
2703,3854
2703,3855
2703,3856
2704,3857
2705,3858
2706,3859
2706,3860
2707,3861
2707,3862
2707,3863
2708,3864
2708,3865
2708,3866
2709,3867
2709,3868
2710,3869
2710,3870
2710,3871
2711,3872
2711,3873
2711,3874
2711,3875
2712,3876
2712,3877
2713,3878
2713,3879
2714,3880
2714,3881
2714,3882
2715,3883
2715,3884
2715,3885
2716,3886
2716,3887
2716,3888
2717,3889
2717,3890
2717,3891
2717,3892
2718,3893
2718,3894
2718,3895
2719,3896
2719,3897
2719,3898
2719,3899
2720,3900
2721,3901
2722,3902
2722,3903
2722,3904
2722,3905
2722,3906
2723,3907
2723,3908
2724,3909
2725,3910
2725,3911
2725,3912
2725,3913
2725,3914
2726,3915
2726,3916
2727,3917
2727,3918
2728,3919
2728,3920
2729,3921
2730,3922
2730,3923
2731,3924
2731,3925
2731,3926
2732,3927
2732,3928
2732,3929
2733,3930
2734,3931
2734,3932
2734,3933
2734,3934
2735,3935
2735,3936
2736,3937
2736,3938
2736,3939
2736,3940
2737,3941
2737,3942
2738,3943
2738,3944
2738,3945
2739,3946
2739,3947
2740,3948
2740,3949
2740,3950
2741,3951
2741,3952
2742,3953
2742,3954
2742,3955
2742,3956
2742,3957
2743,3958
2744,3959
2745,3960
2746,3961
2746,3962
2746,3963
2746,3964
2747,3965
2747,3966
2747,3967
2748,3968
2748,3969
2748,3970
2749,3971
2749,3972
2749,3973
2750,3974
2750,3975
2751,3976
2751,3977
2752,3978
2752,3979
2753,3980
2753,3981
2753,3982
2753,3983
2753,3984
2754,3985
2754,3986
2754,3987
2755,3988
2755,3989
2756,3990
2756,3991
2757,3992
2758,3993
2758,3994
2758,3995
2758,3996
2759,3997
2759,3998
2759,3999
2759,4000
2760,4001
2760,4002
2761,4003
2761,4004
2762,4005
2762,4006
2763,4007
2764,4008
2764,4009
2764,4010
2765,4011
2765,4012
2765,4013
2766,4014
2766,4015
2766,4016
2766,4017
2766,4018
2767,4019
2767,4020
2767,4021
2767,4022
2768,4023
2769,4024
2769,4025
2769,4026
2769,4027
2769,4028
2770,4029
2770,4030
2771,4031
2771,4032
2771,4033
2772,4034
2772,4035
2772,4036
2773,4037
2773,4038
2773,4039
2773,4040
2773,4041
2774,4042
2775,4043
2776,4044
2776,4045
2776,4046
2777,4047
2778,4048
2778,4049
2778,4050
2779,4051
2779,4052
2779,4053
2779,4054
2780,4055
2780,4056
2780,4057
2781,4058
2781,4059
2782,4060
2783,4061
2783,4062
2784,4063
2784,4064
2785,4065
2785,4066
2785,4067
2786,4068
2786,4069
2786,4070
2787,4071
2788,4072
2788,4073
2788,4074
2788,4075
2789,4076
2789,4077
2789,4078
2790,4079
2791,4080
2791,4081
2791,4082
2791,4083
2792,4084
2792,4085
2793,4086
2793,4087
2794,4088
2795,4089
2795,4090
2795,4091
2796,4092
2796,4093
2797,4094
2797,4095
2798,4096
2799,4097
2799,4098
2800,4099
2800,4100
2800,4101
2800,4102
2801,4103
2801,4104
2802,4105
2802,4106
2802,4107
2802,4108
2802,4109
2803,4110
2804,4111
2805,4112
2805,4113
2806,4114
2807,4115
2808,4116
2808,4117
2808,4118
2809,4119
2809,4120
2809,4121
2810,4122
2810,4123
2810,4124
2811,4125
2812,4126
2812,4127
2812,4128
2812,4129
2813,4130
2813,4131
2813,4132
2814,4133
2814,4134
2815,4135
2815,4136
2816,4137
2816,4138
2816,4139
2816,4140
2816,4141
2817,4142
2818,4143
2818,4144
2819,4145
2819,4146
2819,4147
2820,4148
2820,4149
2820,4150
2821,4151
2821,4152
2822,4153
2822,4154
2822,4155
2823,4156
2823,4157
2823,4158
2824,4159
2824,4160
2824,4161
2825,4162
2825,4163
2825,4164
2826,4165
2826,4166
2827,4167
2827,4168
2828,4169
2829,4170
2829,4171
2830,4172
2831,4173
2831,4174
2831,4175
2831,4176
2832,4177
2832,4178
2832,4179
2832,4180
2833,4181
2833,4182
2833,4183
2834,4184
2835,4185
2835,4186
2835,4187
2836,4188
2836,4189
2837,4190
2837,4191
2837,4192
2838,4193
2838,4194
2839,4195
2839,4196
2840,4197
2840,4198
2840,4199
2841,4200
2842,4201
2842,4202
2842,4203
2843,4204
2843,4205
2843,4206
2844,4207
2844,4208
2844,4209
2844,4210
2845,4211
2845,4212
2846,4213
2846,4214
2846,4215
2847,4216
2847,4217
2847,4218
2848,4219
2848,4220
2848,4221
2849,4222
2849,4223
2850,4224
2850,4225
2850,4226
2851,4227
2851,4228
2851,4229
2852,4230
2853,4231
2853,4232
2854,4233
2854,4234
2855,4235
2855,4236
2855,4237
2856,4238
2856,4239
2856,4240
2857,4241
2857,4242
2857,4243
2858,4244
2859,4245
2860,4246
2861,4247
2862,4248
2862,4249
2863,4250
2863,4251
2864,4252
2864,4253
2864,4254
2864,4255
2865,4256
2865,4257
2865,4258
2866,4259
2866,4260
2867,4261
2867,4262
2868,4263
2868,4264
2868,4265
2869,4266
2869,4267
2870,4268
2870,4269
2870,4270
2870,4271
2871,4272
2871,4273
2871,4274
2871,4275
2871,4276
2872,4277
2872,4278
2873,4279
2873,4280
2874,4281
2874,4282
2875,4283
2875,4284
2875,4285
2876,4286
2876,4287
2876,4288
2877,4289
2877,4290
2878,4291
2878,4292
2878,4293
2879,4294
2879,4295
2879,4296
2879,4297
2880,4298
2880,4299
2880,4300
2881,4301
2882,4302
2882,4303
2882,4304
2883,4305
2883,4306
2884,4307
2884,4308
2884,4309
2884,4310
2885,4311
2885,4312
2885,4313
2886,4314
2886,4315
2887,4316
2887,4317
2887,4318
2888,4319
2889,4320
2890,4321
2890,4322
2890,4323
2891,4324
2892,4325
2892,4326
2893,4327
2893,4328
2893,4329
2894,4330
2895,4331
2895,4332
2895,4333
2896,4334
2896,4335
2896,4336
2897,4337
2897,4338
2898,4339
2898,4340
2898,4341
2899,4342
2899,4343
2899,4344
2900,4345
2900,4346
2900,4347
2900,4348
2900,4349
2901,4350
2901,4351
2901,4352
2901,4353
2902,4354
2902,4355
2902,4356
2903,4357
2903,4358
2904,4359
2904,4360
2904,4361
2904,4362
2904,4363
2905,4364
2905,4365
2906,4366
2907,4367
2907,4368
2907,4369
2908,4370
2908,4371
2909,4372
2910,4373
2910,4374
2911,4375
2912,4376
2913,4377
2914,4378
2915,4379
2915,4380
2916,4381
2917,4382
2917,4383
2917,4384
2917,4385
2917,4386
2918,4387
2918,4388
2919,4389
2919,4390
2920,4391
2920,4392
2920,4393
2920,4394
2921,4395
2922,4396
2922,4397
2923,4398
2923,4399
2923,4400
2923,4401
2923,4402
2924,4403
2925,4404
2925,4405
2926,4406
2927,4407
2928,4408
2928,4409
2928,4410
2928,4411
2928,4412
2928,4413
2929,4414
2929,4415
2929,4416
2930,4417
2930,4418
2931,4419
2932,4420
2932,4421
2933,4422
2934,4423
2934,4424
2935,4425
2935,4426
2935,4427
2935,4428
2935,4429
2936,4430
2936,4431
2936,4432
2937,4433
2937,4434
2937,4435
2938,4436
2938,4437
2939,4438
2939,4439
2939,4440
2940,4441
2941,4442
2942,4443
2942,4444
2942,4445
2942,4446
2943,4447
2943,4448
2943,4449
2944,4450
2945,4451
2946,4452
2946,4453
2946,4454
2946,4455
2947,4456
2947,4457
2947,4458
2948,4459
2948,4460
2949,4461
2949,4462
2950,4463
2951,4464
2951,4465
2952,4466
2952,4467
2952,4468
2953,4469
2953,4470
2954,4471
2954,4472
2955,4473
2956,4474
2956,4475
2956,4476
2957,4477
2957,4478
2958,4479
2958,4480
2958,4481
2959,4482
2959,4483
2959,4484
2959,4485
2959,4486
2959,4487
2960,4488
2960,4489
2960,4490
2961,4491
2961,4492
2962,4493
2962,4494
2962,4495
2962,4496
2963,4497
2963,4498
2963,4499
2963,4500
2964,4501
2964,4502
2965,4503
2965,4504
2966,4505
2967,4506
2967,4507
2967,4508
2968,4509
2969,4510
2969,4511
2970,4512
2970,4513
2970,4514
2971,4515
2972,4516
2973,4517
2973,4518
2974,4519
2975,4520
2976,4521
2976,4522
2977,4523
2977,4524
2977,4525
2978,4526
2978,4527
2979,4528
2979,4529
2980,4530
2980,4531
2981,4532
2981,4533
2981,4534
2981,4535
2982,4536
2982,4537
2983,4538
2983,4539
2983,4540
2984,4541
2985,4542
2985,4543
2985,4544
2986,4545
2986,4546
2986,4547
2987,4548
2987,4549
2987,4550
2988,4551
2988,4552
2989,4553
2989,4554
2990,4555
2990,4556
2991,4557
2991,4558
2991,4559
2991,4560
2991,4561
2991,4562
2992,4563
2992,4564
2992,4565
2993,4566
2993,4567
2993,4568
2994,4569
2994,4570
2994,4571
2994,4572
2995,4573
2996,4574
2996,4575
2996,4576
2996,4577
2997,4578
2997,4579
2997,4580
2998,4581
2998,4582
2999,4583
2999,4584
2999,4585
2999,4586
3000,4587
3001,4588
3001,4589
3001,4590
3002,4591
3003,4592
3003,4593
3003,4594
3004,4595
3004,4596
3004,4597
3004,4598
3005,4599
3005,4600
3006,4601
3006,4602
3007,4603
3007,4604
3008,4605
3009,4606
3010,4607
3010,4608
3010,4609
3011,4610
3011,4611
3011,4612
3011,4613
3012,4614
3012,4615
3012,4616
3013,4617
3013,4618
3013,4619
3014,4620
3014,4621
3015,4622
3016,4623
3017,4624
3017,4625
3017,4626
3017,4627
3018,4628
3018,4629
3019,4630
3019,4631
3019,4632
3020,4633
3020,4634
3021,4635
3021,4636
3021,4637
3022,4638
3022,4639
3023,4640
3023,4641
3023,4642
3024,4643
3025,4644
3025,4645
3025,4646
3025,4647
3026,4648
3026,4649
3026,4650
3027,4651
3027,4652
3027,4653
3027,4654
3028,4655
3028,4656
3028,4657
3029,4658
3029,4659
3030,4660
3030,4661
3030,4662
3031,4663
3031,4664
3031,4665
3032,4666
3033,4667
3034,4668
3034,4669
3034,4670
3035,4671
3035,4672
3036,4673
3036,4674
3036,4675
3037,4676
3037,4677
3037,4678
3037,4679
3038,4680
3039,4681
3039,4682
3039,4683
3040,4684
3040,4685
3040,4686
3041,4687
3041,4688
3041,4689
3042,4690
3042,4691
3042,4692
3042,4693
3043,4694
3043,4695
3043,4696
3044,4697
3045,4698
3045,4699
3045,4700
3046,4701
3047,4702
3047,4703
3047,4704
3047,4705
3047,4706
3048,4707
3048,4708
3048,4709
3048,4710
3048,4711
3049,4712
3049,4713
3049,4714
3050,4715
3051,4716
3051,4717
3052,4718
3052,4719
3052,4720
3052,4721
3053,4722
3053,4723
3054,4724
3054,4725
3055,4726
3055,4727
3055,4728
3056,4729
3056,4730
3056,4731
3057,4732
3057,4733
3057,4734
3057,4735
3057,4736
3058,4737
3058,4738
3058,4739
3059,4740
3059,4741
3059,4742
3060,4743
3060,4744
3060,4745
3061,4746
3062,4747
3062,4748
3062,4749
3062,4750
3063,4751
3063,4752
3063,4753
3064,4754
3064,4755
3065,4756
3065,4757
3065,4758
3066,4759
3067,4760
3067,4761
3068,4762
3068,4763
3069,4764
3069,4765
3069,4766
3070,4767
3070,4768
3070,4769
3070,4770
3071,4771
3071,4772
3071,4773
3072,4774
3072,4775
3072,4776
3073,4777
3073,4778
3073,4779
3073,4780
3073,4781
3073,4782
3074,4783
3074,4784
3074,4785
3074,4786
3075,4787
3075,4788
3075,4789
3076,4790
3076,4791
3076,4792
3076,4793
3077,4794
3077,4795
3078,4796
3079,4797
3079,4798
3080,4799
3080,4800
3081,4801
3081,4802
3081,4803
3082,4804
3082,4805
3082,4806
3083,4807
3083,4808
3083,4809
3083,4810
3084,4811
3084,4812
3085,4813
3085,4814
3085,4815
3086,4816
3086,4817
3086,4818
3087,4819
3087,4820
3087,4821
3088,4822
3088,4823
3088,4824
3088,4825
3089,4826
3089,4827
3090,4828
3090,4829
3090,4830
3091,4831
3091,4832
3092,4833
3092,4834
3092,4835
3092,4836
3092,4837
3093,4838
3093,4839
3093,4840
3094,4841
3094,4842
3095,4843
3095,4844
3096,4845
3097,4846
3098,4847
3098,4848
3098,4849
3099,4850
3099,4851
3100,4852
3101,4853
3101,4854
3101,4855
3102,4856
3102,4857
3102,4858
3102,4859
3102,4860
3103,4861
3103,4862
3103,4863
3104,4864
3104,4865
3105,4866
3106,4867
3106,4868
3106,4869
3107,4870
3108,4871
3108,4872
3108,4873
3109,4874
3109,4875
3109,4876
3109,4877
3110,4878
3110,4879
3111,4880
3111,4881
3111,4882
3112,4883
3112,4884
3112,4885
3112,4886
3112,4887
3113,4888
3113,4889
3113,4890
3113,4891
3114,4892
3114,4893
3114,4894
3115,4895
3115,4896
3116,4897
3116,4898
3116,4899
3117,4900
3117,4901
3117,4902
3118,4903
3119,4904
3119,4905
3119,4906
3120,4907
3120,4908
3120,4909
3120,4910
3120,4911
3121,4912
3121,4913
3121,4914
3122,4915
3122,4916
3123,4917
3123,4918
3123,4919
3123,4920
3124,4921
3124,4922
3125,4923
3125,4924
3125,4925
3126,4926
3126,4927
3127,4928
3127,4929
3128,4930
3128,4931
3129,4932
3129,4933
3129,4934
3129,4935
3129,4936
3130,4937
3131,4938
3131,4939
3131,4940
3132,4941
3133,4942
3133,4943
3134,4944
3135,4945
3135,4946
3135,4947
3136,4948
3136,4949
3137,4950
3137,4951
3138,4952
3139,4953
3139,4954
3139,4955
3139,4956
3139,4957
3140,4958
3140,4959
3141,4960
3141,4961
3141,4962
3142,4963
3143,4964
3143,4965
3143,4966
3144,4967
3144,4968
3145,4969
3145,4970
3146,4971
3147,4972
3147,4973
3147,4974
3148,4975
3148,4976
3148,4977
3149,4978
3149,4979
3150,4980
3150,4981
3150,4982
3151,4983
3151,4984
3151,4985
3152,4986
3152,4987
3153,4988
3153,4989
3153,4990
3154,4991
3154,4992
3154,4993
3154,4994
3155,4995
3155,4996
3155,4997
3155,4998
3156,4999
3156,5000
3156,5001
3157,5002
3157,5003
3157,5004
3158,5005
3158,5006
3158,5007
3158,5008
3159,5009
3160,5010
3160,5011
3161,5012
3161,5013
3161,5014
3162,5015
3163,5016
3163,5017
3163,5018
3164,5019
3164,5020
3164,5021
3165,5022
3165,5023
3165,5024
3166,5025
3167,5026
3167,5027
3167,5028
3167,5029
3167,5030
3168,5031
3168,5032
3168,5033
3168,5034
3168,5035
3169,5036
3169,5037
3170,5038
3170,5039
3170,5040
3171,5041
3171,5042
3171,5043
3172,5044
3172,5045
3172,5046
3172,5047
3173,5048
3174,5049
3174,5050
3174,5051
3174,5052
3175,5053
3175,5054
3175,5055
3175,5056
3176,5057
3176,5058
3176,5059
3176,5060
3177,5061
3178,5062
3178,5063
3179,5064
3179,5065
3179,5066
3179,5067
3180,5068
3181,5069
3181,5070
3182,5071
3182,5072
3183,5073
3183,5074
3183,5075
3184,5076
3184,5077
3184,5078
3185,5079
3185,5080
3185,5081
3186,5082
3187,5083
3187,5084
3188,5085
3188,5086
3188,5087
3188,5088
3189,5089
3189,5090
3189,5091
3189,5092
3190,5093
3190,5094
3190,5095
3191,5096
3191,5097
3192,5098
3192,5099
3192,5100
3193,5101
3193,5102
3193,5103
3193,5104
3194,5105
3194,5106
3195,5107
3195,5108
3195,5109
3196,5110
3196,5111
3196,5112
3196,5113
3197,5114
3197,5115
3197,5116
3198,5117
3198,5118
3198,5119
3199,5120
3199,5121
3200,5122
3201,5123
3202,5124
3202,5125
3202,5126
3202,5127
3203,5128
3203,5129
3203,5130
3204,5131
3205,5132
3205,5133
3205,5134
3206,5135
3206,5136
3207,5137
3207,5138
3208,5139
3208,5140
3208,5141
3209,5142
3209,5143
3209,5144
3210,5145
3210,5146
3210,5147
3211,5148
3211,5149
3211,5150
3212,5151
3212,5152
3212,5153
3213,5154
3214,5155
3215,5156
3215,5157
3215,5158
3215,5159
3216,5160
3216,5161
3216,5162
3217,5163
3217,5164
3217,5165
3217,5166
3217,5167
3218,5168
3218,5169
3218,5170
3218,5171
3218,5172
3219,5173
3219,5174
3220,5175
3220,5176
3220,5177
3221,5178
3221,5179
3222,5180
3222,5181
3222,5182
3223,5183
3223,5184
3223,5185
3224,5186
3224,5187
3224,5188
3224,5189
3225,5190
3226,5191
3226,5192
3227,5193
3227,5194
3228,5195
3228,5196
3228,5197
3229,5198
3229,5199
3230,5200
3230,5201
3230,5202
3230,5203
3230,5204
3231,5205
3231,5206
3232,5207
3232,5208
3232,5209
3233,5210
3233,5211
3234,5212
3234,5213
3235,5214
3235,5215
3235,5216
3236,5217
3236,5218
3237,5219
3237,5220
3238,5221
3238,5222
3238,5223
3239,5224
3239,5225
3240,5226
3240,5227
3240,5228
3241,5229
3242,5230
3242,5231
3242,5232
3243,5233
3244,5234
3244,5235
3244,5236
3245,5237
3245,5238
3245,5239
3245,5240
3246,5241
3246,5242
3247,5243
3248,5244
3248,5245
3248,5246
3248,5247
3249,5248
3249,5249
3249,5250
3249,5251
3250,5252
3250,5253
3250,5254
3251,5255
3251,5256
3252,5257
3252,5258
3252,5259
3253,5260
3254,5261
3254,5262
3255,5263
3255,5264
3255,5265
3255,5266
3255,5267
3256,5268
3256,5269
3257,5270
3257,5271
3257,5272
3258,5273
3258,5274
3258,5275
3258,5276
3259,5277
3259,5278
3259,5279
3260,5280
3261,5281
3261,5282
3261,5283
3261,5284
3261,5285
3262,5286
3262,5287
3263,5288
3263,5289
3264,5290
3265,5291
3266,5292
3267,5293
3268,5294
3269,5295
3269,5296
3269,5297
3269,5298
3269,5299
3270,5300
3270,5301
3270,5302
3271,5303
3271,5304
3271,5305
3271,5306
3272,5307
3273,5308
3273,5309
3273,5310
3274,5311
3275,5312
3275,5313
3275,5314
3276,5315
3276,5316
3276,5317
3277,5318
3277,5319
3277,5320
3278,5321
3278,5322
3278,5323
3279,5324
3279,5325
3279,5326
3280,5327
3280,5328
3280,5329
3281,5330
3281,5331
3282,5332
3283,5333
3283,5334
3283,5335
3284,5336
3284,5337
3284,5338
3284,5339
3284,5340
3285,5341
3286,5342
3286,5343
3286,5344
3287,5345
3287,5346
3288,5347
3288,5348
3289,5349
3289,5350
3290,5351
3290,5352
3290,5353
3290,5354
3290,5355
3291,5356
3291,5357
3292,5358
3292,5359
3293,5360
3294,5361
3294,5362
3295,5363
3296,5364
3296,5365
3297,5366
3298,5367
3299,5368
3299,5369
3299,5370
3300,5371
3300,5372
3301,5373
3301,5374
3301,5375
3301,5376
3302,5377
3302,5378
3303,5379
3303,5380
3304,5381
3305,5382
3305,5383
3306,5384
3306,5385
3306,5386
3306,5387
3307,5388
3307,5389
3307,5390
3308,5391
3309,5392
3309,5393
3309,5394
3309,5395
3309,5396
3310,5397
3311,5398
3311,5399
3311,5400
3311,5401
3312,5402
3312,5403
3313,5404
3313,5405
3314,5406
3314,5407
3315,5408
3315,5409
3315,5410
3316,5411
3316,5412
3317,5413
3317,5414
3317,5415
3318,5416
3318,5417
3318,5418
3318,5419
3318,5420
3319,5421
3320,5422
3320,5423
3320,5424
3321,5425
3322,5426
3322,5427
3322,5428
3323,5429
3323,5430
3323,5431
3324,5432
3324,5433
3324,5434
3324,5435
3324,5436
3324,5437
3325,5438
3325,5439
3325,5440
3325,5441
3325,5442
3326,5443
3327,5444
3327,5445
3328,5446
3328,5447
3329,5448
3329,5449
3330,5450
3331,5451
3331,5452
3331,5453
3331,5454
3332,5455
3332,5456
3332,5457
3333,5458
3333,5459
3334,5460
3334,5461
3334,5462
3335,5463
3335,5464
3335,5465
3335,5466
3335,5467
3336,5468
3336,5469
3336,5470
3337,5471
3337,5472
3337,5473
3338,5474
3339,5475
3339,5476
3339,5477
3339,5478
3340,5479
3340,5480
3340,5481
3340,5482
3341,5483
3341,5484
3342,5485
3343,5486
3343,5487
3343,5488
3344,5489
3344,5490
3345,5491
3345,5492
3346,5493
3346,5494
3347,5495
3347,5496
3348,5497
3348,5498
3348,5499
3348,5500
3349,5501
3349,5502
3350,5503
3351,5504
3351,5505
3351,5506
3352,5507
3352,5508
3353,5509
3353,5510
3354,5511
3355,5512
3355,5513
3355,5514
3356,5515
3356,5516
3356,5517
3356,5518
3357,5519
3357,5520
3357,5521
3358,5522
3358,5523
3359,5524
3359,5525
3359,5526
3360,5527
3360,5528
3360,5529
3360,5530
3360,5531
3361,5532
3361,5533
3361,5534
3362,5535
3362,5536
3362,5537
3363,5538
3364,5539
3364,5540
3364,5541
3365,5542
3365,5543
3366,5544
3366,5545
3367,5546
3367,5547
3367,5548
3368,5549
3368,5550
3369,5551
3369,5552
3369,5553
3370,5554
3370,5555
3370,5556
3371,5557
3371,5558
3371,5559
3372,5560
3373,5561
3373,5562
3374,5563
3374,5564
3374,5565
3375,5566
3375,5567
3375,5568
3375,5569
3376,5570
3376,5571
3376,5572
3376,5573
3376,5574
3377,5575
3377,5576
3378,5577
3378,5578
3379,5579
3379,5580
3379,5581
3380,5582
3380,5583
3380,5584
3380,5585
3380,5586
3381,5587
3381,5588
3381,5589
3381,5590
3381,5591
3382,5592
3383,5593
3383,5594
3383,5595
3383,5596
3384,5597
3384,5598
3385,5599
3386,5600
3386,5601
3386,5602
3386,5603
3386,5604
3387,5605
3388,5606
3388,5607
3389,5608
3390,5609
3390,5610
3390,5611
3390,5612
3391,5613
3392,5614
3393,5615
3393,5616
3393,5617
3394,5618
3394,5619
3394,5620
3394,5621
3395,5622
3395,5623
3395,5624
3395,5625
3396,5626
3396,5627
3397,5628
3397,5629
3398,5630
3398,5631
3398,5632
3398,5633
3398,5634
3399,5635
3400,5636
3400,5637
3401,5638
3401,5639
3401,5640
3401,5641
3402,5642
3402,5643
3402,5644
3402,5645
3403,5646
3403,5647
3404,5648
3404,5649
3404,5650
3405,5651
3406,5652
3406,5653
3406,5654
3407,5655
3407,5656
3407,5657
3408,5658
3409,5659
3409,5660
3409,5661
3409,5662
3409,5663
3410,5664
3410,5665
3410,5666
3410,5667
3411,5668
3411,5669
3411,5670
3412,5671
3412,5672
3413,5673
3414,5674
3414,5675
3414,5676
3415,5677
3416,5678
3416,5679
3417,5680
3417,5681
3417,5682
3418,5683
3418,5684
3418,5685
3419,5686
3419,5687
3419,5688
3420,5689
3421,5690
3421,5691
3421,5692
3421,5693
3421,5694
3422,5695
3422,5696
3423,5697
3423,5698
3423,5699
3423,5700
3424,5701
3424,5702
3424,5703
3425,5704
3425,5705
3425,5706
3426,5707
3426,5708
3427,5709
3427,5710
3427,5711
3428,5712
3429,5713
3429,5714
3429,5715
3430,5716
3430,5717
3431,5718
3432,5719
3432,5720
3433,5721
3433,5722
3433,5723
3434,5724
3434,5725
3434,5726
3434,5727
3435,5728
3435,5729
3435,5730
3435,5731
3436,5732
3436,5733
3437,5734
3437,5735
3437,5736
3438,5737
3439,5738
3440,5739
3441,5740
3442,5741
3442,5742
3443,5743
3443,5744
3443,5745
3443,5746
3443,5747
3444,5748
3444,5749
3445,5750
3446,5751
3446,5752
3446,5753
3447,5754
3447,5755
3448,5756
3448,5757
3449,5758
3449,5759
3449,5760
3449,5761
3449,5762
3450,5763
3450,5764
3450,5765
3451,5766
3451,5767
3452,5768
3452,5769
3452,5770
3452,5771
3453,5772
3453,5773
3454,5774
3454,5775
3455,5776
3455,5777
3456,5778
3456,5779
3456,5780
3457,5781
3458,5782
3458,5783
3459,5784
3460,5785
3460,5786
3461,5787
3461,5788
3461,5789
3462,5790
3462,5791
3462,5792
3463,5793
3464,5794
3464,5795
3464,5796
3465,5797
3465,5798
3465,5799
3465,5800
3465,5801
3466,5802
3466,5803
3466,5804
3466,5805
3467,5806
3468,5807
3468,5808
3469,5809
3470,5810
3471,5811
3471,5812
3471,5813
3471,5814
3471,5815
3472,5816
3472,5817
3472,5818
3473,5819
3473,5820
3473,5821
3474,5822
3474,5823
3474,5824
3475,5825
3475,5826
3475,5827
3476,5828
3476,5829
3476,5830
3476,5831
3476,5832
3477,5833
3477,5834
3478,5835
3478,5836
3478,5837
3479,5838
3480,5839
3480,5840
3480,5841
3480,5842
3481,5843
3481,5844
3481,5845
3482,5846
3483,5847
3483,5848
3484,5849
3485,5850
3485,5851
3485,5852
3485,5853
3486,5854
3486,5855
3486,5856
3486,5857
3487,5858
3487,5859
3487,5860
3488,5861
3488,5862
3488,5863
3488,5864
3489,5865
3489,5866
3489,5867
3489,5868
3489,5869
3490,5870
3490,5871
3490,5872
3491,5873
3491,5874
3492,5875
3492,5876
3493,5877
3493,5878
3493,5879
3493,5880
3494,5881
3494,5882
3494,5883
3495,5884
3495,5885
3496,5886
3496,5887
3497,5888
3497,5889
3497,5890
3497,5891
3498,5892
3498,5893
3499,5894
3499,5895
3499,5896
3500,5897
3500,5898
3500,5899
3501,5900
3501,5901
3502,5902
3503,5903
3503,5904
3503,5905
3503,5906
3503,5907
3503,5908
3504,5909
3504,5910
3504,5911
3505,5912
3505,5913
3506,5914
3506,5915
3506,5916
3506,5917
3507,5918
3507,5919
3507,5920
3508,5921
3508,5922
3509,5923
3510,5924
3510,5925
3511,5926
3511,5927
3511,5928
3511,5929
3511,5930
3512,5931
3512,5932
3513,5933
3514,5934
3514,5935
3514,5936
3515,5937
3515,5938
3515,5939
3516,5940
3516,5941
3516,5942
3516,5943
3517,5944
3517,5945
3518,5946
3518,5947
3519,5948
3519,5949
3519,5950
3519,5951
3520,5952
3520,5953
3520,5954
3520,5955
3520,5956
3521,5957
3521,5958
3521,5959
3522,5960
3522,5961
3522,5962
3522,5963
3523,5964
3524,5965
3524,5966
3524,5967
3525,5968
3525,5969
3525,5970
3526,5971
3526,5972
3526,5973
3527,5974
3527,5975
3527,5976
3527,5977
3528,5978
3528,5979
3528,5980
3529,5981
3529,5982
3529,5983
3530,5984
3530,5985
3531,5986
3531,5987
3531,5988
3532,5989
3532,5990
3532,5991
3533,5992
3533,5993
3533,5994
3534,5995
3534,5996
3534,5997
3534,5998
3534,5999
3535,6000
3536,6001
3537,6002
3537,6003
3538,6004
3538,6005
3538,6006
3539,6007
3539,6008
3539,6009
3539,6010
3539,6011
3540,6012
3540,6013
3541,6014
3541,6015
3541,6016
3542,6017
3542,6018
3542,6019
3542,6020
3543,6021
3543,6022
3543,6023
3543,6024
3543,6025
3544,6026
3545,6027
3545,6028
3545,6029
3545,6030
3546,6031
3547,6032
3547,6033
3548,6034
3549,6035
3550,6036
3551,6037
3551,6038
3551,6039
3551,6040
3551,6041
3552,6042
3552,6043
3553,6044
3553,6045
3554,6046
3554,6047
3555,6048
3556,6049
3556,6050
3557,6051
3557,6052
3557,6053
3557,6054
3558,6055
3558,6056
3558,6057
3558,6058
3559,6059
3559,6060
3559,6061
3560,6062
3561,6063
3561,6064
3562,6065
3562,6066
3562,6067
3562,6068
3563,6069
3564,6070
3564,6071
3564,6072
3565,6073
3565,6074
3565,6075
3565,6076
3566,6077
3566,6078
3566,6079
3566,6080
3567,6081
3567,6082
3568,6083
3568,6084
3568,6085
3568,6086
3569,6087
3569,6088
3569,6089
3569,6090
3570,6091
3570,6092
3571,6093
3571,6094
3571,6095
3572,6096
3572,6097
3573,6098
3573,6099
3574,6100
3574,6101
3575,6102
3576,6103
3576,6104
3577,6105
3577,6106
3578,6107
3578,6108
3578,6109
3578,6110
3578,6111
3579,6112
3580,6113
3580,6114
3580,6115
3581,6116
3581,6117
3582,6118
3582,6119
3583,6120
3584,6121
3584,6122
3584,6123
3585,6124
3586,6125
3586,6126
3586,6127
3587,6128
3587,6129
3587,6130
3588,6131
3588,6132
3588,6133
3589,6134
3589,6135
3589,6136
3590,6137
3590,6138
3590,6139
3591,6140
3592,6141
3592,6142
3593,6143
3594,6144
3594,6145
3594,6146
3595,6147
3596,6148
3596,6149
3596,6150
3597,6151
3597,6152
3598,6153
3598,6154
3599,6155
3599,6156
3599,6157
3599,6158
3600,6159
3600,6160
3601,6161
3601,6162
3602,6163
3602,6164
3603,6165
3603,6166
3604,6167
3605,6168
3605,6169
3605,6170
3606,6171
3606,6172
3607,6173
3607,6174
3608,6175
3608,6176
3608,6177
3609,6178
3609,6179
3609,6180
3610,6181
3610,6182
3610,6183
3611,6184
3611,6185
3611,6186
3611,6187
3612,6188
3612,6189
3613,6190
3613,6191
3614,6192
3614,6193
3614,6194
3615,6195
3616,6196
3616,6197
3617,6198
3617,6199
3617,6200
3618,6201
3619,6202
3619,6203
3619,6204
3619,6205
3620,6206
3620,6207
3621,6208
3621,6209
3621,6210
3622,6211
3622,6212
3622,6213
3623,6214
3623,6215
3623,6216
3623,6217
3624,6218
3624,6219
3624,6220
3625,6221
3625,6222
3625,6223
3626,6224
3626,6225
3627,6226
3627,6227
3628,6228
3628,6229
3628,6230
3629,6231
3629,6232
3630,6233
3631,6234
3631,6235
3632,6236
3632,6237
3633,6238
3634,6239
3634,6240
3634,6241
3634,6242
3634,6243
3635,6244
3635,6245
3635,6246
3636,6247
3636,6248
3636,6249
3637,6250
3637,6251
3638,6252
3638,6253
3638,6254
3639,6255
3639,6256
3640,6257
3640,6258
3641,6259
3641,6260
3641,6261
3641,6262
3642,6263
3642,6264
3642,6265
3643,6266
3643,6267
3644,6268
3644,6269
3644,6270
3645,6271
3645,6272
3645,6273
3646,6274
3646,6275
3646,6276
3646,6277
3646,6278
3647,6279
3647,6280
3647,6281
3648,6282
3648,6283
3648,6284
3649,6285
3649,6286
3649,6287
3649,6288
3650,6289
3650,6290
3650,6291
3651,6292
3651,6293
3652,6294
3652,6295
3652,6296
3652,6297
3653,6298
3653,6299
3653,6300
3653,6301
3654,6302
3654,6303
3654,6304
3655,6305
3655,6306
3655,6307
3655,6308
3655,6309
3656,6310
3656,6311
3656,6312
3657,6313
3657,6314
3658,6315
3658,6316
3659,6317
3659,6318
3659,6319
3660,6320
3660,6321
3660,6322
3660,6323
3660,6324
3661,6325
3661,6326
3662,6327
3663,6328
3663,6329
3663,6330
3664,6331
3664,6332
3664,6333
3664,6334
3665,6335
3665,6336
3666,6337
3666,6338
3666,6339
3666,6340
3666,6341
3667,6342
3668,6343
3669,6344
3670,6345
3670,6346
3671,6347
3671,6348
3672,6349
3672,6350
3672,6351
3673,6352
3673,6353
3673,6354
3673,6355
3673,6356
3674,6357
3674,6358
3674,6359
3675,6360
3676,6361
3676,6362
3676,6363
3677,6364
3677,6365
3678,6366
3678,6367
3678,6368
3679,6369
3679,6370
3680,6371
3680,6372
3681,6373
3682,6374
3682,6375
3682,6376
3683,6377
3683,6378
3684,6379
3684,6380
3684,6381
3684,6382
3685,6383
3685,6384
3686,6385
3686,6386
3686,6387
3686,6388
3687,6389
3688,6390
3688,6391
3689,6392
3689,6393
3689,6394
3689,6395
3690,6396
3690,6397
3690,6398
3690,6399
3690,6400
3690,6401
3691,6402
3691,6403
3692,6404
3692,6405
3692,6406
3693,6407
3693,6408
3693,6409
3694,6410
3694,6411
3695,6412
3695,6413
3695,6414
3695,6415
3696,6416
3696,6417
3697,6418
3697,6419
3697,6420
3697,6421
3698,6422
3698,6423
3699,6424
3699,6425
3699,6426
3700,6427
3701,6428
3702,6429
3703,6430
3703,6431
3704,6432
3705,6433
3706,6434
3706,6435
3707,6436
3707,6437
3707,6438
3707,6439
3708,6440
3708,6441
3708,6442
3709,6443
3709,6444
3710,6445
3710,6446
3710,6447
3710,6448
3711,6449
3711,6450
3711,6451
3711,6452
3712,6453
3712,6454
3712,6455
3713,6456
3713,6457
3714,6458
3714,6459
3714,6460
3715,6461
3715,6462
3716,6463
3716,6464
3716,6465
3717,6466
3717,6467
3717,6468
3718,6469
3718,6470
3719,6471
3719,6472
3719,6473
3720,6474
3720,6475
3720,6476
3721,6477
3721,6478
3721,6479
3722,6480
3722,6481
3723,6482
3724,6483
3725,6484
3725,6485
3725,6486
3726,6487
3726,6488
3727,6489
3727,6490
3727,6491
3728,6492
3728,6493
3728,6494
3729,6495
3729,6496
3729,6497
3730,6498
3731,6499
3731,6500
3731,6501
3732,6502
3732,6503
3732,6504
3733,6505
3733,6506
3734,6507
3735,6508
3735,6509
3735,6510
3736,6511
3736,6512
3737,6513
3737,6514
3737,6515
3738,6516
3738,6517
3739,6518
3739,6519
3740,6520
3740,6521
3741,6522
3742,6523
3742,6524
3742,6525
3743,6526
3743,6527
3744,6528
3745,6529
3745,6530
3745,6531
3746,6532
3746,6533
3747,6534
3747,6535
3747,6536
3748,6537
3748,6538
3749,6539
3749,6540
3749,6541
3749,6542
3750,6543
3751,6544
3752,6545
3753,6546
3753,6547
3754,6548
3754,6549
3754,6550
3754,6551
3755,6552
3755,6553
3755,6554
3756,6555
3756,6556
3756,6557
3756,6558
3757,6559
3757,6560
3757,6561
3758,6562
3759,6563
3759,6564
3759,6565
3760,6566
3761,6567
3762,6568
3763,6569
3763,6570
3763,6571
3764,6572
3764,6573
3764,6574
3764,6575
3765,6576
3766,6577
3767,6578
3767,6579
3768,6580
3768,6581
3769,6582
3770,6583
3770,6584
3771,6585
3771,6586
3772,6587
3772,6588
3773,6589
3773,6590
3773,6591
3774,6592
3775,6593
3775,6594
3775,6595
3776,6596
3777,6597
3777,6598
3777,6599
3778,6600
3778,6601
3779,6602
3779,6603
3779,6604
3780,6605
3780,6606
3781,6607
3781,6608
3781,6609
3781,6610
3782,6611
3782,6612
3782,6613
3783,6614
3783,6615
3784,6616
3785,6617
3785,6618
3786,6619
3786,6620
3787,6621
3788,6622
3788,6623
3789,6624
3789,6625
3790,6626
3791,6627
3791,6628
3791,6629
3792,6630
3792,6631
3793,6632
3794,6633
3794,6634
3795,6635
3795,6636
3795,6637
3795,6638
3795,6639
3796,6640
3796,6641
3796,6642
3797,6643
3797,6644
3797,6645
3798,6646
3798,6647
3798,6648
3799,6649
3799,6650
3800,6651
3800,6652
3800,6653
3801,6654
3801,6655
3802,6656
3802,6657
3803,6658
3803,6659
3804,6660
3804,6661
3804,6662
3805,6663
3805,6664
3805,6665
3806,6666
3806,6667
3807,6668
3807,6669
3808,6670
3808,6671
3808,6672
3809,6673
3810,6674
3810,6675
3810,6676
3811,6677
3812,6678
3812,6679
3813,6680
3814,6681
3814,6682
3814,6683
3815,6684
3815,6685
3815,6686
3816,6687
3816,6688
3816,6689
3817,6690
3817,6691
3818,6692
3818,6693
3818,6694
3819,6695
3819,6696
3820,6697
3820,6698
3821,6699
3821,6700
3822,6701
3822,6702
3823,6703
3823,6704
3824,6705
3825,6706
3825,6707
3825,6708
3825,6709
3826,6710
3827,6711
3827,6712
3827,6713
3828,6714
3828,6715
3829,6716
3829,6717
3830,6718
3830,6719
3831,6720
3831,6721
3831,6722
3832,6723
3832,6724
3832,6725
3833,6726
3833,6727
3833,6728
3833,6729
3833,6730
3834,6731
3834,6732
3834,6733
3835,6734
3835,6735
3836,6736
3836,6737
3836,6738
3836,6739
3836,6740
3837,6741
3837,6742
3837,6743
3837,6744
3837,6745
3838,6746
3839,6747
3839,6748
3839,6749
3840,6750
3840,6751
3840,6752
3841,6753
3842,6754
3842,6755
3842,6756
3843,6757
3843,6758
3843,6759
3843,6760
3843,6761
3844,6762
3844,6763
3844,6764
3845,6765
3845,6766
3846,6767
3846,6768
3847,6769
3847,6770
3848,6771
3848,6772
3848,6773
3848,6774
3848,6775
3848,6776
3849,6777
3849,6778
3850,6779
3850,6780
3850,6781
3851,6782
3852,6783
3852,6784
3853,6785
3853,6786
3853,6787
3853,6788
3853,6789
3853,6790
3854,6791
3854,6792
3854,6793
3854,6794
3855,6795
3855,6796
3856,6797
3856,6798
3857,6799
3857,6800
3857,6801
3857,6802
3858,6803
3858,6804
3858,6805
3858,6806
3858,6807
3859,6808
3859,6809
3860,6810
3860,6811
3860,6812
3861,6813
3862,6814
3862,6815
3862,6816
3863,6817
3864,6818
3864,6819
3865,6820
3865,6821
3865,6822
3865,6823
3866,6824
3866,6825
3866,6826
3867,6827
3867,6828
3867,6829
3868,6830
3868,6831
3868,6832
3868,6833
3868,6834
3869,6835
3869,6836
3869,6837
3869,6838
3870,6839
3870,6840
3871,6841
3871,6842
3872,6843
3872,6844
3872,6845
3872,6846
3872,6847
3872,6848
3873,6849
3873,6850
3873,6851
3873,6852
3873,6853
3874,6854
3874,6855
3874,6856
3874,6857
3874,6858
3875,6859
3876,6860
3876,6861
3876,6862
3877,6863
3877,6864
3878,6865
3878,6866
3878,6867
3879,6868
3879,6869
3879,6870
3880,6871
3880,6872
3880,6873
3881,6874
3881,6875
3881,6876
3882,6877
3882,6878
3883,6879
3883,6880
3884,6881
3884,6882
3884,6883
3884,6884
3885,6885
3885,6886
3885,6887
3885,6888
3886,6889
3886,6890
3887,6891
3887,6892
3888,6893
3888,6894
3889,6895
3889,6896
3890,6897
3890,6898
3890,6899
3890,6900
3890,6901
3891,6902
3891,6903
3891,6904
3892,6905
3892,6906
3892,6907
3893,6908
3893,6909
3894,6910
3895,6911
3895,6912
3895,6913
3896,6914
3896,6915
3896,6916
3896,6917
3897,6918
3897,6919
3897,6920
3898,6921
3898,6922
3898,6923
3899,6924
3899,6925
3899,6926
3899,6927
3899,6928
3900,6929
3901,6930
3901,6931
3901,6932
3902,6933
3902,6934
3902,6935
3902,6936
3902,6937
3903,6938
3904,6939
3904,6940
3905,6941
3905,6942
3905,6943
3905,6944
3905,6945
3906,6946
3906,6947
3907,6948
3907,6949
3908,6950
3908,6951
3908,6952
3909,6953
3909,6954
3910,6955
3910,6956
3910,6957
3911,6958
3911,6959
3911,6960
3912,6961
3912,6962
3912,6963
3913,6964
3914,6965
3914,6966
3914,6967
3914,6968
3915,6969
3915,6970
3915,6971
3915,6972
3916,6973
3916,6974
3916,6975
3916,6976
3916,6977
3916,6978
3917,6979
3917,6980
3917,6981
3918,6982
3919,6983
3919,6984
3919,6985
3920,6986
3920,6987
3921,6988
3921,6989
3921,6990
3921,6991
3921,6992
3922,6993
3923,6994
3923,6995
3924,6996
3924,6997
3925,6998
3925,6999
3925,7000
3926,7001
3926,7002
3926,7003
3927,7004
3927,7005
3928,7006
3928,7007
3928,7008
3929,7009
3929,7010
3930,7011
3930,7012
3930,7013
3930,7014
3931,7015
3931,7016
3932,7017
3932,7018
3933,7019
3933,7020
3933,7021
3933,7022
3934,7023
3934,7024
3934,7025
3935,7026
3935,7027
3935,7028
3935,7029
3936,7030
3936,7031
3936,7032
3937,7033
3937,7034
3937,7035
3937,7036
3937,7037
3938,7038
3938,7039
3938,7040
3939,7041
3939,7042
3940,7043
3941,7044
3941,7045
3942,7046
3942,7047
3943,7048
3944,7049
3945,7050
3945,7051
3945,7052
3945,7053
3946,7054
3946,7055
3946,7056
3947,7057
3947,7058
3947,7059
3947,7060
3948,7061
3948,7062
3948,7063
3949,7064
3949,7065
3949,7066
3949,7067
3950,7068
3950,7069
3950,7070
3951,7071
3951,7072
3952,7073
3952,7074
3952,7075
3952,7076
3953,7077
3953,7078
3953,7079
3953,7080
3954,7081
3954,7082
3955,7083
3955,7084
3955,7085
3955,7086
3955,7087
3956,7088
3956,7089
3956,7090
3957,7091
3957,7092
3957,7093
3958,7094
3959,7095
3959,7096
3959,7097
3960,7098
3960,7099
3961,7100
3962,7101
3963,7102
3964,7103
3964,7104
3964,7105
3964,7106
3964,7107
3965,7108
3965,7109
3965,7110
3965,7111
3965,7112
3966,7113
3966,7114
3967,7115
3967,7116
3967,7117
3968,7118
3969,7119
3969,7120
3969,7121
3969,7122
3970,7123
3970,7124
3971,7125
3971,7126
3972,7127
3972,7128
3972,7129
3972,7130
3973,7131
3974,7132
3974,7133
3974,7134
3975,7135
3975,7136
3975,7137
3975,7138
3976,7139
3976,7140
3976,7141
3977,7142
3977,7143
3977,7144
3977,7145
3977,7146
3978,7147
3978,7148
3978,7149
3978,7150
3979,7151
3979,7152
3980,7153
3980,7154
3981,7155
3982,7156
3983,7157
3984,7158
3984,7159
3984,7160
3984,7161
3985,7162
3985,7163
3986,7164
3986,7165
3987,7166
3987,7167
3988,7168
3989,7169
3989,7170
3990,7171
3991,7172
3992,7173
3992,7174
3992,7175
3993,7176
3993,7177
3993,7178
3993,7179
3994,7180
3994,7181
3994,7182
3995,7183
3995,7184
3996,7185
3996,7186
3997,7187
3997,7188
3997,7189
3997,7190
3998,7191
3998,7192
3998,7193
3999,7194
3999,7195
4000,7196
4001,7197
4002,7198
4002,7199
4002,7200
4003,7201
4003,7202
4003,7203
4004,7204
4004,7205
4004,7206
4004,7207
4004,7208
4005,7209
4005,7210
4005,7211
4005,7212
4006,7213
4006,7214
4006,7215
4006,7216
4007,7217
4007,7218
4007,7219
4007,7220
4008,7221
4008,7222
4008,7223
4009,7224
4009,7225
4009,7226
4010,7227
4010,7228
4010,7229
4011,7230
4011,7231
4012,7232
4012,7233
4012,7234
4013,7235
4013,7236
4014,7237
4014,7238
4014,7239
4014,7240
4015,7241
4015,7242
4015,7243
4015,7244
4016,7245
4016,7246
4016,7247
4016,7248
4016,7249
4017,7250
4017,7251
4017,7252
4018,7253
4018,7254
4018,7255
4018,7256
4018,7257
4019,7258
4019,7259
4020,7260
4020,7261
4021,7262
4022,7263
4022,7264
4023,7265
4023,7266
4023,7267
4023,7268
4023,7269
4024,7270
4024,7271
4024,7272
4024,7273
4025,7274
4026,7275
4027,7276
4027,7277
4027,7278
4028,7279
4028,7280
4029,7281
4029,7282
4029,7283
4030,7284
4030,7285
4030,7286
4031,7287
4031,7288
4031,7289
4032,7290
4032,7291
4033,7292
4033,7293
4033,7294
4033,7295
4034,7296
4034,7297
4035,7298
4035,7299
4035,7300
4035,7301
4036,7302
4036,7303
4036,7304
4037,7305
4037,7306
4037,7307
4038,7308
4038,7309
4038,7310
4038,7311
4039,7312
4039,7313
4039,7314
4040,7315
4040,7316
4041,7317
4041,7318
4041,7319
4041,7320
4042,7321
4043,7322
4044,7323
4044,7324
4044,7325
4045,7326
4045,7327
4046,7328
4046,7329
4047,7330
4047,7331
4048,7332
4048,7333
4049,7334
4049,7335
4050,7336
4051,7337
4051,7338
4051,7339
4052,7340
4052,7341
4053,7342
4053,7343
4053,7344
4053,7345
4053,7346
4054,7347
4054,7348
4054,7349
4055,7350
4056,7351
4056,7352
4057,7353
4057,7354
4057,7355
4058,7356
4058,7357
4058,7358
4058,7359
4059,7360
4059,7361
4060,7362
4060,7363
4060,7364
4061,7365
4061,7366
4062,7367
4062,7368
4063,7369
4063,7370
4064,7371
4064,7372
4064,7373
4065,7374
4065,7375
4065,7376
4066,7377
4066,7378
4066,7379
4067,7380
4067,7381
4067,7382
4068,7383
4068,7384
4069,7385
4069,7386
4069,7387
4069,7388
4069,7389
4069,7390
4070,7391
4071,7392
4071,7393
4072,7394
4072,7395
4072,7396
4072,7397
4073,7398
4073,7399
4074,7400
4074,7401
4074,7402
4074,7403
4075,7404
4075,7405
4076,7406
4076,7407
4077,7408
4077,7409
4077,7410
4078,7411
4079,7412
4079,7413
4080,7414
4080,7415
4080,7416
4081,7417
4081,7418
4081,7419
4082,7420
4082,7421
4082,7422
4083,7423
4083,7424
4084,7425
4084,7426
4084,7427
4085,7428
4085,7429
4086,7430
4086,7431
4086,7432
4087,7433
4087,7434
4088,7435
4088,7436
4088,7437
4089,7438
4089,7439
4089,7440
4090,7441
4090,7442
4091,7443
4092,7444
4093,7445
4093,7446
4093,7447
4093,7448
4094,7449
4094,7450
4095,7451
4095,7452
4095,7453
4096,7454
4096,7455
4096,7456
4097,7457
4097,7458
4098,7459
4099,7460
4099,7461
4099,7462
4099,7463
4100,7464
4100,7465
4101,7466
4101,7467
4101,7468
4102,7469
4102,7470
4102,7471
4102,7472
4103,7473
4103,7474
4104,7475
4104,7476
4104,7477
4105,7478
4105,7479
4105,7480
4105,7481
4106,7482
4106,7483
4106,7484
4106,7485
4107,7486
4107,7487
4107,7488
4108,7489
4109,7490
4109,7491
4109,7492
4109,7493
4110,7494
4110,7495
4110,7496
4111,7497
4112,7498
4112,7499
4112,7500
4112,7501
4113,7502
4113,7503
4114,7504
4114,7505
4115,7506
4115,7507
4115,7508
4115,7509
4116,7510
4116,7511
4116,7512
4116,7513
4117,7514
4117,7515
4117,7516
4118,7517
4118,7518
4118,7519
4119,7520
4120,7521
4120,7522
4120,7523
4120,7524
4121,7525
4121,7526
4121,7527
4121,7528
4122,7529
4122,7530
4122,7531
4123,7532
4123,7533
4123,7534
4123,7535
4124,7536
4125,7537
4125,7538
4125,7539
4126,7540
4126,7541
4126,7542
4126,7543
4127,7544
4127,7545
4127,7546
4128,7547
4128,7548
4128,7549
4129,7550
4129,7551
4130,7552
4130,7553
4130,7554
4131,7555
4131,7556
4131,7557
4132,7558
4132,7559
4133,7560
4133,7561
4133,7562
4133,7563
4134,7564
4135,7565
4135,7566
4135,7567
4135,7568
4136,7569
4136,7570
4137,7571
4137,7572
4138,7573
4138,7574
4138,7575
4139,7576
4140,7577
4140,7578
4141,7579
4141,7580
4141,7581
4142,7582
4143,7583
4143,7584
4143,7585
4144,7586
4144,7587
4144,7588
4144,7589
4145,7590
4145,7591
4145,7592
4146,7593
4146,7594
4146,7595
4146,7596
4147,7597
4147,7598
4148,7599
4148,7600
4149,7601
4149,7602
4149,7603
4150,7604
4150,7605
4150,7606
4150,7607
4150,7608
4150,7609
4151,7610
4152,7611
4153,7612
4153,7613
4154,7614
4154,7615
4154,7616
4155,7617
4155,7618
4155,7619
4155,7620
4156,7621
4156,7622
4156,7623
4156,7624
4157,7625
4157,7626
4157,7627
4158,7628
4159,7629
4160,7630
4160,7631
4161,7632
4161,7633
4161,7634
4161,7635
4161,7636
4161,7637
4162,7638
4162,7639
4163,7640
4163,7641
4164,7642
4164,7643
4165,7644
4165,7645
4166,7646
4166,7647
4166,7648
4166,7649
4167,7650
4167,7651
4168,7652
4168,7653
4168,7654
4168,7655
4169,7656
4169,7657
4169,7658
4170,7659
4170,7660
4171,7661
4171,7662
4171,7663
4171,7664
4172,7665
4172,7666
4173,7667
4173,7668
4174,7669
4174,7670
4174,7671
4175,7672
4175,7673
4175,7674
4176,7675
4176,7676
4177,7677
4177,7678
4177,7679
4177,7680
4178,7681
4178,7682
4179,7683
4179,7684
4180,7685
4180,7686
4180,7687
4180,7688
4181,7689
4181,7690
4181,7691
4182,7692
4182,7693
4182,7694
4182,7695
4182,7696
4182,7697
4183,7698
4183,7699
4184,7700
4184,7701
4184,7702
4185,7703
4185,7704
4185,7705
4185,7706
4186,7707
4186,7708
4186,7709
4187,7710
4188,7711
4188,7712
4189,7713
4189,7714
4189,7715
4190,7716
4190,7717
4190,7718
4191,7719
4191,7720
4191,7721
4191,7722
4191,7723
4192,7724
4192,7725
4192,7726
4193,7727
4193,7728
4194,7729
4194,7730
4195,7731
4196,7732
4196,7733
4196,7734
4196,7735
4197,7736
4197,7737
4198,7738
4198,7739
4198,7740
4199,7741
4199,7742
4199,7743
4200,7744
4200,7745
4201,7746
4202,7747
4202,7748
4203,7749
4203,7750
4203,7751
4204,7752
4204,7753
4205,7754
4205,7755
4206,7756
4206,7757
4207,7758
4208,7759
4209,7760
4209,7761
4210,7762
4210,7763
4210,7764
4211,7765
4211,7766
4212,7767
4212,7768
4213,7769
4214,7770
4214,7771
4214,7772
4215,7773
4215,7774
4215,7775
4216,7776
4216,7777
4217,7778
4217,7779
4218,7780
4218,7781
4218,7782
4219,7783
4219,7784
4219,7785
4220,7786
4220,7787
4221,7788
4221,7789
4222,7790
4223,7791
4223,7792
4224,7793
4224,7794
4224,7795
4225,7796
4226,7797
4227,7798
4228,7799
4228,7800
4229,7801
4229,7802
4229,7803
4230,7804
4230,7805
4231,7806
4232,7807
4232,7808
4232,7809
4232,7810
4232,7811
4233,7812
4233,7813
4234,7814
4234,7815
4234,7816
4234,7817
4234,7818
4235,7819
4235,7820
4235,7821
4236,7822
4236,7823
4236,7824
4237,7825
4238,7826
4238,7827
4238,7828
4238,7829
4238,7830
4239,7831
4239,7832
4239,7833
4239,7834
4240,7835
4240,7836
4241,7837
4241,7838
4241,7839
4241,7840
4242,7841
4242,7842
4242,7843
4242,7844
4242,7845
4243,7846
4243,7847
4244,7848
4245,7849
4245,7850
4246,7851
4246,7852
4246,7853
4247,7854
4247,7855
4247,7856
4247,7857
4247,7858
4247,7859
4248,7860
4249,7861
4249,7862
4249,7863
4250,7864
4251,7865
4251,7866
4252,7867
4252,7868
4252,7869
4252,7870
4252,7871
4253,7872
4253,7873
4253,7874
4254,7875
4255,7876
4256,7877
4256,7878
4256,7879
4257,7880
4257,7881
4257,7882
4257,7883
4258,7884
4259,7885
4259,7886
4259,7887
4260,7888
4260,7889
4261,7890
4261,7891
4261,7892
4262,7893
4263,7894
4263,7895
4264,7896
4264,7897
4264,7898
4264,7899
4265,7900
4266,7901
4266,7902
4266,7903
4266,7904
4267,7905
4267,7906
4267,7907
4267,7908
4268,7909
4268,7910
4269,7911
4270,7912
4270,7913
4270,7914
4271,7915
4271,7916
4271,7917
4272,7918
4272,7919
4272,7920
4273,7921
4274,7922
4275,7923
4275,7924
4276,7925
4276,7926
4276,7927
4277,7928
4277,7929
4277,7930
4278,7931
4278,7932
4279,7933
4279,7934
4279,7935
4279,7936
4280,7937
4280,7938
4281,7939
4281,7940
4282,7941
4282,7942
4283,7943
4283,7944
4283,7945
4284,7946
4284,7947
4284,7948
4285,7949
4285,7950
4285,7951
4285,7952
4286,7953
4287,7954
4288,7955
4288,7956
4288,7957
4289,7958
4289,7959
4289,7960
4289,7961
4289,7962
4290,7963
4290,7964
4290,7965
4291,7966
4291,7967
4291,7968
4292,7969
4292,7970
4292,7971
4292,7972
4292,7973
4293,7974
4293,7975
4294,7976
4294,7977
4294,7978
4294,7979
4295,7980
4296,7981
4296,7982
4297,7983
4297,7984
4297,7985
4297,7986
4298,7987
4298,7988
4298,7989
4299,7990
4300,7991
4301,7992
4301,7993
4301,7994
4302,7995
4303,7996
4303,7997
4303,7998
4303,7999
4304,8000
4304,8001
4304,8002
4305,8003
4305,8004
4305,8005
4306,8006
4306,8007
4306,8008
4307,8009
4307,8010
4308,8011
4308,8012
4308,8013
4308,8014
4308,8015
4309,8016
4310,8017
4310,8018
4310,8019
4310,8020
4311,8021
4311,8022
4311,8023
4311,8024
4312,8025
4312,8026
4312,8027
4313,8028
4313,8029
4313,8030
4314,8031
4314,8032
4314,8033
4315,8034
4315,8035
4315,8036
4316,8037
4316,8038
4316,8039
4317,8040
4318,8041
4319,8042
4319,8043
4320,8044
4320,8045
4321,8046
4321,8047
4322,8048
4322,8049
4322,8050
4323,8051
4323,8052
4323,8053
4324,8054
4324,8055
4324,8056
4325,8057
4325,8058
4325,8059
4326,8060
4327,8061
4327,8062
4327,8063
4328,8064
4328,8065
4328,8066
4329,8067
4329,8068
4329,8069
4330,8070
4330,8071
4330,8072
4331,8073
4331,8074
4332,8075
4332,8076
4332,8077
4332,8078
4333,8079
4333,8080
4333,8081
4334,8082
4335,8083
4335,8084
4335,8085
4335,8086
4336,8087
4336,8088
4337,8089
4337,8090
4338,8091
4338,8092
4339,8093
4340,8094
4340,8095
4340,8096
4341,8097
4341,8098
4342,8099
4342,8100
4342,8101
4342,8102
4342,8103
4343,8104
4344,8105
4344,8106
4345,8107
4346,8108
4346,8109
4346,8110
4347,8111
4347,8112
4347,8113
4348,8114
4348,8115
4348,8116
4349,8117
4349,8118
4349,8119
4350,8120
4350,8121
4350,8122
4351,8123
4351,8124
4352,8125
4352,8126
4352,8127
4352,8128
4353,8129
4353,8130
4354,8131
4355,8132
4356,8133
4356,8134
4357,8135
4357,8136
4357,8137
4358,8138
4358,8139
4358,8140
4358,8141
4359,8142
4360,8143
4360,8144
4360,8145
4361,8146
4361,8147
4361,8148
4362,8149
4363,8150
4363,8151
4363,8152
4364,8153
4364,8154
4365,8155
4365,8156
4365,8157
4366,8158
4366,8159
4367,8160
4367,8161
4368,8162
4368,8163
4368,8164
4368,8165
4368,8166
4369,8167
4370,8168
4371,8169
4371,8170
4371,8171
4372,8172
4372,8173
4373,8174
4373,8175
4374,8176
4374,8177
4374,8178
4375,8179
4375,8180
4375,8181
4376,8182
4376,8183
4376,8184
4376,8185
4377,8186
4377,8187
4377,8188
4378,8189
4378,8190
4378,8191
4378,8192
4378,8193
4379,8194
4379,8195
4379,8196
4380,8197
4380,8198
4380,8199
4381,8200
4381,8201
4381,8202
4381,8203
4381,8204
4381,8205
4382,8206
4382,8207
4382,8208
4382,8209
4383,8210
4384,8211
4384,8212
4384,8213
4385,8214
4386,8215
4386,8216
4386,8217
4386,8218
4387,8219
4387,8220
4388,8221
4388,8222
4388,8223
4388,8224
4388,8225
4389,8226
4389,8227
4390,8228
4390,8229
4390,8230
4390,8231
4391,8232
4391,8233
4391,8234
4391,8235
4392,8236
4392,8237
4393,8238
4393,8239
4393,8240
4393,8241
4394,8242
4394,8243
4395,8244
4395,8245
4395,8246
4395,8247
4396,8248
4396,8249
4396,8250
4397,8251
4397,8252
4398,8253
4398,8254
4398,8255
4398,8256
4399,8257
4399,8258
4399,8259
4400,8260
4401,8261
4401,8262
4401,8263
4402,8264
4403,8265
4404,8266
4405,8267
4406,8268
4406,8269
4406,8270
4407,8271
4407,8272
4407,8273
4408,8274
4408,8275
4408,8276
4409,8277
4409,8278
4409,8279
4410,8280
4410,8281
4410,8282
4410,8283
4410,8284
4411,8285
4411,8286
4411,8287
4411,8288
4411,8289
4412,8290
4413,8291
4414,8292
4414,8293
4415,8294
4415,8295
4416,8296
4416,8297
4417,8298
4417,8299
4417,8300
4418,8301
4418,8302
4418,8303
4419,8304
4419,8305
4419,8306
4419,8307
4419,8308
4420,8309
4420,8310
4421,8311
4422,8312
4423,8313
4424,8314
4425,8315
4425,8316
4425,8317
4426,8318
4427,8319
4428,8320
4428,8321
4428,8322
4429,8323
4429,8324
4430,8325
4430,8326
4430,8327
4430,8328
4431,8329
4432,8330
4432,8331
4433,8332
4433,8333
4434,8334
4434,8335
4435,8336
4436,8337
4436,8338
4437,8339
4437,8340
4437,8341
4438,8342
4439,8343
4439,8344
4439,8345
4439,8346
4439,8347
4440,8348
4440,8349
4441,8350
4442,8351
4442,8352
4443,8353
4443,8354
4444,8355
4444,8356
4444,8357
4444,8358
4445,8359
4445,8360
4446,8361
4446,8362
4446,8363
4447,8364
4447,8365
4447,8366
4447,8367
4448,8368
4448,8369
4448,8370
4449,8371
4450,8372
4450,8373
4450,8374
4450,8375
4450,8376
4451,8377
4451,8378
4452,8379
4452,8380
4453,8381
4453,8382
4454,8383
4454,8384
4455,8385
4455,8386
4456,8387
4456,8388
4457,8389
4457,8390
4457,8391
4457,8392
4458,8393
4458,8394
4459,8395
4459,8396
4459,8397
4459,8398
4460,8399
4460,8400
4461,8401
4461,8402
4462,8403
4462,8404
4463,8405
4464,8406
4464,8407
4464,8408
4465,8409
4465,8410
4466,8411
4466,8412
4467,8413
4467,8414
4467,8415
4468,8416
4469,8417
4470,8418
4470,8419
4470,8420
4471,8421
4471,8422
4471,8423
4472,8424
4473,8425
4473,8426
4473,8427
4473,8428
4474,8429
4474,8430
4474,8431
4475,8432
4475,8433
4475,8434
4476,8435
4476,8436
4476,8437
4477,8438
4477,8439
4477,8440
4477,8441
4478,8442
4478,8443
4479,8444
4479,8445
4480,8446
4481,8447
4481,8448
4481,8449
4482,8450
4482,8451
4482,8452
4483,8453
4483,8454
4483,8455
4483,8456
4484,8457
4485,8458
4485,8459
4485,8460
4486,8461
4486,8462
4486,8463
4486,8464
4487,8465
4487,8466
4487,8467
4488,8468
4488,8469
4488,8470
4488,8471
4489,8472
4490,8473
4490,8474
4491,8475
4492,8476
4492,8477
4492,8478
4492,8479
4492,8480
4493,8481
4493,8482
4493,8483
4493,8484
4493,8485
4494,8486
4494,8487
4494,8488
4495,8489
4495,8490
4495,8491
4495,8492
4496,8493
4496,8494
4497,8495
4497,8496
4497,8497
4498,8498
4499,8499
4499,8500
4500,8501
4500,8502
4500,8503
4500,8504
4500,8505
4501,8506
4501,8507
4501,8508
4502,8509
4502,8510
4502,8511
4503,8512
4503,8513
4503,8514
4504,8515
4504,8516
4504,8517
4504,8518
4505,8519
4506,8520
4506,8521
4507,8522
4507,8523
4507,8524
4507,8525
4507,8526
4508,8527
4508,8528
4509,8529
4509,8530
4509,8531
4510,8532
4511,8533
4512,8534
4512,8535
4513,8536
4513,8537
4513,8538
4514,8539
4514,8540
4514,8541
4515,8542
4515,8543
4515,8544
4515,8545
4516,8546
4517,8547
4517,8548
4517,8549
4517,8550
4518,8551
4518,8552
4519,8553
4519,8554
4519,8555
4519,8556
4520,8557
4520,8558
4520,8559
4520,8560
4520,8561
4520,8562
4521,8563
4521,8564
4522,8565
4522,8566
4522,8567
4522,8568
4522,8569
4523,8570
4523,8571
4523,8572
4524,8573
4524,8574
4525,8575
4525,8576
4525,8577
4525,8578
4525,8579
4526,8580
4526,8581
4526,8582
4526,8583
4527,8584
4528,8585
4528,8586
4528,8587
4528,8588
4528,8589
4529,8590
4529,8591
4529,8592
4529,8593
4530,8594
4531,8595
4531,8596
4531,8597
4532,8598
4532,8599
4532,8600
4533,8601
4533,8602
4533,8603
4534,8604
4534,8605
4534,8606
4535,8607
4536,8608
4537,8609
4537,8610
4537,8611
4538,8612
4539,8613
4539,8614
4539,8615
4539,8616
4540,8617
4540,8618
4540,8619
4541,8620
4541,8621
4541,8622
4542,8623
4542,8624
4542,8625
4543,8626
4543,8627
4543,8628
4543,8629
4544,8630
4544,8631
4544,8632
4544,8633
4544,8634
4545,8635
4545,8636
4545,8637
4546,8638
4546,8639
4546,8640
4547,8641
4547,8642
4547,8643
4548,8644
4548,8645
4548,8646
4549,8647
4549,8648
4549,8649
4550,8650
4551,8651
4551,8652
4552,8653
4552,8654
4552,8655
4553,8656
4553,8657
4554,8658
4554,8659
4554,8660
4555,8661
4555,8662
4555,8663
4555,8664
4556,8665
4556,8666
4556,8667
4556,8668
4557,8669
4557,8670
4557,8671
4558,8672
4559,8673
4559,8674
4559,8675
4559,8676
4560,8677
4560,8678
4560,8679
4561,8680
4562,8681
4562,8682
4562,8683
4563,8684
4563,8685
4564,8686
4564,8687
4564,8688
4565,8689
4565,8690
4565,8691
4565,8692
4565,8693
4566,8694
4566,8695
4566,8696
4566,8697
4567,8698
4567,8699
4567,8700
4568,8701
4568,8702
4568,8703
4569,8704
4570,8705
4570,8706
4570,8707
4570,8708
4571,8709
4571,8710
4571,8711
4571,8712
4572,8713
4572,8714
4572,8715
4573,8716
4573,8717
4573,8718
4574,8719
4575,8720
4576,8721
4577,8722
4577,8723
4577,8724
4577,8725
4578,8726
4578,8727
4578,8728
4579,8729
4579,8730
4579,8731
4579,8732
4580,8733
4581,8734
4581,8735
4581,8736
4582,8737
4583,8738
4583,8739
4583,8740
4584,8741
4584,8742
4585,8743
4585,8744
4586,8745
4587,8746
4587,8747
4588,8748
4588,8749
4588,8750
4589,8751
4589,8752
4590,8753
4590,8754
4591,8755
4591,8756
4591,8757
4591,8758
4591,8759
4592,8760
4592,8761
4592,8762
4592,8763
4592,8764
4593,8765
4593,8766
4594,8767
4594,8768
4594,8769
4595,8770
4595,8771
4595,8772
4596,8773
4596,8774
4597,8775
4598,8776
4598,8777
4598,8778
4598,8779
4599,8780
4599,8781
4599,8782
4600,8783
4600,8784
4600,8785
4601,8786
4601,8787
4601,8788
4601,8789
4601,8790
4601,8791
4602,8792
4602,8793
4603,8794
4603,8795
4603,8796
4604,8797
4604,8798
4604,8799
4604,8800
4605,8801
4606,8802
4607,8803
4607,8804
4608,8805
4609,8806
4609,8807
4610,8808
4610,8809
4611,8810
4611,8811
4612,8812
4612,8813
4612,8814
4613,8815
4613,8816
4613,8817
4614,8818
4614,8819
4614,8820
4614,8821
4615,8822
4615,8823
4615,8824
4616,8825
4616,8826
4616,8827
4616,8828
4617,8829
4617,8830
4618,8831
4618,8832
4618,8833
4619,8834
4619,8835
4620,8836
4621,8837
4622,8838
4622,8839
4622,8840
4622,8841
4623,8842
4623,8843
4623,8844
4624,8845
4624,8846
4625,8847
4625,8848
4626,8849
4626,8850
4626,8851
4627,8852
4627,8853
4628,8854
4628,8855
4629,8856
4629,8857
4630,8858
4630,8859
4630,8860
4631,8861
4631,8862
4631,8863
4631,8864
4632,8865
4632,8866
4632,8867
4633,8868
4633,8869
4634,8870
4634,8871
4634,8872
4634,8873
4635,8874
4636,8875
4636,8876
4636,8877
4637,8878
4638,8879
4638,8880
4639,8881
4639,8882
4639,8883
4640,8884
4640,8885
4640,8886
4640,8887
4640,8888
4641,8889
4642,8890
4642,8891
4642,8892
4643,8893
4643,8894
4644,8895
4644,8896
4645,8897
4645,8898
4645,8899
4646,8900
4646,8901
4646,8902
4647,8903
4647,8904
4648,8905
4649,8906
4650,8907
4651,8908
4651,8909
4651,8910
4651,8911
4652,8912
4653,8913
4653,8914
4654,8915
4655,8916
4656,8917
4656,8918
4656,8919
4657,8920
4657,8921
4658,8922
4658,8923
4658,8924
4659,8925
4659,8926
4659,8927
4660,8928
4660,8929
4660,8930
4661,8931
4661,8932
4661,8933
4662,8934
4662,8935
4663,8936
4663,8937
4663,8938
4664,8939
4664,8940
4664,8941
4664,8942
4665,8943
4665,8944
4665,8945
4666,8946
4666,8947
4666,8948
4666,8949
4667,8950
4668,8951
4668,8952
4669,8953
4669,8954
4669,8955
4669,8956
4670,8957
4670,8958
4670,8959
4670,8960
4670,8961
4671,8962
4671,8963
4671,8964
4671,8965
4672,8966
4672,8967
4673,8968
4673,8969
4674,8970
4674,8971
4674,8972
4675,8973
4676,8974
4676,8975
4676,8976
4677,8977
4677,8978
4677,8979
4678,8980
4678,8981
4679,8982
4679,8983
4679,8984
4680,8985
4680,8986
4680,8987
4681,8988
4682,8989
4682,8990
4682,8991
4683,8992
4683,8993
4683,8994
4684,8995
4685,8996
4686,8997
4686,8998
4686,8999
4687,9000
4687,9001
4687,9002
4687,9003
4688,9004
4688,9005
4688,9006
4689,9007
4689,9008
4689,9009
4689,9010
4690,9011
4690,9012
4690,9013
4691,9014
4692,9015
4693,9016
4693,9017
4694,9018
4695,9019
4695,9020
4696,9021
4696,9022
4696,9023
4697,9024
4697,9025
4697,9026
4698,9027
4698,9028
4699,9029
4699,9030
4699,9031
4699,9032
4699,9033
4700,9034
4700,9035
4700,9036
4701,9037
4701,9038
4701,9039
4702,9040
4703,9041
4704,9042
4704,9043
4704,9044
4705,9045
4705,9046
4705,9047
4705,9048
4706,9049
4706,9050
4706,9051
4706,9052
4707,9053
4707,9054
4707,9055
4707,9056
4708,9057
4708,9058
4708,9059
4709,9060
4710,9061
4710,9062
4710,9063
4711,9064
4712,9065
4712,9066
4712,9067
4713,9068
4714,9069
4714,9070
4714,9071
4715,9072
4715,9073
4716,9074
4717,9075
4717,9076
4718,9077
4718,9078
4718,9079
4718,9080
4719,9081
4719,9082
4719,9083
4719,9084
4720,9085
4720,9086
4721,9087
4721,9088
4722,9089
4722,9090
4723,9091
4723,9092
4723,9093
4724,9094
4724,9095
4724,9096
4725,9097
4725,9098
4725,9099
4726,9100
4726,9101
4727,9102
4727,9103
4727,9104
4728,9105
4728,9106
4729,9107
4729,9108
4730,9109
4730,9110
4730,9111
4731,9112
4731,9113
4731,9114
4731,9115
4732,9116
4732,9117
4733,9118
4734,9119
4734,9120
4734,9121
4734,9122
4734,9123
4735,9124
4735,9125
4735,9126
4736,9127
4737,9128
4737,9129
4737,9130
4738,9131
4739,9132
4739,9133
4739,9134
4740,9135
4740,9136
4740,9137
4741,9138
4741,9139
4741,9140
4742,9141
4742,9142
4742,9143
4742,9144
4743,9145
4743,9146
4744,9147
4744,9148
4745,9149
4745,9150
4745,9151
4746,9152
4747,9153
4747,9154
4747,9155
4748,9156
4748,9157
4748,9158
4749,9159
4749,9160
4749,9161
4750,9162
4750,9163
4750,9164
4750,9165
4751,9166
4751,9167
4751,9168
4751,9169
4752,9170
4752,9171
4752,9172
4753,9173
4753,9174
4753,9175
4754,9176
4754,9177
4754,9178
4755,9179
4755,9180
4756,9181
4757,9182
4757,9183
4757,9184
4758,9185
4758,9186
4758,9187
4758,9188
4759,9189
4759,9190
4759,9191
4759,9192
4760,9193
4760,9194
4761,9195
4761,9196
4761,9197
4762,9198
4762,9199
4762,9200
4763,9201
4764,9202
4764,9203
4765,9204
4765,9205
4765,9206
4765,9207
4766,9208
4767,9209
4767,9210
4767,9211
4767,9212
4768,9213
4768,9214
4768,9215
4769,9216
4769,9217
4769,9218
4769,9219
4769,9220
4770,9221
4770,9222
4771,9223
4771,9224
4772,9225
4773,9226
4774,9227
4774,9228
4774,9229
4775,9230
4775,9231
4775,9232
4776,9233
4776,9234
4776,9235
4776,9236
4776,9237
4777,9238
4777,9239
4777,9240
4777,9241
4778,9242
4778,9243
4778,9244
4779,9245
4779,9246
4779,9247
4780,9248
4780,9249
4780,9250
4781,9251
4782,9252
4782,9253
4782,9254
4783,9255
4783,9256
4783,9257
4784,9258
4784,9259
4785,9260
4785,9261
4785,9262
4786,9263
4786,9264
4786,9265
4787,9266
4788,9267
4788,9268
4788,9269
4789,9270
4789,9271
4790,9272
4791,9273
4791,9274
4792,9275
4792,9276
4792,9277
4793,9278
4794,9279
4794,9280
4795,9281
4795,9282
4795,9283
4796,9284
4796,9285
4796,9286
4796,9287
4797,9288
4797,9289
4797,9290
4797,9291
4797,9292
4798,9293
4798,9294
4798,9295
4798,9296
4798,9297
4798,9298
4799,9299
4799,9300
4799,9301
4799,9302
4799,9303
4800,9304
4800,9305
4800,9306
4801,9307
4802,9308
4802,9309
4802,9310
4802,9311
4802,9312
4803,9313
4803,9314
4803,9315
4803,9316
4804,9317
4804,9318
4805,9319
4806,9320
4806,9321
4807,9322
4807,9323
4807,9324
4807,9325
4808,9326
4808,9327
4809,9328
4809,9329
4810,9330
4811,9331
4811,9332
4812,9333
4812,9334
4812,9335
4813,9336
4813,9337
4814,9338
4814,9339
4815,9340
4815,9341
4815,9342
4816,9343
4816,9344
4816,9345
4817,9346
4817,9347
4818,9348
4818,9349
4818,9350
4818,9351
4819,9352
4819,9353
4819,9354
4819,9355
4820,9356
4820,9357
4821,9358
4822,9359
4823,9360
4823,9361
4824,9362
4824,9363
4824,9364
4825,9365
4826,9366
4827,9367
4828,9368
4828,9369
4828,9370
4828,9371
4829,9372
4829,9373
4830,9374
4830,9375
4831,9376
4831,9377
4831,9378
4831,9379
4832,9380
4832,9381
4832,9382
4832,9383
4833,9384
4833,9385
4834,9386
4834,9387
4834,9388
4834,9389
4835,9390
4835,9391
4835,9392
4836,9393
4836,9394
4836,9395
4836,9396
4836,9397
4836,9398
4837,9399
4837,9400
4837,9401
4838,9402
4838,9403
4839,9404
4839,9405
4839,9406
4840,9407
4840,9408
4841,9409
4841,9410
4842,9411
4842,9412
4843,9413
4844,9414
4845,9415
4846,9416
4846,9417
4847,9418
4848,9419
4848,9420
4848,9421
4848,9422
4848,9423
4849,9424
4849,9425
4849,9426
4849,9427
4850,9428
4850,9429
4850,9430
4850,9431
4851,9432
4851,9433
4851,9434
4852,9435
4852,9436
4853,9437
4853,9438
4853,9439
4853,9440
4853,9441
4853,9442
4854,9443
4854,9444
4855,9445
4855,9446
4855,9447
4856,9448
4856,9449
4856,9450
4856,9451
4857,9452
4857,9453
4858,9454
4859,9455
4859,9456
4859,9457
4859,9458
4860,9459
4861,9460
4861,9461
4861,9462
4862,9463
4862,9464
4862,9465
4862,9466
4863,9467
4864,9468
4864,9469
4864,9470
4864,9471
4865,9472
4866,9473
4866,9474
4866,9475
4867,9476
4867,9477
4867,9478
4868,9479
4868,9480
4868,9481
4869,9482
4869,9483
4870,9484
4871,9485
4871,9486
4872,9487
4872,9488
4873,9489
4873,9490
4874,9491
4874,9492
4875,9493
4875,9494
4875,9495
4876,9496
4876,9497
4876,9498
4877,9499
4877,9500
4878,9501
4878,9502
4878,9503
4879,9504
4879,9505
4879,9506
4880,9507
4880,9508
4880,9509
4881,9510
4882,9511
4882,9512
4882,9513
4883,9514
4883,9515
4883,9516
4883,9517
4884,9518
4884,9519
4884,9520
4884,9521
4885,9522
4886,9523
4886,9524
4887,9525
4887,9526
4887,9527
4888,9528
4888,9529
4889,9530
4890,9531
4891,9532
4891,9533
4892,9534
4892,9535
4892,9536
4892,9537
4893,9538
4893,9539
4894,9540
4894,9541
4894,9542
4894,9543
4895,9544
4895,9545
4895,9546
4895,9547
4896,9548
4896,9549
4896,9550
4897,9551
4897,9552
4897,9553
4898,9554
4899,9555
4899,9556
4899,9557
4899,9558
4899,9559
4900,9560
4900,9561
4900,9562
4900,9563
4901,9564
4901,9565
4901,9566
4901,9567
4901,9568
4902,9569
4902,9570
4902,9571
4902,9572
4902,9573
4903,9574
4903,9575
4903,9576
4903,9577
4903,9578
4904,9579
4904,9580
4904,9581
4905,9582
4906,9583
4906,9584
4906,9585
4906,9586
4907,9587
4907,9588
4908,9589
4909,9590
4909,9591
4909,9592
4910,9593
4910,9594
4910,9595
4910,9596
4911,9597
4911,9598
4912,9599
4912,9600
4912,9601
4912,9602
4912,9603
4913,9604
4913,9605
4913,9606
4914,9607
4914,9608
4914,9609
4915,9610
4915,9611
4915,9612
4916,9613
4916,9614
4916,9615
4917,9616
4917,9617
4917,9618
4918,9619
4918,9620
4918,9621
4919,9622
4919,9623
4919,9624
4920,9625
4920,9626
4921,9627
4922,9628
4922,9629
4922,9630
4923,9631
4923,9632
4923,9633
4923,9634
4923,9635
4924,9636
4924,9637
4924,9638
4924,9639
4925,9640
4926,9641
4926,9642
4926,9643
4927,9644
4927,9645
4928,9646
4928,9647
4928,9648
4928,9649
4928,9650
4929,9651
4929,9652
4930,9653
4930,9654
4931,9655
4931,9656
4931,9657
4932,9658
4932,9659
4932,9660
4932,9661
4933,9662
4933,9663
4934,9664
4934,9665
4935,9666
4936,9667
4936,9668
4936,9669
4937,9670
4937,9671
4937,9672
4938,9673
4938,9674
4939,9675
4939,9676
4939,9677
4939,9678
4940,9679
4940,9680
4940,9681
4941,9682
4941,9683
4941,9684
4941,9685
4942,9686
4943,9687
4943,9688
4943,9689
4944,9690
4944,9691
4944,9692
4945,9693
4945,9694
4946,9695
4946,9696
4947,9697
4947,9698
4948,9699
4948,9700
4949,9701
4949,9702
4950,9703
4950,9704
4950,9705
4950,9706
4951,9707
4952,9708
4952,9709
4952,9710
4952,9711
4953,9712
4953,9713
4953,9714
4953,9715
4954,9716
4954,9717
4954,9718
4954,9719
4954,9720
4955,9721
4955,9722
4955,9723
4956,9724
4956,9725
4956,9726
4956,9727
4956,9728
4957,9729
4957,9730
4957,9731
4958,9732
4958,9733
4958,9734
4959,9735
4959,9736
4959,9737
4960,9738
4960,9739
4961,9740
4961,9741
4962,9742
4962,9743
4962,9744
4962,9745
4963,9746
4963,9747
4963,9748
4964,9749
4964,9750
4964,9751
4964,9752
4965,9753
4965,9754
4966,9755
4966,9756
4966,9757
4967,9758
4967,9759
4968,9760
4968,9761
4968,9762
4969,9763
4969,9764
4969,9765
4970,9766
4970,9767
4970,9768
4970,9769
4971,9770
4971,9771
4971,9772
4972,9773
4972,9774
4972,9775
4972,9776
4973,9777
4973,9778
4974,9779
4974,9780
4974,9781
4974,9782
4974,9783
4975,9784
4975,9785
4975,9786
4975,9787
4976,9788
4977,9789
4977,9790
4977,9791
4978,9792
4978,9793
4979,9794
4979,9795
4979,9796
4979,9797
4980,9798
4980,9799
4980,9800
4981,9801
4981,9802
4981,9803
4981,9804
4982,9805
4982,9806
4982,9807
4983,9808
4984,9809
4985,9810
4985,9811
4985,9812
4985,9813
4986,9814
4987,9815
4988,9816
4988,9817
4988,9818
4988,9819
4988,9820
4989,9821
4989,9822
4989,9823
4990,9824
4990,9825
4991,9826
4992,9827
4992,9828
4993,9829
4993,9830
4994,9831
4994,9832
4994,9833
4995,9834
4995,9835
4995,9836
4996,9837
4997,9838
4997,9839
4997,9840
4998,9841
4998,9842
4999,9843
4999,9844
4999,9845
4999,9846
5000,9847
5000,9848
5001,9849
5002,9850
5002,9851
5002,9852
5002,9853
5002,9854
5003,9855
5003,9856
5003,9857
5003,9858
5003,9859
5004,9860
5004,9861
5004,9862
5004,9863
5005,9864
5005,9865
5005,9866
5006,9867
5006,9868
5006,9869
5007,9870
5007,9871
5007,9872
5008,9873
5009,9874
5009,9875
5009,9876
5010,9877
5010,9878
5010,9879
5010,9880
5011,9881
5011,9882
5011,9883
5012,9884
5012,9885
5012,9886
5013,9887
5013,9888
5014,9889
5014,9890
5015,9891
5015,9892
5016,9893
5016,9894
5017,9895
5017,9896
5018,9897
5019,9898
5019,9899
5019,9900
5020,9901
5020,9902
5020,9903
5021,9904
5021,9905
5022,9906
5022,9907
5022,9908
5023,9909
5023,9910
5024,9911
5024,9912
5024,9913
5024,9914
5024,9915
5025,9916
5025,9917
5026,9918
5026,9919
5026,9920
5027,9921
5027,9922
5027,9923
5027,9924
5027,9925
5028,9926
5028,9927
5029,9928
5030,9929
5030,9930
5031,9931
5031,9932
5031,9933
5031,9934
5032,9935
5032,9936
5033,9937
5033,9938
5033,9939
5033,9940
5033,9941
5033,9942
5034,9943
5034,9944
5035,9945
5035,9946
5036,9947
5036,9948
5036,9949
5037,9950
5037,9951
5037,9952
5037,9953
5038,9954
5038,9955
5038,9956
5038,9957
5038,9958
5039,9959
5039,9960
5040,9961
5040,9962
5040,9963
5041,9964
5041,9965
5041,9966
5042,9967
5042,9968
5043,9969
5043,9970
5043,9971
5044,9972
5044,9973
5044,9974
5044,9975
5045,9976
5045,9977
5045,9978
5046,9979
5046,9980
5047,9981
5047,9982
5047,9983
5047,9984
5048,9985
5048,9986
5048,9987
5049,9988
5049,9989
5049,9990
5050,9991
5050,9992
5051,9993
5051,9994
5051,9995
5052,9996
5052,9997
5053,9998
5053,9999
5054,10000
5054,10001
5055,10002
5055,10003
5056,10004
5056,10005
5056,10006
5057,10007
5057,10008
5057,10009
5057,10010
5057,10011
5057,10012
5058,10013
5058,10014
5058,10015
5059,10016
5059,10017
5060,10018
5060,10019
5060,10020
5061,10021
5061,10022
5062,10023
5063,10024
5063,10025
5064,10026
5064,10027
5064,10028
5065,10029
5065,10030
5066,10031
5066,10032
5066,10033
5067,10034
5067,10035
5067,10036
5068,10037
5068,10038
5068,10039
5069,10040
5069,10041
5070,10042
5071,10043
5072,10044
5072,10045
5073,10046
5073,10047
5073,10048
5073,10049
5074,10050
5074,10051
5075,10052
5075,10053
5075,10054
5076,10055
5076,10056
5077,10057
5077,10058
5077,10059
5077,10060
5078,10061
5078,10062
5078,10063
5079,10064
5079,10065
5080,10066
5080,10067
5080,10068
5081,10069
5081,10070
5082,10071
5082,10072
5082,10073
5083,10074
5083,10075
5083,10076
5083,10077
5084,10078
5085,10079
5085,10080
5085,10081
5085,10082
5086,10083
5086,10084
5086,10085
5087,10086
5087,10087
5087,10088
5087,10089
5088,10090
5088,10091
5089,10092
5089,10093
5090,10094
5090,10095
5090,10096
5091,10097
5092,10098
5092,10099
5093,10100
5093,10101
5093,10102
5094,10103
5094,10104
5094,10105
5094,10106
5094,10107
5095,10108
5095,10109
5095,10110
5096,10111
5096,10112
5097,10113
5097,10114
5098,10115
5099,10116
5100,10117
5100,10118
5100,10119
5101,10120
5101,10121
5101,10122
5101,10123
5102,10124
5102,10125
5103,10126
5104,10127
5105,10128
5106,10129
5106,10130
5107,10131
5107,10132
5107,10133
5107,10134
5107,10135
5108,10136
5108,10137
5109,10138
5109,10139
5110,10140
5110,10141
5110,10142
5110,10143
5111,10144
5111,10145
5112,10146
5112,10147
5112,10148
5112,10149
5113,10150
5114,10151
5114,10152
5115,10153
5115,10154
5115,10155
5116,10156
5117,10157
5117,10158
5118,10159
5118,10160
5118,10161
5119,10162
5120,10163
5121,10164
5121,10165
5122,10166
5123,10167
5124,10168
5124,10169
5124,10170
5124,10171
5125,10172
5125,10173
5126,10174
5126,10175
5127,10176
5128,10177
5128,10178
5129,10179
5130,10180
5130,10181
5130,10182
5131,10183
5132,10184
5133,10185
5133,10186
5133,10187
5133,10188
5133,10189
5133,10190
5134,10191
5134,10192
5135,10193
5135,10194
5136,10195
5136,10196
5136,10197
5137,10198
5138,10199
5138,10200
5139,10201
5139,10202
5139,10203
5139,10204
5139,10205
5139,10206
5140,10207
5140,10208
5140,10209
5140,10210
5140,10211
5140,10212
5141,10213
5142,10214
5142,10215
5142,10216
5142,10217
5143,10218
5143,10219
5143,10220
5144,10221
5144,10222
5144,10223
5144,10224
5145,10225
5145,10226
5146,10227
5146,10228
5146,10229
5146,10230
5146,10231
5147,10232
5147,10233
5148,10234
5148,10235
5148,10236
5149,10237
5149,10238
5150,10239
5150,10240
5151,10241
5151,10242
5152,10243
5153,10244
5153,10245
5153,10246
5154,10247
5154,10248
5154,10249
5155,10250
5156,10251
5156,10252
5157,10253
5158,10254
5158,10255
5159,10256
5159,10257
5160,10258
5160,10259
5160,10260
5161,10261
5161,10262
5161,10263
5162,10264
5162,10265
5162,10266
5162,10267
5162,10268
5163,10269
5163,10270
5163,10271
5164,10272
5164,10273
5165,10274
5165,10275
5165,10276
5166,10277
5166,10278
5166,10279
5167,10280
5167,10281
5167,10282
5167,10283
5168,10284
5168,10285
5168,10286
5168,10287
5169,10288
5169,10289
5169,10290
5169,10291
5170,10292
5171,10293
5171,10294
5171,10295
5172,10296
5173,10297
5173,10298
5173,10299
5174,10300
5174,10301
5175,10302
5175,10303
5175,10304
5176,10305
5176,10306
5177,10307
5178,10308
5178,10309
5179,10310
5180,10311
5181,10312
5181,10313
5182,10314
5182,10315
5182,10316
5183,10317
5184,10318
5184,10319
5184,10320
5185,10321
5185,10322
5186,10323
5186,10324
5186,10325
5186,10326
5187,10327
5187,10328
5187,10329
5188,10330
5188,10331
5189,10332
5189,10333
5190,10334
5190,10335
5190,10336
5191,10337
5191,10338
5192,10339
5193,10340
5193,10341
5194,10342
5194,10343
5194,10344
5194,10345
5195,10346
5195,10347
5196,10348
5197,10349
5197,10350
5197,10351
5198,10352
5198,10353
5198,10354
5198,10355
5198,10356
5199,10357
5199,10358
5199,10359
5200,10360
5200,10361
5200,10362
5201,10363
5201,10364
5201,10365
5202,10366
5202,10367
5202,10368
5203,10369
5203,10370
5204,10371
5204,10372
5204,10373
5205,10374
5205,10375
5205,10376
5206,10377
5207,10378
5207,10379
5207,10380
5208,10381
5208,10382
5209,10383
5209,10384
5209,10385
5210,10386
5210,10387
5210,10388
5210,10389
5211,10390
5211,10391
5211,10392
5212,10393
5212,10394
5213,10395
5214,10396
5214,10397
5214,10398
5214,10399
5215,10400
5215,10401
5216,10402
5216,10403
5217,10404
5217,10405
5217,10406
5218,10407
5218,10408
5218,10409
5219,10410
5219,10411
5219,10412
5220,10413
5220,10414
5220,10415
5221,10416
5221,10417
5221,10418
5222,10419
5222,10420
5223,10421
5223,10422
5223,10423
5224,10424
5224,10425
5224,10426
5224,10427
5225,10428
5225,10429
5225,10430
5226,10431
5226,10432
5226,10433
5227,10434
5228,10435
5228,10436
5229,10437
5229,10438
5229,10439
5230,10440
5230,10441
5230,10442
5230,10443
5231,10444
5231,10445
5231,10446
5232,10447
5233,10448
5233,10449
5233,10450
5233,10451
5234,10452
5234,10453
5234,10454
5235,10455
5235,10456
5236,10457
5236,10458
5236,10459
5237,10460
5238,10461
5238,10462
5238,10463
5239,10464
5239,10465
5239,10466
5239,10467
5240,10468
5240,10469
5240,10470
5240,10471
5241,10472
5241,10473
5242,10474
5243,10475
5244,10476
5245,10477
5246,10478
5246,10479
5247,10480
5247,10481
5248,10482
5248,10483
5249,10484
5249,10485
5250,10486
5250,10487
5251,10488
5251,10489
5251,10490
5252,10491
5253,10492
5254,10493
5254,10494
5254,10495
5255,10496
5255,10497
5255,10498
5256,10499
5256,10500
5256,10501
5256,10502
5257,10503
5257,10504
5258,10505
5258,10506
5258,10507
5259,10508
5260,10509
5260,10510
5260,10511
5260,10512
5260,10513
5261,10514
5261,10515
5261,10516
5261,10517
5262,10518
5262,10519
5263,10520
5263,10521
5263,10522
5264,10523
5264,10524
5265,10525
5265,10526
5265,10527
5266,10528
5266,10529
5267,10530
5267,10531
5267,10532
5268,10533
5268,10534
5268,10535
5268,10536
5269,10537
5270,10538
5270,10539
5270,10540
5271,10541
5271,10542
5271,10543
5271,10544
5272,10545
5272,10546
5272,10547
5272,10548
5273,10549
5273,10550
5273,10551
5274,10552
5274,10553
5274,10554
5274,10555
5275,10556
5275,10557
5276,10558
5276,10559
5276,10560
5277,10561
5277,10562
5277,10563
5277,10564
5278,10565
5278,10566
5279,10567
5279,10568
5279,10569
5280,10570
5280,10571
5281,10572
5282,10573
5282,10574
5283,10575
5283,10576
5283,10577
5283,10578
5284,10579
5285,10580
5285,10581
5285,10582
5285,10583
5286,10584
5286,10585
5287,10586
5287,10587
5287,10588
5288,10589
5288,10590
5289,10591
5289,10592
5290,10593
5290,10594
5290,10595
5290,10596
5290,10597
5291,10598
5291,10599
5291,10600
5292,10601
5292,10602
5292,10603
5293,10604
5293,10605
5293,10606
5293,10607
5293,10608
5294,10609
5294,10610
5294,10611
5295,10612
5295,10613
5296,10614
5296,10615
5296,10616
5296,10617
5297,10618
5297,10619
5297,10620
5297,10621
5298,10622
5298,10623
5298,10624
5299,10625
5299,10626
5299,10627
5299,10628
5300,10629
5301,10630
5301,10631
5301,10632
5302,10633
5303,10634
5304,10635
5304,10636
5304,10637
5304,10638
5304,10639
5305,10640
5305,10641
5305,10642
5305,10643
5305,10644
5306,10645
5307,10646
5308,10647
5308,10648
5308,10649
5309,10650
5310,10651
5310,10652
5311,10653
5312,10654
5312,10655
5312,10656
5312,10657
5313,10658
5314,10659
5314,10660
5315,10661
5315,10662
5316,10663
5317,10664
5318,10665
5318,10666
5319,10667
5319,10668
5320,10669
5320,10670
5320,10671
5320,10672
5321,10673
5321,10674
5322,10675
5322,10676
5322,10677
5323,10678
5323,10679
5323,10680
5324,10681
5325,10682
5325,10683
5326,10684
5326,10685
5326,10686
5327,10687
5327,10688
5328,10689
5328,10690
5328,10691
5329,10692
5329,10693
5329,10694
5330,10695
5331,10696
5331,10697
5332,10698
5332,10699
5332,10700
5333,10701
5333,10702
5333,10703
5334,10704
5335,10705
5335,10706
5336,10707
5336,10708
5336,10709
5336,10710
5336,10711
5337,10712
5337,10713
5338,10714
5338,10715
5338,10716
5339,10717
5339,10718
5339,10719
5339,10720
5340,10721
5340,10722
5340,10723
5341,10724
5341,10725
5341,10726
5341,10727
5342,10728
5342,10729
5342,10730
5343,10731
5343,10732
5344,10733
5344,10734
5344,10735
5345,10736
5346,10737
5346,10738
5346,10739
5346,10740
5346,10741
5347,10742
5348,10743
5348,10744
5348,10745
5349,10746
5349,10747
5349,10748
5350,10749
5351,10750
5351,10751
5351,10752
5352,10753
5352,10754
5352,10755
5352,10756
5353,10757
5354,10758
5355,10759
5355,10760
5356,10761
5356,10762
5356,10763
5356,10764
5357,10765
5358,10766
5358,10767
5358,10768
5358,10769
5359,10770
5359,10771
5360,10772
5360,10773
5361,10774
5361,10775
5362,10776
5363,10777
5363,10778
5363,10779
5363,10780
5363,10781
5363,10782
5364,10783
5364,10784
5364,10785
5365,10786
5365,10787
5365,10788
5366,10789
5366,10790
5366,10791
5367,10792
5367,10793
5367,10794
5367,10795
5367,10796
5367,10797
5368,10798
5368,10799
5368,10800
5369,10801
5370,10802
5370,10803
5370,10804
5371,10805
5371,10806
5371,10807
5372,10808
5372,10809
5373,10810
5374,10811
5374,10812
5374,10813
5375,10814
5375,10815
5376,10816
5377,10817
5377,10818
5378,10819
5378,10820
5379,10821
5379,10822
5379,10823
5380,10824
5381,10825
5381,10826
5381,10827
5382,10828
5382,10829
5382,10830
5383,10831
5383,10832
5383,10833
5384,10834
5384,10835
5385,10836
5385,10837
5385,10838
5386,10839
5386,10840
5386,10841
5387,10842
5387,10843
5387,10844
5387,10845
5388,10846
5388,10847
5388,10848
5388,10849
5389,10850
5389,10851
5390,10852
5390,10853
5391,10854
5391,10855
5392,10856
5392,10857
5393,10858
5393,10859
5393,10860
5394,10861
5394,10862
5395,10863
5396,10864
5396,10865
5396,10866
5397,10867
5397,10868
5398,10869
5398,10870
5398,10871
5399,10872
5399,10873
5399,10874
5400,10875
5401,10876
5402,10877
5402,10878
5402,10879
5403,10880
5403,10881
5404,10882
5405,10883
5405,10884
5405,10885
5406,10886
5406,10887
5406,10888
5406,10889
5407,10890
5408,10891
5408,10892
5409,10893
5409,10894
5410,10895
5410,10896
5410,10897
5410,10898
5410,10899
5410,10900
5411,10901
5411,10902
5411,10903
5412,10904
5412,10905
5413,10906
5413,10907
5414,10908
5414,10909
5414,10910
5415,10911
5415,10912
5415,10913
5416,10914
5417,10915
5417,10916
5417,10917
5418,10918
5418,10919
5418,10920
5419,10921
5420,10922
5421,10923
5421,10924
5421,10925
5422,10926
5423,10927
5423,10928
5423,10929
5424,10930
5425,10931
5425,10932
5426,10933
5426,10934
5426,10935
5426,10936
5427,10937
5427,10938
5428,10939
5428,10940
5428,10941
5429,10942
5429,10943
5430,10944
5430,10945
5430,10946
5431,10947
5432,10948
5432,10949
5433,10950
5433,10951
5433,10952
5433,10953
5434,10954
5434,10955
5434,10956
5434,10957
5434,10958
5435,10959
5435,10960
5436,10961
5436,10962
5436,10963
5437,10964
5438,10965
5439,10966
5439,10967
5440,10968
5440,10969
5440,10970
5441,10971
5441,10972
5441,10973
5441,10974
5441,10975
5442,10976
5442,10977
5442,10978
5443,10979
5443,10980
5443,10981
5444,10982
5444,10983
5444,10984
5444,10985
5444,10986
5445,10987
5446,10988
5446,10989
5446,10990
5447,10991
5447,10992
5447,10993
5448,10994
5448,10995
5448,10996
5449,10997
5449,10998
5449,10999
5449,11000
5450,11001
5451,11002
5452,11003
5452,11004
5452,11005
5453,11006
5453,11007
5454,11008
5455,11009
5455,11010
5456,11011
5456,11012
5456,11013
5456,11014
5457,11015
5457,11016
5458,11017
5458,11018
5458,11019
5459,11020
5459,11021
5459,11022
5460,11023
5460,11024
5461,11025
5462,11026
5462,11027
5463,11028
5463,11029
5463,11030
5464,11031
5464,11032
5464,11033
5465,11034
5465,11035
5465,11036
5466,11037
5466,11038
5466,11039
5467,11040
5467,11041
5467,11042
5467,11043
5467,11044
5467,11045
5468,11046
5468,11047
5468,11048
5468,11049
5469,11050
5470,11051
5470,11052
5470,11053
5471,11054
5471,11055
5471,11056
5472,11057
5472,11058
5472,11059
5473,11060
5473,11061
5473,11062
5474,11063
5474,11064
5474,11065
5474,11066
5475,11067
5475,11068
5476,11069
5477,11070
5478,11071
5478,11072
5479,11073
5479,11074
5480,11075
5480,11076
5481,11077
5481,11078
5482,11079
5482,11080
5483,11081
5483,11082
5483,11083
5484,11084
5484,11085
5484,11086
5485,11087
5485,11088
5485,11089
5486,11090
5486,11091
5486,11092
5486,11093
5486,11094
5487,11095
5487,11096
5487,11097
5487,11098
5488,11099
5488,11100
5489,11101
5489,11102
5489,11103
5489,11104
5490,11105
5490,11106
5491,11107
5491,11108
5492,11109
5492,11110
5492,11111
5493,11112
5493,11113
5494,11114
5494,11115
5494,11116
5495,11117
5495,11118
5495,11119
5496,11120
5496,11121
5497,11122
5497,11123
5498,11124
5499,11125
5500,11126
5501,11127
5501,11128
5501,11129
5502,11130
5502,11131
5503,11132
5503,11133
5504,11134
5504,11135
5504,11136
5505,11137
5505,11138
5505,11139
5505,11140
5506,11141
5507,11142
5507,11143
5508,11144
5508,11145
5508,11146
5508,11147
5508,11148
5509,11149
5509,11150
5509,11151
5509,11152
5510,11153
5510,11154
5511,11155
5511,11156
5512,11157
5512,11158
5512,11159
5512,11160
5513,11161
5513,11162
5514,11163
5514,11164
5515,11165
5516,11166
5516,11167
5517,11168
5517,11169
5517,11170
5518,11171
5518,11172
5518,11173
5519,11174
5519,11175
5520,11176
5520,11177
5520,11178
5520,11179
5521,11180
5521,11181
5522,11182
5522,11183
5522,11184
5523,11185
5523,11186
5523,11187
5524,11188
5525,11189
5526,11190
5526,11191
5526,11192
5526,11193
5527,11194
5527,11195
5527,11196
5527,11197
5528,11198
5528,11199
5528,11200
5529,11201
5529,11202
5529,11203
5529,11204
5530,11205
5530,11206
5531,11207
5531,11208
5531,11209
5531,11210
5532,11211
5532,11212
5532,11213
5533,11214
5534,11215
5534,11216
5534,11217
5535,11218
5535,11219
5536,11220
5536,11221
5537,11222
5538,11223
5538,11224
5539,11225
5539,11226
5539,11227
5540,11228
5540,11229
5540,11230
5541,11231
5542,11232
5542,11233
5542,11234
5543,11235
5544,11236
5544,11237
5544,11238
5545,11239
5546,11240
5546,11241
5546,11242
5546,11243
5547,11244
5547,11245
5547,11246
5548,11247
5548,11248
5548,11249
5549,11250
5549,11251
5549,11252
5550,11253
5550,11254
5551,11255
5551,11256
5551,11257
5551,11258
5551,11259
5552,11260
5552,11261
5552,11262
5553,11263
5553,11264
5553,11265
5554,11266
5554,11267
5554,11268
5555,11269
5555,11270
5556,11271
5556,11272
5556,11273
5557,11274
5557,11275
5558,11276
5558,11277
5558,11278
5559,11279
5559,11280
5559,11281
5560,11282
5560,11283
5560,11284
5560,11285
5561,11286
5561,11287
5561,11288
5562,11289
5562,11290
5563,11291
5563,11292
5563,11293
5564,11294
5564,11295
5564,11296
5564,11297
5565,11298
5566,11299
5566,11300
5567,11301
5567,11302
5568,11303
5569,11304
5569,11305
5570,11306
5570,11307
5571,11308
5571,11309
5572,11310
5572,11311
5572,11312
5573,11313
5573,11314
5574,11315
5574,11316
5574,11317
5574,11318
5574,11319
5575,11320
5576,11321
5576,11322
5576,11323
5576,11324
5577,11325
5577,11326
5577,11327
5577,11328
5577,11329
5577,11330
5578,11331
5578,11332
5578,11333
5579,11334
5579,11335
5579,11336
5579,11337
5580,11338
5580,11339
5580,11340
5580,11341
5581,11342
5582,11343
5582,11344
5583,11345
5583,11346
5583,11347
5584,11348
5584,11349
5584,11350
5585,11351
5585,11352
5586,11353
5587,11354
5588,11355
5588,11356
5589,11357
5589,11358
5589,11359
5590,11360
5590,11361
5591,11362
5591,11363
5591,11364
5592,11365
5593,11366
5593,11367
5593,11368
5594,11369
5594,11370
5595,11371
5595,11372
5596,11373
5596,11374
5596,11375
5596,11376
5597,11377
5597,11378
5598,11379
5598,11380
5598,11381
5599,11382
5599,11383
5599,11384
5599,11385
5600,11386
5601,11387
5601,11388
5601,11389
5601,11390
5602,11391
5602,11392
5603,11393
5603,11394
5603,11395
5604,11396
5604,11397
5604,11398
5604,11399
5605,11400
5605,11401
5605,11402
5606,11403
5606,11404
5606,11405
5607,11406
5607,11407
5608,11408
5608,11409
5609,11410
5609,11411
5609,11412
5609,11413
5610,11414
5610,11415
5610,11416
5611,11417
5611,11418
5612,11419
5612,11420
5612,11421
5613,11422
5614,11423
5615,11424
5615,11425
5615,11426
5616,11427
5616,11428
5616,11429
5617,11430
5617,11431
5618,11432
5618,11433
5619,11434
5619,11435
5620,11436
5620,11437
5621,11438
5621,11439
5621,11440
5622,11441
5622,11442
5622,11443
5623,11444
5623,11445
5623,11446
5624,11447
5625,11448
5625,11449
5625,11450
5626,11451
5626,11452
5626,11453
5626,11454
5627,11455
5627,11456
5627,11457
5628,11458
5629,11459
5629,11460
5629,11461
5629,11462
5629,11463
5630,11464
5630,11465
5631,11466
5631,11467
5631,11468
5632,11469
5632,11470
5633,11471
5634,11472
5635,11473
5635,11474
5635,11475
5636,11476
5636,11477
5636,11478
5636,11479
5637,11480
5637,11481
5637,11482
5638,11483
5639,11484
5639,11485
5639,11486
5639,11487
5639,11488
5640,11489
5640,11490
5641,11491
5642,11492
5642,11493
5642,11494
5643,11495
5643,11496
5644,11497
5645,11498
5645,11499
5646,11500
5647,11501
5648,11502
5648,11503
5648,11504
5648,11505
5649,11506
5650,11507
5650,11508
5650,11509
5650,11510
5651,11511
5651,11512
5652,11513
5652,11514
5652,11515
5652,11516
5653,11517
5653,11518
5653,11519
5654,11520
5654,11521
5654,11522
5655,11523
5655,11524
5655,11525
5656,11526
5656,11527
5656,11528
5657,11529
5658,11530
5658,11531
5658,11532
5658,11533
5659,11534
5659,11535
5659,11536
5660,11537
5660,11538
5661,11539
5661,11540
5661,11541
5662,11542
5662,11543
5662,11544
5663,11545
5663,11546
5663,11547
5663,11548
5663,11549
5663,11550
5664,11551
5664,11552
5664,11553
5664,11554
5665,11555
5665,11556
5665,11557
5666,11558
5666,11559
5666,11560
5666,11561
5667,11562
5667,11563
5667,11564
5667,11565
5667,11566
5667,11567
5668,11568
5668,11569
5668,11570
5669,11571
5669,11572
5670,11573
5670,11574
5671,11575
5671,11576
5671,11577
5672,11578
5672,11579
5672,11580
5673,11581
5673,11582
5674,11583
5674,11584
5675,11585
5675,11586
5676,11587
5676,11588
5677,11589
5678,11590
5678,11591
5679,11592
5679,11593
5679,11594
5679,11595
5680,11596
5680,11597
5681,11598
5681,11599
5682,11600
5682,11601
5683,11602
5683,11603
5683,11604
5684,11605
5684,11606
5685,11607
5685,11608
5686,11609
5687,11610
5688,11611
5688,11612
5689,11613
5689,11614
5689,11615
5689,11616
5690,11617
5690,11618
5691,11619
5691,11620
5691,11621
5691,11622
5692,11623
5692,11624
5692,11625
5693,11626
5693,11627
5694,11628
5694,11629
5694,11630
5694,11631
5694,11632
5695,11633
5695,11634
5696,11635
5696,11636
5696,11637
5697,11638
5697,11639
5697,11640
5697,11641
5698,11642
5698,11643
5698,11644
5698,11645
5699,11646
5699,11647
5699,11648
5700,11649
5700,11650
5700,11651
5700,11652
5701,11653
5702,11654
5702,11655
5702,11656
5703,11657
5704,11658
5705,11659
5706,11660
5706,11661
5707,11662
5707,11663
5708,11664
5708,11665
5708,11666
5709,11667
5710,11668
5710,11669
5710,11670
5711,11671
5711,11672
5712,11673
5712,11674
5712,11675
5712,11676
5713,11677
5713,11678
5713,11679
5714,11680
5714,11681
5715,11682
5715,11683
5716,11684
5716,11685
5717,11686
5717,11687
5717,11688
5718,11689
5719,11690
5719,11691
5719,11692
5719,11693
5719,11694
5720,11695
5720,11696
5721,11697
5722,11698
5722,11699
5723,11700
5723,11701
5723,11702
5723,11703
5723,11704
5724,11705
5724,11706
5724,11707
5725,11708
5725,11709
5725,11710
5726,11711
5727,11712
5728,11713
5728,11714
5729,11715
5729,11716
5729,11717
5729,11718
5730,11719
5730,11720
5731,11721
5731,11722
5732,11723
5732,11724
5732,11725
5733,11726
5734,11727
5734,11728
5735,11729
5735,11730
5735,11731
5736,11732
5736,11733
5737,11734
5737,11735
5738,11736
5738,11737
5739,11738
5739,11739
5739,11740
5740,11741
5740,11742
5740,11743
5741,11744
5741,11745
5741,11746
5742,11747
5742,11748
5742,11749
5743,11750
5743,11751
5743,11752
5744,11753
5744,11754
5745,11755
5745,11756
5745,11757
5746,11758
5746,11759
5746,11760
5746,11761
5747,11762
5747,11763
5748,11764
5748,11765
5749,11766
5749,11767
5749,11768
5750,11769
5751,11770
5752,11771
5752,11772
5752,11773
5753,11774
5754,11775
5755,11776
5755,11777
5755,11778
5755,11779
5755,11780
5756,11781
5756,11782
5756,11783
5757,11784
5757,11785
5757,11786
5758,11787
5759,11788
5760,11789
5760,11790
5760,11791
5761,11792
5761,11793
5761,11794
5762,11795
5762,11796
5763,11797
5763,11798
5763,11799
5763,11800
5764,11801
5764,11802
5764,11803
5764,11804
5764,11805
5765,11806
5765,11807
5765,11808
5765,11809
5766,11810
5766,11811
5766,11812
5767,11813
5767,11814
5767,11815
5767,11816
5768,11817
5769,11818
5769,11819
5769,11820
5769,11821
5770,11822
5770,11823
5770,11824
5771,11825
5771,11826
5772,11827
5772,11828
5773,11829
5773,11830
5774,11831
5775,11832
5775,11833
5775,11834
5776,11835
5777,11836
5777,11837
5778,11838
5778,11839
5779,11840
5779,11841
5779,11842
5779,11843
5780,11844
5780,11845
5781,11846
5781,11847
5781,11848
5781,11849
5782,11850
5782,11851
5782,11852
5782,11853
5782,11854
5783,11855
5784,11856
5784,11857
5784,11858
5785,11859
5785,11860
5785,11861
5786,11862
5787,11863
5787,11864
5787,11865
5788,11866
5788,11867
5788,11868
5789,11869
5789,11870
5789,11871
5790,11872
5791,11873
5791,11874
5792,11875
5792,11876
5793,11877
5793,11878
5793,11879
5794,11880
5794,11881
5794,11882
5795,11883
5796,11884
5796,11885
5796,11886
5796,11887
5797,11888
5797,11889
5798,11890
5798,11891
5799,11892
5800,11893
5800,11894
5800,11895
5801,11896
5801,11897
5801,11898
5801,11899
5802,11900
5803,11901
5803,11902
5804,11903
5804,11904
5804,11905
5805,11906
5805,11907
5805,11908
5805,11909
5806,11910
5806,11911
5806,11912
5807,11913
5807,11914
5807,11915
5808,11916
5808,11917
5808,11918
5809,11919
5809,11920
5810,11921
5810,11922
5810,11923
5811,11924
5811,11925
5812,11926
5813,11927
5813,11928
5813,11929
5813,11930
5814,11931
5815,11932
5815,11933
5816,11934
5816,11935
5816,11936
5817,11937
5817,11938
5818,11939
5818,11940
5819,11941
5819,11942
5820,11943
5821,11944
5821,11945
5822,11946
5822,11947
5822,11948
5823,11949
5823,11950
5824,11951
5824,11952
5825,11953
5826,11954
5827,11955
5827,11956
5827,11957
5828,11958
5828,11959
5829,11960
5829,11961
5829,11962
5830,11963
5830,11964
5831,11965
5831,11966
5832,11967
5832,11968
5832,11969
5832,11970
5833,11971
5833,11972
5834,11973
5834,11974
5835,11975
5835,11976
5836,11977
5836,11978
5837,11979
5838,11980
5838,11981
5838,11982
5839,11983
5839,11984
5840,11985
5840,11986
5841,11987
5842,11988
5843,11989
5843,11990
5843,11991
5844,11992
5844,11993
5844,11994
5845,11995
5845,11996
5845,11997
5846,11998
5846,11999
5847,12000
5848,12001
5849,12002
5849,12003
5849,12004
5850,12005
5851,12006
5851,12007
5851,12008
5851,12009
5852,12010
5852,12011
5852,12012
5853,12013
5853,12014
5853,12015
5853,12016
5853,12017
5853,12018
5854,12019
5855,12020
5855,12021
5856,12022
5856,12023
5856,12024
5857,12025
5857,12026
5857,12027
5858,12028
5858,12029
5859,12030
5859,12031
5860,12032
5860,12033
5861,12034
5861,12035
5861,12036
5862,12037
5862,12038
5862,12039
5862,12040
5862,12041
5863,12042
5863,12043
5863,12044
5863,12045
5864,12046
5865,12047
5865,12048
5865,12049
5865,12050
5866,12051
5866,12052
5866,12053
5867,12054
5867,12055
5868,12056
5869,12057
5869,12058
5869,12059
5870,12060
5870,12061
5871,12062
5871,12063
5872,12064
5873,12065
5874,12066
5875,12067
5875,12068
5876,12069
5877,12070
5877,12071
5877,12072
5878,12073
5878,12074
5878,12075
5878,12076
5879,12077
5879,12078
5879,12079
5879,12080
5880,12081
5880,12082
5880,12083
5881,12084
5881,12085
5881,12086
5882,12087
5883,12088
5883,12089
5883,12090
5883,12091
5884,12092
5884,12093
5884,12094
5885,12095
5886,12096
5886,12097
5886,12098
5887,12099
5887,12100
5887,12101
5888,12102
5888,12103
5888,12104
5888,12105
5888,12106
5889,12107
5889,12108
5889,12109
5889,12110
5890,12111
5891,12112
5891,12113
5892,12114
5892,12115
5892,12116
5892,12117
5893,12118
5893,12119
5893,12120
5893,12121
5894,12122
5894,12123
5895,12124
5895,12125
5896,12126
5896,12127
5896,12128
5896,12129
5897,12130
5898,12131
5898,12132
5899,12133
5899,12134
5899,12135
5900,12136
5901,12137
5901,12138
5902,12139
5903,12140
5903,12141
5904,12142
5904,12143
5904,12144
5904,12145
5905,12146
5905,12147
5906,12148
5906,12149
5907,12150
5908,12151
5909,12152
5910,12153
5910,12154
5910,12155
5910,12156
5910,12157
5911,12158
5912,12159
5912,12160
5913,12161
5913,12162
5914,12163
5914,12164
5915,12165
5915,12166
5916,12167
5916,12168
5916,12169
5917,12170
5917,12171
5917,12172
5918,12173
5918,12174
5918,12175
5919,12176
5919,12177
5919,12178
5920,12179
5920,12180
5920,12181
5921,12182
5921,12183
5922,12184
5922,12185
5923,12186
5924,12187
5924,12188
5925,12189
5925,12190
5925,12191
5925,12192
5925,12193
5925,12194
5926,12195
5927,12196
5928,12197
5928,12198
5928,12199
5928,12200
5928,12201
5928,12202
5929,12203
5929,12204
5929,12205
5930,12206
5930,12207
5930,12208
5931,12209
5931,12210
5931,12211
5932,12212
5933,12213
5933,12214
5934,12215
5934,12216
5934,12217
5935,12218
5936,12219
5937,12220
5937,12221
5937,12222
5938,12223
5938,12224
5938,12225
5939,12226
5939,12227
5939,12228
5939,12229
5940,12230
5940,12231
5940,12232
5941,12233
5941,12234
5941,12235
5942,12236
5942,12237
5943,12238
5944,12239
5944,12240
5944,12241
5945,12242
5945,12243
5945,12244
5945,12245
5945,12246
5946,12247
5946,12248
5946,12249
5946,12250
5946,12251
5946,12252
5947,12253
5948,12254
5949,12255
5950,12256
5950,12257
5950,12258
5951,12259
5951,12260
5951,12261
5951,12262
5952,12263
5952,12264
5952,12265
5953,12266
5953,12267
5954,12268
5954,12269
5954,12270
5955,12271
5955,12272
5955,12273
5956,12274
5956,12275
5957,12276
5957,12277
5958,12278
5958,12279
5958,12280
5959,12281
5959,12282
5959,12283
5960,12284
5960,12285
5960,12286
5961,12287
5961,12288
5962,12289
5962,12290
5963,12291
5964,12292
5964,12293
5964,12294
5965,12295
5965,12296
5966,12297
5966,12298
5966,12299
5967,12300
5967,12301
5967,12302
5968,12303
5968,12304
5968,12305
5969,12306
5969,12307
5970,12308
5970,12309
5971,12310
5971,12311
5971,12312
5971,12313
5972,12314
5972,12315
5972,12316
5972,12317
5972,12318
5973,12319
5974,12320
5974,12321
5975,12322
5976,12323
5976,12324
5976,12325
5977,12326
5978,12327
5978,12328
5979,12329
5979,12330
5979,12331
5979,12332
5980,12333
5980,12334
5980,12335
5981,12336
5982,12337
5982,12338
5982,12339
5983,12340
5983,12341
5983,12342
5983,12343
5984,12344
5984,12345
5985,12346
5985,12347
5985,12348
5985,12349
5986,12350
5986,12351
5987,12352
5987,12353
5988,12354
5988,12355
5988,12356
5988,12357
5988,12358
5988,12359
5989,12360
5989,12361
5989,12362
5989,12363
5989,12364
5990,12365
5991,12366
5991,12367
5991,12368
5991,12369
5992,12370
5992,12371
5992,12372
5993,12373
5993,12374
5993,12375
5994,12376
5994,12377
5995,12378
5995,12379
5995,12380
5995,12381
5996,12382
5996,12383
5996,12384
5997,12385
5997,12386
5997,12387
5997,12388
5997,12389
5998,12390
5998,12391
5998,12392
5998,12393
5998,12394
5999,12395
6000,12396
6000,12397
6001,12398
6001,12399
6002,12400
6002,12401
6003,12402
6003,12403
6003,12404
6003,12405
6004,12406
6004,12407
6004,12408
6005,12409
6005,12410
6005,12411
6006,12412
6006,12413
6007,12414
6007,12415
6007,12416
6008,12417
6009,12418
6010,12419
6010,12420
6010,12421
6010,12422
6011,12423
6011,12424
6011,12425
6012,12426
6012,12427
6012,12428
6012,12429
6013,12430
6013,12431
6013,12432
6014,12433
6014,12434
6015,12435
6015,12436
6015,12437
6015,12438
6016,12439
6016,12440
6016,12441
6017,12442
6018,12443
6018,12444
6018,12445
6019,12446
6019,12447
6019,12448
6020,12449
6020,12450
6020,12451
6021,12452
6021,12453
6021,12454
6021,12455
6021,12456
6021,12457
6022,12458
6023,12459
6023,12460
6023,12461
6023,12462
6024,12463
6024,12464
6024,12465
6024,12466
6025,12467
6025,12468
6026,12469
6026,12470
6026,12471
6026,12472
6026,12473
6027,12474
6027,12475
6028,12476
6029,12477
6029,12478
6029,12479
6029,12480
6030,12481
6030,12482
6031,12483
6031,12484
6031,12485
6032,12486
6032,12487
6032,12488
6033,12489
6033,12490
6034,12491
6034,12492
6035,12493
6035,12494
6036,12495
6036,12496
6036,12497
6036,12498
6037,12499
6037,12500
6037,12501
6037,12502
6038,12503
6038,12504
6038,12505
6039,12506
6039,12507
6039,12508
6040,12509
6040,12510
6040,12511
6040,12512
6041,12513
6042,12514
6042,12515
6043,12516
6043,12517
6043,12518
6043,12519
6044,12520
6044,12521
6044,12522
6045,12523
6045,12524
6046,12525
6046,12526
6046,12527
6047,12528
6048,12529
6048,12530
6048,12531
6049,12532
6050,12533
6050,12534
6050,12535
6051,12536
6051,12537
6052,12538
6052,12539
6052,12540
6052,12541
6053,12542
6054,12543
6055,12544
6055,12545
6055,12546
6056,12547
6057,12548
6057,12549
6057,12550
6058,12551
6058,12552
6058,12553
6058,12554
6058,12555
6058,12556
6059,12557
6060,12558
6061,12559
6061,12560
6061,12561
6061,12562
6061,12563
6061,12564
6062,12565
6062,12566
6063,12567
6063,12568
6063,12569
6064,12570
6065,12571
6065,12572
6066,12573
6067,12574
6067,12575
6067,12576
6068,12577
6069,12578
6069,12579
6069,12580
6070,12581
6070,12582
6071,12583
6071,12584
6072,12585
6072,12586
6072,12587
6073,12588
6073,12589
6074,12590
6074,12591
6075,12592
6075,12593
6076,12594
6076,12595
6076,12596
6077,12597
6077,12598
6078,12599
6078,12600
6078,12601
6078,12602
6079,12603
6079,12604
6080,12605
6080,12606
6080,12607
6081,12608
6081,12609
6081,12610
6082,12611
6083,12612
6083,12613
6083,12614
6084,12615
6084,12616
6084,12617
6084,12618
6084,12619
6085,12620
6085,12621
6085,12622
6086,12623
6086,12624
6087,12625
6087,12626
6087,12627
6088,12628
6089,12629
6089,12630
6090,12631
6090,12632
6090,12633
6091,12634
6091,12635
6092,12636
6092,12637
6092,12638
6092,12639
6092,12640
6093,12641
6094,12642
6094,12643
6094,12644
6095,12645
6095,12646
6095,12647
6096,12648
6096,12649
6096,12650
6096,12651
6097,12652
6097,12653
6098,12654
6098,12655
6099,12656
6099,12657
6099,12658
6100,12659
6100,12660
6101,12661
6101,12662
6102,12663
6102,12664
6103,12665
6103,12666
6103,12667
6104,12668
6104,12669
6104,12670
6105,12671
6106,12672
6106,12673
6106,12674
6107,12675
6107,12676
6108,12677
6108,12678
6108,12679
6108,12680
6109,12681
6109,12682
6109,12683
6110,12684
6110,12685
6110,12686
6111,12687
6111,12688
6111,12689
6111,12690
6112,12691
6113,12692
6113,12693
6114,12694
6114,12695
6114,12696
6115,12697
6115,12698
6115,12699
6116,12700
6116,12701
6116,12702
6117,12703
6117,12704
6117,12705
6117,12706
6118,12707
6118,12708
6119,12709
6119,12710
6120,12711
6120,12712
6121,12713
6121,12714
6121,12715
6122,12716
6122,12717
6122,12718
6123,12719
6123,12720
6124,12721
6124,12722
6124,12723
6125,12724
6126,12725
6126,12726
6126,12727
6127,12728
6127,12729
6127,12730
6128,12731
6129,12732
6130,12733
6130,12734
6130,12735
6130,12736
6130,12737
6131,12738
6132,12739
6132,12740
6133,12741
6134,12742
6134,12743
6134,12744
6135,12745
6135,12746
6135,12747
6135,12748
6136,12749
6136,12750
6137,12751
6137,12752
6137,12753
6137,12754
6138,12755
6138,12756
6139,12757
6139,12758
6139,12759
6140,12760
6140,12761
6141,12762
6141,12763
6142,12764
6142,12765
6142,12766
6143,12767
6143,12768
6143,12769
6144,12770
6145,12771
6146,12772
6147,12773
6147,12774
6147,12775
6148,12776
6148,12777
6148,12778
6149,12779
6149,12780
6149,12781
6150,12782
6150,12783
6150,12784
6151,12785
6151,12786
6152,12787
6152,12788
6152,12789
6153,12790
6153,12791
6153,12792
6154,12793
6155,12794
6155,12795
6155,12796
6156,12797
6157,12798
6158,12799
6158,12800
6158,12801
6159,12802
6159,12803
6160,12804
6160,12805
6160,12806
6160,12807
6160,12808
6161,12809
6162,12810
6162,12811
6162,12812
6163,12813
6164,12814
6164,12815
6164,12816
6165,12817
6165,12818
6165,12819
6165,12820
6166,12821
6166,12822
6166,12823
6167,12824
6167,12825
6167,12826
6168,12827
6168,12828
6168,12829
6169,12830
6169,12831
6169,12832
6169,12833
6169,12834
6169,12835
6170,12836
6171,12837
6171,12838
6172,12839
6172,12840
6172,12841
6172,12842
6172,12843
6172,12844
6173,12845
6174,12846
6174,12847
6175,12848
6175,12849
6175,12850
6176,12851
6176,12852
6176,12853
6177,12854
6177,12855
6177,12856
6178,12857
6178,12858
6178,12859
6179,12860
6179,12861
6179,12862
6179,12863
6180,12864
6180,12865
6181,12866
6181,12867
6181,12868
6181,12869
6182,12870
6182,12871
6182,12872
6183,12873
6183,12874
6183,12875
6184,12876
6184,12877
6185,12878
6185,12879
6185,12880
6186,12881
6187,12882
6187,12883
6188,12884
6188,12885
6188,12886
6189,12887
6189,12888
6189,12889
6190,12890
6190,12891
6190,12892
6190,12893
6190,12894
6191,12895
6191,12896
6191,12897
6192,12898
6192,12899
6192,12900
6193,12901
6193,12902
6193,12903
6194,12904
6194,12905
6194,12906
6194,12907
6195,12908
6195,12909
6196,12910
6196,12911
6196,12912
6196,12913
6196,12914
6197,12915
6197,12916
6197,12917
6198,12918
6199,12919
6199,12920
6199,12921
6200,12922
6200,12923
6200,12924
6200,12925
6201,12926
6201,12927
6201,12928
6201,12929
6201,12930
6202,12931
6202,12932
6203,12933
6204,12934
6204,12935
6204,12936
6204,12937
6204,12938
6205,12939
6205,12940
6206,12941
6206,12942
6206,12943
6206,12944
6207,12945
6207,12946
6207,12947
6207,12948
6208,12949
6208,12950
6209,12951
6209,12952
6209,12953
6209,12954
6210,12955
6210,12956
6210,12957
6211,12958
6211,12959
6212,12960
6212,12961
6212,12962
6212,12963
6213,12964
6213,12965
6213,12966
6214,12967
6214,12968
6215,12969
6215,12970
6216,12971
6216,12972
6216,12973
6216,12974
6217,12975
6217,12976
6217,12977
6217,12978
6217,12979
6217,12980
6218,12981
6218,12982
6218,12983
6218,12984
6219,12985
6219,12986
6219,12987
6220,12988
6220,12989
6221,12990
6221,12991
6221,12992
6222,12993
6222,12994
6223,12995
6223,12996
6223,12997
6224,12998
6224,12999
6224,13000
6224,13001
6224,13002
6225,13003
6226,13004
6226,13005
6227,13006
6227,13007
6227,13008
6228,13009
6228,13010
6228,13011
6228,13012
6229,13013
6229,13014
6230,13015
6231,13016
6231,13017
6231,13018
6232,13019
6232,13020
6232,13021
6233,13022
6234,13023
6234,13024
6234,13025
6235,13026
6235,13027
6235,13028
6236,13029
6236,13030
6236,13031
6237,13032
6237,13033
6237,13034
6238,13035
6239,13036
6239,13037
6239,13038
6240,13039
6240,13040
6241,13041
6241,13042
6242,13043
6243,13044
6243,13045
6244,13046
6244,13047
6245,13048
6245,13049
6245,13050
6245,13051
6245,13052
6246,13053
6246,13054
6246,13055
6247,13056
6248,13057
6248,13058
6248,13059
6248,13060
6248,13061
6248,13062
6249,13063
6249,13064
6249,13065
6250,13066
6251,13067
6252,13068
6252,13069
6252,13070
6253,13071
6253,13072
6253,13073
6254,13074
6254,13075
6255,13076
6255,13077
6256,13078
6256,13079
6257,13080
6257,13081
6257,13082
6258,13083
6258,13084
6259,13085
6259,13086
6260,13087
6260,13088
6260,13089
6261,13090
6262,13091
6262,13092
6262,13093
6263,13094
6263,13095
6264,13096
6265,13097
6265,13098
6265,13099
6265,13100
6266,13101
6266,13102
6267,13103
6267,13104
6268,13105
6269,13106
6269,13107
6269,13108
6269,13109
6270,13110
6270,13111
6271,13112
6271,13113
6271,13114
6271,13115
6271,13116
6272,13117
6272,13118
6272,13119
6273,13120
6273,13121
6273,13122
6273,13123
6274,13124
6274,13125
6274,13126
6275,13127
6275,13128
6276,13129
6276,13130
6277,13131
6277,13132
6278,13133
6278,13134
6278,13135
6279,13136
6280,13137
6281,13138
6281,13139
6281,13140
6281,13141
6281,13142
6282,13143
6282,13144
6282,13145
6282,13146
6283,13147
6283,13148
6283,13149
6284,13150
6284,13151
6284,13152
6285,13153
6285,13154
6285,13155
6286,13156
6286,13157
6286,13158
6287,13159
6287,13160
6287,13161
6288,13162
6289,13163
6290,13164
6290,13165
6291,13166
6292,13167
6292,13168
6292,13169
6293,13170
6293,13171
6293,13172
6293,13173
6294,13174
6294,13175
6294,13176
6295,13177
6295,13178
6295,13179
6296,13180
6296,13181
6297,13182
6297,13183
6297,13184
6297,13185
6298,13186
6298,13187
6298,13188
6299,13189
6299,13190
6300,13191
6300,13192
6300,13193
6301,13194
6301,13195
6301,13196
6302,13197
6302,13198
6302,13199
6303,13200
6303,13201
6303,13202
6304,13203
6304,13204
6304,13205
6305,13206
6305,13207
6305,13208
6305,13209
6306,13210
6306,13211
6306,13212
6306,13213
6307,13214
6308,13215
6309,13216
6309,13217
6309,13218
6309,13219
6310,13220
6311,13221
6311,13222
6312,13223
6312,13224
6313,13225
6313,13226
6313,13227
6314,13228
6315,13229
6315,13230
6315,13231
6316,13232
6316,13233
6317,13234
6317,13235
6318,13236
6318,13237
6318,13238
6318,13239
6319,13240
6319,13241
6319,13242
6319,13243
6320,13244
6320,13245
6320,13246
6320,13247
6320,13248
6321,13249
6321,13250
6322,13251
6322,13252
6322,13253
6323,13254
6323,13255
6323,13256
6324,13257
6324,13258
6324,13259
6324,13260
6325,13261
6325,13262
6325,13263
6326,13264
6326,13265
6326,13266
6326,13267
6326,13268
6326,13269
6327,13270
6327,13271
6327,13272
6328,13273
6328,13274
6328,13275
6329,13276
6329,13277
6329,13278
6329,13279
6330,13280
6330,13281
6330,13282
6331,13283
6332,13284
6333,13285
6333,13286
6333,13287
6334,13288
6334,13289
6334,13290
6335,13291
6335,13292
6335,13293
6335,13294
6336,13295
6336,13296
6336,13297
6337,13298
6337,13299
6337,13300
6337,13301
6337,13302
6337,13303
6338,13304
6338,13305
6338,13306
6338,13307
6339,13308
6339,13309
6339,13310
6339,13311
6340,13312
6340,13313
6340,13314
6341,13315
6341,13316
6341,13317
6342,13318
6342,13319
6342,13320
6343,13321
6343,13322
6344,13323
6344,13324
6345,13325
6346,13326
6346,13327
6346,13328
6347,13329
6347,13330
6347,13331
6348,13332
6348,13333
6348,13334
6349,13335
6349,13336
6350,13337
6350,13338
6351,13339
6351,13340
6351,13341
6351,13342
6352,13343
6352,13344
6352,13345
6353,13346
6353,13347
6353,13348
6354,13349
6354,13350
6354,13351
6355,13352
6355,13353
6355,13354
6356,13355
6356,13356
6356,13357
6357,13358
6357,13359
6357,13360
6358,13361
6358,13362
6358,13363
6359,13364
6359,13365
6360,13366
6360,13367
6360,13368
6360,13369
6361,13370
6361,13371
6361,13372
6361,13373
6362,13374
6362,13375
6362,13376
6363,13377
6363,13378
6363,13379
6364,13380
6364,13381
6364,13382
6365,13383
6366,13384
6367,13385
6367,13386
6368,13387
6368,13388
6368,13389
6369,13390
6369,13391
6369,13392
6370,13393
6371,13394
6372,13395
6372,13396
6373,13397
6373,13398
6373,13399
6374,13400
6375,13401
6375,13402
6375,13403
6376,13404
6377,13405
6377,13406
6377,13407
6378,13408
6378,13409
6378,13410
6379,13411
6380,13412
6380,13413
6381,13414
6382,13415
6382,13416
6382,13417
6383,13418
6384,13419
6384,13420
6384,13421
6385,13422
6385,13423
6385,13424
6386,13425
6386,13426
6387,13427
6387,13428
6388,13429
6388,13430
6388,13431
6388,13432
6389,13433
6389,13434
6389,13435
6389,13436
6390,13437
6391,13438
6391,13439
6391,13440
6391,13441
6392,13442
6392,13443
6393,13444
6393,13445
6393,13446
6394,13447
6394,13448
6394,13449
6394,13450
6395,13451
6395,13452
6396,13453
6396,13454
6396,13455
6397,13456
6397,13457
6398,13458
6398,13459
6398,13460
6398,13461
6398,13462
6399,13463
6399,13464
6400,13465
6401,13466
6401,13467
6401,13468
6401,13469
6401,13470
6402,13471
6402,13472
6402,13473
6402,13474
6402,13475
6403,13476
6403,13477
6403,13478
6403,13479
6404,13480
6404,13481
6405,13482
6406,13483
6407,13484
6408,13485
6408,13486
6408,13487
6409,13488
6409,13489
6409,13490
6410,13491
6411,13492
6411,13493
6411,13494
6411,13495
6411,13496
6412,13497
6412,13498
6412,13499
6413,13500
6413,13501
6413,13502
6414,13503
6414,13504
6415,13505
6415,13506
6415,13507
6416,13508
6417,13509
6417,13510
6417,13511
6418,13512
6418,13513
6418,13514
6419,13515
6419,13516
6420,13517
6420,13518
6420,13519
6420,13520
6421,13521
6421,13522
6422,13523
6422,13524
6422,13525
6422,13526
6423,13527
6423,13528
6423,13529
6424,13530
6424,13531
6424,13532
6425,13533
6426,13534
6427,13535
6428,13536
6428,13537
6428,13538
6429,13539
6430,13540
6430,13541
6430,13542
6430,13543
6431,13544
6431,13545
6431,13546
6432,13547
6432,13548
6433,13549
6433,13550
6433,13551
6433,13552
6434,13553
6434,13554
6435,13555
6435,13556
6435,13557
6436,13558
6436,13559
6436,13560
6437,13561
6437,13562
6437,13563
6438,13564
6438,13565
6438,13566
6439,13567
6439,13568
6440,13569
6440,13570
6440,13571
6441,13572
6441,13573
6442,13574
6442,13575
6442,13576
6442,13577
6442,13578
6443,13579
6443,13580
6444,13581
6445,13582
6445,13583
6445,13584
6446,13585
6446,13586
6447,13587
6447,13588
6447,13589
6448,13590
6448,13591
6449,13592
6450,13593
6450,13594
6450,13595
6451,13596
6451,13597
6451,13598
6452,13599
6452,13600
6452,13601
6453,13602
6453,13603
6453,13604
6454,13605
6454,13606
6455,13607
6455,13608
6456,13609
6456,13610
6456,13611
6456,13612
6457,13613
6457,13614
6457,13615
6458,13616
6458,13617
6458,13618
6458,13619
6459,13620
6459,13621
6459,13622
6460,13623
6460,13624
6460,13625
6461,13626
6461,13627
6462,13628
6462,13629
6463,13630
6463,13631
6463,13632
6464,13633
6465,13634
6465,13635
6465,13636
6466,13637
6466,13638
6466,13639
6466,13640
6467,13641
6468,13642
6468,13643
6468,13644
6469,13645
6469,13646
6469,13647
6470,13648
6471,13649
6471,13650
6472,13651
6472,13652
6473,13653
6474,13654
6474,13655
6475,13656
6475,13657
6475,13658
6476,13659
6476,13660
6476,13661
6477,13662
6477,13663
6477,13664
6478,13665
6478,13666
6479,13667
6480,13668
6481,13669
6481,13670
6482,13671
6483,13672
6483,13673
6483,13674
6483,13675
6483,13676
6483,13677
6484,13678
6484,13679
6484,13680
6485,13681
6486,13682
6486,13683
6486,13684
6487,13685
6488,13686
6488,13687
6489,13688
6489,13689
6489,13690
6490,13691
6490,13692
6491,13693
6492,13694
6492,13695
6492,13696
6493,13697
6493,13698
6493,13699
6494,13700
6495,13701
6495,13702
6495,13703
6495,13704
6496,13705
6497,13706
6497,13707
6498,13708
6498,13709
6498,13710
6499,13711
6499,13712
6500,13713
6500,13714
6500,13715
6500,13716
6500,13717
6500,13718
6501,13719
6501,13720
6501,13721
6501,13722
6501,13723
6502,13724
6502,13725
6502,13726
6503,13727
6503,13728
6504,13729
6504,13730
6505,13731
6505,13732
6505,13733
6506,13734
6506,13735
6506,13736
6507,13737
6508,13738
6508,13739
6508,13740
6509,13741
6509,13742
6509,13743
6509,13744
6510,13745
6511,13746
6511,13747
6511,13748
6511,13749
6511,13750
6512,13751
6512,13752
6512,13753
6513,13754
6514,13755
6515,13756
6515,13757
6515,13758
6516,13759
6516,13760
6516,13761
6517,13762
6518,13763
6518,13764
6518,13765
6519,13766
6519,13767
6519,13768
6520,13769
6520,13770
6521,13771
6521,13772
6522,13773
6523,13774
6523,13775
6523,13776
6523,13777
6524,13778
6524,13779
6525,13780
6525,13781
6526,13782
6527,13783
6527,13784
6527,13785
6528,13786
6528,13787
6528,13788
6528,13789
6529,13790
6529,13791
6529,13792
6530,13793
6531,13794
6531,13795
6532,13796
6532,13797
6533,13798
6534,13799
6535,13800
6535,13801
6536,13802
6536,13803
6537,13804
6537,13805
6537,13806
6538,13807
6539,13808
6540,13809
6540,13810
6540,13811
6540,13812
6540,13813
6541,13814
6541,13815
6542,13816
6542,13817
6542,13818
6542,13819
6542,13820
6543,13821
6543,13822
6544,13823
6544,13824
6544,13825
6545,13826
6545,13827
6545,13828
6545,13829
6545,13830
6546,13831
6546,13832
6546,13833
6546,13834
6547,13835
6547,13836
6547,13837
6547,13838
6548,13839
6548,13840
6549,13841
6549,13842
6549,13843
6549,13844
6549,13845
6550,13846
6550,13847
6550,13848
6551,13849
6551,13850
6552,13851
6552,13852
6553,13853
6553,13854
6553,13855
6554,13856
6554,13857
6555,13858
6555,13859
6555,13860
6556,13861
6556,13862
6556,13863
6557,13864
6557,13865
6558,13866
6558,13867
6559,13868
6559,13869
6559,13870
6560,13871
6560,13872
6561,13873
6561,13874
6561,13875
6562,13876
6562,13877
6563,13878
6563,13879
6563,13880
6564,13881
6564,13882
6564,13883
6564,13884
6565,13885
6565,13886
6565,13887
6566,13888
6566,13889
6566,13890
6567,13891
6568,13892
6568,13893
6568,13894
6569,13895
6569,13896
6570,13897
6571,13898
6571,13899
6571,13900
6572,13901
6572,13902
6572,13903
6572,13904
6572,13905
6572,13906
6573,13907
6573,13908
6573,13909
6573,13910
6573,13911
6574,13912
6574,13913
6574,13914
6574,13915
6575,13916
6576,13917
6576,13918
6576,13919
6576,13920
6576,13921
6576,13922
6577,13923
6577,13924
6577,13925
6577,13926
6578,13927
6578,13928
6578,13929
6579,13930
6579,13931
6580,13932
6580,13933
6581,13934
6581,13935
6581,13936
6581,13937
6581,13938
6582,13939
6582,13940
6583,13941
6583,13942
6584,13943
6584,13944
6585,13945
6585,13946
6586,13947
6586,13948
6587,13949
6588,13950
6588,13951
6589,13952
6589,13953
6589,13954
6590,13955
6590,13956
6591,13957
6591,13958
6591,13959
6592,13960
6592,13961
6592,13962
6593,13963
6594,13964
6594,13965
6594,13966
6595,13967
6595,13968
6595,13969
6596,13970
6596,13971
6597,13972
6597,13973
6597,13974
6598,13975
6599,13976
6599,13977
6599,13978
6600,13979
6600,13980
6601,13981
6602,13982
6602,13983
6602,13984
6602,13985
6603,13986
6603,13987
6603,13988
6604,13989
6604,13990
6604,13991
6605,13992
6605,13993
6606,13994
6607,13995
6608,13996
6608,13997
6609,13998
6609,13999
6609,14000
6609,14001
6610,14002
6611,14003
6611,14004
6611,14005
6611,14006
6611,14007
6612,14008
6612,14009
6612,14010
6612,14011
6613,14012
6613,14013
6613,14014
6613,14015
6613,14016
6614,14017
6614,14018
6614,14019
6614,14020
6615,14021
6615,14022
6615,14023
6616,14024
6616,14025
6617,14026
6617,14027
6618,14028
6618,14029
6619,14030
6620,14031
6621,14032
6621,14033
6621,14034
6621,14035
6622,14036
6622,14037
6622,14038
6622,14039
6623,14040
6623,14041
6623,14042
6623,14043
6623,14044
6624,14045
6624,14046
6625,14047
6625,14048
6625,14049
6625,14050
6626,14051
6626,14052
6626,14053
6627,14054
6627,14055
6627,14056
6627,14057
6627,14058
6627,14059
6628,14060
6628,14061
6628,14062
6628,14063
6628,14064
6628,14065
6629,14066
6629,14067
6629,14068
6630,14069
6630,14070
6631,14071
6631,14072
6631,14073
6632,14074
6632,14075
6633,14076
6633,14077
6634,14078
6634,14079
6634,14080
6634,14081
6635,14082
6635,14083
6636,14084
6636,14085
6637,14086
6637,14087
6637,14088
6638,14089
6639,14090
6639,14091
6640,14092
6640,14093
6640,14094
6640,14095
6640,14096
6641,14097
6641,14098
6641,14099
6642,14100
6642,14101
6642,14102
6642,14103
6643,14104
6644,14105
6645,14106
6646,14107
6646,14108
6646,14109
6646,14110
6647,14111
6648,14112
6648,14113
6648,14114
6649,14115
6649,14116
6650,14117
6650,14118
6650,14119
6650,14120
6650,14121
6650,14122
6651,14123
6652,14124
6652,14125
6653,14126
6653,14127
6653,14128
6653,14129
6654,14130
6654,14131
6654,14132
6655,14133
6655,14134
6655,14135
6656,14136
6656,14137
6656,14138
6657,14139
6657,14140
6657,14141
6657,14142
6658,14143
6658,14144
6658,14145
6658,14146
6659,14147
6660,14148
6660,14149
6660,14150
6661,14151
6661,14152
6661,14153
6662,14154
6662,14155
6662,14156
6662,14157
6662,14158
6663,14159
6663,14160
6663,14161
6664,14162
6664,14163
6664,14164
6664,14165
6664,14166
6665,14167
6665,14168
6665,14169
6666,14170
6666,14171
6666,14172
6667,14173
6667,14174
6667,14175
6668,14176
6668,14177
6669,14178
6669,14179
6669,14180
6669,14181
6669,14182
6670,14183
6671,14184
6672,14185
6673,14186
6673,14187
6673,14188
6674,14189
6674,14190
6674,14191
6674,14192
6675,14193
6675,14194
6675,14195
6676,14196
6676,14197
6676,14198
6677,14199
6677,14200
6677,14201
6678,14202
6678,14203
6678,14204
6679,14205
6679,14206
6679,14207
6680,14208
6680,14209
6680,14210
6681,14211
6681,14212
6682,14213
6682,14214
6682,14215
6682,14216
6683,14217
6684,14218
6684,14219
6684,14220
6685,14221
6685,14222
6685,14223
6685,14224
6685,14225
6686,14226
6686,14227
6686,14228
6687,14229
6687,14230
6688,14231
6689,14232
6689,14233
6690,14234
6691,14235
6691,14236
6692,14237
6692,14238
6692,14239
6693,14240
6693,14241
6693,14242
6693,14243
6694,14244
6694,14245
6695,14246
6695,14247
6696,14248
6696,14249
6696,14250
6697,14251
6697,14252
6698,14253
6699,14254
6699,14255
6699,14256
6700,14257
6700,14258
6701,14259
6701,14260
6702,14261
6702,14262
6703,14263
6703,14264
6703,14265
6704,14266
6704,14267
6704,14268
6704,14269
6704,14270
6705,14271
6705,14272
6705,14273
6705,14274
6706,14275
6706,14276
6707,14277
6707,14278
6708,14279
6708,14280
6708,14281
6709,14282
6709,14283
6709,14284
6709,14285
6710,14286
6710,14287
6710,14288
6711,14289
6711,14290
6712,14291
6712,14292
6712,14293
6712,14294
6712,14295
6712,14296
6713,14297
6713,14298
6714,14299
6714,14300
6714,14301
6714,14302
6715,14303
6715,14304
6715,14305
6716,14306
6716,14307
6716,14308
6717,14309
6717,14310
6718,14311
6718,14312
6719,14313
6719,14314
6720,14315
6720,14316
6720,14317
6721,14318
6721,14319
6721,14320
6722,14321
6723,14322
6723,14323
6724,14324
6724,14325
6724,14326
6725,14327
6725,14328
6725,14329
6726,14330
6726,14331
6727,14332
6727,14333
6728,14334
6728,14335
6729,14336
6729,14337
6729,14338
6729,14339
6730,14340
6730,14341
6731,14342
6731,14343
6731,14344
6731,14345
6732,14346
6732,14347
6733,14348
6733,14349
6733,14350
6734,14351
6735,14352
6735,14353
6735,14354
6736,14355
6736,14356
6736,14357
6737,14358
6737,14359
6738,14360
6738,14361
6739,14362
6739,14363
6740,14364
6740,14365
6741,14366
6741,14367
6741,14368
6742,14369
6743,14370
6743,14371
6743,14372
6744,14373
6744,14374
6744,14375
6745,14376
6745,14377
6745,14378
6746,14379
6746,14380
6747,14381
6748,14382
6748,14383
6748,14384
6749,14385
6749,14386
6750,14387
6751,14388
6751,14389
6752,14390
6752,14391
6753,14392
6753,14393
6753,14394
6754,14395
6754,14396
6754,14397
6754,14398
6754,14399
6755,14400
6755,14401
6755,14402
6756,14403
6756,14404
6757,14405
6757,14406
6757,14407
6758,14408
6758,14409
6758,14410
6759,14411
6759,14412
6759,14413
6760,14414
6761,14415
6761,14416
6761,14417
6761,14418
6761,14419
6761,14420
6762,14421
6762,14422
6762,14423
6763,14424
6764,14425
6764,14426
6765,14427
6765,14428
6766,14429
6767,14430
6767,14431
6767,14432
6767,14433
6768,14434
6768,14435
6768,14436
6768,14437
6769,14438
6769,14439
6770,14440
6770,14441
6770,14442
6770,14443
6771,14444
6772,14445
6772,14446
6773,14447
6773,14448
6774,14449
6774,14450
6775,14451
6775,14452
6776,14453
6776,14454
6777,14455
6778,14456
6779,14457
6779,14458
6779,14459
6779,14460
6779,14461
6780,14462
6781,14463
6781,14464
6782,14465
6782,14466
6782,14467
6783,14468
6783,14469
6783,14470
6783,14471
6784,14472
6784,14473
6784,14474
6785,14475
6785,14476
6786,14477
6786,14478
6787,14479
6788,14480
6788,14481
6789,14482
6790,14483
6791,14484
6792,14485
6792,14486
6792,14487
6792,14488
6793,14489
6793,14490
6793,14491
6794,14492
6794,14493
6795,14494
6795,14495
6795,14496
6795,14497
6795,14498
6795,14499
6796,14500
6796,14501
6796,14502
6797,14503
6797,14504
6797,14505
6798,14506
6798,14507
6799,14508
6800,14509
6800,14510
6800,14511
6801,14512
6801,14513
6801,14514
6801,14515
6801,14516
6802,14517
6802,14518
6802,14519
6803,14520
6803,14521
6803,14522
6804,14523
6804,14524
6804,14525
6804,14526
6805,14527
6805,14528
6806,14529
6806,14530
6807,14531
6808,14532
6809,14533
6809,14534
6810,14535
6810,14536
6810,14537
6811,14538
6812,14539
6813,14540
6813,14541
6813,14542
6814,14543
6814,14544
6814,14545
6814,14546
6814,14547
6815,14548
6815,14549
6816,14550
6816,14551
6817,14552
6817,14553
6818,14554
6818,14555
6818,14556
6819,14557
6819,14558
6820,14559
6820,14560
6821,14561
6821,14562
6821,14563
6821,14564
6822,14565
6822,14566
6823,14567
6823,14568
6823,14569
6823,14570
6824,14571
6824,14572
6825,14573
6825,14574
6825,14575
6826,14576
6826,14577
6826,14578
6827,14579
6827,14580
6827,14581
6828,14582
6829,14583
6829,14584
6829,14585
6830,14586
6830,14587
6830,14588
6830,14589
6830,14590
6831,14591
6831,14592
6832,14593
6832,14594
6833,14595
6833,14596
6834,14597
6834,14598
6834,14599
6834,14600
6834,14601
6834,14602
6835,14603
6836,14604
6836,14605
6836,14606
6837,14607
6837,14608
6838,14609
6838,14610
6838,14611
6839,14612
6839,14613
6839,14614
6839,14615
6839,14616
6840,14617
6840,14618
6841,14619
6841,14620
6842,14621
6842,14622
6842,14623
6842,14624
6843,14625
6844,14626
6844,14627
6844,14628
6844,14629
6845,14630
6845,14631
6846,14632
6846,14633
6846,14634
6847,14635
6847,14636
6847,14637
6848,14638
6848,14639
6848,14640
6849,14641
6849,14642
6849,14643
6850,14644
6850,14645
6851,14646
6851,14647
6851,14648
6851,14649
6852,14650
6852,14651
6853,14652
6853,14653
6854,14654
6854,14655
6854,14656
6854,14657
6854,14658
6854,14659
6855,14660
6855,14661
6855,14662
6855,14663
6856,14664
6856,14665
6856,14666
6857,14667
6857,14668
6857,14669
6858,14670
6858,14671
6858,14672
6859,14673
6860,14674
6860,14675
6860,14676
6860,14677
6861,14678
6861,14679
6861,14680
6861,14681
6861,14682
6862,14683
6862,14684
6862,14685
6862,14686
6863,14687
6863,14688
6864,14689
6864,14690
6864,14691
6865,14692
6865,14693
6865,14694
6865,14695
6865,14696
6866,14697
6866,14698
6866,14699
6866,14700
6867,14701
6868,14702
6869,14703
6869,14704
6869,14705
6869,14706
6869,14707
6870,14708
6870,14709
6871,14710
6872,14711
6873,14712
6873,14713
6873,14714
6873,14715
6874,14716
6875,14717
6875,14718
6875,14719
6876,14720
6877,14721
6877,14722
6877,14723
6877,14724
6878,14725
6879,14726
6879,14727
6879,14728
6880,14729
6881,14730
6882,14731
6882,14732
6883,14733
6883,14734
6883,14735
6884,14736
6885,14737
6885,14738
6886,14739
6887,14740
6888,14741
6888,14742
6888,14743
6889,14744
6889,14745
6889,14746
6890,14747
6890,14748
6891,14749
6891,14750
6891,14751
6891,14752
6891,14753
6892,14754
6892,14755
6892,14756
6893,14757
6893,14758
6894,14759
6895,14760
6895,14761
6895,14762
6895,14763
6895,14764
6895,14765
6896,14766
6896,14767
6896,14768
6897,14769
6897,14770
6897,14771
6898,14772
6898,14773
6899,14774
6899,14775
6899,14776
6900,14777
6900,14778
6900,14779
6900,14780
6901,14781
6902,14782
6902,14783
6903,14784
6903,14785
6904,14786
6904,14787
6904,14788
6904,14789
6905,14790
6905,14791
6905,14792
6905,14793
6906,14794
6906,14795
6907,14796
6908,14797
6908,14798
6909,14799
6909,14800
6910,14801
6910,14802
6910,14803
6910,14804
6911,14805
6911,14806
6912,14807
6913,14808
6913,14809
6914,14810
6915,14811
6916,14812
6916,14813
6917,14814
6917,14815
6918,14816
6918,14817
6918,14818
6919,14819
6920,14820
6920,14821
6920,14822
6921,14823
6922,14824
6922,14825
6922,14826
6923,14827
6923,14828
6923,14829
6924,14830
6924,14831
6925,14832
6925,14833
6926,14834
6926,14835
6926,14836
6926,14837
6927,14838
6927,14839
6927,14840
6927,14841
6927,14842
6928,14843
6929,14844
6930,14845
6930,14846
6930,14847
6930,14848
6931,14849
6931,14850
6931,14851
6932,14852
6932,14853
6932,14854
6932,14855
6933,14856
6933,14857
6934,14858
6934,14859
6934,14860
6935,14861
6936,14862
6937,14863
6938,14864
6938,14865
6939,14866
6939,14867
6939,14868
6939,14869
6939,14870
6940,14871
6940,14872
6941,14873
6941,14874
6941,14875
6942,14876
6942,14877
6942,14878
6942,14879
6943,14880
6943,14881
6944,14882
6944,14883
6945,14884
6946,14885
6946,14886
6946,14887
6946,14888
6946,14889
6947,14890
6947,14891
6947,14892
6947,14893
6948,14894
6948,14895
6948,14896
6949,14897
6950,14898
6951,14899
6951,14900
6951,14901
6951,14902
6952,14903
6952,14904
6953,14905
6953,14906
6953,14907
6954,14908
6954,14909
6954,14910
6954,14911
6955,14912
6955,14913
6955,14914
6955,14915
6956,14916
6957,14917
6957,14918
6958,14919
6958,14920
6958,14921
6959,14922
6959,14923
6959,14924
6959,14925
6960,14926
6960,14927
6960,14928
6961,14929
6961,14930
6962,14931
6962,14932
6962,14933
6963,14934
6963,14935
6964,14936
6964,14937
6964,14938
6965,14939
6965,14940
6966,14941
6966,14942
6966,14943
6967,14944
6967,14945
6967,14946
6967,14947
6968,14948
6968,14949
6969,14950
6969,14951
6969,14952
6969,14953
6970,14954
6970,14955
6970,14956
6971,14957
6971,14958
6971,14959
6971,14960
6972,14961
6972,14962
6972,14963
6972,14964
6973,14965
6973,14966
6974,14967
6974,14968
6974,14969
6974,14970
6975,14971
6976,14972
6976,14973
6977,14974
6977,14975
6977,14976
6977,14977
6977,14978
6978,14979
6979,14980
6979,14981
6980,14982
6980,14983
6981,14984
6981,14985
6982,14986
6982,14987
6983,14988
6983,14989
6983,14990
6983,14991
6984,14992
6984,14993
6985,14994
6985,14995
6986,14996
6986,14997
6987,14998
6987,14999
6988,15000
6988,15001
6989,15002
6989,15003
6989,15004
6989,15005
6990,15006
6990,15007
6991,15008
6991,15009
6991,15010
6992,15011
6992,15012
6992,15013
6993,15014
6994,15015
6994,15016
6994,15017
6995,15018
6995,15019
6995,15020
6996,15021
6996,15022
6997,15023
6997,15024
6997,15025
6997,15026
6998,15027
6999,15028
7000,15029
7000,15030
7000,15031
7000,15032
7001,15033
7001,15034
7001,15035
7002,15036
7002,15037
7002,15038
7003,15039
7003,15040
7003,15041
7003,15042
7003,15043
7004,15044
7004,15045
7004,15046
7004,15047
7005,15048
7005,15049
7005,15050
7006,15051
7007,15052
7007,15053
7007,15054
7008,15055
7008,15056
7009,15057
7009,15058
7009,15059
7010,15060
7010,15061
7010,15062
7011,15063
7011,15064
7011,15065
7012,15066
7013,15067
7014,15068
7014,15069
7014,15070
7015,15071
7015,15072
7015,15073
7016,15074
7016,15075
7016,15076
7016,15077
7017,15078
7017,15079
7017,15080
7018,15081
7018,15082
7018,15083
7019,15084
7020,15085
7021,15086
7021,15087
7022,15088
7022,15089
7022,15090
7023,15091
7023,15092
7024,15093
7024,15094
7024,15095
7024,15096
7024,15097
7025,15098
7025,15099
7025,15100
7026,15101
7026,15102
7026,15103
7026,15104
7027,15105
7027,15106
7027,15107
7028,15108
7028,15109
7028,15110
7029,15111
7029,15112
7030,15113
7030,15114
7030,15115
7031,15116
7031,15117
7031,15118
7031,15119
7032,15120
7033,15121
7033,15122
7034,15123
7035,15124
7035,15125
7036,15126
7036,15127
7036,15128
7036,15129
7036,15130
7037,15131
7037,15132
7037,15133
7038,15134
7038,15135
7038,15136
7038,15137
7038,15138
7039,15139
7039,15140
7039,15141
7040,15142
7040,15143
7040,15144
7041,15145
7041,15146
7042,15147
7042,15148
7042,15149
7043,15150
7043,15151
7044,15152
7044,15153
7045,15154
7045,15155
7045,15156
7046,15157
7046,15158
7046,15159
7046,15160
7046,15161
7047,15162
7047,15163
7048,15164
7048,15165
7048,15166
7048,15167
7049,15168
7049,15169
7049,15170
7049,15171
7050,15172
7050,15173
7051,15174
7051,15175
7051,15176
7052,15177
7052,15178
7052,15179
7053,15180
7053,15181
7054,15182
7054,15183
7054,15184
7054,15185
7054,15186
7054,15187
7055,15188
7055,15189
7056,15190
7056,15191
7056,15192
7057,15193
7057,15194
7057,15195
7057,15196
7058,15197
7059,15198
7059,15199
7059,15200
7060,15201
7060,15202
7060,15203
7061,15204
7062,15205
7062,15206
7063,15207
7064,15208
7064,15209
7065,15210
7066,15211
7066,15212
7067,15213
7067,15214
7067,15215
7067,15216
7068,15217
7068,15218
7069,15219
7070,15220
7070,15221
7070,15222
7070,15223
7071,15224
7071,15225
7072,15226
7072,15227
7073,15228
7073,15229
7073,15230
7073,15231
7073,15232
7074,15233
7074,15234
7074,15235
7074,15236
7075,15237
7076,15238
7076,15239
7076,15240
7077,15241
7077,15242
7078,15243
7078,15244
7078,15245
7079,15246
7080,15247
7081,15248
7081,15249
7081,15250
7082,15251
7083,15252
7083,15253
7084,15254
7084,15255
7084,15256
7085,15257
7085,15258
7086,15259
7086,15260
7086,15261
7086,15262
7087,15263
7087,15264
7087,15265
7087,15266
7088,15267
7088,15268
7089,15269
7090,15270
7090,15271
7091,15272
7091,15273
7091,15274
7092,15275
7093,15276
7093,15277
7093,15278
7094,15279
7095,15280
7096,15281
7096,15282
7097,15283
7097,15284
7097,15285
7098,15286
7098,15287
7099,15288
7100,15289
7100,15290
7101,15291
7101,15292
7102,15293
7103,15294
7103,15295
7104,15296
7105,15297
7105,15298
7105,15299
7105,15300
7106,15301
7106,15302
7106,15303
7107,15304
7107,15305
7107,15306
7108,15307
7108,15308
7109,15309
7109,15310
7109,15311
7110,15312
7110,15313
7110,15314
7110,15315
7111,15316
7111,15317
7112,15318
7112,15319
7112,15320
7113,15321
7113,15322
7113,15323
7114,15324
7114,15325
7115,15326
7115,15327
7115,15328
7115,15329
7115,15330
7116,15331
7116,15332
7116,15333
7116,15334
7117,15335
7117,15336
7117,15337
7118,15338
7118,15339
7118,15340
7118,15341
7119,15342
7119,15343
7119,15344
7120,15345
7120,15346
7120,15347
7120,15348
7121,15349
7122,15350
7122,15351
7123,15352
7123,15353
7124,15354
7124,15355
7125,15356
7125,15357
7125,15358
7126,15359
7126,15360
7126,15361
7127,15362
7127,15363
7127,15364
7127,15365
7128,15366
7129,15367
7130,15368
7130,15369
7130,15370
7131,15371
7131,15372
7131,15373
7131,15374
7132,15375
7133,15376
7133,15377
7134,15378
7134,15379
7135,15380
7135,15381
7135,15382
7135,15383
7135,15384
7136,15385
7136,15386
7136,15387
7136,15388
7137,15389
7138,15390
7138,15391
7138,15392
7139,15393
7139,15394
7139,15395
7139,15396
7140,15397
7140,15398
7141,15399
7141,15400
7142,15401
7142,15402
7142,15403
7142,15404
7143,15405
7143,15406
7143,15407
7144,15408
7144,15409
7145,15410
7145,15411
7146,15412
7146,15413
7146,15414
7146,15415
7147,15416
7147,15417
7147,15418
7148,15419
7148,15420
7148,15421
7149,15422
7149,15423
7149,15424
7149,15425
7149,15426
7150,15427
7150,15428
7150,15429
7151,15430
7151,15431
7151,15432
7152,15433
7152,15434
7152,15435
7152,15436
7153,15437
7153,15438
7153,15439
7154,15440
7154,15441
7154,15442
7155,15443
7155,15444
7156,15445
7156,15446
7156,15447
7156,15448
7157,15449
7157,15450
7157,15451
7158,15452
7158,15453
7159,15454
7160,15455
7160,15456
7160,15457
7161,15458
7161,15459
7162,15460
7162,15461
7163,15462
7163,15463
7163,15464
7164,15465
7165,15466
7166,15467
7166,15468
7166,15469
7167,15470
7167,15471
7167,15472
7167,15473
7168,15474
7168,15475
7169,15476
7170,15477
7170,15478
7171,15479
7171,15480
7171,15481
7171,15482
7172,15483
7173,15484
7174,15485
7174,15486
7174,15487
7175,15488
7175,15489
7176,15490
7176,15491
7176,15492
7177,15493
7177,15494
7177,15495
7178,15496
7178,15497
7178,15498
7179,15499
7179,15500
7179,15501
7180,15502
7181,15503
7182,15504
7182,15505
7182,15506
7183,15507
7183,15508
7184,15509
7184,15510
7184,15511
7185,15512
7185,15513
7186,15514
7186,15515
7186,15516
7187,15517
7187,15518
7188,15519
7188,15520
7188,15521
7188,15522
7188,15523
7189,15524
7189,15525
7189,15526
7190,15527
7190,15528
7190,15529
7190,15530
7191,15531
7192,15532
7192,15533
7192,15534
7193,15535
7193,15536
7193,15537
7193,15538
7194,15539
7194,15540
7195,15541
7195,15542
7195,15543
7196,15544
7196,15545
7197,15546
7197,15547
7197,15548
7198,15549
7199,15550
7200,15551
7200,15552
7200,15553
7201,15554
7201,15555
7201,15556
7202,15557
7202,15558
7202,15559
7202,15560
7203,15561
7204,15562
7204,15563
7205,15564
7205,15565
7205,15566
7206,15567
7206,15568
7206,15569
7207,15570
7208,15571
7208,15572
7209,15573
7209,15574
7210,15575
7210,15576
7210,15577
7211,15578
7211,15579
7212,15580
7212,15581
7212,15582
7213,15583
7213,15584
7214,15585
7214,15586
7215,15587
7216,15588
7217,15589
7217,15590
7217,15591
7218,15592
7218,15593
7218,15594
7219,15595
7219,15596
7219,15597
7220,15598
7221,15599
7221,15600
7221,15601
7221,15602
7222,15603
7222,15604
7223,15605
7224,15606
7224,15607
7225,15608
7226,15609
7227,15610
7228,15611
7228,15612
7229,15613
7229,15614
7229,15615
7229,15616
7230,15617
7230,15618
7230,15619
7230,15620
7231,15621
7231,15622
7231,15623
7232,15624
7232,15625
7233,15626
7233,15627
7234,15628
7234,15629
7234,15630
7235,15631
7235,15632
7236,15633
7236,15634
7237,15635
7238,15636
7238,15637
7239,15638
7239,15639
7240,15640
7240,15641
7240,15642
7241,15643
7242,15644
7243,15645
7243,15646
7244,15647
7245,15648
7245,15649
7245,15650
7245,15651
7246,15652
7246,15653
7247,15654
7247,15655
7248,15656
7248,15657
7249,15658
7249,15659
7250,15660
7250,15661
7250,15662
7250,15663
7251,15664
7251,15665
7252,15666
7252,15667
7252,15668
7253,15669
7253,15670
7253,15671
7254,15672
7254,15673
7254,15674
7255,15675
7255,15676
7255,15677
7256,15678
7256,15679
7256,15680
7256,15681
7257,15682
7257,15683
7258,15684
7258,15685
7259,15686
7259,15687
7260,15688
7260,15689
7260,15690
7261,15691
7261,15692
7261,15693
7261,15694
7262,15695
7262,15696
7263,15697
7263,15698
7263,15699
7264,15700
7265,15701
7265,15702
7265,15703
7266,15704
7266,15705
7266,15706
7267,15707
7268,15708
7268,15709
7269,15710
7269,15711
7269,15712
7270,15713
7270,15714
7270,15715
7270,15716
7271,15717
7271,15718
7272,15719
7272,15720
7273,15721
7273,15722
7273,15723
7273,15724
7273,15725
7274,15726
7274,15727
7275,15728
7275,15729
7276,15730
7276,15731
7277,15732
7278,15733
7278,15734
7278,15735
7279,15736
7280,15737
7280,15738
7280,15739
7281,15740
7281,15741
7282,15742
7282,15743
7283,15744
7283,15745
7283,15746
7283,15747
7284,15748
7284,15749
7284,15750
7285,15751
7285,15752
7285,15753
7285,15754
7286,15755
7286,15756
7286,15757
7287,15758
7287,15759
7287,15760
7287,15761
7288,15762
7288,15763
7288,15764
7288,15765
7289,15766
7289,15767
7289,15768
7290,15769
7290,15770
7290,15771
7290,15772
7291,15773
7292,15774
7292,15775
7292,15776
7293,15777
7293,15778
7293,15779
7294,15780
7295,15781
7295,15782
7295,15783
7296,15784
7296,15785
7296,15786
7296,15787
7297,15788
7297,15789
7298,15790
7298,15791
7298,15792
7299,15793
7300,15794
7300,15795
7301,15796
7301,15797
7301,15798
7302,15799
7302,15800
7303,15801
7303,15802
7304,15803
7304,15804
7304,15805
7305,15806
7305,15807
7306,15808
7306,15809
7306,15810
7306,15811
7307,15812
7307,15813
7308,15814
7308,15815
7309,15816
7309,15817
7309,15818
7309,15819
7310,15820
7311,15821
7311,15822
7312,15823
7312,15824
7313,15825
7314,15826
7314,15827
7314,15828
7315,15829
7316,15830
7317,15831
7317,15832
7317,15833
7318,15834
7318,15835
7319,15836
7319,15837
7319,15838
7320,15839
7320,15840
7320,15841
7321,15842
7321,15843
7321,15844
7322,15845
7322,15846
7322,15847
7322,15848
7323,15849
7323,15850
7324,15851
7324,15852
7324,15853
7324,15854
7324,15855
7325,15856
7325,15857
7325,15858
7326,15859
7327,15860
7328,15861
7328,15862
7328,15863
7328,15864
7329,15865
7330,15866
7331,15867
7331,15868
7331,15869
7332,15870
7332,15871
7332,15872
7333,15873
7333,15874
7334,15875
7334,15876
7334,15877
7335,15878
7335,15879
7335,15880
7336,15881
7336,15882
7336,15883
7337,15884
7337,15885
7337,15886
7338,15887
7339,15888
7339,15889
7339,15890
7340,15891
7340,15892
7341,15893
7341,15894
7342,15895
7342,15896
7342,15897
7343,15898
7343,15899
7343,15900
7344,15901
7344,15902
7344,15903
7344,15904
7344,15905
7345,15906
7345,15907
7345,15908
7346,15909
7347,15910
7347,15911
7348,15912
7348,15913
7348,15914
7349,15915
7349,15916
7350,15917
7350,15918
7350,15919
7350,15920
7351,15921
7352,15922
7352,15923
7352,15924
7353,15925
7353,15926
7353,15927
7353,15928
7354,15929
7354,15930
7355,15931
7356,15932
7356,15933
7357,15934
7358,15935
7358,15936
7358,15937
7359,15938
7359,15939
7359,15940
7360,15941
7360,15942
7361,15943
7361,15944
7362,15945
7362,15946
7363,15947
7363,15948
7363,15949
7364,15950
7364,15951
7365,15952
7365,15953
7366,15954
7366,15955
7366,15956
7366,15957
7367,15958
7367,15959
7368,15960
7369,15961
7370,15962
7371,15963
7371,15964
7372,15965
7372,15966
7372,15967
7373,15968
7373,15969
7374,15970
7374,15971
7374,15972
7375,15973
7375,15974
7375,15975
7376,15976
7377,15977
7377,15978
7378,15979
7378,15980
7378,15981
7379,15982
7379,15983
7380,15984
7381,15985
7381,15986
7382,15987
7382,15988
7383,15989
7384,15990
7384,15991
7384,15992
7384,15993
7385,15994
7385,15995
7386,15996
7387,15997
7388,15998
7388,15999
7389,16000
7389,16001
7389,16002
7390,16003
7390,16004
7390,16005
7391,16006
7392,16007
7392,16008
7393,16009
7393,16010
7394,16011
7394,16012
7394,16013
7395,16014
7395,16015
7395,16016
7395,16017
7395,16018
7396,16019
7397,16020
7397,16021
7397,16022
7398,16023
7398,16024
7399,16025
7399,16026
7399,16027
7400,16028
7400,16029
7400,16030
7400,16031
7401,16032
7402,16033
7402,16034
7403,16035
7403,16036
7404,16037
7404,16038
7404,16039
7404,16040
7405,16041
7405,16042
7406,16043
7406,16044
7406,16045
7406,16046
7407,16047
7407,16048
7407,16049
7408,16050
7408,16051
7409,16052
7409,16053
7409,16054
7410,16055
7410,16056
7410,16057
7410,16058
7411,16059
7412,16060
7413,16061
7413,16062
7413,16063
7413,16064
7414,16065
7414,16066
7414,16067
7415,16068
7415,16069
7415,16070
7415,16071
7415,16072
7416,16073
7416,16074
7416,16075
7417,16076
7418,16077
7419,16078
7419,16079
7420,16080
7420,16081
7420,16082
7421,16083
7421,16084
7421,16085
7421,16086
7421,16087
7422,16088
7423,16089
7423,16090
7423,16091
7424,16092
7424,16093
7424,16094
7424,16095
7425,16096
7426,16097
7426,16098
7427,16099
7427,16100
7428,16101
7429,16102
7430,16103
7430,16104
7430,16105
7431,16106
7431,16107
7432,16108
7432,16109
7433,16110
7433,16111
7433,16112
7433,16113
7434,16114
7434,16115
7434,16116
7435,16117
7435,16118
7435,16119
7436,16120
7436,16121
7436,16122
7437,16123
7437,16124
7437,16125
7438,16126
7438,16127
7439,16128
7439,16129
7439,16130
7439,16131
7440,16132
7440,16133
7440,16134
7441,16135
7441,16136
7442,16137
7443,16138
7443,16139
7443,16140
7444,16141
7444,16142
7444,16143
7444,16144
7445,16145
7446,16146
7446,16147
7446,16148
7447,16149
7448,16150
7448,16151
7448,16152
7449,16153
7449,16154
7450,16155
7450,16156
7450,16157
7450,16158
7451,16159
7451,16160
7452,16161
7453,16162
7453,16163
7453,16164
7453,16165
7454,16166
7454,16167
7454,16168
7455,16169
7456,16170
7457,16171
7457,16172
7457,16173
7458,16174
7459,16175
7459,16176
7460,16177
7461,16178
7461,16179
7461,16180
7462,16181
7462,16182
7462,16183
7462,16184
7462,16185
7463,16186
7463,16187
7463,16188
7464,16189
7464,16190
7464,16191
7465,16192
7465,16193
7466,16194
7466,16195
7467,16196
7467,16197
7467,16198
7468,16199
7469,16200
7469,16201
7469,16202
7469,16203
7470,16204
7470,16205
7470,16206
7471,16207
7471,16208
7472,16209
7472,16210
7472,16211
7473,16212
7473,16213
7473,16214
7474,16215
7474,16216
7475,16217
7476,16218
7476,16219
7477,16220
7477,16221
7477,16222
7477,16223
7478,16224
7478,16225
7479,16226
7479,16227
7480,16228
7480,16229
7480,16230
7481,16231
7481,16232
7481,16233
7482,16234
7482,16235
7482,16236
7482,16237
7483,16238
7483,16239
7483,16240
7484,16241
7484,16242
7484,16243
7485,16244
7485,16245
7485,16246
7486,16247
7486,16248
7486,16249
7487,16250
7487,16251
7488,16252
7488,16253
7488,16254
7488,16255
7489,16256
7490,16257
7490,16258
7491,16259
7492,16260
7492,16261
7493,16262
7494,16263
7494,16264
7495,16265
7495,16266
7495,16267
7496,16268
7496,16269
7497,16270
7497,16271
7498,16272
7498,16273
7498,16274
7498,16275
7499,16276
7500,16277
7500,16278
7500,16279
7500,16280
7501,16281
7501,16282
7501,16283
7502,16284
7502,16285
7503,16286
7503,16287
7503,16288
7503,16289
7503,16290
7504,16291
7505,16292
7505,16293
7506,16294
7506,16295
7507,16296
7508,16297
7508,16298
7509,16299
7509,16300
7509,16301
7510,16302
7511,16303
7511,16304
7511,16305
7512,16306
7512,16307
7512,16308
7513,16309
7513,16310
7513,16311
7513,16312
7514,16313
7514,16314
7514,16315
7515,16316
7515,16317
7515,16318
7515,16319
7515,16320
7515,16321
7516,16322
7516,16323
7517,16324
7517,16325
7517,16326
7518,16327
7518,16328
7518,16329
7519,16330
7519,16331
7520,16332
7520,16333
7520,16334
7521,16335
7521,16336
7522,16337
7522,16338
7522,16339
7523,16340
7523,16341
7523,16342
7523,16343
7524,16344
7524,16345
7524,16346
7525,16347
7525,16348
7526,16349
7526,16350
7526,16351
7526,16352
7526,16353
7527,16354
7527,16355
7527,16356
7528,16357
7528,16358
7528,16359
7528,16360
7529,16361
7530,16362
7530,16363
7531,16364
7531,16365
7531,16366
7531,16367
7532,16368
7532,16369
7533,16370
7534,16371
7534,16372
7534,16373
7534,16374
7535,16375
7535,16376
7536,16377
7537,16378
7537,16379
7537,16380
7538,16381
7539,16382
7539,16383
7539,16384
7540,16385
7540,16386
7540,16387
7540,16388
7541,16389
7542,16390
7542,16391
7542,16392
7543,16393
7543,16394
7544,16395
7545,16396
7545,16397
7546,16398
7547,16399
7548,16400
7548,16401
7548,16402
7548,16403
7548,16404
7549,16405
7549,16406
7549,16407
7550,16408
7550,16409
7551,16410
7551,16411
7551,16412
7552,16413
7553,16414
7553,16415
7553,16416
7554,16417
7554,16418
7555,16419
7555,16420
7555,16421
7556,16422
7556,16423
7556,16424
7557,16425
7557,16426
7557,16427
7558,16428
7558,16429
7558,16430
7559,16431
7559,16432
7559,16433
7560,16434
7560,16435
7561,16436
7561,16437
7561,16438
7562,16439
7562,16440
7562,16441
7563,16442
7564,16443
7564,16444
7564,16445
7565,16446
7565,16447
7565,16448
7565,16449
7565,16450
7566,16451
7566,16452
7567,16453
7567,16454
7567,16455
7568,16456
7568,16457
7568,16458
7569,16459
7569,16460
7569,16461
7570,16462
7570,16463
7571,16464
7571,16465
7571,16466
7572,16467
7572,16468
7573,16469
7573,16470
7573,16471
7573,16472
7574,16473
7574,16474
7574,16475
7574,16476
7575,16477
7575,16478
7576,16479
7576,16480
7576,16481
7576,16482
7577,16483
7577,16484
7577,16485
7578,16486
7578,16487
7579,16488
7579,16489
7579,16490
7580,16491
7580,16492
7580,16493
7581,16494
7581,16495
7582,16496
7582,16497
7583,16498
7583,16499
7583,16500
7583,16501
7584,16502
7584,16503
7585,16504
7585,16505
7585,16506
7586,16507
7586,16508
7586,16509
7587,16510
7587,16511
7587,16512
7588,16513
7589,16514
7589,16515
7590,16516
7590,16517
7590,16518
7591,16519
7591,16520
7591,16521
7592,16522
7592,16523
7592,16524
7592,16525
7593,16526
7593,16527
7593,16528
7593,16529
7594,16530
7594,16531
7595,16532
7595,16533
7595,16534
7595,16535
7596,16536
7596,16537
7597,16538
7597,16539
7597,16540
7598,16541
7599,16542
7599,16543
7599,16544
7599,16545
7600,16546
7600,16547
7600,16548
7600,16549
7601,16550
7601,16551
7602,16552
7602,16553
7602,16554
7603,16555
7603,16556
7603,16557
7604,16558
7604,16559
7605,16560
7605,16561
7606,16562
7606,16563
7606,16564
7607,16565
7607,16566
7607,16567
7608,16568
7608,16569
7608,16570
7609,16571
7609,16572
7610,16573
7610,16574
7610,16575
7610,16576
7610,16577
7611,16578
7612,16579
7612,16580
7612,16581
7612,16582
7613,16583
7614,16584
7615,16585
7615,16586
7615,16587
7615,16588
7616,16589
7616,16590
7617,16591
7617,16592
7618,16593
7618,16594
7618,16595
7619,16596
7620,16597
7620,16598
7621,16599
7621,16600
7621,16601
7622,16602
7622,16603
7622,16604
7622,16605
7623,16606
7623,16607
7623,16608
7623,16609
7623,16610
7624,16611
7624,16612
7624,16613
7625,16614
7625,16615
7625,16616
7626,16617
7626,16618
7627,16619
7627,16620
7628,16621
7628,16622
7629,16623
7629,16624
7629,16625
7629,16626
7630,16627
7630,16628
7631,16629
7632,16630
7632,16631
7633,16632
7633,16633
7634,16634
7634,16635
7634,16636
7635,16637
7635,16638
7636,16639
7636,16640
7636,16641
7636,16642
7637,16643
7637,16644
7637,16645
7638,16646
7638,16647
7638,16648
7638,16649
7639,16650
7639,16651
7640,16652
7640,16653
7640,16654
7641,16655
7642,16656
7642,16657
7642,16658
7643,16659
7644,16660
7644,16661
7645,16662
7645,16663
7645,16664
7645,16665
7646,16666
7647,16667
7648,16668
7648,16669
7648,16670
7649,16671
7649,16672
7649,16673
7649,16674
7649,16675
7650,16676
7650,16677
7651,16678
7651,16679
7651,16680
7652,16681
7652,16682
7652,16683
7652,16684
7652,16685
7653,16686
7654,16687
7654,16688
7654,16689
7654,16690
7655,16691
7656,16692
7656,16693
7657,16694
7657,16695
7658,16696
7658,16697
7658,16698
7658,16699
7658,16700
7659,16701
7659,16702
7660,16703
7660,16704
7661,16705
7661,16706
7661,16707
7662,16708
7663,16709
7663,16710
7663,16711
7663,16712
7664,16713
7664,16714
7665,16715
7665,16716
7665,16717
7666,16718
7666,16719
7666,16720
7667,16721
7667,16722
7667,16723
7668,16724
7668,16725
7668,16726
7668,16727
7668,16728
7669,16729
7670,16730
7670,16731
7670,16732
7670,16733
7671,16734
7671,16735
7672,16736
7672,16737
7673,16738
7673,16739
7673,16740
7673,16741
7674,16742
7674,16743
7674,16744
7674,16745
7674,16746
7675,16747
7675,16748
7675,16749
7676,16750
7676,16751
7676,16752
7677,16753
7678,16754
7678,16755
7678,16756
7678,16757
7679,16758
7679,16759
7680,16760
7681,16761
7681,16762
7681,16763
7682,16764
7682,16765
7682,16766
7683,16767
7683,16768
7684,16769
7684,16770
7684,16771
7685,16772
7685,16773
7685,16774
7685,16775
7685,16776
7686,16777
7686,16778
7686,16779
7687,16780
7687,16781
7687,16782
7687,16783
7687,16784
7688,16785
7688,16786
7688,16787
7689,16788
7689,16789
7689,16790
7690,16791
7690,16792
7691,16793
7692,16794
7692,16795
7693,16796
7693,16797
7694,16798
7694,16799
7695,16800
7695,16801
7695,16802
7695,16803
7695,16804
7696,16805
7696,16806
7697,16807
7697,16808
7697,16809
7698,16810
7698,16811
7698,16812
7699,16813
7699,16814
7699,16815
7700,16816
7700,16817
7700,16818
7701,16819
7701,16820
7701,16821
7701,16822
7701,16823
7701,16824
7702,16825
7702,16826
7702,16827
7703,16828
7703,16829
7704,16830
7704,16831
7704,16832
7705,16833
7706,16834
7706,16835
7706,16836
7707,16837
7707,16838
7708,16839
7708,16840
7709,16841
7709,16842
7710,16843
7710,16844
7711,16845
7711,16846
7712,16847
7712,16848
7713,16849
7713,16850
7713,16851
7714,16852
7715,16853
7715,16854
7716,16855
7717,16856
7717,16857
7718,16858
7718,16859
7719,16860
7719,16861
7719,16862
7720,16863
7721,16864
7721,16865
7721,16866
7721,16867
7721,16868
7721,16869
7722,16870
7722,16871
7722,16872
7723,16873
7724,16874
7724,16875
7724,16876
7724,16877
7725,16878
7725,16879
7725,16880
7726,16881
7727,16882
7727,16883
7728,16884
7728,16885
7729,16886
7729,16887
7729,16888
7730,16889
7730,16890
7730,16891
7731,16892
7731,16893
7731,16894
7732,16895
7732,16896
7733,16897
7733,16898
7734,16899
7734,16900
7734,16901
7735,16902
7735,16903
7735,16904
7736,16905
7736,16906
7736,16907
7737,16908
7738,16909
7738,16910
7739,16911
7739,16912
7739,16913
7740,16914
7740,16915
7741,16916
7741,16917
7742,16918
7742,16919
7743,16920
7743,16921
7743,16922
7744,16923
7745,16924
7746,16925
7746,16926
7746,16927
7746,16928
7746,16929
7747,16930
7747,16931
7748,16932
7748,16933
7748,16934
7748,16935
7748,16936
7749,16937
7749,16938
7750,16939
7750,16940
7750,16941
7751,16942
7751,16943
7751,16944
7752,16945
7752,16946
7752,16947
7752,16948
7753,16949
7753,16950
7754,16951
7754,16952
7755,16953
7755,16954
7755,16955
7756,16956
7756,16957
7756,16958
7757,16959
7757,16960
7758,16961
7758,16962
7758,16963
7758,16964
7759,16965
7759,16966
7759,16967
7760,16968
7760,16969
7760,16970
7761,16971
7761,16972
7761,16973
7762,16974
7762,16975
7762,16976
7763,16977
7763,16978
7764,16979
7765,16980
7765,16981
7766,16982
7766,16983
7767,16984
7767,16985
7767,16986
7768,16987
7768,16988
7768,16989
7769,16990
7769,16991
7769,16992
7769,16993
7770,16994
7770,16995
7770,16996
7770,16997
7770,16998
7771,16999
7771,17000
7771,17001
7772,17002
7772,17003
7773,17004
7773,17005
7773,17006
7774,17007
7774,17008
7774,17009
7775,17010
7775,17011
7775,17012
7776,17013
7777,17014
7777,17015
7778,17016
7778,17017
7779,17018
7780,17019
7780,17020
7780,17021
7781,17022
7781,17023
7781,17024
7782,17025
7782,17026
7783,17027
7783,17028
7784,17029
7784,17030
7784,17031
7785,17032
7785,17033
7786,17034
7786,17035
7786,17036
7787,17037
7787,17038
7787,17039
7787,17040
7787,17041
7788,17042
7788,17043
7789,17044
7789,17045
7789,17046
7789,17047
7789,17048
7790,17049
7790,17050
7791,17051
7791,17052
7792,17053
7792,17054
7792,17055
7793,17056
7793,17057
7794,17058
7794,17059
7794,17060
7795,17061
7795,17062
7795,17063
7795,17064
7796,17065
7796,17066
7796,17067
7796,17068
7797,17069
7797,17070
7797,17071
7798,17072
7798,17073
7798,17074
7799,17075
7799,17076
7799,17077
7799,17078
7799,17079
7800,17080
7800,17081
7801,17082
7801,17083
7802,17084
7802,17085
7802,17086
7803,17087
7803,17088
7803,17089
7804,17090
7804,17091
7805,17092
7805,17093
7805,17094
7805,17095
7806,17096
7807,17097
7808,17098
7808,17099
7808,17100
7809,17101
7809,17102
7809,17103
7810,17104
7810,17105
7810,17106
7811,17107
7811,17108
7811,17109
7811,17110
7811,17111
7812,17112
7812,17113
7812,17114
7813,17115
7813,17116
7813,17117
7814,17118
7815,17119
7815,17120
7815,17121
7816,17122
7816,17123
7816,17124
7817,17125
7817,17126
7818,17127
7818,17128
7819,17129
7819,17130
7819,17131
7820,17132
7820,17133
7820,17134
7821,17135
7822,17136
7823,17137
7823,17138
7823,17139
7823,17140
7824,17141
7824,17142
7824,17143
7825,17144
7825,17145
7826,17146
7826,17147
7826,17148
7826,17149
7826,17150
7827,17151
7827,17152
7827,17153
7828,17154
7829,17155
7829,17156
7830,17157
7830,17158
7830,17159
7831,17160
7831,17161
7831,17162
7832,17163
7832,17164
7832,17165
7833,17166
7834,17167
7834,17168
7835,17169
7835,17170
7835,17171
7836,17172
7836,17173
7836,17174
7836,17175
7836,17176
7837,17177
7837,17178
7837,17179
7838,17180
7838,17181
7838,17182
7838,17183
7839,17184
7839,17185
7839,17186
7839,17187
7840,17188
7840,17189
7841,17190
7841,17191
7841,17192
7842,17193
7842,17194
7842,17195
7842,17196
7842,17197
7842,17198
7843,17199
7844,17200
7845,17201
7845,17202
7846,17203
7846,17204
7846,17205
7847,17206
7848,17207
7848,17208
7849,17209
7850,17210
7850,17211
7851,17212
7851,17213
7852,17214
7852,17215
7852,17216
7852,17217
7853,17218
7853,17219
7853,17220
7854,17221
7855,17222
7856,17223
7856,17224
7857,17225
7858,17226
7858,17227
7858,17228
7859,17229
7859,17230
7860,17231
7860,17232
7860,17233
7861,17234
7861,17235
7862,17236
7862,17237
7862,17238
7862,17239
7862,17240
7863,17241
7863,17242
7863,17243
7863,17244
7864,17245
7864,17246
7865,17247
7865,17248
7865,17249
7865,17250
7865,17251
7866,17252
7866,17253
7866,17254
7866,17255
7866,17256
7867,17257
7867,17258
7867,17259
7868,17260
7868,17261
7869,17262
7870,17263
7870,17264
7871,17265
7871,17266
7871,17267
7872,17268
7872,17269
7872,17270
7872,17271
7873,17272
7873,17273
7873,17274
7873,17275
7874,17276
7874,17277
7875,17278
7876,17279
7876,17280
7877,17281
7877,17282
7877,17283
7878,17284
7878,17285
7878,17286
7879,17287
7880,17288
7880,17289
7880,17290
7881,17291
7882,17292
7882,17293
7882,17294
7883,17295
7883,17296
7884,17297
7885,17298
7885,17299
7885,17300
7885,17301
7886,17302
7886,17303
7886,17304
7887,17305
7887,17306
7887,17307
7888,17308
7888,17309
7888,17310
7888,17311
7889,17312
7889,17313
7889,17314
7890,17315
7890,17316
7890,17317
7890,17318
7891,17319
7892,17320
7892,17321
7892,17322
7893,17323
7893,17324
7894,17325
7894,17326
7895,17327
7895,17328
7896,17329
7896,17330
7896,17331
7897,17332
7897,17333
7898,17334
7898,17335
7899,17336
7899,17337
7900,17338
7900,17339
7900,17340
7901,17341
7901,17342
7901,17343
7901,17344
7902,17345
7902,17346
7902,17347
7903,17348
7904,17349
7904,17350
7905,17351
7906,17352
7907,17353
7907,17354
7907,17355
7908,17356
7908,17357
7908,17358
7909,17359
7909,17360
7910,17361
7910,17362
7911,17363
7911,17364
7911,17365
7912,17366
7912,17367
7912,17368
7913,17369
7914,17370
7914,17371
7914,17372
7914,17373
7915,17374
7915,17375
7916,17376
7916,17377
7916,17378
7917,17379
7917,17380
7917,17381
7917,17382
7918,17383
7918,17384
7918,17385
7919,17386
7919,17387
7919,17388
7920,17389
7920,17390
7920,17391
7921,17392
7921,17393
7921,17394
7921,17395
7921,17396
7921,17397
7922,17398
7923,17399
7923,17400
7923,17401
7924,17402
7924,17403
7924,17404
7924,17405
7925,17406
7925,17407
7926,17408
7926,17409
7926,17410
7926,17411
7927,17412
7927,17413
7927,17414
7928,17415
7928,17416
7928,17417
7929,17418
7930,17419
7930,17420
7930,17421
7931,17422
7931,17423
7931,17424
7932,17425
7933,17426
7933,17427
7933,17428
7933,17429
7934,17430
7934,17431
7934,17432
7934,17433
7934,17434
7934,17435
7935,17436
7935,17437
7935,17438
7936,17439
7936,17440
7936,17441
7937,17442
7937,17443
7937,17444
7938,17445
7938,17446
7939,17447
7939,17448
7940,17449
7941,17450
7942,17451
7942,17452
7942,17453
7942,17454
7943,17455
7943,17456
7943,17457
7943,17458
7944,17459
7944,17460
7945,17461
7945,17462
7945,17463
7946,17464
7947,17465
7948,17466
7949,17467
7949,17468
7949,17469
7949,17470
7950,17471
7950,17472
7951,17473
7951,17474
7951,17475
7952,17476
7952,17477
7952,17478
7953,17479
7953,17480
7954,17481
7954,17482
7954,17483
7954,17484
7955,17485
7955,17486
7955,17487
7956,17488
7956,17489
7957,17490
7958,17491
7958,17492
7958,17493
7959,17494
7960,17495
7960,17496
7960,17497
7961,17498
7961,17499
7961,17500
7962,17501
7963,17502
7963,17503
7963,17504
7964,17505
7964,17506
7965,17507
7965,17508
7965,17509
7965,17510
7966,17511
7966,17512
7966,17513
7966,17514
7967,17515
7967,17516
7968,17517
7968,17518
7969,17519
7970,17520
7971,17521
7971,17522
7971,17523
7972,17524
7973,17525
7974,17526
7974,17527
7974,17528
7974,17529
7974,17530
7975,17531
7976,17532
7977,17533
7977,17534
7977,17535
7977,17536
7977,17537
7978,17538
7978,17539
7978,17540
7979,17541
7979,17542
7980,17543
7980,17544
7980,17545
7981,17546
7981,17547
7981,17548
7981,17549
7982,17550
7982,17551
7983,17552
7983,17553
7983,17554
7984,17555
7984,17556
7985,17557
7985,17558
7985,17559
7986,17560
7986,17561
7987,17562
7987,17563
7987,17564
7987,17565
7988,17566
7988,17567
7988,17568
7989,17569
7989,17570
7990,17571
7991,17572
7992,17573
7993,17574
7993,17575
7993,17576
7994,17577
7994,17578
7994,17579
7994,17580
7995,17581
7995,17582
7995,17583
7996,17584
7997,17585
7998,17586
7998,17587
7998,17588
7999,17589
8000,17590
8000,17591
8000,17592
8000,17593
8001,17594
8001,17595
8001,17596
8002,17597
8003,17598
8003,17599
8003,17600
8004,17601
8004,17602
8004,17603
8005,17604
8005,17605
8006,17606
8006,17607
8007,17608
8007,17609
8008,17610
8008,17611
8008,17612
8008,17613
8008,17614
8009,17615
8009,17616
8009,17617
8010,17618
8010,17619
8010,17620
8010,17621
8011,17622
8012,17623
8012,17624
8012,17625
8012,17626
8013,17627
8013,17628
8014,17629
8014,17630
8015,17631
8015,17632
8015,17633
8016,17634
8017,17635
8017,17636
8018,17637
8018,17638
8019,17639
8019,17640
8020,17641
8020,17642
8021,17643
8021,17644
8021,17645
8021,17646
8021,17647
8022,17648
8023,17649
8023,17650
8023,17651
8024,17652
8025,17653
8025,17654
8025,17655
8026,17656
8026,17657
8027,17658
8027,17659
8027,17660
8028,17661
8029,17662
8029,17663
8029,17664
8029,17665
8029,17666
8030,17667
8030,17668
8030,17669
8031,17670
8031,17671
8032,17672
8032,17673
8033,17674
8033,17675
8033,17676
8034,17677
8034,17678
8035,17679
8036,17680
8036,17681
8036,17682
8036,17683
8036,17684
8036,17685
8037,17686
8038,17687
8038,17688
8038,17689
8038,17690
8038,17691
8038,17692
8039,17693
8039,17694
8039,17695
8040,17696
8040,17697
8040,17698
8041,17699
8041,17700
8041,17701
8041,17702
8042,17703
8042,17704
8043,17705
8043,17706
8044,17707
8045,17708
8046,17709
8046,17710
8046,17711
8046,17712
8047,17713
8047,17714
8048,17715
8048,17716
8048,17717
8049,17718
8049,17719
8049,17720
8050,17721
8050,17722
8051,17723
8051,17724
8052,17725
8052,17726
8053,17727
8054,17728
8054,17729
8055,17730
8056,17731
8056,17732
8056,17733
8057,17734
8058,17735
8058,17736
8058,17737
8059,17738
8059,17739
8060,17740
8060,17741
8061,17742
8061,17743
8061,17744
8061,17745
8062,17746
8062,17747
8062,17748
8063,17749
8063,17750
8063,17751
8064,17752
8065,17753
8065,17754
8065,17755
8066,17756
8066,17757
8067,17758
8067,17759
8068,17760
8068,17761
8068,17762
8069,17763
8069,17764
8069,17765
8069,17766
8070,17767
8070,17768
8070,17769
8070,17770
8070,17771
8071,17772
8071,17773
8071,17774
8072,17775
8073,17776
8073,17777
8073,17778
8073,17779
8074,17780
8075,17781
8076,17782
8076,17783
8076,17784
8076,17785
8077,17786
8077,17787
8078,17788
8078,17789
8078,17790
8079,17791
8080,17792
8080,17793
8081,17794
8081,17795
8082,17796
8082,17797
8083,17798
8083,17799
8083,17800
8084,17801
8084,17802
8085,17803
8085,17804
8085,17805
8086,17806
8086,17807
8086,17808
8086,17809
8086,17810
8086,17811
8087,17812
8087,17813
8087,17814
8087,17815
8087,17816
8088,17817
8088,17818
8088,17819
8089,17820
8089,17821
8089,17822
8089,17823
8089,17824
8090,17825
8090,17826
8090,17827
8091,17828
8091,17829
8092,17830
8092,17831
8092,17832
8092,17833
8093,17834
8093,17835
8094,17836
8094,17837
8095,17838
8095,17839
8096,17840
8097,17841
8097,17842
8097,17843
8098,17844
8098,17845
8099,17846
8100,17847
8100,17848
8100,17849
8100,17850
8101,17851
8101,17852
8102,17853
8102,17854
8102,17855
8102,17856
8103,17857
8104,17858
8104,17859
8104,17860
8105,17861
8105,17862
8105,17863
8106,17864
8106,17865
8106,17866
8107,17867
8107,17868
8107,17869
8108,17870
8108,17871
8108,17872
8109,17873
8109,17874
8109,17875
8110,17876
8110,17877
8111,17878
8112,17879
8113,17880
8114,17881
8114,17882
8114,17883
8114,17884
8114,17885
8115,17886
8115,17887
8115,17888
8116,17889
8116,17890
8116,17891
8117,17892
8117,17893
8117,17894
8118,17895
8118,17896
8119,17897
8119,17898
8119,17899
8119,17900
8120,17901
8120,17902
8120,17903
8121,17904
8121,17905
8121,17906
8122,17907
8122,17908
8123,17909
8123,17910
8123,17911
8123,17912
8124,17913
8124,17914
8124,17915
8125,17916
8125,17917
8126,17918
8126,17919
8126,17920
8127,17921
8127,17922
8128,17923
8129,17924
8129,17925
8130,17926
8130,17927
8131,17928
8131,17929
8132,17930
8132,17931
8133,17932
8133,17933
8133,17934
8134,17935
8135,17936
8135,17937
8135,17938
8135,17939
8135,17940
8135,17941
8136,17942
8136,17943
8137,17944
8137,17945
8137,17946
8138,17947
8138,17948
8139,17949
8140,17950
8140,17951
8141,17952
8141,17953
8141,17954
8142,17955
8142,17956
8142,17957
8142,17958
8142,17959
8143,17960
8143,17961
8143,17962
8144,17963
8144,17964
8144,17965
8145,17966
8146,17967
8147,17968
8148,17969
8149,17970
8149,17971
8150,17972
8150,17973
8150,17974
8151,17975
8152,17976
8152,17977
8152,17978
8153,17979
8154,17980
8154,17981
8154,17982
8155,17983
8156,17984
8156,17985
8156,17986
8157,17987
8157,17988
8158,17989
8158,17990
8158,17991
8159,17992
8159,17993
8159,17994
8159,17995
8160,17996
8161,17997
8161,17998
8161,17999
8162,18000
8162,18001
8162,18002
8163,18003
8164,18004
8164,18005
8165,18006
8165,18007
8165,18008
8166,18009
8166,18010
8167,18011
8168,18012
8168,18013
8169,18014
8169,18015
8170,18016
8171,18017
8171,18018
8171,18019
8171,18020
8172,18021
8172,18022
8172,18023
8173,18024
8173,18025
8173,18026
8174,18027
8174,18028
8175,18029
8175,18030
8175,18031
8175,18032
8176,18033
8176,18034
8176,18035
8177,18036
8177,18037
8177,18038
8177,18039
8178,18040
8178,18041
8178,18042
8179,18043
8179,18044
8179,18045
8179,18046
8179,18047
8180,18048
8180,18049
8180,18050
8180,18051
8180,18052
8180,18053
8181,18054
8181,18055
8181,18056
8182,18057
8183,18058
8183,18059
8183,18060
8184,18061
8184,18062
8185,18063
8185,18064
8186,18065
8187,18066
8187,18067
8187,18068
8188,18069
8188,18070
8188,18071
8189,18072
8189,18073
8190,18074
8190,18075
8190,18076
8190,18077
8190,18078
8191,18079
8192,18080
8192,18081
8192,18082
8192,18083
8193,18084
8193,18085
8194,18086
8195,18087
8195,18088
8196,18089
8196,18090
8196,18091
8196,18092
8197,18093
8197,18094
8197,18095
8198,18096
8198,18097
8198,18098
8199,18099
8200,18100
8200,18101
8201,18102
8201,18103
8201,18104
8202,18105
8203,18106
8203,18107
8204,18108
8205,18109
8205,18110
8205,18111
8205,18112
8206,18113
8206,18114
8206,18115
8207,18116
8208,18117
8209,18118
8209,18119
8210,18120
8211,18121
8211,18122
8211,18123
8212,18124
8212,18125
8213,18126
8214,18127
8214,18128
8215,18129
8215,18130
8215,18131
8216,18132
8216,18133
8216,18134
8216,18135
8216,18136
8217,18137
8217,18138
8217,18139
8217,18140
8218,18141
8218,18142
8218,18143
8219,18144
8219,18145
8219,18146
8219,18147
8220,18148
8220,18149
8220,18150
8221,18151
8221,18152
8221,18153
8222,18154
8222,18155
8222,18156
8223,18157
8223,18158
8223,18159
8223,18160
8224,18161
8224,18162
8225,18163
8225,18164
8226,18165
8226,18166
8226,18167
8227,18168
8228,18169
8228,18170
8229,18171
8229,18172
8230,18173
8230,18174
8231,18175
8232,18176
8232,18177
8232,18178
8233,18179
8233,18180
8233,18181
8234,18182
8235,18183
8235,18184
8236,18185
8236,18186
8236,18187
8237,18188
8237,18189
8237,18190
8238,18191
8238,18192
8238,18193
8239,18194
8240,18195
8240,18196
8240,18197
8241,18198
8241,18199
8242,18200
8242,18201
8242,18202
8243,18203
8243,18204
8243,18205
8243,18206
8244,18207
8244,18208
8245,18209
8245,18210
8246,18211
8246,18212
8247,18213
8247,18214
8247,18215
8248,18216
8249,18217
8249,18218
8250,18219
8250,18220
8251,18221
8251,18222
8251,18223
8251,18224
8251,18225
8252,18226
8253,18227
8253,18228
8254,18229
8254,18230
8254,18231
8254,18232
8255,18233
8255,18234
8256,18235
8257,18236
8257,18237
8257,18238
8258,18239
8259,18240
8259,18241
8259,18242
8259,18243
8259,18244
8260,18245
8260,18246
8261,18247
8262,18248
8262,18249
8262,18250
8263,18251
8264,18252
8264,18253
8264,18254
8264,18255
8264,18256
8265,18257
8265,18258
8265,18259
8266,18260
8266,18261
8266,18262
8267,18263
8267,18264
8267,18265
8267,18266
8267,18267
8267,18268
8268,18269
8268,18270
8268,18271
8269,18272
8270,18273
8270,18274
8271,18275
8271,18276
8272,18277
8272,18278
8272,18279
8272,18280
8272,18281
8273,18282
8273,18283
8274,18284
8274,18285
8274,18286
8275,18287
8275,18288
8275,18289
8276,18290
8276,18291
8276,18292
8276,18293
8276,18294
8277,18295
8277,18296
8277,18297
8277,18298
8278,18299
8278,18300
8279,18301
8279,18302
8279,18303
8280,18304
8280,18305
8281,18306
8281,18307
8282,18308
8282,18309
8282,18310
8282,18311
8282,18312
8283,18313
8283,18314
8283,18315
8283,18316
8284,18317
8284,18318
8284,18319
8285,18320
8285,18321
8285,18322
8285,18323
8286,18324
8286,18325
8286,18326
8286,18327
8287,18328
8287,18329
8288,18330
8289,18331
8289,18332
8289,18333
8290,18334
8290,18335
8290,18336
8291,18337
8292,18338
8292,18339
8293,18340
8293,18341
8293,18342
8294,18343
8294,18344
8294,18345
8295,18346
8295,18347
8295,18348
8295,18349
8295,18350
8296,18351
8297,18352
8297,18353
8297,18354
8297,18355
8297,18356
8298,18357
8298,18358
8298,18359
8298,18360
8299,18361
8299,18362
8299,18363
8299,18364
8300,18365
8300,18366
8301,18367
8301,18368
8301,18369
8302,18370
8302,18371
8302,18372
8303,18373
8303,18374
8303,18375
8303,18376
8304,18377
8304,18378
8304,18379
8305,18380
8305,18381
8305,18382
8306,18383
8306,18384
8307,18385
8307,18386
8307,18387
8308,18388
8308,18389
8308,18390
8308,18391
8309,18392
8309,18393
8309,18394
8310,18395
8310,18396
8310,18397
8310,18398
8310,18399
8311,18400
8311,18401
8311,18402
8311,18403
8312,18404
8312,18405
8313,18406
8313,18407
8313,18408
8314,18409
8314,18410
8314,18411
8315,18412
8315,18413
8315,18414
8315,18415
8315,18416
8316,18417
8316,18418
8317,18419
8317,18420
8317,18421
8318,18422
8318,18423
8318,18424
8319,18425
8319,18426
8319,18427
8319,18428
8319,18429
8320,18430
8320,18431
8320,18432
8321,18433
8321,18434
8321,18435
8322,18436
8322,18437
8323,18438
8323,18439
8324,18440
8324,18441
8325,18442
8325,18443
8325,18444
8326,18445
8327,18446
8327,18447
8327,18448
8327,18449
8328,18450
8328,18451
8328,18452
8328,18453
8329,18454
8329,18455
8329,18456
8330,18457
8330,18458
8331,18459
8331,18460
8331,18461
8331,18462
8331,18463
8332,18464
8332,18465
8332,18466
8333,18467
8333,18468
8334,18469
8335,18470
8335,18471
8335,18472
8336,18473
8337,18474
8337,18475
8338,18476
8338,18477
8339,18478
8340,18479
8340,18480
8340,18481
8341,18482
8341,18483
8341,18484
8342,18485
8342,18486
8343,18487
8343,18488
8343,18489
8344,18490
8344,18491
8344,18492
8345,18493
8346,18494
8346,18495
8346,18496
8346,18497
8347,18498
8347,18499
8347,18500
8347,18501
8348,18502
8348,18503
8348,18504
8349,18505
8349,18506
8349,18507
8349,18508
8349,18509
8350,18510
8350,18511
8351,18512
8351,18513
8352,18514
8352,18515
8352,18516
8353,18517
8353,18518
8353,18519
8354,18520
8355,18521
8355,18522
8356,18523
8356,18524
8357,18525
8357,18526
8357,18527
8358,18528
8358,18529
8358,18530
8359,18531
8359,18532
8359,18533
8359,18534
8360,18535
8360,18536
8361,18537
8361,18538
8361,18539
8362,18540
8362,18541
8362,18542
8363,18543
8363,18544
8363,18545
8363,18546
8364,18547
8364,18548
8364,18549
8365,18550
8365,18551
8366,18552
8366,18553
8366,18554
8367,18555
8368,18556
8368,18557
8369,18558
8369,18559
8369,18560
8370,18561
8370,18562
8370,18563
8370,18564
8371,18565
8371,18566
8371,18567
8371,18568
8371,18569
8371,18570
8372,18571
8372,18572
8372,18573
8372,18574
8372,18575
8373,18576
8373,18577
8373,18578
8373,18579
8374,18580
8374,18581
8375,18582
8375,18583
8375,18584
8375,18585
8376,18586
8376,18587
8376,18588
8377,18589
8377,18590
8377,18591
8378,18592
8378,18593
8378,18594
8379,18595
8379,18596
8380,18597
8380,18598
8380,18599
8381,18600
8381,18601
8382,18602
8382,18603
8383,18604
8383,18605
8383,18606
8383,18607
8384,18608
8384,18609
8384,18610
8384,18611
8385,18612
8385,18613
8385,18614
8386,18615
8387,18616
8387,18617
8387,18618
8388,18619
8389,18620
8389,18621
8390,18622
8390,18623
8390,18624
8390,18625
8391,18626
8391,18627
8391,18628
8392,18629
8392,18630
8392,18631
8392,18632
8393,18633
8394,18634
8395,18635
8396,18636
8396,18637
8397,18638
8397,18639
8397,18640
8398,18641
8398,18642
8399,18643
8399,18644
8399,18645
8399,18646
8399,18647
8400,18648
8400,18649
8401,18650
8401,18651
8402,18652
8402,18653
8402,18654
8403,18655
8403,18656
8403,18657
8403,18658
8404,18659
8404,18660
8405,18661
8405,18662
8405,18663
8405,18664
8405,18665
8406,18666
8406,18667
8406,18668
8407,18669
8407,18670
8407,18671
8408,18672
8409,18673
8409,18674
8409,18675
8410,18676
8410,18677
8411,18678
8412,18679
8412,18680
8412,18681
8413,18682
8413,18683
8413,18684
8414,18685
8414,18686
8414,18687
8414,18688
8415,18689
8415,18690
8415,18691
8416,18692
8416,18693
8416,18694
8416,18695
8417,18696
8418,18697
8419,18698
8419,18699
8419,18700
8419,18701
8420,18702
8421,18703
8421,18704
8421,18705
8422,18706
8422,18707
8423,18708
8423,18709
8423,18710
8424,18711
8424,18712
8424,18713
8424,18714
8424,18715
8425,18716
8425,18717
8425,18718
8425,18719
8425,18720
8426,18721
8426,18722
8426,18723
8427,18724
8428,18725
8428,18726
8428,18727
8429,18728
8429,18729
8429,18730
8429,18731
8429,18732
8430,18733
8430,18734
8430,18735
8431,18736
8431,18737
8432,18738
8432,18739
8433,18740
8433,18741
8434,18742
8435,18743
8435,18744
8436,18745
8436,18746
8437,18747
8437,18748
8437,18749
8437,18750
8438,18751
8438,18752
8438,18753
8439,18754
8439,18755
8440,18756
8440,18757
8441,18758
8441,18759
8441,18760
8442,18761
8443,18762
8443,18763
8443,18764
8444,18765
8445,18766
8445,18767
8446,18768
8447,18769
8447,18770
8447,18771
8447,18772
8448,18773
8448,18774
8448,18775
8448,18776
8449,18777
8449,18778
8450,18779
8450,18780
8450,18781
8451,18782
8451,18783
8451,18784
8452,18785
8452,18786
8452,18787
8453,18788
8454,18789
8454,18790
8454,18791
8454,18792
8455,18793
8455,18794
8456,18795
8456,18796
8456,18797
8457,18798
8458,18799
8458,18800
8458,18801
8458,18802
8459,18803
8459,18804
8460,18805
8461,18806
8461,18807
8461,18808
8462,18809
8462,18810
8462,18811
8463,18812
8463,18813
8463,18814
8464,18815
8465,18816
8465,18817
8465,18818
8465,18819
8466,18820
8466,18821
8466,18822
8466,18823
8466,18824
8467,18825
8468,18826
8468,18827
8468,18828
8468,18829
8469,18830
8469,18831
8469,18832
8470,18833
8470,18834
8471,18835
8471,18836
8472,18837
8472,18838
8473,18839
8473,18840
8473,18841
8474,18842
8474,18843
8474,18844
8475,18845
8476,18846
8476,18847
8476,18848
8477,18849
8477,18850
8477,18851
8477,18852
8478,18853
8478,18854
8479,18855
8479,18856
8479,18857
8480,18858
8480,18859
8481,18860
8481,18861
8481,18862
8481,18863
8481,18864
8482,18865
8483,18866
8483,18867
8483,18868
8484,18869
8484,18870
8484,18871
8484,18872
8484,18873
8485,18874
8486,18875
8486,18876
8486,18877
8487,18878
8487,18879
8487,18880
8487,18881
8488,18882
8488,18883
8488,18884
8488,18885
8489,18886
8489,18887
8490,18888
8490,18889
8490,18890
8490,18891
8491,18892
8491,18893
8491,18894
8491,18895
8491,18896
8492,18897
8492,18898
8492,18899
8493,18900
8493,18901
8493,18902
8494,18903
8494,18904
8495,18905
8495,18906
8495,18907
8496,18908
8496,18909
8496,18910
8496,18911
8496,18912
8497,18913
8498,18914
8499,18915
8499,18916
8500,18917
8500,18918
8501,18919
8501,18920
8501,18921
8502,18922
8502,18923
8502,18924
8503,18925
8503,18926
8504,18927
8505,18928
8505,18929
8506,18930
8506,18931
8506,18932
8507,18933
8507,18934
8507,18935
8507,18936
8508,18937
8508,18938
8509,18939
8509,18940
8509,18941
8510,18942
8510,18943
8511,18944
8511,18945
8511,18946
8512,18947
8513,18948
8514,18949
8514,18950
8514,18951
8515,18952
8515,18953
8515,18954
8515,18955
8515,18956
8516,18957
8516,18958
8516,18959
8517,18960
8517,18961
8517,18962
8518,18963
8518,18964
8518,18965
8519,18966
8519,18967
8519,18968
8519,18969
8520,18970
8520,18971
8520,18972
8521,18973
8521,18974
8521,18975
8522,18976
8522,18977
8523,18978
8523,18979
8523,18980
8523,18981
8524,18982
8524,18983
8525,18984
8525,18985
8525,18986
8525,18987
8526,18988
8526,18989
8526,18990
8527,18991
8527,18992
8527,18993
8528,18994
8528,18995
8528,18996
8529,18997
8529,18998
8530,18999
8530,19000
8531,19001
8532,19002
8532,19003
8532,19004
8533,19005
8533,19006
8533,19007
8534,19008
8534,19009
8534,19010
8535,19011
8536,19012
8537,19013
8537,19014
8538,19015
8538,19016
8538,19017
8539,19018
8539,19019
8540,19020
8540,19021
8540,19022
8541,19023
8541,19024
8542,19025
8542,19026
8542,19027
8543,19028
8543,19029
8543,19030
8543,19031
8543,19032
8544,19033
8544,19034
8545,19035
8545,19036
8545,19037
8545,19038
8546,19039
8546,19040
8546,19041
8547,19042
8547,19043
8548,19044
8548,19045
8548,19046
8548,19047
8548,19048
8549,19049
8549,19050
8549,19051
8550,19052
8550,19053
8551,19054
8552,19055
8552,19056
8552,19057
8552,19058
8553,19059
8553,19060
8553,19061
8553,19062
8554,19063
8554,19064
8555,19065
8555,19066
8555,19067
8555,19068
8555,19069
8556,19070
8556,19071
8556,19072
8556,19073
8557,19074
8557,19075
8558,19076
8558,19077
8559,19078
8559,19079
8559,19080
8559,19081
8560,19082
8560,19083
8560,19084
8560,19085
8560,19086
8561,19087
8561,19088
8562,19089
8562,19090
8562,19091
8562,19092
8563,19093
8563,19094
8563,19095
8563,19096
8564,19097
8564,19098
8565,19099
8566,19100
8566,19101
8567,19102
8567,19103
8567,19104
8568,19105
8568,19106
8569,19107
8570,19108
8571,19109
8571,19110
8572,19111
8572,19112
8573,19113
8574,19114
8574,19115
8574,19116
8575,19117
8576,19118
8576,19119
8576,19120
8576,19121
8576,19122
8577,19123
8577,19124
8577,19125
8578,19126
8578,19127
8579,19128
8579,19129
8579,19130
8580,19131
8580,19132
8580,19133
8581,19134
8581,19135
8581,19136
8581,19137
8582,19138
8582,19139
8582,19140
8583,19141
8584,19142
8584,19143
8584,19144
8585,19145
8585,19146
8586,19147
8587,19148
8587,19149
8587,19150
8587,19151
8588,19152
8589,19153
8589,19154
8589,19155
8590,19156
8590,19157
8590,19158
8590,19159
8591,19160
8591,19161
8591,19162
8592,19163
8592,19164
8593,19165
8593,19166
8593,19167
8594,19168
8595,19169
8596,19170
8596,19171
8596,19172
8597,19173
8597,19174
8597,19175
8598,19176
8598,19177
8598,19178
8599,19179
8599,19180
8599,19181
8600,19182
8601,19183
8601,19184
8601,19185
8601,19186
8602,19187
8602,19188
8602,19189
8603,19190
8603,19191
8603,19192
8603,19193
8604,19194
8604,19195
8604,19196
8604,19197
8604,19198
8605,19199
8605,19200
8606,19201
8606,19202
8607,19203
8607,19204
8608,19205
8608,19206
8608,19207
8608,19208
8609,19209
8609,19210
8609,19211
8609,19212
8609,19213
8610,19214
8610,19215
8611,19216
8611,19217
8611,19218
8612,19219
8612,19220
8613,19221
8613,19222
8613,19223
8614,19224
8614,19225
8615,19226
8615,19227
8616,19228
8617,19229
8617,19230
8618,19231
8618,19232
8619,19233
8619,19234
8620,19235
8620,19236
8621,19237
8621,19238
8621,19239
8622,19240
8622,19241
8622,19242
8623,19243
8623,19244
8623,19245
8624,19246
8624,19247
8625,19248
8625,19249
8625,19250
8625,19251
8626,19252
8626,19253
8626,19254
8627,19255
8628,19256
8629,19257
8629,19258
8630,19259
8630,19260
8630,19261
8631,19262
8631,19263
8631,19264
8631,19265
8632,19266
8632,19267
8633,19268
8633,19269
8634,19270
8634,19271
8634,19272
8635,19273
8635,19274
8636,19275
8636,19276
8636,19277
8637,19278
8637,19279
8637,19280
8637,19281
8638,19282
8638,19283
8638,19284
8639,19285
8639,19286
8639,19287
8640,19288
8641,19289
8641,19290
8642,19291
8642,19292
8643,19293
8643,19294
8643,19295
8644,19296
8645,19297
8645,19298
8646,19299
8646,19300
8646,19301
8647,19302
8647,19303
8647,19304
8647,19305
8648,19306
8648,19307
8648,19308
8648,19309
8649,19310
8649,19311
8650,19312
8651,19313
8651,19314
8651,19315
8651,19316
8651,19317
8652,19318
8652,19319
8653,19320
8653,19321
8653,19322
8654,19323
8654,19324
8655,19325
8655,19326
8655,19327
8655,19328
8655,19329
8656,19330
8656,19331
8656,19332
8657,19333
8657,19334
8657,19335
8657,19336
8658,19337
8658,19338
8659,19339
8660,19340
8661,19341
8661,19342
8661,19343
8661,19344
8662,19345
8662,19346
8663,19347
8663,19348
8663,19349
8663,19350
8664,19351
8664,19352
8665,19353
8665,19354
8665,19355
8666,19356
8666,19357
8666,19358
8667,19359
8668,19360
8668,19361
8669,19362
8669,19363
8669,19364
8670,19365
8670,19366
8670,19367
8671,19368
8671,19369
8672,19370
8672,19371
8672,19372
8673,19373
8673,19374
8673,19375
8673,19376
8674,19377
8674,19378
8674,19379
8674,19380
8675,19381
8676,19382
8676,19383
8677,19384
8677,19385
8677,19386
8677,19387
8678,19388
8678,19389
8679,19390
8680,19391
8680,19392
8681,19393
8681,19394
8682,19395
8682,19396
8683,19397
8684,19398
8684,19399
8684,19400
8685,19401
8685,19402
8685,19403
8685,19404
8686,19405
8687,19406
8687,19407
8687,19408
8688,19409
8688,19410
8688,19411
8689,19412
8690,19413
8690,19414
8691,19415
8691,19416
8691,19417
8691,19418
8692,19419
8692,19420
8692,19421
8693,19422
8693,19423
8693,19424
8694,19425
8694,19426
8694,19427
8694,19428
8695,19429
8695,19430
8695,19431
8695,19432
8696,19433
8696,19434
8696,19435
8696,19436
8696,19437
8696,19438
8697,19439
8698,19440
8698,19441
8698,19442
8699,19443
8699,19444
8700,19445
8700,19446
8700,19447
8700,19448
8701,19449
8701,19450
8701,19451
8702,19452
8702,19453
8703,19454
8703,19455
8703,19456
8704,19457
8704,19458
8704,19459
8705,19460
8705,19461
8705,19462
8705,19463
8706,19464
8706,19465
8706,19466
8706,19467
8706,19468
8707,19469
8707,19470
8707,19471
8708,19472
8708,19473
8708,19474
8709,19475
8709,19476
8709,19477
8709,19478
8709,19479
8710,19480
8711,19481
8711,19482
8712,19483
8712,19484
8713,19485
8713,19486
8714,19487
8714,19488
8714,19489
8714,19490
8715,19491
8715,19492
8715,19493
8716,19494
8716,19495
8716,19496
8716,19497
8717,19498
8718,19499
8718,19500
8718,19501
8719,19502
8719,19503
8719,19504
8719,19505
8720,19506
8720,19507
8721,19508
8722,19509
8722,19510
8722,19511
8722,19512
8722,19513
8723,19514
8723,19515
8724,19516
8725,19517
8725,19518
8726,19519
8726,19520
8726,19521
8727,19522
8728,19523
8728,19524
8729,19525
8729,19526
8729,19527
8729,19528
8730,19529
8730,19530
8730,19531
8730,19532
8731,19533
8732,19534
8732,19535
8732,19536
8732,19537
8733,19538
8733,19539
8734,19540
8734,19541
8734,19542
8734,19543
8735,19544
8735,19545
8736,19546
8736,19547
8737,19548
8737,19549
8738,19550
8738,19551
8738,19552
8739,19553
8739,19554
8739,19555
8740,19556
8740,19557
8740,19558
8741,19559
8741,19560
8742,19561
8742,19562
8742,19563
8742,19564
8743,19565
8743,19566
8743,19567
8744,19568
8744,19569
8744,19570
8745,19571
8745,19572
8745,19573
8746,19574
8746,19575
8747,19576
8747,19577
8747,19578
8747,19579
8747,19580
8748,19581
8748,19582
8749,19583
8749,19584
8749,19585
8750,19586
8750,19587
8750,19588
8751,19589
8751,19590
8751,19591
8752,19592
8752,19593
8753,19594
8753,19595
8753,19596
8754,19597
8754,19598
8755,19599
8755,19600
8755,19601
8756,19602
8756,19603
8756,19604
8757,19605
8758,19606
8758,19607
8758,19608
8759,19609
8759,19610
8759,19611
8760,19612
8760,19613
8760,19614
8761,19615
8762,19616
8763,19617
8764,19618
8764,19619
8764,19620
8764,19621
8765,19622
8765,19623
8765,19624
8766,19625
8766,19626
8766,19627
8767,19628
8768,19629
8768,19630
8768,19631
8769,19632
8769,19633
8769,19634
8769,19635
8769,19636
8769,19637
8770,19638
8770,19639
8771,19640
8771,19641
8772,19642
8772,19643
8773,19644
8773,19645
8773,19646
8774,19647
8774,19648
8775,19649
8775,19650
8775,19651
8776,19652
8777,19653
8778,19654
8779,19655
8779,19656
8780,19657
8780,19658
8781,19659
8782,19660
8783,19661
8783,19662
8783,19663
8783,19664
8784,19665
8784,19666
8784,19667
8785,19668
8786,19669
8786,19670
8786,19671
8786,19672
8787,19673
8787,19674
8788,19675
8788,19676
8788,19677
8789,19678
8789,19679
8789,19680
8790,19681
8791,19682
8791,19683
8791,19684
8791,19685
8791,19686
8791,19687
8792,19688
8792,19689
8792,19690
8793,19691
8793,19692
8793,19693
8794,19694
8794,19695
8795,19696
8795,19697
8796,19698
8796,19699
8796,19700
8796,19701
8796,19702
8797,19703
8797,19704
8797,19705
8798,19706
8798,19707
8798,19708
8798,19709
8798,19710
8799,19711
8799,19712
8799,19713
8800,19714
8800,19715
8800,19716
8801,19717
8801,19718
8801,19719
8801,19720
8802,19721
8802,19722
8803,19723
8803,19724
8803,19725
8804,19726
8804,19727
8805,19728
8806,19729
8806,19730
8806,19731
8806,19732
8806,19733
8807,19734
8807,19735
8807,19736
8808,19737
8809,19738
8809,19739
8809,19740
8810,19741
8810,19742
8810,19743
8811,19744
8811,19745
8812,19746
8812,19747
8812,19748
8812,19749
8813,19750
8814,19751
8814,19752
8814,19753
8814,19754
8815,19755
8816,19756
8816,19757
8816,19758
8817,19759
8817,19760
8817,19761
8818,19762
8819,19763
8819,19764
8820,19765
8820,19766
8820,19767
8820,19768
8821,19769
8821,19770
8821,19771
8822,19772
8822,19773
8822,19774
8822,19775
8822,19776
8822,19777
8823,19778
8823,19779
8824,19780
8824,19781
8824,19782
8824,19783
8825,19784
8825,19785
8826,19786
8826,19787
8826,19788
8827,19789
8828,19790
8828,19791
8828,19792
8829,19793
8829,19794
8829,19795
8830,19796
8830,19797
8831,19798
8831,19799
8832,19800
8833,19801
8833,19802
8834,19803
8834,19804
8834,19805
8834,19806
8835,19807
8835,19808
8835,19809
8836,19810
8837,19811
8837,19812
8838,19813
8838,19814
8838,19815
8838,19816
8838,19817
8838,19818
8839,19819
8839,19820
8839,19821
8840,19822
8840,19823
8841,19824
8841,19825
8841,19826
8842,19827
8842,19828
8842,19829
8843,19830
8843,19831
8843,19832
8844,19833
8845,19834
8845,19835
8846,19836
8846,19837
8846,19838
8846,19839
8847,19840
8847,19841
8848,19842
8848,19843
8849,19844
8849,19845
8850,19846
8850,19847
8850,19848
8851,19849
8851,19850
8851,19851
8852,19852
8853,19853
8853,19854
8854,19855
8854,19856
8855,19857
8855,19858
8856,19859
8857,19860
8858,19861
8858,19862
8858,19863
8859,19864
8859,19865
8859,19866
8859,19867
8859,19868
8860,19869
8860,19870
8861,19871
8862,19872
8862,19873
8863,19874
8863,19875
8864,19876
8864,19877
8864,19878
8865,19879
8865,19880
8865,19881
8866,19882
8866,19883
8866,19884
8867,19885
8867,19886
8867,19887
8868,19888
8868,19889
8869,19890
8869,19891
8870,19892
8871,19893
8871,19894
8871,19895
8871,19896
8871,19897
8872,19898
8873,19899
8873,19900
8874,19901
8874,19902
8875,19903
8875,19904
8875,19905
8875,19906
8876,19907
8876,19908
8877,19909
8877,19910
8877,19911
8878,19912
8878,19913
8878,19914
8878,19915
8879,19916
8880,19917
8880,19918
8880,19919
8880,19920
8881,19921
8881,19922
8881,19923
8882,19924
8882,19925
8882,19926
8882,19927
8883,19928
8883,19929
8884,19930
8884,19931
8884,19932
8885,19933
8885,19934
8885,19935
8886,19936
8886,19937
8886,19938
8887,19939
8887,19940
8888,19941
8888,19942
8889,19943
8889,19944
8890,19945
8890,19946
8891,19947
8891,19948
8891,19949
8892,19950
8892,19951
8893,19952
8893,19953
8893,19954
8893,19955
8894,19956
8895,19957
8895,19958
8895,19959
8895,19960
8896,19961
8896,19962
8896,19963
8896,19964
8897,19965
8897,19966
8897,19967
8897,19968
8897,19969
8898,19970
8899,19971
8899,19972
8900,19973
8901,19974
8901,19975
8901,19976
8902,19977
8902,19978
8902,19979
8902,19980
8903,19981
8903,19982
8904,19983
8905,19984
8905,19985
8905,19986
8905,19987
8906,19988
8906,19989
8906,19990
8907,19991
8907,19992
8908,19993
8908,19994
8908,19995
8909,19996
8909,19997
8910,19998
8910,19999
8911,20000
8911,20001
8912,20002
8912,20003
8912,20004
8912,20005
8913,20006
8913,20007
8913,20008
8914,20009
8914,20010
8915,20011
8915,20012
8915,20013
8916,20014
8916,20015
8916,20016
8917,20017
8918,20018
8918,20019
8919,20020
8920,20021
8920,20022
8920,20023
8921,20024
8921,20025
8921,20026
8922,20027
8922,20028
8922,20029
8922,20030
8923,20031
8923,20032
8923,20033
8924,20034
8925,20035
8925,20036
8926,20037
8926,20038
8927,20039
8927,20040
8928,20041
8928,20042
8929,20043
8930,20044
8930,20045
8931,20046
8931,20047
8931,20048
8932,20049
8933,20050
8933,20051
8934,20052
8934,20053
8935,20054
8935,20055
8935,20056
8936,20057
8936,20058
8936,20059
8937,20060
8937,20061
8937,20062
8938,20063
8939,20064
8940,20065
8941,20066
8941,20067
8941,20068
8942,20069
8942,20070
8942,20071
8943,20072
8944,20073
8945,20074
8945,20075
8945,20076
8945,20077
8946,20078
8946,20079
8946,20080
8946,20081
8947,20082
8947,20083
8947,20084
8948,20085
8948,20086
8949,20087
8949,20088
8949,20089
8950,20090
8950,20091
8950,20092
8951,20093
8951,20094
8952,20095
8952,20096
8953,20097
8953,20098
8954,20099
8955,20100
8956,20101
8956,20102
8957,20103
8957,20104
8958,20105
8958,20106
8958,20107
8958,20108
8958,20109
8959,20110
8959,20111
8960,20112
8960,20113
8961,20114
8961,20115
8962,20116
8963,20117
8963,20118
8964,20119
8964,20120
8964,20121
8965,20122
8965,20123
8966,20124
8967,20125
8967,20126
8967,20127
8968,20128
8968,20129
8969,20130
8969,20131
8970,20132
8970,20133
8970,20134
8971,20135
8971,20136
8972,20137
8972,20138
8972,20139
8972,20140
8973,20141
8974,20142
8974,20143
8974,20144
8974,20145
8975,20146
8975,20147
8976,20148
8976,20149
8976,20150
8976,20151
8976,20152
8977,20153
8977,20154
8978,20155
8979,20156
8979,20157
8979,20158
8980,20159
8981,20160
8981,20161
8981,20162
8981,20163
8982,20164
8983,20165
8983,20166
8983,20167
8984,20168
8985,20169
8985,20170
8985,20171
8985,20172
8986,20173
8986,20174
8986,20175
8987,20176
8987,20177
8987,20178
8987,20179
8987,20180
8987,20181
8988,20182
8988,20183
8988,20184
8988,20185
8989,20186
8989,20187
8989,20188
8990,20189
8990,20190
8990,20191
8990,20192
8990,20193
8991,20194
8991,20195
8991,20196
8992,20197
8992,20198
8993,20199
8993,20200
8994,20201
8994,20202
8995,20203
8995,20204
8996,20205
8996,20206
8996,20207
8996,20208
8997,20209
8997,20210
8997,20211
8998,20212
8998,20213
8998,20214
8999,20215
8999,20216
8999,20217
8999,20218
9000,20219
9001,20220
9001,20221
9001,20222
9001,20223
9002,20224
9002,20225
9003,20226
9003,20227
9004,20228
9004,20229
9004,20230
9004,20231
9005,20232
9005,20233
9006,20234
9006,20235
9007,20236
9007,20237
9008,20238
9008,20239
9008,20240
9009,20241
9009,20242
9009,20243
9009,20244
9010,20245
9010,20246
9010,20247
9011,20248
9011,20249
9012,20250
9012,20251
9012,20252
9013,20253
9013,20254
9013,20255
9014,20256
9014,20257
9014,20258
9014,20259
9015,20260
9015,20261
9015,20262
9015,20263
9015,20264
9016,20265
9016,20266
9017,20267
9017,20268
9017,20269
9018,20270
9018,20271
9019,20272
9019,20273
9020,20274
9021,20275
9021,20276
9021,20277
9021,20278
9021,20279
9022,20280
9022,20281
9023,20282
9023,20283
9023,20284
9024,20285
9025,20286
9025,20287
9025,20288
9025,20289
9025,20290
9026,20291
9027,20292
9028,20293
9029,20294
9029,20295
9030,20296
9030,20297
9030,20298
9030,20299
9031,20300
9031,20301
9031,20302
9032,20303
9033,20304
9033,20305
9033,20306
9033,20307
9034,20308
9035,20309
9035,20310
9035,20311
9035,20312
9036,20313
9037,20314
9037,20315
9038,20316
9038,20317
9038,20318
9038,20319
9039,20320
9039,20321
9040,20322
9041,20323
9041,20324
9041,20325
9042,20326
9042,20327
9042,20328
9042,20329
9043,20330
9043,20331
9043,20332
9044,20333
9044,20334
9044,20335
9044,20336
9045,20337
9045,20338
9045,20339
9045,20340
9046,20341
9046,20342
9046,20343
9046,20344
9046,20345
9047,20346
9047,20347
9047,20348
9048,20349
9048,20350
9048,20351
9049,20352
9049,20353
9050,20354
9050,20355
9050,20356
9051,20357
9051,20358
9051,20359
9052,20360
9052,20361
9053,20362
9053,20363
9053,20364
9054,20365
9054,20366
9054,20367
9055,20368
9055,20369
9056,20370
9056,20371
9056,20372
9057,20373
9057,20374
9057,20375
9057,20376
9058,20377
9058,20378
9059,20379
9059,20380
9059,20381
9060,20382
9060,20383
9061,20384
9061,20385
9062,20386
9062,20387
9062,20388
9063,20389
9063,20390
9064,20391
9064,20392
9065,20393
9065,20394
9065,20395
9065,20396
9065,20397
9066,20398
9066,20399
9067,20400
9068,20401
9068,20402
9069,20403
9069,20404
9069,20405
9070,20406
9070,20407
9071,20408
9071,20409
9071,20410
9072,20411
9072,20412
9073,20413
9073,20414
9073,20415
9074,20416
9075,20417
9075,20418
9076,20419
9076,20420
9076,20421
9077,20422
9078,20423
9078,20424
9079,20425
9079,20426
9079,20427
9080,20428
9080,20429
9080,20430
9080,20431
9080,20432
9081,20433
9081,20434
9082,20435
9083,20436
9083,20437
9084,20438
9084,20439
9084,20440
9084,20441
9084,20442
9085,20443
9085,20444
9085,20445
9086,20446
9086,20447
9087,20448
9087,20449
9087,20450
9088,20451
9089,20452
9089,20453
9089,20454
9090,20455
9090,20456
9090,20457
9090,20458
9091,20459
9092,20460
9092,20461
9092,20462
9092,20463
9092,20464
9093,20465
9093,20466
9093,20467
9094,20468
9094,20469
9094,20470
9095,20471
9095,20472
9095,20473
9095,20474
9095,20475
9096,20476
9096,20477
9096,20478
9097,20479
9097,20480
9097,20481
9097,20482
9098,20483
9098,20484
9098,20485
9098,20486
9099,20487
9099,20488
9100,20489
9100,20490
9100,20491
9100,20492
9100,20493
9100,20494
9101,20495
9101,20496
9102,20497
9102,20498
9102,20499
9102,20500
9103,20501
9103,20502
9103,20503
9104,20504
9104,20505
9104,20506
9104,20507
9105,20508
9105,20509
9106,20510
9107,20511
9107,20512
9107,20513
9108,20514
9108,20515
9108,20516
9109,20517
9109,20518
9109,20519
9109,20520
9110,20521
9111,20522
9112,20523
9113,20524
9113,20525
9113,20526
9113,20527
9113,20528
9114,20529
9114,20530
9115,20531
9116,20532
9116,20533
9116,20534
9117,20535
9118,20536
9118,20537
9119,20538
9120,20539
9121,20540
9121,20541
9122,20542
9122,20543
9123,20544
9124,20545
9124,20546
9125,20547
9125,20548
9125,20549
9126,20550
9126,20551
9127,20552
9127,20553
9128,20554
9128,20555
9128,20556
9129,20557
9129,20558
9130,20559
9130,20560
9130,20561
9130,20562
9131,20563
9132,20564
9132,20565
9132,20566
9133,20567
9133,20568
9134,20569
9134,20570
9134,20571
9134,20572
9135,20573
9135,20574
9135,20575
9136,20576
9136,20577
9136,20578
9137,20579
9138,20580
9139,20581
9139,20582
9140,20583
9140,20584
9141,20585
9141,20586
9142,20587
9142,20588
9143,20589
9143,20590
9143,20591
9144,20592
9145,20593
9146,20594
9146,20595
9146,20596
9147,20597
9147,20598
9147,20599
9148,20600
9149,20601
9149,20602
9149,20603
9150,20604
9151,20605
9151,20606
9151,20607
9152,20608
9152,20609
9152,20610
9152,20611
9153,20612
9154,20613
9154,20614
9154,20615
9155,20616
9155,20617
9156,20618
9157,20619
9158,20620
9158,20621
9158,20622
9158,20623
9159,20624
9159,20625
9160,20626
9160,20627
9161,20628
9161,20629
9161,20630
9161,20631
9162,20632
9162,20633
9162,20634
9163,20635
9163,20636
9163,20637
9163,20638
9164,20639
9164,20640
9165,20641
9165,20642
9166,20643
9166,20644
9166,20645
9167,20646
9167,20647
9167,20648
9168,20649
9168,20650
9168,20651
9168,20652
9169,20653
9169,20654
9169,20655
9170,20656
9170,20657
9170,20658
9170,20659
9171,20660
9171,20661
9171,20662
9171,20663
9172,20664
9172,20665
9173,20666
9173,20667
9173,20668
9174,20669
9174,20670
9175,20671
9176,20672
9177,20673
9177,20674
9178,20675
9178,20676
9178,20677
9179,20678
9179,20679
9179,20680
9179,20681
9180,20682
9180,20683
9181,20684
9181,20685
9181,20686
9182,20687
9182,20688
9182,20689
9183,20690
9183,20691
9183,20692
9184,20693
9184,20694
9184,20695
9185,20696
9186,20697
9186,20698
9186,20699
9186,20700
9186,20701
9187,20702
9187,20703
9187,20704
9188,20705
9189,20706
9189,20707
9190,20708
9190,20709
9190,20710
9190,20711
9191,20712
9192,20713
9192,20714
9192,20715
9193,20716
9193,20717
9193,20718
9194,20719
9194,20720
9194,20721
9195,20722
9195,20723
9196,20724
9196,20725
9197,20726
9197,20727
9197,20728
9198,20729
9198,20730
9198,20731
9199,20732
9199,20733
9199,20734
9199,20735
9200,20736
9200,20737
9201,20738
9201,20739
9201,20740
9201,20741
9202,20742
9203,20743
9203,20744
9203,20745
9204,20746
9204,20747
9205,20748
9205,20749
9206,20750
9207,20751
9207,20752
9207,20753
9208,20754
9209,20755
9210,20756
9211,20757
9212,20758
9212,20759
9213,20760
9213,20761
9214,20762
9214,20763
9214,20764
9215,20765
9215,20766
9215,20767
9216,20768
9216,20769
9217,20770
9217,20771
9218,20772
9219,20773
9219,20774
9220,20775
9220,20776
9220,20777
9221,20778
9222,20779
9222,20780
9223,20781
9223,20782
9223,20783
9223,20784
9224,20785
9225,20786
9225,20787
9225,20788
9225,20789
9225,20790
9226,20791
9226,20792
9227,20793
9228,20794
9228,20795
9229,20796
9229,20797
9229,20798
9229,20799
9230,20800
9230,20801
9231,20802
9231,20803
9232,20804
9233,20805
9234,20806
9234,20807
9234,20808
9234,20809
9234,20810
9235,20811
9236,20812
9236,20813
9236,20814
9237,20815
9237,20816
9237,20817
9237,20818
9237,20819
9238,20820
9238,20821
9238,20822
9239,20823
9239,20824
9239,20825
9240,20826
9240,20827
9240,20828
9241,20829
9241,20830
9241,20831
9242,20832
9243,20833
9243,20834
9244,20835
9244,20836
9244,20837
9245,20838
9245,20839
9246,20840
9247,20841
9248,20842
9248,20843
9248,20844
9249,20845
9249,20846
9249,20847
9249,20848
9249,20849
9250,20850
9251,20851
9251,20852
9252,20853
9252,20854
9253,20855
9253,20856
9253,20857
9254,20858
9254,20859
9254,20860
9255,20861
9255,20862
9255,20863
9256,20864
9256,20865
9257,20866
9257,20867
9257,20868
9258,20869
9258,20870
9258,20871
9258,20872
9258,20873
9259,20874
9259,20875
9260,20876
9260,20877
9261,20878
9261,20879
9261,20880
9262,20881
9263,20882
9263,20883
9263,20884
9264,20885
9265,20886
9266,20887
9267,20888
9267,20889
9268,20890
9268,20891
9269,20892
9269,20893
9270,20894
9270,20895
9271,20896
9271,20897
9272,20898
9272,20899
9272,20900
9272,20901
9273,20902
9273,20903
9273,20904
9274,20905
9274,20906
9274,20907
9274,20908
9274,20909
9275,20910
9275,20911
9276,20912
9276,20913
9277,20914
9278,20915
9278,20916
9279,20917
9279,20918
9280,20919
9280,20920
9281,20921
9281,20922
9282,20923
9283,20924
9283,20925
9283,20926
9284,20927
9284,20928
9284,20929
9285,20930
9285,20931
9286,20932
9286,20933
9286,20934
9287,20935
9287,20936
9287,20937
9288,20938
9288,20939
9289,20940
9289,20941
9290,20942
9290,20943
9290,20944
9291,20945
9291,20946
9292,20947
9292,20948
9292,20949
9293,20950
9293,20951
9294,20952
9294,20953
9294,20954
9295,20955
9295,20956
9295,20957
9295,20958
9296,20959
9296,20960
9296,20961
9297,20962
9297,20963
9297,20964
9297,20965
9298,20966
9299,20967
9300,20968
9301,20969
9301,20970
9302,20971
9302,20972
9302,20973
9302,20974
9302,20975
9303,20976
9304,20977
9304,20978
9304,20979
9304,20980
9304,20981
9305,20982
9305,20983
9305,20984
9305,20985
9305,20986
9306,20987
9306,20988
9306,20989
9306,20990
9307,20991
9307,20992
9307,20993
9308,20994
9308,20995
9308,20996
9308,20997
9309,20998
9309,20999
9309,21000
9310,21001
9310,21002
9311,21003
9311,21004
9311,21005
9312,21006
9313,21007
9313,21008
9313,21009
9313,21010
9313,21011
9314,21012
9314,21013
9314,21014
9315,21015
9315,21016
9316,21017
9316,21018
9316,21019
9316,21020
9317,21021
9317,21022
9317,21023
9318,21024
9318,21025
9318,21026
9319,21027
9319,21028
9319,21029
9320,21030
9320,21031
9320,21032
9320,21033
9320,21034
9321,21035
9321,21036
9321,21037
9321,21038
9321,21039
9322,21040
9322,21041
9323,21042
9323,21043
9324,21044
9324,21045
9324,21046
9324,21047
9324,21048
9324,21049
9325,21050
9326,21051
9326,21052
9327,21053
9327,21054
9327,21055
9327,21056
9327,21057
9328,21058
9328,21059
9328,21060
9328,21061
9329,21062
9329,21063
9330,21064
9330,21065
9330,21066
9331,21067
9332,21068
9332,21069
9333,21070
9333,21071
9334,21072
9334,21073
9334,21074
9335,21075
9336,21076
9336,21077
9336,21078
9337,21079
9337,21080
9338,21081
9339,21082
9339,21083
9339,21084
9339,21085
9339,21086
9340,21087
9341,21088
9341,21089
9342,21090
9342,21091
9342,21092
9343,21093
9343,21094
9343,21095
9343,21096
9344,21097
9344,21098
9345,21099
9345,21100
9346,21101
9347,21102
9348,21103
9348,21104
9349,21105
9349,21106
9349,21107
9350,21108
9350,21109
9351,21110
9351,21111
9351,21112
9351,21113
9352,21114
9352,21115
9352,21116
9353,21117
9353,21118
9353,21119
9354,21120
9354,21121
9355,21122
9355,21123
9356,21124
9356,21125
9356,21126
9357,21127
9357,21128
9357,21129
9358,21130
9359,21131
9359,21132
9359,21133
9360,21134
9360,21135
9361,21136
9361,21137
9361,21138
9362,21139
9362,21140
9363,21141
9363,21142
9364,21143
9364,21144
9365,21145
9365,21146
9365,21147
9366,21148
9366,21149
9366,21150
9367,21151
9368,21152
9368,21153
9368,21154
9369,21155
9369,21156
9369,21157
9370,21158
9371,21159
9371,21160
9371,21161
9371,21162
9372,21163
9372,21164
9373,21165
9374,21166
9375,21167
9376,21168
9376,21169
9376,21170
9376,21171
9377,21172
9377,21173
9378,21174
9378,21175
9378,21176
9379,21177
9379,21178
9379,21179
9379,21180
9379,21181
9380,21182
9380,21183
9380,21184
9381,21185
9381,21186
9381,21187
9381,21188
9382,21189
9382,21190
9383,21191
9383,21192
9383,21193
9384,21194
9384,21195
9384,21196
9385,21197
9385,21198
9385,21199
9386,21200
9386,21201
9386,21202
9386,21203
9387,21204
9387,21205
9387,21206
9387,21207
9388,21208
9388,21209
9389,21210
9390,21211
9390,21212
9391,21213
9391,21214
9392,21215
9392,21216
9392,21217
9392,21218
9393,21219
9393,21220
9393,21221
9393,21222
9393,21223
9393,21224
9394,21225
9394,21226
9394,21227
9395,21228
9395,21229
9395,21230
9395,21231
9396,21232
9396,21233
9396,21234
9397,21235
9398,21236
9399,21237
9399,21238
9399,21239
9399,21240
9400,21241
9400,21242
9401,21243
9401,21244
9401,21245
9402,21246
9402,21247
9402,21248
9402,21249
9403,21250
9403,21251
9403,21252
9403,21253
9404,21254
9404,21255
9404,21256
9405,21257
9405,21258
9405,21259
9406,21260
9406,21261
9407,21262
9407,21263
9408,21264
9408,21265
9409,21266
9409,21267
9409,21268
9410,21269
9411,21270
9411,21271
9411,21272
9412,21273
9413,21274
9414,21275
9414,21276
9414,21277
9415,21278
9415,21279
9416,21280
9416,21281
9416,21282
9417,21283
9417,21284
9417,21285
9418,21286
9418,21287
9419,21288
9419,21289
9419,21290
9420,21291
9420,21292
9420,21293
9420,21294
9420,21295
9421,21296
9421,21297
9421,21298
9421,21299
9421,21300
9422,21301
9422,21302
9422,21303
9423,21304
9423,21305
9424,21306
9424,21307
9424,21308
9425,21309
9425,21310
9425,21311
9425,21312
9426,21313
9426,21314
9427,21315
9427,21316
9427,21317
9427,21318
9428,21319
9428,21320
9428,21321
9428,21322
9429,21323
9429,21324
9429,21325
9429,21326
9430,21327
9431,21328
9432,21329
9432,21330
9432,21331
9432,21332
9432,21333
9433,21334
9433,21335
9433,21336
9434,21337
9435,21338
9436,21339
9436,21340
9437,21341
9437,21342
9437,21343
9438,21344
9438,21345
9438,21346
9439,21347
9440,21348
9440,21349
9441,21350
9441,21351
9441,21352
9441,21353
9442,21354
9442,21355
9442,21356
9443,21357
9444,21358
9444,21359
9444,21360
9445,21361
9445,21362
9445,21363
9446,21364
9446,21365
9446,21366
9447,21367
9447,21368
9447,21369
9447,21370
9448,21371
9448,21372
9448,21373
9449,21374
9449,21375
9449,21376
9450,21377
9450,21378
9451,21379
9451,21380
9451,21381
9452,21382
9453,21383
9453,21384
9454,21385
9454,21386
9455,21387
9455,21388
9455,21389
9456,21390
9456,21391
9456,21392
9457,21393
9457,21394
9458,21395
9458,21396
9459,21397
9459,21398
9459,21399
9460,21400
9460,21401
9460,21402
9461,21403
9461,21404
9462,21405
9462,21406
9462,21407
9463,21408
9463,21409
9463,21410
9463,21411
9464,21412
9464,21413
9464,21414
9464,21415
9464,21416
9465,21417
9465,21418
9465,21419
9465,21420
9466,21421
9466,21422
9466,21423
9467,21424
9467,21425
9467,21426
9468,21427
9469,21428
9470,21429
9470,21430
9471,21431
9471,21432
9471,21433
9472,21434
9473,21435
9474,21436
9474,21437
9474,21438
9475,21439
9475,21440
9475,21441
9476,21442
9476,21443
9477,21444
9477,21445
9477,21446
9477,21447
9478,21448
9478,21449
9478,21450
9478,21451
9478,21452
9479,21453
9480,21454
9480,21455
9480,21456
9480,21457
9481,21458
9481,21459
9481,21460
9482,21461
9483,21462
9483,21463
9483,21464
9483,21465
9484,21466
9484,21467
9484,21468
9485,21469
9486,21470
9486,21471
9486,21472
9487,21473
9487,21474
9488,21475
9488,21476
9488,21477
9488,21478
9488,21479
9489,21480
9490,21481
9490,21482
9490,21483
9490,21484
9491,21485
9491,21486
9491,21487
9492,21488
9493,21489
9494,21490
9494,21491
9494,21492
9494,21493
9494,21494
9494,21495
9495,21496
9495,21497
9495,21498
9496,21499
9496,21500
9496,21501
9497,21502
9497,21503
9497,21504
9497,21505
9498,21506
9498,21507
9498,21508
9498,21509
9498,21510
9499,21511
9500,21512
9500,21513
9500,21514
9501,21515
9502,21516
9502,21517
9502,21518
9503,21519
9504,21520
9505,21521
9505,21522
9506,21523
9506,21524
9507,21525
9508,21526
9508,21527
9508,21528
9508,21529
9509,21530
9509,21531
9510,21532
9510,21533
9510,21534
9510,21535
9511,21536
9511,21537
9512,21538
9512,21539
9512,21540
9513,21541
9513,21542
9514,21543
9514,21544
9514,21545
9515,21546
9515,21547
9515,21548
9516,21549
9516,21550
9516,21551
9517,21552
9517,21553
9517,21554
9518,21555
9518,21556
9518,21557
9519,21558
9519,21559
9519,21560
9520,21561
9520,21562
9520,21563
9521,21564
9521,21565
9521,21566
9521,21567
9522,21568
9523,21569
9523,21570
9523,21571
9524,21572
9524,21573
9524,21574
9525,21575
9525,21576
9525,21577
9526,21578
9527,21579
9527,21580
9528,21581
9529,21582
9529,21583
9530,21584
9531,21585
9532,21586
9532,21587
9532,21588
9532,21589
9533,21590
9534,21591
9534,21592
9534,21593
9535,21594
9535,21595
9536,21596
9536,21597
9536,21598
9536,21599
9537,21600
9537,21601
9537,21602
9538,21603
9538,21604
9538,21605
9539,21606
9539,21607
9539,21608
9540,21609
9541,21610
9541,21611
9541,21612
9542,21613
9542,21614
9542,21615
9543,21616
9543,21617
9543,21618
9544,21619
9544,21620
9544,21621
9545,21622
9545,21623
9545,21624
9545,21625
9545,21626
9546,21627
9546,21628
9546,21629
9547,21630
9547,21631
9547,21632
9547,21633
9548,21634
9548,21635
9549,21636
9550,21637
9551,21638
9551,21639
9551,21640
9552,21641
9552,21642
9552,21643
9552,21644
9552,21645
9553,21646
9553,21647
9554,21648
9554,21649
9554,21650
9555,21651
9555,21652
9555,21653
9555,21654
9555,21655
9556,21656
9556,21657
9557,21658
9557,21659
9557,21660
9558,21661
9558,21662
9559,21663
9559,21664
9560,21665
9561,21666
9562,21667
9563,21668
9563,21669
9563,21670
9563,21671
9564,21672
9564,21673
9564,21674
9564,21675
9564,21676
9564,21677
9565,21678
9565,21679
9565,21680
9566,21681
9566,21682
9566,21683
9566,21684
9566,21685
9567,21686
9567,21687
9567,21688
9567,21689
9568,21690
9568,21691
9569,21692
9569,21693
9569,21694
9570,21695
9570,21696
9570,21697
9570,21698
9571,21699
9571,21700
9572,21701
9572,21702
9572,21703
9573,21704
9573,21705
9573,21706
9574,21707
9574,21708
9574,21709
9574,21710
9575,21711
9576,21712
9576,21713
9577,21714
9577,21715
9577,21716
9578,21717
9578,21718
9578,21719
9579,21720
9579,21721
9579,21722
9579,21723
9579,21724
9580,21725
9581,21726
9581,21727
9581,21728
9581,21729
9582,21730
9582,21731
9582,21732
9582,21733
9583,21734
9583,21735
9583,21736
9584,21737
9585,21738
9585,21739
9585,21740
9585,21741
9585,21742
9586,21743
9586,21744
9586,21745
9587,21746
9587,21747
9587,21748
9588,21749
9589,21750
9589,21751
9589,21752
9589,21753
9590,21754
9590,21755
9590,21756
9591,21757
9591,21758
9591,21759
9592,21760
9592,21761
9592,21762
9592,21763
9592,21764
9592,21765
9593,21766
9593,21767
9593,21768
9594,21769
9594,21770
9595,21771
9595,21772
9595,21773
9595,21774
9595,21775
9595,21776
9596,21777
9596,21778
9596,21779
9597,21780
9597,21781
9597,21782
9598,21783
9598,21784
9599,21785
9599,21786
9599,21787
9600,21788
9600,21789
9601,21790
9601,21791
9602,21792
9602,21793
9603,21794
9603,21795
9603,21796
9603,21797
9603,21798
9604,21799
9604,21800
9605,21801
9605,21802
9605,21803
9605,21804
9606,21805
9607,21806
9607,21807
9607,21808
9608,21809
9608,21810
9609,21811
9609,21812
9609,21813
9609,21814
9610,21815
9610,21816
9610,21817
9611,21818
9611,21819
9611,21820
9612,21821
9613,21822
9614,21823
9614,21824
9614,21825
9615,21826
9615,21827
9615,21828
9616,21829
9616,21830
9617,21831
9617,21832
9618,21833
9619,21834
9619,21835
9619,21836
9619,21837
9619,21838
9620,21839
9620,21840
9620,21841
9621,21842
9622,21843
9622,21844
9622,21845
9623,21846
9624,21847
9625,21848
9625,21849
9625,21850
9625,21851
9626,21852
9626,21853
9627,21854
9627,21855
9628,21856
9628,21857
9628,21858
9628,21859
9629,21860
9629,21861
9629,21862
9630,21863
9630,21864
9630,21865
9631,21866
9632,21867
9632,21868
9632,21869
9633,21870
9633,21871
9633,21872
9633,21873
9634,21874
9634,21875
9635,21876
9636,21877
9636,21878
9636,21879
9637,21880
9637,21881
9637,21882
9637,21883
9637,21884
9638,21885
9639,21886
9639,21887
9640,21888
9640,21889
9640,21890
9641,21891
9642,21892
9642,21893
9642,21894
9642,21895
9642,21896
9643,21897
9643,21898
9643,21899
9643,21900
9644,21901
9644,21902
9644,21903
9645,21904
9645,21905
9645,21906
9646,21907
9646,21908
9646,21909
9647,21910
9647,21911
9647,21912
9647,21913
9648,21914
9648,21915
9649,21916
9649,21917
9649,21918
9650,21919
9650,21920
9651,21921
9651,21922
9651,21923
9652,21924
9652,21925
9652,21926
9653,21927
9653,21928
9653,21929
9654,21930
9654,21931
9654,21932
9655,21933
9656,21934
9656,21935
9656,21936
9656,21937
9657,21938
9657,21939
9658,21940
9658,21941
9658,21942
9658,21943
9659,21944
9659,21945
9660,21946
9660,21947
9660,21948
9660,21949
9661,21950
9661,21951
9661,21952
9661,21953
9662,21954
9662,21955
9662,21956
9662,21957
9663,21958
9663,21959
9664,21960
9665,21961
9665,21962
9665,21963
9666,21964
9667,21965
9667,21966
9668,21967
9668,21968
9669,21969
9669,21970
9669,21971
9670,21972
9670,21973
9670,21974
9671,21975
9671,21976
9672,21977
9672,21978
9673,21979
9673,21980
9673,21981
9673,21982
9674,21983
9674,21984
9675,21985
9675,21986
9675,21987
9675,21988
9676,21989
9676,21990
9676,21991
9676,21992
9676,21993
9677,21994
9677,21995
9677,21996
9678,21997
9679,21998
9679,21999
9680,22000
9680,22001
9680,22002
9681,22003
9681,22004
9682,22005
9683,22006
9683,22007
9683,22008
9684,22009
9685,22010
9685,22011
9685,22012
9686,22013
9687,22014
9687,22015
9688,22016
9689,22017
9689,22018
9690,22019
9690,22020
9690,22021
9691,22022
9691,22023
9691,22024
9692,22025
9693,22026
9693,22027
9693,22028
9694,22029
9694,22030
9695,22031
9695,22032
9695,22033
9696,22034
9696,22035
9696,22036
9696,22037
9697,22038
9697,22039
9697,22040
9698,22041
9698,22042
9699,22043
9699,22044
9699,22045
9700,22046
9700,22047
9700,22048
9700,22049
9701,22050
9701,22051
9701,22052
9702,22053
9702,22054
9702,22055
9703,22056
9703,22057
9704,22058
9704,22059
9704,22060
9704,22061
9705,22062
9705,22063
9706,22064
9706,22065
9706,22066
9707,22067
9707,22068
9708,22069
9708,22070
9708,22071
9709,22072
9709,22073
9709,22074
9710,22075
9710,22076
9711,22077
9711,22078
9711,22079
9711,22080
9712,22081
9712,22082
9713,22083
9713,22084
9714,22085
9714,22086
9714,22087
9714,22088
9715,22089
9715,22090
9716,22091
9716,22092
9716,22093
9717,22094
9717,22095
9717,22096
9718,22097
9719,22098
9719,22099
9719,22100
9720,22101
9720,22102
9721,22103
9721,22104
9721,22105
9721,22106
9722,22107
9723,22108
9723,22109
9723,22110
9724,22111
9725,22112
9725,22113
9725,22114
9725,22115
9726,22116
9726,22117
9727,22118
9727,22119
9727,22120
9728,22121
9728,22122
9728,22123
9729,22124
9730,22125
9730,22126
9730,22127
9731,22128
9731,22129
9731,22130
9731,22131
9732,22132
9732,22133
9732,22134
9733,22135
9733,22136
9733,22137
9734,22138
9734,22139
9734,22140
9734,22141
9735,22142
9735,22143
9735,22144
9735,22145
9735,22146
9736,22147
9737,22148
9737,22149
9738,22150
9739,22151
9739,22152
9739,22153
9739,22154
9740,22155
9740,22156
9741,22157
9741,22158
9741,22159
9742,22160
9742,22161
9742,22162
9743,22163
9743,22164
9743,22165
9744,22166
9744,22167
9744,22168
9744,22169
9745,22170
9745,22171
9745,22172
9745,22173
9745,22174
9745,22175
9746,22176
9746,22177
9747,22178
9747,22179
9748,22180
9748,22181
9749,22182
9749,22183
9749,22184
9749,22185
9749,22186
9750,22187
9750,22188
9751,22189
9751,22190
9751,22191
9752,22192
9753,22193
9754,22194
9754,22195
9754,22196
9754,22197
9755,22198
9755,22199
9756,22200
9756,22201
9757,22202
9757,22203
9758,22204
9758,22205
9759,22206
9759,22207
9759,22208
9760,22209
9760,22210
9760,22211
9761,22212
9761,22213
9762,22214
9762,22215
9762,22216
9763,22217
9763,22218
9763,22219
9764,22220
9764,22221
9764,22222
9765,22223
9765,22224
9766,22225
9766,22226
9766,22227
9767,22228
9767,22229
9768,22230
9769,22231
9770,22232
9770,22233
9771,22234
9771,22235
9771,22236
9771,22237
9772,22238
9772,22239
9773,22240
9774,22241
9774,22242
9774,22243
9774,22244
9775,22245
9775,22246
9776,22247
9776,22248
9776,22249
9777,22250
9777,22251
9777,22252
9777,22253
9778,22254
9779,22255
9779,22256
9779,22257
9780,22258
9780,22259
9780,22260
9780,22261
9781,22262
9781,22263
9781,22264
9782,22265
9782,22266
9783,22267
9783,22268
9783,22269
9784,22270
9784,22271
9785,22272
9785,22273
9785,22274
9786,22275
9786,22276
9786,22277
9787,22278
9788,22279
9788,22280
9788,22281
9789,22282
9789,22283
9789,22284
9789,22285
9790,22286
9790,22287
9790,22288
9791,22289
9791,22290
9791,22291
9791,22292
9792,22293
9792,22294
9793,22295
9793,22296
9793,22297
9793,22298
9793,22299
9794,22300
9794,22301
9795,22302
9795,22303
9795,22304
9795,22305
9796,22306
9796,22307
9797,22308
9797,22309
9797,22310
9798,22311
9798,22312
9798,22313
9798,22314
9799,22315
9799,22316
9799,22317
9800,22318
9800,22319
9801,22320
9801,22321
9802,22322
9802,22323
9802,22324
9802,22325
9802,22326
9803,22327
9803,22328
9804,22329
9804,22330
9804,22331
9805,22332
9805,22333
9805,22334
9806,22335
9806,22336
9806,22337
9806,22338
9807,22339
9807,22340
9808,22341
9808,22342
9808,22343
9809,22344
9809,22345
9809,22346
9809,22347
9809,22348
9810,22349
9810,22350
9811,22351
9812,22352
9812,22353
9812,22354
9812,22355
9813,22356
9813,22357
9814,22358
9814,22359
9814,22360
9815,22361
9816,22362
9816,22363
9817,22364
9817,22365
9818,22366
9818,22367
9818,22368
9819,22369
9819,22370
9819,22371
9819,22372
9819,22373
9820,22374
9820,22375
9820,22376
9821,22377
9821,22378
9821,22379
9822,22380
9823,22381
9823,22382
9823,22383
9824,22384
9824,22385
9825,22386
9826,22387
9826,22388
9826,22389
9827,22390
9827,22391
9828,22392
9828,22393
9829,22394
9829,22395
9829,22396
9829,22397
9830,22398
9830,22399
9831,22400
9831,22401
9831,22402
9832,22403
9833,22404
9833,22405
9833,22406
9833,22407
9834,22408
9834,22409
9834,22410
9835,22411
9835,22412
9835,22413
9835,22414
9836,22415
9836,22416
9837,22417
9837,22418
9838,22419
9839,22420
9840,22421
9840,22422
9841,22423
9841,22424
9841,22425
9841,22426
9841,22427
9842,22428
9842,22429
9843,22430
9843,22431
9843,22432
9843,22433
9844,22434
9845,22435
9845,22436
9845,22437
9846,22438
9846,22439
9846,22440
9846,22441
9846,22442
9847,22443
9847,22444
9848,22445
9849,22446
9849,22447
9849,22448
9849,22449
9849,22450
9850,22451
9850,22452
9850,22453
9851,22454
9851,22455
9851,22456
9851,22457
9851,22458
9852,22459
9852,22460
9852,22461
9852,22462
9853,22463
9854,22464
9854,22465
9854,22466
9855,22467
9855,22468
9855,22469
9855,22470
9855,22471
9855,22472
9856,22473
9857,22474
9857,22475
9858,22476
9859,22477
9859,22478
9860,22479
9861,22480
9862,22481
9862,22482
9862,22483
9863,22484
9863,22485
9863,22486
9863,22487
9864,22488
9864,22489
9864,22490
9865,22491
9865,22492
9865,22493
9865,22494
9865,22495
9866,22496
9866,22497
9866,22498
9866,22499
9867,22500
9867,22501
9868,22502
9868,22503
9868,22504
9868,22505
9869,22506
9869,22507
9869,22508
9869,22509
9870,22510
9870,22511
9871,22512
9871,22513
9871,22514
9872,22515
9872,22516
9872,22517
9873,22518
9873,22519
9874,22520
9874,22521
9875,22522
9875,22523
9875,22524
9876,22525
9876,22526
9877,22527
9877,22528
9877,22529
9878,22530
9878,22531
9878,22532
9878,22533
9878,22534
9879,22535
9879,22536
9879,22537
9880,22538
9880,22539
9881,22540
9881,22541
9882,22542
9882,22543
9883,22544
9883,22545
9883,22546
9883,22547
9884,22548
9884,22549
9885,22550
9885,22551
9885,22552
9885,22553
9886,22554
9886,22555
9887,22556
9887,22557
9887,22558
9888,22559
9888,22560
9889,22561
9889,22562
9889,22563
9890,22564
9890,22565
9890,22566
9891,22567
9891,22568
9891,22569
9891,22570
9892,22571
9892,22572
9892,22573
9893,22574
9893,22575
9894,22576
9894,22577
9894,22578
9895,22579
9895,22580
9896,22581
9896,22582
9896,22583
9897,22584
9897,22585
9897,22586
9898,22587
9898,22588
9899,22589
9899,22590
9900,22591
9901,22592
9901,22593
9901,22594
9901,22595
9902,22596
9902,22597
9902,22598
9902,22599
9903,22600
9903,22601
9903,22602
9904,22603
9904,22604
9905,22605
9905,22606
9905,22607
9905,22608
9906,22609
9907,22610
9907,22611
9908,22612
9908,22613
9908,22614
9909,22615
9909,22616
9909,22617
9910,22618
9911,22619
9912,22620
9912,22621
9913,22622
9913,22623
9913,22624
9914,22625
9914,22626
9914,22627
9914,22628
9914,22629
9915,22630
9915,22631
9916,22632
9916,22633
9916,22634
9916,22635
9917,22636
9917,22637
9917,22638
9917,22639
9917,22640
9918,22641
9918,22642
9918,22643
9918,22644
9919,22645
9919,22646
9919,22647
9920,22648
9920,22649
9920,22650
9920,22651
9921,22652
9921,22653
9921,22654
9922,22655
9923,22656
9923,22657
9924,22658
9925,22659
9925,22660
9925,22661
9926,22662
9927,22663
9927,22664
9927,22665
9928,22666
9928,22667
9929,22668
9930,22669
9930,22670
9931,22671
9931,22672
9932,22673
9932,22674
9932,22675
9933,22676
9934,22677
9934,22678
9934,22679
9934,22680
9935,22681
9935,22682
9936,22683
9937,22684
9938,22685
9938,22686
9938,22687
9938,22688
9939,22689
9939,22690
9940,22691
9940,22692
9940,22693
9941,22694
9941,22695
9941,22696
9941,22697
9942,22698
9942,22699
9943,22700
9943,22701
9944,22702
9944,22703
9944,22704
9944,22705
9945,22706
9945,22707
9946,22708
9946,22709
9947,22710
9947,22711
9947,22712
9947,22713
9947,22714
9948,22715
9949,22716
9949,22717
9949,22718
9949,22719
9949,22720
9949,22721
9950,22722
9950,22723
9950,22724
9951,22725
9951,22726
9951,22727
9952,22728
9952,22729
9952,22730
9953,22731
9953,22732
9953,22733
9954,22734
9954,22735
9954,22736
9955,22737
9955,22738
9956,22739
9956,22740
9956,22741
9956,22742
9957,22743
9958,22744
9958,22745
9958,22746
9958,22747
9959,22748
9960,22749
9961,22750
9961,22751
9961,22752
9961,22753
9962,22754
9963,22755
9963,22756
9963,22757
9963,22758
9964,22759
9964,22760
9964,22761
9965,22762
9965,22763
9966,22764
9967,22765
9967,22766
9967,22767
9967,22768
9968,22769
9968,22770
9969,22771
9969,22772
9970,22773
9970,22774
9970,22775
9971,22776
9971,22777
9972,22778
9972,22779
9972,22780
9973,22781
9973,22782
9973,22783
9974,22784
9974,22785
9974,22786
9974,22787
9975,22788
9975,22789
9975,22790
9975,22791
9975,22792
9975,22793
9976,22794
9976,22795
9977,22796
9978,22797
9978,22798
9979,22799
9979,22800
9979,22801
9980,22802
9980,22803
9980,22804
9980,22805
9981,22806
9981,22807
9981,22808
9981,22809
9982,22810
9983,22811
9983,22812
9983,22813
9984,22814
9985,22815
9986,22816
9986,22817
9986,22818
9986,22819
9986,22820
9986,22821
9987,22822
9987,22823
9988,22824
9988,22825
9989,22826
9990,22827
9990,22828
9990,22829
9990,22830
9990,22831
9991,22832
9991,22833
9992,22834
9992,22835
9992,22836
9993,22837
9994,22838
9994,22839
9995,22840
9995,22841
9995,22842
9996,22843
9996,22844
9996,22845
9997,22846
9998,22847
9998,22848
9998,22849
9998,22850
9999,22851
9999,22852
